#VRML V2.0 utf8
DEF TXFM_1 Transform {
  center 0 0 0
  rotation 0 0 1 0
  scale 1 1 1
  scaleOrientation 0 0 1 0
  translation 0 0 0
 children [
DEF TXFM_2 Transform {
  center 0 0 0
  rotation 0 0 1 0
  scale 1 1 1
  scaleOrientation 0 0 1 0
  translation 0 0 0
 children [
DEF TXFM_3 Transform {
  center 0 0 0
  rotation 0 0 1 0
  scale 1 1 1
  scaleOrientation 0 0 1 0
  translation 0 0 0
 children [
DEF TXFM_4 Transform {
  center 0 0 0
  rotation 0 0 1 0
  scale 1 1 1
  scaleOrientation 0 0 1 0
  translation 0 0 0
 children [
DEF SHAPE_1 Shape {
 appearance DEF APP_1 Appearance {
  material Material {
   ambientIntensity 0.83333337
   diffuseColor 0.12 0.12 0.12
   emissiveColor 0 0 0
   shininess 0.1
   specularColor 0.12 0.12 0.12
   transparency 0
} }
 geometry DEF FACE_1 IndexedFaceSet {
  coord DEF COORD_1 Coordinate { point [
  -1.0629921 3.2677165 -0.53149606,-1.0629921 2.0669291 -0.53149606,
  -1.0629921 3.2677165 -1.5944882,-1.0629921 -1.1023622 -1.5944882,
  -1.0629921 -1.1023622 -0.25590551,-1.0629921 3.2677165 -0.25590551,
  -1.0629921 3.2677165 -0.37401575,-1.0629921 2.0669291 -0.37401575] }
 coordIndex [
  1,4,3,-1,2,1,3,-1,7,4,1,-1,0,1,2,-1,5,7,6,-1,4,7,5,-1]
  normalPerVertex TRUE
  normal DEF NORM_1 Normal { vector [
  1 0 0,1 0 0,
  1 0 0,1 0 0,
  1 0 0,1 0 0,
  1 0 0,1 0 0] }
}
}
DEF SHAPE_2 Shape {
 appearance USE APP_1
 geometry DEF FACE_2 IndexedFaceSet {
  coord DEF COORD_2 Coordinate { point [
  1.0629921 3.2677165 -0.53149606,1.7716535 3.2677165 -0.53149606,
  1.0629921 3.2677165 -1.5944882,1.3681102 3.2677165 -1.5944882,
  1.3681102 3.2677165 -1.7125984,0.59055118 3.2677165 -1.7125984,
  0.59055118 3.2677165 -2.1062992,1.5748031 3.2677165 -2.1062992,
  1.6257518 3.2677165 -2.0995917,1.6732283 3.2677165 -2.0799263,
  1.7139974 3.2677165 -2.0486431,1.7452806 3.2677165 -2.007874,
  1.764946 3.2677165 -1.9603974,1.7716535 3.2677165 -1.9094488] }
 coordIndex [
  3,0,1,-1,3,2,0,-1,7,6,4,-1,13,4,3,-1,13,3,1,-1,13,7,4,-1,11,8,7,-1,11,13,12,-1,
  11,7,13,-1,10,9,8,-1,10,8,11,-1,4,6,5,-1]
  normalPerVertex TRUE
  normal DEF NORM_2 Normal { vector [
  0 1 0,0 1 0,
  0 1 0,0 1 0,
  0 1 0,0 1 0,
  0 1 0,0 1 0,
  0 1 0,0 1 0,
  0 1 0,0 1 0,
  0 1 0,0 1 0] }
}
}
DEF SHAPE_3 Shape {
 appearance USE APP_1
 geometry DEF FACE_3 IndexedFaceSet {
  coord DEF COORD_3 Coordinate { point [
  -0.59055118 3.2677165 -1.7125984,-0.59055118 3.2677165 -2.1062992,
  -1.3681102 3.2677165 -1.7125984,-1.3681102 3.2677165 -1.5944882,
  -1.0629921 3.2677165 -1.5944882,-1.0629921 3.2677165 -0.53149606,
  -1.3976378 3.2677165 -0.53149606,-1.3976378 3.2677165 -0.37401575,
  -1.0629921 3.2677165 -0.37401575,-1.0629921 3.2677165 -0.25590551,
  -0.94488189 3.2677165 -0.25590551,-0.94488189 3.2677165 -0.37401575,
  0.94488189 3.2677165 -0.37401575,0.94488189 3.2677165 -0.25590551,
  1.0629921 3.2677165 -0.25590551,1.0629921 3.2677165 -0.37401575,
  1.7716535 3.2677165 -0.37401575,1.7716535 3.2677165 0.47244094,
  1.515748 3.2677165 0.47244094,1.4641002 3.2677165 0.8647454,
  1.3126763 3.2677165 1.230315,1.0717957 3.2677165 1.5442367,
  0.75787402 3.2677165 1.7851172,0.39230446 3.2677165 1.9365411,
  0 3.2677165 1.988189,-0.39230446 3.2677165 1.9365411,
  -0.75787402 3.2677165 1.7851172,-1.0717957 3.2677165 1.5442367,
  -1.3126763 3.2677165 1.230315,-1.4641002 3.2677165 0.8647454,
  -1.515748 3.2677165 0.47244094,-1.7716535 3.2677165 0.47244094,
  -1.7716535 3.2677165 -1.9094488,-1.764946 3.2677165 -1.9603974,
  -1.7452806 3.2677165 -2.007874,-1.7139974 3.2677165 -2.0486431,
  -1.6732283 3.2677165 -2.0799263,-1.6257518 3.2677165 -2.0995917,
  -1.5748031 3.2677165 -2.1062992,0 3.2677165 0.059055118,
  0.10189726 3.2677165 0.072470147,0.19685039 3.2677165 0.11180102,
  0.2783885 3.2677165 0.17436741,0.34095488 3.2677165 0.25590551,
  0.38028576 3.2677165 0.35085864,0.39370079 3.2677165 0.45275591,
  0.38028576 3.2677165 0.55465317,0.34095488 3.2677165 0.6496063,
  0.2783885 3.2677165 0.7311444,0.19685039 3.2677165 0.79371079,
  0.10189726 3.2677165 0.83304166,0 3.2677165 0.84645669,
  -0.10189726 3.2677165 0.83304166,-0.19685039 3.2677165 0.79371079,
  -0.2783885 3.2677165 0.7311444,-0.34095488 3.2677165 0.6496063,
  -0.38028576 3.2677165 0.55465317,-0.39370079 3.2677165 0.45275591,
  -0.38028576 3.2677165 0.35085864,-0.34095488 3.2677165 0.25590551,
  -0.2783885 3.2677165 0.17436741,-0.19685039 3.2677165 0.11180102,
  -0.10189726 3.2677165 0.072470147] }
 coordIndex [
  7,31,30,-1,54,28,27,-1,55,29,28,-1,55,28,54,-1,53,27,26,-1,53,54,27,-1,52,26,25,-1,52,53,26,-1,
  56,30,29,-1,56,29,55,-1,6,31,7,-1,57,30,56,-1,51,24,23,-1,51,25,24,-1,51,52,25,-1,9,7,30,-1,
  58,30,57,-1,50,23,22,-1,50,51,23,-1,8,7,9,-1,10,30,58,-1,10,9,30,-1,59,10,58,-1,49,50,22,-1,
  21,49,22,-1,60,10,59,-1,48,49,21,-1,61,11,10,-1,61,10,60,-1,62,11,61,-1,39,11,62,-1,20,48,21,-1,
  20,47,48,-1,32,31,6,-1,3,6,5,-1,3,32,6,-1,35,34,33,-1,2,32,3,-1,37,36,35,-1,37,35,33,-1,
  38,33,32,-1,38,37,33,-1,38,32,2,-1,4,3,5,-1,19,46,47,-1,19,47,20,-1,18,44,45,-1,18,45,46,-1,
  18,46,19,-1,13,44,18,-1,13,41,42,-1,13,42,43,-1,13,43,44,-1,12,41,13,-1,12,39,40,-1,12,40,41,-1,
  14,13,18,-1,1,38,2,-1,16,15,14,-1,16,18,17,-1,16,14,18,-1,0,1,2,-1,11,39,12,-1]
  normalPerVertex TRUE
  normal DEF NORM_3 Normal { vector [
  0 1 0,0 1 0,
  0 1 0,0 1 0,
  0 1 0,0 1 0,
  0 1 0,0 1 0,
  0 1 0,0 1 0,
  0 1 0,0 1 0,
  0 1 0,0 1 0,
  0 1 0,0 1 0,
  0 1 0,0 1 0,
  0 1 0,0 1 0,
  0 1 0,0 1 0,
  0 1 0,0 1 0,
  0 1 0,0 1 0,
  0 1 0,0 1 0,
  0 1 0,0 1 0,
  0 1 0,0 1 0,
  0 1 0,0 1 0,
  0 1 0,0 1 0,
  0 1 0,0 1 0,
  0 1 0,0 1 0,
  0 1 0,0 1 0,
  0 1 0,0 1 0,
  0 1 0,0 1 0,
  0 1 0,0 1 0,
  0 1 0,0 1 0,
  0 1 0,0 1 0,
  0 1 0,0 1 0,
  0 1 0,0 1 0,
  0 1 0,0 1 0,
  0 1 0,0 1 0,
  0 1 0,0 1 0,
  0 1 0] }
}
}
DEF SHAPE_4 Shape {
 appearance USE APP_1
 geometry DEF FACE_4 IndexedFaceSet {
  coord DEF COORD_4 Coordinate { point [
  1.5748031 -1.1811024 -2.1062992,-1.5748031 -1.1811024 -2.1062992,
  -1.5748031 3.2677165 -2.1062992,-0.59055118 3.2677165 -2.1062992,
  -0.59055118 1.6338583 -2.1062992,0.59055118 1.6338583 -2.1062992,
  0.59055118 3.2677165 -2.1062992,1.5748031 3.2677165 -2.1062992] }
 coordIndex [
  7,0,5,-1,4,0,1,-1,4,5,0,-1,6,7,5,-1,2,3,4,-1,2,4,1,-1]
  normalPerVertex TRUE
  normal DEF NORM_4 Normal { vector [
  0 0 -1,0 0 -1,
  0 0 -1,0 0 -1,
  0 0 -1,0 0 -1,
  0 0 -1,0 0 -1] }
}
}
DEF SHAPE_5 Shape {
 appearance USE APP_1
 geometry DEF FACE_5 IndexedFaceSet {
  coord DEF COORD_5 Coordinate { point [
  1.3681102 3.2677165 -1.7125984,0.59055118 3.2677165 -1.7125984,
  1.3681102 -1.1023622 -1.7125984,-1.3681102 -1.1023622 -1.7125984,
  -1.3681102 3.2677165 -1.7125984,-0.59055118 3.2677165 -1.7125984,
  -0.59055118 1.6338583 -1.7125984,0.59055118 1.6338583 -1.7125984] }
 coordIndex [
  0,7,2,-1,6,3,2,-1,6,2,7,-1,1,7,0,-1,4,6,5,-1,4,3,6,-1]
  normalPerVertex TRUE
  normal DEF NORM_5 Normal { vector [
  0 0 1,0 0 1,
  0 0 1,0 0 1,
  0 0 1,0 0 1,
  0 0 1,0 0 1] }
}
}
DEF SHAPE_6 Shape {
 appearance USE APP_1
 geometry DEF FACE_6 IndexedFaceSet {
  coord DEF COORD_6 Coordinate { point [
  0.94488189 2.4015748 -0.37401575,0.94488189 3.2677165 -0.37401575,
  -0.94488189 2.4015748 -0.37401575,-0.94488189 3.2677165 -0.37401575] }
 coordIndex [
  3,1,0,-1,3,0,2,-1]
  normalPerVertex TRUE
  normal DEF NORM_6 Normal { vector [
  0 0 -1,0 0 -1,
  0 0 -1,0 0 -1] }
}
}
DEF SHAPE_7 Shape {
 appearance USE APP_1
 geometry DEF FACE_7 IndexedFaceSet {
  coord DEF COORD_7 Coordinate { point [
  -1.0629921 2.0669291 -0.37401575,-1.0629921 3.2677165 -0.37401575,
  -1.3976378 2.0669291 -0.37401575,-1.3976378 3.2677165 -0.37401575] }
 coordIndex [
  3,1,0,-1,3,0,2,-1]
  normalPerVertex TRUE
  normal DEF NORM_7 Normal { vector [
  0 0 -1,0 0 -1,
  0 0 -1,0 0 -1] }
}
}
DEF SHAPE_8 Shape {
 appearance USE APP_1
 geometry DEF FACE_8 IndexedFaceSet {
  coord DEF COORD_8 Coordinate { point [
  1.0629921 2.3228346 -0.53149606,1.0629921 3.2677165 -0.53149606,
  1.7716535 2.3228346 -0.53149606,1.7716535 3.2677165 -0.53149606] }
 coordIndex [
  3,1,0,-1,3,0,2,-1]
  normalPerVertex TRUE
  normal DEF NORM_8 Normal { vector [
  0 0 1,0 0 1,
  0 0 1,0 0 1] }
}
}
DEF SHAPE_9 Shape {
 appearance USE APP_1
 geometry DEF FACE_9 IndexedFaceSet {
  coord DEF COORD_9 Coordinate { point [
  -0.94488189 2.4015748 -0.25590551,-0.94488189 2.4015748 -0.37401575,
  -1.0416344 2.4015748 -0.25590551,-1.1867429 2.4015748 0.029855865,
  -1.2550512 2.4015748 0.34298527,-1.2421387 2.4015748 0.6632185,
  -1.1488411 2.4015748 0.96983161,-0.98119607 2.4015748 1.2429821,
  -0.75005281 2.4015748 1.464993,-0.47036979 2.4015748 1.6214969,
  -0.16024672 2.4015748 1.7023655,0.16024672 2.4015748 1.7023655,
  0.47036979 2.4015748 1.6214969,0.75005281 2.4015748 1.464993,
  0.98119607 2.4015748 1.2429821,1.1488411 2.4015748 0.96983161,
  1.2421387 2.4015748 0.6632185,1.2550512 2.4015748 0.34298527,
  1.1867429 2.4015748 0.029855865,1.0416344 2.4015748 -0.25590551,
  0.94488189 2.4015748 -0.25590551,0.94488189 2.4015748 -0.37401575,
  0.62992126 2.4015748 0.45275591,0.60845721 2.4015748 0.28972029,
  0.54552781 2.4015748 0.13779528,0.44542159 2.4015748 0.0073343111,
  0.31496063 2.4015748 -0.092771908,0.16303562 2.4015748 -0.15570131,
  0 2.4015748 -0.17716535,-0.16303562 2.4015748 -0.15570131,
  -0.31496063 2.4015748 -0.092771908,-0.44542159 2.4015748 0.0073343111,
  -0.54552781 2.4015748 0.13779528,-0.60845721 2.4015748 0.28972029,
  -0.62992126 2.4015748 0.45275591,-0.60845721 2.4015748 0.61579152,
  -0.54552781 2.4015748 0.76771654,-0.44542159 2.4015748 0.8981775,
  -0.31496063 2.4015748 0.99828372,-0.16303562 2.4015748 1.0612131,
  0 2.4015748 1.0826772,0.16303562 2.4015748 1.0612131,
  0.31496063 2.4015748 0.99828372,0.44542159 2.4015748 0.8981775,
  0.54552781 2.4015748 0.76771654,0.60845721 2.4015748 0.61579152] }
 coordIndex [
  3,2,0,-1,31,0,1,-1,32,3,0,-1,32,0,31,-1,30,31,1,-1,33,4,3,-1,33,3,32,-1,29,30,1,-1,
  34,5,4,-1,34,4,33,-1,28,29,1,-1,35,6,5,-1,35,5,34,-1,36,6,35,-1,7,6,36,-1,37,7,36,-1,
  21,25,26,-1,21,26,27,-1,21,27,28,-1,21,28,1,-1,20,24,25,-1,20,25,21,-1,8,37,38,-1,8,7,37,-1,
  9,38,39,-1,9,8,38,-1,18,20,19,-1,18,23,24,-1,18,24,20,-1,10,9,39,-1,10,39,40,-1,17,22,23,-1,
  17,23,18,-1,11,10,40,-1,11,40,41,-1,16,45,22,-1,16,22,17,-1,12,11,41,-1,12,41,42,-1,15,45,16,-1,
  15,44,45,-1,13,12,42,-1,13,42,43,-1,14,44,15,-1,14,13,43,-1,14,43,44,-1]
  normalPerVertex TRUE
  normal DEF NORM_9 Normal { vector [
  0 -1 0,0 -1 0,
  0 -1 0,0 -1 0,
  0 -1 0,0 -1 0,
  0 -1 0,0 -1 0,
  0 -1 0,0 -1 0,
  0 -1 0,0 -1 0,
  0 -1 0,0 -1 0,
  0 -1 0,0 -1 0,
  0 -1 0,0 -1 0,
  0 -1 0,0 -1 0,
  0 -1 0,0 -1 0,
  0 -1 0,0 -1 0,
  0 -1 0,0 -1 0,
  0 -1 0,0 -1 0,
  0 -1 0,0 -1 0,
  0 -1 0,0 -1 0,
  0 -1 0,0 -1 0,
  0 -1 0,0 -1 0,
  0 -1 0,0 -1 0,
  0 -1 0,0 -1 0,
  0 -1 0,0 -1 0,
  0 -1 0,0 -1 0,
  0 -1 0,0 -1 0] }
}
}
DEF SHAPE_10 Shape {
 appearance USE APP_1
 geometry DEF FACE_10 IndexedFaceSet {
  coord DEF COORD_10 Coordinate { point [
  1.7716535 -1.1811024 1.9094488,1.7716535 -1.1811024 -1.9094488,
  1.7716535 3.2677165 -1.9094488,1.7716535 3.2677165 -0.53149606,
  1.7716535 2.3228346 -0.53149606,1.7716535 2.3228346 -0.37401575,
  1.7716535 3.2677165 -0.37401575,1.7716535 3.2677165 0.47244094,
  1.7716535 0 0.47244094,1.7716535 0 1.9094488] }
 coordIndex [
  8,9,0,-1,1,8,0,-1,4,5,8,-1,4,8,1,-1,6,7,5,-1,2,3,4,-1,2,4,1,-1,7,8,5,-1]
  normalPerVertex TRUE
  normal DEF NORM_10 Normal { vector [
  1 0 0,1 0 0,
  1 0 0,1 0 0,
  1 0 0,1 0 0,
  1 0 0,1 0 0,
  1 0 0,1 0 0] }
}
}
DEF SHAPE_11 Shape {
 appearance USE APP_1
 geometry DEF FACE_11 IndexedFaceSet {
  coord DEF COORD_11 Coordinate { point [
  -1.0416344 2.4015748 -0.25590551,-1.1867429 2.4015748 0.029855865,
  -1.2550512 2.4015748 0.34298527,-1.2421387 2.4015748 0.6632185,
  -1.1488411 2.4015748 0.96983161,-0.98119607 2.4015748 1.2429821,
  -0.75005281 2.4015748 1.464993,-0.47036979 2.4015748 1.6214969,
  -0.16024672 2.4015748 1.7023655,0.16024672 2.4015748 1.7023655,
  0.47036979 2.4015748 1.6214969,0.75005281 2.4015748 1.464993,
  0.98119607 2.4015748 1.2429821,1.1488411 2.4015748 0.96983161,
  1.2421387 2.4015748 0.6632185,1.2550512 2.4015748 0.34298527,
  1.1867429 2.4015748 0.029855865,1.0416344 2.4015748 -0.25590551,
  -1.0416344 -1.1023622 -0.25590551,-1.0416344 -1.3779528 -0.25590551,
  -1.1842632 -1.3779528 0.022960875,-1.2536895 -1.3779528 0.32839409,
  -1.2456217 -1.3779528 0.64151446,-1.1605585 -1.3779528 0.94296713,
  -1.003758 -1.3779528 1.2141185,-0.78491245 -1.3779528 1.4382079,
  -0.51754924 -1.3779528 1.6013838,-0.21819487 -1.3779528 1.6935597,
  0.094646742 -1.3779528 1.7090382,0.40163797 -1.3779528 1.6468623,
  0.68380284 -1.3779528 1.5108754,0.92369994 -1.3779528 1.3094832,
  1.1065006 -1.3779528 1.0551342,1.2209053 -1.3779528 0.76355061,
  1.2598425 -1.3779528 0.45275591,1.2192879 -1.3779528 0.13567523,
  1.100235 -1.3779528 -0.16099166,0.91034851 -1.3779528 -0.41814521,
  0.66185337 -1.3779528 -0.61922977,0.37074783 -1.3779528 -0.75129942,
  0.055773369 -1.3779528 -0.80585146,-0.2627918 -1.3779528 -0.77937381,
  -0.56443832 -1.3779528 -0.67357111,-0.82974605 -1.3779528 -0.49525499,
  -1.0416344 -1.3779528 -0.25590551,-1.0416344 -1.1023622 -0.25590551,
  -0.84019056 -1.1023622 -0.48601084,-0.58923738 -1.1023622 -0.66079808,
  -0.30356261 -1.1023622 -0.76996766,0 -1.1023622 -0.80708661,
  0.30356261 -1.1023622 -0.76996766,0.58923738 -1.1023622 -0.66079808,
  0.84019056 -1.1023622 -0.48601084,1.0416344 -1.1023622 -0.25590551] }
 coordIndex [
  46,45,44,-1,43,46,44,-1,47,46,43,-1,42,47,43,-1,48,47,42,-1,41,48,42,-1,49,48,41,-1,40,49,41,-1,
  50,49,40,-1,39,50,40,-1,51,50,39,-1,38,51,39,-1,52,51,38,-1,37,52,38,-1,53,16,17,-1,53,52,37,-1,
  36,16,53,-1,36,53,37,-1,35,15,16,-1,35,16,36,-1,34,15,35,-1,34,14,15,-1,33,14,34,-1,33,13,14,-1,
  32,13,33,-1,32,12,13,-1,31,11,12,-1,31,12,32,-1,30,11,31,-1,30,10,11,-1,29,10,30,-1,29,9,10,-1,
  28,8,9,-1,28,9,29,-1,27,7,8,-1,27,8,28,-1,26,6,7,-1,26,7,27,-1,25,5,6,-1,25,6,26,-1,
  24,4,5,-1,24,5,25,-1,23,3,4,-1,23,4,24,-1,22,2,3,-1,22,3,23,-1,21,1,2,-1,21,2,22,-1,
  20,1,21,-1,18,0,1,-1,18,1,20,-1,19,18,20,-1]
  normalPerVertex TRUE
  normal DEF NORM_11 Normal { vector [
  0.89162938 0 0.45276599,0.94180189 -0.00012504528 0.33616837,
  0.9987521 -0.00024046657 0.049941717,0.97942512 -0.00031409213 -0.20180765,
  0.89765866 -0.00038382342 -0.44069126,0.7586656 -0.0004496612 -0.65148009,
  0.57130705 -0.00051160622 -0.82073625,0.34752739 -0.00056965914 -0.93766966,
  0.10159282 -0.00062382061 -0.99482587,-0.15081815 -0.00067409124 -0.98856129,
  -0.3936142 -0.00072047158 -0.91927545,-0.611317 -0.00076296213 -0.79138546,
  -0.79004799 -0.00080156338 -0.61304447,-0.91841312 -0.00083627574 -0.39562185,
  -0.98822916 -0.00086709959 -0.15297837,-0.99494249 -0.00082584965 0.10044279,
  -0.93062156 -0.00074912507 0.36598217,-0.89162938 0 0.45276599,
  0.89097768 -0.00012188233 0.45404709,0.89030896 0 0.45535696,
  0.9384985 -5.4348913e-06 0.34528332,0.99045365 7.1020039e-05 0.13784616,
  0.99362724 0.00014210175 -0.112716,0.93440941 0.00020951995 -0.35620081,
  0.81651836 0.00027327544 -0.5773194,0.64735653 0.00033336897 -0.76218725,
  0.4375458 0.00038980124 -0.89919604,0.2002605 0.00044257291 -0.97974259,
  -0.049599753 0.00049168461 -0.99876905,-0.29634569 0.0005371369 -0.95508059,
  -0.52448355 0.00057893033 -0.85142038,-0.71968796 0.00061706538 -0.69429739,
  -0.86970148 0.0006515425 -0.49357767,-0.96510431 0.0006823621 -0.26186487,
  -0.99992877 0.00074597524 -0.011912408,-0.97107253 0.00080750872 0.23878335,
  -0.906325 0.0016525024 0.42257811,-0.73239161 0.012499178 0.6807689,
  -0.54051652 0.011608336 0.84125331,-0.31481113 0.010518988 0.94909605,
  -0.069398388 0.0092310745 0.99754632,0.18036437 0.0077445293 0.98356938,
  0.41884618 0.0060592824 0.90803698,0.63112059 0.004175262 0.7756735,
  0.75054177 0.0031393616 0.66081555,0.75241194 0 0.65869285,
  0.69619405 0.00018380706 0.71785361,0.49941196 -0.0015783286 0.86636321,
  0.27227538 -0.0031638465 0.96221417,0.028591145 -0.0045728096 0.99958073,
  -0.21682867 -0.0058052795 0.97619241,-0.44906709 -0.0068613143 0.89347169,
  -0.65400893 -0.007740967 0.75644722,-0.87362045 -0.001407431 0.48660592] }
}
}
DEF SHAPE_12 Shape {
 appearance USE APP_1
 geometry DEF FACE_12 IndexedFaceSet {
  coord DEF COORD_12 Coordinate { point [
  0.62992126 2.5590551 0.45275591,0.60845721 2.5590551 0.28972029,
  0.54552781 2.5590551 0.13779528,0.44542159 2.5590551 0.0073343111,
  0.31496063 2.5590551 -0.092771908,0.16303562 2.5590551 -0.15570131,
  0 2.5590551 -0.17716535,-0.16303562 2.5590551 -0.15570131,
  -0.31496063 2.5590551 -0.092771908,-0.44542159 2.5590551 0.0073343111,
  -0.54552781 2.5590551 0.13779528,-0.60845721 2.5590551 0.28972029,
  -0.62992126 2.5590551 0.45275591,-0.60845721 2.5590551 0.61579152,
  -0.54552781 2.5590551 0.76771654,-0.44542159 2.5590551 0.8981775,
  -0.31496063 2.5590551 0.99828372,-0.16303562 2.5590551 1.0612131,
  0 2.5590551 1.0826772,0.16303562 2.5590551 1.0612131,
  0.31496063 2.5590551 0.99828372,0.44542159 2.5590551 0.8981775,
  0.54552781 2.5590551 0.76771654,0.60845721 2.5590551 0.61579152,
  0 2.5590551 0.059055118,-0.10189726 2.5590551 0.072470147,
  -0.19685039 2.5590551 0.11180102,-0.2783885 2.5590551 0.17436741,
  -0.34095488 2.5590551 0.25590551,-0.38028576 2.5590551 0.35085864,
  -0.39370079 2.5590551 0.45275591,-0.38028576 2.5590551 0.55465317,
  -0.34095488 2.5590551 0.6496063,-0.2783885 2.5590551 0.7311444,
  -0.19685039 2.5590551 0.79371079,-0.10189726 2.5590551 0.83304166,
  0 2.5590551 0.84645669,0.10189726 2.5590551 0.83304166,
  0.19685039 2.5590551 0.79371079,0.2783885 2.5590551 0.7311444,
  0.34095488 2.5590551 0.6496063,0.38028576 2.5590551 0.55465317,
  0.39370079 2.5590551 0.45275591,0.38028576 2.5590551 0.35085864,
  0.34095488 2.5590551 0.25590551,0.2783885 2.5590551 0.17436741,
  0.19685039 2.5590551 0.11180102,0.10189726 2.5590551 0.072470147] }
 coordIndex [
  28,10,9,-1,28,9,27,-1,26,9,8,-1,26,27,9,-1,29,11,10,-1,29,10,28,-1,25,8,7,-1,25,26,8,-1,
  30,12,11,-1,30,11,29,-1,24,7,6,-1,24,25,7,-1,31,13,12,-1,31,12,30,-1,47,6,5,-1,47,24,6,-1,
  32,14,13,-1,32,13,31,-1,46,5,4,-1,46,47,5,-1,45,4,3,-1,45,46,4,-1,15,32,33,-1,15,14,32,-1,
  34,15,33,-1,44,45,3,-1,16,15,34,-1,2,44,3,-1,17,34,35,-1,17,16,34,-1,1,44,2,-1,1,43,44,-1,
  18,17,35,-1,18,35,36,-1,0,43,1,-1,0,41,42,-1,0,42,43,-1,19,18,36,-1,19,36,37,-1,19,37,38,-1,
  23,41,0,-1,20,19,38,-1,22,41,23,-1,22,40,41,-1,21,20,38,-1,21,38,39,-1,21,39,40,-1,21,40,22,-1]
  normalPerVertex TRUE
  normal DEF NORM_12 Normal { vector [
  0 -1 0,0 -1 0,
  0 -1 0,0 -1 0,
  0 -1 0,0 -1 0,
  0 -1 0,0 -1 0,
  0 -1 0,0 -1 0,
  0 -1 0,0 -1 0,
  0 -1 0,0 -1 0,
  0 -1 0,0 -1 0,
  0 -1 0,0 -1 0,
  0 -1 0,0 -1 0,
  0 -1 0,0 -1 0,
  0 -1 0,0 -1 0,
  0 -1 0,0 -1 0,
  0 -1 0,0 -1 0,
  0 -1 0,0 -1 0,
  0 -1 0,0 -1 0,
  0 -1 0,0 -1 0,
  0 -1 0,0 -1 0,
  0 -1 0,0 -1 0,
  0 -1 0,0 -1 0,
  0 -1 0,0 -1 0,
  0 -1 0,0 -1 0,
  0 -1 0,0 -1 0,
  0 -1 0,0 -1 0] }
}
}
DEF SHAPE_13 Shape {
 appearance USE APP_1
 geometry DEF FACE_13 IndexedFaceSet {
  coord DEF COORD_13 Coordinate { point [
  -1.5748031 -1.3779528 1.9094488,1.5748031 -1.3779528 1.9094488,
  1.5748031 -1.3779528 -1.9094488,-1.5748031 -1.3779528 -1.9094488,
  -1.0416344 -1.3779528 -0.25590551,-1.1842632 -1.3779528 0.022960875,
  -1.2536895 -1.3779528 0.32839409,-1.2456217 -1.3779528 0.64151446,
  -1.1605585 -1.3779528 0.94296713,-1.003758 -1.3779528 1.2141185,
  -0.78491245 -1.3779528 1.4382079,-0.51754924 -1.3779528 1.6013838,
  -0.21819487 -1.3779528 1.6935597,0.094646742 -1.3779528 1.7090382,
  0.40163797 -1.3779528 1.6468623,0.68380284 -1.3779528 1.5108754,
  0.92369994 -1.3779528 1.3094832,1.1065006 -1.3779528 1.0551342,
  1.2209053 -1.3779528 0.76355061,1.2598425 -1.3779528 0.45275591,
  1.2192879 -1.3779528 0.13567523,1.100235 -1.3779528 -0.16099166,
  0.91034851 -1.3779528 -0.41814521,0.66185337 -1.3779528 -0.61922977,
  0.37074783 -1.3779528 -0.75129942,0.055773369 -1.3779528 -0.80585146,
  -0.2627918 -1.3779528 -0.77937381,-0.56443832 -1.3779528 -0.67357111,
  -0.82974605 -1.3779528 -0.49525499] }
 coordIndex [
  4,3,28,-1,27,28,3,-1,5,3,4,-1,26,27,3,-1,6,3,5,-1,25,26,3,-1,2,24,25,-1,2,25,3,-1,
  23,24,2,-1,0,6,7,-1,0,7,8,-1,0,8,9,-1,0,3,6,-1,22,23,2,-1,10,0,9,-1,21,22,2,-1,
  11,0,10,-1,20,21,2,-1,12,0,11,-1,13,0,12,-1,1,13,14,-1,1,14,15,-1,1,15,16,-1,1,16,17,-1,
  1,17,18,-1,1,18,19,-1,0,13,1,-1,1,19,2,-1,19,20,2,-1]
  normalPerVertex TRUE
  normal DEF NORM_13 Normal { vector [
  0 -1 0,0 -1 0,
  0 -1 0,0 -1 0,
  0 -1 0,0 -1 0,
  0 -1 0,0 -1 0,
  0 -1 0,0 -1 0,
  0 -1 0,0 -1 0,
  0 -1 0,0 -1 0,
  0 -1 0,0 -1 0,
  0 -1 0,0 -1 0,
  0 -1 0,0 -1 0,
  0 -1 0,0 -1 0,
  0 -1 0,0 -1 0,
  0 -1 0,0 -1 0,
  0 -1 0,0 -1 0,
  0 -1 0] }
}
}
DEF SHAPE_14 Shape {
 appearance USE APP_1
 geometry DEF FACE_14 IndexedFaceSet {
  coord DEF COORD_14 Coordinate { point [
  -1.7716535 0 0.47244094,-1.7716535 0 1.9094488,
  -1.764946 0 1.9603974,-1.7452806 0 2.007874,
  -1.7139974 0 2.0486431,-1.6732283 0 2.0799263,
  -1.6257518 0 2.0995917,-1.5748031 0 2.1062992,
  1.5748031 0 2.1062992,1.6257518 0 2.0995917,
  1.6732283 0 2.0799263,1.7139974 0 2.0486431,
  1.7452806 0 2.007874,1.764946 0 1.9603974,
  1.7716535 0 1.9094488,1.7716535 0 0.47244094,
  1.515748 0 0.47244094,1.4641002 0 0.8647454,
  1.3126763 0 1.230315,1.0717957 0 1.5442367,
  0.75787402 0 1.7851172,0.39230446 0 1.9365411,
  0 0 1.988189,-0.39230446 0 1.9365411,
  -0.75787402 0 1.7851172,-1.0717957 0 1.5442367,
  -1.3126763 0 1.230315,-1.4641002 0 0.8647454,
  -1.515748 0 0.47244094] }
 coordIndex [
  27,28,0,-1,1,26,27,-1,1,27,0,-1,4,2,3,-1,25,26,1,-1,6,4,5,-1,7,1,2,-1,7,2,4,-1,
  7,4,6,-1,7,25,1,-1,24,25,7,-1,23,24,7,-1,22,23,7,-1,17,15,16,-1,8,19,20,-1,8,20,21,-1,
  8,21,22,-1,14,17,18,-1,14,18,19,-1,14,15,17,-1,14,19,8,-1,10,8,9,-1,11,12,13,-1,11,13,14,-1,
  11,14,8,-1,11,8,10,-1,7,8,22,-1]
  normalPerVertex TRUE
  normal DEF NORM_14 Normal { vector [
  0 1 0,0 1 0,
  0 1 0,0 1 0,
  0 1 0,0 1 0,
  0 1 0,0 1 0,
  0 1 0,0 1 0,
  0 1 0,0 1 0,
  0 1 0,0 1 0,
  0 1 0,0 1 0,
  0 1 0,0 1 0,
  0 1 0,0 1 0,
  0 1 0,0 1 0,
  0 1 0,0 1 0,
  0 1 0,0 1 0,
  0 1 0,0 1 0,
  0 1 0] }
}
}
DEF SHAPE_15 Shape {
 appearance USE APP_1
 geometry DEF FACE_15 IndexedFaceSet {
  coord DEF COORD_15 Coordinate { point [
  -1.7716535 3.2677165 0.47244094,-1.7716535 3.2677165 -1.9094488,
  -1.7716535 -1.1811024 -1.9094488,-1.7716535 -1.1811024 1.9094488,
  -1.7716535 0 1.9094488,-1.7716535 0 0.47244094] }
 coordIndex [
  3,5,2,-1,1,2,5,-1,4,5,3,-1,0,1,5,-1]
  normalPerVertex TRUE
  normal DEF NORM_15 Normal { vector [
  -1 0 0,-1 0 0,
  -1 0 0,-1 0 0,
  -1 0 0,-1 0 0] }
}
}
DEF SHAPE_16 Shape {
 appearance USE APP_1
 geometry DEF FACE_16 IndexedFaceSet {
  coord DEF COORD_16 Coordinate { point [
  -1.5748031 0 2.1062992,1.5748031 0 2.1062992,
  -1.5748031 -1.1811024 2.1062992,1.5748031 -1.1811024 2.1062992] }
 coordIndex [
  1,0,2,-1,1,2,3,-1]
  normalPerVertex TRUE
  normal DEF NORM_16 Normal { vector [
  0 0 1,0 0 1,
  0 0 1,0 0 1] }
}
}
DEF SHAPE_17 Shape {
 appearance USE APP_1
 geometry DEF FACE_17 IndexedFaceSet {
  coord DEF COORD_17 Coordinate { point [
  1.7716535 0 0.47244094,1.515748 0 0.47244094,
  1.7716535 3.2677165 0.47244094,1.515748 3.2677165 0.47244094] }
 coordIndex [
  3,1,0,-1,2,3,0,-1]
  normalPerVertex TRUE
  normal DEF NORM_17 Normal { vector [
  0 0 1,0 0 1,
  0 0 1,0 0 1] }
}
}
DEF SHAPE_18 Shape {
 appearance USE APP_1
 geometry DEF FACE_18 IndexedFaceSet {
  coord DEF COORD_18 Coordinate { point [
  1.515748 0 0.47244094,1.4641002 0 0.8647454,
  1.3126763 0 1.230315,1.0717957 0 1.5442367,
  0.75787402 0 1.7851172,0.39230446 0 1.9365411,
  0 0 1.988189,-0.39230446 0 1.9365411,
  -0.75787402 0 1.7851172,-1.0717957 0 1.5442367,
  -1.3126763 0 1.230315,-1.4641002 0 0.8647454,
  -1.515748 0 0.47244094,1.515748 3.2677165 0.47244094,
  1.4641002 3.2677165 0.8647454,1.3126763 3.2677165 1.230315,
  1.0717957 3.2677165 1.5442367,0.75787402 3.2677165 1.7851172,
  0.39230446 3.2677165 1.9365411,0 3.2677165 1.988189,
  -0.39230446 3.2677165 1.9365411,-0.75787402 3.2677165 1.7851172,
  -1.0717957 3.2677165 1.5442367,-1.3126763 3.2677165 1.230315,
  -1.4641002 3.2677165 0.8647454,-1.515748 3.2677165 0.47244094] }
 coordIndex [
  1,0,13,-1,1,13,14,-1,2,14,15,-1,2,1,14,-1,3,15,16,-1,3,16,17,-1,3,2,15,-1,4,17,18,-1,
  4,3,17,-1,5,4,18,-1,6,18,19,-1,6,5,18,-1,7,19,20,-1,7,20,21,-1,7,6,19,-1,8,7,21,-1,
  9,21,22,-1,9,22,23,-1,9,8,21,-1,10,9,23,-1,11,23,24,-1,11,10,23,-1,12,24,25,-1,12,11,24,-1]
  normalPerVertex TRUE
  normal DEF NORM_18 Normal { vector [
  0.99144486 0 0.13052619,0.9763442 0 0.21622209,
  0.88711369 0 0.46155098,0.70710678 0 0.70710678,
  0.46155098 0 0.88711369,0.25881905 0 0.96592583,
  0.04384197 0 0.99903848,-0.25881905 0 0.96592583,
  -0.5 0 0.8660254,-0.70710678 0 0.70710678,
  -0.8660254 0 0.5,-0.95364993 0 0.30091828,
  -0.99144486 0 0.13052619,0.99144486 0 0.13052619,
  0.95364993 0 0.30091828,0.84327172 0 0.5374875,
  0.70710678 0 0.70710678,0.5374875 0 0.84327172,
  0.25881905 0 0.96592583,-0.04384197 0 0.99903848,
  -0.25881905 0 0.96592583,-0.5 0 0.8660254,
  -0.70710678 0 0.70710678,-0.8660254 0 0.5,
  -0.9763442 0 0.21622209,-0.99144486 0 0.13052619] }
}
}
DEF SHAPE_19 Shape {
 appearance USE APP_1
 geometry DEF FACE_19 IndexedFaceSet {
  coord DEF COORD_19 Coordinate { point [
  -1.515748 0 0.47244094,-1.7716535 0 0.47244094,
  -1.515748 3.2677165 0.47244094,-1.7716535 3.2677165 0.47244094] }
 coordIndex [
  3,1,0,-1,2,3,0,-1]
  normalPerVertex TRUE
  normal DEF NORM_19 Normal { vector [
  0 0 1,0 0 1,
  0 0 1,0 0 1] }
}
}
DEF SHAPE_20 Shape {
 appearance USE APP_1
 geometry DEF FACE_20 IndexedFaceSet {
  coord DEF COORD_20 Coordinate { point [
  0.62992126 2.5590551 0.45275591,0.60845721 2.5590551 0.28972029,
  0.54552781 2.5590551 0.13779528,0.44542159 2.5590551 0.0073343111,
  0.31496063 2.5590551 -0.092771908,0.16303562 2.5590551 -0.15570131,
  0 2.5590551 -0.17716535,-0.16303562 2.5590551 -0.15570131,
  -0.31496063 2.5590551 -0.092771908,-0.44542159 2.5590551 0.0073343111,
  -0.54552781 2.5590551 0.13779528,-0.60845721 2.5590551 0.28972029,
  -0.62992126 2.5590551 0.45275591,-0.60845721 2.5590551 0.61579152,
  -0.54552781 2.5590551 0.76771654,-0.44542159 2.5590551 0.8981775,
  -0.31496063 2.5590551 0.99828372,-0.16303562 2.5590551 1.0612131,
  0 2.5590551 1.0826772,0.16303562 2.5590551 1.0612131,
  0.31496063 2.5590551 0.99828372,0.44542159 2.5590551 0.8981775,
  0.54552781 2.5590551 0.76771654,0.60845721 2.5590551 0.61579152,
  0.62992126 2.5590551 0.45275591,0.62992126 2.4015748 0.45275591,
  0.60845721 2.4015748 0.28972029,0.54552781 2.4015748 0.13779528,
  0.44542159 2.4015748 0.0073343111,0.31496063 2.4015748 -0.092771908,
  0.16303562 2.4015748 -0.15570131,0 2.4015748 -0.17716535,
  -0.16303562 2.4015748 -0.15570131,-0.31496063 2.4015748 -0.092771908,
  -0.44542159 2.4015748 0.0073343111,-0.54552781 2.4015748 0.13779528,
  -0.60845721 2.4015748 0.28972029,-0.62992126 2.4015748 0.45275591,
  -0.60845721 2.4015748 0.61579152,-0.54552781 2.4015748 0.76771654,
  -0.44542159 2.4015748 0.8981775,-0.31496063 2.4015748 0.99828372,
  -0.16303562 2.4015748 1.0612131,0 2.4015748 1.0826772,
  0.16303562 2.4015748 1.0612131,0.31496063 2.4015748 0.99828372,
  0.44542159 2.4015748 0.8981775,0.54552781 2.4015748 0.76771654,
  0.60845721 2.4015748 0.61579152,0.62992126 2.4015748 0.45275591] }
 coordIndex [
  48,23,24,-1,48,24,49,-1,47,22,23,-1,47,23,48,-1,46,21,22,-1,46,22,47,-1,45,20,21,-1,45,21,46,-1,
  44,19,20,-1,44,20,45,-1,43,18,19,-1,43,19,44,-1,42,17,18,-1,42,18,43,-1,41,16,17,-1,41,17,42,-1,
  40,14,15,-1,40,15,16,-1,40,16,41,-1,39,14,40,-1,38,12,13,-1,38,13,14,-1,38,14,39,-1,37,12,38,-1,
  36,12,37,-1,36,11,12,-1,35,10,11,-1,35,11,36,-1,34,9,10,-1,34,10,35,-1,33,8,9,-1,33,9,34,-1,
  32,6,7,-1,32,7,8,-1,32,8,33,-1,31,6,32,-1,30,4,5,-1,30,5,6,-1,30,6,31,-1,29,4,30,-1,
  28,3,4,-1,28,4,29,-1,27,2,3,-1,27,3,28,-1,26,1,2,-1,26,2,27,-1,25,0,1,-1,25,1,26,-1]
  normalPerVertex TRUE
  normal DEF NORM_20 Normal { vector [
  -0.99144486 0 0.13052619,-0.9763442 0 0.21622209,
  -0.88711369 0 0.46155098,-0.73742784 0 0.67542593,
  -0.5 0 0.8660254,-0.25881905 0 0.96592583,
  0 0 1,0.25881905 0 0.96592583,
  0.46155098 0 0.88711369,0.67542593 0 0.73742784,
  0.84327172 0 0.5374875,0.95364993 0 0.30091828,
  1 0 0,0.96592583 0 -0.25881905,
  0.8660254 0 -0.5,0.70710678 0 -0.70710678,
  0.5374875 0 -0.84327172,0.30091828 0 -0.95364993,
  0.04384197 0 -0.99903848,-0.21622209 0 -0.9763442,
  -0.46155098 0 -0.88711369,-0.67542593 0 -0.73742784,
  -0.84327172 0 -0.5374875,-0.95364993 0 -0.30091828,
  -0.99144486 0 -0.13052619,-0.99144486 0 0.13052619,
  -0.95364993 0 0.30091828,-0.84327172 0 0.5374875,
  -0.67542593 0 0.73742784,-0.5 0 0.8660254,
  -0.25881905 0 0.96592583,0 0 1,
  0.25881905 0 0.96592583,0.5374875 0 0.84327172,
  0.73742784 0 0.67542593,0.88711369 0 0.46155098,
  0.9763442 0 0.21622209,1 0 0,
  0.96592583 0 -0.25881905,0.8660254 0 -0.5,
  0.70710678 0 -0.70710678,0.46155098 0 -0.88711369,
  0.21622209 0 -0.9763442,-0.04384197 0 -0.99903848,
  -0.30091828 0 -0.95364993,-0.5374875 0 -0.84327172,
  -0.73742784 0 -0.67542593,-0.88711369 0 -0.46155098,
  -0.9763442 0 -0.21622209,-0.99144486 0 -0.13052619] }
}
}
DEF SHAPE_21 Shape {
 appearance USE APP_1
 geometry DEF FACE_21 IndexedFaceSet {
  coord DEF COORD_21 Coordinate { point [
  0 3.2677165 0.059055118,0.10189726 3.2677165 0.072470147,
  0.19685039 3.2677165 0.11180102,0.2783885 3.2677165 0.17436741,
  0.34095488 3.2677165 0.25590551,0.38028576 3.2677165 0.35085864,
  0.39370079 3.2677165 0.45275591,0.38028576 3.2677165 0.55465317,
  0.34095488 3.2677165 0.6496063,0.2783885 3.2677165 0.7311444,
  0.19685039 3.2677165 0.79371079,0.10189726 3.2677165 0.83304166,
  0 3.2677165 0.84645669,-0.10189726 3.2677165 0.83304166,
  -0.19685039 3.2677165 0.79371079,-0.2783885 3.2677165 0.7311444,
  -0.34095488 3.2677165 0.6496063,-0.38028576 3.2677165 0.55465317,
  -0.39370079 3.2677165 0.45275591,-0.38028576 3.2677165 0.35085864,
  -0.34095488 3.2677165 0.25590551,-0.2783885 3.2677165 0.17436741,
  -0.19685039 3.2677165 0.11180102,-0.10189726 3.2677165 0.072470147,
  0 3.2677165 0.059055118,0 2.5590551 0.059055118,
  -0.10189726 2.5590551 0.072470147,-0.19685039 2.5590551 0.11180102,
  -0.2783885 2.5590551 0.17436741,-0.34095488 2.5590551 0.25590551,
  -0.38028576 2.5590551 0.35085864,-0.39370079 2.5590551 0.45275591,
  -0.38028576 2.5590551 0.55465317,-0.34095488 2.5590551 0.6496063,
  -0.2783885 2.5590551 0.7311444,-0.19685039 2.5590551 0.79371079,
  -0.10189726 2.5590551 0.83304166,0 2.5590551 0.84645669,
  0.10189726 2.5590551 0.83304166,0.19685039 2.5590551 0.79371079,
  0.2783885 2.5590551 0.7311444,0.34095488 2.5590551 0.6496063,
  0.38028576 2.5590551 0.55465317,0.39370079 2.5590551 0.45275591,
  0.38028576 2.5590551 0.35085864,0.34095488 2.5590551 0.25590551,
  0.2783885 2.5590551 0.17436741,0.19685039 2.5590551 0.11180102,
  0.10189726 2.5590551 0.072470147,0 2.5590551 0.059055118] }
 coordIndex [
  48,1,0,-1,48,0,49,-1,47,2,1,-1,47,1,48,-1,46,3,2,-1,46,2,47,-1,45,4,3,-1,45,3,46,-1,
  44,5,4,-1,44,4,45,-1,43,6,5,-1,43,7,6,-1,43,5,44,-1,42,8,7,-1,42,7,43,-1,41,8,42,-1,
  40,9,8,-1,40,10,9,-1,40,8,41,-1,39,10,40,-1,38,11,10,-1,38,10,39,-1,37,11,38,-1,37,12,11,-1,
  36,12,37,-1,36,13,12,-1,35,13,36,-1,35,14,13,-1,34,15,14,-1,34,14,35,-1,33,16,15,-1,33,15,34,-1,
  32,17,16,-1,32,16,33,-1,31,18,17,-1,31,19,18,-1,31,17,32,-1,30,19,31,-1,29,20,19,-1,29,21,20,-1,
  29,19,30,-1,28,21,29,-1,27,22,21,-1,27,21,28,-1,26,23,22,-1,26,24,23,-1,26,22,27,-1,25,24,26,-1]
  normalPerVertex TRUE
  normal DEF NORM_21 Normal { vector [
  -0.13052619 0 0.99144486,-0.30091828 0 0.95364993,
  -0.5374875 0 0.84327172,-0.73742784 0 0.67542593,
  -0.88711369 0 0.46155098,-0.9763442 0 0.21622209,
  -1 0 0,-0.9763442 0 -0.21622209,
  -0.8660254 0 -0.5,-0.70710678 0 -0.70710678,
  -0.5 0 -0.8660254,-0.21622209 0 -0.9763442,
  0.04384197 0 -0.99903848,0.30091828 0 -0.95364993,
  0.5374875 0 -0.84327172,0.73742784 0 -0.67542593,
  0.88711369 0 -0.46155098,0.9763442 0 -0.21622209,
  1 0 0,0.96592583 0 0.25881905,
  0.8660254 0 0.5,0.70710678 0 0.70710678,
  0.46155098 0 0.88711369,0.25881905 0 0.96592583,
  0.13052619 0 0.99144486,0.13052619 0 0.99144486,
  0.25881905 0 0.96592583,0.5374875 0 0.84327172,
  0.70710678 0 0.70710678,0.8660254 0 0.5,
  0.96592583 0 0.25881905,1 0 0,
  0.95364993 0 -0.30091828,0.84327172 0 -0.5374875,
  0.67542593 0 -0.73742784,0.46155098 0 -0.88711369,
  0.21622209 0 -0.9763442,-0.04384197 0 -0.99903848,
  -0.30091828 0 -0.95364993,-0.5 0 -0.8660254,
  -0.70710678 0 -0.70710678,-0.8660254 0 -0.5,
  -0.95364993 0 -0.30091828,-1 0 0,
  -0.95364993 0 0.30091828,-0.84327172 0 0.5374875,
  -0.67542593 0 0.73742784,-0.46155098 0 0.88711369,
  -0.21622209 0 0.9763442,-0.13052619 0 0.99144486] }
}
}
DEF SHAPE_22 Shape {
 appearance USE APP_1
 geometry DEF FACE_22 IndexedFaceSet {
  coord DEF COORD_22 Coordinate { point [
  1.7716535 2.3228346 -0.53149606,1.7716535 2.3228346 -0.37401575,
  1.0629921 2.3228346 -0.37401575,1.0629921 2.3228346 -0.53149606] }
 coordIndex [
  1,3,2,-1,0,3,1,-1]
  normalPerVertex TRUE
  normal DEF NORM_22 Normal { vector [
  0 1 0,0 1 0,
  0 1 0,0 1 0] }
}
}
DEF SHAPE_23 Shape {
 appearance USE APP_1
 geometry DEF FACE_23 IndexedFaceSet {
  coord DEF COORD_23 Coordinate { point [
  1.0629921 3.2677165 -0.37401575,1.0629921 2.3228346 -0.37401575,
  1.7716535 3.2677165 -0.37401575,1.7716535 2.3228346 -0.37401575] }
 coordIndex [
  0,2,3,-1,0,3,1,-1]
  normalPerVertex TRUE
  normal DEF NORM_23 Normal { vector [
  0 0 -1,0 0 -1,
  0 0 -1,0 0 -1] }
}
}
DEF SHAPE_24 Shape {
 appearance USE APP_1
 geometry DEF FACE_24 IndexedFaceSet {
  coord DEF COORD_24 Coordinate { point [
  -1.3976378 3.2677165 -0.37401575,-1.3976378 3.2677165 -0.53149606,
  -1.3976378 2.0669291 -0.37401575,-1.3976378 2.0669291 -0.53149606] }
 coordIndex [
  1,0,2,-1,1,2,3,-1]
  normalPerVertex TRUE
  normal DEF NORM_24 Normal { vector [
  1 0 0,1 0 0,
  1 0 0,1 0 0] }
}
}
DEF SHAPE_25 Shape {
 appearance USE APP_1
 geometry DEF FACE_25 IndexedFaceSet {
  coord DEF COORD_25 Coordinate { point [
  -1.0629921 3.2677165 -0.53149606,-1.0629921 2.0669291 -0.53149606,
  -1.3976378 3.2677165 -0.53149606,-1.3976378 2.0669291 -0.53149606] }
 coordIndex [
  0,2,3,-1,0,3,1,-1]
  normalPerVertex TRUE
  normal DEF NORM_25 Normal { vector [
  0 0 1,0 0 1,
  0 0 1,0 0 1] }
}
}
DEF SHAPE_26 Shape {
 appearance USE APP_1
 geometry DEF FACE_26 IndexedFaceSet {
  coord DEF COORD_26 Coordinate { point [
  0.94488189 2.4015748 -0.25590551,1.0416344 2.4015748 -0.25590551,
  1.0416344 -1.1023622 -0.25590551,1.0629921 -1.1023622 -0.25590551,
  1.0629921 3.2677165 -0.25590551,0.94488189 3.2677165 -0.25590551] }
 coordIndex [
  1,3,2,-1,5,1,0,-1,4,1,5,-1,3,1,4,-1]
  normalPerVertex TRUE
  normal DEF NORM_26 Normal { vector [
  0 0 -1,0 0 -1,
  0 0 -1,0 0 -1,
  0 0 -1,0 0 -1] }
}
}
DEF SHAPE_27 Shape {
 appearance USE APP_1
 geometry DEF FACE_27 IndexedFaceSet {
  coord DEF COORD_27 Coordinate { point [
  -1.0416344 2.4015748 -0.25590551,-0.94488189 2.4015748 -0.25590551,
  -0.94488189 3.2677165 -0.25590551,-1.0629921 3.2677165 -0.25590551,
  -1.0629921 -1.1023622 -0.25590551,-1.0416344 -1.1023622 -0.25590551] }
 coordIndex [
  0,5,4,-1,2,1,0,-1,2,0,3,-1,3,0,4,-1]
  normalPerVertex TRUE
  normal DEF NORM_27 Normal { vector [
  0 0 -1,0 0 -1,
  0 0 -1,0 0 -1,
  0 0 -1,0 0 -1] }
}
}
DEF SHAPE_28 Shape {
 appearance USE APP_1
 geometry DEF FACE_28 IndexedFaceSet {
  coord DEF COORD_28 Coordinate { point [
  0.94488189 2.4015748 -0.37401575,0.94488189 2.4015748 -0.25590551,
  0.94488189 3.2677165 -0.25590551,0.94488189 3.2677165 -0.37401575] }
 coordIndex [
  2,1,0,-1,2,0,3,-1]
  normalPerVertex TRUE
  normal DEF NORM_28 Normal { vector [
  1 0 0,1 0 0,
  1 0 0,1 0 0] }
}
}
DEF SHAPE_29 Shape {
 appearance USE APP_1
 geometry DEF FACE_29 IndexedFaceSet {
  coord DEF COORD_29 Coordinate { point [
  -0.94488189 2.4015748 -0.25590551,-0.94488189 2.4015748 -0.37401575,
  -0.94488189 3.2677165 -0.37401575,-0.94488189 3.2677165 -0.25590551] }
 coordIndex [
  2,1,0,-1,2,0,3,-1]
  normalPerVertex TRUE
  normal DEF NORM_29 Normal { vector [
  -1 0 0,-1 0 0,
  -1 0 0,-1 0 0] }
}
}
DEF SHAPE_30 Shape {
 appearance USE APP_1
 geometry DEF FACE_30 IndexedFaceSet {
  coord DEF COORD_30 Coordinate { point [
  1.0629921 3.2677165 -0.25590551,1.0629921 3.2677165 -0.37401575,
  1.0629921 -1.1023622 -0.25590551,1.0629921 -1.1023622 -1.5944882,
  1.0629921 3.2677165 -1.5944882,1.0629921 3.2677165 -0.53149606,
  1.0629921 2.3228346 -0.53149606,1.0629921 2.3228346 -0.37401575] }
 coordIndex [
  6,3,2,-1,6,2,7,-1,1,7,0,-1,4,6,5,-1,4,3,6,-1,0,7,2,-1]
  normalPerVertex TRUE
  normal DEF NORM_30 Normal { vector [
  -1 0 0,-1 0 0,
  -1 0 0,-1 0 0,
  -1 0 0,-1 0 0,
  -1 0 0,-1 0 0] }
}
}
DEF SHAPE_31 Shape {
 appearance USE APP_1
 geometry DEF FACE_31 IndexedFaceSet {
  coord DEF COORD_31 Coordinate { point [
  1.0629921 -1.1023622 -1.5944882,1.0629921 3.2677165 -1.5944882,
  1.3681102 -1.1023622 -1.5944882,1.3681102 3.2677165 -1.5944882] }
 coordIndex [
  1,2,0,-1,3,2,1,-1]
  normalPerVertex TRUE
  normal DEF NORM_31 Normal { vector [
  0 0 -1,0 0 -1,
  0 0 -1,0 0 -1] }
}
}
DEF SHAPE_32 Shape {
 appearance USE APP_1
 geometry DEF FACE_32 IndexedFaceSet {
  coord DEF COORD_32 Coordinate { point [
  1.3681102 -1.1023622 -1.5944882,1.3681102 3.2677165 -1.5944882,
  1.3681102 -1.1023622 -1.7125984,1.3681102 3.2677165 -1.7125984] }
 coordIndex [
  3,0,1,-1,3,2,0,-1]
  normalPerVertex TRUE
  normal DEF NORM_32 Normal { vector [
  -1 0 0,-1 0 0,
  -1 0 0,-1 0 0] }
}
}
DEF SHAPE_33 Shape {
 appearance USE APP_1
 geometry DEF FACE_33 IndexedFaceSet {
  coord DEF COORD_33 Coordinate { point [
  -1.3681102 -1.1023622 -1.7125984,-1.3681102 3.2677165 -1.7125984,
  -1.3681102 -1.1023622 -1.5944882,-1.3681102 3.2677165 -1.5944882] }
 coordIndex [
  3,0,1,-1,3,2,0,-1]
  normalPerVertex TRUE
  normal DEF NORM_33 Normal { vector [
  1 0 0,1 0 0,
  1 0 0,1 0 0] }
}
}
DEF SHAPE_34 Shape {
 appearance USE APP_1
 geometry DEF FACE_34 IndexedFaceSet {
  coord DEF COORD_34 Coordinate { point [
  -1.3681102 -1.1023622 -1.5944882,-1.3681102 3.2677165 -1.5944882,
  -1.0629921 -1.1023622 -1.5944882,-1.0629921 3.2677165 -1.5944882] }
 coordIndex [
  1,2,0,-1,3,2,1,-1]
  normalPerVertex TRUE
  normal DEF NORM_34 Normal { vector [
  0 0 -1,0 0 -1,
  0 0 -1,0 0 -1] }
}
}
DEF SHAPE_35 Shape {
 appearance USE APP_1
 geometry DEF FACE_35 IndexedFaceSet {
  coord DEF COORD_35 Coordinate { point [
  -1.0629921 -1.1023622 -0.25590551,-1.0416344 -1.1023622 -0.25590551,
  -1.0629921 -1.1023622 -1.5944882,-1.3681102 -1.1023622 -1.5944882,
  -1.3681102 -1.1023622 -1.7125984,1.3681102 -1.1023622 -1.7125984,
  1.3681102 -1.1023622 -1.5944882,1.0629921 -1.1023622 -1.5944882,
  1.0629921 -1.1023622 -0.25590551,1.0416344 -1.1023622 -0.25590551,
  -0.84019056 -1.1023622 -0.48601084,-0.58923738 -1.1023622 -0.66079808,
  -0.30356261 -1.1023622 -0.76996766,0 -1.1023622 -0.80708661,
  0.30356261 -1.1023622 -0.76996766,0.58923738 -1.1023622 -0.66079808,
  0.84019056 -1.1023622 -0.48601084] }
 coordIndex [
  10,0,1,-1,2,4,3,-1,2,10,11,-1,2,11,12,-1,13,2,12,-1,16,9,8,-1,7,13,14,-1,7,14,15,-1,
  7,15,16,-1,7,2,13,-1,5,7,6,-1,0,10,2,-1,4,7,5,-1,4,2,7,-1,7,16,8,-1]
  normalPerVertex TRUE
  normal DEF NORM_35 Normal { vector [
  0 1 0,0 1 0,
  0 1 0,0 1 0,
  0 1 0,0 1 0,
  0 1 0,0 1 0,
  0 1 0,0 1 0,
  0 1 0,0 1 0,
  0 1 0,0 1 0,
  0 1 0,0 1 0,
  0 1 0] }
}
}
DEF SHAPE_36 Shape {
 appearance USE APP_1
 geometry DEF FACE_36 IndexedFaceSet {
  coord DEF COORD_36 Coordinate { point [
  0.59055118 3.2677165 -2.1062992,0.59055118 3.2677165 -1.7125984,
  0.59055118 1.6338583 -2.1062992,0.59055118 1.6338583 -1.7125984] }
 coordIndex [
  1,0,2,-1,1,2,3,-1]
  normalPerVertex TRUE
  normal DEF NORM_36 Normal { vector [
  -1 0 0,-1 0 0,
  -1 0 0,-1 0 0] }
}
}
DEF SHAPE_37 Shape {
 appearance USE APP_1
 geometry DEF FACE_37 IndexedFaceSet {
  coord DEF COORD_37 Coordinate { point [
  -0.59055118 3.2677165 -1.7125984,-0.59055118 3.2677165 -2.1062992,
  -0.59055118 1.6338583 -1.7125984,-0.59055118 1.6338583 -2.1062992] }
 coordIndex [
  1,0,2,-1,1,2,3,-1]
  normalPerVertex TRUE
  normal DEF NORM_37 Normal { vector [
  1 0 0,1 0 0,
  1 0 0,1 0 0] }
}
}
DEF SHAPE_38 Shape {
 appearance USE APP_1
 geometry DEF FACE_38 IndexedFaceSet {
  coord DEF COORD_38 Coordinate { point [
  0.59055118 1.6338583 -1.7125984,-0.59055118 1.6338583 -1.7125984,
  -0.59055118 1.6338583 -2.1062992,0.59055118 1.6338583 -2.1062992] }
 coordIndex [
  3,1,0,-1,3,2,1,-1]
  normalPerVertex TRUE
  normal DEF NORM_38 Normal { vector [
  0 1 0,0 1 0,
  0 1 0,0 1 0] }
}
}
DEF SHAPE_39 Shape {
 appearance USE APP_1
 geometry DEF FACE_39 IndexedFaceSet {
  coord DEF COORD_39 Coordinate { point [
  1.7716535 -1.1811024 1.9094488,1.764946 -1.1811024 1.9603974,
  1.7452806 -1.1811024 2.007874,1.7139974 -1.1811024 2.0486431,
  1.6732283 -1.1811024 2.0799263,1.6257518 -1.1811024 2.0995917,
  1.5748031 -1.1811024 2.1062992,1.7716535 0 1.9094488,
  1.5748031 0 2.1062992,1.6257518 0 2.0995917,
  1.6732283 0 2.0799263,1.7139974 0 2.0486431,
  1.7452806 0 2.007874,1.764946 0 1.9603974] }
 coordIndex [
  8,6,5,-1,9,8,5,-1,10,4,3,-1,10,5,4,-1,10,9,5,-1,11,10,3,-1,12,3,2,-1,12,11,3,-1,
  13,2,1,-1,13,12,2,-1,7,1,0,-1,7,13,1,-1]
  normalPerVertex TRUE
  normal DEF NORM_39 Normal { vector [
  0.99144486 0 0.13052619,0.9763442 0 0.21622209,
  0.88711369 0 0.46155098,0.70710678 0 0.70710678,
  0.5 0 0.8660254,0.25881905 0 0.96592583,
  0.13052619 0 0.99144486,0.99144486 0 0.13052619,
  0.13052619 0 0.99144486,0.25881905 0 0.96592583,
  0.5 0 0.8660254,0.70710678 0 0.70710678,
  0.84327172 0 0.5374875,0.95364993 0 0.30091828] }
}
}
DEF SHAPE_40 Shape {
 appearance USE APP_1
 geometry DEF FACE_40 IndexedFaceSet {
  coord DEF COORD_40 Coordinate { point [
  1.5748031 -1.3779528 1.9094488,1.6257518 -1.3712452 1.9094488,
  1.6732283 -1.3515798 1.9094488,1.7139974 -1.3202966 1.9094488,
  1.7452806 -1.2795276 1.9094488,1.764946 -1.232051 1.9094488,
  1.7716535 -1.1811024 1.9094488,1.764946 -1.1811024 1.9603974,
  1.7452806 -1.1811024 2.007874,1.7139974 -1.1811024 2.0486431,
  1.6732283 -1.1811024 2.0799263,1.6257518 -1.1811024 2.0995917,
  1.5748031 -1.1811024 2.1062992,1.5748031 -1.1811024 2.1062992,
  1.5748031 -1.232051 2.0995917,1.5748031 -1.2795276 2.0799263,
  1.5748031 -1.3202966 2.0486431,1.5748031 -1.3515798 2.007874,
  1.5748031 -1.3712452 1.9603974,1.6040902 -1.3660133 1.9702789,
  1.6597974 -1.3479129 1.9702789,1.7071847 -1.313484 1.9702789,
  1.6240157 -1.3325632 2.0251546,1.7416137 -1.2660966 1.9702789,
  1.6684111 -1.3099426 2.0251546,1.5929035 -1.2953836 2.0687041,
  1.7597141 -1.2103894 1.9702789,1.7036434 -1.2747103 2.0251546,
  1.6273325 -1.2841969 2.0687041,1.726264 -1.230315 2.0251546,
  1.6566195 -1.2629187 2.0687041,1.5936007 -1.2389552 2.0966647,
  1.6778977 -1.2336317 2.0687041,1.6105582 -1.230315 2.0966647,
  1.6890844 -1.1992027 2.0687041,1.6240157 -1.2168574 2.0966647,
  1.632656 -1.1998999 2.0966647] }
 coordIndex [
  18,0,1,-1,7,5,6,-1,19,17,18,-1,19,18,1,-1,20,1,2,-1,20,19,1,-1,21,2,3,-1,21,3,4,-1,
  21,20,2,-1,22,16,17,-1,22,19,20,-1,22,17,19,-1,23,4,5,-1,23,21,4,-1,24,22,20,-1,24,20,21,-1,
  25,15,16,-1,25,16,22,-1,26,7,8,-1,26,5,7,-1,26,23,5,-1,27,24,21,-1,27,21,23,-1,28,25,22,-1,
  28,22,24,-1,29,8,9,-1,29,26,8,-1,29,23,26,-1,29,27,23,-1,30,24,27,-1,30,28,24,-1,31,13,14,-1,
  31,14,15,-1,31,15,25,-1,31,25,28,-1,32,27,29,-1,32,30,27,-1,33,28,30,-1,33,13,31,-1,33,31,28,-1,
  34,9,10,-1,34,29,9,-1,34,32,29,-1,35,12,13,-1,35,13,33,-1,35,30,32,-1,35,33,30,-1,36,10,11,-1,
  36,11,12,-1,36,12,35,-1,36,34,10,-1,36,32,34,-1,36,35,32,-1]
  normalPerVertex TRUE
  normal DEF NORM_40 Normal { vector [
  0.12942831 -0.9831056 0.12942831,0.25528048 -0.95484445 0.15199982,
  0.52598331 -0.83559049 0.15852473,0.69840112 -0.69840112 0.15643447,
  0.83559049 -0.52598331 0.15852473,0.95484445 -0.25528048 0.15199982,
  0.9831056 -0.12942831 0.12942831,0.97522445 -0.10798801 0.19306958,
  0.85657412 -0.11230588 0.5036548,0.72699713 -0.097652397 0.67966108,
  0.47756555 -0.050918621 0.8771194,0.25842357 -0.055260041 0.96444989,
  0.13595182 -0.087388141 0.9868538,0.09605769 -0.12751696 0.98717392,
  0.055260041 -0.25842357 0.96444989,0.050918621 -0.47756555 0.8771194,
  0.097652397 -0.72699713 0.67966108,0.11230588 -0.85657412 0.5036548,
  0.10798801 -0.97522445 0.19306958,0.21755716 -0.92053547 0.32447394,
  0.420915 -0.85279537 0.30914499,0.67683053 -0.67683053 0.28948378,
  0.2506614 -0.77640666 0.57824006,0.85279537 -0.420915 0.30914499,
  0.47962387 -0.66014562 0.57807327,0.15186698 -0.58308675 0.79808913,
  0.92053547 -0.21755716 0.32447394,0.66014562 -0.47962387 0.57807327,
  0.27515784 -0.54002768 0.79539818,0.77640666 -0.2506614 0.57824006,
  0.42856839 -0.42856839 0.79539818,0.12369419 -0.34580837 0.93011629,
  0.54002768 -0.27515784 0.79539818,0.21005504 -0.28911596 0.93396405,
  0.58308675 -0.15186698 0.79808913,0.28911596 -0.21005504 0.93396405,
  0.34580837 -0.12369419 0.93011629] }
}
}
DEF SHAPE_41 Shape {
 appearance USE APP_1
 geometry DEF FACE_41 IndexedFaceSet {
  coord DEF COORD_41 Coordinate { point [
  -1.7716535 0 1.9094488,-1.764946 0 1.9603974,
  -1.7452806 0 2.007874,-1.7139974 0 2.0486431,
  -1.6732283 0 2.0799263,-1.6257518 0 2.0995917,
  -1.5748031 0 2.1062992,-1.7716535 -1.1811024 1.9094488,
  -1.5748031 -1.1811024 2.1062992,-1.6257518 -1.1811024 2.0995917,
  -1.6732283 -1.1811024 2.0799263,-1.7139974 -1.1811024 2.0486431,
  -1.7452806 -1.1811024 2.007874,-1.764946 -1.1811024 1.9603974] }
 coordIndex [
  1,0,7,-1,1,7,13,-1,2,13,12,-1,2,1,13,-1,3,12,11,-1,3,2,12,-1,4,11,10,-1,4,3,11,-1,
  5,10,9,-1,5,4,10,-1,6,9,8,-1,6,5,9,-1]
  normalPerVertex TRUE
  normal DEF NORM_41 Normal { vector [
  -0.99144486 0 0.13052619,-0.9763442 0 0.21622209,
  -0.88711369 0 0.46155098,-0.73742784 0 0.67542593,
  -0.5374875 0 0.84327172,-0.30091828 0 0.95364993,
  -0.13052619 0 0.99144486,-0.99144486 0 0.13052619,
  -0.13052619 0 0.99144486,-0.21622209 0 0.9763442,
  -0.46155098 0 0.88711369,-0.67542593 0 0.73742784,
  -0.84327172 0 0.5374875,-0.95364993 0 0.30091828] }
}
}
DEF SHAPE_42 Shape {
 appearance USE APP_1
 geometry DEF FACE_42 IndexedFaceSet {
  coord DEF COORD_42 Coordinate { point [
  1.5748031 -1.1811024 2.1062992,1.5748031 -1.232051 2.0995917,
  1.5748031 -1.2795276 2.0799263,1.5748031 -1.3202966 2.0486431,
  1.5748031 -1.3515798 2.007874,1.5748031 -1.3712452 1.9603974,
  1.5748031 -1.3779528 1.9094488,-1.5748031 -1.1811024 2.1062992,
  -1.5748031 -1.3779528 1.9094488,-1.5748031 -1.3712452 1.9603974,
  -1.5748031 -1.3515798 2.007874,-1.5748031 -1.3202966 2.0486431,
  -1.5748031 -1.2795276 2.0799263,-1.5748031 -1.232051 2.0995917] }
 coordIndex [
  9,6,5,-1,9,8,6,-1,10,5,4,-1,10,9,5,-1,11,4,3,-1,11,10,4,-1,12,3,2,-1,12,11,3,-1,
  13,2,1,-1,13,12,2,-1,7,1,0,-1,7,13,1,-1]
  normalPerVertex TRUE
  normal DEF NORM_42 Normal { vector [
  0 -0.13052619 0.99144486,0 -0.21622209 0.9763442,
  0 -0.46155098 0.88711369,0 -0.67542593 0.73742784,
  0 -0.84327172 0.5374875,0 -0.95364993 0.30091828,
  0 -0.99144486 0.13052619,0 -0.13052619 0.99144486,
  0 -0.99144486 0.13052619,0 -0.9763442 0.21622209,
  0 -0.88711369 0.46155098,0 -0.73742784 0.67542593,
  0 -0.5374875 0.84327172,0 -0.30091828 0.95364993] }
}
}
DEF SHAPE_43 Shape {
 appearance USE APP_1
 geometry DEF FACE_43 IndexedFaceSet {
  coord DEF COORD_43 Coordinate { point [
  1.5748031 -1.3779528 1.9094488,1.6257518 -1.3712452 1.9094488,
  1.6732283 -1.3515798 1.9094488,1.7139974 -1.3202966 1.9094488,
  1.7452806 -1.2795276 1.9094488,1.764946 -1.232051 1.9094488,
  1.7716535 -1.1811024 1.9094488,1.5748031 -1.3779528 -1.9094488,
  1.7716535 -1.1811024 -1.9094488,1.764946 -1.232051 -1.9094488,
  1.7452806 -1.2795276 -1.9094488,1.7139974 -1.3202966 -1.9094488,
  1.6732283 -1.3515798 -1.9094488,1.6257518 -1.3712452 -1.9094488] }
 coordIndex [
  1,0,7,-1,1,7,13,-1,2,13,12,-1,2,1,13,-1,3,12,11,-1,3,2,12,-1,4,11,10,-1,4,3,11,-1,
  5,10,9,-1,5,4,10,-1,6,9,8,-1,6,5,9,-1]
  normalPerVertex TRUE
  normal DEF NORM_43 Normal { vector [
  0.13052619 -0.99144486 0,0.21622209 -0.9763442 0,
  0.46155098 -0.88711369 0,0.67542593 -0.73742784 0,
  0.84327172 -0.5374875 0,0.95364993 -0.30091828 0,
  0.99144486 -0.13052619 0,0.13052619 -0.99144486 0,
  0.99144486 -0.13052619 0,0.9763442 -0.21622209 0,
  0.88711369 -0.46155098 0,0.73742784 -0.67542593 0,
  0.5374875 -0.84327172 0,0.30091828 -0.95364993 0] }
}
}
DEF SHAPE_44 Shape {
 appearance USE APP_1
 geometry DEF FACE_44 IndexedFaceSet {
  coord DEF COORD_44 Coordinate { point [
  1.5748031 3.2677165 -2.1062992,1.6257518 3.2677165 -2.0995917,
  1.6732283 3.2677165 -2.0799263,1.7139974 3.2677165 -2.0486431,
  1.7452806 3.2677165 -2.007874,1.764946 3.2677165 -1.9603974,
  1.7716535 3.2677165 -1.9094488,1.7716535 -1.1811024 -1.9094488,
  1.5748031 -1.1811024 -2.1062992,1.6257518 -1.1811024 -2.0995917,
  1.6732283 -1.1811024 -2.0799263,1.7139974 -1.1811024 -2.0486431,
  1.7452806 -1.1811024 -2.007874,1.764946 -1.1811024 -1.9603974] }
 coordIndex [
  5,6,7,-1,5,7,13,-1,4,13,12,-1,4,5,13,-1,3,12,11,-1,3,4,12,-1,2,10,9,-1,2,11,10,-1,
  2,3,11,-1,1,2,9,-1,0,9,8,-1,0,1,9,-1]
  normalPerVertex TRUE
  normal DEF NORM_44 Normal { vector [
  0.13052619 0 -0.99144486,0.25881905 0 -0.96592583,
  0.5 0 -0.8660254,0.73742784 0 -0.67542593,
  0.88711369 0 -0.46155098,0.9763442 0 -0.21622209,
  0.99144486 0 -0.13052619,0.99144486 0 -0.13052619,
  0.13052619 0 -0.99144486,0.25881905 0 -0.96592583,
  0.5 0 -0.8660254,0.67542593 0 -0.73742784,
  0.84327172 0 -0.5374875,0.95364993 0 -0.30091828] }
}
}
DEF SHAPE_45 Shape {
 appearance USE APP_1
 geometry DEF FACE_45 IndexedFaceSet {
  coord DEF COORD_45 Coordinate { point [
  -1.5748031 -1.3779528 1.9094488,-1.5748031 -1.3712452 1.9603974,
  -1.5748031 -1.3515798 2.007874,-1.5748031 -1.3202966 2.0486431,
  -1.5748031 -1.2795276 2.0799263,-1.5748031 -1.232051 2.0995917,
  -1.5748031 -1.1811024 2.1062992,-1.5748031 -1.1811024 2.1062992,
  -1.6257518 -1.1811024 2.0995917,-1.6732283 -1.1811024 2.0799263,
  -1.7139974 -1.1811024 2.0486431,-1.7452806 -1.1811024 2.007874,
  -1.764946 -1.1811024 1.9603974,-1.7716535 -1.1811024 1.9094488,
  -1.764946 -1.232051 1.9094488,-1.7452806 -1.2795276 1.9094488,
  -1.7139974 -1.3202966 1.9094488,-1.6732283 -1.3515798 1.9094488,
  -1.6257518 -1.3712452 1.9094488,-1.7597141 -1.2103894 1.9702789,
  -1.7416137 -1.2660966 1.9702789,-1.7071847 -1.313484 1.9702789,
  -1.726264 -1.230315 2.0251546,-1.6597974 -1.3479129 1.9702789,
  -1.7036434 -1.2747103 2.0251546,-1.6890844 -1.1992027 2.0687041,
  -1.6040902 -1.3660133 1.9702789,-1.6684111 -1.3099426 2.0251546,
  -1.6778977 -1.2336317 2.0687041,-1.6240157 -1.3325632 2.0251546,
  -1.6566195 -1.2629187 2.0687041,-1.632656 -1.1998999 2.0966647,
  -1.6273325 -1.2841969 2.0687041,-1.6240157 -1.2168574 2.0966647,
  -1.5929035 -1.2953836 2.0687041,-1.6105582 -1.230315 2.0966647,
  -1.5936007 -1.2389552 2.0966647] }
 coordIndex [
  12,13,14,-1,1,18,0,-1,19,11,12,-1,19,12,14,-1,20,14,15,-1,20,19,14,-1,21,15,16,-1,21,16,17,-1,
  21,20,15,-1,22,10,11,-1,22,19,20,-1,22,11,19,-1,23,17,18,-1,23,21,17,-1,24,22,20,-1,24,20,21,-1,
  25,9,10,-1,25,10,22,-1,26,1,2,-1,26,23,18,-1,26,18,1,-1,27,24,21,-1,27,21,23,-1,28,25,22,-1,
  28,22,24,-1,29,2,3,-1,29,26,2,-1,29,23,26,-1,29,27,23,-1,30,24,27,-1,30,28,24,-1,31,7,8,-1,
  31,8,9,-1,31,9,25,-1,31,25,28,-1,32,27,29,-1,32,30,27,-1,33,28,30,-1,33,7,31,-1,33,31,28,-1,
  34,3,4,-1,34,29,3,-1,34,32,29,-1,35,6,7,-1,35,7,33,-1,35,30,32,-1,35,33,30,-1,36,4,5,-1,
  36,5,6,-1,36,6,35,-1,36,34,4,-1,36,32,34,-1,36,35,32,-1]
  normalPerVertex TRUE
  normal DEF NORM_45 Normal { vector [
  -0.12942831 -0.9831056 0.12942831,-0.10798801 -0.97522445 0.19306958,
  -0.11230588 -0.85657412 0.5036548,-0.097652397 -0.72699713 0.67966108,
  -0.050918621 -0.47756555 0.8771194,-0.055260041 -0.25842357 0.96444989,
  -0.087388141 -0.13595182 0.9868538,-0.12751696 -0.09605769 0.98717392,
  -0.25842357 -0.055260041 0.96444989,-0.47756555 -0.050918621 0.8771194,
  -0.72699713 -0.097652397 0.67966108,-0.85657412 -0.11230588 0.5036548,
  -0.97522445 -0.10798801 0.19306958,-0.9831056 -0.12942831 0.12942831,
  -0.95484445 -0.25528048 0.15199982,-0.83559049 -0.52598331 0.15852473,
  -0.69840112 -0.69840112 0.15643447,-0.52598331 -0.83559049 0.15852473,
  -0.25528048 -0.95484445 0.15199982,-0.92053547 -0.21755716 0.32447394,
  -0.85279537 -0.420915 0.30914499,-0.67683053 -0.67683053 0.28948378,
  -0.77640666 -0.2506614 0.57824006,-0.420915 -0.85279537 0.30914499,
  -0.66014562 -0.47962387 0.57807327,-0.58308675 -0.15186698 0.79808913,
  -0.21755716 -0.92053547 0.32447394,-0.47962387 -0.66014562 0.57807327,
  -0.54002768 -0.27515784 0.79539818,-0.2506614 -0.77640666 0.57824006,
  -0.42856839 -0.42856839 0.79539818,-0.34580837 -0.12369419 0.93011629,
  -0.27515784 -0.54002768 0.79539818,-0.28911596 -0.21005504 0.93396405,
  -0.15186698 -0.58308675 0.79808913,-0.21005504 -0.28911596 0.93396405,
  -0.12369419 -0.34580837 0.93011629] }
}
}
DEF SHAPE_46 Shape {
 appearance USE APP_1
 geometry DEF FACE_46 IndexedFaceSet {
  coord DEF COORD_46 Coordinate { point [
  1.5748031 -1.1811024 -2.1062992,1.5748031 -1.1811024 -2.1062992,
  1.6257518 -1.1811024 -2.0995917,1.6732283 -1.1811024 -2.0799263,
  1.7139974 -1.1811024 -2.0486431,1.7452806 -1.1811024 -2.007874,
  1.764946 -1.1811024 -1.9603974,1.7716535 -1.1811024 -1.9094488,
  1.764946 -1.232051 -1.9094488,1.7452806 -1.2795276 -1.9094488,
  1.7139974 -1.3202966 -1.9094488,1.6732283 -1.3515798 -1.9094488,
  1.6257518 -1.3712452 -1.9094488,1.5748031 -1.3779528 -1.9094488,
  1.5748031 -1.3712452 -1.9603974,1.5748031 -1.3515798 -2.007874,
  1.5748031 -1.3202966 -2.0486431,1.5748031 -1.2795276 -2.0799263,
  1.5748031 -1.232051 -2.0995917,1.5843191 -1.2411836 -2.0966647,
  1.6024194 -1.2353024 -2.0966647,1.6178165 -1.2241158 -2.0966647,
  1.6105582 -1.2911451 -2.0687041,1.6290032 -1.2087187 -2.0966647,
  1.6428133 -1.2747103 -2.0687041,1.5997162 -1.338397 -2.0251546,
  1.6348843 -1.1906183 -2.0966647,1.6684111 -1.2491125 -2.0687041,
  1.6471035 -1.3229999 -2.0251546,1.6848459 -1.2168574 -2.0687041,
  1.6874137 -1.2937129 -2.0251546,1.632656 -1.3591552 -1.9702789,
  1.7167007 -1.2534028 -2.0251546,1.6848459 -1.3325632 -1.9702789,
  1.7320978 -1.2060154 -2.0251546,1.726264 -1.2911451 -1.9702789,
  1.752856 -1.2389552 -1.9702789] }
 coordIndex [
  12,13,14,-1,7,8,6,-1,19,17,18,-1,19,18,0,-1,20,19,0,-1,21,0,1,-1,21,20,0,-1,22,16,17,-1,
  22,19,20,-1,22,17,19,-1,23,21,1,-1,24,20,21,-1,24,22,20,-1,25,15,16,-1,25,16,22,-1,26,1,2,-1,
  26,2,3,-1,26,23,1,-1,27,21,23,-1,27,24,21,-1,28,22,24,-1,28,25,22,-1,29,3,4,-1,29,26,3,-1,
  29,23,26,-1,29,27,23,-1,30,24,27,-1,30,28,24,-1,31,11,12,-1,31,14,15,-1,31,15,25,-1,31,12,14,-1,
  31,25,28,-1,32,27,29,-1,32,30,27,-1,33,10,11,-1,33,11,31,-1,33,28,30,-1,33,31,28,-1,34,4,5,-1,
  34,29,4,-1,34,32,29,-1,35,9,10,-1,35,10,33,-1,35,30,32,-1,35,33,30,-1,36,5,6,-1,36,8,9,-1,
  36,9,35,-1,36,6,8,-1,36,34,5,-1,36,32,34,-1,36,35,32,-1]
  normalPerVertex TRUE
  normal DEF NORM_46 Normal { vector [
  0.089793468 -0.13757042 -0.98641346,0.13757042 -0.089793468 -0.98641346,
  0.25851243 -0.048661794 -0.96478151,0.50870527 -0.073182524 -0.85782473,
  0.69099834 -0.082063716 -0.71818302,0.88725732 -0.11540631 -0.44660479,
  0.96228831 -0.14635345 -0.22930737,0.9831056 -0.12942831 -0.12942831,
  0.96112636 -0.23170537 -0.15016238,0.86480719 -0.47749864 -0.15525324,
  0.69865373 -0.69865373 -0.15416202,0.47749864 -0.86480719 -0.15525324,
  0.23170537 -0.96112636 -0.15016238,0.12942831 -0.9831056 -0.12942831,
  0.14635345 -0.96228831 -0.22930737,0.11540631 -0.88725732 -0.44660479,
  0.082063716 -0.69099834 -0.71818302,0.073182524 -0.50870527 -0.85782473,
  0.048661794 -0.25851243 -0.96478151,0.10232202 -0.33216388 -0.93765525,
  0.16224122 -0.31841632 -0.93396405,0.25269662 -0.25269662 -0.93396405,
  0.19166385 -0.5789139 -0.79254254,0.31841632 -0.16224122 -0.93396405,
  0.35624914 -0.49033487 -0.79539818,0.19321144 -0.78701132 -0.58590317,
  0.33216388 -0.10232202 -0.93765525,0.49033487 -0.35624914 -0.79539818,
  0.37044937 -0.72704783 -0.57807327,0.5789139 -0.19166385 -0.79254254,
  0.57698843 -0.57698843 -0.57807327,0.29723415 -0.90206863 -0.3129282,
  0.72704783 -0.37044937 -0.57807327,0.56196186 -0.7665991 -0.31068424,
  0.78701132 -0.19321144 -0.58590317,0.7665991 -0.56196186 -0.31068424,
  0.90206863 -0.29723415 -0.3129282] }
}
}
DEF SHAPE_47 Shape {
 appearance USE APP_1
 geometry DEF FACE_47 IndexedFaceSet {
  coord DEF COORD_47 Coordinate { point [
  -1.7716535 -1.1811024 1.9094488,-1.764946 -1.232051 1.9094488,
  -1.7452806 -1.2795276 1.9094488,-1.7139974 -1.3202966 1.9094488,
  -1.6732283 -1.3515798 1.9094488,-1.6257518 -1.3712452 1.9094488,
  -1.5748031 -1.3779528 1.9094488,-1.7716535 -1.1811024 -1.9094488,
  -1.5748031 -1.3779528 -1.9094488,-1.6257518 -1.3712452 -1.9094488,
  -1.6732283 -1.3515798 -1.9094488,-1.7139974 -1.3202966 -1.9094488,
  -1.7452806 -1.2795276 -1.9094488,-1.764946 -1.232051 -1.9094488] }
 coordIndex [
  9,6,5,-1,9,8,6,-1,10,5,4,-1,10,9,5,-1,11,4,3,-1,11,10,4,-1,12,3,2,-1,12,11,3,-1,
  13,2,1,-1,13,12,2,-1,7,1,0,-1,7,13,1,-1]
  normalPerVertex TRUE
  normal DEF NORM_47 Normal { vector [
  -0.99144486 -0.13052619 0,-0.9763442 -0.21622209 0,
  -0.88711369 -0.46155098 0,-0.73742784 -0.67542593 0,
  -0.5374875 -0.84327172 0,-0.30091828 -0.95364993 0,
  -0.13052619 -0.99144486 0,-0.99144486 -0.13052619 0,
  -0.13052619 -0.99144486 0,-0.21622209 -0.9763442 0,
  -0.46155098 -0.88711369 0,-0.67542593 -0.73742784 0,
  -0.84327172 -0.5374875 0,-0.95364993 -0.30091828 0] }
}
}
DEF SHAPE_48 Shape {
 appearance USE APP_1
 geometry DEF FACE_48 IndexedFaceSet {
  coord DEF COORD_48 Coordinate { point [
  1.5748031 -1.3779528 -1.9094488,1.5748031 -1.3712452 -1.9603974,
  1.5748031 -1.3515798 -2.007874,1.5748031 -1.3202966 -2.0486431,
  1.5748031 -1.2795276 -2.0799263,1.5748031 -1.232051 -2.0995917,
  1.5748031 -1.1811024 -2.1062992,-1.5748031 -1.3779528 -1.9094488,
  -1.5748031 -1.1811024 -2.1062992,-1.5748031 -1.232051 -2.0995917,
  -1.5748031 -1.2795276 -2.0799263,-1.5748031 -1.3202966 -2.0486431,
  -1.5748031 -1.3515798 -2.007874,-1.5748031 -1.3712452 -1.9603974] }
 coordIndex [
  1,0,7,-1,1,7,13,-1,2,13,12,-1,2,1,13,-1,3,12,11,-1,3,2,12,-1,4,11,10,-1,4,3,11,-1,
  5,10,9,-1,5,4,10,-1,6,9,8,-1,6,5,9,-1]
  normalPerVertex TRUE
  normal DEF NORM_48 Normal { vector [
  0 -0.99144486 -0.13052619,0 -0.9763442 -0.21622209,
  0 -0.88711369 -0.46155098,0 -0.73742784 -0.67542593,
  0 -0.5374875 -0.84327172,0 -0.30091828 -0.95364993,
  0 -0.13052619 -0.99144486,0 -0.99144486 -0.13052619,
  0 -0.13052619 -0.99144486,0 -0.21622209 -0.9763442,
  0 -0.46155098 -0.88711369,0 -0.67542593 -0.73742784,
  0 -0.84327172 -0.5374875,0 -0.95364993 -0.30091828] }
}
}
DEF SHAPE_49 Shape {
 appearance USE APP_1
 geometry DEF FACE_49 IndexedFaceSet {
  coord DEF COORD_49 Coordinate { point [
  -1.5748031 -1.1811024 -2.1062992,-1.5748031 -1.1811024 -2.1062992,
  -1.5748031 -1.232051 -2.0995917,-1.5748031 -1.2795276 -2.0799263,
  -1.5748031 -1.3202966 -2.0486431,-1.5748031 -1.3515798 -2.007874,
  -1.5748031 -1.3712452 -1.9603974,-1.5748031 -1.3779528 -1.9094488,
  -1.6257518 -1.3712452 -1.9094488,-1.6732283 -1.3515798 -1.9094488,
  -1.7139974 -1.3202966 -1.9094488,-1.7452806 -1.2795276 -1.9094488,
  -1.764946 -1.232051 -1.9094488,-1.7716535 -1.1811024 -1.9094488,
  -1.764946 -1.1811024 -1.9603974,-1.7452806 -1.1811024 -2.007874,
  -1.7139974 -1.1811024 -2.0486431,-1.6732283 -1.1811024 -2.0799263,
  -1.6257518 -1.1811024 -2.0995917,-1.6348843 -1.1906183 -2.0966647,
  -1.6290032 -1.2087187 -2.0966647,-1.6178165 -1.2241158 -2.0966647,
  -1.6848459 -1.2168574 -2.0687041,-1.6024194 -1.2353024 -2.0966647,
  -1.6684111 -1.2491125 -2.0687041,-1.7320978 -1.2060154 -2.0251546,
  -1.5843191 -1.2411836 -2.0966647,-1.6428133 -1.2747103 -2.0687041,
  -1.7167007 -1.2534028 -2.0251546,-1.6105582 -1.2911451 -2.0687041,
  -1.6874137 -1.2937129 -2.0251546,-1.752856 -1.2389552 -1.9702789,
  -1.6471035 -1.3229999 -2.0251546,-1.726264 -1.2911451 -1.9702789,
  -1.5997162 -1.338397 -2.0251546,-1.6848459 -1.3325632 -1.9702789,
  -1.632656 -1.3591552 -1.9702789] }
 coordIndex [
  12,13,14,-1,7,8,6,-1,19,17,18,-1,19,18,0,-1,20,19,0,-1,21,0,1,-1,21,20,0,-1,22,16,17,-1,
  22,19,20,-1,22,17,19,-1,23,21,1,-1,24,20,21,-1,24,22,20,-1,25,15,16,-1,25,16,22,-1,26,1,2,-1,
  26,2,3,-1,26,23,1,-1,27,21,23,-1,27,24,21,-1,28,22,24,-1,28,25,22,-1,29,3,4,-1,29,26,3,-1,
  29,23,26,-1,29,27,23,-1,30,24,27,-1,30,28,24,-1,31,11,12,-1,31,14,15,-1,31,15,25,-1,31,12,14,-1,
  31,25,28,-1,32,27,29,-1,32,30,27,-1,33,10,11,-1,33,11,31,-1,33,28,30,-1,33,31,28,-1,34,4,5,-1,
  34,29,4,-1,34,32,29,-1,35,9,10,-1,35,10,33,-1,35,30,32,-1,35,33,30,-1,36,5,6,-1,36,8,9,-1,
  36,9,35,-1,36,6,8,-1,36,34,5,-1,36,32,34,-1,36,35,32,-1]
  normalPerVertex TRUE
  normal DEF NORM_49 Normal { vector [
  -0.13757042 -0.089793468 -0.98641346,-0.089793468 -0.13757042 -0.98641346,
  -0.048661794 -0.25851243 -0.96478151,-0.073182524 -0.50870527 -0.85782473,
  -0.082063716 -0.69099834 -0.71818302,-0.11540631 -0.88725732 -0.44660479,
  -0.14635345 -0.96228831 -0.22930737,-0.12942831 -0.9831056 -0.12942831,
  -0.23170537 -0.96112636 -0.15016238,-0.47749864 -0.86480719 -0.15525324,
  -0.69865373 -0.69865373 -0.15416202,-0.86480719 -0.47749864 -0.15525324,
  -0.96112636 -0.23170537 -0.15016238,-0.9831056 -0.12942831 -0.12942831,
  -0.96228831 -0.14635345 -0.22930737,-0.88725732 -0.11540631 -0.44660479,
  -0.69099834 -0.082063716 -0.71818302,-0.50870527 -0.073182524 -0.85782473,
  -0.25851243 -0.048661794 -0.96478151,-0.33216388 -0.10232202 -0.93765525,
  -0.31841632 -0.16224122 -0.93396405,-0.25269662 -0.25269662 -0.93396405,
  -0.5789139 -0.19166385 -0.79254254,-0.16224122 -0.31841632 -0.93396405,
  -0.49033487 -0.35624914 -0.79539818,-0.78701132 -0.19321144 -0.58590317,
  -0.10232202 -0.33216388 -0.93765525,-0.35624914 -0.49033487 -0.79539818,
  -0.72704783 -0.37044937 -0.57807327,-0.19166385 -0.5789139 -0.79254254,
  -0.57698843 -0.57698843 -0.57807327,-0.90206863 -0.29723415 -0.3129282,
  -0.37044937 -0.72704783 -0.57807327,-0.7665991 -0.56196186 -0.31068424,
  -0.19321144 -0.78701132 -0.58590317,-0.56196186 -0.7665991 -0.31068424,
  -0.29723415 -0.90206863 -0.3129282] }
}
}
DEF SHAPE_50 Shape {
 appearance USE APP_1
 geometry DEF FACE_50 IndexedFaceSet {
  coord DEF COORD_50 Coordinate { point [
  -1.7716535 -1.1811024 -1.9094488,-1.764946 -1.1811024 -1.9603974,
  -1.7452806 -1.1811024 -2.007874,-1.7139974 -1.1811024 -2.0486431,
  -1.6732283 -1.1811024 -2.0799263,-1.6257518 -1.1811024 -2.0995917,
  -1.5748031 -1.1811024 -2.1062992,-1.7716535 3.2677165 -1.9094488,
  -1.764946 3.2677165 -1.9603974,-1.7452806 3.2677165 -2.007874,
  -1.7139974 3.2677165 -2.0486431,-1.6732283 3.2677165 -2.0799263,
  -1.6257518 3.2677165 -2.0995917,-1.5748031 3.2677165 -2.1062992] }
 coordIndex [
  12,6,5,-1,12,13,6,-1,11,5,4,-1,11,12,5,-1,10,4,3,-1,10,11,4,-1,9,2,1,-1,9,3,2,-1,
  9,10,3,-1,8,9,1,-1,7,1,0,-1,7,8,1,-1]
  normalPerVertex TRUE
  normal DEF NORM_50 Normal { vector [
  -0.99144486 0 -0.13052619,-0.96592583 0 -0.25881905,
  -0.8660254 0 -0.5,-0.73742784 0 -0.67542593,
  -0.5374875 0 -0.84327172,-0.30091828 0 -0.95364993,
  -0.13052619 0 -0.99144486,-0.99144486 0 -0.13052619,
  -0.96592583 0 -0.25881905,-0.8660254 0 -0.5,
  -0.67542593 0 -0.73742784,-0.46155098 0 -0.88711369,
  -0.21622209 0 -0.9763442,-0.13052619 0 -0.99144486] }
}
}
DEF SHAPE_51 Shape {
 appearance USE APP_1
 geometry DEF FACE_51 IndexedFaceSet {
  coord DEF COORD_51 Coordinate { point [
  -1.3976378 2.0669291 -0.37401575,-1.3976378 2.0669291 -0.53149606,
  -1.0629921 2.0669291 -0.53149606,-1.0629921 2.0669291 -0.37401575] }
 coordIndex [
  2,1,0,-1,2,0,3,-1]
  normalPerVertex TRUE
  normal DEF NORM_51 Normal { vector [
  0 1 0,0 1 0,
  0 1 0,0 1 0] }
}
}
] }
] }
DEF TXFM_5 Transform {
  center 0 0 0
  rotation 0 0 -1 0
  scale 1 1 1
  scaleOrientation 0 0 1 0
  translation 0 1.5748031 0.45275591
 children [
DEF TXFM_6 Transform {
  center 0 0 0
  rotation 0 0 1 0
  scale 1 1 1
  scaleOrientation 0 0 1 0
  translation 0 0 0
 children [
DEF SHAPE_52 Shape {
 appearance DEF APP_2 Appearance {
  material Material {
   ambientIntensity 0.1537326
   diffuseColor 0.87058824 0.63325489 0.17254902
   emissiveColor 0 0 0
   shininess 0.1
   specularColor 0.12 0.12 0.12
   transparency 0
} }
 geometry DEF FACE_52 IndexedFaceSet {
  coord DEF COORD_52 Coordinate { point [
  0 -2.480315 -0.0078740157,0.0050613198 -2.480315 -0.006031846,
  0.0077543918 -2.480315 -0.0013673085,0.0068190977 -2.480315 0.0039370079,
  0.002693072 -2.480315 0.0073991545,-0.002693072 -2.480315 0.0073991545,
  -0.0068190977 -2.480315 0.0039370079,-0.0077543918 -2.480315 -0.0013673085,
  -0.0050613198 -2.480315 -0.006031846] }
 coordIndex [
  1,2,3,-1,1,3,4,-1,1,4,5,-1,1,5,6,-1,1,6,7,-1,1,7,8,-1,1,8,0,-1]
  normalPerVertex TRUE
  normal DEF NORM_52 Normal { vector [
  0 -1 0,0 -1 0,
  0 -1 0,0 -1 0,
  0 -1 0,0 -1 0,
  0 -1 0,0 -1 0,
  0 -1 0] }
}
}
DEF SHAPE_53 Shape {
 appearance USE APP_2
 geometry DEF FACE_53 IndexedFaceSet {
  coord DEF COORD_53 Coordinate { point [
  0 -2.0944882 -0.39370079,0.10189726 -2.0944882 -0.38028576,
  0.19685039 -2.0944882 -0.34095488,0.2783885 -2.0944882 -0.2783885,
  0.34095488 -2.0944882 -0.19685039,0.38028576 -2.0944882 -0.10189726,
  0.39370079 -2.0944882 0,0.38028576 -2.0944882 0.10189726,
  0.34095488 -2.0944882 0.19685039,0.2783885 -2.0944882 0.2783885,
  0.19685039 -2.0944882 0.34095488,0.10189726 -2.0944882 0.38028576,
  0 -2.0944882 0.39370079,-0.10189726 -2.0944882 0.38028576,
  -0.19685039 -2.0944882 0.34095488,-0.2783885 -2.0944882 0.2783885,
  -0.34095488 -2.0944882 0.19685039,-0.38028576 -2.0944882 0.10189726,
  -0.39370079 -2.0944882 0,-0.38028576 -2.0944882 -0.10189726,
  -0.34095488 -2.0944882 -0.19685039,-0.2783885 -2.0944882 -0.2783885,
  -0.19685039 -2.0944882 -0.34095488,-0.10189726 -2.0944882 -0.38028576,
  0 -2.0944882 -0.39370079,0 0.62992126 -0.39370079,
  0.10189726 0.62992126 -0.38028576,0.19685039 0.62992126 -0.34095488,
  0.2783885 0.62992126 -0.2783885,0.34095488 0.62992126 -0.19685039,
  0.38028576 0.62992126 -0.10189726,0.39370079 0.62992126 0,
  0.38028576 0.62992126 0.10189726,0.34095488 0.62992126 0.19685039,
  0.2783885 0.62992126 0.2783885,0.19685039 0.62992126 0.34095488,
  0.10189726 0.62992126 0.38028576,0 0.62992126 0.39370079,
  -0.10189726 0.62992126 0.38028576,-0.19685039 0.62992126 0.34095488,
  -0.2783885 0.62992126 0.2783885,-0.34095488 0.62992126 0.19685039,
  -0.38028576 0.62992126 0.10189726,-0.39370079 0.62992126 0,
  -0.38028576 0.62992126 -0.10189726,-0.34095488 0.62992126 -0.19685039,
  -0.2783885 0.62992126 -0.2783885,-0.19685039 0.62992126 -0.34095488,
  -0.10189726 0.62992126 -0.38028576,0 0.62992126 -0.39370079] }
 coordIndex [
  1,0,25,-1,1,25,26,-1,2,26,27,-1,2,1,26,-1,3,27,28,-1,3,2,27,-1,4,28,29,-1,4,3,28,-1,
  5,29,30,-1,5,4,29,-1,6,30,31,-1,6,31,32,-1,6,5,30,-1,7,6,32,-1,8,32,33,-1,8,33,34,-1,
  8,7,32,-1,9,8,34,-1,10,34,35,-1,10,35,36,-1,10,9,34,-1,11,10,36,-1,12,11,36,-1,12,36,37,-1,
  13,12,37,-1,13,37,38,-1,13,38,39,-1,14,13,39,-1,15,14,39,-1,15,39,40,-1,16,15,40,-1,16,40,41,-1,
  16,41,42,-1,17,16,42,-1,18,17,42,-1,18,42,43,-1,19,18,43,-1,19,43,44,-1,20,19,44,-1,20,44,45,-1,
  21,20,45,-1,21,45,46,-1,22,21,46,-1,22,46,47,-1,23,22,47,-1,23,47,48,-1,24,23,48,-1,24,48,49,-1]
  normalPerVertex TRUE
  normal DEF NORM_53 Normal { vector [
  0.13052619 0 -0.99144486,0.21622209 0 -0.9763442,
  0.46155098 0 -0.88711369,0.67542593 0 -0.73742784,
  0.84327172 0 -0.5374875,0.95364993 0 -0.30091828,
  1 0 0,0.96592583 0 0.25881905,
  0.8660254 0 0.5,0.70710678 0 0.70710678,
  0.5 0 0.8660254,0.25881905 0 0.96592583,
  0.04384197 0 0.99903848,-0.25881905 0 0.96592583,
  -0.5 0 0.8660254,-0.67542593 0 0.73742784,
  -0.8660254 0 0.5,-0.96592583 0 0.25881905,
  -0.99903848 0 0.04384197,-0.9763442 0 -0.21622209,
  -0.88711369 0 -0.46155098,-0.73742784 0 -0.67542593,
  -0.5374875 0 -0.84327172,-0.30091828 0 -0.95364993,
  -0.13052619 0 -0.99144486,0.13052619 0 -0.99144486,
  0.30091828 0 -0.95364993,0.5374875 0 -0.84327172,
  0.73742784 0 -0.67542593,0.88711369 0 -0.46155098,
  0.9763442 0 -0.21622209,1 0 0,
  0.96592583 0 0.25881905,0.8660254 0 0.5,
  0.70710678 0 0.70710678,0.5 0 0.8660254,
  0.25881905 0 0.96592583,-0.04384197 0 0.99903848,
  -0.25881905 0 0.96592583,-0.5 0 0.8660254,
  -0.73742784 0 0.67542593,-0.8660254 0 0.5,
  -0.96592583 0 0.25881905,-0.99903848 0 -0.04384197,
  -0.95364993 0 -0.30091828,-0.84327172 0 -0.5374875,
  -0.67542593 0 -0.73742784,-0.46155098 0 -0.88711369,
  -0.21622209 0 -0.9763442,-0.13052619 0 -0.99144486] }
}
}
DEF SHAPE_54 Shape {
 appearance USE APP_2
 geometry DEF FACE_54 IndexedFaceSet {
  coord DEF COORD_54 Coordinate { point [
  0 0.66929134 -0.59055118,0.15284589 0.66929134 -0.57042864,
  0.29527559 0.66929134 -0.51143233,0.41758274 0.66929134 -0.41758274,
  0.51143233 0.66929134 -0.29527559,0.57042864 0.66929134 -0.15284589,
  0.59055118 0.66929134 0,0.57042864 0.66929134 0.15284589,
  0.51143233 0.66929134 0.29527559,0.41758274 0.66929134 0.41758274,
  0.29527559 0.66929134 0.51143233,0.15284589 0.66929134 0.57042864,
  0 0.66929134 0.59055118,-0.15284589 0.66929134 0.57042864,
  -0.29527559 0.66929134 0.51143233,-0.41758274 0.66929134 0.41758274,
  -0.51143233 0.66929134 0.29527559,-0.57042864 0.66929134 0.15284589,
  -0.59055118 0.66929134 0,-0.57042864 0.66929134 -0.15284589,
  -0.51143233 0.66929134 -0.29527559,-0.41758274 0.66929134 -0.41758274,
  -0.29527559 0.66929134 -0.51143233,-0.15284589 0.66929134 -0.57042864,
  0 0.66929134 -0.43307087,0.11208699 0.66929134 -0.41831433,
  0.21653543 0.66929134 -0.37505037,0.30622735 0.66929134 -0.30622735,
  0.37505037 0.66929134 -0.21653543,0.41831433 0.66929134 -0.11208699,
  0.43307087 0.66929134 0,0.41831433 0.66929134 0.11208699,
  0.37505037 0.66929134 0.21653543,0.30622735 0.66929134 0.30622735,
  0.21653543 0.66929134 0.37505037,0.11208699 0.66929134 0.41831433,
  0 0.66929134 0.43307087,-0.11208699 0.66929134 0.41831433,
  -0.21653543 0.66929134 0.37505037,-0.30622735 0.66929134 0.30622735,
  -0.37505037 0.66929134 0.21653543,-0.41831433 0.66929134 0.11208699,
  -0.43307087 0.66929134 0,-0.41831433 0.66929134 -0.11208699,
  -0.37505037 0.66929134 -0.21653543,-0.30622735 0.66929134 -0.30622735,
  -0.21653543 0.66929134 -0.37505037,-0.11208699 0.66929134 -0.41831433] }
 coordIndex [
  38,14,15,-1,38,15,39,-1,40,15,16,-1,40,39,15,-1,41,16,17,-1,41,40,16,-1,37,13,14,-1,37,14,38,-1,
  42,17,18,-1,42,41,17,-1,36,12,13,-1,36,13,37,-1,43,18,19,-1,43,42,18,-1,35,11,12,-1,35,12,36,-1,
  44,19,20,-1,44,43,19,-1,34,10,11,-1,34,11,35,-1,45,20,21,-1,45,44,20,-1,9,34,33,-1,9,10,34,-1,
  22,46,45,-1,22,45,21,-1,8,9,33,-1,8,33,32,-1,31,8,32,-1,23,46,22,-1,23,47,46,-1,7,8,31,-1,
  0,47,23,-1,0,24,47,-1,6,7,31,-1,6,30,29,-1,6,31,30,-1,1,25,24,-1,1,24,0,-1,5,6,29,-1,
  2,26,25,-1,2,27,26,-1,2,25,1,-1,4,28,27,-1,4,29,28,-1,4,5,29,-1,3,27,2,-1,3,4,27,-1]
  normalPerVertex TRUE
  normal DEF NORM_54 Normal { vector [
  0 -1 0,0 -1 0,
  0 -1 0,0 -1 0,
  0 -1 0,0 -1 0,
  0 -1 0,0 -1 0,
  0 -1 0,0 -1 0,
  0 -1 0,0 -1 0,
  0 -1 0,0 -1 0,
  0 -1 0,0 -1 0,
  0 -1 0,0 -1 0,
  0 -1 0,0 -1 0,
  0 -1 0,0 -1 0,
  0 -1 0,0 -1 0,
  0 -1 0,0 -1 0,
  0 -1 0,0 -1 0,
  0 -1 0,0 -1 0,
  0 -1 0,0 -1 0,
  0 -1 0,0 -1 0,
  0 -1 0,0 -1 0,
  0 -1 0,0 -1 0,
  0 -1 0,0 -1 0,
  0 -1 0,0 -1 0,
  0 -1 0,0 -1 0,
  0 -1 0,0 -1 0,
  0 -1 0,0 -1 0] }
}
}
DEF SHAPE_55 Shape {
 appearance USE APP_2
 geometry DEF FACE_55 IndexedFaceSet {
  coord DEF COORD_55 Coordinate { point [
  0 0.94488189 -0.62992126,-0.16303562 0.94488189 -0.60845721,
  -0.31496063 0.94488189 -0.54552781,-0.44542159 0.94488189 -0.44542159,
  -0.54552781 0.94488189 -0.31496063,-0.60845721 0.94488189 -0.16303562,
  -0.62992126 0.94488189 0,-0.60845721 0.94488189 0.16303562,
  -0.54552781 0.94488189 0.31496063,-0.44542159 0.94488189 0.44542159,
  -0.31496063 0.94488189 0.54552781,-0.16303562 0.94488189 0.60845721,
  0 0.94488189 0.62992126,0 0.70866142 -0.62992126,
  0 0.70866142 -0.62992126,0.16303562 0.70866142 -0.60845721,
  0.31496063 0.70866142 -0.54552781,0.44542159 0.70866142 -0.44542159,
  0.54552781 0.70866142 -0.31496063,0.60845721 0.70866142 -0.16303562,
  0.62992126 0.70866142 0,0.60845721 0.70866142 0.16303562,
  0.54552781 0.70866142 0.31496063,0.44542159 0.70866142 0.44542159,
  0.31496063 0.70866142 0.54552781,0.16303562 0.70866142 0.60845721,
  0 0.70866142 0.62992126,-0.16303562 0.70866142 0.60845721,
  -0.31496063 0.70866142 0.54552781,-0.44542159 0.70866142 0.44542159,
  -0.54552781 0.70866142 0.31496063,-0.60845721 0.70866142 0.16303562,
  -0.62992126 0.70866142 0,-0.60845721 0.70866142 -0.16303562,
  -0.54552781 0.70866142 -0.31496063,-0.44542159 0.70866142 -0.44542159,
  -0.31496063 0.70866142 -0.54552781,-0.16303562 0.70866142 -0.60845721,
  0 0.94488189 -0.62992126,0.16303562 0.94488189 0.60845721,
  0.31496063 0.94488189 0.54552781,0.44542159 0.94488189 0.44542159,
  0.54552781 0.94488189 0.31496063,0.60845721 0.94488189 0.16303562,
  0.62992126 0.94488189 0,0.60845721 0.94488189 -0.16303562,
  0.54552781 0.94488189 -0.31496063,0.44542159 0.94488189 -0.44542159,
  0.31496063 0.94488189 -0.54552781,0.16303562 0.94488189 -0.60845721] }
 coordIndex [
  15,14,38,-1,15,38,49,-1,16,49,48,-1,16,15,49,-1,17,48,47,-1,17,16,48,-1,18,47,46,-1,18,17,47,-1,
  19,46,45,-1,19,18,46,-1,20,45,44,-1,20,19,45,-1,21,44,43,-1,21,20,44,-1,22,43,42,-1,22,21,43,-1,
  23,42,41,-1,23,22,42,-1,24,40,39,-1,24,41,40,-1,24,23,41,-1,25,39,12,-1,25,24,39,-1,26,25,12,-1,
  27,26,12,-1,27,12,11,-1,28,11,10,-1,28,27,11,-1,29,10,9,-1,29,28,10,-1,30,29,9,-1,30,8,7,-1,
  30,9,8,-1,31,30,7,-1,32,6,5,-1,32,7,6,-1,32,31,7,-1,33,32,5,-1,34,5,4,-1,34,33,5,-1,
  35,4,3,-1,35,34,4,-1,36,3,2,-1,36,35,3,-1,37,1,0,-1,37,2,1,-1,37,36,2,-1,13,37,0,-1]
  normalPerVertex TRUE
  normal DEF NORM_55 Normal { vector [
  -0.13052619 0 -0.99144486,-0.25881905 0 -0.96592583,
  -0.46155098 0 -0.88711369,-0.67542593 0 -0.73742784,
  -0.84327172 0 -0.5374875,-0.96592583 0 -0.25881905,
  -1 0 0,-0.96592583 0 0.25881905,
  -0.8660254 0 0.5,-0.73742784 0 0.67542593,
  -0.5374875 0 0.84327172,-0.30091828 0 0.95364993,
  0 0 1,-0.13052619 0 -0.99144486,
  0.13052619 0 -0.99144486,0.21622209 0 -0.9763442,
  0.46155098 0 -0.88711369,0.67542593 0 -0.73742784,
  0.84327172 0 -0.5374875,0.95364993 0 -0.30091828,
  0.99903848 0 -0.04384197,0.9763442 0 0.21622209,
  0.88711369 0 0.46155098,0.73742784 0 0.67542593,
  0.5 0 0.8660254,0.21622209 0 0.9763442,
  0 0 1,-0.21622209 0 0.9763442,
  -0.46155098 0 0.88711369,-0.67542593 0 0.73742784,
  -0.8660254 0 0.5,-0.96592583 0 0.25881905,
  -1 0 0,-0.96592583 0 -0.25881905,
  -0.88711369 0 -0.46155098,-0.73742784 0 -0.67542593,
  -0.5374875 0 -0.84327172,-0.25881905 0 -0.96592583,
  0.13052619 0 -0.99144486,0.30091828 0 0.95364993,
  0.5 0 0.8660254,0.67542593 0 0.73742784,
  0.84327172 0 0.5374875,0.95364993 0 0.30091828,
  0.99903848 0 0.04384197,0.9763442 0 -0.21622209,
  0.88711369 0 -0.46155098,0.73742784 0 -0.67542593,
  0.5374875 0 -0.84327172,0.30091828 0 -0.95364993] }
}
}
DEF SHAPE_56 Shape {
 appearance USE APP_2
 geometry DEF FACE_56 IndexedFaceSet {
  coord DEF COORD_56 Coordinate { point [
  0 0.98425197 0.59055118,0.15284589 0.98425197 0.57042864,
  0.29527559 0.98425197 0.51143233,0.41758274 0.98425197 0.41758274,
  0.51143233 0.98425197 0.29527559,0.57042864 0.98425197 0.15284589,
  0.59055118 0.98425197 0,0.57042864 0.98425197 -0.15284589,
  0.51143233 0.98425197 -0.29527559,0.41758274 0.98425197 -0.41758274,
  0.29527559 0.98425197 -0.51143233,0.15284589 0.98425197 -0.57042864,
  0 0.98425197 -0.59055118,-0.15284589 0.98425197 -0.57042864,
  -0.29527559 0.98425197 -0.51143233,-0.41758274 0.98425197 -0.41758274,
  -0.51143233 0.98425197 -0.29527559,-0.57042864 0.98425197 -0.15284589,
  -0.59055118 0.98425197 0,-0.57042864 0.98425197 0.15284589,
  -0.51143233 0.98425197 0.29527559,-0.41758274 0.98425197 0.41758274,
  -0.29527559 0.98425197 0.51143233,-0.15284589 0.98425197 0.57042864,
  0 0.98425197 0.43307087,0.11208699 0.98425197 0.41831433,
  0.21653543 0.98425197 0.37505037,0.30622735 0.98425197 0.30622735,
  0.37505037 0.98425197 0.21653543,0.41831433 0.98425197 0.11208699,
  0.43307087 0.98425197 0,0.41831433 0.98425197 -0.11208699,
  0.37505037 0.98425197 -0.21653543,0.30622735 0.98425197 -0.30622735,
  0.21653543 0.98425197 -0.37505037,0.11208699 0.98425197 -0.41831433,
  0 0.98425197 -0.43307087,-0.11208699 0.98425197 -0.41831433,
  -0.21653543 0.98425197 -0.37505037,-0.30622735 0.98425197 -0.30622735,
  -0.37505037 0.98425197 -0.21653543,-0.41831433 0.98425197 -0.11208699,
  -0.43307087 0.98425197 0,-0.41831433 0.98425197 0.11208699,
  -0.37505037 0.98425197 0.21653543,-0.30622735 0.98425197 0.30622735,
  -0.21653543 0.98425197 0.37505037,-0.11208699 0.98425197 0.41831433] }
 coordIndex [
  38,13,14,-1,38,14,15,-1,38,15,39,-1,40,15,16,-1,40,39,15,-1,41,16,17,-1,41,40,16,-1,37,13,38,-1,
  42,17,18,-1,42,41,17,-1,36,12,13,-1,36,13,37,-1,43,18,19,-1,43,42,18,-1,35,11,12,-1,35,12,36,-1,
  10,11,35,-1,44,19,20,-1,44,43,19,-1,34,10,35,-1,45,20,21,-1,45,44,20,-1,33,10,34,-1,9,10,33,-1,
  22,46,45,-1,22,45,21,-1,8,9,33,-1,8,33,32,-1,23,47,46,-1,23,46,22,-1,7,32,31,-1,7,8,32,-1,
  30,7,31,-1,0,47,23,-1,0,24,47,-1,6,7,30,-1,1,25,24,-1,1,26,25,-1,1,24,0,-1,5,30,29,-1,
  5,6,30,-1,4,5,29,-1,4,29,28,-1,2,26,1,-1,3,4,28,-1,3,27,26,-1,3,28,27,-1,3,26,2,-1]
  normalPerVertex TRUE
  normal DEF NORM_56 Normal { vector [
  0 1 0,0 1 0,
  0 1 0,0 1 0,
  0 1 0,0 1 0,
  0 1 0,0 1 0,
  0 1 0,0 1 0,
  0 1 0,0 1 0,
  0 1 0,0 1 0,
  0 1 0,0 1 0,
  0 1 0,0 1 0,
  0 1 0,0 1 0,
  0 1 0,0 1 0,
  0 1 0,0 1 0,
  0 1 0,0 1 0,
  0 1 0,0 1 0,
  0 1 0,0 1 0,
  0 1 0,0 1 0,
  0 1 0,0 1 0,
  0 1 0,0 1 0,
  0 1 0,0 1 0,
  0 1 0,0 1 0,
  0 1 0,0 1 0,
  0 1 0,0 1 0,
  0 1 0,0 1 0,
  0 1 0,0 1 0] }
}
}
DEF SHAPE_57 Shape {
 appearance USE APP_2
 geometry DEF FACE_57 IndexedFaceSet {
  coord DEF COORD_57 Coordinate { point [
  0 1.023622 0.39370079,0.10189726 1.023622 0.38028576,
  0.19685039 1.023622 0.34095488,0.2783885 1.023622 0.2783885,
  0.34095488 1.023622 0.19685039,0.38028576 1.023622 0.10189726,
  0.39370079 1.023622 0,0.38028576 1.023622 -0.10189726,
  0.34095488 1.023622 -0.19685039,0.2783885 1.023622 -0.2783885,
  0.19685039 1.023622 -0.34095488,0.10189726 1.023622 -0.38028576,
  0 1.023622 -0.39370079,-0.10189726 1.023622 -0.38028576,
  -0.19685039 1.023622 -0.34095488,-0.2783885 1.023622 -0.2783885,
  -0.34095488 1.023622 -0.19685039,-0.38028576 1.023622 -0.10189726,
  -0.39370079 1.023622 0,-0.38028576 1.023622 0.10189726,
  -0.34095488 1.023622 0.19685039,-0.2783885 1.023622 0.2783885,
  -0.19685039 1.023622 0.34095488,-0.10189726 1.023622 0.38028576,
  0 1.023622 0.39370079,0 2.4409449 0.39370079,
  0 2.4409449 0.39370079,0.10189726 2.4409449 0.38028576,
  0.19685039 2.4409449 0.34095488,0.2783885 2.4409449 0.2783885,
  0.34095488 2.4409449 0.19685039,0.38028576 2.4409449 0.10189726,
  0.39370079 2.4409449 0,0.38028576 2.4409449 -0.10189726,
  0.34095488 2.4409449 -0.19685039,0.2783885 2.4409449 -0.2783885,
  0.19685039 2.4409449 -0.34095488,0.10189726 2.4409449 -0.38028576,
  0 2.4409449 -0.39370079,-0.10189726 2.4409449 -0.38028576,
  -0.19685039 2.4409449 -0.34095488,-0.2783885 2.4409449 -0.2783885,
  -0.34095488 2.4409449 -0.19685039,-0.38028576 2.4409449 -0.10189726,
  -0.39370079 2.4409449 0,-0.38028576 2.4409449 0.10189726,
  -0.34095488 2.4409449 0.19685039,-0.2783885 2.4409449 0.2783885,
  -0.19685039 2.4409449 0.34095488,-0.10189726 2.4409449 0.38028576] }
 coordIndex [
  23,24,25,-1,23,25,49,-1,22,49,48,-1,22,23,49,-1,21,48,47,-1,21,22,48,-1,20,47,46,-1,20,21,47,-1,
  19,45,44,-1,19,46,45,-1,19,20,46,-1,18,19,44,-1,17,44,43,-1,17,18,44,-1,16,43,42,-1,16,17,43,-1,
  15,42,41,-1,15,16,42,-1,14,40,39,-1,14,41,40,-1,14,15,41,-1,13,14,39,-1,12,13,39,-1,12,39,38,-1,
  11,12,38,-1,11,38,37,-1,10,11,37,-1,10,37,36,-1,9,10,36,-1,9,36,35,-1,8,9,35,-1,8,35,34,-1,
  7,8,34,-1,7,34,33,-1,6,7,33,-1,6,33,32,-1,5,32,31,-1,5,6,32,-1,4,31,30,-1,4,5,31,-1,
  3,30,29,-1,3,4,30,-1,2,29,28,-1,2,3,29,-1,1,28,27,-1,1,2,28,-1,0,27,26,-1,0,1,27,-1]
  normalPerVertex TRUE
  normal DEF NORM_57 Normal { vector [
  0.13052619 0 0.99144486,0.30091828 0 0.95364993,
  0.5374875 0 0.84327172,0.73742784 0 0.67542593,
  0.88711369 0 0.46155098,0.9763442 0 0.21622209,
  0.99903848 0 -0.04384197,0.95364993 0 -0.30091828,
  0.84327172 0 -0.5374875,0.67542593 0 -0.73742784,
  0.46155098 0 -0.88711369,0.21622209 0 -0.9763442,
  -0.04384197 0 -0.99903848,-0.25881905 0 -0.96592583,
  -0.5 0 -0.8660254,-0.73742784 0 -0.67542593,
  -0.88711369 0 -0.46155098,-0.9763442 0 -0.21622209,
  -1 0 0,-0.96592583 0 0.25881905,
  -0.84327172 0 0.5374875,-0.67542593 0 0.73742784,
  -0.46155098 0 0.88711369,-0.21622209 0 0.9763442,
  -0.13052619 0 0.99144486,-0.13052619 0 0.99144486,
  0.13052619 0 0.99144486,0.21622209 0 0.9763442,
  0.46155098 0 0.88711369,0.67542593 0 0.73742784,
  0.84327172 0 0.5374875,0.95364993 0 0.30091828,
  0.99903848 0 0.04384197,0.9763442 0 -0.21622209,
  0.88711369 0 -0.46155098,0.73742784 0 -0.67542593,
  0.5374875 0 -0.84327172,0.30091828 0 -0.95364993,
  0.04384197 0 -0.99903848,-0.25881905 0 -0.96592583,
  -0.5 0 -0.8660254,-0.67542593 0 -0.73742784,
  -0.84327172 0 -0.5374875,-0.95364993 0 -0.30091828,
  -1 0 0,-0.96592583 0 0.25881905,
  -0.88711369 0 0.46155098,-0.73742784 0 0.67542593,
  -0.5374875 0 0.84327172,-0.30091828 0 0.95364993] }
}
}
DEF SHAPE_58 Shape {
 appearance USE APP_2
 geometry DEF FACE_58 IndexedFaceSet {
  coord DEF COORD_58 Coordinate { point [
  0 2.5590551 -0.43307087,0.11208699 2.5590551 -0.41831433,
  0.21653543 2.5590551 -0.37505037,0.30622735 2.5590551 -0.30622735,
  0.37505037 2.5590551 -0.21653543,0.41831433 2.5590551 -0.11208699,
  0.43307087 2.5590551 0,0.41831433 2.5590551 0.11208699,
  0.37505037 2.5590551 0.21653543,0.30622735 2.5590551 0.30622735,
  0.21653543 2.5590551 0.37505037,0.11208699 2.5590551 0.41831433,
  0 2.5590551 0.43307087,-0.11208699 2.5590551 0.41831433,
  -0.21653543 2.5590551 0.37505037,-0.30622735 2.5590551 0.30622735,
  -0.37505037 2.5590551 0.21653543,-0.41831433 2.5590551 0.11208699,
  -0.43307087 2.5590551 0,-0.41831433 2.5590551 -0.11208699,
  -0.37505037 2.5590551 -0.21653543,-0.30622735 2.5590551 -0.30622735,
  -0.21653543 2.5590551 -0.37505037,-0.11208699 2.5590551 -0.41831433,
  0 2.5590551 -0.43307087,0 2.480315 -0.35433071,
  0 2.5006944 -0.35701371,0 2.519685 -0.36487989,
  0 2.5359927 -0.37739317,0 2.5485059 -0.39370079,
  0 2.5563721 -0.41269142,0.091707536 2.480315 -0.34225718,
  0.17716535 2.480315 -0.3068594,0.25054965 2.480315 -0.25054965,
  0.3068594 2.480315 -0.17716535,0.34225718 2.480315 -0.091707536,
  0.35433071 2.480315 0,0.34225718 2.480315 0.091707536,
  0.3068594 2.480315 0.17716535,0.25054965 2.480315 0.25054965,
  0.17716535 2.480315 0.3068594,0.091707536 2.480315 0.34225718,
  0 2.480315 0.35433071,-0.091707536 2.480315 0.34225718,
  -0.17716535 2.480315 0.3068594,-0.25054965 2.480315 0.25054965,
  -0.3068594 2.480315 0.17716535,-0.34225718 2.480315 0.091707536,
  -0.35433071 2.480315 0,-0.34225718 2.480315 -0.091707536,
  -0.3068594 2.480315 -0.17716535,-0.25054965 2.480315 -0.25054965,
  -0.17716535 2.480315 -0.3068594,-0.091707536 2.480315 -0.34225718,
  0 2.480315 -0.35433071,0 2.5006944 -0.35701371,
  0 2.519685 -0.36487989,0 2.5359927 -0.37739317,
  0 2.5485059 -0.39370079,0 2.5563721 -0.41269142,
  0.092401949 2.5006944 -0.34484877,0.094437865 2.519685 -0.35244691,
  0.097676539 2.5359927 -0.36453381,0.10189726 2.5485059 -0.38028576,
  0.1068124 2.5563721 -0.39862929,0.17850686 2.5006944 -0.30918295,
  0.18243994 2.519685 -0.31599525,0.18869658 2.5359927 -0.32683207,
  0.19685039 2.5485059 -0.34095488,0.20634571 2.5563721 -0.35740125,
  0.25244682 2.5006944 -0.25244682,0.25800904 2.519685 -0.25800904,
  0.26685727 2.5359927 -0.26685727,0.2783885 2.5485059 -0.2783885,
  0.2918169 2.5563721 -0.2918169,0.30918295 2.5006944 -0.17850686,
  0.31599525 2.519685 -0.18243994,0.32683207 2.5359927 -0.18869658,
  0.34095488 2.5485059 -0.19685039,0.35740125 2.5563721 -0.20634571,
  0.34484877 2.5006944 -0.092401949,0.35244691 2.519685 -0.094437865,
  0.36453381 2.5359927 -0.097676539,0.38028576 2.5485059 -0.10189726,
  0.39862929 2.5563721 -0.1068124,0.35701371 2.5006944 0,
  0.36487989 2.519685 0,0.37739317 2.5359927 0,
  0.39370079 2.5485059 0,0.41269141 2.5563721 0,
  0.34484877 2.5006944 0.092401949,0.35244691 2.519685 0.094437865,
  0.36453381 2.5359927 0.097676539,0.38028576 2.5485059 0.10189726,
  0.39862929 2.5563721 0.1068124,0.30918295 2.5006944 0.17850686,
  0.31599525 2.519685 0.18243994,0.32683207 2.5359927 0.18869658,
  0.34095488 2.5485059 0.19685039,0.35740125 2.5563721 0.20634571,
  0.25244682 2.5006944 0.25244682,0.25800904 2.519685 0.25800904,
  0.26685727 2.5359927 0.26685727,0.2783885 2.5485059 0.2783885,
  0.2918169 2.5563721 0.2918169,0.17850686 2.5006944 0.30918295,
  0.18243994 2.519685 0.31599525,0.18869658 2.5359927 0.32683207,
  0.19685039 2.5485059 0.34095488,0.20634571 2.5563721 0.35740125,
  0.092401949 2.5006944 0.34484877,0.094437865 2.519685 0.35244691,
  0.097676539 2.5359927 0.36453381,0.10189726 2.5485059 0.38028576,
  0.1068124 2.5563721 0.39862929,0 2.5006944 0.35701371,
  0 2.519685 0.36487989,0 2.5359927 0.37739317,
  0 2.5485059 0.39370079,0 2.5563721 0.41269141,
  -0.092401949 2.5006944 0.34484877,-0.094437865 2.519685 0.35244691,
  -0.097676539 2.5359927 0.36453381,-0.10189726 2.5485059 0.38028576,
  -0.1068124 2.5563721 0.39862929,-0.17850686 2.5006944 0.30918295,
  -0.18243994 2.519685 0.31599525,-0.18869658 2.5359927 0.32683207,
  -0.19685039 2.5485059 0.34095488,-0.20634571 2.5563721 0.35740125,
  -0.25244682 2.5006944 0.25244682,-0.25800904 2.519685 0.25800904,
  -0.26685727 2.5359927 0.26685727,-0.2783885 2.5485059 0.2783885,
  -0.2918169 2.5563721 0.2918169,-0.30918295 2.5006944 0.17850686,
  -0.31599525 2.519685 0.18243994,-0.32683207 2.5359927 0.18869658,
  -0.34095488 2.5485059 0.19685039,-0.35740125 2.5563721 0.20634571,
  -0.34484877 2.5006944 0.092401949,-0.35244691 2.519685 0.094437865,
  -0.36453381 2.5359927 0.097676539,-0.38028576 2.5485059 0.10189726,
  -0.39862929 2.5563721 0.1068124,-0.35701371 2.5006944 0,
  -0.36487989 2.519685 0,-0.37739317 2.5359927 0,
  -0.39370079 2.5485059 0,-0.41269141 2.5563721 0,
  -0.34484877 2.5006944 -0.092401949,-0.35244691 2.519685 -0.094437865,
  -0.36453381 2.5359927 -0.097676539,-0.38028576 2.5485059 -0.10189726,
  -0.39862929 2.5563721 -0.1068124,-0.30918295 2.5006944 -0.17850686,
  -0.31599525 2.519685 -0.18243994,-0.32683207 2.5359927 -0.18869658,
  -0.34095488 2.5485059 -0.19685039,-0.35740125 2.5563721 -0.20634571,
  -0.25244682 2.5006944 -0.25244682,-0.25800904 2.519685 -0.25800904,
  -0.26685727 2.5359927 -0.26685727,-0.2783885 2.5485059 -0.2783885,
  -0.2918169 2.5563721 -0.2918169,-0.17850686 2.5006944 -0.30918295,
  -0.18243994 2.519685 -0.31599525,-0.18869658 2.5359927 -0.32683207,
  -0.19685039 2.5485059 -0.34095488,-0.20634571 2.5563721 -0.35740125,
  -0.092401949 2.5006944 -0.34484877,-0.094437865 2.519685 -0.35244691,
  -0.097676539 2.5359927 -0.36453381,-0.10189726 2.5485059 -0.38028576,
  -0.1068124 2.5563721 -0.39862929] }
 coordIndex [
  24,23,59,-1,60,26,25,-1,60,25,31,-1,61,27,26,-1,61,26,60,-1,62,27,61,-1,62,28,27,-1,63,29,28,-1,
  63,28,62,-1,64,1,0,-1,64,30,29,-1,64,0,30,-1,64,29,63,-1,65,60,31,-1,65,31,32,-1,66,60,65,-1,
  66,61,60,-1,67,62,61,-1,67,61,66,-1,68,63,62,-1,68,62,67,-1,69,2,1,-1,69,63,68,-1,69,64,63,-1,
  69,1,64,-1,70,32,33,-1,70,65,32,-1,71,65,70,-1,71,66,65,-1,72,67,66,-1,72,66,71,-1,73,68,67,-1,
  73,67,72,-1,74,3,2,-1,74,69,68,-1,74,68,73,-1,74,2,69,-1,75,70,33,-1,75,33,34,-1,76,70,75,-1,
  76,71,70,-1,77,72,71,-1,77,71,76,-1,78,72,77,-1,78,73,72,-1,79,4,3,-1,79,73,78,-1,79,3,74,-1,
  79,74,73,-1,80,34,35,-1,80,75,34,-1,81,76,75,-1,81,75,80,-1,82,76,81,-1,82,77,76,-1,83,77,82,-1,
  83,78,77,-1,84,5,4,-1,84,4,79,-1,84,78,83,-1,84,79,78,-1,85,35,36,-1,85,80,35,-1,86,81,80,-1,
  86,80,85,-1,87,81,86,-1,87,83,82,-1,87,82,81,-1,88,83,87,-1,89,83,88,-1,89,5,84,-1,89,6,5,-1,
  89,84,83,-1,90,85,36,-1,90,36,37,-1,90,86,85,-1,91,86,90,-1,92,86,91,-1,92,87,86,-1,93,89,88,-1,
  93,88,87,-1,93,87,92,-1,94,6,89,-1,94,7,6,-1,94,89,93,-1,95,90,37,-1,95,37,38,-1,96,90,95,-1,
  96,91,90,-1,97,91,96,-1,97,92,91,-1,98,93,92,-1,98,92,97,-1,99,8,7,-1,99,93,98,-1,99,7,94,-1,
  99,94,93,-1,100,95,38,-1,100,38,39,-1,101,95,100,-1,101,96,95,-1,102,97,96,-1,102,98,97,-1,102,96,101,-1,
  103,98,102,-1,104,9,8,-1,104,8,99,-1,104,99,98,-1,104,98,103,-1,105,100,39,-1,105,39,40,-1,106,100,105,-1,
  106,101,100,-1,107,102,101,-1,107,101,106,-1,108,103,102,-1,108,104,103,-1,108,102,107,-1,109,10,9,-1,109,9,104,-1,
  109,104,108,-1,110,106,105,-1,110,40,41,-1,110,105,40,-1,111,106,110,-1,112,107,106,-1,112,106,111,-1,113,107,112,-1,
  113,108,107,-1,114,11,10,-1,114,10,109,-1,114,109,108,-1,114,108,113,-1,115,41,42,-1,115,42,43,-1,115,110,41,-1,
  116,111,110,-1,116,110,115,-1,117,111,116,-1,117,112,111,-1,118,113,112,-1,118,112,117,-1,119,12,11,-1,119,11,114,-1,
  119,114,113,-1,119,113,118,-1,120,115,43,-1,120,43,44,-1,121,115,120,-1,121,116,115,-1,121,117,116,-1,122,117,121,-1,
  123,117,122,-1,123,118,117,-1,123,119,118,-1,124,119,123,-1,124,13,12,-1,124,12,119,-1,125,120,44,-1,125,121,120,-1,
  126,121,125,-1,127,122,121,-1,127,121,126,-1,128,123,122,-1,128,122,127,-1,129,13,124,-1,129,14,13,-1,129,124,123,-1,
  129,123,128,-1,130,125,44,-1,130,44,45,-1,131,126,125,-1,131,125,130,-1,132,127,126,-1,132,126,131,-1,133,127,132,-1,
  133,128,127,-1,134,14,129,-1,134,15,14,-1,134,129,128,-1,134,128,133,-1,135,130,45,-1,135,45,46,-1,136,131,130,-1,
  136,130,135,-1,137,131,136,-1,137,132,131,-1,138,133,132,-1,138,132,137,-1,139,16,15,-1,139,133,138,-1,139,15,134,-1,
  139,134,133,-1,140,135,46,-1,140,46,47,-1,140,47,48,-1,141,135,140,-1,141,136,135,-1,141,137,136,-1,142,138,137,-1,
  142,137,141,-1,143,138,142,-1,144,17,16,-1,144,16,139,-1,144,139,138,-1,144,138,143,-1,145,140,48,-1,146,141,140,-1,
  146,140,145,-1,146,142,141,-1,147,143,142,-1,147,142,146,-1,148,143,147,-1,149,18,17,-1,149,19,18,-1,149,17,144,-1,
  149,144,143,-1,149,143,148,-1,150,48,49,-1,150,145,48,-1,151,145,150,-1,151,146,145,-1,151,147,146,-1,152,148,147,-1,
  152,147,151,-1,153,148,152,-1,154,19,149,-1,154,149,148,-1,154,148,153,-1,155,49,50,-1,155,50,51,-1,155,150,49,-1,
  156,150,155,-1,156,151,150,-1,157,151,156,-1,157,152,151,-1,158,152,157,-1,158,153,152,-1,158,154,153,-1,159,154,158,-1,
  159,20,19,-1,159,21,20,-1,159,19,154,-1,160,155,51,-1,161,156,155,-1,161,157,156,-1,161,155,160,-1,162,158,157,-1,
  162,157,161,-1,163,158,162,-1,164,159,158,-1,164,158,163,-1,164,21,159,-1,165,160,51,-1,165,51,52,-1,166,162,161,-1,
  166,161,160,-1,166,160,165,-1,167,163,162,-1,167,162,166,-1,168,163,167,-1,169,22,21,-1,169,23,22,-1,169,21,164,-1,
  169,164,163,-1,169,163,168,-1,170,166,165,-1,170,165,52,-1,170,52,53,-1,170,53,54,-1,170,54,55,-1,170,55,56,-1,
  171,166,170,-1,171,170,56,-1,172,167,166,-1,172,171,56,-1,172,56,57,-1,172,57,58,-1,172,166,171,-1,173,168,167,-1,
  173,169,168,-1,173,167,172,-1,173,172,58,-1,174,23,169,-1,174,169,173,-1,174,173,58,-1,174,58,59,-1,174,59,23,-1]
  normalPerVertex TRUE
  normal DEF NORM_58 Normal { vector [
  -0.017181552 0.99129851 0.13050689,-0.039138575 0.99142962 0.12464143,
  -0.070064536 0.99142962 0.11026457,-0.096215715 0.99142962 0.088373358,
  -0.11580995 0.99142962 0.060459649,-0.12751193 0.99142962 0.028425715,
  -0.13052419 0.99142962 -0.0055453842,-0.12464143 0.99142962 -0.039138575,
  -0.11026457 0.99142962 -0.070064536,-0.088373358 0.99142962 -0.096215715,
  -0.060459649 0.99142962 -0.11580995,-0.028425715 0.99142962 -0.12751193,
  0.0055453842 0.99142962 -0.13052419,0.039138575 0.99142962 -0.12464143,
  0.070064536 0.99142962 -0.11026457,0.096215715 0.99142962 -0.088373358,
  0.11580995 0.99142962 -0.060459649,0.12751193 0.99142962 -0.028425715,
  0.13052619 0.99144486 0,0.12607862 0.99144486 0.033782664,
  0.113039 0.99144486 0.065263096,0.092295956 0.99144486 0.092295956,
  0.065263096 0.99144486 0.113039,0.033782661 0.99144486 0.1260786,
  0.017181554 0.99129852 0.13050686,-0.1294283 0.12942828 0.98310561,
  -0.12454768 0.29917947 0.94603357,-0.11027209 0.53503906 0.83759971,
  -0.088452626 0.73537362 0.6718644,-0.060491415 0.88612689 0.45947788,
  -0.03405441 0.96536557 0.25866892,-0.29855733 0.13040158 0.94544114,
  -0.53308241 0.13040158 0.83595369,-0.7312788 0.13040158 0.66949738,
  -0.87963975 0.13040158 0.45741593,-0.96805471 0.13040158 0.21416234,
  -0.99049834 0.13040158 -0.043686064,-0.94544114 0.13040158 -0.29855733,
  -0.83595369 0.13040158 -0.53308241,-0.66949738 0.13040158 -0.7312788,
  -0.45741593 0.13040158 -0.87963975,-0.21416234 0.13040158 -0.96805471,
  0 0.13052619 -0.99144486,0.21416234 0.13040158 -0.96805471,
  0.49572243 0.13052619 -0.85861644,0.7312788 0.13040158 -0.66949738,
  0.87963975 0.13040158 -0.45741593,0.9576622 0.13052619 -0.25660481,
  0.99144486 0.13052619 0,0.94544114 0.13040158 0.29855733,
  0.85861644 0.13052619 0.49572243,0.70105738 0.13052619 0.70105738,
  0.45741593 0.13040158 0.87963975,0.25660481 0.13052619 0.9576622,
  0.1294283 0.12942828 0.98310561,0.12615063 0.25675136 0.95820914,
  0.11316201 0.49836416 0.85955077,0.092691599 0.70406259 0.70406259,
  0.065350098 0.86564024 0.49638325,0.028272512 0.97625952 0.21475105,
  -0.24910866 0.25944364 0.93307764,-0.22220594 0.50105784 0.83640036,
  -0.17988884 0.70828568 0.68262098,-0.12507295 0.8669992 0.4823579,
  -0.055734357 0.96640559 0.25090618,-0.48211874 0.25944364 0.83680973,
  -0.4311108 0.50105786 0.75038957,-0.35043459 0.70828568 0.61280257,
  -0.2456546 0.8669992 0.43355069,-0.11877455 0.96640559 0.22793165,
  -0.68227324 0.25944364 0.68351461,-0.61063617 0.50105786 0.61324098,
  -0.4970988 0.70828568 0.50122268,-0.3494953 0.8669992 0.35519772,
  -0.17372046 0.96640559 0.18942395,-0.83593194 0.25944364 0.48363911,
  -0.74854769 0.50105786 0.43430103,-0.60988654 0.70828568 0.3554853,
  -0.42951847 0.8669992 0.25263861,-0.2168276 0.96640559 0.13800732,
  -0.93262326 0.25944364 0.2508044,-0.83544692 0.50105786 0.22576418,
  -0.69483476 0.68861465 0.20739942,-0.49859885 0.85767295 0.12568329,
  -0.2451583 0.96640559 0.07718572,-0.97203404 0.23337907 0.026154051,
  -0.874474 0.48482208 -0.015581264,-0.69210678 0.72165075 0.014436197,
  -0.5 0.8660254 0,-0.27447512 0.96159065 0.0026139012,
  -0.93255883 0.27772191 -0.23066117,-0.81736103 0.52311044 -0.24140506,
  -0.68262098 0.70828568 -0.17988884,-0.46790939 0.87639198 -0.11400838,
  -0.22531879 0.97263695 -0.056646257,-0.83680973 0.25944364 -0.48211874,
  -0.75038957 0.50105786 -0.4311108,-0.63797591 0.68861465 -0.34466883,
  -0.44143414 0.85767295 -0.26369112,-0.22793165 0.96640559 -0.11877455,
  -0.68351461 0.25944364 -0.68227324,-0.61324098 0.50105786 -0.61063617,
  -0.49960133 0.72165075 -0.47918547,-0.35355339 0.8660254 -0.35355339,
  -0.19593153 0.96159065 -0.19223491,-0.50866709 0.23337907 -0.82872915,
  -0.42374323 0.48482208 -0.76510733,-0.3554853 0.70828568 -0.60988654,
  -0.2502458 0.87639198 -0.411478,-0.11926949 0.97263695 -0.1993794,
  -0.26652098 0.27772191 -0.92295022,-0.1996176 0.52311044 -0.82855795,
  -0.18552218 0.70828568 -0.68111153,-0.1328626 0.8669992 -0.48027067,
  -0.07718572 0.96640559 -0.2451583,0.017888258 0.2412651 -0.97029437,
  -0.024096057 0.47729368 -0.87841341,0.012084386 0.69507634 -0.71883436,
  -0.015620129 0.85291976 -0.52180829,-0.0026139012 0.96159065 -0.27447512,
  0.2768438 0.23337907 -0.93214362,0.22390636 0.5015861 -0.8356299,
  0.19408129 0.72599275 -0.65974766,0.11400838 0.87639198 -0.46790939,
  0.056646257 0.97263695 -0.22531879,0.47672878 0.30152727 -0.82571846,
  0.44472799 0.52311044 -0.7270299,0.35043459 0.70828568 -0.61280257,
  0.2456546 0.8669992 -0.43355069,0.11877455 0.96640559 -0.22793165,
  0.68227324 0.25944364 -0.68351461,0.61063617 0.50105786 -0.61324098,
  0.4970988 0.70828568 -0.50122268,0.3494953 0.8669992 -0.35519772,
  0.17372046 0.96640559 -0.18942395,0.83593194 0.25944364 -0.48363911,
  0.7486803 0.47729368 -0.4600745,0.63805826 0.67614758 -0.36838311,
  0.44908028 0.85767295 -0.25044762,0.2168276 0.96640559 -0.13800732,
  0.94186221 0.2412651 -0.23385193,0.82546941 0.50069571 -0.26058407,
  0.68262098 0.70828568 -0.17988884,0.48683679 0.86680091 -0.10791719,
  0.2451583 0.96640559 -0.07718572,0.95834895 0.28450797 0.024949985,
  0.86478634 0.50069571 -0.038057683,0.70591989 0.70828568 0.0029160299,
  0.49817925 0.86680091 0.02176263,0.23811778 0.97121198 -0.0068718448,
  0.93307764 0.25944364 0.24910865,0.83079606 0.51745521 0.20498294,
  0.6515249 0.73826735 0.17457557,0.48296291 0.8660254 0.12940952,
  0.28940737 0.9540597 0.077546472,0.83135544 0.2412651 0.50063887,
  0.77277636 0.47729368 0.41833891,0.63805826 0.67614758 0.36838311,
  0.43080141 0.86749459 0.24872331,0.18605424 0.97664993 0.10741846,
  0.66001274 0.28450797 0.69529735,0.63840713 0.50069571 0.58458544,
  0.4970988 0.70828568 0.50122268,0.33687742 0.86680091 0.36765443,
  0.20717153 0.95901015 0.19333774,0.50866709 0.23337907 0.82872915,
  0.43255386 0.5015861 0.74920527,0.3372541 0.73826735 0.58414124,
  0.25 0.8660254 0.4330127,0.12789373 0.96673304 0.22151844,
  0.24993497 0.25975492 0.93277001,0.22414387 0.5 0.8365163,
  0.1743754 0.69507634 0.69746835,0.14995936 0.86680091 0.47557162,
  0.063849626 0.95901015 0.27608468] }
}
}
DEF SHAPE_59 Shape {
 appearance USE APP_2
 geometry DEF FACE_59 IndexedFaceSet {
  coord DEF COORD_59 Coordinate { point [
  0 2.5590551 -0.49212598,0.12737158 2.5590551 -0.4753572,
  0.24606299 2.5590551 -0.4261936,0.34798562 2.5590551 -0.34798562,
  0.4261936 2.5590551 -0.24606299,0.4753572 2.5590551 -0.12737158,
  0.49212598 2.5590551 0,0.4753572 2.5590551 0.12737158,
  0.4261936 2.5590551 0.24606299,0.34798562 2.5590551 0.34798562,
  0.24606299 2.5590551 0.4261936,0.12737158 2.5590551 0.4753572,
  0 2.5590551 0.49212598,-0.12737158 2.5590551 0.4753572,
  -0.24606299 2.5590551 0.4261936,-0.34798562 2.5590551 0.34798562,
  -0.4261936 2.5590551 0.24606299,-0.4753572 2.5590551 0.12737158,
  -0.49212598 2.5590551 0,-0.4753572 2.5590551 -0.12737158,
  -0.4261936 2.5590551 -0.24606299,-0.34798562 2.5590551 -0.34798562,
  -0.24606299 2.5590551 -0.4261936,-0.12737158 2.5590551 -0.4753572,
  0 2.5590551 -0.43307087,0.11208699 2.5590551 -0.41831433,
  0.21653543 2.5590551 -0.37505037,0.30622735 2.5590551 -0.30622735,
  0.37505037 2.5590551 -0.21653543,0.41831433 2.5590551 -0.11208699,
  0.43307087 2.5590551 0,0.41831433 2.5590551 0.11208699,
  0.37505037 2.5590551 0.21653543,0.30622735 2.5590551 0.30622735,
  0.21653543 2.5590551 0.37505037,0.11208699 2.5590551 0.41831433,
  0 2.5590551 0.43307087,-0.11208699 2.5590551 0.41831433,
  -0.21653543 2.5590551 0.37505037,-0.30622735 2.5590551 0.30622735,
  -0.37505037 2.5590551 0.21653543,-0.41831433 2.5590551 0.11208699,
  -0.43307087 2.5590551 0,-0.41831433 2.5590551 -0.11208699,
  -0.37505037 2.5590551 -0.21653543,-0.30622735 2.5590551 -0.30622735,
  -0.21653543 2.5590551 -0.37505037,-0.11208699 2.5590551 -0.41831433] }
 coordIndex [
  38,15,14,-1,38,39,15,-1,40,16,15,-1,40,15,39,-1,37,14,13,-1,37,38,14,-1,41,17,16,-1,41,16,40,-1,
  36,13,12,-1,36,37,13,-1,42,18,17,-1,42,17,41,-1,43,19,18,-1,43,18,42,-1,35,12,11,-1,35,36,12,-1,
  10,35,11,-1,44,20,19,-1,44,19,43,-1,34,35,10,-1,45,21,20,-1,45,20,44,-1,9,33,34,-1,9,34,10,-1,
  22,45,46,-1,22,21,45,-1,8,33,9,-1,8,32,33,-1,47,22,46,-1,31,32,8,-1,23,22,47,-1,7,31,8,-1,
  0,47,24,-1,0,23,47,-1,6,30,31,-1,6,31,7,-1,29,30,6,-1,25,0,24,-1,1,25,26,-1,1,0,25,-1,
  5,29,6,-1,5,28,29,-1,4,28,5,-1,2,1,26,-1,2,26,27,-1,3,27,28,-1,3,2,27,-1,3,28,4,-1]
  normalPerVertex TRUE
  normal DEF NORM_59 Normal { vector [
  0 1 0,0 1 0,
  0 1 0,0 1 0,
  0 1 0,0 1 0,
  0 1 0,0 1 0,
  0 1 0,0 1 0,
  0 1 0,0 1 0,
  0 1 0,0 1 0,
  0 1 0,0 1 0,
  0 1 0,0 1 0,
  0 1 0,0 1 0,
  0 1 0,0 1 0,
  0 1 0,0 1 0,
  0 1 0,0 1 0,
  0 1 0,0 1 0,
  0 1 0,0 1 0,
  0 1 0,0 1 0,
  0 1 0,0 1 0,
  0 1 0,0 1 0,
  0 1 0,0 1 0,
  0 1 0,0 1 0,
  0 1 0,0 1 0,
  0 1 0,0 1 0,
  0 1 0,0 1 0,
  0 1 0,0 1 0] }
}
}
DEF SHAPE_60 Shape {
 appearance USE APP_2
 geometry DEF FACE_60 IndexedFaceSet {
  coord DEF COORD_60 Coordinate { point [
  0 2.480315 -0.49212598,-0.12737158 2.480315 -0.4753572,
  -0.24606299 2.480315 -0.4261936,-0.34798562 2.480315 -0.34798562,
  -0.4261936 2.480315 -0.24606299,-0.4753572 2.480315 -0.12737158,
  -0.49212598 2.480315 0,-0.4753572 2.480315 0.12737158,
  -0.4261936 2.480315 0.24606299,-0.34798562 2.480315 0.34798562,
  -0.24606299 2.480315 0.4261936,-0.12737158 2.480315 0.4753572,
  0 2.480315 0.49212598,0.12737158 2.480315 0.4753572,
  0.24606299 2.480315 0.4261936,0.34798562 2.480315 0.34798562,
  0.4261936 2.480315 0.24606299,0.4753572 2.480315 0.12737158,
  0.49212598 2.480315 0,0.4753572 2.480315 -0.12737158,
  0.4261936 2.480315 -0.24606299,0.34798562 2.480315 -0.34798562,
  0.24606299 2.480315 -0.4261936,0.12737158 2.480315 -0.4753572,
  0 2.480315 0.43307087,0.11208699 2.480315 0.41831433,
  0.21653543 2.480315 0.37505037,0.30622735 2.480315 0.30622735,
  0.37505037 2.480315 0.21653543,0.41831433 2.480315 0.11208699,
  0.43307087 2.480315 0,0.41831433 2.480315 -0.11208699,
  0.37505037 2.480315 -0.21653543,0.30622735 2.480315 -0.30622735,
  0.21653543 2.480315 -0.37505037,0.11208699 2.480315 -0.41831433,
  0 2.480315 -0.43307087,-0.11208699 2.480315 -0.41831433,
  -0.21653543 2.480315 -0.37505037,-0.30622735 2.480315 -0.30622735,
  -0.37505037 2.480315 -0.21653543,-0.41831433 2.480315 -0.11208699,
  -0.43307087 2.480315 0,-0.41831433 2.480315 0.11208699,
  -0.37505037 2.480315 0.21653543,-0.30622735 2.480315 0.30622735,
  -0.21653543 2.480315 0.37505037,-0.11208699 2.480315 0.41831433] }
 coordIndex [
  39,4,3,-1,38,3,2,-1,38,39,3,-1,40,4,39,-1,37,2,1,-1,37,38,2,-1,41,5,4,-1,41,4,40,-1,
  36,1,0,-1,36,37,1,-1,42,6,5,-1,42,5,41,-1,43,7,6,-1,43,6,42,-1,35,0,23,-1,35,36,0,-1,
  44,8,7,-1,44,7,43,-1,34,23,22,-1,34,35,23,-1,45,9,8,-1,45,8,44,-1,21,33,34,-1,21,34,22,-1,
  32,33,21,-1,10,45,46,-1,10,9,45,-1,20,32,21,-1,47,10,46,-1,31,32,20,-1,11,10,47,-1,19,31,20,-1,
  18,31,19,-1,18,30,31,-1,12,47,24,-1,12,11,47,-1,25,12,24,-1,29,30,18,-1,17,29,18,-1,13,12,25,-1,
  16,29,17,-1,16,28,29,-1,14,25,26,-1,14,13,25,-1,15,26,27,-1,15,27,28,-1,15,14,26,-1,15,28,16,-1]
  normalPerVertex TRUE
  normal DEF NORM_60 Normal { vector [
  0 -1 0,0 -1 0,
  0 -1 0,0 -1 0,
  0 -1 0,0 -1 0,
  0 -1 0,0 -1 0,
  0 -1 0,0 -1 0,
  0 -1 0,0 -1 0,
  0 -1 0,0 -1 0,
  0 -1 0,0 -1 0,
  0 -1 0,0 -1 0,
  0 -1 0,0 -1 0,
  0 -1 0,0 -1 0,
  0 -1 0,0 -1 0,
  0 -1 0,0 -1 0,
  0 -1 0,0 -1 0,
  0 -1 0,0 -1 0,
  0 -1 0,0 -1 0,
  0 -1 0,0 -1 0,
  0 -1 0,0 -1 0,
  0 -1 0,0 -1 0,
  0 -1 0,0 -1 0,
  0 -1 0,0 -1 0,
  0 -1 0,0 -1 0,
  0 -1 0,0 -1 0,
  0 -1 0,0 -1 0] }
}
}
DEF SHAPE_61 Shape {
 appearance USE APP_2
 geometry DEF FACE_61 IndexedFaceSet {
  coord DEF COORD_61 Coordinate { point [
  -0.35433071 0.98425197 0,-0.34225718 0.98425197 -0.091707536,
  -0.3068594 0.98425197 -0.17716535,-0.25054965 0.98425197 -0.25054965,
  -0.17716535 0.98425197 -0.3068594,-0.091707536 0.98425197 -0.34225718,
  0 0.98425197 -0.35433071,0.091707536 0.98425197 -0.34225718,
  0.17716535 0.98425197 -0.3068594,0.25054965 0.98425197 -0.25054965,
  0.3068594 0.98425197 -0.17716535,0.34225718 0.98425197 -0.091707536,
  0.35433071 0.98425197 0,0.34225718 0.98425197 0.091707536,
  0.3068594 0.98425197 0.17716535,0.25054965 0.98425197 0.25054965,
  0.17716535 0.98425197 0.3068594,0.091707536 0.98425197 0.34225718,
  0 0.98425197 0.35433071,-0.091707536 0.98425197 0.34225718,
  -0.17716535 0.98425197 0.3068594,-0.25054965 0.98425197 0.25054965,
  -0.3068594 0.98425197 0.17716535,-0.34225718 0.98425197 0.091707536] }
 coordIndex [
  3,1,0,-1,3,2,1,-1,13,15,14,-1,7,6,5,-1,9,4,3,-1,9,5,4,-1,9,8,7,-1,9,11,10,-1,
  9,12,11,-1,9,13,12,-1,9,16,15,-1,9,17,16,-1,9,18,17,-1,9,19,18,-1,9,20,19,-1,9,21,20,-1,
  9,22,21,-1,9,23,22,-1,9,0,23,-1,9,3,0,-1,9,15,13,-1,9,7,5,-1]
  normalPerVertex TRUE
  normal DEF NORM_61 Normal { vector [
  0 1 0,0 1 0,
  0 1 0,0 1 0,
  0 1 0,0 1 0,
  0 1 0,0 1 0,
  0 1 0,0 1 0,
  0 1 0,0 1 0,
  0 1 0,0 1 0,
  0 1 0,0 1 0,
  0 1 0,0 1 0,
  0 1 0,0 1 0,
  0 1 0,0 1 0,
  0 1 0,0 1 0] }
}
}
DEF SHAPE_62 Shape {
 appearance USE APP_2
 geometry DEF FACE_62 IndexedFaceSet {
  coord DEF COORD_62 Coordinate { point [
  -0.35433071 0.98425197 0,-0.34225718 0.98425197 -0.091707536,
  -0.3068594 0.98425197 -0.17716535,-0.25054965 0.98425197 -0.25054965,
  -0.17716535 0.98425197 -0.3068594,-0.091707536 0.98425197 -0.34225718,
  0 0.98425197 -0.35433071,0.091707536 0.98425197 -0.34225718,
  0.17716535 0.98425197 -0.3068594,0.25054965 0.98425197 -0.25054965,
  0.3068594 0.98425197 -0.17716535,0.34225718 0.98425197 -0.091707536,
  0.35433071 0.98425197 0,0.34225718 0.98425197 0.091707536,
  0.3068594 0.98425197 0.17716535,0.25054965 0.98425197 0.25054965,
  0.17716535 0.98425197 0.3068594,0.091707536 0.98425197 0.34225718,
  0 0.98425197 0.35433071,-0.091707536 0.98425197 0.34225718,
  -0.17716535 0.98425197 0.3068594,-0.25054965 0.98425197 0.25054965,
  -0.3068594 0.98425197 0.17716535,-0.34225718 0.98425197 0.091707536,
  -0.35433071 0.98425197 0,-0.35433071 2.480315 0,
  -0.34225718 2.480315 -0.091707536,-0.3068594 2.480315 -0.17716535,
  -0.25054965 2.480315 -0.25054965,-0.17716535 2.480315 -0.3068594,
  -0.091707536 2.480315 -0.34225718,0 2.480315 -0.35433071,
  0.091707536 2.480315 -0.34225718,0.17716535 2.480315 -0.3068594,
  0.25054965 2.480315 -0.25054965,0.3068594 2.480315 -0.17716535,
  0.34225718 2.480315 -0.091707536,0.35433071 2.480315 0,
  0.34225718 2.480315 0.091707536,0.3068594 2.480315 0.17716535,
  0.25054965 2.480315 0.25054965,0.17716535 2.480315 0.3068594,
  0.091707536 2.480315 0.34225718,0 2.480315 0.35433071,
  -0.091707536 2.480315 0.34225718,-0.17716535 2.480315 0.3068594,
  -0.25054965 2.480315 0.25054965,-0.3068594 2.480315 0.17716535,
  -0.34225718 2.480315 0.091707536,-0.35433071 2.480315 0] }
 coordIndex [
  49,23,24,-1,48,22,23,-1,48,23,49,-1,47,21,22,-1,47,22,48,-1,46,20,21,-1,46,21,47,-1,45,19,20,-1,
  45,20,46,-1,44,18,19,-1,44,19,45,-1,43,17,18,-1,43,18,44,-1,42,16,17,-1,42,17,43,-1,41,15,16,-1,
  41,16,42,-1,40,14,15,-1,40,15,41,-1,39,14,40,-1,38,14,39,-1,38,12,13,-1,38,13,14,-1,37,12,38,-1,
  36,12,37,-1,36,11,12,-1,35,10,11,-1,35,11,36,-1,34,9,10,-1,34,10,35,-1,33,9,34,-1,33,8,9,-1,
  32,6,7,-1,32,7,8,-1,32,8,33,-1,31,6,32,-1,30,5,6,-1,30,6,31,-1,29,4,5,-1,29,5,30,-1,
  28,3,4,-1,28,4,29,-1,27,1,2,-1,27,2,3,-1,27,3,28,-1,26,1,27,-1,25,0,1,-1,25,1,26,-1]
  normalPerVertex TRUE
  normal DEF NORM_62 Normal { vector [
  0.99144486 0 0.13052619,0.96592583 0 0.25881905,
  0.8660254 0 0.5,0.73742784 0 0.67542593,
  0.5374875 0 0.84327172,0.30091828 0 0.95364993,
  0 0 1,-0.25881905 0 0.96592583,
  -0.46155098 0 0.88711369,-0.67542593 0 0.73742784,
  -0.84327172 0 0.5374875,-0.95364993 0 0.30091828,
  -1 0 0,-0.96592583 0 -0.25881905,
  -0.8660254 0 -0.5,-0.67542593 0 -0.73742784,
  -0.46155098 0 -0.88711369,-0.21622209 0 -0.9763442,
  0.04384197 0 -0.99903848,0.30091828 0 -0.95364993,
  0.5374875 0 -0.84327172,0.73742784 0 -0.67542593,
  0.88711369 0 -0.46155098,0.9763442 0 -0.21622209,
  0.99144486 0 -0.13052619,0.99144486 0 0.13052619,
  0.96592583 0 0.25881905,0.8660254 0 0.5,
  0.67542593 0 0.73742784,0.46155098 0 0.88711369,
  0.21622209 0 0.9763442,0 0 1,
  -0.25881905 0 0.96592583,-0.5374875 0 0.84327172,
  -0.73742784 0 0.67542593,-0.88711369 0 0.46155098,
  -0.9763442 0 0.21622209,-1 0 0,
  -0.96592583 0 -0.25881905,-0.8660254 0 -0.5,
  -0.73742784 0 -0.67542593,-0.5374875 0 -0.84327172,
  -0.30091828 0 -0.95364993,-0.04384197 0 -0.99903848,
  0.21622209 0 -0.9763442,0.46155098 0 -0.88711369,
  0.67542593 0 -0.73742784,0.84327172 0 -0.5374875,
  0.95364993 0 -0.30091828,0.99144486 0 -0.13052619] }
}
}
DEF SHAPE_63 Shape {
 appearance USE APP_2
 geometry DEF FACE_63 IndexedFaceSet {
  coord DEF COORD_63 Coordinate { point [
  0 2.480315 0.43307087,0.11208699 2.480315 0.41831433,
  0.21653543 2.480315 0.37505037,0.30622735 2.480315 0.30622735,
  0.37505037 2.480315 0.21653543,0.41831433 2.480315 0.11208699,
  0.43307087 2.480315 0,0.41831433 2.480315 -0.11208699,
  0.37505037 2.480315 -0.21653543,0.30622735 2.480315 -0.30622735,
  0.21653543 2.480315 -0.37505037,0.11208699 2.480315 -0.41831433,
  0 2.480315 -0.43307087,-0.11208699 2.480315 -0.41831433,
  -0.21653543 2.480315 -0.37505037,-0.30622735 2.480315 -0.30622735,
  -0.37505037 2.480315 -0.21653543,-0.41831433 2.480315 -0.11208699,
  -0.43307087 2.480315 0,-0.41831433 2.480315 0.11208699,
  -0.37505037 2.480315 0.21653543,-0.30622735 2.480315 0.30622735,
  -0.21653543 2.480315 0.37505037,-0.11208699 2.480315 0.41831433,
  0 2.480315 0.43307087,0 2.4790471 0.42316018,
  0 2.4749277 0.41319191,0 2.4688676 0.40531616,
  0 2.4608402 0.39909763,0 2.451252 0.39507394,
  0 2.4409449 0.39370079,0 2.4409449 0.39370079,
  0.10189726 2.4409449 0.38028576,0.19685039 2.4409449 0.34095488,
  0.2783885 2.4409449 0.2783885,0.34095488 2.4409449 0.19685039,
  0.38028576 2.4409449 0.10189726,0.39370079 2.4409449 0,
  0.38028576 2.4409449 -0.10189726,0.34095488 2.4409449 -0.19685039,
  0.2783885 2.4409449 -0.2783885,0.19685039 2.4409449 -0.34095488,
  0.10189726 2.4409449 -0.38028576,0 2.4409449 -0.39370079,
  -0.10189726 2.4409449 -0.38028576,-0.19685039 2.4409449 -0.34095488,
  -0.2783885 2.4409449 -0.2783885,-0.34095488 2.4409449 -0.19685039,
  -0.38028576 2.4409449 -0.10189726,-0.39370079 2.4409449 0,
  -0.38028576 2.4409449 0.10189726,-0.34095488 2.4409449 0.19685039,
  -0.2783885 2.4409449 0.2783885,-0.19685039 2.4409449 0.34095488,
  -0.10189726 2.4409449 0.38028576,0 2.4790471 0.42316018,
  0 2.4749277 0.41319191,0 2.4688676 0.40531616,
  0 2.4608402 0.39909763,0 2.451252 0.39507394,
  0.10952191 2.4790471 0.40874134,0.10694194 2.4749277 0.39911274,
  0.10490354 2.4688676 0.39150535,0.10329407 2.4608402 0.38549871,
  0.10225266 2.451252 0.38161213,0.21158009 2.4790471 0.36646746,
  0.20659596 2.4749277 0.35783469,0.20265808 2.4688676 0.35101409,
  0.19954882 2.4608402 0.34562869,0.19753697 2.451252 0.34214407,
  0.29921943 2.4790471 0.29921943,0.2921708 2.4749277 0.2921708,
  0.2866018 2.4688676 0.2866018,0.28220464 2.4608402 0.28220464,
  0.27935947 2.451252 0.27935947,0.36646746 2.4790471 0.21158009,
  0.35783469 2.4749277 0.20659596,0.35101409 2.4688676 0.20265808,
  0.34562869 2.4608402 0.19954882,0.34214407 2.451252 0.19753697,
  0.40874134 2.4790471 0.10952191,0.39911274 2.4749277 0.10694194,
  0.39150535 2.4688676 0.10490354,0.38549871 2.4608402 0.10329407,
  0.38161213 2.451252 0.10225266,0.42316018 2.4790471 0,
  0.41319191 2.4749277 0,0.40531616 2.4688676 0,
  0.39909763 2.4608402 0,0.39507394 2.451252 0,
  0.40874134 2.4790471 -0.10952191,0.39911274 2.4749277 -0.10694194,
  0.39150535 2.4688676 -0.10490354,0.38549871 2.4608402 -0.10329407,
  0.38161213 2.451252 -0.10225266,0.36646746 2.4790471 -0.21158009,
  0.35783469 2.4749277 -0.20659596,0.35101409 2.4688676 -0.20265808,
  0.34562869 2.4608402 -0.19954882,0.34214407 2.451252 -0.19753697,
  0.29921943 2.4790471 -0.29921943,0.2921708 2.4749277 -0.2921708,
  0.2866018 2.4688676 -0.2866018,0.28220464 2.4608402 -0.28220464,
  0.27935947 2.451252 -0.27935947,0.21158009 2.4790471 -0.36646746,
  0.20659596 2.4749277 -0.35783469,0.20265808 2.4688676 -0.35101409,
  0.19954882 2.4608402 -0.34562869,0.19753697 2.451252 -0.34214407,
  0.10952191 2.4790471 -0.40874134,0.10694194 2.4749277 -0.39911274,
  0.10490354 2.4688676 -0.39150535,0.10329407 2.4608402 -0.38549871,
  0.10225266 2.451252 -0.38161213,0 2.4790471 -0.42316018,
  0 2.4749277 -0.41319191,0 2.4688676 -0.40531616,
  0 2.4608402 -0.39909763,0 2.451252 -0.39507394,
  -0.10952191 2.4790471 -0.40874134,-0.10694194 2.4749277 -0.39911274,
  -0.10490354 2.4688676 -0.39150535,-0.10329407 2.4608402 -0.38549871,
  -0.10225266 2.451252 -0.38161213,-0.21158009 2.4790471 -0.36646746,
  -0.20659596 2.4749277 -0.35783469,-0.20265808 2.4688676 -0.35101409,
  -0.19954882 2.4608402 -0.34562869,-0.19753697 2.451252 -0.34214407,
  -0.29921943 2.4790471 -0.29921943,-0.2921708 2.4749277 -0.2921708,
  -0.2866018 2.4688676 -0.2866018,-0.28220464 2.4608402 -0.28220464,
  -0.27935947 2.451252 -0.27935947,-0.36646746 2.4790471 -0.21158009,
  -0.35783469 2.4749277 -0.20659596,-0.35101409 2.4688676 -0.20265808,
  -0.34562869 2.4608402 -0.19954882,-0.34214407 2.451252 -0.19753697,
  -0.40874134 2.4790471 -0.10952191,-0.39911274 2.4749277 -0.10694194,
  -0.39150535 2.4688676 -0.10490354,-0.38549871 2.4608402 -0.10329407,
  -0.38161213 2.451252 -0.10225266,-0.42316018 2.4790471 0,
  -0.41319191 2.4749277 0,-0.40531616 2.4688676 0,
  -0.39909763 2.4608402 0,-0.39507394 2.451252 0,
  -0.40874134 2.4790471 0.10952191,-0.39911274 2.4749277 0.10694194,
  -0.39150535 2.4688676 0.10490354,-0.38549871 2.4608402 0.10329407,
  -0.38161213 2.451252 0.10225266,-0.36646746 2.4790471 0.21158009,
  -0.35783469 2.4749277 0.20659596,-0.35101409 2.4688676 0.20265808,
  -0.34562869 2.4608402 0.19954882,-0.34214407 2.451252 0.19753697,
  -0.29921943 2.4790471 0.29921943,-0.2921708 2.4749277 0.2921708,
  -0.2866018 2.4688676 0.2866018,-0.28220464 2.4608402 0.28220464,
  -0.27935947 2.451252 0.27935947,-0.21158009 2.4790471 0.36646746,
  -0.20659596 2.4749277 0.35783469,-0.20265808 2.4688676 0.35101409,
  -0.19954882 2.4608402 0.34562869,-0.19753697 2.451252 0.34214407,
  -0.10952191 2.4790471 0.40874134,-0.10694194 2.4749277 0.39911274,
  -0.10490354 2.4688676 0.39150535,-0.10329407 2.4608402 0.38549871,
  -0.10225266 2.451252 0.38161213] }
 coordIndex [
  60,1,0,-1,60,0,55,-1,61,55,56,-1,61,60,55,-1,62,61,56,-1,62,56,57,-1,63,57,58,-1,63,62,57,-1,
  64,31,32,-1,64,58,59,-1,64,59,31,-1,64,63,58,-1,65,2,1,-1,65,1,60,-1,66,65,60,-1,66,60,61,-1,
  67,61,62,-1,67,66,61,-1,68,67,62,-1,68,62,63,-1,69,63,64,-1,69,32,33,-1,69,68,63,-1,69,64,32,-1,
  70,3,2,-1,70,2,65,-1,71,70,65,-1,71,65,66,-1,72,66,67,-1,72,71,66,-1,73,72,67,-1,73,67,68,-1,
  74,68,69,-1,74,33,34,-1,74,73,68,-1,74,69,33,-1,75,4,3,-1,75,3,70,-1,76,75,70,-1,76,70,71,-1,
  77,71,72,-1,77,76,71,-1,78,77,72,-1,78,72,73,-1,79,73,74,-1,79,34,35,-1,79,74,34,-1,79,78,73,-1,
  80,5,4,-1,80,4,75,-1,81,80,75,-1,81,75,76,-1,82,81,76,-1,82,76,77,-1,83,77,78,-1,83,82,77,-1,
  84,35,36,-1,84,78,79,-1,84,79,35,-1,84,83,78,-1,85,6,5,-1,85,5,80,-1,86,85,80,-1,86,80,81,-1,
  87,86,81,-1,87,81,82,-1,88,82,83,-1,88,87,82,-1,89,88,83,-1,89,36,37,-1,89,84,36,-1,89,83,84,-1,
  90,7,6,-1,90,6,85,-1,91,90,85,-1,91,85,86,-1,92,91,86,-1,92,86,87,-1,93,87,88,-1,93,92,87,-1,
  93,88,89,-1,94,93,89,-1,94,37,38,-1,94,38,39,-1,94,89,37,-1,95,8,7,-1,95,7,90,-1,96,95,90,-1,
  96,90,91,-1,97,96,91,-1,97,91,92,-1,98,92,93,-1,98,97,92,-1,99,93,94,-1,99,94,39,-1,99,98,93,-1,
  100,9,8,-1,100,8,95,-1,101,95,96,-1,101,100,95,-1,102,101,96,-1,102,96,97,-1,103,97,98,-1,103,102,97,-1,
  104,99,39,-1,104,98,99,-1,104,39,40,-1,104,40,41,-1,104,103,98,-1,105,10,9,-1,105,9,100,-1,106,105,100,-1,
  106,100,101,-1,107,101,102,-1,107,106,101,-1,108,107,102,-1,108,102,103,-1,109,104,41,-1,109,103,104,-1,109,108,103,-1,
  110,11,10,-1,110,10,105,-1,111,110,105,-1,111,105,106,-1,112,107,108,-1,112,106,107,-1,112,111,106,-1,113,112,108,-1,
  114,41,42,-1,114,109,41,-1,114,108,109,-1,114,113,108,-1,115,12,11,-1,115,11,110,-1,116,115,110,-1,116,110,111,-1,
  117,111,112,-1,117,116,111,-1,118,112,113,-1,118,113,114,-1,118,117,112,-1,119,42,43,-1,119,118,114,-1,119,114,42,-1,
  120,13,12,-1,120,14,13,-1,120,12,115,-1,121,120,115,-1,121,115,116,-1,122,116,117,-1,122,121,116,-1,123,122,117,-1,
  123,117,118,-1,124,123,118,-1,124,43,44,-1,124,119,43,-1,124,118,119,-1,125,14,120,-1,126,125,120,-1,126,120,121,-1,
  127,122,123,-1,127,121,122,-1,127,126,121,-1,128,127,123,-1,129,123,124,-1,129,124,44,-1,129,128,123,-1,129,44,45,-1,
  130,15,14,-1,130,14,125,-1,131,130,125,-1,131,125,126,-1,132,131,126,-1,132,126,127,-1,132,127,128,-1,133,128,129,-1,
  133,132,128,-1,134,129,45,-1,134,133,129,-1,134,45,46,-1,135,16,15,-1,135,15,130,-1,136,135,130,-1,136,130,131,-1,
  137,131,132,-1,137,136,131,-1,138,132,133,-1,138,137,132,-1,139,138,133,-1,139,133,134,-1,139,134,46,-1,139,46,47,-1,
  139,47,48,-1,140,17,16,-1,140,16,135,-1,141,140,135,-1,141,135,136,-1,141,136,137,-1,142,137,138,-1,142,141,137,-1,
  143,142,138,-1,144,138,139,-1,144,139,48,-1,144,143,138,-1,145,18,17,-1,145,17,140,-1,146,145,140,-1,146,140,141,-1,
  147,141,142,-1,147,146,141,-1,148,147,142,-1,148,142,143,-1,149,48,49,-1,149,49,50,-1,149,144,48,-1,149,143,144,-1,
  149,148,143,-1,150,19,18,-1,150,18,145,-1,151,150,145,-1,151,145,146,-1,151,146,147,-1,152,147,148,-1,152,151,147,-1,
  153,152,148,-1,154,149,50,-1,154,148,149,-1,154,153,148,-1,155,20,19,-1,155,19,150,-1,155,150,151,-1,156,155,151,-1,
  156,151,152,-1,157,156,152,-1,158,157,152,-1,158,152,153,-1,159,158,153,-1,159,50,51,-1,159,51,52,-1,159,154,50,-1,
  159,153,154,-1,160,21,20,-1,160,20,155,-1,161,155,156,-1,161,156,157,-1,161,160,155,-1,162,157,158,-1,162,161,157,-1,
  163,158,159,-1,163,162,158,-1,164,163,159,-1,164,159,52,-1,165,21,160,-1,165,22,21,-1,166,160,161,-1,166,165,160,-1,
  167,161,162,-1,167,166,161,-1,168,162,163,-1,168,167,162,-1,169,168,163,-1,169,163,164,-1,169,164,52,-1,169,52,53,-1,
  170,23,22,-1,170,24,23,-1,170,25,24,-1,170,22,165,-1,171,165,166,-1,171,26,25,-1,171,170,165,-1,171,25,170,-1,
  172,27,26,-1,172,166,167,-1,172,171,166,-1,172,26,171,-1,173,28,27,-1,173,167,168,-1,173,27,172,-1,173,172,167,-1,
  174,168,169,-1,174,29,28,-1,174,30,29,-1,174,173,168,-1,174,169,53,-1,174,28,173,-1,174,53,54,-1,174,54,30,-1]
  normalPerVertex TRUE
  normal DEF NORM_63 Normal { vector [
  0.016703243 -0.99177823 0.12687375,0.038137453 -0.9919017 0.12114686,
  0.068193066 -0.9919017 0.10714818,0.093601434 -0.9919017 0.085847533,
  0.11263102 -0.9919017 0.058696516,0.12398499 -0.9919017 0.027545428,
  0.12688958 -0.9919017 -0.0054828357,0.12114686 -0.9919017 -0.038137453,
  0.10714818 -0.9919017 -0.068193066,0.085847533 -0.9919017 -0.093601434,
  0.058696516 -0.9919017 -0.11263102,0.027545428 -0.9919017 -0.12398499,
  -0.0054828357 -0.9919017 -0.12688958,-0.032841934 -0.9919166 -0.12256777,
  -0.063445744 -0.9919166 -0.10989125,-0.093601434 -0.9919017 -0.085847533,
  -0.11263102 -0.9919017 -0.058696516,-0.12398499 -0.9919017 -0.027545428,
  -0.12688958 -0.9919017 0.0054828357,-0.12114686 -0.9919017 0.038137453,
  -0.10714818 -0.9919017 0.068193066,-0.085847533 -0.9919017 0.093601434,
  -0.058696516 -0.9919017 0.11263102,-0.032841934 -0.9919166 0.12256777,
  -0.016703243 -0.99177823 0.12687375,-0.039838043 -0.95228472 0.30259998,
  -0.070050531 -0.84378716 0.53208661,-0.096468179 -0.67362707 0.73274856,
  -0.11579113 -0.4615575 0.87952094,-0.12604729 -0.2597132 0.95742422,
  -0.12940228 -0.13094683 0.98290792,0.12940228 -0.13094683 0.98290792,
  0.29838405 -0.13193184 0.94528353,0.53287424 -0.13193184 0.8358463,
  0.73104993 -0.13193184 0.66944753,0.87940578 -0.13193184 0.45742701,
  0.96783157 -0.13193184 0.2142336,0.99030125 -0.13193184 -0.043559477,
  0.95746634 -0.13205718 -0.25655233,0.85844084 -0.13205718 -0.49562105,
  0.70091401 -0.13205718 -0.70091401,0.49562105 -0.13205718 -0.85844084,
  0.2142336 -0.13193184 -0.96783157,-0.043559477 -0.13193184 -0.99030125,
  -0.29838405 -0.13193184 -0.94528353,-0.53287424 -0.13193184 -0.8358463,
  -0.73104993 -0.13193184 -0.66944753,-0.85844084 -0.13205718 -0.49562105,
  -0.95746634 -0.13205718 -0.25655233,-0.9912421 -0.13205718 0,
  -0.95746634 -0.13205718 0.25655233,-0.85844084 -0.13205718 0.49562105,
  -0.70091401 -0.13205718 0.70091401,-0.45742701 -0.13193184 0.87940578,
  -0.25655233 -0.13205718 0.95746634,0.039838043 -0.95228472 0.30259998,
  0.070050531 -0.84378716 0.53208661,0.096468179 -0.67362707 0.73274856,
  0.11579113 -0.4615575 0.87952094,0.12604729 -0.2597132 0.95742422,
  0.073047778 -0.96544016 0.25017857,0.13158962 -0.86906671 0.47687233,
  0.18650116 -0.70779804 0.68135105,0.22645649 -0.503126 0.8340154,
  0.20859191 -0.26185798 0.94229497,0.13530971 -0.96544016 0.22274779,
  0.25052947 -0.8690667 0.42656542,0.35649292 -0.70779804 0.60986452,
  0.43459924 -0.503126 0.74698576,0.4453682 -0.26185798 0.85619949,
  0.18835051 -0.96544016 0.18013711,0.35239614 -0.8690667 0.34718876,
  0.50219027 -0.70779804 0.49681674,0.61312477 -0.503126 0.60905028,
  0.65179338 -0.26185798 0.71175543,0.22855554 -0.96544016 0.12525039,
  0.43024759 -0.8690667 0.24415176,0.61366419 -0.70779804 0.34991171,
  0.74986686 -0.503126 0.42960902,0.81379992 -0.26185798 0.51880641,
  0.25318489 -0.96544016 0.061828058,0.47877839 -0.8690667 0.12447622,
  0.6833179 -0.70779804 0.17916078,0.83550677 -0.503126 0.22089063,
  0.92034734 -0.26185798 0.29050159,0.2605601 -0.96544016 -0.0058077526,
  0.49468122 -0.8690667 -0.0036821723,0.70640463 -0.70779804 -0.0037996635,
  0.85057443 -0.52543348 0.021042971,0.95968368 -0.28046018 0.018690211,
  0.25017857 -0.96544016 -0.073047774,0.47687235 -0.8690667 -0.13158963,
  0.68135105 -0.70779804 -0.18650116,0.84748774 -0.48684944 -0.2115234,
  0.94251535 -0.21882692 -0.25254623,0.22274779 -0.96544016 -0.13530971,
  0.42656542 -0.8690667 -0.25052947,0.60986452 -0.70779804 -0.35649292,
  0.74698576 -0.503126 -0.43459924,0.84151631 -0.2875345 -0.45735567,
  0.18013711 -0.96544016 -0.18835051,0.34718876 -0.8690667 -0.35239614,
  0.49681674 -0.70779804 -0.50219027,0.60905028 -0.503126 -0.61312477,
  0.69816595 -0.24367557 -0.6731913,0.12525039 -0.96544016 -0.22855554,
  0.24415176 -0.8690667 -0.43024759,0.3581549 -0.72543968 -0.58776044,
  0.41203596 -0.51936743 -0.74865469,0.50009666 -0.2875345 -0.81683979,
  0.061828058 -0.96544016 -0.25318489,0.12447622 -0.8690667 -0.47877839,
  0.19738569 -0.69478383 -0.69160271,0.22374769 -0.50264192 -0.83503776,
  0.26643777 -0.28046018 -0.92214587,-0.0058077526 -0.96544016 -0.2605601,
  -0.0036821723 -0.8690667 -0.49468122,-0.0037996635 -0.70779804 -0.70640463,
  0.015030054 -0.48684944 -0.87335658,0.026238934 -0.23599276 -0.9714005,
  -0.069707179 -0.97028679 -0.23169908,-0.13158963 -0.8690667 -0.47687235,
  -0.16235564 -0.72543968 -0.66886315,-0.23802539 -0.51936743 -0.82073223,
  -0.20859191 -0.26185798 -0.94229497,-0.15209632 -0.95804419 -0.24293629,
  -0.25052947 -0.8690667 -0.42656542,-0.32620815 -0.70746346 -0.62696387,
  -0.44351096 -0.52543348 -0.72609758,-0.46365564 -0.28046018 -0.84045555,
  -0.18835051 -0.96544016 -0.18013711,-0.35239614 -0.8690667 -0.34718876,
  -0.50025268 -0.69478383 -0.51674238,-0.6261268 -0.46468319 -0.6261268,
  -0.66833015 -0.23599276 -0.70543761,-0.22855554 -0.96544016 -0.12525039,
  -0.40347324 -0.8815074 -0.24526323,-0.5849725 -0.73738924 -0.33773403,
  -0.74865469 -0.51936743 -0.41203596,-0.83095151 -0.24367557 -0.50014179,
  -0.25318489 -0.96544016 -0.061828058,-0.49152907 -0.85957308 -0.13976157,
  -0.71109727 -0.67678354 -0.19053794,-0.85348483 -0.47981664 -0.20332152,
  -0.91844119 -0.2875345 -0.27164259,-0.2605601 -0.96544016 0.0058077526,
  -0.47204969 -0.8815074 -0.010667568,-0.67546806 -0.73738924 0,
  -0.85437196 -0.51936743 0.017493741,-0.96969601 -0.24367557 -0.017659741,
  -0.22798688 -0.97195634 0.057644285,-0.46451965 -0.87828253 0.11331944,
  -0.69160271 -0.69478383 0.19738569,-0.8408003 -0.47981664 0.25066081,
  -0.93121469 -0.2875345 0.22397121,-0.2423946 -0.96042529 0.1372156,
  -0.45642041 -0.85516386 0.24571363,-0.58776044 -0.72543968 0.3581549,
  -0.72857957 -0.54058217 0.42064561,-0.83571693 -0.26223961 0.4825014,
  -0.18013711 -0.96544016 0.18835051,-0.3668016 -0.85957308 0.35579588,
  -0.52055933 -0.67678354 0.52055933,-0.6261268 -0.46468319 0.6261268,
  -0.68244417 -0.26180127 0.68244417,-0.12525039 -0.96544016 0.22855554,
  -0.24415176 -0.8690667 0.43024759,-0.34991171 -0.70779804 0.61366419,
  -0.42960902 -0.503126 0.74986686,-0.51880641 -0.26185798 0.81379992,
  -0.056252433 -0.97609536 0.20993693,-0.11818344 -0.88965887 0.44106663,
  -0.174824 -0.73738924 0.65245205,-0.21774219 -0.54058217 0.81262492,
  -0.2497611 -0.26223961 0.93212112] }
}
}
DEF SHAPE_64 Shape {
 appearance USE APP_2
 geometry DEF FACE_64 IndexedFaceSet {
  coord DEF COORD_64 Coordinate { point [
  0 0.66929134 -0.43307087,0.11208699 0.66929134 -0.41831433,
  0.21653543 0.66929134 -0.37505037,0.30622735 0.66929134 -0.30622735,
  0.37505037 0.66929134 -0.21653543,0.41831433 0.66929134 -0.11208699,
  0.43307087 0.66929134 0,0.41831433 0.66929134 0.11208699,
  0.37505037 0.66929134 0.21653543,0.30622735 0.66929134 0.30622735,
  0.21653543 0.66929134 0.37505037,0.11208699 0.66929134 0.41831433,
  0 0.66929134 0.43307087,-0.11208699 0.66929134 0.41831433,
  -0.21653543 0.66929134 0.37505037,-0.30622735 0.66929134 0.30622735,
  -0.37505037 0.66929134 0.21653543,-0.41831433 0.66929134 0.11208699,
  -0.43307087 0.66929134 0,-0.41831433 0.66929134 -0.11208699,
  -0.37505037 0.66929134 -0.21653543,-0.30622735 0.66929134 -0.30622735,
  -0.21653543 0.66929134 -0.37505037,-0.11208699 0.66929134 -0.41831433,
  0 0.66929134 -0.43307087,0 0.62992126 -0.39370079,
  0 0.63983195 -0.39496862,0 0.64980021 -0.39908807,
  0 0.65767597 -0.40514813,0 0.6638945 -0.41317558,
  0 0.66791818 -0.42276373,0.10189726 0.62992126 -0.38028576,
  0.19685039 0.62992126 -0.34095488,0.2783885 0.62992126 -0.2783885,
  0.34095488 0.62992126 -0.19685039,0.38028576 0.62992126 -0.10189726,
  0.39370079 0.62992126 0,0.38028576 0.62992126 0.10189726,
  0.34095488 0.62992126 0.19685039,0.2783885 0.62992126 0.2783885,
  0.19685039 0.62992126 0.34095488,0.10189726 0.62992126 0.38028576,
  0 0.62992126 0.39370079,-0.10189726 0.62992126 0.38028576,
  -0.19685039 0.62992126 0.34095488,-0.2783885 0.62992126 0.2783885,
  -0.34095488 0.62992126 0.19685039,-0.38028576 0.62992126 0.10189726,
  -0.39370079 0.62992126 0,-0.38028576 0.62992126 -0.10189726,
  -0.34095488 0.62992126 -0.19685039,-0.2783885 0.62992126 -0.2783885,
  -0.19685039 0.62992126 -0.34095488,-0.10189726 0.62992126 -0.38028576,
  0 0.62992126 -0.39370079,0 0.63983195 -0.39496862,
  0 0.64980021 -0.39908807,0 0.65767597 -0.40514813,
  0 0.6638945 -0.41317558,0 0.66791818 -0.42276373,
  0.1022254 0.63983195 -0.38151039,0.10329159 0.64980021 -0.38548948,
  0.10486005 0.65767597 -0.39134304,0.10693771 0.6638945 -0.39909696,
  0.1094193 0.66791818 -0.4083584,0.19748431 0.63983195 -0.34205286,
  0.19954404 0.64980021 -0.34562041,0.20257406 0.65767597 -0.35086857,
  0.20658779 0.6638945 -0.35782055,0.21138186 0.66791818 -0.36612413,
  0.27928499 0.63983195 -0.27928499,0.28219788 0.64980021 -0.28219788,
  0.28648299 0.65767597 -0.28648299,0.29215926 0.6638945 -0.29215926,
  0.2989391 0.66791818 -0.2989391,0.34205286 0.63983195 -0.19748431,
  0.34562041 0.64980021 -0.19954404,0.35086857 0.65767597 -0.20257406,
  0.35782055 0.6638945 -0.20658779,0.36612413 0.66791818 -0.21138186,
  0.38151039 0.63983195 -0.1022254,0.38548948 0.64980021 -0.10329159,
  0.39134304 0.65767597 -0.10486005,0.39909696 0.6638945 -0.10693771,
  0.4083584 0.66791818 -0.1094193,0.39496862 0.63983195 0,
  0.39908807 0.64980021 0,0.40514813 0.65767597 0,
  0.41317558 0.6638945 0,0.42276373 0.66791818 0,
  0.38151039 0.63983195 0.1022254,0.38548948 0.64980021 0.10329159,
  0.39134304 0.65767597 0.10486005,0.39909696 0.6638945 0.10693771,
  0.4083584 0.66791818 0.1094193,0.34205286 0.63983195 0.19748431,
  0.34562041 0.64980021 0.19954404,0.35086857 0.65767597 0.20257406,
  0.35782055 0.6638945 0.20658779,0.36612413 0.66791818 0.21138186,
  0.27928499 0.63983195 0.27928499,0.28219788 0.64980021 0.28219788,
  0.28648299 0.65767597 0.28648299,0.29215926 0.6638945 0.29215926,
  0.2989391 0.66791818 0.2989391,0.19748431 0.63983195 0.34205286,
  0.19954404 0.64980021 0.34562041,0.20257406 0.65767597 0.35086857,
  0.20658779 0.6638945 0.35782055,0.21138186 0.66791818 0.36612413,
  0.1022254 0.63983195 0.38151039,0.10329159 0.64980021 0.38548948,
  0.10486005 0.65767597 0.39134304,0.10693771 0.6638945 0.39909696,
  0.1094193 0.66791818 0.4083584,0 0.63983195 0.39496862,
  0 0.64980021 0.39908807,0 0.65767597 0.40514813,
  0 0.6638945 0.41317558,0 0.66791818 0.42276373,
  -0.1022254 0.63983195 0.38151039,-0.10329159 0.64980021 0.38548948,
  -0.10486005 0.65767597 0.39134304,-0.10693771 0.6638945 0.39909696,
  -0.1094193 0.66791818 0.4083584,-0.19748431 0.63983195 0.34205286,
  -0.19954404 0.64980021 0.34562041,-0.20257406 0.65767597 0.35086857,
  -0.20658779 0.6638945 0.35782055,-0.21138186 0.66791818 0.36612413,
  -0.27928499 0.63983195 0.27928499,-0.28219788 0.64980021 0.28219788,
  -0.28648299 0.65767597 0.28648299,-0.29215926 0.6638945 0.29215926,
  -0.2989391 0.66791818 0.2989391,-0.34205286 0.63983195 0.19748431,
  -0.34562041 0.64980021 0.19954404,-0.35086857 0.65767597 0.20257406,
  -0.35782055 0.6638945 0.20658779,-0.36612413 0.66791818 0.21138186,
  -0.38151039 0.63983195 0.1022254,-0.38548948 0.64980021 0.10329159,
  -0.39134304 0.65767597 0.10486005,-0.39909696 0.6638945 0.10693771,
  -0.4083584 0.66791818 0.1094193,-0.39496862 0.63983195 0,
  -0.39908807 0.64980021 0,-0.40514813 0.65767597 0,
  -0.41317558 0.6638945 0,-0.42276373 0.66791818 0,
  -0.38151039 0.63983195 -0.1022254,-0.38548948 0.64980021 -0.10329159,
  -0.39134304 0.65767597 -0.10486005,-0.39909696 0.6638945 -0.10693771,
  -0.4083584 0.66791818 -0.1094193,-0.34205286 0.63983195 -0.19748431,
  -0.34562041 0.64980021 -0.19954404,-0.35086857 0.65767597 -0.20257406,
  -0.35782055 0.6638945 -0.20658779,-0.36612413 0.66791818 -0.21138186,
  -0.27928499 0.63983195 -0.27928499,-0.28219788 0.64980021 -0.28219788,
  -0.28648299 0.65767597 -0.28648299,-0.29215926 0.6638945 -0.29215926,
  -0.2989391 0.66791818 -0.2989391,-0.19748431 0.63983195 -0.34205286,
  -0.19954404 0.64980021 -0.34562041,-0.20257406 0.65767597 -0.35086857,
  -0.20658779 0.6638945 -0.35782055,-0.21138186 0.66791818 -0.36612413,
  -0.1022254 0.63983195 -0.38151039,-0.10329159 0.64980021 -0.38548948,
  -0.10486005 0.65767597 -0.39134304,-0.10693771 0.6638945 -0.39909696,
  -0.1094193 0.66791818 -0.4083584] }
 coordIndex [
  60,25,26,-1,60,31,25,-1,61,26,27,-1,61,60,26,-1,62,27,28,-1,62,61,27,-1,63,28,29,-1,63,62,28,-1,
  64,0,1,-1,64,29,30,-1,64,30,0,-1,64,63,29,-1,65,31,60,-1,65,32,31,-1,66,65,60,-1,66,60,61,-1,
  67,61,62,-1,67,66,61,-1,68,67,62,-1,68,62,63,-1,69,1,2,-1,69,63,64,-1,69,68,63,-1,69,64,1,-1,
  70,33,32,-1,70,32,65,-1,71,70,65,-1,71,65,66,-1,72,71,66,-1,72,66,67,-1,73,72,67,-1,73,67,68,-1,
  74,68,69,-1,74,2,3,-1,74,3,4,-1,74,73,68,-1,74,69,2,-1,75,34,33,-1,75,33,70,-1,76,70,71,-1,
  76,75,70,-1,77,71,72,-1,77,76,71,-1,78,77,72,-1,78,72,73,-1,79,73,74,-1,79,78,73,-1,79,74,4,-1,
  80,34,75,-1,80,35,34,-1,81,75,76,-1,81,80,75,-1,82,76,77,-1,82,81,76,-1,83,82,77,-1,83,77,78,-1,
  84,4,5,-1,84,79,4,-1,84,83,78,-1,84,78,79,-1,85,36,35,-1,85,35,80,-1,86,80,81,-1,86,85,80,-1,
  87,86,81,-1,87,82,83,-1,87,81,82,-1,88,87,83,-1,89,88,83,-1,89,5,6,-1,89,84,5,-1,89,83,84,-1,
  90,37,36,-1,90,36,85,-1,91,90,85,-1,91,85,86,-1,92,91,86,-1,92,86,87,-1,93,87,88,-1,93,92,87,-1,
  94,93,88,-1,94,88,89,-1,94,6,7,-1,94,89,6,-1,95,37,90,-1,95,38,37,-1,96,90,91,-1,96,95,90,-1,
  97,96,91,-1,97,91,92,-1,98,93,94,-1,98,92,93,-1,98,97,92,-1,99,7,8,-1,99,94,7,-1,99,98,94,-1,
  100,38,95,-1,100,39,38,-1,101,100,95,-1,101,95,96,-1,102,96,97,-1,102,101,96,-1,103,102,97,-1,103,97,98,-1,
  104,8,9,-1,104,9,10,-1,104,99,8,-1,104,98,99,-1,104,103,98,-1,105,39,100,-1,105,40,39,-1,106,100,101,-1,
  106,105,100,-1,107,101,102,-1,107,106,101,-1,107,102,103,-1,108,107,103,-1,109,104,10,-1,109,103,104,-1,109,108,103,-1,
  110,41,40,-1,110,40,105,-1,111,110,105,-1,111,105,106,-1,112,106,107,-1,112,111,106,-1,113,112,107,-1,113,107,108,-1,
  114,10,11,-1,114,109,10,-1,114,108,109,-1,114,113,108,-1,115,42,41,-1,115,41,110,-1,116,110,111,-1,116,115,110,-1,
  117,111,112,-1,117,116,111,-1,117,112,113,-1,118,117,113,-1,119,11,12,-1,119,12,13,-1,119,114,11,-1,119,113,114,-1,
  119,118,113,-1,120,42,115,-1,120,43,42,-1,121,115,116,-1,121,120,115,-1,122,121,116,-1,122,116,117,-1,122,117,118,-1,
  123,122,118,-1,124,123,118,-1,124,119,13,-1,124,118,119,-1,125,44,43,-1,125,43,120,-1,126,125,120,-1,126,120,121,-1,
  127,122,123,-1,127,126,121,-1,127,121,122,-1,128,123,124,-1,128,127,123,-1,129,124,13,-1,129,13,14,-1,129,14,15,-1,
  129,128,124,-1,130,44,125,-1,130,45,44,-1,131,130,125,-1,131,125,126,-1,132,131,126,-1,132,126,127,-1,133,127,128,-1,
  133,128,129,-1,133,132,127,-1,134,129,15,-1,134,133,129,-1,135,45,130,-1,135,46,45,-1,136,131,132,-1,136,130,131,-1,
  136,135,130,-1,137,132,133,-1,137,136,132,-1,138,137,133,-1,139,15,16,-1,139,16,17,-1,139,134,15,-1,139,133,134,-1,
  139,138,133,-1,140,46,135,-1,140,47,46,-1,141,135,136,-1,141,140,135,-1,141,136,137,-1,142,137,138,-1,142,141,137,-1,
  143,142,138,-1,144,139,17,-1,144,138,139,-1,144,143,138,-1,145,48,47,-1,145,47,140,-1,146,140,141,-1,146,145,140,-1,
  147,146,141,-1,147,141,142,-1,148,142,143,-1,148,147,142,-1,149,17,18,-1,149,18,19,-1,149,144,17,-1,149,143,144,-1,
  149,148,143,-1,150,49,48,-1,150,48,145,-1,151,146,147,-1,151,145,146,-1,151,150,145,-1,152,151,147,-1,152,147,148,-1,
  153,152,148,-1,154,149,19,-1,154,148,149,-1,154,153,148,-1,155,50,49,-1,155,49,150,-1,156,155,150,-1,156,150,151,-1,
  157,156,151,-1,157,151,152,-1,158,157,152,-1,158,152,153,-1,159,158,153,-1,159,19,20,-1,159,20,21,-1,159,154,19,-1,
  159,153,154,-1,160,51,50,-1,160,50,155,-1,161,155,156,-1,161,156,157,-1,161,160,155,-1,162,157,158,-1,162,161,157,-1,
  163,158,159,-1,163,162,158,-1,164,163,159,-1,164,159,21,-1,165,51,160,-1,165,160,161,-1,165,52,51,-1,166,165,161,-1,
  166,161,162,-1,167,166,162,-1,168,162,163,-1,168,167,162,-1,169,21,22,-1,169,163,164,-1,169,164,21,-1,169,168,163,-1,
  170,52,165,-1,170,53,52,-1,170,54,53,-1,170,55,54,-1,170,56,55,-1,171,170,165,-1,171,56,170,-1,171,165,166,-1,
  172,166,167,-1,172,56,171,-1,172,57,56,-1,172,58,57,-1,172,171,166,-1,173,172,167,-1,173,167,168,-1,173,58,172,-1,
  173,59,58,-1,174,22,23,-1,174,23,24,-1,174,169,22,-1,174,168,169,-1,174,173,168,-1,174,59,173,-1,174,24,59,-1]
  normalPerVertex TRUE
  normal DEF NORM_64 Normal { vector [
  0.017383023 -0.99109233 -0.13203719,0.039686491 -0.99122598 -0.12607947,
  0.070965974 -0.99122598 -0.11151179,0.093378527 -0.9912421 -0.093378527,
  0.11436487 -0.9912421 -0.06602859,0.12903127 -0.99122598 -0.028670224,
  0.13205503 -0.99122598 0.0057024399,0.12607947 -0.99122598 0.039686491,
  0.11151179 -0.99122598 0.070965974,0.093378527 -0.9912421 0.093378527,
  0.06602859 -0.9912421 0.11436487,0.028670224 -0.99122598 0.12903127,
  0 -0.9912421 0.13205718,-0.034178913 -0.9912421 0.12755744,
  -0.06602859 -0.9912421 0.11436487,-0.093378527 -0.9912421 0.093378527,
  -0.11436487 -0.9912421 0.06602859,-0.12755744 -0.9912421 0.034178913,
  -0.13205718 -0.9912421 0,-0.12755744 -0.9912421 -0.034178913,
  -0.11436487 -0.9912421 -0.06602859,-0.093378527 -0.9912421 -0.093378527,
  -0.061089059 -0.99122598 -0.11721423,-0.034178913 -0.9912421 -0.12755744,
  -0.017383023 -0.99109233 -0.13203719,0.12948886 -0.12582314 -0.98356554,
  0.12445589 -0.30141318 -0.94533636,0.11060461 -0.53099524 -0.84012539,
  0.088653389 -0.73395325 -0.67338935,0.060951254 -0.88427544 -0.46297072,
  0.034446337 -0.96454905 -0.2616459,0.29857933 -0.12677093 -0.94592786,
  0.53322963 -0.12677093 -0.83641813,0.73154121 -0.12677093 -0.66990789,
  0.87999947 -0.12677093 -0.45774454,0.96848722 -0.12677093 -0.21438665,
  0.99097417 -0.12677093 0.043581337,0.94592786 -0.12677093 0.29857933,
  0.83641813 -0.12677093 0.53322963,0.66990789 -0.12677093 0.73154121,
  0.45774454 -0.12677093 0.87999947,0.21438665 -0.12677093 0.96848722,
  -0.043581337 -0.12677093 0.99097417,-0.29857933 -0.12677093 0.94592786,
  -0.53322963 -0.12677093 0.83641813,-0.73154121 -0.12677093 0.66990789,
  -0.87999947 -0.12677093 0.45774454,-0.96848722 -0.12677093 0.21438665,
  -0.99097417 -0.12677093 -0.043581337,-0.94592786 -0.12677093 -0.29857933,
  -0.83641813 -0.12677093 -0.53322963,-0.66990789 -0.12677093 -0.73154121,
  -0.45774454 -0.12677093 -0.87999947,-0.25672691 -0.12689149 -0.95811787,
  -0.12948886 -0.12582314 -0.98356554,-0.12605537 -0.25948283 -0.95748562,
  -0.113559 -0.49303541 -0.8625662,-0.092713682 -0.70389191 -0.70423033,
  -0.070875996 -0.83973134 -0.53835664,-0.039953194 -0.95200151 -0.30347464,
  0.25018516 -0.26186051 -0.93211397,0.22088032 -0.49599736 -0.83976098,
  0.17990963 -0.70745991 -0.68347129,0.12576568 -0.86495622 -0.48583302,
  0.056519001 -0.96533244 -0.25483107,0.48290914 -0.26186051 -0.83560028,
  0.43070014 -0.49599738 -0.75397877,0.35067474 -0.70745991 -0.61361853,
  0.24722316 -0.86495622 -0.43672811,0.1205483 -0.96533244 -0.23151972,
  0.68272368 -0.26186051 -0.68214181,0.61116846 -0.49599738 -0.61681417,
  0.49754195 -0.70745991 -0.50194868,0.35183279 -0.86495622 -0.3578609,
  0.16616339 -0.97021556 -0.17627111,0.83601173 -0.26186051 -0.4821965,
  0.74998665 -0.49599738 -0.4376147,0.6105025 -0.70745991 -0.35607186,
  0.43246559 -0.86495622 -0.25460606,0.24344946 -0.95789686 -0.15220371,
  0.93232696 -0.26186051 -0.2493903,0.83769449 -0.49599738 -0.22859251,
  0.69486265 -0.6885529 -0.20751096,0.50217926 -0.85543724 -0.12666147,
  0.24894968 -0.96533244 -0.078468644,0.96510564 -0.26186051 0.00041144338,
  0.86831484 -0.49599738 -0.0039921207,0.69344654 -0.72036087 -0.014564142,
  0.47932394 -0.87757452 0.010560487,0.26077611 -0.96533244 -0.011361971,
  0.93211398 -0.26186051 0.25018514,0.83976097 -0.49599738 0.22088033,
  0.68347129 -0.70745991 0.17990963,0.51107191 -0.85104502 0.12053162,
  0.27005803 -0.96031817 0.069697031,0.83560028 -0.26186051 0.48290914,
  0.75397877 -0.49599738 0.43070014,0.61361853 -0.70745991 0.35067474,
  0.42586707 -0.87428241 0.23295385,0.20573482 -0.97186818 0.11465347,
  0.68214181 -0.26186051 0.68272368,0.61681417 -0.49599738 0.61116846,
  0.52714109 -0.6885529 0.49801323,0.36078168 -0.85543724 0.37156926,
  0.17627111 -0.97021556 0.16616339,0.4821965 -0.26186051 0.83601173,
  0.4376147 -0.49599738 0.74998665,0.35933619 -0.72036087 0.59326025,
  0.23051632 -0.87757452 0.42038695,0.15220371 -0.95789686 0.24344946,
  0.2493903 -0.26186051 0.93232696,0.22859251 -0.49599738 0.83769449,
  0.20751096 -0.6885529 0.69486265,0.12666147 -0.85543724 0.50217926,
  0.078468644 -0.96533244 0.24894968,-0.00041144338 -0.26186051 0.96510564,
  0.0039921207 -0.49599738 0.86831484,0.031008152 -0.70712315 0.70641018,
  -0.021977872 -0.86475515 0.50171256,0.007147237 -0.97021556 0.24213776,
  -0.25018514 -0.26186051 0.93211398,-0.22088033 -0.49599738 0.83976097,
  -0.15288083 -0.70712315 0.69036534,-0.15115251 -0.85104502 0.50286707,
  -0.078607781 -0.95276225 0.29336823,-0.48290914 -0.26186051 0.83560028,
  -0.43070014 -0.49599738 0.75397877,-0.33411035 -0.72036087 0.60782439,
  -0.23051632 -0.87757452 0.42038695,-0.12725857 -0.97021556 0.20612383,
  -0.68272368 -0.26186051 0.68214181,-0.6051592 -0.47255836 0.64068007,
  -0.52094133 -0.67619544 0.52094133,-0.35456454 -0.86519823 0.35456454,
  -0.18512146 -0.9651218 0.18512146,-0.83601173 -0.26186051 0.4821965,
  -0.73239183 -0.49564117 0.46684262,-0.61361853 -0.70745991 0.35067474,
  -0.44548476 -0.86475515 0.23182289,-0.20612383 -0.97021556 0.12725857,
  -0.93232696 -0.26186051 0.2493903,-0.82455519 -0.51249865 0.23969536,
  -0.65301538 -0.73685458 0.17497494,-0.46572462 -0.87757452 0.11385752,
  -0.27454734 -0.95789686 0.084008141,-0.96510564 -0.26186051 -0.00041144338,
  -0.88094139 -0.47255836 0.025117048,-0.73672229 -0.67619544 0,
  -0.51785031 -0.85543724 -0.0076279725,-0.24213776 -0.97021556 0.007147237,
  -0.93211398 -0.26186051 -0.25018514,-0.83393342 -0.51249865 -0.20469532,
  -0.65301538 -0.73685458 -0.17497494,-0.46025811 -0.87757452 -0.13425881,
  -0.27976904 -0.95789686 -0.064520486,-0.83560028 -0.26186051 -0.48290914,
  -0.77547615 -0.47255836 -0.41871869,-0.63802022 -0.67619544 -0.36836114,
  -0.46740602 -0.84184845 -0.26985699,-0.22541678 -0.96553079 -0.13014444,
  -0.70496247 -0.23561924 -0.66896299,-0.63068736 -0.47960558 -0.61009174,
  -0.48004235 -0.72036087 -0.50063915,-0.32797956 -0.88592258 -0.32797956,
  -0.18512146 -0.9651218 -0.18512146,-0.49539634 -0.2800858 -0.82227392,
  -0.42265589 -0.53427333 -0.73206148,-0.32984089 -0.72502982 -0.60459635,
  -0.25460606 -0.86495622 -0.43246559,-0.14022781 -0.96533244 -0.22015775,
  -0.23314153 -0.2433799 -0.94149416,-0.25226561 -0.47255836 -0.84442327,
  -0.17462469 -0.6943947 -0.69808468,-0.13400023 -0.86495623 -0.48362657,
  -0.069573566 -0.97021556 -0.23203727] }
}
}
DEF SHAPE_65 Shape {
 appearance USE APP_2
 geometry DEF FACE_65 IndexedFaceSet {
  coord DEF COORD_65 Coordinate { point [
  0 0.70866142 -0.62992126,0.16303562 0.70866142 -0.60845721,
  0.31496063 0.70866142 -0.54552781,0.44542159 0.70866142 -0.44542159,
  0.54552781 0.70866142 -0.31496063,0.60845721 0.70866142 -0.16303562,
  0.62992126 0.70866142 0,0.60845721 0.70866142 0.16303562,
  0.54552781 0.70866142 0.31496063,0.44542159 0.70866142 0.44542159,
  0.31496063 0.70866142 0.54552781,0.16303562 0.70866142 0.60845721,
  0 0.70866142 0.62992126,-0.16303562 0.70866142 0.60845721,
  -0.31496063 0.70866142 0.54552781,-0.44542159 0.70866142 0.44542159,
  -0.54552781 0.70866142 0.31496063,-0.60845721 0.70866142 0.16303562,
  -0.62992126 0.70866142 0,-0.60845721 0.70866142 -0.16303562,
  -0.54552781 0.70866142 -0.31496063,-0.44542159 0.70866142 -0.44542159,
  -0.31496063 0.70866142 -0.54552781,-0.16303562 0.70866142 -0.60845721,
  0 0.70866142 -0.62992126,0 0.69875073 -0.62865343,
  0 0.68878246 -0.62453398,0 0.68090671 -0.61847392,
  0 0.67468818 -0.61044647,0 0.67066449 -0.60085831,
  0 0.66929134 -0.59055118,0 0.66929134 -0.59055118,
  0.15284589 0.66929134 -0.57042864,0.29527559 0.66929134 -0.51143233,
  0.41758274 0.66929134 -0.41758274,0.51143233 0.66929134 -0.29527559,
  0.57042864 0.66929134 -0.15284589,0.59055118 0.66929134 0,
  0.57042864 0.66929134 0.15284589,0.51143233 0.66929134 0.29527559,
  0.41758274 0.66929134 0.41758274,0.29527559 0.66929134 0.51143233,
  0.15284589 0.66929134 0.57042864,0 0.66929134 0.59055118,
  -0.15284589 0.66929134 0.57042864,-0.29527559 0.66929134 0.51143233,
  -0.41758274 0.66929134 0.41758274,-0.51143233 0.66929134 0.29527559,
  -0.57042864 0.66929134 0.15284589,-0.59055118 0.66929134 0,
  -0.57042864 0.66929134 -0.15284589,-0.51143233 0.66929134 -0.29527559,
  -0.41758274 0.66929134 -0.41758274,-0.29527559 0.66929134 -0.51143233,
  -0.15284589 0.66929134 -0.57042864,0 0.69875073 -0.62865343,
  0 0.68878246 -0.62453398,0 0.68090671 -0.61847392,
  0 0.67468818 -0.61044647,0 0.67066449 -0.60085831,
  0.16270748 0.69875073 -0.60723258,0.16164129 0.68878246 -0.6032535,
  0.16007283 0.68090671 -0.59739993,0.15799517 0.67468818 -0.58964601,
  0.15551358 0.6706645 -0.58038457,0.31432671 0.69875073 -0.54442984,
  0.31226699 0.68878246 -0.54086229,0.30923696 0.68090671 -0.53561413,
  0.30522323 0.67468818 -0.52866215,0.30042916 0.6706645 -0.52035857,
  0.4445251 0.69875073 -0.4445251,0.44161221 0.68878246 -0.44161221,
  0.4373271 0.68090671 -0.4373271,0.43165084 0.67468818 -0.43165084,
  0.42487099 0.6706645 -0.42487099,0.54442984 0.69875073 -0.31432671,
  0.54086229 0.68878246 -0.31226699,0.53561413 0.68090671 -0.30923696,
  0.52866215 0.67468818 -0.30522323,0.52035857 0.6706645 -0.30042916,
  0.60723258 0.69875073 -0.16270748,0.6032535 0.68878246 -0.16164129,
  0.59739993 0.68090671 -0.16007283,0.58964601 0.67468818 -0.15799517,
  0.58038457 0.6706645 -0.15551358,0.62865343 0.69875073 0,
  0.62453398 0.68878246 0,0.61847392 0.68090671 0,
  0.61044647 0.67468818 0,0.60085832 0.6706645 0,
  0.60723258 0.69875073 0.16270748,0.6032535 0.68878246 0.16164129,
  0.59739993 0.68090671 0.16007283,0.58964601 0.67468818 0.15799517,
  0.58038457 0.6706645 0.15551358,0.54442984 0.69875073 0.31432671,
  0.54086229 0.68878246 0.31226699,0.53561413 0.68090671 0.30923696,
  0.52866215 0.67468818 0.30522323,0.52035857 0.6706645 0.30042916,
  0.4445251 0.69875073 0.4445251,0.44161221 0.68878246 0.44161221,
  0.4373271 0.68090671 0.4373271,0.43165084 0.67468818 0.43165084,
  0.42487099 0.6706645 0.42487099,0.31432671 0.69875073 0.54442984,
  0.31226699 0.68878246 0.54086229,0.30923696 0.68090671 0.53561413,
  0.30522323 0.67468818 0.52866215,0.30042916 0.6706645 0.52035857,
  0.16270748 0.69875073 0.60723258,0.16164129 0.68878246 0.6032535,
  0.16007283 0.68090671 0.59739993,0.15799517 0.67468818 0.58964601,
  0.15551358 0.6706645 0.58038457,0 0.69875073 0.62865343,
  0 0.68878246 0.62453398,0 0.68090671 0.61847392,
  0 0.67468818 0.61044647,0 0.6706645 0.60085832,
  -0.16270748 0.69875073 0.60723258,-0.16164129 0.68878246 0.6032535,
  -0.16007283 0.68090671 0.59739993,-0.15799517 0.67468818 0.58964601,
  -0.15551358 0.6706645 0.58038457,-0.31432671 0.69875073 0.54442984,
  -0.31226699 0.68878246 0.54086229,-0.30923696 0.68090671 0.53561413,
  -0.30522323 0.67468818 0.52866215,-0.30042916 0.6706645 0.52035857,
  -0.4445251 0.69875073 0.4445251,-0.44161221 0.68878246 0.44161221,
  -0.4373271 0.68090671 0.4373271,-0.43165084 0.67468818 0.43165084,
  -0.42487099 0.6706645 0.42487099,-0.54442984 0.69875073 0.31432671,
  -0.54086229 0.68878246 0.31226699,-0.53561413 0.68090671 0.30923696,
  -0.52866215 0.67468818 0.30522323,-0.52035857 0.6706645 0.30042916,
  -0.60723258 0.69875073 0.16270748,-0.6032535 0.68878246 0.16164129,
  -0.59739993 0.68090671 0.16007283,-0.58964601 0.67468818 0.15799517,
  -0.58038457 0.6706645 0.15551358,-0.62865343 0.69875073 0,
  -0.62453398 0.68878246 0,-0.61847392 0.68090671 0,
  -0.61044647 0.67468818 0,-0.60085832 0.6706645 0,
  -0.60723258 0.69875073 -0.16270748,-0.6032535 0.68878246 -0.16164129,
  -0.59739993 0.68090671 -0.16007283,-0.58964601 0.67468818 -0.15799517,
  -0.58038457 0.6706645 -0.15551358,-0.54442984 0.69875073 -0.31432671,
  -0.54086229 0.68878246 -0.31226699,-0.53561413 0.68090671 -0.30923696,
  -0.52866215 0.67468818 -0.30522323,-0.52035857 0.6706645 -0.30042916,
  -0.4445251 0.69875073 -0.4445251,-0.44161221 0.68878246 -0.44161221,
  -0.4373271 0.68090671 -0.4373271,-0.43165084 0.67468818 -0.43165084,
  -0.42487099 0.6706645 -0.42487099,-0.31432671 0.69875073 -0.54442984,
  -0.31226699 0.68878246 -0.54086229,-0.30923696 0.68090671 -0.53561413,
  -0.30522323 0.67468818 -0.52866215,-0.30042916 0.6706645 -0.52035857,
  -0.16270748 0.69875073 -0.60723258,-0.16164129 0.68878246 -0.6032535,
  -0.16007283 0.68090671 -0.59739993,-0.15799517 0.67468818 -0.58964601,
  -0.15551358 0.6706645 -0.58038457] }
 coordIndex [
  60,0,1,-1,60,55,0,-1,61,56,55,-1,61,55,60,-1,62,56,61,-1,62,57,56,-1,63,58,57,-1,63,57,62,-1,
  64,32,31,-1,64,59,58,-1,64,31,59,-1,64,58,63,-1,65,1,2,-1,65,60,1,-1,66,60,65,-1,66,61,60,-1,
  67,62,61,-1,67,61,66,-1,68,62,67,-1,68,63,62,-1,69,64,63,-1,69,33,32,-1,69,63,68,-1,69,32,64,-1,
  70,2,3,-1,70,65,2,-1,71,65,70,-1,71,66,65,-1,72,67,66,-1,72,66,71,-1,73,67,72,-1,73,68,67,-1,
  74,69,68,-1,74,34,33,-1,74,68,73,-1,74,33,69,-1,75,3,4,-1,75,70,3,-1,76,70,75,-1,76,71,70,-1,
  77,72,71,-1,77,71,76,-1,78,72,77,-1,78,73,72,-1,79,74,73,-1,79,35,34,-1,79,34,74,-1,79,73,78,-1,
  80,4,5,-1,80,75,4,-1,80,76,75,-1,81,76,80,-1,82,76,81,-1,82,77,76,-1,83,78,77,-1,83,77,82,-1,
  84,36,35,-1,84,79,78,-1,84,35,79,-1,84,78,83,-1,85,5,6,-1,85,6,7,-1,85,80,5,-1,86,81,80,-1,
  86,80,85,-1,87,81,86,-1,87,82,81,-1,88,83,82,-1,88,82,87,-1,89,83,88,-1,89,37,36,-1,89,36,84,-1,
  89,84,83,-1,90,85,7,-1,91,85,90,-1,91,86,85,-1,92,86,91,-1,92,87,86,-1,93,88,87,-1,93,87,92,-1,
  94,37,89,-1,94,88,93,-1,94,89,88,-1,94,38,37,-1,95,90,7,-1,95,7,8,-1,95,8,9,-1,96,91,90,-1,
  96,90,95,-1,97,91,96,-1,97,92,91,-1,98,92,97,-1,98,93,92,-1,99,94,93,-1,99,38,94,-1,99,93,98,-1,
  99,39,38,-1,100,95,9,-1,101,96,95,-1,101,95,100,-1,102,97,96,-1,102,98,97,-1,102,96,101,-1,103,98,102,-1,
  104,99,98,-1,104,39,99,-1,104,40,39,-1,104,41,40,-1,104,98,103,-1,105,9,10,-1,105,100,9,-1,106,100,105,-1,
  106,101,100,-1,107,101,106,-1,107,102,101,-1,108,103,102,-1,108,104,103,-1,108,102,107,-1,109,42,41,-1,109,41,104,-1,
  109,104,108,-1,110,10,11,-1,110,105,10,-1,111,107,106,-1,111,106,105,-1,111,105,110,-1,112,107,111,-1,113,108,107,-1,
  113,107,112,-1,114,42,109,-1,114,109,108,-1,114,108,113,-1,115,11,12,-1,115,110,11,-1,116,111,110,-1,116,110,115,-1,
  117,112,111,-1,117,111,116,-1,118,112,117,-1,118,113,112,-1,119,43,42,-1,119,42,114,-1,119,114,113,-1,119,113,118,-1,
  120,12,13,-1,120,115,12,-1,121,115,120,-1,121,116,115,-1,121,117,116,-1,122,117,121,-1,123,118,117,-1,123,117,122,-1,
  124,118,123,-1,124,44,43,-1,124,43,119,-1,124,119,118,-1,125,13,14,-1,125,120,13,-1,126,120,125,-1,126,121,120,-1,
  127,121,126,-1,127,122,121,-1,128,123,122,-1,128,122,127,-1,129,124,123,-1,129,44,124,-1,129,123,128,-1,129,45,44,-1,
  130,14,15,-1,130,125,14,-1,131,126,125,-1,131,125,130,-1,132,127,126,-1,132,126,131,-1,133,128,127,-1,133,129,128,-1,
  133,127,132,-1,134,129,133,-1,134,45,129,-1,134,46,45,-1,135,15,16,-1,135,16,17,-1,135,130,15,-1,136,131,130,-1,
  136,130,135,-1,137,132,131,-1,137,131,136,-1,138,134,133,-1,138,133,132,-1,138,132,137,-1,139,46,134,-1,139,47,46,-1,
  139,134,138,-1,140,135,17,-1,141,135,140,-1,141,136,135,-1,142,137,136,-1,142,136,141,-1,143,138,137,-1,143,137,142,-1,
  144,48,47,-1,144,47,139,-1,144,139,138,-1,144,138,143,-1,145,17,18,-1,145,141,140,-1,145,140,17,-1,146,141,145,-1,
  147,142,141,-1,147,143,142,-1,147,141,146,-1,148,143,147,-1,149,49,48,-1,149,48,144,-1,149,144,143,-1,149,143,148,-1,
  150,18,19,-1,150,145,18,-1,151,145,150,-1,151,146,145,-1,151,147,146,-1,152,147,151,-1,153,148,147,-1,153,149,148,-1,
  153,147,152,-1,154,50,49,-1,154,49,149,-1,154,149,153,-1,155,19,20,-1,155,150,19,-1,156,151,150,-1,156,150,155,-1,
  156,152,151,-1,157,152,156,-1,158,153,152,-1,158,154,153,-1,158,152,157,-1,159,154,158,-1,159,51,50,-1,159,50,154,-1,
  160,20,21,-1,160,21,22,-1,160,155,20,-1,161,155,160,-1,161,156,155,-1,162,157,156,-1,162,156,161,-1,163,158,157,-1,
  163,157,162,-1,164,159,158,-1,164,51,159,-1,164,158,163,-1,164,52,51,-1,165,160,22,-1,165,22,23,-1,165,161,160,-1,
  166,161,165,-1,167,162,161,-1,167,163,162,-1,167,161,166,-1,168,163,167,-1,169,163,168,-1,169,164,163,-1,169,52,164,-1,
  169,53,52,-1,170,23,24,-1,170,24,25,-1,170,166,165,-1,170,165,23,-1,171,25,26,-1,171,170,25,-1,171,166,170,-1,
  172,26,27,-1,172,168,167,-1,172,167,166,-1,172,171,26,-1,172,166,171,-1,173,27,28,-1,173,28,29,-1,173,168,172,-1,
  173,172,27,-1,174,29,30,-1,174,169,168,-1,174,53,169,-1,174,54,53,-1,174,168,173,-1,174,30,54,-1,174,173,29,-1]
  normalPerVertex TRUE
  normal DEF NORM_65 Normal { vector [
  0.12948886 -0.12582314 -0.98356554,0.29843481 -0.12677176 -0.94597335,
  0.53310181 -0.12677176 -0.83649948,0.7314388 -0.12677176 -0.67001955,
  0.87992945 -0.12677176 -0.45787889,0.96845436 -0.12677176 -0.21453455,
  0.9919166 -0.12689149 0,0.95811787 -0.12689149 0.25672691,
  0.85902498 -0.12689149 0.4959583,0.70139096 -0.12689149 0.70139096,
  0.45787889 -0.12677176 0.87992945,0.21453455 -0.12677176 0.96845436,
  -0.04342997 -0.12677176 0.99098071,-0.29843481 -0.12677176 0.94597335,
  -0.53310181 -0.12677176 0.83649948,-0.7314388 -0.12677176 0.67001955,
  -0.85902498 -0.12689149 0.4959583,-0.95811787 -0.12689149 0.25672691,
  -0.99098071 -0.12677176 -0.04342997,-0.94597335 -0.12677176 -0.29843481,
  -0.83649948 -0.12677176 -0.53310181,-0.70139096 -0.12689149 -0.70139096,
  -0.53310181 -0.12677176 -0.83649948,-0.29843481 -0.12677176 -0.94597335,
  -0.12948886 -0.12582314 -0.98356554,-0.12447491 -0.30095182 -0.94548083,
  -0.11065643 -0.53036117 -0.840519,-0.088742187 -0.7333231 -0.67406383,
  -0.066029643 -0.86260812 -0.50154493,-0.040096349 -0.95164818 -0.30456201,
  -0.017383029 -0.99109233 -0.13203719,0.017383029 -0.99109233 -0.13203719,
  0.039840737 -0.99122507 -0.12603801,0.071104234 -0.99122507 -0.11143183,
  0.097522096 -0.99122507 -0.08923175,0.11729399 -0.99122507 -0.060950677,
  0.12907249 -0.99122507 -0.028515915,0.13205491 -0.99122507 0.0058621594,
  0.12603801 -0.99122507 0.039840737,0.11143183 -0.99122507 0.071104234,
  0.093378527 -0.9912421 0.093378527,0.071104234 -0.99122507 0.11143183,
  0.034178913 -0.9912421 0.12755744,-0.0058621594 -0.99122507 0.13205491,
  -0.039840737 -0.99122507 0.12603801,-0.071104234 -0.99122507 0.11143183,
  -0.097522096 -0.99122507 0.08923175,-0.11729399 -0.99122507 0.060950677,
  -0.12907249 -0.99122507 0.028515915,-0.13205491 -0.99122507 -0.0058621594,
  -0.12603801 -0.99122507 -0.039840737,-0.11143183 -0.99122507 -0.071104234,
  -0.08923175 -0.99122507 -0.097522096,-0.060950677 -0.99122507 -0.11729399,
  -0.034178913 -0.9912421 -0.12755744,0.12447491 -0.30095182 -0.94548083,
  0.11065643 -0.53036117 -0.840519,0.088742187 -0.7333231 -0.67406383,
  0.061081584 -0.88374742 -0.46396071,0.034446337 -0.96454905 -0.2616459,
  0.24976392 -0.26138595 -0.93236011,0.22024125 -0.49519384 -0.84040279,
  0.1792814 -0.70658554 -0.68454003,0.12536361 -0.86416522 -0.48734221,
  0.056755743 -0.96486436 -0.25654542,0.48256596 -0.26138595 -0.83594706,
  0.43024896 -0.49519386 -0.75476412,0.35034453 -0.70658554 -0.61481346,
  0.2472254 -0.86416522 -0.43828994,0.12122068 -0.96486436 -0.23311438,
  0.68248194 -0.26138595 -0.68256559,0.61093591 -0.49519386 -0.61768953,
  0.49753226 -0.70658554 -0.50318836,0.35223918 -0.86416522 -0.35936893,
  0.17742463 -0.96486436 -0.19379698,0.82859334 -0.23550897 -0.50790609,
  0.76736058 -0.47866499 -0.42665861,0.61081399 -0.70658554 -0.35727181,
  0.43324845 -0.86416522 -0.25595752,0.22153738 -0.96486436 -0.14127264,
  0.9226042 -0.27945339 -0.26590842,0.8310781 -0.51825782 -0.20178707,
  0.68246976 -0.70658554 -0.18700777,0.48473254 -0.86416522 -0.13510303,
  0.25055272 -0.96486436 -0.079120795,0.9698925 -0.2428533 0.018188354,
  0.86876938 -0.49519386 -0.0047755292,0.70761634 -0.70658554 -0.0039994636,
  0.50318292 -0.86416522 -0.0050414939,0.26249331 -0.96486436 -0.011577002,
  0.91854933 -0.28670453 0.2721537,0.84040278 -0.49519386 0.22024125,
  0.68454003 -0.70658554 0.1792814,0.48734221 -0.86416522 0.12536361,
  0.25654542 -0.96486436 0.056755743,0.83085736 -0.2428533 0.50069782,
  0.75476412 -0.49519386 0.43024896,0.63858113 -0.68817582 0.34442442,
  0.44621878 -0.85445721 0.26606705,0.23311438 -0.96486436 0.12122068,
  0.65941021 -0.28670453 0.69496669,0.61768953 -0.49519386 0.61093591,
  0.50174466 -0.71928345 0.4805035,0.35542151 -0.86449471 0.35542151,
  0.18587417 -0.96483241 0.18587417,0.48266841 -0.26138595 0.83588791,
  0.46259647 -0.47224343 0.75032703,0.3502222 -0.69333735 0.62978387,
  0.25357203 -0.87333268 0.41592218,0.11518345 -0.97166015 0.20642026,
  0.24987817 -0.26138595 0.9323295,0.24022748 -0.51147619 0.82503507,
  0.16266128 -0.72457308 0.66972767,0.13510303 -0.86416522 0.48473254,
  0.084519126 -0.95765694 0.27522662,5.9147078e-05 -0.26138595 0.96523437,
  0.025456785 -0.47224343 0.8811005,-0.011590615 -0.69333735 0.72051993,
  0.0050414939 -0.86416522 0.50318292,0.011577002 -0.96486436 0.26249331,
  -0.24976391 -0.26138595 0.93236011,-0.20447443 -0.51147619 0.83461507,
  -0.19399503 -0.72457308 0.66133182,-0.12536361 -0.86416522 0.48734221,
  -0.056755743 -0.96486436 0.25654542,-0.48256596 -0.26138595 0.83594706,
  -0.43024896 -0.49519386 0.75476412,-0.35034453 -0.70658554 0.61481346,
  -0.24862699 -0.85067704 0.46317728,-0.13835902 -0.95971235 0.24455876,
  -0.68248194 -0.26138595 0.68256559,-0.61093591 -0.49519386 0.61768953,
  -0.49753226 -0.70658554 0.50318836,-0.34009224 -0.86396508 0.37135106,
  -0.1897428 -0.96491262 0.18149737,-0.84904572 -0.2428533 0.46919467,
  -0.74998859 -0.49519386 0.43852042,-0.61081399 -0.70658554 0.35727181,
  -0.41592218 -0.87333268 0.25357203,-0.20296193 -0.97166015 0.12117346,
  -0.93229682 -0.26156931 0.24980818,-0.85164078 -0.47866499 0.21351304,
  -0.69508989 -0.68817582 0.2080002,-0.50366214 -0.85445721 0.12738651,
  -0.25055272 -0.96486436 0.079120795,-0.95998939 -0.27945339 0.018060269,
  -0.86860088 -0.49551237 0,-0.70779473 -0.70641817 0,
  -0.50264192 -0.86449471 0,-0.28097361 -0.95971235 0.002456951,
  -0.93236011 -0.26138595 -0.24976391,-0.84842415 -0.49484029 -0.18790834,
  -0.67514916 -0.70625086 -0.21303365,-0.49164557 -0.86396508 -0.10885299,
  -0.25205274 -0.96491262 -0.073573404,-0.83594706 -0.26138595 -0.48256596,
  -0.75325437 -0.51147619 -0.41352141,-0.58858787 -0.72457308 -0.35855008,
  -0.42756091 -0.87333268 -0.23341316,-0.20642026 -0.97166015 -0.11518345,
  -0.6901048 -0.21796954 -0.6901048,-0.61072811 -0.47866499 -0.63078603,
  -0.5276784 -0.68817582 -0.4979654,-0.36215103 -0.85445721 -0.37249096,
  -0.19379698 -0.96486436 -0.17742463,-0.48256596 -0.26138595 -0.83594706,
  -0.40109385 -0.49484029 -0.77088054,-0.38051616 -0.70625086 -0.59700684,
  -0.23239115 -0.86396508 -0.44671993,-0.14127264 -0.96486436 -0.22153738,
  -0.24976392 -0.26138595 -0.93236011,-0.20345622 -0.4722434 -0.85766645,
  -0.19767996 -0.69333735 -0.69296894,-0.10885298 -0.86396509 -0.49164555,
  -0.070442657 -0.96968005 -0.23400521] }
}
}
DEF SHAPE_66 Shape {
 appearance USE APP_2
 geometry DEF FACE_66 IndexedFaceSet {
  coord DEF COORD_66 Coordinate { point [
  0 0.98425197 0.59055118,0.15284589 0.98425197 0.57042864,
  0.29527559 0.98425197 0.51143233,0.41758274 0.98425197 0.41758274,
  0.51143233 0.98425197 0.29527559,0.57042864 0.98425197 0.15284589,
  0.59055118 0.98425197 0,0.57042864 0.98425197 -0.15284589,
  0.51143233 0.98425197 -0.29527559,0.41758274 0.98425197 -0.41758274,
  0.29527559 0.98425197 -0.51143233,0.15284589 0.98425197 -0.57042864,
  0 0.98425197 -0.59055118,-0.15284589 0.98425197 -0.57042864,
  -0.29527559 0.98425197 -0.51143233,-0.41758274 0.98425197 -0.41758274,
  -0.51143233 0.98425197 -0.29527559,-0.57042864 0.98425197 -0.15284589,
  -0.59055118 0.98425197 0,-0.57042864 0.98425197 0.15284589,
  -0.51143233 0.98425197 0.29527559,-0.41758274 0.98425197 0.41758274,
  -0.29527559 0.98425197 0.51143233,-0.15284589 0.98425197 0.57042864,
  0 0.98425197 0.59055118,0 0.94488189 0.62992126,
  0 0.95479258 0.62865343,0 0.96476084 0.62453398,
  0 0.9726366 0.61847392,0 0.97885513 0.61044647,
  0 0.98287881 0.60085831,0.16303562 0.94488189 0.60845721,
  0.31496063 0.94488189 0.54552781,0.44542159 0.94488189 0.44542159,
  0.54552781 0.94488189 0.31496063,0.60845721 0.94488189 0.16303562,
  0.62992126 0.94488189 0,0.60845721 0.94488189 -0.16303562,
  0.54552781 0.94488189 -0.31496063,0.44542159 0.94488189 -0.44542159,
  0.31496063 0.94488189 -0.54552781,0.16303562 0.94488189 -0.60845721,
  0 0.94488189 -0.62992126,-0.16303562 0.94488189 -0.60845721,
  -0.31496063 0.94488189 -0.54552781,-0.44542159 0.94488189 -0.44542159,
  -0.54552781 0.94488189 -0.31496063,-0.60845721 0.94488189 -0.16303562,
  -0.62992126 0.94488189 0,-0.60845721 0.94488189 0.16303562,
  -0.54552781 0.94488189 0.31496063,-0.44542159 0.94488189 0.44542159,
  -0.31496063 0.94488189 0.54552781,-0.16303562 0.94488189 0.60845721,
  0 0.94488189 0.62992126,0 0.95479258 0.62865343,
  0 0.96476084 0.62453398,0 0.9726366 0.61847392,
  0 0.97885513 0.61044647,0 0.98287881 0.60085831,
  0.16270748 0.95479258 0.60723258,0.16164129 0.96476084 0.6032535,
  0.16007283 0.9726366 0.59739993,0.15799517 0.97885513 0.58964601,
  0.15551358 0.98287881 0.58038457,0.31432671 0.95479258 0.54442984,
  0.31226699 0.96476084 0.54086229,0.30923696 0.9726366 0.53561413,
  0.30522323 0.97885513 0.52866215,0.30042916 0.98287881 0.52035857,
  0.4445251 0.95479258 0.4445251,0.44161221 0.96476084 0.44161221,
  0.4373271 0.9726366 0.4373271,0.43165084 0.97885513 0.43165084,
  0.42487099 0.98287881 0.42487099,0.54442984 0.95479258 0.31432671,
  0.54086229 0.96476084 0.31226699,0.53561413 0.9726366 0.30923696,
  0.52866215 0.97885513 0.30522323,0.52035857 0.98287881 0.30042916,
  0.60723258 0.95479258 0.16270748,0.6032535 0.96476084 0.16164129,
  0.59739993 0.9726366 0.16007283,0.58964601 0.97885513 0.15799517,
  0.58038457 0.98287881 0.15551358,0.62865343 0.95479258 0,
  0.62453398 0.96476084 0,0.61847392 0.9726366 0,
  0.61044647 0.97885513 0,0.60085832 0.98287881 0,
  0.60723258 0.95479258 -0.16270748,0.6032535 0.96476084 -0.16164129,
  0.59739993 0.9726366 -0.16007283,0.58964601 0.97885513 -0.15799517,
  0.58038457 0.98287881 -0.15551358,0.54442984 0.95479258 -0.31432671,
  0.54086229 0.96476084 -0.31226699,0.53561413 0.9726366 -0.30923696,
  0.52866215 0.97885513 -0.30522323,0.52035857 0.98287881 -0.30042916,
  0.4445251 0.95479258 -0.4445251,0.44161221 0.96476084 -0.44161221,
  0.4373271 0.9726366 -0.4373271,0.43165084 0.97885513 -0.43165084,
  0.42487099 0.98287881 -0.42487099,0.31432671 0.95479258 -0.54442984,
  0.31226699 0.96476084 -0.54086229,0.30923696 0.9726366 -0.53561413,
  0.30522323 0.97885513 -0.52866215,0.30042916 0.98287881 -0.52035857,
  0.16270748 0.95479258 -0.60723258,0.16164129 0.96476084 -0.6032535,
  0.16007283 0.9726366 -0.59739993,0.15799517 0.97885513 -0.58964601,
  0.15551358 0.98287881 -0.58038457,0 0.95479258 -0.62865343,
  0 0.96476084 -0.62453398,0 0.9726366 -0.61847392,
  0 0.97885513 -0.61044647,0 0.98287881 -0.60085832,
  -0.16270748 0.95479258 -0.60723258,-0.16164129 0.96476084 -0.6032535,
  -0.16007283 0.9726366 -0.59739993,-0.15799517 0.97885513 -0.58964601,
  -0.15551358 0.98287881 -0.58038457,-0.31432671 0.95479258 -0.54442984,
  -0.31226699 0.96476084 -0.54086229,-0.30923696 0.9726366 -0.53561413,
  -0.30522323 0.97885513 -0.52866215,-0.30042916 0.98287881 -0.52035857,
  -0.4445251 0.95479258 -0.4445251,-0.44161221 0.96476084 -0.44161221,
  -0.4373271 0.9726366 -0.4373271,-0.43165084 0.97885513 -0.43165084,
  -0.42487099 0.98287881 -0.42487099,-0.54442984 0.95479258 -0.31432671,
  -0.54086229 0.96476084 -0.31226699,-0.53561413 0.9726366 -0.30923696,
  -0.52866215 0.97885513 -0.30522323,-0.52035857 0.98287881 -0.30042916,
  -0.60723258 0.95479258 -0.16270748,-0.6032535 0.96476084 -0.16164129,
  -0.59739993 0.9726366 -0.16007283,-0.58964601 0.97885513 -0.15799517,
  -0.58038457 0.98287881 -0.15551358,-0.62865343 0.95479258 0,
  -0.62453398 0.96476084 0,-0.61847392 0.9726366 0,
  -0.61044647 0.97885513 0,-0.60085832 0.98287881 0,
  -0.60723258 0.95479258 0.16270748,-0.6032535 0.96476084 0.16164129,
  -0.59739993 0.9726366 0.16007283,-0.58964601 0.97885513 0.15799517,
  -0.58038457 0.98287881 0.15551358,-0.54442984 0.95479258 0.31432671,
  -0.54086229 0.96476084 0.31226699,-0.53561413 0.9726366 0.30923696,
  -0.52866215 0.97885513 0.30522323,-0.52035857 0.98287881 0.30042916,
  -0.4445251 0.95479258 0.4445251,-0.44161221 0.96476084 0.44161221,
  -0.4373271 0.9726366 0.4373271,-0.43165084 0.97885513 0.43165084,
  -0.42487099 0.98287881 0.42487099,-0.31432671 0.95479258 0.54442984,
  -0.31226699 0.96476084 0.54086229,-0.30923696 0.9726366 0.53561413,
  -0.30522323 0.97885513 0.52866215,-0.30042916 0.98287881 0.52035857,
  -0.16270748 0.95479258 0.60723258,-0.16164129 0.96476084 0.6032535,
  -0.16007283 0.9726366 0.59739993,-0.15799517 0.97885513 0.58964601,
  -0.15551358 0.98287881 0.58038457] }
 coordIndex [
  60,26,25,-1,60,25,31,-1,61,27,26,-1,61,26,60,-1,62,28,27,-1,62,27,61,-1,63,29,28,-1,63,28,62,-1,
  64,1,0,-1,64,30,29,-1,64,0,30,-1,64,29,63,-1,65,60,31,-1,65,31,32,-1,66,60,65,-1,66,61,60,-1,
  67,62,61,-1,67,61,66,-1,68,62,67,-1,68,63,62,-1,69,2,1,-1,69,64,63,-1,69,63,68,-1,69,1,64,-1,
  70,32,33,-1,70,65,32,-1,71,65,70,-1,71,66,65,-1,72,66,71,-1,72,67,66,-1,73,67,72,-1,73,68,67,-1,
  74,69,68,-1,74,3,2,-1,74,68,73,-1,74,2,69,-1,75,33,34,-1,75,70,33,-1,76,71,70,-1,76,70,75,-1,
  77,72,71,-1,77,71,76,-1,78,73,72,-1,78,72,77,-1,79,4,3,-1,79,73,78,-1,79,74,73,-1,79,3,74,-1,
  80,34,35,-1,80,76,75,-1,80,75,34,-1,81,76,80,-1,82,77,76,-1,82,76,81,-1,83,78,77,-1,83,77,82,-1,
  84,5,4,-1,84,4,79,-1,84,78,83,-1,84,79,78,-1,85,35,36,-1,85,36,37,-1,85,80,35,-1,86,81,80,-1,
  86,80,85,-1,87,81,86,-1,87,82,81,-1,88,82,87,-1,88,83,82,-1,89,83,88,-1,89,6,5,-1,89,5,84,-1,
  89,84,83,-1,90,85,37,-1,91,85,90,-1,91,86,85,-1,92,86,91,-1,92,87,86,-1,93,88,87,-1,93,87,92,-1,
  94,7,6,-1,94,88,93,-1,94,6,89,-1,94,89,88,-1,95,90,37,-1,95,37,38,-1,95,38,39,-1,96,91,90,-1,
  96,90,95,-1,97,91,96,-1,97,92,91,-1,98,93,92,-1,98,92,97,-1,99,8,7,-1,99,7,94,-1,99,94,93,-1,
  99,93,98,-1,100,95,39,-1,101,95,100,-1,101,96,95,-1,102,97,96,-1,102,98,97,-1,102,96,101,-1,103,98,102,-1,
  104,9,8,-1,104,10,9,-1,104,8,99,-1,104,99,98,-1,104,98,103,-1,105,100,39,-1,105,39,40,-1,106,100,105,-1,
  106,101,100,-1,107,102,101,-1,107,101,106,-1,108,103,102,-1,108,104,103,-1,108,102,107,-1,109,11,10,-1,109,10,104,-1,
  109,104,108,-1,110,40,41,-1,110,105,40,-1,111,107,106,-1,111,106,105,-1,111,105,110,-1,112,107,111,-1,113,108,107,-1,
  113,107,112,-1,114,11,109,-1,114,109,108,-1,114,108,113,-1,115,41,42,-1,115,110,41,-1,116,111,110,-1,116,110,115,-1,
  117,112,111,-1,117,111,116,-1,118,112,117,-1,118,113,112,-1,118,114,113,-1,119,12,11,-1,119,13,12,-1,119,114,118,-1,
  119,11,114,-1,120,115,42,-1,120,42,43,-1,121,115,120,-1,121,116,115,-1,122,117,116,-1,122,116,121,-1,123,117,122,-1,
  123,118,117,-1,124,118,123,-1,124,13,119,-1,124,119,118,-1,125,43,44,-1,125,120,43,-1,126,120,125,-1,126,122,121,-1,
  126,121,120,-1,127,122,126,-1,128,122,127,-1,128,123,122,-1,129,124,123,-1,129,13,124,-1,129,14,13,-1,129,123,128,-1,
  130,125,44,-1,130,126,125,-1,130,44,45,-1,131,126,130,-1,132,126,131,-1,132,127,126,-1,132,128,127,-1,133,128,132,-1,
  134,15,14,-1,134,14,129,-1,134,129,128,-1,134,128,133,-1,135,130,45,-1,135,45,46,-1,135,46,47,-1,136,131,130,-1,
  136,130,135,-1,137,132,131,-1,137,131,136,-1,138,133,132,-1,138,134,133,-1,138,132,137,-1,139,16,15,-1,139,15,134,-1,
  139,134,138,-1,140,135,47,-1,141,136,135,-1,141,135,140,-1,142,136,141,-1,142,137,136,-1,143,137,142,-1,143,138,137,-1,
  144,17,16,-1,144,16,139,-1,144,139,138,-1,144,138,143,-1,145,47,48,-1,145,140,47,-1,145,141,140,-1,146,141,145,-1,
  147,141,146,-1,147,142,141,-1,147,143,142,-1,148,143,147,-1,149,18,17,-1,149,17,144,-1,149,144,143,-1,149,143,148,-1,
  150,48,49,-1,150,145,48,-1,151,145,150,-1,151,147,146,-1,151,146,145,-1,152,147,151,-1,153,148,147,-1,153,149,148,-1,
  153,147,152,-1,154,19,18,-1,154,18,149,-1,154,149,153,-1,155,49,50,-1,155,150,49,-1,156,150,155,-1,156,151,150,-1,
  156,152,151,-1,157,152,156,-1,158,152,157,-1,158,153,152,-1,158,154,153,-1,159,154,158,-1,159,20,19,-1,159,19,154,-1,
  160,50,51,-1,160,51,52,-1,160,155,50,-1,161,155,160,-1,161,156,155,-1,162,157,156,-1,162,156,161,-1,163,158,157,-1,
  163,157,162,-1,164,159,158,-1,164,20,159,-1,164,21,20,-1,164,158,163,-1,165,161,160,-1,165,160,52,-1,165,52,53,-1,
  166,161,165,-1,167,162,161,-1,167,163,162,-1,167,161,166,-1,168,163,167,-1,169,22,21,-1,169,21,164,-1,169,164,163,-1,
  169,163,168,-1,170,165,53,-1,170,53,54,-1,170,54,55,-1,170,166,165,-1,171,55,56,-1,171,170,55,-1,171,166,170,-1,
  172,166,171,-1,172,168,167,-1,172,167,166,-1,172,56,57,-1,172,171,56,-1,173,168,172,-1,173,172,57,-1,173,57,58,-1,
  173,58,59,-1,174,23,22,-1,174,24,23,-1,174,22,169,-1,174,169,168,-1,174,168,173,-1,174,173,59,-1,174,59,24,-1]
  normalPerVertex TRUE
  normal DEF NORM_66 Normal { vector [
  0.017383029 0.99109233 0.13203719,0.039840737 0.99122507 0.12603801,
  0.071104234 0.99122507 0.11143183,0.097522096 0.99122507 0.08923175,
  0.11729399 0.99122507 0.060950677,0.12907249 0.99122507 0.028515915,
  0.13205491 0.99122507 -0.0058621594,0.12603801 0.99122507 -0.039840737,
  0.11143183 0.99122507 -0.071104234,0.093378527 0.9912421 -0.093378527,
  0.071104234 0.99122507 -0.11143183,0.034178913 0.9912421 -0.12755744,
  0 0.9912421 -0.13205718,-0.034178913 0.9912421 -0.12755744,
  -0.071104234 0.99122507 -0.11143183,-0.097522096 0.99122507 -0.08923175,
  -0.11729399 0.99122507 -0.060950677,-0.12907249 0.99122507 -0.028515915,
  -0.13205491 0.99122507 0.0058621594,-0.12603801 0.99122507 0.039840737,
  -0.11143183 0.99122507 0.071104234,-0.08923175 0.99122507 0.097522096,
  -0.060950677 0.99122507 0.11729399,-0.034178913 0.9912421 0.12755744,
  -0.017383029 0.99109233 0.13203719,0.12948886 0.12582314 0.98356554,
  0.12447491 0.30095182 0.94548083,0.11065643 0.53036117 0.840519,
  0.088742187 0.7333231 0.67406383,0.061081584 0.88374742 0.46396071,
  0.034446337 0.96454905 0.2616459,0.29843481 0.12677176 0.94597335,
  0.53310181 0.12677176 0.83649948,0.7314388 0.12677176 0.67001955,
  0.87992945 0.12677176 0.45787889,0.96845436 0.12677176 0.21453455,
  0.9919166 0.12689149 0,0.95811787 0.12689149 -0.25672691,
  0.85902498 0.12689149 -0.4959583,0.70139096 0.12689149 -0.70139096,
  0.45787889 0.12677176 -0.87992945,0.21453455 0.12677176 -0.96845436,
  -0.04342997 0.12677176 -0.99098071,-0.29843481 0.12677176 -0.94597335,
  -0.53310181 0.12677176 -0.83649948,-0.7314388 0.12677176 -0.67001955,
  -0.85902498 0.12689149 -0.4959583,-0.95811787 0.12689149 -0.25672691,
  -0.99098071 0.12677176 0.04342997,-0.94597335 0.12677176 0.29843481,
  -0.83649948 0.12677176 0.53310181,-0.70139096 0.12689149 0.70139096,
  -0.53310181 0.12677176 0.83649948,-0.29843481 0.12677176 0.94597335,
  -0.12948886 0.12582314 0.98356554,-0.12447491 0.30095182 0.94548083,
  -0.11065643 0.53036117 0.840519,-0.088742187 0.7333231 0.67406383,
  -0.066029643 0.86260812 0.50154493,-0.040096349 0.95164818 0.30456201,
  0.24976392 0.26138595 0.93236011,0.22024125 0.49519384 0.84040279,
  0.1792814 0.70658554 0.68454003,0.12536361 0.86416522 0.48734221,
  0.056755743 0.96486436 0.25654542,0.48256596 0.26138595 0.83594706,
  0.43024896 0.49519386 0.75476412,0.35034453 0.70658554 0.61481346,
  0.2472254 0.86416522 0.43828994,0.12122068 0.96486436 0.23311438,
  0.68248194 0.26138595 0.68256559,0.61093591 0.49519386 0.61768953,
  0.49753226 0.70658554 0.50318836,0.35223918 0.86416522 0.35936893,
  0.17742463 0.96486436 0.19379698,0.82859334 0.23550897 0.50790609,
  0.76736058 0.47866499 0.42665861,0.61081399 0.70658554 0.35727181,
  0.43324845 0.86416522 0.25595752,0.22153738 0.96486436 0.14127264,
  0.9226042 0.27945339 0.26590842,0.8310781 0.51825782 0.20178707,
  0.68246976 0.70658554 0.18700777,0.48473254 0.86416522 0.13510303,
  0.25055272 0.96486436 0.079120795,0.9698925 0.2428533 -0.018188354,
  0.86876938 0.49519386 0.0047755292,0.70761634 0.70658554 0.0039994636,
  0.50318292 0.86416522 0.0050414939,0.26249331 0.96486436 0.011577002,
  0.91854933 0.28670453 -0.2721537,0.84040278 0.49519386 -0.22024125,
  0.68454003 0.70658554 -0.1792814,0.48734221 0.86416522 -0.12536361,
  0.25654542 0.96486436 -0.056755743,0.83085736 0.2428533 -0.50069782,
  0.75476412 0.49519386 -0.43024896,0.63858113 0.68817582 -0.34442442,
  0.44621878 0.85445721 -0.26606705,0.23311438 0.96486436 -0.12122068,
  0.65941021 0.28670453 -0.69496669,0.61768953 0.49519386 -0.61093591,
  0.50174466 0.71928345 -0.4805035,0.35542151 0.86449471 -0.35542151,
  0.18587417 0.96483241 -0.18587417,0.48266841 0.26138595 -0.83588791,
  0.46259647 0.47224343 -0.75032703,0.3502222 0.69333735 -0.62978387,
  0.25357203 0.87333268 -0.41592218,0.11518345 0.97166015 -0.20642026,
  0.24987817 0.26138595 -0.9323295,0.24022748 0.51147619 -0.82503507,
  0.16266128 0.72457308 -0.66972767,0.15170997 0.85067704 -0.50332162,
  0.07888989 0.9524141 -0.29442108,5.9147078e-05 0.26138595 -0.96523437,
  0.0047755292 0.49519386 -0.86876938,0.0039994636 0.70658554 -0.70761634,
  0.011638726 0.87333268 -0.48698519,0 0.97567455 -0.219224,
  -0.24976391 0.26138595 -0.93236011,-0.20345623 0.47224343 -0.85766643,
  -0.19767996 0.69333735 -0.69296894,-0.12536361 0.86416522 -0.48734221,
  -0.064417602 0.95765694 -0.28061281,-0.46362984 0.23550897 -0.85415625,
  -0.43443425 0.49504296 -0.75246219,-0.35363835 0.70693682 -0.61251959,
  -0.26606705 0.85445721 -0.44621878,-0.12122068 0.96486436 -0.23311438,
  -0.66604447 0.27945339 -0.69158555,-0.61884122 0.51825782 -0.59029178,
  -0.4805035 0.71928345 -0.50174466,-0.35542151 0.86449471 -0.35542151,
  -0.19694102 0.95971235 -0.20041567,-0.84904572 0.2428533 -0.46919467,
  -0.74998859 0.49519386 -0.43852042,-0.61081399 0.70658554 -0.35727181,
  -0.41592218 0.87333268 -0.25357203,-0.20296193 0.97166015 -0.12117346,
  -0.93229682 0.26156931 -0.24980818,-0.85164078 0.47866499 -0.21351304,
  -0.69508989 0.68817582 -0.2080002,-0.50366214 0.85445721 -0.12738651,
  -0.25055272 0.96486436 -0.079120795,-0.95998939 0.27945339 -0.018060269,
  -0.86860088 0.49551237 0,-0.70779473 0.70641817 0,
  -0.50264192 0.86449471 0,-0.28097361 0.95971235 -0.002456951,
  -0.93236011 0.26138595 0.24976391,-0.84842415 0.49484029 0.18790834,
  -0.67514916 0.70625086 0.21303365,-0.49164557 0.86396508 0.10885299,
  -0.25205274 0.96491262 0.073573404,-0.83594706 0.26138595 0.48256596,
  -0.75325437 0.51147619 0.41352141,-0.58858787 0.72457308 0.35855008,
  -0.42756091 0.87333268 0.23341316,-0.20642026 0.97166015 0.11518345,
  -0.6901048 0.21796954 0.6901048,-0.61072811 0.47866499 0.63078603,
  -0.5276784 0.68817582 0.4979654,-0.36215103 0.85445721 0.37249096,
  -0.19379698 0.96486436 0.17742463,-0.48256596 0.26138595 0.83594706,
  -0.40109385 0.49484029 0.77088054,-0.38051616 0.70625086 0.59700684,
  -0.23239115 0.86396508 0.44671993,-0.14127264 0.96486436 0.22153738,
  -0.24976392 0.26138595 0.93236011,-0.20345622 0.4722434 0.85766645,
  -0.19767996 0.69333735 0.69296894,-0.10885298 0.86396509 0.49164555,
  -0.070442657 0.96968005 0.23400521] }
}
}
DEF SHAPE_67 Shape {
 appearance USE APP_2
 geometry DEF FACE_67 IndexedFaceSet {
  coord DEF COORD_67 Coordinate { point [
  0 1.023622 0.39370079,0.10189726 1.023622 0.38028576,
  0.19685039 1.023622 0.34095488,0.2783885 1.023622 0.2783885,
  0.34095488 1.023622 0.19685039,0.38028576 1.023622 0.10189726,
  0.39370079 1.023622 0,0.38028576 1.023622 -0.10189726,
  0.34095488 1.023622 -0.19685039,0.2783885 1.023622 -0.2783885,
  0.19685039 1.023622 -0.34095488,0.10189726 1.023622 -0.38028576,
  0 1.023622 -0.39370079,-0.10189726 1.023622 -0.38028576,
  -0.19685039 1.023622 -0.34095488,-0.2783885 1.023622 -0.2783885,
  -0.34095488 1.023622 -0.19685039,-0.38028576 1.023622 -0.10189726,
  -0.39370079 1.023622 0,-0.38028576 1.023622 0.10189726,
  -0.34095488 1.023622 0.19685039,-0.2783885 1.023622 0.2783885,
  -0.19685039 1.023622 0.34095488,-0.10189726 1.023622 0.38028576,
  0 1.023622 0.39370079,0 1.0137114 0.39496862,
  0 1.0037431 0.39908807,0 0.99586734 0.40514813,
  0 0.98964881 0.41317558,0 0.98562512 0.42276373,
  0 0.98425197 0.43307087,0 0.98425197 0.43307087,
  0.11208699 0.98425197 0.41831433,0.21653543 0.98425197 0.37505037,
  0.30622735 0.98425197 0.30622735,0.37505037 0.98425197 0.21653543,
  0.41831433 0.98425197 0.11208699,0.43307087 0.98425197 0,
  0.41831433 0.98425197 -0.11208699,0.37505037 0.98425197 -0.21653543,
  0.30622735 0.98425197 -0.30622735,0.21653543 0.98425197 -0.37505037,
  0.11208699 0.98425197 -0.41831433,0 0.98425197 -0.43307087,
  -0.11208699 0.98425197 -0.41831433,-0.21653543 0.98425197 -0.37505037,
  -0.30622735 0.98425197 -0.30622735,-0.37505037 0.98425197 -0.21653543,
  -0.41831433 0.98425197 -0.11208699,-0.43307087 0.98425197 0,
  -0.41831433 0.98425197 0.11208699,-0.37505037 0.98425197 0.21653543,
  -0.30622735 0.98425197 0.30622735,-0.21653543 0.98425197 0.37505037,
  -0.11208699 0.98425197 0.41831433,0 1.0137114 0.39496862,
  0 1.0037431 0.39908807,0 0.99586734 0.40514813,
  0 0.98964881 0.41317558,0 0.98562512 0.42276373,
  0.1022254 1.0137114 0.38151039,0.10329159 1.0037431 0.38548948,
  0.10486005 0.99586734 0.39134304,0.10693771 0.98964881 0.39909696,
  0.1094193 0.98562513 0.4083584,0.19748431 1.0137114 0.34205286,
  0.19954404 1.0037431 0.34562041,0.20257406 0.99586734 0.35086857,
  0.20658779 0.98964881 0.35782055,0.21138186 0.98562513 0.36612413,
  0.27928499 1.0137114 0.27928499,0.28219788 1.0037431 0.28219788,
  0.28648299 0.99586734 0.28648299,0.29215926 0.98964881 0.29215926,
  0.2989391 0.98562513 0.2989391,0.34205286 1.0137114 0.19748431,
  0.34562041 1.0037431 0.19954404,0.35086857 0.99586734 0.20257406,
  0.35782055 0.98964881 0.20658779,0.36612413 0.98562513 0.21138186,
  0.38151039 1.0137114 0.1022254,0.38548948 1.0037431 0.10329159,
  0.39134304 0.99586734 0.10486005,0.39909696 0.98964881 0.10693771,
  0.4083584 0.98562513 0.1094193,0.39496862 1.0137114 0,
  0.39908807 1.0037431 0,0.40514813 0.99586734 0,
  0.41317558 0.98964881 0,0.42276373 0.98562513 0,
  0.38151039 1.0137114 -0.1022254,0.38548948 1.0037431 -0.10329159,
  0.39134304 0.99586734 -0.10486005,0.39909696 0.98964881 -0.10693771,
  0.4083584 0.98562513 -0.1094193,0.34205286 1.0137114 -0.19748431,
  0.34562041 1.0037431 -0.19954404,0.35086857 0.99586734 -0.20257406,
  0.35782055 0.98964881 -0.20658779,0.36612413 0.98562513 -0.21138186,
  0.27928499 1.0137114 -0.27928499,0.28219788 1.0037431 -0.28219788,
  0.28648299 0.99586734 -0.28648299,0.29215926 0.98964881 -0.29215926,
  0.2989391 0.98562513 -0.2989391,0.19748431 1.0137114 -0.34205286,
  0.19954404 1.0037431 -0.34562041,0.20257406 0.99586734 -0.35086857,
  0.20658779 0.98964881 -0.35782055,0.21138186 0.98562513 -0.36612413,
  0.1022254 1.0137114 -0.38151039,0.10329159 1.0037431 -0.38548948,
  0.10486005 0.99586734 -0.39134304,0.10693771 0.98964881 -0.39909696,
  0.1094193 0.98562513 -0.4083584,0 1.0137114 -0.39496862,
  0 1.0037431 -0.39908807,0 0.99586734 -0.40514813,
  0 0.98964881 -0.41317558,0 0.98562513 -0.42276373,
  -0.1022254 1.0137114 -0.38151039,-0.10329159 1.0037431 -0.38548948,
  -0.10486005 0.99586734 -0.39134304,-0.10693771 0.98964881 -0.39909696,
  -0.1094193 0.98562513 -0.4083584,-0.19748431 1.0137114 -0.34205286,
  -0.19954404 1.0037431 -0.34562041,-0.20257406 0.99586734 -0.35086857,
  -0.20658779 0.98964881 -0.35782055,-0.21138186 0.98562513 -0.36612413,
  -0.27928499 1.0137114 -0.27928499,-0.28219788 1.0037431 -0.28219788,
  -0.28648299 0.99586734 -0.28648299,-0.29215926 0.98964881 -0.29215926,
  -0.2989391 0.98562513 -0.2989391,-0.34205286 1.0137114 -0.19748431,
  -0.34562041 1.0037431 -0.19954404,-0.35086857 0.99586734 -0.20257406,
  -0.35782055 0.98964881 -0.20658779,-0.36612413 0.98562513 -0.21138186,
  -0.38151039 1.0137114 -0.1022254,-0.38548948 1.0037431 -0.10329159,
  -0.39134304 0.99586734 -0.10486005,-0.39909696 0.98964881 -0.10693771,
  -0.4083584 0.98562513 -0.1094193,-0.39496862 1.0137114 0,
  -0.39908807 1.0037431 0,-0.40514813 0.99586734 0,
  -0.41317558 0.98964881 0,-0.42276373 0.98562513 0,
  -0.38151039 1.0137114 0.1022254,-0.38548948 1.0037431 0.10329159,
  -0.39134304 0.99586734 0.10486005,-0.39909696 0.98964881 0.10693771,
  -0.4083584 0.98562513 0.1094193,-0.34205286 1.0137114 0.19748431,
  -0.34562041 1.0037431 0.19954404,-0.35086857 0.99586734 0.20257406,
  -0.35782055 0.98964881 0.20658779,-0.36612413 0.98562513 0.21138186,
  -0.27928499 1.0137114 0.27928499,-0.28219788 1.0037431 0.28219788,
  -0.28648299 0.99586734 0.28648299,-0.29215926 0.98964881 0.29215926,
  -0.2989391 0.98562513 0.2989391,-0.19748431 1.0137114 0.34205286,
  -0.19954404 1.0037431 0.34562041,-0.20257406 0.99586734 0.35086857,
  -0.20658779 0.98964881 0.35782055,-0.21138186 0.98562513 0.36612413,
  -0.1022254 1.0137114 0.38151039,-0.10329159 1.0037431 0.38548948,
  -0.10486005 0.99586734 0.39134304,-0.10693771 0.98964881 0.39909696,
  -0.1094193 0.98562513 0.4083584] }
 coordIndex [
  60,1,0,-1,60,0,55,-1,61,55,56,-1,61,60,55,-1,62,61,56,-1,62,56,57,-1,63,57,58,-1,63,62,57,-1,
  64,31,32,-1,64,58,59,-1,64,59,31,-1,64,63,58,-1,65,2,1,-1,65,1,60,-1,66,65,60,-1,66,60,61,-1,
  67,61,62,-1,67,66,61,-1,68,67,62,-1,68,62,63,-1,69,63,64,-1,69,32,33,-1,69,68,63,-1,69,64,32,-1,
  70,3,2,-1,70,2,65,-1,71,70,65,-1,71,65,66,-1,72,66,67,-1,72,71,66,-1,73,72,67,-1,73,67,68,-1,
  74,68,69,-1,74,33,34,-1,74,34,35,-1,74,73,68,-1,74,69,33,-1,75,4,3,-1,75,3,70,-1,76,75,70,-1,
  76,70,71,-1,77,71,72,-1,77,76,71,-1,78,77,72,-1,78,72,73,-1,79,74,35,-1,79,73,74,-1,79,78,73,-1,
  80,5,4,-1,80,4,75,-1,81,80,75,-1,81,75,76,-1,82,76,77,-1,82,81,76,-1,83,77,78,-1,83,82,77,-1,
  84,35,36,-1,84,78,79,-1,84,83,78,-1,84,79,35,-1,85,6,5,-1,85,5,80,-1,86,80,81,-1,86,85,80,-1,
  87,82,83,-1,87,81,82,-1,87,86,81,-1,88,87,83,-1,89,88,83,-1,89,36,37,-1,89,84,36,-1,89,83,84,-1,
  90,7,6,-1,90,6,85,-1,91,90,85,-1,91,85,86,-1,92,91,86,-1,92,86,87,-1,93,92,87,-1,93,87,88,-1,
  94,88,89,-1,94,93,88,-1,94,37,38,-1,94,89,37,-1,95,8,7,-1,95,7,90,-1,96,95,90,-1,96,90,91,-1,
  97,96,91,-1,97,91,92,-1,98,93,94,-1,98,92,93,-1,98,97,92,-1,99,94,38,-1,99,98,94,-1,99,38,39,-1,
  100,9,8,-1,100,8,95,-1,101,95,96,-1,101,100,95,-1,102,101,96,-1,102,96,97,-1,103,97,98,-1,103,102,97,-1,
  104,98,99,-1,104,99,39,-1,104,39,40,-1,104,40,41,-1,104,103,98,-1,105,10,9,-1,105,9,100,-1,106,105,100,-1,
  106,100,101,-1,107,101,102,-1,107,102,103,-1,107,106,101,-1,108,107,103,-1,109,104,41,-1,109,103,104,-1,109,108,103,-1,
  110,11,10,-1,110,10,105,-1,111,105,106,-1,111,110,105,-1,112,106,107,-1,112,111,106,-1,113,112,107,-1,113,107,108,-1,
  114,41,42,-1,114,109,41,-1,114,108,109,-1,114,113,108,-1,115,12,11,-1,115,11,110,-1,116,115,110,-1,116,110,111,-1,
  117,111,112,-1,117,112,113,-1,117,116,111,-1,118,117,113,-1,119,42,43,-1,119,43,44,-1,119,114,42,-1,119,113,114,-1,
  119,118,113,-1,120,13,12,-1,120,12,115,-1,121,115,116,-1,121,120,115,-1,122,116,117,-1,122,117,118,-1,122,121,116,-1,
  123,122,118,-1,123,118,119,-1,124,123,119,-1,124,119,44,-1,125,14,13,-1,125,13,120,-1,126,125,120,-1,126,120,121,-1,
  127,126,121,-1,127,122,123,-1,127,121,122,-1,128,127,123,-1,129,123,124,-1,129,124,44,-1,129,128,123,-1,129,44,45,-1,
  129,45,46,-1,130,15,14,-1,130,14,125,-1,131,125,126,-1,131,130,125,-1,132,131,126,-1,132,126,127,-1,133,132,127,-1,
  133,127,128,-1,133,128,129,-1,134,129,46,-1,134,133,129,-1,135,16,15,-1,135,15,130,-1,136,130,131,-1,136,131,132,-1,
  136,135,130,-1,137,136,132,-1,137,132,133,-1,138,137,133,-1,139,134,46,-1,139,133,134,-1,139,46,47,-1,139,138,133,-1,
  139,47,48,-1,140,17,16,-1,140,16,135,-1,141,140,135,-1,141,135,136,-1,141,136,137,-1,142,137,138,-1,142,141,137,-1,
  143,142,138,-1,144,138,139,-1,144,139,48,-1,144,143,138,-1,145,18,17,-1,145,17,140,-1,146,145,140,-1,146,140,141,-1,
  147,141,142,-1,147,146,141,-1,148,147,142,-1,148,142,143,-1,149,48,49,-1,149,49,50,-1,149,144,48,-1,149,143,144,-1,
  149,148,143,-1,150,19,18,-1,150,18,145,-1,151,150,145,-1,151,145,146,-1,151,146,147,-1,152,147,148,-1,152,151,147,-1,
  153,152,148,-1,154,149,50,-1,154,148,149,-1,154,153,148,-1,155,20,19,-1,155,19,150,-1,156,150,151,-1,156,155,150,-1,
  157,156,151,-1,157,151,152,-1,158,157,152,-1,158,152,153,-1,159,158,153,-1,159,50,51,-1,159,51,52,-1,159,154,50,-1,
  159,153,154,-1,160,21,20,-1,160,20,155,-1,161,156,157,-1,161,160,155,-1,161,155,156,-1,162,157,158,-1,162,161,157,-1,
  163,158,159,-1,163,162,158,-1,164,159,52,-1,164,163,159,-1,165,22,21,-1,165,160,161,-1,165,21,160,-1,166,161,162,-1,
  166,165,161,-1,167,166,162,-1,168,162,163,-1,168,163,164,-1,168,167,162,-1,169,164,52,-1,169,168,164,-1,169,52,53,-1,
  170,23,22,-1,170,24,23,-1,170,25,24,-1,170,22,165,-1,171,26,25,-1,171,170,165,-1,171,25,170,-1,171,165,166,-1,
  172,27,26,-1,172,28,27,-1,172,166,167,-1,172,26,171,-1,172,171,166,-1,173,29,28,-1,173,167,168,-1,173,172,167,-1,
  173,28,172,-1,174,30,29,-1,174,168,169,-1,174,169,53,-1,174,29,173,-1,174,53,54,-1,174,54,30,-1,174,173,168,-1]
  normalPerVertex TRUE
  normal DEF NORM_67 Normal { vector [
  0.12948886 0.12582314 0.98356554,0.29857933 0.12677093 0.94592786,
  0.53322963 0.12677093 0.83641813,0.73154121 0.12677093 0.66990789,
  0.87999947 0.12677093 0.45774454,0.96848722 0.12677093 0.21438665,
  0.99097417 0.12677093 -0.043581337,0.94592786 0.12677093 -0.29857933,
  0.83641813 0.12677093 -0.53322963,0.66990789 0.12677093 -0.73154121,
  0.45774454 0.12677093 -0.87999947,0.21438665 0.12677093 -0.96848722,
  -0.043581337 0.12677093 -0.99097417,-0.29857933 0.12677093 -0.94592786,
  -0.53322963 0.12677093 -0.83641813,-0.73154121 0.12677093 -0.66990789,
  -0.87999947 0.12677093 -0.45774454,-0.96848722 0.12677093 -0.21438665,
  -0.99097417 0.12677093 0.043581337,-0.94592786 0.12677093 0.29857933,
  -0.83641813 0.12677093 0.53322963,-0.66990789 0.12677093 0.73154121,
  -0.45774454 0.12677093 0.87999947,-0.25672691 0.12689149 0.95811787,
  -0.12948886 0.12582314 0.98356554,-0.12445589 0.30141318 0.94533636,
  -0.11060461 0.53099524 0.84012539,-0.092713682 0.70389191 0.70423033,
  -0.070875996 0.83973134 0.53835664,-0.039953194 0.95200151 0.30347464,
  -0.017383023 0.99109233 0.13203719,0.017383023 0.99109233 0.13203719,
  0.039686491 0.99122598 0.12607947,0.070965974 0.99122598 0.11151179,
  0.093378527 0.9912421 0.093378527,0.11436487 0.9912421 0.06602859,
  0.12903127 0.99122598 0.028670224,0.13205503 0.99122598 -0.0057024399,
  0.12607947 0.99122598 -0.039686491,0.11151179 0.99122598 -0.070965974,
  0.093378527 0.9912421 -0.093378527,0.06602859 0.9912421 -0.11436487,
  0.028670224 0.99122598 -0.12903127,0 0.9912421 -0.13205718,
  -0.034178913 0.9912421 -0.12755744,-0.06602859 0.9912421 -0.11436487,
  -0.093378527 0.9912421 -0.093378527,-0.11436487 0.9912421 -0.06602859,
  -0.12755744 0.9912421 -0.034178913,-0.13205718 0.9912421 0,
  -0.12755744 0.9912421 0.034178913,-0.11436487 0.9912421 0.06602859,
  -0.093378527 0.9912421 0.093378527,-0.061089059 0.99122598 0.11721423,
  -0.034178913 0.9912421 0.12755744,0.12445589 0.30141318 0.94533636,
  0.11060461 0.53099524 0.84012539,0.088653389 0.73395325 0.67338935,
  0.060951254 0.88427544 0.46297072,0.034446337 0.96454905 0.2616459,
  0.25018516 0.26186051 0.93211397,0.22088032 0.49599736 0.83976098,
  0.17990963 0.70745991 0.68347129,0.12576568 0.86495622 0.48583302,
  0.056519001 0.96533244 0.25483107,0.48290914 0.26186051 0.83560028,
  0.43070014 0.49599738 0.75397877,0.35067474 0.70745991 0.61361853,
  0.24722316 0.86495622 0.43672811,0.1205483 0.96533244 0.23151972,
  0.68272368 0.26186051 0.68214181,0.61116846 0.49599738 0.61681417,
  0.49754195 0.70745991 0.50194868,0.35183279 0.86495622 0.3578609,
  0.16616339 0.97021556 0.17627111,0.83601173 0.26186051 0.4821965,
  0.74998665 0.49599738 0.4376147,0.6105025 0.70745991 0.35607186,
  0.43246559 0.86495622 0.25460606,0.24344946 0.95789686 0.15220371,
  0.93232696 0.26186051 0.2493903,0.83769449 0.49599738 0.22859251,
  0.69486265 0.6885529 0.20751096,0.50217926 0.85543724 0.12666147,
  0.24894968 0.96533244 0.078468644,0.96510564 0.26186051 -0.00041144338,
  0.86831484 0.49599738 0.0039921207,0.69344654 0.72036087 0.014564142,
  0.47932394 0.87757452 -0.010560487,0.26077611 0.96533244 0.011361971,
  0.93211398 0.26186051 -0.25018514,0.83976097 0.49599738 -0.22088033,
  0.68347129 0.70745991 -0.17990963,0.51107191 0.85104502 -0.12053162,
  0.27005803 0.96031817 -0.069697031,0.83560028 0.26186051 -0.48290914,
  0.75397877 0.49599738 -0.43070014,0.61361853 0.70745991 -0.35067474,
  0.42586707 0.87428241 -0.23295385,0.20573482 0.97186818 -0.11465347,
  0.68214181 0.26186051 -0.68272368,0.61681417 0.49599738 -0.61116846,
  0.52714109 0.6885529 -0.49801323,0.36078168 0.85543724 -0.37156926,
  0.17627111 0.97021556 -0.16616339,0.4821965 0.26186051 -0.83601173,
  0.4376147 0.49599738 -0.74998665,0.35933619 0.72036087 -0.59326025,
  0.23051632 0.87757452 -0.42038695,0.15220371 0.95789686 -0.24344946,
  0.2493903 0.26186051 -0.93232696,0.22859251 0.49599738 -0.83769449,
  0.20751096 0.6885529 -0.69486265,0.12666147 0.85543724 -0.50217926,
  0.078468644 0.96533244 -0.24894968,-0.00041144338 0.26186051 -0.96510564,
  0.0039921207 0.49599738 -0.86831484,0.031008152 0.70712315 -0.70641018,
  -0.015850539 0.85104502 -0.52485343,0 0.96553079 -0.26028888,
  -0.25018514 0.26186051 -0.93211398,-0.22088033 0.49599738 -0.83976097,
  -0.15288083 0.70712315 -0.69036534,-0.13641025 0.87428241 -0.46585674,
  -0.067759155 0.9651218 -0.25288061,-0.48290914 0.26186051 -0.83560028,
  -0.43070014 0.49599738 -0.75397877,-0.33411035 0.72036087 -0.60782439,
  -0.25132096 0.86449471 -0.43530067,-0.13014444 0.96553079 -0.22541678,
  -0.68272368 0.26186051 -0.68214181,-0.6051592 0.47255836 -0.64068007,
  -0.52094133 0.67619544 -0.52094133,-0.35456454 0.86519823 -0.35456454,
  -0.18512146 0.9651218 -0.18512146,-0.83601173 0.26186051 -0.4821965,
  -0.73239183 0.49564117 -0.46684262,-0.61361853 0.70745991 -0.35067474,
  -0.44548476 0.86475515 -0.23182289,-0.20612383 0.97021556 -0.12725857,
  -0.93232696 0.26186051 -0.2493903,-0.82455519 0.51249865 -0.23969536,
  -0.65301538 0.73685458 -0.17497494,-0.46572462 0.87757452 -0.11385752,
  -0.27454734 0.95789686 -0.084008141,-0.96510564 0.26186051 0.00041144338,
  -0.88094139 0.47255836 -0.025117048,-0.73672229 0.67619544 0,
  -0.51785031 0.85543724 0.0076279725,-0.24213776 0.97021556 -0.007147237,
  -0.93211398 0.26186051 0.25018514,-0.83393342 0.51249865 0.20469532,
  -0.65301538 0.73685458 0.17497494,-0.46025811 0.87757452 0.13425881,
  -0.27976904 0.95789686 0.064520486,-0.83560028 0.26186051 0.48290914,
  -0.77547615 0.47255836 0.41871869,-0.63802022 0.67619544 0.36836114,
  -0.46740602 0.84184845 0.26985699,-0.22541678 0.96553079 0.13014444,
  -0.70496247 0.23561924 0.66896299,-0.63068736 0.47960558 0.61009174,
  -0.48004235 0.72036087 0.50063915,-0.3464006 0.87757452 0.33146581,
  -0.1957609 0.95789686 0.21002686,-0.49539634 0.2800858 0.82227392,
  -0.42265589 0.53427333 0.73206148,-0.32984089 0.72502982 0.60459635,
  -0.25233478 0.87428241 0.41467749,-0.12084485 0.97186818 0.20216023,
  -0.25258697 0.21812393 0.94266737,-0.23014468 0.45749774 0.85891167,
  -0.17462469 0.6943947 0.69808468,-0.13400023 0.86495623 0.48362657,
  -0.069573566 0.97021556 0.23203727] }
}
}
DEF SHAPE_68 Shape {
 appearance USE APP_2
 geometry DEF FACE_68 IndexedFaceSet {
  coord DEF COORD_68 Coordinate { point [
  0 2.5590551 -0.49212598,0.12737158 2.5590551 -0.4753572,
  0.24606299 2.5590551 -0.4261936,0.34798562 2.5590551 -0.34798562,
  0.4261936 2.5590551 -0.24606299,0.4753572 2.5590551 -0.12737158,
  0.49212598 2.5590551 0,0.4753572 2.5590551 0.12737158,
  0.4261936 2.5590551 0.24606299,0.34798562 2.5590551 0.34798562,
  0.24606299 2.5590551 0.4261936,0.12737158 2.5590551 0.4753572,
  0 2.5590551 0.49212598,-0.12737158 2.5590551 0.4753572,
  -0.24606299 2.5590551 0.4261936,-0.34798562 2.5590551 0.34798562,
  -0.4261936 2.5590551 0.24606299,-0.4753572 2.5590551 0.12737158,
  -0.49212598 2.5590551 0,-0.4753572 2.5590551 -0.12737158,
  -0.4261936 2.5590551 -0.24606299,-0.34798562 2.5590551 -0.34798562,
  -0.24606299 2.5590551 -0.4261936,-0.12737158 2.5590551 -0.4753572,
  0 2.5590551 -0.49212598,0 2.5577872 -0.502036,
  0 2.5536678 -0.51200459,0 2.5472405 -0.52024582,
  0 2.5389505 -0.52646071,0 2.5297438 -0.53018924,
  0 2.5190545 -0.5314905,0 2.5091444 -0.53005866,
  0 2.4996383 -0.52601055,0 2.4910584 -0.51915453,
  0 2.4847799 -0.5103363,0 2.4814475 -0.50150043,
  0 2.480315 -0.49212598,-0.12737158 2.480315 -0.4753572,
  -0.24606299 2.480315 -0.4261936,-0.34798562 2.480315 -0.34798562,
  -0.4261936 2.480315 -0.24606299,-0.4753572 2.480315 -0.12737158,
  -0.49212598 2.480315 0,-0.4753572 2.480315 0.12737158,
  -0.4261936 2.480315 0.24606299,-0.34798562 2.480315 0.34798562,
  -0.24606299 2.480315 0.4261936,-0.12737158 2.480315 0.4753572,
  0 2.480315 0.49212598,0.12737158 2.480315 0.4753572,
  0.24606299 2.480315 0.4261936,0.34798562 2.480315 0.34798562,
  0.4261936 2.480315 0.24606299,0.4753572 2.480315 0.12737158,
  0.49212598 2.480315 0,0.4753572 2.480315 -0.12737158,
  0.4261936 2.480315 -0.24606299,0.34798562 2.480315 -0.34798562,
  0.24606299 2.480315 -0.4261936,0.12737158 2.480315 -0.4753572,
  0 2.480315 -0.49212598,0 2.5577872 -0.502036,
  0 2.5536678 -0.51200459,0 2.5472405 -0.52024582,
  0 2.5389505 -0.52646071,0 2.5297438 -0.53018924,
  0 2.5190545 -0.5314905,0 2.5091444 -0.53005866,
  0 2.4996383 -0.52601055,0 2.4910584 -0.51915453,
  0 2.4847799 -0.5103363,0 2.4814475 -0.50150043,
  0.12993665 2.5577873 -0.48493019,0.13251663 2.5536678 -0.49455879,
  0.13464941 2.5472405 -0.50251845,0.13625795 2.5389505 -0.50852158,
  0.13722312 2.5297438 -0.51212364,0.13756 2.5190545 -0.5133809,
  0.13718931 2.5091444 -0.51199748,0.13614143 2.4996383 -0.50808673,
  0.13436699 2.4910585 -0.50146442,0.13208488 2.4847799 -0.49294749,
  0.12979803 2.4814475 -0.48441284,0.25101834 2.5577873 -0.43477651,
  0.25600247 2.5536678 -0.44340928,0.26012269 2.5472405 -0.45054572,
  0.26323014 2.5389505 -0.45592798,0.2650947 2.5297438 -0.45915749,
  0.26574551 2.5190545 -0.46028472,0.2650294 2.5091444 -0.45904438,
  0.26300504 2.4996383 -0.4555381,0.25957709 2.4910585 -0.4496007,
  0.2551684 2.4847799 -0.44196463,0.25075054 2.4814475 -0.43431267,
  0.35499354 2.5577873 -0.35499354,0.36204216 2.5536678 -0.36204216,
  0.36786904 2.5472405 -0.36786904,0.37226364 2.5389505 -0.37226364,
  0.37490052 2.5297438 -0.37490052,0.3758209 2.5190545 -0.3758209,
  0.37480817 2.5091444 -0.37480817,0.3719453 2.4996383 -0.3719453,
  0.36709743 2.4910585 -0.36709743,0.36086261 2.4847799 -0.36086261,
  0.35461481 2.4814475 -0.35461481,0.43477651 2.5577873 -0.25101834,
  0.44340928 2.5536678 -0.25600247,0.45054572 2.5472405 -0.26012269,
  0.45592798 2.5389505 -0.26323014,0.45915749 2.5297438 -0.2650947,
  0.46028472 2.5190545 -0.26574551,0.45904438 2.5091444 -0.2650294,
  0.4555381 2.4996383 -0.26300504,0.4496007 2.4910585 -0.25957709,
  0.44196463 2.4847799 -0.2551684,0.43431267 2.4814475 -0.25075054,
  0.48493019 2.5577873 -0.12993665,0.49455879 2.5536678 -0.13251663,
  0.50251845 2.5472405 -0.13464941,0.50852158 2.5389505 -0.13625795,
  0.51212364 2.5297438 -0.13722312,0.5133809 2.5190545 -0.13756,
  0.51199748 2.5091444 -0.13718931,0.50808673 2.4996383 -0.13614143,
  0.50146442 2.4910585 -0.13436699,0.49294749 2.4847799 -0.13208488,
  0.48441284 2.4814475 -0.12979803,0.50203668 2.5577873 0,
  0.51200494 2.5536678 0,0.52024538 2.5472405 0,
  0.52646028 2.5389505 0,0.53018941 2.5297438 0,
  0.53149101 2.5190545 0,0.53005879 2.5091444 0,
  0.52601008 2.4996383 0,0.51915417 2.4910585 0,
  0.51033679 2.4847799 0,0.50150107 2.4814475 0,
  0.48493019 2.5577873 0.12993665,0.49455879 2.5536678 0.13251663,
  0.50251845 2.5472405 0.13464941,0.50852158 2.5389505 0.13625795,
  0.51212364 2.5297438 0.13722312,0.5133809 2.5190545 0.13756,
  0.51199748 2.5091444 0.13718931,0.50808673 2.4996383 0.13614143,
  0.50146442 2.4910585 0.13436699,0.49294749 2.4847799 0.13208488,
  0.48441284 2.4814475 0.12979803,0.43477651 2.5577873 0.25101834,
  0.44340928 2.5536678 0.25600247,0.45054572 2.5472405 0.26012269,
  0.45592798 2.5389505 0.26323014,0.45915749 2.5297438 0.2650947,
  0.46028472 2.5190545 0.26574551,0.45904438 2.5091444 0.2650294,
  0.4555381 2.4996383 0.26300504,0.4496007 2.4910585 0.25957709,
  0.44196463 2.4847799 0.2551684,0.43431267 2.4814475 0.25075054,
  0.35499354 2.5577873 0.35499354,0.36204216 2.5536678 0.36204216,
  0.36786904 2.5472405 0.36786904,0.37226364 2.5389505 0.37226364,
  0.37490052 2.5297438 0.37490052,0.3758209 2.5190545 0.3758209,
  0.37480817 2.5091444 0.37480817,0.3719453 2.4996383 0.3719453,
  0.36709743 2.4910585 0.36709743,0.36086261 2.4847799 0.36086261,
  0.35461481 2.4814475 0.35461481,0.25101834 2.5577873 0.43477651,
  0.25600247 2.5536678 0.44340928,0.26012269 2.5472405 0.45054572,
  0.26323014 2.5389505 0.45592798,0.2650947 2.5297438 0.45915749,
  0.26574551 2.5190545 0.46028472,0.2650294 2.5091444 0.45904438,
  0.26300504 2.4996383 0.4555381,0.25957709 2.4910585 0.4496007,
  0.2551684 2.4847799 0.44196463,0.25075054 2.4814475 0.43431267,
  0.12993665 2.5577873 0.48493019,0.13251663 2.5536678 0.49455879,
  0.13464941 2.5472405 0.50251845,0.13625795 2.5389505 0.50852158,
  0.13722312 2.5297438 0.51212364,0.13756 2.5190545 0.5133809,
  0.13718931 2.5091444 0.51199748,0.13614143 2.4996383 0.50808673,
  0.13436699 2.4910585 0.50146442,0.13208488 2.4847799 0.49294749,
  0.12979803 2.4814475 0.48441284,0 2.5577873 0.50203668,
  0 2.5536678 0.51200494,0 2.5472405 0.52024538,
  0 2.5389505 0.52646028,0 2.5297438 0.53018941,
  0 2.5190545 0.53149101,0 2.5091444 0.53005879,
  0 2.4996383 0.52601008,0 2.4910585 0.51915417,
  0 2.4847799 0.51033679,0 2.4814475 0.50150107,
  -0.12993665 2.5577873 0.48493019,-0.13251663 2.5536678 0.49455879,
  -0.13464941 2.5472405 0.50251845,-0.13625795 2.5389505 0.50852158,
  -0.13722312 2.5297438 0.51212364,-0.13756 2.5190545 0.5133809,
  -0.13718931 2.5091444 0.51199748,-0.13614143 2.4996383 0.50808673,
  -0.13436699 2.4910585 0.50146442,-0.13208488 2.4847799 0.49294749,
  -0.12979803 2.4814475 0.48441284,-0.25101834 2.5577873 0.43477651,
  -0.25600247 2.5536678 0.44340928,-0.26012269 2.5472405 0.45054572,
  -0.26323014 2.5389505 0.45592798,-0.2650947 2.5297438 0.45915749,
  -0.26574551 2.5190545 0.46028472,-0.2650294 2.5091444 0.45904438,
  -0.26300504 2.4996383 0.4555381,-0.25957709 2.4910585 0.4496007,
  -0.2551684 2.4847799 0.44196463,-0.25075054 2.4814475 0.43431267,
  -0.35499354 2.5577873 0.35499354,-0.36204216 2.5536678 0.36204216,
  -0.36786904 2.5472405 0.36786904,-0.37226364 2.5389505 0.37226364,
  -0.37490052 2.5297438 0.37490052,-0.3758209 2.5190545 0.3758209,
  -0.37480817 2.5091444 0.37480817,-0.3719453 2.4996383 0.3719453,
  -0.36709743 2.4910585 0.36709743,-0.36086261 2.4847799 0.36086261,
  -0.35461481 2.4814475 0.35461481,-0.43477651 2.5577873 0.25101834,
  -0.44340928 2.5536678 0.25600247,-0.45054572 2.5472405 0.26012269,
  -0.45592798 2.5389505 0.26323014,-0.45915749 2.5297438 0.2650947,
  -0.46028472 2.5190545 0.26574551,-0.45904438 2.5091444 0.2650294,
  -0.4555381 2.4996383 0.26300504,-0.4496007 2.4910585 0.25957709,
  -0.44196463 2.4847799 0.2551684,-0.43431267 2.4814475 0.25075054,
  -0.48493019 2.5577873 0.12993665,-0.49455879 2.5536678 0.13251663,
  -0.50251845 2.5472405 0.13464941,-0.50852158 2.5389505 0.13625795,
  -0.51212364 2.5297438 0.13722312,-0.5133809 2.5190545 0.13756,
  -0.51199748 2.5091444 0.13718931,-0.50808673 2.4996383 0.13614143,
  -0.50146442 2.4910585 0.13436699,-0.49294749 2.4847799 0.13208488,
  -0.48441284 2.4814475 0.12979803,-0.50203668 2.5577873 0,
  -0.51200494 2.5536678 0,-0.52024538 2.5472405 0,
  -0.52646028 2.5389505 0,-0.53018941 2.5297438 0,
  -0.53149101 2.5190545 0,-0.53005879 2.5091444 0,
  -0.52601008 2.4996383 0,-0.51915417 2.4910585 0,
  -0.51033679 2.4847799 0,-0.50150107 2.4814475 0,
  -0.48493019 2.5577873 -0.12993665,-0.49455879 2.5536678 -0.13251663,
  -0.50251845 2.5472405 -0.13464941,-0.50852158 2.5389505 -0.13625795,
  -0.51212364 2.5297438 -0.13722312,-0.5133809 2.5190545 -0.13756,
  -0.51199748 2.5091444 -0.13718931,-0.50808673 2.4996383 -0.13614143,
  -0.50146442 2.4910585 -0.13436699,-0.49294749 2.4847799 -0.13208488,
  -0.48441284 2.4814475 -0.12979803,-0.43477651 2.5577873 -0.25101834,
  -0.44340928 2.5536678 -0.25600247,-0.45054572 2.5472405 -0.26012269,
  -0.45592798 2.5389505 -0.26323014,-0.45915749 2.5297438 -0.2650947,
  -0.46028472 2.5190545 -0.26574551,-0.45904438 2.5091444 -0.2650294,
  -0.4555381 2.4996383 -0.26300504,-0.4496007 2.4910585 -0.25957709,
  -0.44196463 2.4847799 -0.2551684,-0.43431267 2.4814475 -0.25075054,
  -0.35499354 2.5577873 -0.35499354,-0.36204216 2.5536678 -0.36204216,
  -0.36786904 2.5472405 -0.36786904,-0.37226364 2.5389505 -0.37226364,
  -0.37490052 2.5297438 -0.37490052,-0.3758209 2.5190545 -0.3758209,
  -0.37480817 2.5091444 -0.37480817,-0.3719453 2.4996383 -0.3719453,
  -0.36709743 2.4910585 -0.36709743,-0.36086261 2.4847799 -0.36086261,
  -0.35461481 2.4814475 -0.35461481,-0.25101834 2.5577873 -0.43477651,
  -0.25600247 2.5536678 -0.44340928,-0.26012269 2.5472405 -0.45054572,
  -0.26323014 2.5389505 -0.45592798,-0.2650947 2.5297438 -0.45915749,
  -0.26574551 2.5190545 -0.46028472,-0.2650294 2.5091444 -0.45904438,
  -0.26300504 2.4996383 -0.4555381,-0.25957709 2.4910585 -0.4496007,
  -0.2551684 2.4847799 -0.44196463,-0.25075054 2.4814475 -0.43431267,
  -0.12993665 2.5577873 -0.48493019,-0.13251663 2.5536678 -0.49455879,
  -0.13464941 2.5472405 -0.50251845,-0.13625795 2.5389505 -0.50852158,
  -0.13722312 2.5297438 -0.51212364,-0.13756 2.5190545 -0.5133809,
  -0.13718931 2.5091444 -0.51199748,-0.13614143 2.4996383 -0.50808673,
  -0.13436699 2.4910585 -0.50146442,-0.13208488 2.4847799 -0.49294749,
  -0.12979803 2.4814475 -0.48441284] }
 coordIndex [
  36,37,35,-1,72,0,1,-1,72,61,0,-1,73,61,72,-1,73,62,61,-1,74,63,62,-1,74,62,73,-1,75,64,63,-1,
  75,63,74,-1,76,65,64,-1,76,64,75,-1,77,65,76,-1,77,66,65,-1,78,66,77,-1,78,67,66,-1,79,68,67,-1,
  79,67,78,-1,80,68,79,-1,80,69,68,-1,81,69,80,-1,81,70,69,-1,82,59,60,-1,82,71,70,-1,82,60,71,-1,
  82,70,81,-1,83,1,2,-1,83,72,1,-1,84,73,72,-1,84,72,83,-1,85,73,84,-1,85,74,73,-1,86,75,74,-1,
  86,74,85,-1,87,75,86,-1,87,76,75,-1,88,76,87,-1,88,77,76,-1,89,77,88,-1,89,78,77,-1,90,79,78,-1,
  90,78,89,-1,91,79,90,-1,91,80,79,-1,92,81,80,-1,92,80,91,-1,93,81,92,-1,93,82,81,-1,93,59,82,-1,
  93,58,59,-1,94,2,3,-1,94,83,2,-1,95,84,83,-1,95,83,94,-1,96,85,84,-1,96,84,95,-1,97,86,85,-1,
  97,85,96,-1,98,87,86,-1,98,86,97,-1,99,88,87,-1,99,87,98,-1,100,88,99,-1,100,89,88,-1,101,89,100,-1,
  101,90,89,-1,102,90,101,-1,102,91,90,-1,103,91,102,-1,103,92,91,-1,104,92,103,-1,104,57,58,-1,104,58,93,-1,
  104,93,92,-1,105,3,4,-1,105,94,3,-1,106,94,105,-1,106,95,94,-1,107,95,106,-1,107,96,95,-1,108,97,96,-1,
  108,96,107,-1,109,98,97,-1,109,97,108,-1,110,99,98,-1,110,98,109,-1,111,100,99,-1,111,99,110,-1,112,101,100,-1,
  112,100,111,-1,113,102,101,-1,113,101,112,-1,114,102,113,-1,114,103,102,-1,115,104,103,-1,115,57,104,-1,115,56,57,-1,
  115,103,114,-1,116,105,4,-1,116,4,5,-1,117,106,105,-1,117,105,116,-1,118,106,117,-1,118,107,106,-1,119,107,118,-1,
  119,108,107,-1,119,109,108,-1,120,109,119,-1,121,110,109,-1,121,109,120,-1,122,111,110,-1,122,110,121,-1,123,112,111,-1,
  123,111,122,-1,124,113,112,-1,124,112,123,-1,125,114,113,-1,125,113,124,-1,126,55,56,-1,126,114,125,-1,126,56,115,-1,
  126,115,114,-1,127,5,6,-1,127,116,5,-1,128,117,116,-1,128,116,127,-1,129,117,128,-1,129,118,117,-1,130,118,129,-1,
  130,119,118,-1,131,120,119,-1,131,121,120,-1,131,119,130,-1,132,121,131,-1,133,121,132,-1,133,122,121,-1,134,122,133,-1,
  134,123,122,-1,134,124,123,-1,135,124,134,-1,136,125,124,-1,136,124,135,-1,137,126,125,-1,137,125,136,-1,137,54,55,-1,
  137,55,126,-1,138,6,7,-1,138,127,6,-1,139,127,138,-1,139,128,127,-1,140,129,128,-1,140,128,139,-1,141,130,129,-1,
  141,129,140,-1,142,131,130,-1,142,130,141,-1,143,132,131,-1,143,131,142,-1,144,132,143,-1,144,133,132,-1,145,134,133,-1,
  145,133,144,-1,146,135,134,-1,146,134,145,-1,147,136,135,-1,147,135,146,-1,148,54,137,-1,148,53,54,-1,148,136,147,-1,
  148,137,136,-1,149,7,8,-1,149,138,7,-1,150,139,138,-1,150,138,149,-1,151,140,139,-1,151,139,150,-1,152,141,140,-1,
  152,140,151,-1,153,142,141,-1,153,141,152,-1,154,143,142,-1,154,142,153,-1,155,143,154,-1,155,144,143,-1,156,145,144,-1,
  156,144,155,-1,157,146,145,-1,157,147,146,-1,157,145,156,-1,158,148,147,-1,158,147,157,-1,159,52,53,-1,159,148,158,-1,
  159,53,148,-1,160,149,8,-1,160,8,9,-1,161,150,149,-1,161,149,160,-1,162,150,161,-1,162,151,150,-1,163,152,151,-1,
  163,151,162,-1,163,153,152,-1,164,153,163,-1,165,153,164,-1,165,154,153,-1,165,155,154,-1,166,155,165,-1,167,155,166,-1,
  167,156,155,-1,168,156,167,-1,168,157,156,-1,169,159,158,-1,169,157,168,-1,169,158,157,-1,170,159,169,-1,170,52,159,-1,
  170,51,52,-1,171,9,10,-1,171,160,9,-1,172,161,160,-1,172,160,171,-1,173,161,172,-1,173,162,161,-1,174,163,162,-1,
  174,162,173,-1,175,164,163,-1,175,163,174,-1,176,165,164,-1,176,164,175,-1,177,166,165,-1,177,165,176,-1,178,167,166,-1,
  178,168,167,-1,178,166,177,-1,179,168,178,-1,180,168,179,-1,180,169,168,-1,181,51,170,-1,181,49,50,-1,181,50,51,-1,
  181,169,180,-1,181,170,169,-1,182,10,11,-1,182,172,171,-1,182,171,10,-1,183,172,182,-1,184,173,172,-1,184,172,183,-1,
  185,174,173,-1,185,173,184,-1,186,175,174,-1,186,174,185,-1,187,175,186,-1,187,176,175,-1,188,177,176,-1,188,178,177,-1,
  188,176,187,-1,189,178,188,-1,190,179,178,-1,190,178,189,-1,191,180,179,-1,191,181,180,-1,191,179,190,-1,192,49,181,-1,
  192,181,191,-1,193,11,12,-1,193,182,11,-1,193,183,182,-1,194,183,193,-1,195,183,194,-1,195,184,183,-1,196,184,195,-1,
  196,185,184,-1,196,186,185,-1,197,186,196,-1,198,187,186,-1,198,186,197,-1,198,188,187,-1,199,188,198,-1,200,188,199,-1,
  200,189,188,-1,201,189,200,-1,201,190,189,-1,202,190,201,-1,202,191,190,-1,203,191,202,-1,203,48,49,-1,203,49,192,-1,
  203,192,191,-1,204,12,13,-1,204,193,12,-1,205,194,193,-1,205,193,204,-1,206,195,194,-1,206,194,205,-1,207,196,195,-1,
  207,195,206,-1,208,197,196,-1,208,196,207,-1,209,198,197,-1,209,197,208,-1,210,199,198,-1,210,198,209,-1,211,200,199,-1,
  211,199,210,-1,212,201,200,-1,212,200,211,-1,213,201,212,-1,213,202,201,-1,214,202,213,-1,214,203,202,-1,214,48,203,-1,
  214,47,48,-1,215,205,204,-1,215,13,14,-1,215,204,13,-1,216,205,215,-1,217,205,216,-1,217,206,205,-1,218,207,206,-1,
  218,206,217,-1,219,209,208,-1,219,207,218,-1,219,208,207,-1,220,209,219,-1,221,210,209,-1,221,209,220,-1,222,211,210,-1,
  222,210,221,-1,223,211,222,-1,223,213,212,-1,223,212,211,-1,224,213,223,-1,225,46,47,-1,225,214,213,-1,225,47,214,-1,
  225,213,224,-1,226,14,15,-1,226,215,14,-1,227,216,215,-1,227,215,226,-1,228,217,216,-1,228,216,227,-1,229,217,228,-1,
  229,218,217,-1,230,219,218,-1,230,218,229,-1,231,219,230,-1,231,220,219,-1,231,221,220,-1,232,221,231,-1,233,221,232,-1,
  233,222,221,-1,234,222,233,-1,234,223,222,-1,235,223,234,-1,235,224,223,-1,236,224,235,-1,236,45,46,-1,236,46,225,-1,
  236,225,224,-1,237,227,226,-1,237,15,16,-1,237,226,15,-1,238,227,237,-1,239,228,227,-1,239,227,238,-1,240,229,228,-1,
  240,230,229,-1,240,228,239,-1,241,231,230,-1,241,230,240,-1,242,231,241,-1,243,232,231,-1,243,231,242,-1,244,233,232,-1,
  244,232,243,-1,244,234,233,-1,245,234,244,-1,245,235,234,-1,246,235,245,-1,247,236,235,-1,247,45,236,-1,247,44,45,-1,
  247,235,246,-1,248,16,17,-1,248,238,237,-1,248,237,16,-1,249,238,248,-1,250,239,238,-1,250,238,249,-1,251,240,239,-1,
  251,239,250,-1,252,241,240,-1,252,242,241,-1,252,240,251,-1,253,242,252,-1,254,243,242,-1,254,242,253,-1,255,244,243,-1,
  255,243,254,-1,256,245,244,-1,256,244,255,-1,257,245,256,-1,257,246,245,-1,258,42,43,-1,258,43,44,-1,258,44,247,-1,
  258,247,246,-1,258,246,257,-1,259,17,18,-1,259,18,19,-1,259,248,17,-1,260,249,248,-1,260,248,259,-1,261,250,249,-1,
  261,249,260,-1,262,250,261,-1,262,251,250,-1,263,251,262,-1,263,252,251,-1,264,252,263,-1,264,253,252,-1,265,254,253,-1,
  265,253,264,-1,266,254,265,-1,266,255,254,-1,267,255,266,-1,267,256,255,-1,268,256,267,-1,268,257,256,-1,269,257,268,-1,
  269,42,258,-1,269,258,257,-1,270,19,20,-1,270,259,19,-1,271,259,270,-1,271,260,259,-1,272,261,260,-1,272,260,271,-1,
  273,261,272,-1,273,262,261,-1,274,264,263,-1,274,263,262,-1,274,262,273,-1,275,264,274,-1,275,265,264,-1,276,265,275,-1,
  277,265,276,-1,277,266,265,-1,278,267,266,-1,278,268,267,-1,278,266,277,-1,279,268,278,-1,280,269,268,-1,280,42,269,-1,
  280,40,41,-1,280,41,42,-1,280,268,279,-1,281,270,20,-1,282,271,270,-1,282,272,271,-1,282,270,281,-1,283,272,282,-1,
  284,273,272,-1,284,274,273,-1,284,272,283,-1,285,274,284,-1,286,275,274,-1,286,274,285,-1,286,276,275,-1,287,276,286,-1,
  288,277,276,-1,288,276,287,-1,289,278,277,-1,289,277,288,-1,290,278,289,-1,290,279,278,-1,291,40,280,-1,291,280,279,-1,
  291,279,290,-1,292,20,21,-1,292,21,22,-1,292,281,20,-1,292,282,281,-1,293,282,292,-1,294,283,282,-1,294,282,293,-1,
  295,284,283,-1,295,283,294,-1,296,285,284,-1,296,284,295,-1,297,285,296,-1,297,286,285,-1,298,286,297,-1,298,287,286,-1,
  299,287,298,-1,299,288,287,-1,299,289,288,-1,300,289,299,-1,300,290,289,-1,301,290,300,-1,302,290,301,-1,302,39,40,-1,
  302,40,291,-1,302,291,290,-1,303,292,22,-1,304,292,303,-1,304,293,292,-1,305,293,304,-1,305,294,293,-1,306,295,294,-1,
  306,294,305,-1,307,296,295,-1,307,295,306,-1,308,297,296,-1,308,296,307,-1,309,298,297,-1,309,297,308,-1,310,299,298,-1,
  310,298,309,-1,311,300,299,-1,311,299,310,-1,312,300,311,-1,312,301,300,-1,313,302,301,-1,313,39,302,-1,313,37,38,-1,
  313,38,39,-1,313,301,312,-1,314,22,23,-1,314,23,24,-1,314,24,25,-1,314,303,22,-1,315,314,25,-1,315,304,303,-1,
  315,25,26,-1,315,303,314,-1,316,26,27,-1,316,305,304,-1,316,304,315,-1,316,315,26,-1,317,27,28,-1,317,306,305,-1,
  317,316,27,-1,317,305,316,-1,318,28,29,-1,318,307,306,-1,318,306,317,-1,318,317,28,-1,319,308,307,-1,319,29,30,-1,
  319,307,318,-1,319,318,29,-1,320,319,30,-1,320,30,31,-1,320,309,308,-1,320,308,319,-1,321,31,32,-1,321,309,320,-1,
  321,310,309,-1,321,320,31,-1,322,32,33,-1,322,321,32,-1,322,311,310,-1,322,310,321,-1,323,33,34,-1,323,322,33,-1,
  323,312,311,-1,323,311,322,-1,324,35,37,-1,324,323,34,-1,324,34,35,-1,324,37,313,-1,324,313,312,-1,324,312,323,-1]
  normalPerVertex TRUE
  normal DEF NORM_68 Normal { vector [
  0.016703645 0.99177728 -0.12688108,0.038291841 0.99190081 -0.12110538,
  0.068331456 0.99190081 -0.10706815,0.093714395 0.99190081 -0.085734412,
  0.11271085 0.99190081 -0.058558013,0.12402625 0.99190081 -0.027390981,
  0.12688947 0.99190081 0.0056427001,0.12110538 0.99190081 0.038291841,
  0.10706815 0.99190081 0.068331456,0.085734412 0.99190081 0.093714395,
  0.058558013 0.99190081 0.11271085,0.027390981 0.99190081 0.12402625,
  -0.0056427001 0.99190081 0.12688947,-0.038291841 0.99190081 0.12110538,
  -0.068331456 0.99190081 0.10706815,-0.093714395 0.99190081 0.085734412,
  -0.11271085 0.99190081 0.058558013,-0.12402625 0.99190081 0.027390981,
  -0.12689149 0.9919166 0,-0.12402625 0.99190081 -0.027390981,
  -0.10989125 0.9919166 -0.063445744,-0.089725832 0.9919166 -0.089725832,
  -0.063445744 0.9919166 -0.10989125,-0.032841934 0.9919166 -0.12256777,
  -0.016703645 0.99177728 -0.12688108,-0.039993216 0.95189922 -0.30379009,
  -0.070978594 0.83922209 -0.53913665,-0.097498504 0.66488437 -0.74055575,
  -0.11640211 0.45246739 -0.88415146,-0.12786083 0.20097839 -0.97121537,
  -0.13035593 -0.050639165 -0.99017322,-0.1240841 -0.31028807 -0.94250966,
  -0.10895261 -0.55070744 -0.82755703,-0.085752726 -0.75391472 -0.65135172,
  -0.05776013 -0.89675259 -0.43874659,-0.026235476 -0.97959 -0.19928656,
  -0.015788912 -0.99265695 -0.11992869,-0.031040434 -0.99278201 -0.11584629,
  -0.059964602 -0.99278245 -0.10386174,-0.08103314 -0.99276835 -0.08856996,
  -0.10386174 -0.99278245 -0.059964602,-0.11584272 -0.99278245 -0.031039962,
  -0.1199292 -0.99278245 0,-0.11584272 -0.99278245 0.031039962,
  -0.10652493 -0.99276835 0.05534841,-0.08856996 -0.99276835 0.08103314,
  -0.064579092 -0.99276835 0.1011956,-0.036187265 -0.99276835 0.11446174,
  -0.0053293363 -0.99276835 0.1199275,0.031039962 -0.99278245 0.11584272,
  0.059964602 -0.99278245 0.10386174,0.08103314 -0.99276835 0.08856996,
  0.1011956 -0.99276835 0.064579092,0.11446174 -0.99276835 0.036187265,
  0.1199275 -0.99276835 0.0053293363,0.11722041 -0.99276835 -0.025891778,
  0.10652493 -0.99276835 -0.05534841,0.08856996 -0.99276835 -0.08103314,
  0.064579092 -0.99276835 -0.1011956,0.036187265 -0.99276835 -0.11446174,
  0.015787437 -0.99265784 -0.11992155,0.039993216 0.95189922 -0.30379009,
  0.070978594 0.83922209 -0.53913665,0.097498504 0.66488437 -0.74055575,
  0.11640211 0.45246739 -0.88415146,0.12786083 0.20097839 -0.97121537,
  0.13035593 -0.050639165 -0.99017322,0.1240841 -0.31028807 -0.94250966,
  0.10895261 -0.55070744 -0.82755703,0.085752726 -0.75391472 -0.65135172,
  0.05776013 -0.89675259 -0.43874659,0.031333871 -0.97075547 -0.2380168,
  0.074004097 0.96493483 -0.25184154,0.13492282 0.8649102 -0.48345235,
  0.18900056 0.70028795 -0.68838621,0.2273461 0.49375435 -0.83935713,
  0.25418704 0.24492293 -0.93562905,0.25720645 -0.006340618 -0.96633567,
  0.24804159 -0.27144762 -0.9299417,0.2194797 -0.51592926 -0.82803724,
  0.17324429 -0.72522662 -0.66635784,0.11736124 -0.87789833 -0.46424225,
  0.051631845 -0.97100515 -0.23341627,0.13666262 0.96493581 -0.22410314,
  0.25545423 0.86490842 -0.43206083,0.36073073 0.7002813 -0.61601903,
  0.4368399 0.4937549 -0.75191556,0.4876833 0.24493207 -0.8379578,
  0.4985496 -0.0063349732 -0.86683802,0.48027635 -0.27145325 -0.83405501,
  0.42631015 -0.51593647 -0.7430136,0.33980654 -0.72522628 -0.59881413,
  0.23352038 -0.87789471 -0.41805397,0.11028485 -0.97100565 -0.21209732,
  0.19000811 0.96493581 -0.18109612,0.35857541 0.86490842 -0.35122229,
  0.50787659 0.7002813 -0.50166471,0.616565 0.4937549 -0.61323217,
  0.68794533 0.24493207 -0.68318336,0.70591613 -0.0063349732 -0.7082671,
  0.67978065 -0.27145325 -0.68133061,0.60409006 -0.51593647 -0.60735884,
  0.48321241 -0.72522628 -0.49046163,0.33376369 -0.87789471 -0.3433696,
  0.16142181 -0.97100565 -0.17632646,0.23040487 0.96493581 -0.1257477,
  0.43726027 0.86490842 -0.24644854,0.62041149 0.7002813 -0.35312276,
  0.73085091 0.51610208 -0.44664929,0.84520337 0.26320629 -0.46513838,
  0.86517563 -0.0063349732 -0.50142895,0.83295902 -0.27145325 -0.48217466,
  0.74070222 -0.51593647 -0.43031357,0.59368816 -0.72522628 -0.34868498,
  0.41126156 -0.87789471 -0.24528517,0.20155814 -0.97100565 -0.12853924,
  0.25509991 0.96493581 -0.061829786,0.48614656 0.86490842 -0.12487972,
  0.69066638 0.7002813 -0.18051609,0.84465862 0.47737062 -0.24221707,
  0.93645403 0.24513658 -0.2509221,0.97034398 0.012526695 -0.24140347,
  0.92937262 -0.27145325 -0.25015929,0.83421528 -0.49234514 -0.24835688,
  0.68170921 -0.71122293 -0.17156485,0.46073264 -0.87789471 -0.13048495,
  0.22795861 -0.97100565 -0.071992287,0.26241032 0.96493581 0.0063017285,
  0.50190277 0.86490842 0.005199438,0.7138535 0.7002813 0.004392464,
  0.86959792 0.4937549 0.0023566673,0.97384232 0.22661349 -0.01665713,
  0.99912972 -0.03304696 0.025450035,0.962451 -0.27145325 -0.0010959903,
  0.84639893 -0.53227709 -0.017027747,0.66761322 -0.74435483 0.015115318,
  0.47880554 -0.87789471 -0.0067924062,0.23882409 -0.97100565 -0.010539178,
  0.2518379 0.96493581 0.074003791,0.48345513 0.86490842 0.13492427,
  0.68839267 0.7002813 0.18900167,0.83935714 0.4937549 0.22734487,
  0.93562681 0.24493207 0.25418645,0.96633537 -0.0063349732 0.25720775,
  0.92993994 -0.27145325 0.248042,0.82803321 -0.51593647 0.21947792,
  0.68936155 -0.70587038 0.16287311,0.49752178 -0.85714665 0.13331056,
  0.24757021 -0.9667516 0.064033921,0.22410314 0.96493581 0.13666262,
  0.43206083 0.86490842 0.25545423,0.61601903 0.7002813 0.36073073,
  0.75223508 0.51610208 0.40961081,0.82542334 0.26320629 0.4993984,
  0.87906195 0.019987868 0.47628833,0.82880723 -0.25339586 0.49886782,
  0.7430136 -0.51593647 0.42631015,0.59123244 -0.73864561 0.32380067,
  0.39867253 -0.89029036 0.22009836,0.20416797 -0.97104576 0.12403861,
  0.18109612 0.96493581 0.19000811,0.35122229 0.86490842 0.35857541,
  0.50166471 0.7002813 0.50787659,0.63209545 0.47737062 0.61038728,
  0.67033706 0.21946886 0.7088594,0.72059431 -0.025389064 0.69289194,
  0.6577544 -0.29632011 0.69249804,0.632191 -0.49234514 0.59827318,
  0.48943413 -0.71122293 0.50459507,0.33559298 -0.88653335 0.31849015,
  0.15420898 -0.97661952 0.14977952,0.12080453 0.97173737 0.20281209,
  0.23247365 0.8743335 0.42602457,0.35312276 0.7002813 0.62041149,
  0.43275803 0.4937549 0.75427223,0.4818511 0.24493207 0.84132503,
  0.50142895 -0.0063349732 0.86517563,0.50693011 -0.24629627 0.82605085,
  0.42837397 -0.51573536 0.74196548,0.32071636 -0.74435483 0.58572767,
  0.26454118 -0.86551591 0.4253236,0.11959623 -0.97097217 0.20714675,
  0.079114176 0.96489009 0.2504557,0.10857074 0.86470977 0.4903972,
  0.18051609 0.7002813 0.69066638,0.24227194 0.51610208 0.82154911,
  0.23053444 0.26320629 0.93679044,0.28480396 0.019987868 0.95837737,
  0.2491087 -0.27134516 0.92968632,0.19762141 -0.53901852 0.81878252,
  0.18314603 -0.72522628 0.66370504,0.13138697 -0.88653335 0.44361705,
  0.061631859 -0.97123397 0.23001323,0.0022496366 0.9597756 0.28075922,
  -0.016336259 0.85102669 0.52486826,-0.004392464 0.7002813 0.7138535,
  0.01534999 0.47737062 0.87856796,-0.027239411 0.21946886 0.97523917,
  0.019588531 -0.025389064 0.99948571,-0.024567462 -0.29632011 0.95477266,
  0.0023113752 -0.51593647 0.85662373,0.0051259709 -0.72522628 0.68849152,
  0.0067924062 -0.87789471 0.47880554,0.010539178 -0.97100565 0.23882409,
  -0.057988097 0.97173737 0.22883151,-0.13686117 0.8743335 0.46562856,
  -0.18900167 0.7002813 0.68839267,-0.22734487 0.4937549 0.83935714,
  -0.22621674 0.27070042 0.93570683,-0.27611045 0.012526695 0.96104428,
  -0.248042 -0.27145325 0.92993994,-0.21947792 -0.51593647 0.82803321,
  -0.16287311 -0.70587038 0.68936155,-0.13393099 -0.86893248 0.47646494,
  -0.051632158 -0.97100565 0.23341409,-0.13843137 0.9597756 0.24426943,
  -0.27658175 0.85102669 0.44638112,-0.36073073 0.7002813 0.61601903,
  -0.4368399 0.4937549 0.75191556,-0.47249566 0.22661349 0.85170075,
  -0.49998995 -0.0063404318 0.866008,-0.49886782 -0.25339586 0.82880723,
  -0.42631015 -0.51593647 0.7430136,-0.32380067 -0.73864561 0.59123244,
  -0.23521136 -0.89029036 0.38994703,-0.11028485 -0.97100565 0.21209732,
  -0.16463492 0.97173737 0.16917985,-0.35133953 0.8743335 0.33481557,
  -0.50787659 0.7002813 0.50166471,-0.59034643 0.51610208 0.62058822,
  -0.67714255 0.2880207 0.67714255,-0.7070926 -0.0063322535 0.7070926,
  -0.69249804 -0.29632011 0.6577544,-0.59827318 -0.49234514 0.632191,
  -0.50998728 -0.6926947 0.50998728,-0.35422012 -0.86893248 0.34566525,
  -0.16142181 -0.97100565 0.17632646,-0.22144538 0.96489009 0.14124113,
  -0.44558714 0.86470977 0.23179542,-0.62041149 0.7002813 0.35312276,
  -0.75318718 0.47737062 0.45257746,-0.83096219 0.21946886 0.51120961,
  -0.88706129 -0.0063289118 0.46160829,-0.83295902 -0.27145325 0.48217466,
  -0.7244891 -0.53227709 0.43794593,-0.56618531 -0.75668946 0.32688724,
  -0.39867253 -0.89029036 0.22009836,-0.20155814 -0.97100565 0.12853924,
  -0.27061033 0.9597756 0.074838815,-0.51121194 0.85102669 0.12006629,
  -0.69066638 0.7002813 0.18051609,-0.84057704 0.4937549 0.22279214,
  -0.93634827 0.22661349 0.26813849,-0.97167215 -0.03304696 0.23401095,
  -0.92937262 -0.27145325 0.25015929,-0.82683675 -0.51593647 0.22394315,
  -0.66370504 -0.72522628 0.18314603,-0.46073264 -0.87789471 0.13048495,
  -0.21287154 -0.9749753 0.06410055,-0.24414501 0.9697079 -0.0077334924,
  -0.50190277 0.86490842 -0.005199438,-0.7138535 0.7002813 -0.004392464,
  -0.86959792 0.4937549 -0.0023566673,-0.96237259 0.27070042 0.023670161,
  -0.99930304 0.03732886 0,-0.96720203 -0.25339586 -0.017628591,
  -0.85662373 -0.51593647 0.0023113752,-0.70802679 -0.70587038 0.021096555,
  -0.49489369 -0.86893248 -0.0060492047,-0.26183167 -0.96506692 0.0094874442,
  -0.2504557 0.96489009 -0.079114176,-0.4642433 0.8783503 -0.11392496,
  -0.67260303 0.71355012 -0.19609026,-0.83261838 0.51610208 -0.2009609,
  -0.93652843 0.24483178 -0.25094204,-0.97167215 -0.03304696 -0.23401095,
  -0.91792666 -0.27121238 -0.2895764,-0.82803321 -0.51593647 -0.21947792,
  -0.65489246 -0.73864561 -0.15974521,-0.43753709 -0.89029036 -0.12627101,
  -0.21640244 -0.9749753 -0.050923064,-0.22652567 0.96518469 -0.13078466,
  -0.43496893 0.86471732 -0.25112943,-0.62313621 0.68110491 -0.38444423,
  -0.76853717 0.47737062 -0.4259905,-0.83096219 0.21946886 -0.51120961,
  -0.87537428 -0.025389064 -0.48277869,-0.81457365 -0.29632011 -0.49866238,
  -0.76549411 -0.49234514 -0.41426445,-0.62460431 -0.6926947 -0.36061547,
  -0.4255659 -0.86893248 -0.25268561,-0.2314966 -0.96506692 -0.12269947,
  -0.18585481 0.96483987 -0.18585481,-0.35958643 0.85102669 -0.38268939,
  -0.50166471 0.7002813 -0.50787659,-0.61323217 0.4937549 -0.616565,
  -0.68318336 0.24493207 -0.68794533,-0.7082671 -0.0063349732 -0.70591613,
  -0.68133061 -0.27145325 -0.67978065,-0.61053486 -0.53227709 -0.58645399,
  -0.46228837 -0.75668946 -0.46228837,-0.31578273 -0.89029036 -0.32812245,
  -0.17632646 -0.97100565 -0.16142181,-0.13446389 0.95777982 -0.25412061,
  -0.24644854 0.86490842 -0.43726027,-0.35312276 0.7002813 -0.62041149,
  -0.43275803 0.4937549 -0.75427223,-0.4818511 0.24493207 -0.84132503,
  -0.50142895 -0.0063349732 -0.86517563,-0.48217466 -0.27145325 -0.83295902,
  -0.43031357 -0.51593647 -0.74070222,-0.34868498 -0.72522628 -0.59368816,
  -0.24528517 -0.87789471 -0.41126156,-0.11701159 -0.9749753 -0.18902767,
  -0.056582035 0.97581032 -0.21116983,-0.11963104 0.8867646 -0.44647167,
  -0.17651487 0.73135336 -0.65876002,-0.21936383 0.53071185 -0.81867237,
  -0.24785206 0.28801163 -0.92499657,-0.25863744 0.037323344 -0.96525315,
  -0.25191851 -0.22936037 -0.94017598,-0.22758203 -0.47625566 -0.84934502,
  -0.18666915 -0.69269511 -0.69665494,-0.13330868 -0.85715067 -0.49751535,
  -0.07181154 -0.96073695 -0.26800676] }
}
}
DEF SHAPE_69 Shape {
 appearance USE APP_2
 geometry DEF FACE_69 IndexedFaceSet {
  coord DEF COORD_69 Coordinate { point [
  0 -2.0944882 -0.39370079,0.10189726 -2.0944882 -0.38028576,
  0.19685039 -2.0944882 -0.34095488,0.2783885 -2.0944882 -0.2783885,
  0.34095488 -2.0944882 -0.19685039,0.38028576 -2.0944882 -0.10189726,
  0.39370079 -2.0944882 0,0.38028576 -2.0944882 0.10189726,
  0.34095488 -2.0944882 0.19685039,0.2783885 -2.0944882 0.2783885,
  0.19685039 -2.0944882 0.34095488,0.10189726 -2.0944882 0.38028576,
  0 -2.0944882 0.39370079,-0.10189726 -2.0944882 0.38028576,
  -0.19685039 -2.0944882 0.34095488,-0.2783885 -2.0944882 0.2783885,
  -0.34095488 -2.0944882 0.19685039,-0.38028576 -2.0944882 0.10189726,
  -0.39370079 -2.0944882 0,-0.38028576 -2.0944882 -0.10189726,
  -0.34095488 -2.0944882 -0.19685039,-0.2783885 -2.0944882 -0.2783885,
  -0.19685039 -2.0944882 -0.34095488,-0.10189726 -2.0944882 -0.38028576,
  0 -2.0944882 -0.39370079,0 -2.1943475 -0.38055407,
  0 -2.2874016 -0.3420098,0 -2.3673089 -0.28069474,
  0 -2.428624 -0.2007874,0 -2.4671682 -0.10773328,
  0 -2.480315 -0.0078740157,0 -2.480315 -0.0078740157,
  0.0050613198 -2.480315 -0.006031846,0.0077543918 -2.480315 -0.0013673085,
  0.0068190977 -2.480315 0.0039370079,0.002693072 -2.480315 0.0073991545,
  -0.002693072 -2.480315 0.0073991545,-0.0068190977 -2.480315 0.0039370079,
  -0.0077543918 -2.480315 -0.0013673085,-0.0050613198 -2.480315 -0.006031846,
  0 -2.1943475 -0.38055407,0 -2.2874016 -0.3420098,
  0 -2.3673089 -0.28069474,0 -2.428624 -0.2007874,
  0 -2.4671682 -0.10773328,0.13747198 -2.1943475 -0.35485609,
  0.25637761 -2.1943475 -0.28123284,0.12354819 -2.2874016 -0.31891464,
  0.34065802 -2.1943475 -0.16962754,0.23041051 -2.2874016 -0.25274829,
  0.10139864 -2.3673089 -0.26174005,0.37893068 -2.1943475 -0.035113099,
  0.30615462 -2.2874016 -0.15244689,0.18910283 -2.3673089 -0.20743592,
  0.072532775 -2.428624 -0.18722868,0.36602665 -2.1943475 0.10414356,
  0.34055085 -2.2874016 -0.031556683,0.25126763 -2.3673089 -0.12511641,
  0.1352696 -2.428624 -0.14838368,0.038917768 -2.4671682 -0.10045834,
  0.30368869 -2.1943475 0.22933506,0.3289538 -2.2874016 0.093595425,
  0.27949735 -2.3673089 -0.025899243,0.17973751 -2.428624 -0.089498646,
  0.072579477 -2.4671682 -0.079615893,0.2003359 -2.1943475 0.32355358,
  0.27292971 -2.2874016 0.20610695,0.2699794 -2.3673089 0.076815762,
  0.19993088 -2.428624 -0.018526324,0.096438924 -2.4671682 -0.048020878,
  0.069926625 -2.1943475 0.3740744,0.18004496 -2.2874016 0.29078259,
  0.22399924 -2.3673089 0.16915637,0.19312247 -2.428624 0.054948081,
  0.10727376 -2.4671682 -0.0099403778,-0.069926625 -2.1943475 0.3740744,
  0.062844136 -2.2874016 0.33618643,0.14776674 -2.3673089 0.23865148,
  0.16023181 -2.428624 0.12100144,0.10362068 -2.4671682 0.029482626,
  -0.2003359 -2.1943475 0.32355358,-0.062844136 -2.2874016 0.33618643,
  0.051577524 -2.3673089 0.27591538,0.10570095 -2.428624 0.17071289,
  0.085973055 -2.4671682 0.064923838,-0.30368869 -2.1943475 0.22933506,
  -0.18004496 -2.2874016 0.29078259,-0.051577524 -2.3673089 0.27591538,
  0.036894588 -2.428624 0.19736861,0.056714291 -2.4671682 0.091596725,
  -0.36602665 -2.1943475 0.10414356,-0.27292971 -2.2874016 0.20610695,
  -0.14776674 -2.3673089 0.23865148,-0.036894588 -2.428624 0.19736861,
  0.019795948 -2.4671682 0.10589897,-0.37893068 -2.1943475 -0.035113099,
  -0.3289538 -2.2874016 0.093595425,-0.22399924 -2.3673089 0.16915637,
  -0.10570095 -2.428624 0.17071289,-0.019795948 -2.4671682 0.10589897,
  -0.34065802 -2.1943475 -0.16962754,-0.34055085 -2.2874016 -0.031556683,
  -0.2699794 -2.3673089 0.076815762,-0.16023181 -2.428624 0.12100144,
  -0.056714291 -2.4671682 0.091596725,-0.25637761 -2.1943475 -0.28123284,
  -0.30615462 -2.2874016 -0.15244689,-0.27949735 -2.3673089 -0.025899243,
  -0.19312247 -2.428624 0.054948081,-0.085973055 -2.4671682 0.064923838,
  -0.13747198 -2.1943475 -0.35485609,-0.23041051 -2.2874016 -0.25274829,
  -0.25126763 -2.3673089 -0.12511641,-0.19993088 -2.428624 -0.018526324,
  -0.10362068 -2.4671682 0.029482626,-0.12354819 -2.2874016 -0.31891464,
  -0.18910283 -2.3673089 -0.20743592,-0.17973751 -2.428624 -0.089498646,
  -0.10727376 -2.4671682 -0.0099403778,-0.10139864 -2.3673089 -0.26174005,
  -0.1352696 -2.428624 -0.14838368,-0.096438924 -2.4671682 -0.048020878,
  -0.072532775 -2.428624 -0.18722868,-0.072579477 -2.4671682 -0.079615893,
  -0.038917768 -2.4671682 -0.10045834] }
 coordIndex [
  40,0,1,-1,25,23,24,-1,45,1,2,-1,45,40,1,-1,46,2,3,-1,46,3,4,-1,46,45,2,-1,47,41,40,-1,
  47,40,45,-1,48,4,5,-1,48,46,4,-1,49,45,46,-1,49,47,45,-1,50,42,41,-1,50,41,47,-1,51,5,6,-1,
  51,48,5,-1,52,46,48,-1,52,49,46,-1,53,50,47,-1,53,47,49,-1,54,43,42,-1,54,42,50,-1,55,6,7,-1,
  55,7,8,-1,55,51,6,-1,56,52,48,-1,56,48,51,-1,57,53,49,-1,57,49,52,-1,58,54,50,-1,58,50,53,-1,
  59,43,54,-1,59,32,31,-1,59,44,43,-1,59,31,44,-1,60,55,8,-1,60,8,9,-1,61,55,60,-1,61,56,51,-1,
  61,51,55,-1,62,57,52,-1,62,52,56,-1,63,58,53,-1,63,57,62,-1,63,53,57,-1,64,59,54,-1,64,32,59,-1,
  64,54,58,-1,65,9,10,-1,65,10,11,-1,65,60,9,-1,66,61,60,-1,67,62,56,-1,67,56,61,-1,68,63,62,-1,
  69,33,32,-1,69,58,63,-1,69,32,64,-1,69,64,58,-1,70,11,12,-1,70,65,11,-1,71,66,60,-1,71,60,65,-1,
  72,61,66,-1,72,67,61,-1,73,68,62,-1,73,62,67,-1,73,67,72,-1,74,63,68,-1,74,69,63,-1,74,33,69,-1,
  75,12,13,-1,75,70,12,-1,76,65,70,-1,76,71,65,-1,77,66,71,-1,77,72,66,-1,78,73,72,-1,79,34,33,-1,
  79,33,74,-1,79,68,73,-1,79,74,68,-1,80,75,13,-1,80,13,14,-1,80,14,15,-1,81,75,80,-1,81,70,75,-1,
  81,76,70,-1,82,71,76,-1,82,77,71,-1,83,72,77,-1,83,78,72,-1,83,77,82,-1,84,34,79,-1,84,73,78,-1,
  84,79,73,-1,85,80,15,-1,85,15,16,-1,86,81,80,-1,87,82,76,-1,87,76,81,-1,88,83,82,-1,89,78,83,-1,
  89,34,84,-1,89,35,34,-1,89,84,78,-1,90,16,17,-1,90,17,18,-1,90,85,16,-1,91,86,80,-1,91,80,85,-1,
  92,87,81,-1,92,81,86,-1,92,86,91,-1,93,82,87,-1,93,88,82,-1,94,88,93,-1,94,83,88,-1,94,35,89,-1,
  94,89,83,-1,95,18,19,-1,95,90,18,-1,96,91,85,-1,96,85,90,-1,97,92,91,-1,98,87,92,-1,98,92,97,-1,
  98,93,87,-1,99,94,93,-1,99,35,94,-1,99,36,35,-1,100,19,20,-1,100,95,19,-1,101,90,95,-1,101,96,90,-1,
  102,97,91,-1,102,96,101,-1,102,91,96,-1,103,98,97,-1,104,99,93,-1,104,37,36,-1,104,93,98,-1,104,36,99,-1,
  105,20,21,-1,105,21,22,-1,105,100,20,-1,106,95,100,-1,106,101,95,-1,106,100,105,-1,107,102,101,-1,108,97,102,-1,
  108,103,97,-1,108,102,107,-1,109,37,104,-1,109,98,103,-1,109,104,98,-1,110,23,25,-1,110,22,23,-1,110,105,22,-1,
  110,25,26,-1,111,106,105,-1,112,101,106,-1,112,107,101,-1,113,108,107,-1,114,38,37,-1,114,37,109,-1,114,103,108,-1,
  114,109,103,-1,115,105,110,-1,115,110,26,-1,115,111,105,-1,116,106,111,-1,116,112,106,-1,117,107,112,-1,117,113,107,-1,
  118,38,114,-1,118,108,113,-1,118,114,108,-1,119,26,27,-1,119,116,111,-1,119,115,26,-1,119,111,115,-1,120,117,112,-1,
  120,112,116,-1,121,38,118,-1,121,113,117,-1,121,39,38,-1,121,118,113,-1,121,117,120,-1,122,120,116,-1,122,116,119,-1,
  122,27,28,-1,122,28,29,-1,122,119,27,-1,123,39,121,-1,123,121,120,-1,124,120,122,-1,124,123,120,-1,124,122,29,-1,
  124,39,123,-1,124,29,30,-1,124,30,39,-1]
  normalPerVertex TRUE
  normal DEF NORM_69 Normal { vector [
  0.12942831 -0.12942824 -0.98310561,0.22610072 -0.1424929 -0.96362557,
  0.5057277 -0.14078719 -0.85112775,0.70068308 -0.13448589 -0.70068308,
  0.83092859 -0.14565915 -0.53697401,0.95471378 -0.14054347 -0.26223868,
  0.98896741 -0.14338617 0.037200469,0.9576061 -0.13096654 0.25658978,
  0.86941568 -0.14176197 0.47330742,0.68673887 -0.14119337 0.71305971,
  0.49560573 -0.13228701 0.8584143,0.29776784 -0.14444161 0.94364767,
  0 -0.14046223 0.99008604,-0.29776784 -0.14444161 0.94364767,
  -0.49560573 -0.13228701 0.8584143,-0.68673887 -0.14119337 0.71305971,
  -0.86941568 -0.14176197 0.47330742,-0.9576061 -0.13096654 0.25658978,
  -0.98896741 -0.14338617 0.037200469,-0.95471378 -0.14054347 -0.26223868,
  -0.83092859 -0.14565915 -0.53697401,-0.70068308 -0.13448589 -0.70068308,
  -0.5057277 -0.14078719 -0.85112775,-0.22610072 -0.1424929 -0.96362557,
  -0.12942831 -0.12942824 -0.98310561,-0.16417251 -0.24037695 -0.95669552,
  -0.16067861 -0.48512687 -0.85955471,-0.12649577 -0.72531779 -0.67669263,
  -0.093060586 -0.86226727 -0.49783017,-0.059621717 -0.94589504 -0.318948,
  -0.026839852 -0.99122022 -0.12946852,0.026839852 -0.99122022 -0.12946852,
  0.086797737 -0.99157799 -0.096120954,0.12882704 -0.99157968 -0.013165917,
  0.10441854 -0.99158248 0.076556847,0.026179449 -0.99158641 0.12677156,
  -0.046811539 -0.99138237 0.12235061,-0.10441854 -0.99158248 0.076556847,
  -0.12882704 -0.99157968 -0.013165917,-0.086797737 -0.99157799 -0.096120954,
  0.16598449 -0.27477622 -0.94707295,0.15624893 -0.52623922 -0.83585797,
  0.12649577 -0.72531779 -0.67669263,0.088573869 -0.87615134 -0.47382855,
  0.048325138 -0.9647973 -0.25851665,0.37536237 -0.27820581 -0.88414061,
  0.67544626 -0.26319275 -0.68884101,0.30281924 -0.49434362 -0.81481587,
  0.87602419 -0.27643246 -0.39517934,0.57671598 -0.49434364 -0.65040222,
  0.24249926 -0.69907046 -0.67267719,0.95833187 -0.27788446 -0.066183544,
  0.77272402 -0.49434364 -0.39814816,0.46912285 -0.69907046 -0.53965196,
  0.16740425 -0.8561341 -0.48888671,0.93396631 -0.24364126 0.26143041,
  0.86437139 -0.49434364 -0.092121995,0.63617725 -0.68463027 -0.35575258,
  0.33270607 -0.8561341 -0.39539989,0.085667238 -0.95520785 -0.28326504,
  0.76244463 -0.2930884 0.57686859,0.84040227 -0.47703405 0.25722082,
  0.69833439 -0.70980495 -0.092228069,0.48098131 -0.84503535 -0.23360702,
  0.18443351 -0.95401217 -0.23631558,0.4807632 -0.2633912 0.83635627,
  0.66642967 -0.51911216 0.53515798,0.70980963 -0.68463027 0.16568552,
  0.48515065 -0.87367319 -0.036386805,0.2540823 -0.95520684 -0.15173029,
  0.1423319 -0.27721566 0.95020688,0.46774771 -0.49434364 0.73269123,
  0.57820899 -0.70980495 0.40230747,0.51282951 -0.84503535 0.15139734,
  0.29548364 -0.95401828 -0.050384001,-0.16927314 -0.25697422 0.95147825,
  0.17148315 -0.49434364 0.85218419,0.41293403 -0.68463027 0.60063873,
  0.38304429 -0.87367319 0.29995371,0.29001192 -0.95520748 0.058921658,
  -0.50028071 -0.27852119 0.81984459,-0.17858102 -0.47703405 0.8605506,
  0.15626881 -0.70980495 0.68684568,0.27698985 -0.84503535 0.45737499,
  0.25228132 -0.95402843 0.16181436,-0.78217998 -0.2784287 0.55737953,
  -0.45590363 -0.5 0.73630964,-0.11476614 -0.69907046 0.7057827,
  0.091874759 -0.8660254 0.49148655,0.1747222 -0.95520976 0.23884402,
  -0.93509389 -0.26351944 0.23697452,-0.66938587 -0.50868912 0.54144062,
  -0.39031231 -0.67103083 0.63037602,-0.068529985 -0.86243687 0.50150403,
  0.058695737 -0.94760872 0.31399446,-0.95297287 -0.2778067 -0.12110383,
  -0.8354272 -0.47465093 0.2770702,-0.54438535 -0.73119135 0.41110073,
  -0.2859603 -0.84503535 0.45182072,-0.045965276 -0.96707785 0.25029508,
  -0.87010669 -0.2560468 -0.42113463,-0.85944831 -0.50868912 -0.050832897,
  -0.71312586 -0.67103083 0.2029018,-0.39332822 -0.87367319 0.28633559,
  -0.13666532 -0.95522834 0.26241458,-0.6539588 -0.27837087 -0.70345401,
  -0.77882862 -0.47703405 -0.40726465,-0.6792624 -0.73119135 -0.06294293,
  -0.51571686 -0.84503535 0.14124933,-0.22467727 -0.95402843 0.19836804,
  -0.32397432 -0.27825252 -0.90422131,-0.55674741 -0.51911216 -0.64850203,
  -0.64743266 -0.69907046 -0.30353162,-0.4835761 -0.87367319 -0.053378948,
  -0.27776534 -0.95522077 0.10197894,-0.35297176 -0.47465093 -0.8062986,
  -0.4940647 -0.69907046 -0.51691446,-0.48676571 -0.84811046 -0.20920755,
  -0.29971051 -0.95401828 -0.0047688592,-0.26783521 -0.67103083 -0.69136237,
  -0.35891031 -0.86243687 -0.35691181,-0.28304564 -0.94867077 -0.14109899,
  -0.18823112 -0.84503536 -0.50048406,-0.17435966 -0.96592805 -0.19126344,
  -0.12740982 -0.95521051 -0.26709477] }
}
}
] }
] }
DEF TXFM_7 Transform {
  center 0 0 0
  rotation -0.31603645 0.94874705 0 0
  scale 1 1 1
  scaleOrientation 0 0 1 0
  translation 0 3.5826772 -0.82677165
 children [
DEF TXFM_8 Transform {
  center 0 0 0
  rotation 0 0 1 0
  scale 1 1 1
  scaleOrientation 0 0 1 0
  translation 0 0 0
 children [
DEF SHAPE_70 Shape {
 appearance USE APP_1
 geometry DEF FACE_70 IndexedFaceSet {
  coord DEF COORD_70 Coordinate { point [
  -1.496063 -0.11811024 0.21653543,-1.496063 -0.11811024 0.68897638,
  -1.496063 -0.31496063 0.68897638,-1.496063 -0.31496063 1.2795276,
  -1.496063 0.31496063 1.2795276,-1.496063 0.31496063 0.059055118,
  -1.496063 0.7480315 0.059055118,-1.496063 0.7480315 -1.2795276,
  -1.496063 -0.31496063 -1.2795276,-1.496063 -0.31496063 0.21653543] }
 coordIndex [
  0,8,9,-1,5,7,8,-1,5,8,0,-1,1,5,0,-1,6,7,5,-1,3,1,2,-1,4,1,3,-1,4,5,1,-1]
  normalPerVertex TRUE
  normal DEF NORM_70 Normal { vector [
  -1 0 0,-1 0 0,
  -1 0 0,-1 0 0,
  -1 0 0,-1 0 0,
  -1 0 0,-1 0 0,
  -1 0 0,-1 0 0] }
}
}
DEF SHAPE_71 Shape {
 appearance USE APP_1
 geometry DEF FACE_71 IndexedFaceSet {
  coord DEF COORD_71 Coordinate { point [
  -1.496063 -0.31496063 0.68897638,-1.496063 -0.31496063 1.2795276,
  -1.4493116 -0.31496063 1.6506076,-1.3119793 -0.31496063 1.9984955,
  -1.0926492 -0.31496063 2.3014484,-0.80502939 -0.31496063 2.540532,
  -0.46709584 -0.31496063 2.7008037,-0.099969135 -0.31496063 2.7722468,
  0.27340556 -0.31496063 2.750396,0.62969262 -0.31496063 2.636617,
  0.94662435 -0.31496063 2.4380209,1.2043928 -0.31496063 2.1670198,
  1.3868875 -0.31496063 1.8405512,0.98425197 -0.31496063 1.8405512,
  0.98425197 -0.31496063 0.71850394,1.496063 -0.31496063 0.71850394,
  1.496063 -0.31496063 -1.2795276,0.59055118 -0.31496063 -1.2795276,
  0.59055118 -0.31496063 -0.88582677,-0.59055118 -0.31496063 -0.88582677,
  -0.59055118 -0.31496063 -1.2795276,-1.496063 -0.31496063 -1.2795276,
  -1.496063 -0.31496063 0.21653543,-0.21653543 -0.31496063 0.21653543,
  -0.13779528 -0.31496063 0.29527559,-0.14047828 -0.31496063 0.27489614,
  -0.14834446 -0.31496063 0.25590551,-0.16085773 -0.31496063 0.23959789,
  -0.17716535 -0.31496063 0.22708461,-0.19615598 -0.31496063 0.21921844,
  -0.13779528 -0.31496063 0.61023622,-0.21653543 -0.31496063 0.68897638,
  -0.19615598 -0.31496063 0.68629337,-0.17716535 -0.31496063 0.6784272,
  -0.16085773 -0.31496063 0.66591392,-0.14834446 -0.31496063 0.6496063,
  -0.14047828 -0.31496063 0.63061567,0.39370079 -0.31496063 1.2795276,
  0.38028576 -0.31496063 1.1776303,0.34095488 -0.31496063 1.0826772,
  0.2783885 -0.31496063 1.0011391,0.19685039 -0.31496063 0.93857268,
  0.10189726 -0.31496063 0.8992418,0 -0.31496063 0.88582677,
  -0.10189726 -0.31496063 0.8992418,-0.19685039 -0.31496063 0.93857268,
  -0.2783885 -0.31496063 1.0011391,-0.34095488 -0.31496063 1.0826772,
  -0.38028576 -0.31496063 1.1776303,-0.39370079 -0.31496063 1.2795276,
  -0.38028576 -0.31496063 1.3814248,-0.34095488 -0.31496063 1.476378,
  -0.2783885 -0.31496063 1.5579161,-0.19685039 -0.31496063 1.6204824,
  -0.10189726 -0.31496063 1.6598133,0 -0.31496063 1.6732283,
  0.10189726 -0.31496063 1.6598133,0.19685039 -0.31496063 1.6204824,
  0.2783885 -0.31496063 1.5579161,0.34095488 -0.31496063 1.476378,
  0.38028576 -0.31496063 1.3814248] }
 coordIndex [
  19,21,20,-1,22,21,19,-1,23,22,19,-1,29,19,18,-1,29,23,19,-1,28,29,18,-1,27,28,18,-1,26,27,18,-1,
  25,26,18,-1,16,18,17,-1,45,46,31,-1,47,31,46,-1,47,0,31,-1,48,1,0,-1,48,0,47,-1,44,45,31,-1,
  44,31,32,-1,44,32,33,-1,44,33,34,-1,49,2,1,-1,49,1,48,-1,43,34,35,-1,43,35,36,-1,43,44,34,-1,
  42,43,36,-1,42,36,30,-1,50,3,2,-1,50,2,49,-1,41,42,30,-1,41,30,24,-1,51,3,50,-1,4,3,51,-1,
  52,4,51,-1,14,24,25,-1,14,41,24,-1,14,37,38,-1,14,38,39,-1,14,39,40,-1,14,40,41,-1,14,25,18,-1,
  5,4,52,-1,5,52,53,-1,15,14,18,-1,15,18,16,-1,6,53,54,-1,6,5,53,-1,7,6,54,-1,7,54,55,-1,
  13,37,14,-1,13,57,58,-1,13,58,59,-1,13,59,60,-1,13,60,37,-1,8,7,55,-1,8,55,56,-1,9,57,13,-1,
  9,56,57,-1,9,8,56,-1,11,13,12,-1,10,13,11,-1,10,9,13,-1]
  normalPerVertex TRUE
  normal DEF NORM_71 Normal { vector [
  0 -1 0,0 -1 0,
  0 -1 0,0 -1 0,
  0 -1 0,0 -1 0,
  0 -1 0,0 -1 0,
  0 -1 0,0 -1 0,
  0 -1 0,0 -1 0,
  0 -1 0,0 -1 0,
  0 -1 0,0 -1 0,
  0 -1 0,0 -1 0,
  0 -1 0,0 -1 0,
  0 -1 0,0 -1 0,
  0 -1 0,0 -1 0,
  0 -1 0,0 -1 0,
  0 -1 0,0 -1 0,
  0 -1 0,0 -1 0,
  0 -1 0,0 -1 0,
  0 -1 0,0 -1 0,
  0 -1 0,0 -1 0,
  0 -1 0,0 -1 0,
  0 -1 0,0 -1 0,
  0 -1 0,0 -1 0,
  0 -1 0,0 -1 0,
  0 -1 0,0 -1 0,
  0 -1 0,0 -1 0,
  0 -1 0,0 -1 0,
  0 -1 0,0 -1 0,
  0 -1 0,0 -1 0,
  0 -1 0,0 -1 0,
  0 -1 0,0 -1 0,
  0 -1 0,0 -1 0,
  0 -1 0] }
}
}
DEF SHAPE_72 Shape {
 appearance USE APP_1
 geometry DEF FACE_72 IndexedFaceSet {
  coord DEF COORD_72 Coordinate { point [
  -0.5511811 0.31496063 -1.2795276,-0.5511811 0.31496063 0.059055118,
  -1.496063 0.31496063 0.059055118,-1.496063 0.31496063 1.2795276,
  -1.4493116 0.31496063 1.6506076,-1.3119793 0.31496063 1.9984955,
  -1.0926492 0.31496063 2.3014484,-0.80502939 0.31496063 2.540532,
  -0.46709584 0.31496063 2.7008037,-0.099969135 0.31496063 2.7722468,
  0.27340556 0.31496063 2.750396,0.62969262 0.31496063 2.636617,
  0.94662435 0.31496063 2.4380209,1.2043928 0.31496063 2.1670198,
  1.3868875 0.31496063 1.8405512,0.98425197 0.31496063 1.8405512,
  0.98425197 0.31496063 0.71850394,1.496063 0.31496063 0.71850394,
  1.496063 0.31496063 0.059055118,0.5511811 0.31496063 0.059055118,
  0.5511811 0.31496063 -1.2795276,0.39370079 0.31496063 1.2795276,
  0.38028576 0.31496063 1.1776303,0.34095488 0.31496063 1.0826772,
  0.2783885 0.31496063 1.0011391,0.19685039 0.31496063 0.93857268,
  0.10189726 0.31496063 0.8992418,0 0.31496063 0.88582677,
  -0.10189726 0.31496063 0.8992418,-0.19685039 0.31496063 0.93857268,
  -0.2783885 0.31496063 1.0011391,-0.34095488 0.31496063 1.0826772,
  -0.38028576 0.31496063 1.1776303,-0.39370079 0.31496063 1.2795276,
  -0.38028576 0.31496063 1.3814248,-0.34095488 0.31496063 1.476378,
  -0.2783885 0.31496063 1.5579161,-0.19685039 0.31496063 1.6204824,
  -0.10189726 0.31496063 1.6598133,0 0.31496063 1.6732283,
  0.10189726 0.31496063 1.6598133,0.19685039 0.31496063 1.6204824,
  0.2783885 0.31496063 1.5579161,0.34095488 0.31496063 1.476378,
  0.38028576 0.31496063 1.3814248] }
 coordIndex [
  3,1,2,-1,19,0,1,-1,19,20,0,-1,31,1,3,-1,31,30,1,-1,29,1,30,-1,32,31,3,-1,28,1,29,-1,
  33,3,4,-1,33,32,3,-1,27,19,1,-1,27,1,28,-1,26,19,27,-1,34,4,5,-1,34,33,4,-1,35,34,5,-1,
  25,19,26,-1,6,35,5,-1,36,35,6,-1,16,18,19,-1,16,22,21,-1,16,23,22,-1,16,24,23,-1,16,25,24,-1,
  16,19,25,-1,7,37,36,-1,7,36,6,-1,17,18,16,-1,8,37,7,-1,8,38,37,-1,9,38,8,-1,9,39,38,-1,
  15,42,41,-1,15,43,42,-1,15,44,43,-1,15,21,44,-1,15,16,21,-1,10,39,9,-1,10,40,39,-1,11,15,41,-1,
  11,40,10,-1,11,41,40,-1,13,14,15,-1,12,13,15,-1,12,15,11,-1]
  normalPerVertex TRUE
  normal DEF NORM_72 Normal { vector [
  0 1 0,0 1 0,
  0 1 0,0 1 0,
  0 1 0,0 1 0,
  0 1 0,0 1 0,
  0 1 0,0 1 0,
  0 1 0,0 1 0,
  0 1 0,0 1 0,
  0 1 0,0 1 0,
  0 1 0,0 1 0,
  0 1 0,0 1 0,
  0 1 0,0 1 0,
  0 1 0,0 1 0,
  0 1 0,0 1 0,
  0 1 0,0 1 0,
  0 1 0,0 1 0,
  0 1 0,0 1 0,
  0 1 0,0 1 0,
  0 1 0,0 1 0,
  0 1 0,0 1 0,
  0 1 0,0 1 0,
  0 1 0,0 1 0,
  0 1 0,0 1 0,
  0 1 0] }
}
}
DEF SHAPE_73 Shape {
 appearance USE APP_1
 geometry DEF FACE_73 IndexedFaceSet {
  coord DEF COORD_73 Coordinate { point [
  0.5511811 0.31496063 -1.2795276,-0.5511811 0.31496063 -1.2795276,
  0.5511811 0.7480315 -1.2795276,1.496063 0.7480315 -1.2795276,
  1.496063 -0.31496063 -1.2795276,0.59055118 -0.31496063 -1.2795276,
  0.59055118 -1.8307087 -1.2795276,-0.59055118 -1.8307087 -1.2795276,
  -0.59055118 -0.31496063 -1.2795276,-1.496063 -0.31496063 -1.2795276,
  -1.496063 0.7480315 -1.2795276,-0.5511811 0.7480315 -1.2795276] }
 coordIndex [
  0,3,4,-1,0,4,5,-1,2,3,0,-1,8,5,6,-1,8,6,7,-1,1,0,5,-1,1,5,8,-1,9,1,8,-1,
  10,11,1,-1,10,1,9,-1]
  normalPerVertex TRUE
  normal DEF NORM_73 Normal { vector [
  0 0 -1,0 0 -1,
  0 0 -1,0 0 -1,
  0 0 -1,0 0 -1,
  0 0 -1,0 0 -1,
  0 0 -1,0 0 -1,
  0 0 -1,0 0 -1] }
}
}
DEF SHAPE_74 Shape {
 appearance USE APP_1
 geometry DEF FACE_74 IndexedFaceSet {
  coord DEF COORD_74 Coordinate { point [
  -1.496063 0.31496063 1.2795276,-1.4493116 0.31496063 1.6506076,
  -1.3119793 0.31496063 1.9984955,-1.0926492 0.31496063 2.3014484,
  -0.80502939 0.31496063 2.540532,-0.46709584 0.31496063 2.7008037,
  -0.099969135 0.31496063 2.7722468,0.27340556 0.31496063 2.750396,
  0.62969262 0.31496063 2.636617,0.94662435 0.31496063 2.4380209,
  1.2043928 0.31496063 2.1670198,1.3868875 0.31496063 1.8405512,
  -1.496063 -0.31496063 1.2795276,-1.4493116 -0.31496063 1.6506076,
  -1.3119793 -0.31496063 1.9984955,-1.0926492 -0.31496063 2.3014484,
  -0.80502939 -0.31496063 2.540532,-0.46709584 -0.31496063 2.7008037,
  -0.099969135 -0.31496063 2.7722468,0.27340556 -0.31496063 2.750396,
  0.62969262 -0.31496063 2.636617,0.94662435 -0.31496063 2.4380209,
  1.2043928 -0.31496063 2.1670198,1.3868875 -0.31496063 1.8405512] }
 coordIndex [
  1,0,12,-1,1,12,13,-1,2,13,14,-1,2,1,13,-1,3,14,15,-1,3,2,14,-1,4,15,16,-1,4,3,15,-1,
  5,16,17,-1,5,4,16,-1,6,17,18,-1,6,18,19,-1,6,5,17,-1,7,6,19,-1,8,19,20,-1,8,7,19,-1,
  9,20,21,-1,9,8,20,-1,10,21,22,-1,10,9,21,-1,11,22,23,-1,11,10,22,-1]
  normalPerVertex TRUE
  normal DEF NORM_74 Normal { vector [
  -0.99215683 0 0.12499926,-0.9783046 0 0.20717169,
  -0.89634655 0 0.44335411,-0.7583675 0 0.65182723,
  -0.57299104 0 0.81956163,-0.35180307 0 0.93607404,
  -0.066821474 0 0.99776495,0.18275004 0 0.98315941,
  0.38246799 0 0.92396874,0.59969513 0 0.80022856,
  0.77944176 0 0.62647469,0.87287928 0 0.48793623,
  -0.99215683 0 0.12499926,-0.95748986 0 0.28846692,
  -0.85601797 0 0.51694606,-0.7010456 0 0.71311645,
  -0.50225839 0 0.86471759,-0.2720804 0 0.96227452,
  -0.066821474 0 0.99776495,0.18275004 0 0.98315941,
  0.45859028 0 0.88864783,0.6646777 0 0.74713021,
  0.82922326 0 0.55891752,0.87287928 0 0.48793623] }
}
}
DEF SHAPE_75 Shape {
 appearance USE APP_1
 geometry DEF FACE_75 IndexedFaceSet {
  coord DEF COORD_75 Coordinate { point [
  1.3868875 0.31496063 1.8405512,0.98425197 0.31496063 1.8405512,
  1.3868875 -0.31496063 1.8405512,0.98425197 -0.31496063 1.8405512] }
 coordIndex [
  1,0,2,-1,1,2,3,-1]
  normalPerVertex TRUE
  normal DEF NORM_75 Normal { vector [
  0 0 -1,0 0 -1,
  0 0 -1,0 0 -1] }
}
}
DEF SHAPE_76 Shape {
 appearance USE APP_1
 geometry DEF FACE_76 IndexedFaceSet {
  coord DEF COORD_76 Coordinate { point [
  0.98425197 0.31496063 1.8405512,0.98425197 0.31496063 0.71850394,
  0.98425197 -0.31496063 1.8405512,0.98425197 -0.31496063 0.71850394] }
 coordIndex [
  1,0,2,-1,1,2,3,-1]
  normalPerVertex TRUE
  normal DEF NORM_76 Normal { vector [
  1 0 0,1 0 0,
  1 0 0,1 0 0] }
}
}
DEF SHAPE_77 Shape {
 appearance USE APP_1
 geometry DEF FACE_77 IndexedFaceSet {
  coord DEF COORD_77 Coordinate { point [
  0.98425197 0.31496063 0.71850394,1.496063 0.31496063 0.71850394,
  0.98425197 -0.31496063 0.71850394,1.496063 -0.31496063 0.71850394] }
 coordIndex [
  1,0,2,-1,1,2,3,-1]
  normalPerVertex TRUE
  normal DEF NORM_77 Normal { vector [
  0 0 1,0 0 1,
  0 0 1,0 0 1] }
}
}
DEF SHAPE_78 Shape {
 appearance USE APP_1
 geometry DEF FACE_78 IndexedFaceSet {
  coord DEF COORD_78 Coordinate { point [
  0.39370079 -0.31496063 1.2795276,0.38028576 -0.31496063 1.1776303,
  0.34095488 -0.31496063 1.0826772,0.2783885 -0.31496063 1.0011391,
  0.19685039 -0.31496063 0.93857268,0.10189726 -0.31496063 0.8992418,
  0 -0.31496063 0.88582677,-0.10189726 -0.31496063 0.8992418,
  -0.19685039 -0.31496063 0.93857268,-0.2783885 -0.31496063 1.0011391,
  -0.34095488 -0.31496063 1.0826772,-0.38028576 -0.31496063 1.1776303,
  -0.39370079 -0.31496063 1.2795276,-0.38028576 -0.31496063 1.3814248,
  -0.34095488 -0.31496063 1.476378,-0.2783885 -0.31496063 1.5579161,
  -0.19685039 -0.31496063 1.6204824,-0.10189726 -0.31496063 1.6598133,
  0 -0.31496063 1.6732283,0.10189726 -0.31496063 1.6598133,
  0.19685039 -0.31496063 1.6204824,0.2783885 -0.31496063 1.5579161,
  0.34095488 -0.31496063 1.476378,0.38028576 -0.31496063 1.3814248,
  0.39370079 -0.31496063 1.2795276,0.39370079 0.31496063 1.2795276,
  0.39370079 0.31496063 1.2795276,0.38028576 0.31496063 1.1776303,
  0.34095488 0.31496063 1.0826772,0.2783885 0.31496063 1.0011391,
  0.19685039 0.31496063 0.93857268,0.10189726 0.31496063 0.8992418,
  0 0.31496063 0.88582677,-0.10189726 0.31496063 0.8992418,
  -0.19685039 0.31496063 0.93857268,-0.2783885 0.31496063 1.0011391,
  -0.34095488 0.31496063 1.0826772,-0.38028576 0.31496063 1.1776303,
  -0.39370079 0.31496063 1.2795276,-0.38028576 0.31496063 1.3814248,
  -0.34095488 0.31496063 1.476378,-0.2783885 0.31496063 1.5579161,
  -0.19685039 0.31496063 1.6204824,-0.10189726 0.31496063 1.6598133,
  0 0.31496063 1.6732283,0.10189726 0.31496063 1.6598133,
  0.19685039 0.31496063 1.6204824,0.2783885 0.31496063 1.5579161,
  0.34095488 0.31496063 1.476378,0.38028576 0.31496063 1.3814248] }
 coordIndex [
  27,1,0,-1,27,0,26,-1,28,2,1,-1,28,1,27,-1,29,3,2,-1,29,2,28,-1,30,4,3,-1,30,3,29,-1,
  31,5,4,-1,31,4,30,-1,32,6,5,-1,32,5,31,-1,33,7,6,-1,33,6,32,-1,34,8,7,-1,34,7,33,-1,
  35,9,8,-1,35,8,34,-1,36,10,9,-1,36,11,10,-1,36,9,35,-1,37,11,36,-1,38,11,37,-1,38,12,11,-1,
  39,12,38,-1,39,13,12,-1,40,13,39,-1,40,14,13,-1,41,15,14,-1,41,14,40,-1,42,16,15,-1,42,15,41,-1,
  43,17,16,-1,43,16,42,-1,44,18,17,-1,44,17,43,-1,45,19,18,-1,45,20,19,-1,45,18,44,-1,46,20,45,-1,
  47,21,20,-1,47,20,46,-1,48,22,21,-1,48,21,47,-1,49,23,22,-1,49,22,48,-1,25,24,23,-1,25,23,49,-1]
  normalPerVertex TRUE
  normal DEF NORM_78 Normal { vector [
  -0.99144486 0 0.13052619,-0.95364993 0 0.30091828,
  -0.84327172 0 0.5374875,-0.67542593 0 0.73742784,
  -0.46155098 0 0.88711369,-0.21622209 0 0.9763442,
  0.04384197 0 0.99903848,0.30091828 0 0.95364993,
  0.5374875 0 0.84327172,0.73742784 0 0.67542593,
  0.8660254 0 0.5,0.96592583 0 0.25881905,
  0.99903848 0 -0.04384197,0.95364993 0 -0.30091828,
  0.84327172 0 -0.5374875,0.67542593 0 -0.73742784,
  0.46155098 0 -0.88711369,0.21622209 0 -0.9763442,
  -0.04384197 0 -0.99903848,-0.25881905 0 -0.96592583,
  -0.5 0 -0.8660254,-0.73742784 0 -0.67542593,
  -0.88711369 0 -0.46155098,-0.9763442 0 -0.21622209,
  -0.99144486 0 -0.13052619,-0.99144486 0 -0.13052619,
  -0.99144486 0 0.13052619,-0.9763442 0 0.21622209,
  -0.88711369 0 0.46155098,-0.73742784 0 0.67542593,
  -0.5374875 0 0.84327172,-0.30091828 0 0.95364993,
  -0.04384197 0 0.99903848,0.21622209 0 0.9763442,
  0.46155098 0 0.88711369,0.67542593 0 0.73742784,
  0.8660254 0 0.5,0.96592583 0 0.25881905,
  0.99903848 0 0.04384197,0.9763442 0 -0.21622209,
  0.88711369 0 -0.46155098,0.73742784 0 -0.67542593,
  0.5374875 0 -0.84327172,0.30091828 0 -0.95364993,
  0.04384197 0 -0.99903848,-0.25881905 0 -0.96592583,
  -0.5 0 -0.8660254,-0.67542593 0 -0.73742784,
  -0.84327172 0 -0.5374875,-0.95364993 0 -0.30091828] }
}
}
DEF SHAPE_79 Shape {
 appearance USE APP_1
 geometry DEF FACE_79 IndexedFaceSet {
  coord DEF COORD_79 Coordinate { point [
  1.496063 0.31496063 0.71850394,1.496063 0.31496063 0.059055118,
  1.496063 -0.31496063 0.71850394,1.496063 -0.31496063 -1.2795276,
  1.496063 0.7480315 -1.2795276,1.496063 0.7480315 0.059055118] }
 coordIndex [
  1,0,2,-1,3,1,2,-1,4,5,1,-1,4,1,3,-1]
  normalPerVertex TRUE
  normal DEF NORM_79 Normal { vector [
  1 0 0,1 0 0,
  1 0 0,1 0 0,
  1 0 0,1 0 0] }
}
}
DEF SHAPE_80 Shape {
 appearance USE APP_1
 geometry DEF FACE_80 IndexedFaceSet {
  coord DEF COORD_80 Coordinate { point [
  1.496063 0.31496063 0.059055118,0.5511811 0.31496063 0.059055118,
  1.496063 0.7480315 0.059055118,0.5511811 0.7480315 0.059055118] }
 coordIndex [
  2,1,0,-1,2,3,1,-1]
  normalPerVertex TRUE
  normal DEF NORM_80 Normal { vector [
  0 0 1,0 0 1,
  0 0 1,0 0 1] }
}
}
DEF SHAPE_81 Shape {
 appearance USE APP_1
 geometry DEF FACE_81 IndexedFaceSet {
  coord DEF COORD_81 Coordinate { point [
  0.5511811 0.31496063 0.059055118,0.5511811 0.31496063 -1.2795276,
  0.5511811 0.7480315 0.059055118,0.5511811 0.7480315 -1.2795276] }
 coordIndex [
  2,1,0,-1,2,3,1,-1]
  normalPerVertex TRUE
  normal DEF NORM_81 Normal { vector [
  -1 0 0,-1 0 0,
  -1 0 0,-1 0 0] }
}
}
DEF SHAPE_82 Shape {
 appearance USE APP_1
 geometry DEF FACE_82 IndexedFaceSet {
  coord DEF COORD_82 Coordinate { point [
  1.496063 0.7480315 0.059055118,0.5511811 0.7480315 0.059055118,
  0.5511811 0.7480315 -1.2795276,1.496063 0.7480315 -1.2795276] }
 coordIndex [
  2,1,0,-1,3,2,0,-1]
  normalPerVertex TRUE
  normal DEF NORM_82 Normal { vector [
  0 1 0,0 1 0,
  0 1 0,0 1 0] }
}
}
DEF SHAPE_83 Shape {
 appearance USE APP_1
 geometry DEF FACE_83 IndexedFaceSet {
  coord DEF COORD_83 Coordinate { point [
  -0.5511811 0.31496063 -1.2795276,-0.5511811 0.31496063 0.059055118,
  -0.5511811 0.7480315 -1.2795276,-0.5511811 0.7480315 0.059055118] }
 coordIndex [
  2,1,0,-1,2,3,1,-1]
  normalPerVertex TRUE
  normal DEF NORM_83 Normal { vector [
  1 0 0,1 0 0,
  1 0 0,1 0 0] }
}
}
DEF SHAPE_84 Shape {
 appearance USE APP_1
 geometry DEF FACE_84 IndexedFaceSet {
  coord DEF COORD_84 Coordinate { point [
  -0.5511811 0.31496063 0.059055118,-1.496063 0.31496063 0.059055118,
  -0.5511811 0.7480315 0.059055118,-1.496063 0.7480315 0.059055118] }
 coordIndex [
  2,1,0,-1,2,3,1,-1]
  normalPerVertex TRUE
  normal DEF NORM_84 Normal { vector [
  0 0 1,0 0 1,
  0 0 1,0 0 1] }
}
}
DEF SHAPE_85 Shape {
 appearance USE APP_1
 geometry DEF FACE_85 IndexedFaceSet {
  coord DEF COORD_85 Coordinate { point [
  -0.5511811 0.7480315 0.059055118,-1.496063 0.7480315 0.059055118,
  -1.496063 0.7480315 -1.2795276,-0.5511811 0.7480315 -1.2795276] }
 coordIndex [
  3,1,0,-1,3,2,1,-1]
  normalPerVertex TRUE
  normal DEF NORM_85 Normal { vector [
  0 1 0,0 1 0,
  0 1 0,0 1 0] }
}
}
DEF SHAPE_86 Shape {
 appearance USE APP_1
 geometry DEF FACE_86 IndexedFaceSet {
  coord DEF COORD_86 Coordinate { point [
  -0.59055118 -0.31496063 -1.2795276,-0.59055118 -0.31496063 -0.88582677,
  -0.59055118 -1.8307087 -1.2795276,-0.59055118 -1.8307087 -0.88582677] }
 coordIndex [
  1,0,2,-1,1,2,3,-1]
  normalPerVertex TRUE
  normal DEF NORM_86 Normal { vector [
  -1 0 0,-1 0 0,
  -1 0 0,-1 0 0] }
}
}
DEF SHAPE_87 Shape {
 appearance USE APP_1
 geometry DEF FACE_87 IndexedFaceSet {
  coord DEF COORD_87 Coordinate { point [
  -0.59055118 -0.31496063 -0.88582677,0.59055118 -0.31496063 -0.88582677,
  -0.59055118 -1.8307087 -0.88582677,0.59055118 -1.8307087 -0.88582677] }
 coordIndex [
  1,0,2,-1,1,2,3,-1]
  normalPerVertex TRUE
  normal DEF NORM_87 Normal { vector [
  0 0 1,0 0 1,
  0 0 1,0 0 1] }
}
}
DEF SHAPE_88 Shape {
 appearance USE APP_1
 geometry DEF FACE_88 IndexedFaceSet {
  coord DEF COORD_88 Coordinate { point [
  0.59055118 -0.31496063 -0.88582677,0.59055118 -0.31496063 -1.2795276,
  0.59055118 -1.8307087 -0.88582677,0.59055118 -1.8307087 -1.2795276] }
 coordIndex [
  1,0,2,-1,1,2,3,-1]
  normalPerVertex TRUE
  normal DEF NORM_88 Normal { vector [
  1 0 0,1 0 0,
  1 0 0,1 0 0] }
}
}
DEF SHAPE_89 Shape {
 appearance USE APP_1
 geometry DEF FACE_89 IndexedFaceSet {
  coord DEF COORD_89 Coordinate { point [
  -0.59055118 -1.8307087 -1.2795276,-0.59055118 -1.8307087 -0.88582677,
  0.59055118 -1.8307087 -0.88582677,0.59055118 -1.8307087 -1.2795276] }
 coordIndex [
  2,1,0,-1,2,0,3,-1]
  normalPerVertex TRUE
  normal DEF NORM_89 Normal { vector [
  0 -1 0,0 -1 0,
  0 -1 0,0 -1 0] }
}
}
DEF SHAPE_90 Shape {
 appearance USE APP_1
 geometry DEF FACE_90 IndexedFaceSet {
  coord DEF COORD_90 Coordinate { point [
  -1.496063 -0.31496063 0.68897638,-0.21653543 -0.31496063 0.68897638,
  -1.496063 -0.11811024 0.68897638,-0.21653543 -0.11811024 0.68897638] }
 coordIndex [
  2,1,0,-1,2,3,1,-1]
  normalPerVertex TRUE
  normal DEF NORM_90 Normal { vector [
  0 0 -1,0 0 -1,
  0 0 -1,0 0 -1] }
}
}
DEF SHAPE_91 Shape {
 appearance USE APP_1
 geometry DEF FACE_91 IndexedFaceSet {
  coord DEF COORD_91 Coordinate { point [
  -0.13779528 -0.11811024 0.61023622,-0.13779528 -0.31496063 0.61023622,
  -0.21653543 -0.11811024 0.68897638,-0.19615598 -0.11811024 0.68629337,
  -0.17716535 -0.11811024 0.6784272,-0.16085773 -0.11811024 0.66591392,
  -0.14834446 -0.11811024 0.6496063,-0.14047828 -0.11811024 0.63061567,
  -0.21653543 -0.31496063 0.68897638,-0.19615598 -0.31496063 0.68629337,
  -0.17716535 -0.31496063 0.6784272,-0.16085773 -0.31496063 0.66591392,
  -0.14834446 -0.31496063 0.6496063,-0.14047828 -0.31496063 0.63061567] }
 coordIndex [
  13,0,1,-1,13,7,0,-1,12,6,7,-1,12,7,13,-1,11,5,6,-1,11,6,12,-1,10,4,5,-1,10,5,11,-1,
  9,3,4,-1,9,4,10,-1,8,2,3,-1,8,3,9,-1]
  normalPerVertex TRUE
  normal DEF NORM_91 Normal { vector [
  -0.99144486 0 -0.13052619,-0.99144486 0 -0.13052619,
  -0.13052619 0 -0.99144486,-0.21622209 0 -0.9763442,
  -0.46155098 0 -0.88711369,-0.67542593 0 -0.73742784,
  -0.84327172 0 -0.5374875,-0.95364993 0 -0.30091828,
  -0.13052619 0 -0.99144486,-0.30091828 0 -0.95364993,
  -0.5374875 0 -0.84327172,-0.73742784 0 -0.67542593,
  -0.88711369 0 -0.46155098,-0.9763442 0 -0.21622209] }
}
}
DEF SHAPE_92 Shape {
 appearance USE APP_1
 geometry DEF FACE_92 IndexedFaceSet {
  coord DEF COORD_92 Coordinate { point [
  -0.13779528 -0.31496063 0.61023622,-0.13779528 -0.31496063 0.29527559,
  -0.13779528 -0.11811024 0.61023622,-0.13779528 -0.11811024 0.29527559] }
 coordIndex [
  2,1,0,-1,2,3,1,-1]
  normalPerVertex TRUE
  normal DEF NORM_92 Normal { vector [
  -1 0 0,-1 0 0,
  -1 0 0,-1 0 0] }
}
}
DEF SHAPE_93 Shape {
 appearance USE APP_1
 geometry DEF FACE_93 IndexedFaceSet {
  coord DEF COORD_93 Coordinate { point [
  -0.21653543 -0.11811024 0.21653543,-0.21653543 -0.31496063 0.21653543,
  -0.13779528 -0.11811024 0.29527559,-0.14047828 -0.11811024 0.27489614,
  -0.14834446 -0.11811024 0.25590551,-0.16085773 -0.11811024 0.23959789,
  -0.17716535 -0.11811024 0.22708461,-0.19615598 -0.11811024 0.21921844,
  -0.13779528 -0.31496063 0.29527559,-0.14047828 -0.31496063 0.27489614,
  -0.14834446 -0.31496063 0.25590551,-0.16085773 -0.31496063 0.23959789,
  -0.17716535 -0.31496063 0.22708461,-0.19615598 -0.31496063 0.21921844] }
 coordIndex [
  13,0,1,-1,13,7,0,-1,12,6,7,-1,12,7,13,-1,11,5,6,-1,11,6,12,-1,10,4,5,-1,10,5,11,-1,
  9,3,4,-1,9,4,10,-1,8,2,3,-1,8,3,9,-1]
  normalPerVertex TRUE
  normal DEF NORM_93 Normal { vector [
  -0.13052619 0 0.99144486,-0.13052619 0 0.99144486,
  -0.99144486 0 0.13052619,-0.9763442 0 0.21622209,
  -0.88711369 0 0.46155098,-0.73742784 0 0.67542593,
  -0.5374875 0 0.84327172,-0.30091828 0 0.95364993,
  -0.99144486 0 0.13052619,-0.95364993 0 0.30091828,
  -0.84327172 0 0.5374875,-0.67542593 0 0.73742784,
  -0.46155098 0 0.88711369,-0.21622209 0 0.9763442] }
}
}
DEF SHAPE_94 Shape {
 appearance USE APP_1
 geometry DEF FACE_94 IndexedFaceSet {
  coord DEF COORD_94 Coordinate { point [
  -0.21653543 -0.31496063 0.21653543,-1.496063 -0.31496063 0.21653543,
  -0.21653543 -0.11811024 0.21653543,-1.496063 -0.11811024 0.21653543] }
 coordIndex [
  2,1,0,-1,2,3,1,-1]
  normalPerVertex TRUE
  normal DEF NORM_94 Normal { vector [
  0 0 1,0 0 1,
  0 0 1,0 0 1] }
}
}
DEF SHAPE_95 Shape {
 appearance USE APP_1
 geometry DEF FACE_95 IndexedFaceSet {
  coord DEF COORD_95 Coordinate { point [
  -1.496063 -0.11811024 0.68897638,-0.21653543 -0.11811024 0.68897638,
  -0.19615598 -0.11811024 0.68629337,-0.17716535 -0.11811024 0.6784272,
  -0.16085773 -0.11811024 0.66591392,-0.14834446 -0.11811024 0.6496063,
  -0.14047828 -0.11811024 0.63061567,-0.13779528 -0.11811024 0.61023622,
  -0.13779528 -0.11811024 0.29527559,-0.14047828 -0.11811024 0.27489614,
  -0.14834446 -0.11811024 0.25590551,-0.16085773 -0.11811024 0.23959789,
  -0.17716535 -0.11811024 0.22708461,-0.19615598 -0.11811024 0.21921844,
  -0.21653543 -0.11811024 0.21653543,-1.496063 -0.11811024 0.21653543] }
 coordIndex [
  11,13,12,-1,10,14,13,-1,10,13,11,-1,8,10,9,-1,8,14,10,-1,1,8,7,-1,1,15,14,-1,1,0,15,-1,
  1,14,8,-1,5,7,6,-1,4,2,1,-1,4,3,2,-1,4,1,7,-1,4,7,5,-1]
  normalPerVertex TRUE
  normal DEF NORM_95 Normal { vector [
  0 -1 0,0 -1 0,
  0 -1 0,0 -1 0,
  0 -1 0,0 -1 0,
  0 -1 0,0 -1 0,
  0 -1 0,0 -1 0,
  0 -1 0,0 -1 0,
  0 -1 0,0 -1 0,
  0 -1 0,0 -1 0] }
}
}
] }
] }
DEF TXFM_9 Transform {
  center 0 0 0
  rotation -0.8882471 -0.31859354 -0.33093087 0
  scale 1 1 1
  scaleOrientation 0 0 1 0
  translation 0 4.0551181 0.45275591
 children [
DEF TXFM_10 Transform {
  center 0 0 0
  rotation 0 0 1 0
  scale 1 1 1
  scaleOrientation 0 0 1 0
  translation 0 0 0
 children [
DEF SHAPE_96 Shape {
 appearance DEF APP_3 Appearance {
  material Material {
   ambientIntensity 0.14285715
   diffuseColor 0.69999999 0.69999999 0.69999999
   emissiveColor 0 0 0
   shininess 0.1
   specularColor 0.12 0.12 0.12
   transparency 0
} }
 geometry DEF FACE_96 IndexedFaceSet {
  coord DEF COORD_96 Coordinate { point [
  0.69812542 0 0.44291339,0.57038891 0 0.59850469,
  0.40883612 0 0.71861283,0.22304493 0 0.79611703,
  0.024030216 0 0.82642236,-0.17640916 0 0.80773212,
  -0.36638988 0 0.74115439,-0.53464868 0 0.63063631,
  -0.67121011 0 0.48273011,-0.76797794 0 0.3062046,
  -0.81921515 0 0.11152533,-0.82188409 0 -0.089765865,
  -0.77582651 0 -0.28573517,-0.68377301 0 -0.46476428,
  -0.5511811 0 -0.61623921,-0.5511811 0 -3.503937,
  -0.53240006 0 -3.6465932,-0.47733684 0 -3.7795276,
  -0.3897439 0 -3.8936809,-0.27559055 0 -3.9812738,
  -0.14265617 0 -4.0363371,0 0 -4.0551181,
  0.14265617 0 -4.0363371,0.27559055 0 -3.9812738,
  0.3897439 0 -3.8936809,0.47733684 0 -3.7795276,
  0.53240006 0 -3.6465932,0.5511811 0 -3.503937,
  0.5511811 0 -0.61623921,0.60541077 0 -0.56305343,
  0.65453041 0 -0.50511515,0.69812542 0 -0.44291339,
  0.98031496 0 -0.44291339,0.98031496 0 0.44291339,
  -0.39370079 0 0,-0.38028576 0 -0.10189726,
  -0.34095488 0 -0.19685039,-0.2783885 0 -0.2783885,
  -0.19685039 0 -0.34095488,-0.10189726 0 -0.38028576,
  0 0 -0.39370079,0.10189726 0 -0.38028576,
  0.19685039 0 -0.34095488,0.2783885 0 -0.2783885,
  0.34095488 0 -0.19685039,0.38028576 0 -0.10189726,
  0.39370079 0 0,0.38028576 0 0.10189726,
  0.34095488 0 0.19685039,0.2783885 0 0.2783885,
  0.19685039 0 0.34095488,0.10189726 0 0.38028576,
  0 0 0.39370079,-0.10189726 0 0.38028576,
  -0.19685039 0 0.34095488,-0.2783885 0 0.2783885,
  -0.34095488 0 0.19685039,-0.38028576 0 0.10189726,
  -0.29527559 0 -3.4645669,-0.28521432 0 -3.5409899,
  -0.25571616 0 -3.6122047,-0.20879137 0 -3.6733583,
  -0.1476378 0 -3.7202831,-0.076422946 0 -3.7497812,
  0 0 -3.7598425,0.076422946 0 -3.7497812,
  0.1476378 0 -3.7202831,0.20879137 0 -3.6733583,
  0.25571616 0 -3.6122047,0.28521432 0 -3.5409899,
  0.29527559 0 -3.4645669,0.28521432 0 -3.388144,
  0.25571616 0 -3.3169291,0.20879137 0 -3.2557756,
  0.1476378 0 -3.2088508,0.076422946 0 -3.1793526,
  0 0 -3.1692913,-0.076422946 0 -3.1793526,
  -0.1476378 0 -3.2088508,-0.20879137 0 -3.2557756,
  -0.25571616 0 -3.3169291,-0.28521432 0 -3.388144] }
 coordIndex [
  55,8,7,-1,56,8,55,-1,56,9,8,-1,54,7,6,-1,54,55,7,-1,57,9,56,-1,57,10,9,-1,53,6,5,-1,
  53,54,6,-1,34,11,10,-1,34,10,57,-1,52,5,4,-1,52,53,5,-1,35,12,11,-1,35,11,34,-1,51,4,3,-1,
  51,52,4,-1,50,3,2,-1,50,51,3,-1,36,13,12,-1,36,12,35,-1,1,50,2,-1,49,50,1,-1,37,13,36,-1,
  14,13,37,-1,38,14,37,-1,0,49,1,-1,0,48,49,-1,47,48,0,-1,39,14,38,-1,46,47,0,-1,40,14,39,-1,
  33,46,0,-1,31,44,45,-1,31,45,46,-1,30,43,44,-1,30,44,31,-1,28,40,41,-1,28,41,42,-1,28,42,43,-1,
  28,14,40,-1,29,43,30,-1,29,28,43,-1,32,46,33,-1,32,31,46,-1,79,15,14,-1,80,15,79,-1,78,79,14,-1,
  81,15,80,-1,77,78,14,-1,76,14,28,-1,76,77,14,-1,58,15,81,-1,75,76,28,-1,59,16,15,-1,59,15,58,-1,
  74,75,28,-1,60,17,16,-1,60,16,59,-1,73,74,28,-1,61,17,60,-1,18,17,61,-1,62,18,61,-1,19,18,62,-1,
  19,62,63,-1,20,19,63,-1,20,63,64,-1,21,20,64,-1,27,73,28,-1,27,69,70,-1,27,70,71,-1,27,71,72,-1,
  27,72,73,-1,22,21,64,-1,22,64,65,-1,26,69,27,-1,26,68,69,-1,23,22,65,-1,23,65,66,-1,25,68,26,-1,
  25,67,68,-1,24,23,66,-1,24,67,25,-1,24,66,67,-1]
  normalPerVertex TRUE
  normal DEF NORM_96 Normal { vector [
  0 1 0,0 1 0,
  0 1 0,0 1 0,
  0 1 0,0 1 0,
  0 1 0,0 1 0,
  0 1 0,0 1 0,
  0 1 0,0 1 0,
  0 1 0,0 1 0,
  0 1 0,0 1 0,
  0 1 0,0 1 0,
  0 1 0,0 1 0,
  0 1 0,0 1 0,
  0 1 0,0 1 0,
  0 1 0,0 1 0,
  0 1 0,0 1 0,
  0 1 0,0 1 0,
  0 1 0,0 1 0,
  0 1 0,0 1 0,
  0 1 0,0 1 0,
  0 1 0,0 1 0,
  0 1 0,0 1 0,
  0 1 0,0 1 0,
  0 1 0,0 1 0,
  0 1 0,0 1 0,
  0 1 0,0 1 0,
  0 1 0,0 1 0,
  0 1 0,0 1 0,
  0 1 0,0 1 0,
  0 1 0,0 1 0,
  0 1 0,0 1 0,
  0 1 0,0 1 0,
  0 1 0,0 1 0,
  0 1 0,0 1 0,
  0 1 0,0 1 0,
  0 1 0,0 1 0,
  0 1 0,0 1 0,
  0 1 0,0 1 0,
  0 1 0,0 1 0,
  0 1 0,0 1 0,
  0 1 0,0 1 0,
  0 1 0,0 1 0,
  0 1 0,0 1 0] }
}
}
DEF SHAPE_97 Shape {
 appearance USE APP_3
 geometry DEF FACE_97 IndexedFaceSet {
  coord DEF COORD_97 Coordinate { point [
  0.98031496 -0.15748031 0.44291339,0.98031496 -0.15748031 -0.44291339,
  0.69812542 -0.15748031 0.44291339,0.57038891 -0.15748031 0.59850469,
  0.40883612 -0.15748031 0.71861283,0.22304493 -0.15748031 0.79611703,
  0.024030216 -0.15748031 0.82642236,-0.17640916 -0.15748031 0.80773212,
  -0.36638988 -0.15748031 0.74115439,-0.53464868 -0.15748031 0.63063631,
  -0.67121011 -0.15748031 0.48273011,-0.76797794 -0.15748031 0.3062046,
  -0.81921515 -0.15748031 0.11152533,-0.82188409 -0.15748031 -0.089765865,
  -0.77582651 -0.15748031 -0.28573517,-0.68377301 -0.15748031 -0.46476428,
  -0.5511811 -0.15748031 -0.61623921,-0.5511811 -0.15748031 -3.503937,
  -0.53240006 -0.15748031 -3.6465932,-0.47733684 -0.15748031 -3.7795276,
  -0.3897439 -0.15748031 -3.8936809,-0.27559055 -0.15748031 -3.9812738,
  -0.14265617 -0.15748031 -4.0363371,0 -0.15748031 -4.0551181,
  0.14265617 -0.15748031 -4.0363371,0.27559055 -0.15748031 -3.9812738,
  0.3897439 -0.15748031 -3.8936809,0.47733684 -0.15748031 -3.7795276,
  0.53240006 -0.15748031 -3.6465932,0.5511811 -0.15748031 -3.503937,
  0.5511811 -0.15748031 -0.61623921,0.60541077 -0.15748031 -0.56305343,
  0.65453041 -0.15748031 -0.50511515,0.69812542 -0.15748031 -0.44291339,
  0 -0.15748031 -0.39370079,0.10189726 -0.15748031 -0.38028576,
  0.19685039 -0.15748031 -0.34095488,0.2783885 -0.15748031 -0.2783885,
  0.34095488 -0.15748031 -0.19685039,0.38028576 -0.15748031 -0.10189726,
  0.39370079 -0.15748031 0,0.38028576 -0.15748031 0.10189726,
  0.34095488 -0.15748031 0.19685039,0.2783885 -0.15748031 0.2783885,
  0.19685039 -0.15748031 0.34095488,0.10189726 -0.15748031 0.38028576,
  0 -0.15748031 0.39370079,-0.10189726 -0.15748031 0.38028576,
  -0.19685039 -0.15748031 0.34095488,-0.2783885 -0.15748031 0.2783885,
  -0.34095488 -0.15748031 0.19685039,-0.38028576 -0.15748031 0.10189726,
  -0.39370079 -0.15748031 0,-0.38028576 -0.15748031 -0.10189726,
  -0.34095488 -0.15748031 -0.19685039,-0.2783885 -0.15748031 -0.2783885,
  -0.19685039 -0.15748031 -0.34095488,-0.10189726 -0.15748031 -0.38028576,
  0 -0.15748031 -3.7598425,0.076422946 -0.15748031 -3.7497812,
  0.1476378 -0.15748031 -3.7202831,0.20879137 -0.15748031 -3.6733583,
  0.25571616 -0.15748031 -3.6122047,0.28521432 -0.15748031 -3.5409899,
  0.29527559 -0.15748031 -3.4645669,0.28521432 -0.15748031 -3.388144,
  0.25571616 -0.15748031 -3.3169291,0.20879137 -0.15748031 -3.2557756,
  0.1476378 -0.15748031 -3.2088508,0.076422946 -0.15748031 -3.1793526,
  0 -0.15748031 -3.1692913,-0.076422946 -0.15748031 -3.1793526,
  -0.1476378 -0.15748031 -3.2088508,-0.20879137 -0.15748031 -3.2557756,
  -0.25571616 -0.15748031 -3.3169291,-0.28521432 -0.15748031 -3.388144,
  -0.29527559 -0.15748031 -3.4645669,-0.28521432 -0.15748031 -3.5409899,
  -0.25571616 -0.15748031 -3.6122047,-0.20879137 -0.15748031 -3.6733583,
  -0.1476378 -0.15748031 -3.7202831,-0.076422946 -0.15748031 -3.7497812] }
 coordIndex [
  49,9,10,-1,48,8,9,-1,48,9,49,-1,50,49,10,-1,50,10,11,-1,47,8,48,-1,47,7,8,-1,51,50,11,-1,
  51,11,12,-1,46,6,7,-1,46,7,47,-1,52,51,12,-1,52,12,13,-1,53,13,14,-1,53,52,13,-1,45,5,6,-1,
  45,6,46,-1,54,53,14,-1,54,14,15,-1,44,4,5,-1,44,5,45,-1,3,4,44,-1,55,54,15,-1,43,3,44,-1,
  16,55,15,-1,56,55,16,-1,2,3,43,-1,2,43,42,-1,57,56,16,-1,41,2,42,-1,34,57,16,-1,40,2,41,-1,
  0,2,40,-1,33,39,38,-1,33,40,39,-1,32,38,37,-1,32,33,38,-1,30,35,34,-1,30,36,35,-1,30,37,36,-1,
  30,34,16,-1,31,32,37,-1,31,37,30,-1,1,0,40,-1,1,40,33,-1,73,16,17,-1,72,16,73,-1,74,73,17,-1,
  75,74,17,-1,71,16,72,-1,70,30,16,-1,70,16,71,-1,76,75,17,-1,69,30,70,-1,77,17,18,-1,77,76,17,-1,
  68,30,69,-1,78,18,19,-1,78,77,18,-1,67,30,68,-1,79,78,19,-1,20,79,19,-1,80,79,20,-1,21,80,20,-1,
  21,81,80,-1,22,81,21,-1,22,58,81,-1,23,58,22,-1,29,64,63,-1,29,65,64,-1,29,66,65,-1,29,67,66,-1,
  29,30,67,-1,24,58,23,-1,24,59,58,-1,28,29,63,-1,28,63,62,-1,25,59,24,-1,25,60,59,-1,27,28,62,-1,
  27,62,61,-1,26,60,25,-1,26,27,61,-1,26,61,60,-1]
  normalPerVertex TRUE
  normal DEF NORM_97 Normal { vector [
  0 -1 0,0 -1 0,
  0 -1 0,0 -1 0,
  0 -1 0,0 -1 0,
  0 -1 0,0 -1 0,
  0 -1 0,0 -1 0,
  0 -1 0,0 -1 0,
  0 -1 0,0 -1 0,
  0 -1 0,0 -1 0,
  0 -1 0,0 -1 0,
  0 -1 0,0 -1 0,
  0 -1 0,0 -1 0,
  0 -1 0,0 -1 0,
  0 -1 0,0 -1 0,
  0 -1 0,0 -1 0,
  0 -1 0,0 -1 0,
  0 -1 0,0 -1 0,
  0 -1 0,0 -1 0,
  0 -1 0,0 -1 0,
  0 -1 0,0 -1 0,
  0 -1 0,0 -1 0,
  0 -1 0,0 -1 0,
  0 -1 0,0 -1 0,
  0 -1 0,0 -1 0,
  0 -1 0,0 -1 0,
  0 -1 0,0 -1 0,
  0 -1 0,0 -1 0,
  0 -1 0,0 -1 0,
  0 -1 0,0 -1 0,
  0 -1 0,0 -1 0,
  0 -1 0,0 -1 0,
  0 -1 0,0 -1 0,
  0 -1 0,0 -1 0,
  0 -1 0,0 -1 0,
  0 -1 0,0 -1 0,
  0 -1 0,0 -1 0,
  0 -1 0,0 -1 0,
  0 -1 0,0 -1 0,
  0 -1 0,0 -1 0,
  0 -1 0,0 -1 0,
  0 -1 0,0 -1 0,
  0 -1 0,0 -1 0] }
}
}
DEF SHAPE_98 Shape {
 appearance USE APP_3
 geometry DEF FACE_98 IndexedFaceSet {
  coord DEF COORD_98 Coordinate { point [
  0.69812542 -0.15748031 -0.44291339,0.69812542 0 -0.44291339,
  0.98031496 -0.15748031 -0.44291339,0.98228346 -0.15800777 -0.44291339,
  0.98372451 -0.15944882 -0.44291339,0.98425197 -0.16141732 -0.44291339,
  0.98425197 -0.70866142 -0.44291339,1.1417323 -0.70866142 -0.44291339,
  1.1417323 -0.16141732 -0.44291339,0.98031496 0 -0.44291339,
  1.0220928 -0.0055001619 -0.44291339,1.0610236 -0.021625821 -0.44291339,
  1.0944542 -0.047278039 -0.44291339,1.1201065 -0.080708661 -0.44291339,
  1.1362321 -0.11963945 -0.44291339] }
 coordIndex [
  8,6,5,-1,8,7,6,-1,9,0,1,-1,9,2,0,-1,14,5,4,-1,14,8,5,-1,10,3,2,-1,10,2,9,-1,
  11,3,10,-1,13,14,4,-1,12,4,3,-1,12,13,4,-1,12,3,11,-1]
  normalPerVertex TRUE
  normal DEF NORM_98 Normal { vector [
  0 0 -1,0 0 -1,
  0 0 -1,0 0 -1,
  0 0 -1,0 0 -1,
  0 0 -1,0 0 -1,
  0 0 -1,0 0 -1,
  0 0 -1,0 0 -1,
  0 0 -1,0 0 -1,
  0 0 -1] }
}
}
DEF SHAPE_99 Shape {
 appearance USE APP_3
 geometry DEF FACE_99 IndexedFaceSet {
  coord DEF COORD_99 Coordinate { point [
  0.69812542 -0.15748031 0.44291339,0.69812542 0 0.44291339,
  0.98031496 0 0.44291339,1.1417323 -0.16141732 0.44291339,
  1.1362321 -0.11963945 0.44291339,1.1201065 -0.080708661 0.44291339,
  1.0944542 -0.047278039 0.44291339,1.0610236 -0.021625821 0.44291339,
  1.0220928 -0.0055001619 0.44291339,1.1417323 -0.70866142 0.44291339,
  0.98425197 -0.70866142 0.44291339,0.98425197 -0.16141732 0.44291339,
  0.98031496 -0.15748031 0.44291339,0.98228346 -0.15800777 0.44291339,
  0.98372451 -0.15944882 0.44291339] }
 coordIndex [
  11,3,4,-1,11,9,3,-1,11,10,9,-1,14,4,5,-1,14,11,4,-1,6,14,5,-1,13,14,6,-1,7,13,6,-1,
  8,12,13,-1,8,13,7,-1,2,12,8,-1,1,0,12,-1,1,12,2,-1]
  normalPerVertex TRUE
  normal DEF NORM_99 Normal { vector [
  0 0 1,0 0 1,
  0 0 1,0 0 1,
  0 0 1,0 0 1,
  0 0 1,0 0 1,
  0 0 1,0 0 1,
  0 0 1,0 0 1,
  0 0 1,0 0 1,
  0 0 1] }
}
}
DEF SHAPE_100 Shape {
 appearance USE APP_3
 geometry DEF FACE_100 IndexedFaceSet {
  coord DEF COORD_100 Coordinate { point [
  0.69812542 0 0.44291339,0.57038891 0 0.59850469,
  0.40883612 0 0.71861283,0.22304493 0 0.79611703,
  0.024030216 0 0.82642236,-0.17640916 0 0.80773212,
  -0.36638988 0 0.74115439,-0.53464868 0 0.63063631,
  -0.67121011 0 0.48273011,-0.76797794 0 0.3062046,
  -0.81921515 0 0.11152533,-0.82188409 0 -0.089765865,
  -0.77582651 0 -0.28573517,-0.68377301 0 -0.46476428,
  -0.5511811 0 -0.61623921,-0.5511811 -0.15748031 -0.61623921,
  0.69812542 -0.15748031 0.44291339,0.57038891 -0.15748031 0.59850469,
  0.40883612 -0.15748031 0.71861283,0.22304493 -0.15748031 0.79611703,
  0.024030216 -0.15748031 0.82642236,-0.17640916 -0.15748031 0.80773212,
  -0.36638988 -0.15748031 0.74115439,-0.53464868 -0.15748031 0.63063631,
  -0.67121011 -0.15748031 0.48273011,-0.76797794 -0.15748031 0.3062046,
  -0.81921515 -0.15748031 0.11152533,-0.82188409 -0.15748031 -0.089765865,
  -0.77582651 -0.15748031 -0.28573517,-0.68377301 -0.15748031 -0.46476428] }
 coordIndex [
  13,14,15,-1,13,15,29,-1,12,29,28,-1,12,13,29,-1,11,28,27,-1,11,12,28,-1,10,27,26,-1,10,11,27,-1,
  9,26,25,-1,9,10,26,-1,8,25,24,-1,8,9,25,-1,7,24,23,-1,7,8,24,-1,6,23,22,-1,6,7,23,-1,
  5,22,21,-1,5,6,22,-1,4,20,19,-1,4,21,20,-1,4,5,21,-1,3,4,19,-1,2,19,18,-1,2,3,19,-1,
  1,18,17,-1,1,2,18,-1,0,17,16,-1,0,1,17,-1]
  normalPerVertex TRUE
  normal DEF NORM_100 Normal { vector [
  0.77289831 0 0.6345299,0.65975057 0 0.75148466,
  0.45857712 0 0.88865462,0.26977815 0 0.9629225,
  0.029065119 0 0.99957752,-0.25310352 0 0.9674392,
  -0.47940826 0 0.877592,-0.67729063 0 0.73571557,
  -0.83501891 0 0.55022125,-0.94324196 0 0.33210631,
  -0.99554364 0 0.094302,-0.98882316 0 -0.14909313,
  -0.92347896 0 -0.38364907,-0.80338506 0 -0.59545986,
  -0.75245027 0 -0.65864906,-0.75245027 0 -0.65864906,
  0.77289831 0 0.6345299,0.71889556 0 0.6951181,
  0.52959135 0 0.84825291,0.26977815 0 0.9629225,
  0.029065119 0 0.99957752,-0.17328241 0 0.98487218,
  -0.40616645 0 0.91379911,-0.61497035 0 0.78855023,
  -0.78731491 0 0.61655108,-0.91298244 0 0.40799886,
  -0.98452256 0 0.17525788,-0.99769393 0 -0.067873504,
  -0.95171567 0 -0.30698091,-0.84931365 0 -0.52788855] }
}
}
DEF SHAPE_101 Shape {
 appearance USE APP_3
 geometry DEF FACE_101 IndexedFaceSet {
  coord DEF COORD_101 Coordinate { point [
  -0.5511811 -0.15748031 -0.61623921,-0.5511811 0 -0.61623921,
  -0.5511811 -0.15748031 -3.503937,-0.5511811 0 -3.503937] }
 coordIndex [
  3,0,1,-1,3,2,0,-1]
  normalPerVertex TRUE
  normal DEF NORM_101 Normal { vector [
  -1 0 0,-1 0 0,
  -1 0 0,-1 0 0] }
}
}
DEF SHAPE_102 Shape {
 appearance USE APP_3
 geometry DEF FACE_102 IndexedFaceSet {
  coord DEF COORD_102 Coordinate { point [
  -0.5511811 0 -3.503937,-0.53240006 0 -3.6465932,
  -0.47733684 0 -3.7795276,-0.3897439 0 -3.8936809,
  -0.27559055 0 -3.9812738,-0.14265617 0 -4.0363371,
  0 0 -4.0551181,0.14265617 0 -4.0363371,
  0.27559055 0 -3.9812738,0.3897439 0 -3.8936809,
  0.47733684 0 -3.7795276,0.53240006 0 -3.6465932,
  0.5511811 0 -3.503937,0.5511811 -0.15748031 -3.503937,
  -0.5511811 -0.15748031 -3.503937,-0.53240006 -0.15748031 -3.6465932,
  -0.47733684 -0.15748031 -3.7795276,-0.3897439 -0.15748031 -3.8936809,
  -0.27559055 -0.15748031 -3.9812738,-0.14265617 -0.15748031 -4.0363371,
  0 -0.15748031 -4.0551181,0.14265617 -0.15748031 -4.0363371,
  0.27559055 -0.15748031 -3.9812738,0.3897439 -0.15748031 -3.8936809,
  0.47733684 -0.15748031 -3.7795276,0.53240006 -0.15748031 -3.6465932] }
 coordIndex [
  11,12,13,-1,11,13,25,-1,10,25,24,-1,10,11,25,-1,9,24,23,-1,9,10,24,-1,8,23,22,-1,8,9,23,-1,
  7,22,21,-1,7,8,22,-1,6,21,20,-1,6,7,21,-1,5,19,18,-1,5,20,19,-1,5,6,20,-1,4,5,18,-1,
  3,18,17,-1,3,4,18,-1,2,17,16,-1,2,3,17,-1,1,16,15,-1,1,2,16,-1,0,15,14,-1,0,1,15,-1]
  normalPerVertex TRUE
  normal DEF NORM_102 Normal { vector [
  -0.99144486 0 -0.13052619,-0.95364993 0 -0.30091828,
  -0.84327172 0 -0.5374875,-0.67542593 0 -0.73742784,
  -0.5 0 -0.8660254,-0.25881905 0 -0.96592583,
  0.04384197 0 -0.99903848,0.30091828 0 -0.95364993,
  0.5374875 0 -0.84327172,0.73742784 0 -0.67542593,
  0.88711369 0 -0.46155098,0.9763442 0 -0.21622209,
  0.99144486 0 -0.13052619,0.99144486 0 -0.13052619,
  -0.99144486 0 -0.13052619,-0.9763442 0 -0.21622209,
  -0.88711369 0 -0.46155098,-0.73742784 0 -0.67542593,
  -0.5 0 -0.8660254,-0.25881905 0 -0.96592583,
  -0.04384197 0 -0.99903848,0.21622209 0 -0.9763442,
  0.46155098 0 -0.88711369,0.67542593 0 -0.73742784,
  0.84327172 0 -0.5374875,0.95364993 0 -0.30091828] }
}
}
DEF SHAPE_103 Shape {
 appearance USE APP_3
 geometry DEF FACE_103 IndexedFaceSet {
  coord DEF COORD_103 Coordinate { point [
  0.5511811 -0.15748031 -3.503937,0.5511811 0 -3.503937,
  0.5511811 -0.15748031 -0.61623921,0.5511811 0 -0.61623921] }
 coordIndex [
  3,0,1,-1,3,2,0,-1]
  normalPerVertex TRUE
  normal DEF NORM_103 Normal { vector [
  1 0 0,1 0 0,
  1 0 0,1 0 0] }
}
}
DEF SHAPE_104 Shape {
 appearance USE APP_3
 geometry DEF FACE_104 IndexedFaceSet {
  coord DEF COORD_104 Coordinate { point [
  0.5511811 0 -0.61623921,0.60541077 0 -0.56305343,
  0.65453041 0 -0.50511515,0.69812542 0 -0.44291339,
  0.69812542 -0.15748031 -0.44291339,0.5511811 -0.15748031 -0.61623921,
  0.60541077 -0.15748031 -0.56305343,0.65453041 -0.15748031 -0.50511515] }
 coordIndex [
  2,3,4,-1,2,4,7,-1,1,7,6,-1,1,2,7,-1,0,6,5,-1,0,1,6,-1]
  normalPerVertex TRUE
  normal DEF NORM_104 Normal { vector [
  0.70020186 0 -0.71394492,0.74261049 0 -0.66972357,
  0.80094084 0 -0.5987435,0.81889917 0 -0.57393741,
  0.81889917 0 -0.57393741,0.70020186 0 -0.71394492,
  0.72173498 0 -0.6921695,0.78221342 0 -0.62301057] }
}
}
DEF SHAPE_105 Shape {
 appearance USE APP_3
 geometry DEF FACE_105 IndexedFaceSet {
  coord DEF COORD_105 Coordinate { point [
  1.1417323 -0.70866142 -0.44291339,1.1417323 -0.16141732 -0.44291339,
  1.1417323 -0.16141732 0.44291339,1.1417323 -0.70866142 0.44291339] }
 coordIndex [
  2,0,1,-1,2,3,0,-1]
  normalPerVertex TRUE
  normal DEF NORM_105 Normal { vector [
  1 0 0,1 0 0,
  1 0 0,1 0 0] }
}
}
DEF SHAPE_106 Shape {
 appearance USE APP_3
 geometry DEF FACE_106 IndexedFaceSet {
  coord DEF COORD_106 Coordinate { point [
  0.98425197 -0.16141732 0.44291339,0.98425197 -0.70866142 0.44291339,
  0.98425197 -0.70866142 -0.44291339,0.98425197 -0.16141732 -0.44291339] }
 coordIndex [
  0,2,1,-1,0,3,2,-1]
  normalPerVertex TRUE
  normal DEF NORM_106 Normal { vector [
  -1 0 0,-1 0 0,
  -1 0 0,-1 0 0] }
}
}
DEF SHAPE_107 Shape {
 appearance USE APP_3
 geometry DEF FACE_107 IndexedFaceSet {
  coord DEF COORD_107 Coordinate { point [
  1.1417323 -0.70866142 0.44291339,0.98425197 -0.70866142 0.44291339,
  1.1417323 -0.70866142 -0.44291339,0.98425197 -0.70866142 -0.44291339] }
 coordIndex [
  0,3,2,-1,0,1,3,-1]
  normalPerVertex TRUE
  normal DEF NORM_107 Normal { vector [
  0 -1 0,0 -1 0,
  0 -1 0,0 -1 0] }
}
}
DEF SHAPE_108 Shape {
 appearance USE APP_3
 geometry DEF FACE_108 IndexedFaceSet {
  coord DEF COORD_108 Coordinate { point [
  0.98031496 0 0.44291339,0.98031496 0 -0.44291339,
  1.1417323 -0.16141732 0.44291339,1.1362321 -0.11963945 0.44291339,
  1.1201065 -0.080708661 0.44291339,1.0944542 -0.047278039 0.44291339,
  1.0610236 -0.021625821 0.44291339,1.0220928 -0.0055001619 0.44291339,
  1.1417323 -0.16141732 -0.44291339,1.0220928 -0.0055001619 -0.44291339,
  1.0610236 -0.021625821 -0.44291339,1.0944542 -0.047278039 -0.44291339,
  1.1201065 -0.080708661 -0.44291339,1.1362321 -0.11963945 -0.44291339] }
 coordIndex [
  1,0,7,-1,9,7,6,-1,9,1,7,-1,10,6,5,-1,10,9,6,-1,11,5,4,-1,11,10,5,-1,12,11,4,-1,
  13,4,3,-1,13,12,4,-1,8,3,2,-1,8,13,3,-1]
  normalPerVertex TRUE
  normal DEF NORM_108 Normal { vector [
  0.13052619 0.99144486 0,0.13052619 0.99144486 0,
  0.99144486 0.13052619 0,0.9763442 0.21622209 0,
  0.8660254 0.5 0,0.67542593 0.73742784 0,
  0.46155098 0.88711369 0,0.21622209 0.9763442 0,
  0.99144486 0.13052619 0,0.30091828 0.95364993 0,
  0.5374875 0.84327172 0,0.73742784 0.67542593 0,
  0.8660254 0.5 0,0.95364993 0.30091828 0] }
}
}
DEF SHAPE_109 Shape {
 appearance USE APP_3
 geometry DEF FACE_109 IndexedFaceSet {
  coord DEF COORD_109 Coordinate { point [
  0.98031496 -0.15748031 0.44291339,0.98228346 -0.15800777 0.44291339,
  0.98372451 -0.15944882 0.44291339,0.98425197 -0.16141732 0.44291339,
  0.98425197 -0.16141732 -0.44291339,0.98031496 -0.15748031 -0.44291339,
  0.98228346 -0.15800777 -0.44291339,0.98372451 -0.15944882 -0.44291339] }
 coordIndex [
  6,1,0,-1,6,0,5,-1,7,2,1,-1,7,1,6,-1,4,3,2,-1,4,2,7,-1]
  normalPerVertex TRUE
  normal DEF NORM_109 Normal { vector [
  -0.25881905 -0.96592583 0,-0.57506107 -0.81811048 0,
  -0.90707274 -0.42097392 0,-0.96592583 -0.25881905 0,
  -0.96592583 -0.25881905 0,-0.25881905 -0.96592583 0,
  -0.42097392 -0.90707274 0,-0.81811048 -0.57506107 0] }
}
}
DEF SHAPE_110 Shape {
 appearance USE APP_3
 geometry DEF FACE_110 IndexedFaceSet {
  coord DEF COORD_110 Coordinate { point [
  -0.39370079 0 0,-0.38028576 0 -0.10189726,
  -0.34095488 0 -0.19685039,-0.2783885 0 -0.2783885,
  -0.19685039 0 -0.34095488,-0.10189726 0 -0.38028576,
  0 0 -0.39370079,0.10189726 0 -0.38028576,
  0.19685039 0 -0.34095488,0.2783885 0 -0.2783885,
  0.34095488 0 -0.19685039,0.38028576 0 -0.10189726,
  0.39370079 0 0,0.38028576 0 0.10189726,
  0.34095488 0 0.19685039,0.2783885 0 0.2783885,
  0.19685039 0 0.34095488,0.10189726 0 0.38028576,
  0 0 0.39370079,-0.10189726 0 0.38028576,
  -0.19685039 0 0.34095488,-0.2783885 0 0.2783885,
  -0.34095488 0 0.19685039,-0.38028576 0 0.10189726,
  -0.39370079 0 0,-0.39370079 -0.15748031 0,
  0 -0.15748031 -0.39370079,0.10189726 -0.15748031 -0.38028576,
  0.19685039 -0.15748031 -0.34095488,0.2783885 -0.15748031 -0.2783885,
  0.34095488 -0.15748031 -0.19685039,0.38028576 -0.15748031 -0.10189726,
  0.39370079 -0.15748031 0,0.38028576 -0.15748031 0.10189726,
  0.34095488 -0.15748031 0.19685039,0.2783885 -0.15748031 0.2783885,
  0.19685039 -0.15748031 0.34095488,0.10189726 -0.15748031 0.38028576,
  0 -0.15748031 0.39370079,-0.10189726 -0.15748031 0.38028576,
  -0.19685039 -0.15748031 0.34095488,-0.2783885 -0.15748031 0.2783885,
  -0.34095488 -0.15748031 0.19685039,-0.38028576 -0.15748031 0.10189726,
  -0.39370079 -0.15748031 0,-0.38028576 -0.15748031 -0.10189726,
  -0.34095488 -0.15748031 -0.19685039,-0.2783885 -0.15748031 -0.2783885,
  -0.19685039 -0.15748031 -0.34095488,-0.10189726 -0.15748031 -0.38028576] }
 coordIndex [
  24,43,25,-1,23,42,43,-1,23,43,24,-1,22,41,42,-1,22,42,23,-1,21,40,41,-1,21,41,22,-1,20,39,40,-1,
  20,40,21,-1,19,39,20,-1,18,37,38,-1,18,38,39,-1,18,39,19,-1,17,37,18,-1,16,36,37,-1,16,37,17,-1,
  15,35,36,-1,15,36,16,-1,14,34,35,-1,14,35,15,-1,13,33,34,-1,13,34,14,-1,12,33,13,-1,12,31,32,-1,
  12,32,33,-1,11,31,12,-1,11,30,31,-1,10,30,11,-1,9,30,10,-1,9,28,29,-1,9,29,30,-1,8,28,9,-1,
  7,28,8,-1,7,27,28,-1,6,26,27,-1,6,27,7,-1,6,49,26,-1,5,49,6,-1,4,49,5,-1,4,48,49,-1,
  3,48,4,-1,3,47,48,-1,2,47,3,-1,2,46,47,-1,1,45,46,-1,1,46,2,-1,0,45,1,-1,0,44,45,-1]
  normalPerVertex TRUE
  normal DEF NORM_110 Normal { vector [
  0.99144486 0 0.13052619,0.95364993 0 0.30091828,
  0.84327172 0 0.5374875,0.67542593 0 0.73742784,
  0.46155098 0 0.88711369,0.25881905 0 0.96592583,
  0 0 1,-0.30091828 0 0.95364993,
  -0.5 0 0.8660254,-0.70710678 0 0.70710678,
  -0.8660254 0 0.5,-0.95364993 0 0.30091828,
  -1 0 0,-0.95364993 0 -0.30091828,
  -0.84327172 0 -0.5374875,-0.67542593 0 -0.73742784,
  -0.46155098 0 -0.88711369,-0.25881905 0 -0.96592583,
  0 0 -1,0.25881905 0 -0.96592583,
  0.46155098 0 -0.88711369,0.67542593 0 -0.73742784,
  0.84327172 0 -0.5374875,0.95364993 0 -0.30091828,
  0.99144486 0 -0.13052619,0.99144486 0 -0.13052619,
  0 0 1,-0.21622209 0 0.9763442,
  -0.5 0 0.8660254,-0.70710678 0 0.70710678,
  -0.8660254 0 0.5,-0.9763442 0 0.21622209,
  -1 0 0,-0.9763442 0 -0.21622209,
  -0.88711369 0 -0.46155098,-0.73742784 0 -0.67542593,
  -0.5374875 0 -0.84327172,-0.25881905 0 -0.96592583,
  0 0 -1,0.25881905 0 -0.96592583,
  0.5374875 0 -0.84327172,0.73742784 0 -0.67542593,
  0.88711369 0 -0.46155098,0.9763442 0 -0.21622209,
  0.99144486 0 0.13052619,0.9763442 0 0.21622209,
  0.88711369 0 0.46155098,0.73742784 0 0.67542593,
  0.5374875 0 0.84327172,0.25881905 0 0.96592583] }
}
}
DEF SHAPE_111 Shape {
 appearance USE APP_3
 geometry DEF FACE_111 IndexedFaceSet {
  coord DEF COORD_111 Coordinate { point [
  -0.29527559 0 -3.4645669,-0.28521432 0 -3.5409899,
  -0.25571616 0 -3.6122047,-0.20879137 0 -3.6733583,
  -0.1476378 0 -3.7202831,-0.076422946 0 -3.7497812,
  0 0 -3.7598425,0.076422946 0 -3.7497812,
  0.1476378 0 -3.7202831,0.20879137 0 -3.6733583,
  0.25571616 0 -3.6122047,0.28521432 0 -3.5409899,
  0.29527559 0 -3.4645669,0.28521432 0 -3.388144,
  0.25571616 0 -3.3169291,0.20879137 0 -3.2557756,
  0.1476378 0 -3.2088508,0.076422946 0 -3.1793526,
  0 0 -3.1692913,-0.076422946 0 -3.1793526,
  -0.1476378 0 -3.2088508,-0.20879137 0 -3.2557756,
  -0.25571616 0 -3.3169291,-0.28521432 0 -3.388144,
  -0.29527559 0 -3.4645669,-0.29527559 -0.15748031 -3.4645669,
  0 -0.15748031 -3.7598425,0.076422946 -0.15748031 -3.7497812,
  0.1476378 -0.15748031 -3.7202831,0.20879137 -0.15748031 -3.6733583,
  0.25571616 -0.15748031 -3.6122047,0.28521432 -0.15748031 -3.5409899,
  0.29527559 -0.15748031 -3.4645669,0.28521432 -0.15748031 -3.388144,
  0.25571616 -0.15748031 -3.3169291,0.20879137 -0.15748031 -3.2557756,
  0.1476378 -0.15748031 -3.2088508,0.076422946 -0.15748031 -3.1793526,
  0 -0.15748031 -3.1692913,-0.076422946 -0.15748031 -3.1793526,
  -0.1476378 -0.15748031 -3.2088508,-0.20879137 -0.15748031 -3.2557756,
  -0.25571616 -0.15748031 -3.3169291,-0.28521432 -0.15748031 -3.388144,
  -0.29527559 -0.15748031 -3.4645669,-0.28521432 -0.15748031 -3.5409899,
  -0.25571616 -0.15748031 -3.6122047,-0.20879137 -0.15748031 -3.6733583,
  -0.1476378 -0.15748031 -3.7202831,-0.076422946 -0.15748031 -3.7497812] }
 coordIndex [
  24,43,25,-1,23,42,43,-1,23,43,24,-1,22,41,42,-1,22,42,23,-1,21,40,41,-1,21,41,22,-1,20,39,40,-1,
  20,40,21,-1,19,39,20,-1,18,37,38,-1,18,38,39,-1,18,39,19,-1,17,37,18,-1,16,36,37,-1,16,37,17,-1,
  15,35,36,-1,15,36,16,-1,14,34,35,-1,14,35,15,-1,13,33,34,-1,13,34,14,-1,12,33,13,-1,12,31,32,-1,
  12,32,33,-1,11,31,12,-1,11,30,31,-1,10,30,11,-1,9,30,10,-1,9,28,29,-1,9,29,30,-1,8,28,9,-1,
  7,28,8,-1,7,27,28,-1,6,26,27,-1,6,27,7,-1,6,49,26,-1,5,49,6,-1,4,49,5,-1,4,48,49,-1,
  3,48,4,-1,3,47,48,-1,2,47,3,-1,2,46,47,-1,1,45,46,-1,1,46,2,-1,0,45,1,-1,0,44,45,-1]
  normalPerVertex TRUE
  normal DEF NORM_111 Normal { vector [
  0.99144486 0 0.13052619,0.95364993 0 0.30091828,
  0.84327172 0 0.5374875,0.67542593 0 0.73742784,
  0.46155098 0 0.88711369,0.25881905 0 0.96592583,
  0 0 1,-0.30091828 0 0.95364993,
  -0.5 0 0.8660254,-0.70710678 0 0.70710678,
  -0.8660254 0 0.5,-0.95364993 0 0.30091828,
  -1 0 0,-0.95364993 0 -0.30091828,
  -0.84327172 0 -0.5374875,-0.67542593 0 -0.73742784,
  -0.46155098 0 -0.88711369,-0.25881905 0 -0.96592583,
  0 0 -1,0.25881905 0 -0.96592583,
  0.46155098 0 -0.88711369,0.67542593 0 -0.73742784,
  0.84327172 0 -0.5374875,0.95364993 0 -0.30091828,
  0.99144486 0 -0.13052619,0.99144486 0 -0.13052619,
  0 0 1,-0.21622209 0 0.9763442,
  -0.5 0 0.8660254,-0.70710678 0 0.70710678,
  -0.8660254 0 0.5,-0.9763442 0 0.21622209,
  -1 0 0,-0.9763442 0 -0.21622209,
  -0.88711369 0 -0.46155098,-0.73742784 0 -0.67542593,
  -0.5374875 0 -0.84327172,-0.25881905 0 -0.96592583,
  0 0 -1,0.25881905 0 -0.96592583,
  0.5374875 0 -0.84327172,0.73742784 0 -0.67542593,
  0.88711369 0 -0.46155098,0.9763442 0 -0.21622209,
  0.99144486 0 0.13052619,0.9763442 0 0.21622209,
  0.88711369 0 0.46155098,0.73742784 0 0.67542593,
  0.5374875 0 0.84327172,0.25881905 0 0.96592583] }
}
}
] }
] }
DEF TXFM_11 Transform {
  center 0 0 0
  rotation -0.1839418 0.061313934 -0.98102294 0
  scale 1 1 1
  scaleOrientation 0 0 1 0
  translation 0 1.6732283 -1.7125984
 children [
DEF TXFM_12 Transform {
  center 0 0 0
  rotation 0 0 1 0
  scale 1 1 1
  scaleOrientation 0 0 1 0
  translation 0 0 0
 children [
DEF SHAPE_112 Shape {
 appearance USE APP_3
 geometry DEF FACE_112 IndexedFaceSet {
  coord DEF COORD_112 Coordinate { point [
  0.47244094 0.078740157 -1.4173228,0.45634291 0.078740157 -1.5395995,
  0.40914586 0.078740157 -1.6535433,0.3340662 0.078740157 -1.751389,
  0.23622047 0.078740157 -1.8264687,0.12227671 0.078740157 -1.8736657,
  0 0.078740157 -1.8897638,-0.12227671 0.078740157 -1.8736657,
  -0.23622047 0.078740157 -1.8264687,-0.3340662 0.078740157 -1.751389,
  -0.40914586 0.078740157 -1.6535433,-0.45634291 0.078740157 -1.5395995,
  -0.47244094 0.078740157 -1.4173228,-0.47244094 0.078740157 -0.0039370079,
  0.47244094 0.078740157 -0.0039370079,-0.29527559 0.078740157 -1.4173228,
  -0.28624024 0.078740157 -1.4898087,-0.25968713 0.078740157 -1.5578585,
  -0.21724131 0.078740157 -1.6173076,-0.16150044 0.078740157 -1.6645177,
  -0.095875828 0.078740157 -1.6965996,-0.024383665 0.078740157 -1.7115899,
  0.048600765 0.078740157 -1.7085713,0.11861085 0.078740157 -1.6877283,
  0.18136202 0.078740157 -1.6503368,0.23301393 0.078740157 -1.5986849,
  0.27040551 0.078740157 -1.5359337,0.29124842 0.078740157 -1.4659236,
  0.29426707 0.078740157 -1.3929392,0.27927674 0.078740157 -1.321447,
  0.24719483 0.078740157 -1.2558224,0.19998472 0.078740157 -1.2000815,
  0.14053565 0.078740157 -1.1576357,0.072485872 0.078740157 -1.1310826,
  0 0.078740157 -1.1220472,-0.076422946 0.078740157 -1.1321085,
  -0.1476378 0.078740157 -1.1616067,-0.20879137 0.078740157 -1.2085315,
  -0.25571616 0.078740157 -1.269685,-0.28521432 0.078740157 -1.3408999] }
 coordIndex [
  18,9,10,-1,19,8,9,-1,19,9,18,-1,17,10,11,-1,17,18,10,-1,20,7,8,-1,20,8,19,-1,16,11,12,-1,
  16,17,11,-1,21,6,7,-1,21,7,20,-1,15,16,12,-1,22,5,6,-1,22,6,21,-1,39,15,12,-1,23,4,5,-1,
  23,5,22,-1,38,39,12,-1,24,4,23,-1,3,4,24,-1,37,38,12,-1,25,3,24,-1,2,25,26,-1,2,3,25,-1,
  1,26,27,-1,1,2,26,-1,0,1,27,-1,0,27,28,-1,0,28,29,-1,0,29,30,-1,0,30,31,-1,13,34,35,-1,
  13,35,36,-1,13,36,37,-1,13,37,12,-1,14,0,31,-1,14,34,13,-1,14,31,32,-1,14,32,33,-1,14,33,34,-1]
  normalPerVertex TRUE
  normal DEF NORM_112 Normal { vector [
  0 1 0,0 1 0,
  0 1 0,0 1 0,
  0 1 0,0 1 0,
  0 1 0,0 1 0,
  0 1 0,0 1 0,
  0 1 0,0 1 0,
  0 1 0,0 1 0,
  0 1 0,0 1 0,
  0 1 0,0 1 0,
  0 1 0,0 1 0,
  0 1 0,0 1 0,
  0 1 0,0 1 0,
  0 1 0,0 1 0,
  0 1 0,0 1 0,
  0 1 0,0 1 0,
  0 1 0,0 1 0,
  0 1 0,0 1 0,
  0 1 0,0 1 0,
  0 1 0,0 1 0,
  0 1 0,0 1 0] }
}
}
DEF SHAPE_113 Shape {
 appearance USE APP_3
 geometry DEF FACE_113 IndexedFaceSet {
  coord DEF COORD_113 Coordinate { point [
  -0.47244094 -0.039370079 -0.0039370079,0.47244094 -0.039370079 -0.0039370079,
  0.47244094 -0.039370079 -1.4173228,0.45634291 -0.039370079 -1.5395995,
  0.40914586 -0.039370079 -1.6535433,0.3340662 -0.039370079 -1.751389,
  0.23622047 -0.039370079 -1.8264687,0.12227671 -0.039370079 -1.8736657,
  0 -0.039370079 -1.8897638,-0.12227671 -0.039370079 -1.8736657,
  -0.23622047 -0.039370079 -1.8264687,-0.3340662 -0.039370079 -1.751389,
  -0.40914586 -0.039370079 -1.6535433,-0.45634291 -0.039370079 -1.5395995,
  -0.47244094 -0.039370079 -1.4173228,0 -0.039370079 -1.1220472,
  0.076422946 -0.039370079 -1.1321085,0.1476378 -0.039370079 -1.1616067,
  0.20879137 -0.039370079 -1.2085315,0.25571616 -0.039370079 -1.269685,
  0.28521432 -0.039370079 -1.3408999,0.29527559 -0.039370079 -1.4173228,
  0.28521432 -0.039370079 -1.4937458,0.25571616 -0.039370079 -1.5649606,
  0.20879137 -0.039370079 -1.6261142,0.1476378 -0.039370079 -1.673039,
  0.076422946 -0.039370079 -1.7025372,0 -0.039370079 -1.7125984,
  -0.076422946 -0.039370079 -1.7025372,-0.1476378 -0.039370079 -1.673039,
  -0.20879137 -0.039370079 -1.6261142,-0.25571616 -0.039370079 -1.5649606,
  -0.28521432 -0.039370079 -1.4937458,-0.29527559 -0.039370079 -1.4173228,
  -0.28521432 -0.039370079 -1.3408999,-0.25571616 -0.039370079 -1.269685,
  -0.20879137 -0.039370079 -1.2085315,-0.1476378 -0.039370079 -1.1616067,
  -0.076422946 -0.039370079 -1.1321085] }
 coordIndex [
  29,11,10,-1,29,30,11,-1,31,12,11,-1,31,11,30,-1,32,13,12,-1,32,12,31,-1,28,10,9,-1,28,29,10,-1,
  33,14,13,-1,33,13,32,-1,27,9,8,-1,27,28,9,-1,34,14,33,-1,26,8,7,-1,26,27,8,-1,35,14,34,-1,
  25,7,6,-1,25,26,7,-1,36,14,35,-1,24,25,6,-1,5,24,6,-1,4,23,24,-1,4,24,5,-1,22,23,4,-1,
  3,21,22,-1,3,22,4,-1,2,21,3,-1,2,18,19,-1,2,19,20,-1,2,20,21,-1,0,36,37,-1,0,37,38,-1,
  0,38,15,-1,0,14,36,-1,1,18,2,-1,1,15,16,-1,1,16,17,-1,1,17,18,-1,1,0,15,-1]
  normalPerVertex TRUE
  normal DEF NORM_113 Normal { vector [
  0 -1 0,0 -1 0,
  0 -1 0,0 -1 0,
  0 -1 0,0 -1 0,
  0 -1 0,0 -1 0,
  0 -1 0,0 -1 0,
  0 -1 0,0 -1 0,
  0 -1 0,0 -1 0,
  0 -1 0,0 -1 0,
  0 -1 0,0 -1 0,
  0 -1 0,0 -1 0,
  0 -1 0,0 -1 0,
  0 -1 0,0 -1 0,
  0 -1 0,0 -1 0,
  0 -1 0,0 -1 0,
  0 -1 0,0 -1 0,
  0 -1 0,0 -1 0,
  0 -1 0,0 -1 0,
  0 -1 0,0 -1 0,
  0 -1 0,0 -1 0,
  0 -1 0] }
}
}
DEF SHAPE_114 Shape {
 appearance USE APP_3
 geometry DEF FACE_114 IndexedFaceSet {
  coord DEF COORD_114 Coordinate { point [
  0.47244094 -0.039370079 -0.0039370079,0.47244094 -0.039370079 -1.4173228,
  0.47244094 0.078740157 -1.4173228,0.47244094 0.078740157 -0.0039370079,
  0.47244094 0.074581498 0.027651143,0.47244094 0.062388927 0.057086614,
  0.47244094 0.042993347 0.082363426,0.47244094 0.017716535 0.10175901,
  0.47244094 -0.011718935 0.11395158,0.47244094 -0.043307087 0.11811024,
  0.47244094 -0.45275591 0.11811024,0.47244094 -0.45275591 0,
  0.47244094 -0.043307087 0,0.47244094 -0.041338583 -0.00052745904,
  0.47244094 -0.039897538 -0.0019685039] }
 coordIndex [
  9,10,11,-1,9,11,12,-1,3,0,1,-1,3,1,2,-1,8,12,13,-1,8,9,12,-1,4,14,0,-1,4,0,3,-1,
  7,8,13,-1,5,14,4,-1,6,13,14,-1,6,14,5,-1,6,7,13,-1]
  normalPerVertex TRUE
  normal DEF NORM_114 Normal { vector [
  1 0 0,1 0 0,
  1 0 0,1 0 0,
  1 0 0,1 0 0,
  1 0 0,1 0 0,
  1 0 0,1 0 0,
  1 0 0,1 0 0,
  1 0 0,1 0 0,
  1 0 0] }
}
}
DEF SHAPE_115 Shape {
 appearance USE APP_3
 geometry DEF FACE_115 IndexedFaceSet {
  coord DEF COORD_115 Coordinate { point [
  -0.47244094 0.078740157 -1.4173228,-0.47244094 0.078740157 -0.0039370079,
  -0.47244094 -0.039370079 -1.4173228,-0.47244094 -0.039370079 -0.0039370079,
  -0.47244094 -0.043307087 0,-0.47244094 -0.041338583 -0.00052745904,
  -0.47244094 -0.039897538 -0.0019685039,-0.47244094 -0.45275591 0,
  -0.47244094 -0.45275591 0.11811024,-0.47244094 -0.043307087 0.11811024,
  -0.47244094 0.074581498 0.027651143,-0.47244094 0.062388927 0.057086614,
  -0.47244094 0.042993347 0.082363426,-0.47244094 0.017716535 0.10175901,
  -0.47244094 -0.011718935 0.11395158] }
 coordIndex [
  3,1,0,-1,3,0,2,-1,3,10,1,-1,6,11,10,-1,6,10,3,-1,12,11,6,-1,5,12,6,-1,13,12,5,-1,
  14,5,4,-1,14,13,5,-1,9,14,4,-1,8,4,7,-1,8,9,4,-1]
  normalPerVertex TRUE
  normal DEF NORM_115 Normal { vector [
  -1 0 0,-1 0 0,
  -1 0 0,-1 0 0,
  -1 0 0,-1 0 0,
  -1 0 0,-1 0 0,
  -1 0 0,-1 0 0,
  -1 0 0,-1 0 0,
  -1 0 0,-1 0 0,
  -1 0 0] }
}
}
DEF SHAPE_116 Shape {
 appearance USE APP_3
 geometry DEF FACE_116 IndexedFaceSet {
  coord DEF COORD_116 Coordinate { point [
  0.47244094 -0.45275591 0.11811024,0.83661417 -0.45275591 0.11811024,
  0.83661417 0.72834646 0.11811024,0.73818898 1.1220472 0.11811024,
  0.73818898 1.5944882 0.11811024,1.3681102 1.5944882 0.11811024,
  1.3681102 -1.5944882 0.11811024,0.95472441 -1.5944882 0.11811024,
  0.92369908 -2.1850394 0.11811024,-0.92369908 -2.1850394 0.11811024,
  -0.95472441 -1.5944882 0.11811024,-1.3681102 -1.5944882 0.11811024,
  -1.3681102 1.5944882 0.11811024,-0.73818898 1.5944882 0.11811024,
  -0.73818898 1.1220472 0.11811024,-0.83661417 0.72834646 0.11811024,
  -0.83661417 -0.45275591 0.11811024,-0.47244094 -0.45275591 0.11811024,
  -0.47244094 -0.043307087 0.11811024,0.47244094 -0.043307087 0.11811024] }
 coordIndex [
  1,7,6,-1,9,8,7,-1,0,7,1,-1,10,9,7,-1,17,7,0,-1,17,10,7,-1,5,2,1,-1,5,1,6,-1,
  16,11,10,-1,16,10,17,-1,3,2,5,-1,18,0,19,-1,18,17,0,-1,4,3,5,-1,12,14,13,-1,12,15,14,-1,
  12,16,15,-1,12,11,16,-1]
  normalPerVertex TRUE
  normal DEF NORM_116 Normal { vector [
  0 0 1,0 0 1,
  0 0 1,0 0 1,
  0 0 1,0 0 1,
  0 0 1,0 0 1,
  0 0 1,0 0 1,
  0 0 1,0 0 1,
  0 0 1,0 0 1,
  0 0 1,0 0 1,
  0 0 1,0 0 1,
  0 0 1,0 0 1] }
}
}
DEF SHAPE_117 Shape {
 appearance USE APP_3
 geometry DEF FACE_117 IndexedFaceSet {
  coord DEF COORD_117 Coordinate { point [
  0.47244094 -0.45275591 0,0.47244094 -0.45275591 0.11811024,
  0.83661417 -0.45275591 0.11811024,0.83661417 -0.45275591 0] }
 coordIndex [
  1,2,3,-1,1,3,0,-1]
  normalPerVertex TRUE
  normal DEF NORM_117 Normal { vector [
  0 1 0,0 1 0,
  0 1 0,0 1 0] }
}
}
DEF SHAPE_118 Shape {
 appearance USE APP_3
 geometry DEF FACE_118 IndexedFaceSet {
  coord DEF COORD_118 Coordinate { point [
  -0.74645618 0.064111802 0.81881953,0.74645618 0.064111802 0.81881953,
  -0.66929134 1.0433071 1.0433071,0.66929134 1.0433071 1.0433071,
  0.17716535 0.93724249 1.018991,0.22032973 0.93170349 1.0177212,
  0.26055252 0.91546396 1.0139981,0.29509261 0.88963061 1.0080757,
  0.32159616 0.85596393 1.0003573,0.33825699 0.81675824 0.99136914,
  0.34393968 0.77468536 0.98172363,-0.17716535 0.93724249 1.018991,
  -0.34393968 0.77468536 0.98172363,-0.33825699 0.81675824 0.99136914,
  -0.32159616 0.85596393 1.0003573,-0.29509261 0.88963061 1.0080757,
  -0.26055252 0.91546396 1.0139981,-0.22032973 0.93170349 1.0177212,
  -0.34393968 0.6979363 0.96412835,-0.17716535 0.53537918 0.92686096,
  -0.22032973 0.54091818 0.92813082,-0.26055252 0.5571577 0.93185385,
  -0.29509261 0.58299106 0.93777633,-0.32159616 0.61665774 0.94549466,
  -0.33825699 0.65586342 0.95448284,0.17716535 0.53537918 0.92686096,
  0.34393968 0.6979363 0.96412835,0.33825699 0.65586342 0.95448284,
  0.32159616 0.61665774 0.94549466,0.29509261 0.58299106 0.93777633,
  0.26055252 0.5571577 0.93185385,0.22032973 0.54091818 0.92813082] }
 coordIndex [
  23,22,0,-1,21,0,22,-1,20,0,21,-1,24,23,0,-1,19,0,20,-1,2,18,24,-1,2,24,0,-1,12,18,2,-1,
  13,12,2,-1,14,13,2,-1,15,14,2,-1,16,15,2,-1,25,0,19,-1,17,16,2,-1,11,17,2,-1,1,25,31,-1,
  1,0,25,-1,30,1,31,-1,29,1,30,-1,28,1,29,-1,27,1,28,-1,3,5,4,-1,3,6,5,-1,3,7,6,-1,
  3,8,7,-1,3,9,8,-1,3,10,9,-1,3,27,26,-1,3,26,10,-1,3,1,27,-1,2,3,11,-1,11,3,4,-1]
  normalPerVertex TRUE
  normal DEF NORM_118 Normal { vector [
  0 0.22345998 -0.9747131,0 0.22345998 -0.9747131,
  0 0.22345998 -0.9747131,0 0.22345998 -0.9747131,
  0 0.22345998 -0.9747131,0 0.22345998 -0.9747131,
  0 0.22345998 -0.9747131,0 0.22345998 -0.9747131,
  0 0.22345998 -0.9747131,0 0.22345998 -0.9747131,
  0 0.22345998 -0.9747131,0 0.22345998 -0.9747131,
  0 0.22345998 -0.9747131,0 0.22345998 -0.9747131,
  0 0.22345998 -0.9747131,0 0.22345998 -0.9747131,
  0 0.22345998 -0.9747131,0 0.22345998 -0.9747131,
  0 0.22345998 -0.9747131,0 0.22345998 -0.9747131,
  0 0.22345998 -0.9747131,0 0.22345998 -0.9747131,
  0 0.22345998 -0.9747131,0 0.22345998 -0.9747131,
  0 0.22345998 -0.9747131,0 0.22345998 -0.9747131,
  0 0.22345998 -0.9747131,0 0.22345998 -0.9747131,
  0 0.22345998 -0.9747131,0 0.22345998 -0.9747131,
  0 0.22345998 -0.9747131,0 0.22345998 -0.9747131] }
}
}
DEF SHAPE_119 Shape {
 appearance USE APP_3
 geometry DEF FACE_119 IndexedFaceSet {
  coord DEF COORD_119 Coordinate { point [
  -0.67137121 1.0169142 1.1584307,0.67137121 1.0169142 1.1584307,
  0.74853606 0.03771889 0.93394313,-0.74853606 0.03771889 0.93394313,
  -0.17716535 0.47967073 1.0352638,0.17716535 0.47967073 1.0352638,
  0.37401575 0.67154339 1.0792519,0.36730823 0.62188309 1.067867,
  0.3476428 0.57560706 1.0572579,0.3163596 0.53586893 1.0481476,
  0.27559055 0.50537679 1.0411571,0.22811399 0.48620863 1.0367626,
  0.37401575 0.74829245 1.0968472,0.17716535 0.94016511 1.1408354,
  0.22811399 0.93362721 1.1393365,0.27559055 0.91445905 1.1349421,
  0.3163596 0.88396691 1.1279516,0.3476428 0.84422878 1.1188413,
  0.36730823 0.79795275 1.1082322,-0.17716535 0.94016511 1.1408354,
  -0.37401575 0.74829245 1.0968472,-0.36730823 0.79795275 1.1082322,
  -0.3476428 0.84422878 1.1188413,-0.3163596 0.88396691 1.1279516,
  -0.27559055 0.91445905 1.1349421,-0.22811399 0.93362721 1.1393365,
  -0.37401575 0.67154339 1.0792519,-0.22811399 0.48620863 1.0367626,
  -0.27559055 0.50537679 1.0411571,-0.3163596 0.53586893 1.0481476,
  -0.3476428 0.57560706 1.0572579,-0.36730823 0.62188309 1.067867] }
 coordIndex [
  28,29,3,-1,30,3,29,-1,31,3,30,-1,27,28,3,-1,4,27,3,-1,0,31,26,-1,0,3,31,-1,20,0,26,-1,
  21,0,20,-1,22,0,21,-1,23,0,22,-1,24,0,23,-1,25,0,24,-1,2,5,4,-1,2,11,5,-1,2,4,3,-1,
  19,0,25,-1,10,11,2,-1,9,10,2,-1,8,9,2,-1,7,8,2,-1,1,6,7,-1,1,12,6,-1,1,13,14,-1,
  1,14,15,-1,1,15,16,-1,1,16,17,-1,1,17,18,-1,1,18,12,-1,1,7,2,-1,0,19,1,-1,19,13,1,-1]
  normalPerVertex TRUE
  normal DEF NORM_119 Normal { vector [
  0 -0.22345998 0.9747131,0 -0.22345998 0.9747131,
  0 -0.22345998 0.9747131,0 -0.22345998 0.9747131,
  0 -0.22345998 0.9747131,0 -0.22345998 0.9747131,
  0 -0.22345998 0.9747131,0 -0.22345998 0.9747131,
  0 -0.22345998 0.9747131,0 -0.22345998 0.9747131,
  0 -0.22345998 0.9747131,0 -0.22345998 0.9747131,
  0 -0.22345998 0.9747131,0 -0.22345998 0.9747131,
  0 -0.22345998 0.9747131,0 -0.22345998 0.9747131,
  0 -0.22345998 0.9747131,0 -0.22345998 0.9747131,
  0 -0.22345998 0.9747131,0 -0.22345998 0.9747131,
  0 -0.22345998 0.9747131,0 -0.22345998 0.9747131,
  0 -0.22345998 0.9747131,0 -0.22345998 0.9747131,
  0 -0.22345998 0.9747131,0 -0.22345998 0.9747131,
  0 -0.22345998 0.9747131,0 -0.22345998 0.9747131,
  0 -0.22345998 0.9747131,0 -0.22345998 0.9747131,
  0 -0.22345998 0.9747131,0 -0.22345998 0.9747131] }
}
}
DEF SHAPE_120 Shape {
 appearance USE APP_3
 geometry DEF FACE_120 IndexedFaceSet {
  coord DEF COORD_120 Coordinate { point [
  -0.92369908 -2.1850394 0,-0.93123922 -2.2807212 0.01180381,
  -0.93832723 -2.3706656 0.046507445,-0.94453809 -2.4494792 0.10202996,
  -0.94949937 -2.5124362 0.17504203,-0.95291357 -2.5557613 0.26116562,
  -0.95457598 -2.5768567 0.35523646,-0.95438691 -2.5744574 0.45161376,
  -0.95235769 -2.5487073 0.54451839,-0.94861 -2.5011504 0.6283795,
  -0.94574161 -2.4647515 0.67075934,-0.94242938 -2.4227205 0.7075606,
  0.92369908 -2.1850394 0,0.94242938 -2.4227205 0.7075606,
  0.94787616 -2.4918383 0.64042887,0.95187483 -2.5425799 0.55851906,
  0.95418587 -2.5719063 0.46673726,0.95467087 -2.5780607 0.37058086,
  0.95330077 -2.5606747 0.27580925,0.95015765 -2.5207895 0.18809889,
  0.94542976 -2.4607942 0.11270331,0.93940028 -2.3842822 0.054138422,
  0.93243036 -2.2958363 0.01591203,0.92810951 -2.2410062 0.0039983103] }
 coordIndex [
  13,11,10,-1,14,10,9,-1,14,13,10,-1,15,9,8,-1,15,14,9,-1,16,8,7,-1,16,15,8,-1,17,7,6,-1,
  17,16,7,-1,18,6,5,-1,18,17,6,-1,19,5,4,-1,19,18,5,-1,20,4,3,-1,20,19,4,-1,21,3,2,-1,
  21,20,3,-1,22,2,1,-1,22,21,2,-1,23,1,0,-1,23,22,1,-1,12,23,0,-1]
  normalPerVertex TRUE
  normal DEF NORM_120 Normal { vector [
  -0.00098419998 -0.10362087 -0.99461638,-0.00084240003 -0.2362236 -0.97169836,
  -0.00028821517 -0.44697397 -0.89454692,-0.00028545952 -0.6509204 -0.75914594,
  -0.00028308581 -0.81585321 -0.57825899,-0.00028117161 -0.93189504 -0.36272794,
  -0.00027976858 -0.99209772 -0.12546729,-0.00027890193 -0.99285715 0.11930884,
  -0.00027857038 -0.9341284 0.35693704,-9.462958e-05 -0.83958671 0.54322568,
  0.00059573267 -0.70417242 0.71002877,0 -0.65874953 0.75236232,
  0 -0.071259064 -0.99745784,0.00096711246 -0.68298973 0.73042734,
  0.00082326928 -0.7747257 0.63229693,0.00027653611 -0.89607053 0.44391161,
  0.00027655512 -0.97705974 0.21296522,0.00027709174 -0.99952757 -0.030733687,
  0.00027816324 -0.96212983 -0.27259148,0.00027976082 -0.86710528 -0.49812484,
  0.00028184927 -0.72014193 -0.69382672,0.00028436728 -0.53003744 -0.84797419,
  9.6057523e-05 -0.34199145 -0.93970306,-0.00060244231 -0.13312422 -0.99109918] }
}
}
DEF SHAPE_121 Shape {
 appearance USE APP_3
 geometry DEF FACE_121 IndexedFaceSet {
  coord DEF COORD_121 Coordinate { point [
  0.47244094 -0.043307087 0,-0.47244094 -0.043307087 0,
  0.47244094 -0.45275591 0,0.83661417 -0.45275591 0,
  0.83661417 0.72834646 0,0.73818898 1.1220472 0,
  0.73818898 1.5944882 0,1.3681102 1.5944882 0,
  1.3681102 -1.5944882 0,0.95472441 -1.5944882 0,
  0.92369908 -2.1850394 0,-0.92369908 -2.1850394 0,
  -0.95472441 -1.5944882 0,-1.3681102 -1.5944882 0,
  -1.3681102 1.5944882 0,-0.73818898 1.5944882 0,
  -0.73818898 1.1220472 0,-0.83661417 0.72834646 0,
  -0.83661417 -0.45275591 0,-0.47244094 -0.45275591 0] }
 coordIndex [
  3,8,9,-1,11,9,10,-1,2,3,9,-1,12,9,11,-1,19,0,2,-1,19,2,9,-1,19,9,12,-1,7,3,4,-1,
  7,8,3,-1,18,12,13,-1,18,19,12,-1,5,7,4,-1,1,0,19,-1,6,7,5,-1,14,15,16,-1,14,16,17,-1,
  14,17,18,-1,14,18,13,-1]
  normalPerVertex TRUE
  normal DEF NORM_121 Normal { vector [
  0 0 -1,0 0 -1,
  0 0 -1,0 0 -1,
  0 0 -1,0 0 -1,
  0 0 -1,0 0 -1,
  0 0 -1,0 0 -1,
  0 0 -1,0 0 -1,
  0 0 -1,0 0 -1,
  0 0 -1,0 0 -1,
  0 0 -1,0 0 -1,
  0 0 -1,0 0 -1] }
}
}
DEF SHAPE_122 Shape {
 appearance USE APP_3
 geometry DEF FACE_122 IndexedFaceSet {
  coord DEF COORD_122 Coordinate { point [
  -0.66929134 1.0433071 1.0433071,0.66929134 1.0433071 1.0433071,
  -0.67137121 1.0169142 1.1584307,0.67137121 1.0169142 1.1584307] }
 coordIndex [
  3,0,2,-1,1,0,3,-1]
  normalPerVertex TRUE
  normal DEF NORM_122 Normal { vector [
  0 0.9747131 0.22345998,0 0.9747131 0.22345998,
  0 0.9747131 0.22345998,0 0.9747131 0.22345998] }
}
}
DEF SHAPE_123 Shape {
 appearance USE APP_3
 geometry DEF FACE_123 IndexedFaceSet {
  coord DEF COORD_123 Coordinate { point [
  0.93681029 -2.3514162 0.61340266,0.94009995 -2.3931608 0.5743541,
  0.94268404 -2.425952 0.52753377,0.94445138 -2.448379 0.47495589,
  0.94532596 -2.459477 0.41888239,0.94527014 -2.4587687 0.36172556,
  0.94428632 -2.4462844 0.30594433,0.94241683 -2.4225612 0.2539384,
  0.9397421 -2.3886198 0.20794511,0.93637719 -2.3459202 0.1699431,
  0.93246686 -2.2962995 0.14156723,0.92817934 -2.2418924 0.12403824,
  0.92369908 -2.1850394 0.11811024,-0.93681029 -2.3514162 0.61340266,
  -0.92369908 -2.1850394 0.11811024,-0.92817934 -2.2418924 0.12403824,
  -0.93246686 -2.2962995 0.14156723,-0.93637719 -2.3459202 0.1699431,
  -0.9397421 -2.3886198 0.20794511,-0.94241683 -2.4225612 0.2539384,
  -0.94428632 -2.4462844 0.30594433,-0.94527014 -2.4587687 0.36172556,
  -0.94532596 -2.459477 0.41888239,-0.94445138 -2.448379 0.47495589,
  -0.94268404 -2.425952 0.52753377,-0.94009995 -2.3931608 0.5743541] }
 coordIndex [
  1,13,0,-1,1,25,13,-1,2,24,25,-1,2,25,1,-1,3,23,24,-1,3,24,2,-1,4,22,23,-1,4,23,3,-1,
  5,21,22,-1,5,22,4,-1,6,20,21,-1,6,21,5,-1,7,19,20,-1,7,20,6,-1,8,18,19,-1,8,19,7,-1,
  9,17,18,-1,9,18,8,-1,10,16,17,-1,10,17,9,-1,11,15,16,-1,11,16,10,-1,12,14,15,-1,12,15,11,-1]
  normalPerVertex TRUE
  normal DEF NORM_123 Normal { vector [
  0 0.68313031 -0.7302965,0 0.73201353 -0.68129009,
  0 0.85680556 -0.51563963,0 0.94474286 -0.32781234,
  0 0.9920446 -0.1258869,0 0.99667725 0.081452233,
  0 0.95844182 0.28528807,0 0.87898239 0.47685424,
  0 0.7617155 0.64791164,0 0.61168348 0.7911026,
  0 0.43533789 0.90026714,0 0.24026247 0.97070796,
  0 0.10370677 0.99460792,0 0.68313031 -0.7302965,
  0 0.10370677 0.99460792,0 0.17229269 0.9850458,
  0 0.37179188 0.92831611,0 0.55529354 0.83165443,
  0 0.71490569 0.69922089,0 0.84376457 0.53671347,
  0 0.93632944 0.35112275,0 0.98862046 0.15043131,
  0 0.99838959 -0.056729412,0 0.965217 -0.26145009,
  0 0.89052909 -0.4549263,0 0.77753725 -0.62883689] }
}
}
DEF SHAPE_124 Shape {
 appearance USE APP_3
 geometry DEF FACE_124 IndexedFaceSet {
  coord DEF COORD_124 Coordinate { point [
  -0.93681029 -2.3514162 0.61340266,0.93681029 -2.3514162 0.61340266,
  -0.84619329 -1.2015177 1.4842028,0.84619329 -1.2015177 1.4842028] }
 coordIndex [
  3,1,0,-1,3,0,2,-1]
  normalPerVertex TRUE
  normal DEF NORM_124 Normal { vector [
  0 0.60371012 -0.79720392,0 0.60371012 -0.79720392,
  0 0.60371012 -0.79720392,0 0.60371012 -0.79720392] }
}
}
DEF SHAPE_125 Shape {
 appearance USE APP_3
 geometry DEF FACE_125 IndexedFaceSet {
  coord DEF COORD_125 Coordinate { point [
  0.82579877 -0.94271826 1.4656983,0.82870579 -0.97960739 1.4949831,
  0.83207781 -1.0223972 1.5146666,0.83572179 -1.0686379 1.523622,
  0.8394291 -1.1156824 1.5213367,0.84298751 -1.1608374 1.5079413,
  0.84619329 -1.2015177 1.4842028,-0.82579877 -0.94271826 1.4656983,
  -0.84619329 -1.2015177 1.4842028,-0.84298751 -1.1608374 1.5079413,
  -0.8394291 -1.1156824 1.5213367,-0.83572179 -1.0686379 1.523622,
  -0.83207781 -1.0223972 1.5146666,-0.82870579 -0.97960739 1.4949831] }
 coordIndex [
  1,7,0,-1,1,13,7,-1,2,12,13,-1,2,13,1,-1,3,11,12,-1,3,12,2,-1,4,10,11,-1,4,11,3,-1,
  5,9,10,-1,5,10,4,-1,6,8,9,-1,6,9,5,-1]
  normalPerVertex TRUE
  normal DEF NORM_125 Normal { vector [
  0 -0.62175828 -0.78320919,0 -0.5572876 -0.83031954,
  0 -0.34407986 -0.93894039,0 -0.11117778 -0.99380053,
  0 0.12808287 -0.99176347,0 0.36000451 -0.93295056,
  0 0.50400169 -0.86370267,0 -0.62175828 -0.78320919,
  0 0.50400169 -0.86370267,0 0.43366032 -0.90107643,
  0 0.20720818 -0.97829687,0 -0.031111672 -0.99951591,
  0 -0.267657 -0.96351426,0 -0.48888492 -0.87234829] }
}
}
DEF SHAPE_126 Shape {
 appearance USE APP_3
 geometry DEF FACE_126 IndexedFaceSet {
  coord DEF COORD_126 Coordinate { point [
  -0.82579877 -0.94271826 1.4656983,0.82579877 -0.94271826 1.4656983,
  -0.78704451 -0.45094005 0.96847195,0.78704451 -0.45094005 0.96847195] }
 coordIndex [
  3,1,0,-1,3,0,2,-1]
  normalPerVertex TRUE
  normal DEF NORM_126 Normal { vector [
  0 -0.71099124 -0.70320086,0 -0.71099124 -0.70320086,
  0 -0.71099124 -0.70320086,0 -0.71099124 -0.70320086] }
}
}
DEF SHAPE_127 Shape {
 appearance USE APP_3
 geometry DEF FACE_127 IndexedFaceSet {
  coord DEF COORD_127 Coordinate { point [
  -0.78704451 -0.45094005 0.96847195,0.78704451 -0.45094005 0.96847195,
  -0.74645618 0.064111802 0.81881953,-0.7571 -0.070954598 0.80501034,
  -0.76768692 -0.20529898 0.82463721,-0.77757457 -0.33076975 0.87650926,
  -0.78255942 -0.39402584 0.91834706,0.74645618 0.064111802 0.81881953,
  0.77864112 -0.34430388 0.88443415,0.76887378 -0.22035974 0.82901324,
  0.75833515 -0.086628169 0.80557198,0.75235967 -0.0108014 0.80699815] }
 coordIndex [
  1,0,6,-1,8,6,5,-1,8,1,6,-1,9,5,4,-1,9,8,5,-1,10,4,3,-1,10,9,4,-1,11,3,2,-1,
  11,10,3,-1,7,11,2,-1]
  normalPerVertex TRUE
  normal DEF NORM_127 Normal { vector [
  0 -0.6609279 -0.7504494,0.0016946714 -0.6341996 -0.77316751,
  -0.001771115 0.12120217 -0.99262626,-0.0013977266 -0.012956337 -0.99991509,
  -0.00037485848 -0.23487407 -0.97202574,-0.00012104309 -0.43068288 -0.90250332,
  0.0011065095 -0.61314635 -0.78996857,0 0.15587233 -0.98777721,
  0.001354746 -0.5252542 -0.85094429,0.00037173698 -0.32325528 -0.94631173,
  0.00012305396 -0.12043264 -0.99272149,-0.0011515271 0.094106744 -0.99556145] }
}
}
DEF SHAPE_128 Shape {
 appearance USE APP_3
 geometry DEF FACE_128 IndexedFaceSet {
  coord DEF COORD_128 Coordinate { point [
  -0.85181239 -1.2728221 1.5783608,0.85181239 -1.2728221 1.5783608,
  0.94242938 -2.4227205 0.7075606,-0.94242938 -2.4227205 0.7075606] }
 coordIndex [
  1,3,2,-1,1,0,3,-1]
  normalPerVertex TRUE
  normal DEF NORM_128 Normal { vector [
  0 -0.60371012 0.79720392,0 -0.60371012 0.79720392,
  0 -0.60371012 0.79720392,0 -0.60371012 0.79720392] }
}
}
DEF SHAPE_129 Shape {
 appearance USE APP_3
 geometry DEF FACE_129 IndexedFaceSet {
  coord DEF COORD_129 Coordinate { point [
  -0.85181239 -1.2728221 1.5783608,-0.84668312 -1.2077335 1.6163423,
  -0.84098967 -1.1354855 1.6377749,-0.83505798 -1.0602144 1.6414315,
  -0.82922762 -0.98622916 1.6271028,-0.82383239 -0.91776552 1.5956092,
  -0.81918115 -0.85874292 1.5487535,0.85181239 -1.2728221 1.5783608,
  0.81918115 -0.85874292 1.5487535,0.82383239 -0.91776552 1.5956092,
  0.82922762 -0.98622916 1.6271028,0.83505798 -1.0602144 1.6414315,
  0.84098967 -1.1354855 1.6377749,0.84668312 -1.2077335 1.6163423] }
 coordIndex [
  9,6,5,-1,9,8,6,-1,10,5,4,-1,10,9,5,-1,11,4,3,-1,11,10,4,-1,12,3,2,-1,12,11,3,-1,
  13,2,1,-1,13,12,2,-1,7,1,0,-1,7,13,1,-1]
  normalPerVertex TRUE
  normal DEF NORM_129 Normal { vector [
  0 -0.50400169 0.86370267,0 -0.43371447 0.90105037,
  0 -0.20727413 0.9782829,0 0.031040672 0.99951812,
  0 0.26758895 0.96353316,0 0.48882728 0.87238059,
  0 0.62175828 0.78320919,0 -0.50400169 0.86370267,
  0 0.62175828 0.78320919,0 0.55723999 0.83035149,
  0 0.34401805 0.93896304,0 0.11110786 0.99380835,
  0 -0.12815305 0.9917544,0 -0.36006718 0.93292638] }
}
}
DEF SHAPE_130 Shape {
 appearance USE APP_3
 geometry DEF FACE_130 IndexedFaceSet {
  coord DEF COORD_130 Coordinate { point [
  -0.78042689 -0.36696471 1.0515272,0.78042689 -0.36696471 1.0515272,
  0.81918115 -0.85874292 1.5487535,-0.81918115 -0.85874292 1.5487535] }
 coordIndex [
  1,3,2,-1,1,0,3,-1]
  normalPerVertex TRUE
  normal DEF NORM_130 Normal { vector [
  0 0.71099124 0.70320086,0 0.71099124 0.70320086,
  0 0.71099124 0.70320086,0 0.71099124 0.70320086] }
}
}
DEF SHAPE_131 Shape {
 appearance USE APP_3
 geometry DEF FACE_131 IndexedFaceSet {
  coord DEF COORD_131 Coordinate { point [
  -0.74853606 0.03771889 0.93394313,0.74853606 0.03771889 0.93394313,
  0.78042689 -0.36696471 1.0515272,0.77382422 -0.28317914 0.98549747,
  0.76614988 -0.18579447 0.94195247,0.75786953 -0.080719658 0.92353434,
  0.75317451 -0.021141482 0.9246549,-0.78042689 -0.36696471 1.0515272,
  -0.75689906 -0.068404709 0.92309305,-0.76521736 -0.17396101 0.93851416,
  -0.77298622 -0.27254519 0.97927077,-0.77690289 -0.3222464 1.0121433] }
 coordIndex [
  2,11,7,-1,3,10,11,-1,3,11,2,-1,4,9,10,-1,4,10,3,-1,5,8,9,-1,5,9,4,-1,6,0,8,-1,
  6,8,5,-1,1,0,6,-1]
  normalPerVertex TRUE
  normal DEF NORM_131 Normal { vector [
  0.0013892481 -0.12119375 0.9926279,0 -0.15587233 0.98777721,
  -0.0013417728 0.634205 0.77316378,-0.0010713756 0.52522058 0.85096545,
  -0.0002933178 0.32318684 0.94633513,-9.6836667e-05 0.12038487 0.99272729,
  0.00090371522 -0.094136877 0.99555885,0 0.6609279 0.7504494,
  0.0010980791 0.01290551 0.99991612,0.00029525779 0.23479779 0.97204419,
  9.5587019e-05 0.43064395 0.9025219,-0.00087575332 0.61312886 0.78998242] }
}
}
DEF SHAPE_132 Shape {
 appearance USE APP_3
 geometry DEF FACE_132 IndexedFaceSet {
  coord DEF COORD_132 Coordinate { point [
  -0.95472441 -1.5944882 0,-0.95472441 -1.5944882 0.11811024,
  -1.3681102 -1.5944882 0.11811024,-1.3681102 -1.5944882 0] }
 coordIndex [
  1,2,3,-1,1,3,0,-1]
  normalPerVertex TRUE
  normal DEF NORM_132 Normal { vector [
  0 -1 0,0 -1 0,
  0 -1 0,0 -1 0] }
}
}
DEF SHAPE_133 Shape {
 appearance USE APP_3
 geometry DEF FACE_133 IndexedFaceSet {
  coord DEF COORD_133 Coordinate { point [
  1.3681102 1.5944882 0,1.3681102 -1.5944882 0,
  1.3681102 1.5944882 0.11811024,1.3681102 -1.5944882 0.11811024] }
 coordIndex [
  2,1,0,-1,2,3,1,-1]
  normalPerVertex TRUE
  normal DEF NORM_133 Normal { vector [
  1 0 0,1 0 0,
  1 0 0,1 0 0] }
}
}
DEF SHAPE_134 Shape {
 appearance USE APP_3
 geometry DEF FACE_134 IndexedFaceSet {
  coord DEF COORD_134 Coordinate { point [
  0.95472441 -1.5944882 0,0.95472441 -1.5944882 0.11811024,
  1.3681102 -1.5944882 0,1.3681102 -1.5944882 0.11811024] }
 coordIndex [
  3,1,0,-1,3,0,2,-1]
  normalPerVertex TRUE
  normal DEF NORM_134 Normal { vector [
  0 -1 0,0 -1 0,
  0 -1 0,0 -1 0] }
}
}
DEF SHAPE_135 Shape {
 appearance USE APP_3
 geometry DEF FACE_135 IndexedFaceSet {
  coord DEF COORD_135 Coordinate { point [
  -1.3681102 -1.5944882 0,-1.3681102 1.5944882 0,
  -1.3681102 -1.5944882 0.11811024,-1.3681102 1.5944882 0.11811024] }
 coordIndex [
  2,1,0,-1,2,3,1,-1]
  normalPerVertex TRUE
  normal DEF NORM_135 Normal { vector [
  -1 0 0,-1 0 0,
  -1 0 0,-1 0 0] }
}
}
DEF SHAPE_136 Shape {
 appearance USE APP_3
 geometry DEF FACE_136 IndexedFaceSet {
  coord DEF COORD_136 Coordinate { point [
  -1.3681102 1.5944882 0,-0.73818898 1.5944882 0,
  -1.3681102 1.5944882 0.11811024,-0.73818898 1.5944882 0.11811024] }
 coordIndex [
  2,1,0,-1,2,3,1,-1]
  normalPerVertex TRUE
  normal DEF NORM_136 Normal { vector [
  0 1 0,0 1 0,
  0 1 0,0 1 0] }
}
}
DEF SHAPE_137 Shape {
 appearance USE APP_3
 geometry DEF FACE_137 IndexedFaceSet {
  coord DEF COORD_137 Coordinate { point [
  -0.73818898 1.5944882 0,-0.73818898 1.1220472 0,
  -0.73818898 1.5944882 0.11811024,-0.73818898 1.1220472 0.11811024] }
 coordIndex [
  2,1,0,-1,2,3,1,-1]
  normalPerVertex TRUE
  normal DEF NORM_137 Normal { vector [
  1 0 0,1 0 0,
  1 0 0,1 0 0] }
}
}
DEF SHAPE_138 Shape {
 appearance USE APP_3
 geometry DEF FACE_138 IndexedFaceSet {
  coord DEF COORD_138 Coordinate { point [
  -0.73818898 1.1220472 0,-0.83661417 0.72834646 0,
  -0.73818898 1.1220472 0.11811024,-0.83661417 0.72834646 0.11811024] }
 coordIndex [
  2,1,0,-1,2,3,1,-1]
  normalPerVertex TRUE
  normal DEF NORM_138 Normal { vector [
  0.9701425 -0.24253563 0,0.9701425 -0.24253563 0,
  0.9701425 -0.24253563 0,0.9701425 -0.24253563 0] }
}
}
DEF SHAPE_139 Shape {
 appearance USE APP_3
 geometry DEF FACE_139 IndexedFaceSet {
  coord DEF COORD_139 Coordinate { point [
  -0.83661417 0.72834646 0,-0.83661417 -0.45275591 0,
  -0.83661417 0.72834646 0.11811024,-0.83661417 -0.45275591 0.11811024] }
 coordIndex [
  0,2,3,-1,0,3,1,-1]
  normalPerVertex TRUE
  normal DEF NORM_139 Normal { vector [
  1 0 0,1 0 0,
  1 0 0,1 0 0] }
}
}
DEF SHAPE_140 Shape {
 appearance USE APP_3
 geometry DEF FACE_140 IndexedFaceSet {
  coord DEF COORD_140 Coordinate { point [
  -0.47244094 -0.45275591 0.11811024,-0.47244094 -0.45275591 0,
  -0.83661417 -0.45275591 0,-0.83661417 -0.45275591 0.11811024] }
 coordIndex [
  3,0,1,-1,3,1,2,-1]
  normalPerVertex TRUE
  normal DEF NORM_140 Normal { vector [
  0 1 0,0 1 0,
  0 1 0,0 1 0] }
}
}
DEF SHAPE_141 Shape {
 appearance USE APP_3
 geometry DEF FACE_141 IndexedFaceSet {
  coord DEF COORD_141 Coordinate { point [
  0.83661417 -0.45275591 0,0.83661417 0.72834646 0,
  0.83661417 -0.45275591 0.11811024,0.83661417 0.72834646 0.11811024] }
 coordIndex [
  2,1,0,-1,2,3,1,-1]
  normalPerVertex TRUE
  normal DEF NORM_141 Normal { vector [
  -1 0 0,-1 0 0,
  -1 0 0,-1 0 0] }
}
}
DEF SHAPE_142 Shape {
 appearance USE APP_3
 geometry DEF FACE_142 IndexedFaceSet {
  coord DEF COORD_142 Coordinate { point [
  0.83661417 0.72834646 0,0.73818898 1.1220472 0,
  0.83661417 0.72834646 0.11811024,0.73818898 1.1220472 0.11811024] }
 coordIndex [
  2,1,0,-1,2,3,1,-1]
  normalPerVertex TRUE
  normal DEF NORM_142 Normal { vector [
  -0.9701425 -0.24253563 0,-0.9701425 -0.24253563 0,
  -0.9701425 -0.24253563 0,-0.9701425 -0.24253563 0] }
}
}
DEF SHAPE_143 Shape {
 appearance USE APP_3
 geometry DEF FACE_143 IndexedFaceSet {
  coord DEF COORD_143 Coordinate { point [
  0.73818898 1.1220472 0,0.73818898 1.5944882 0,
  0.73818898 1.1220472 0.11811024,0.73818898 1.5944882 0.11811024] }
 coordIndex [
  2,1,0,-1,2,3,1,-1]
  normalPerVertex TRUE
  normal DEF NORM_143 Normal { vector [
  -1 0 0,-1 0 0,
  -1 0 0,-1 0 0] }
}
}
DEF SHAPE_144 Shape {
 appearance USE APP_3
 geometry DEF FACE_144 IndexedFaceSet {
  coord DEF COORD_144 Coordinate { point [
  0.73818898 1.5944882 0,1.3681102 1.5944882 0,
  0.73818898 1.5944882 0.11811024,1.3681102 1.5944882 0.11811024] }
 coordIndex [
  2,1,0,-1,2,3,1,-1]
  normalPerVertex TRUE
  normal DEF NORM_144 Normal { vector [
  0 1 0,0 1 0,
  0 1 0,0 1 0] }
}
}
DEF SHAPE_145 Shape {
 appearance USE APP_3
 geometry DEF FACE_145 IndexedFaceSet {
  coord DEF COORD_145 Coordinate { point [
  -0.92369908 -2.1850394 0.11811024,-0.92817934 -2.2418924 0.12403824,
  -0.93246686 -2.2962995 0.14156723,-0.93637719 -2.3459202 0.1699431,
  -0.9397421 -2.3886198 0.20794511,-0.94241683 -2.4225612 0.2539384,
  -0.94428632 -2.4462844 0.30594433,-0.94527014 -2.4587687 0.36172556,
  -0.94532596 -2.459477 0.41888239,-0.94445138 -2.448379 0.47495589,
  -0.94268404 -2.425952 0.52753377,-0.94009995 -2.3931608 0.5743541,
  -0.93681029 -2.3514162 0.61340266,-0.92369908 -2.1850394 0,
  -0.93123922 -2.2807212 0.01180381,-0.93832723 -2.3706656 0.046507445,
  -0.94453809 -2.4494792 0.10202996,-0.94949937 -2.5124362 0.17504203,
  -0.95291357 -2.5557613 0.26116562,-0.95457598 -2.5768567 0.35523646,
  -0.95438691 -2.5744574 0.45161376,-0.95235769 -2.5487073 0.54451839,
  -0.94861 -2.5011504 0.6283795,-0.94574161 -2.4647515 0.67075934,
  -0.94242938 -2.4227205 0.7075606,-0.85181239 -1.2728221 1.5783608,
  -0.84668312 -1.2077335 1.6163423,-0.84098967 -1.1354855 1.6377749,
  -0.83505798 -1.0602144 1.6414315,-0.82922762 -0.98622916 1.6271028,
  -0.82383239 -0.91776552 1.5956092,-0.81918115 -0.85874292 1.5487535,
  -0.78042689 -0.36696471 1.0515272,-0.74853606 0.03771889 0.93394313,
  -0.75689906 -0.068404709 0.92309305,-0.76521736 -0.17396101 0.93851416,
  -0.77298622 -0.27254519 0.97927077,-0.77690289 -0.3222464 1.0121433,
  -0.67137121 1.0169142 1.1584307,-0.66929134 1.0433071 1.0433071,
  -0.74645618 0.064111802 0.81881953,-0.7571 -0.070954598 0.80501034,
  -0.76768692 -0.20529898 0.82463721,-0.77757457 -0.33076975 0.87650926,
  -0.78255942 -0.39402584 0.91834706,-0.78704451 -0.45094005 0.96847195,
  -0.82579877 -0.94271826 1.4656983,-0.84619329 -1.2015177 1.4842028,
  -0.84298751 -1.1608374 1.5079413,-0.8394291 -1.1156824 1.5213367,
  -0.83572179 -1.0686379 1.523622,-0.83207781 -1.0223972 1.5146666,
  -0.82870579 -0.97960739 1.4949831] }
 coordIndex [
  40,38,39,-1,33,40,41,-1,33,38,40,-1,34,33,41,-1,35,41,42,-1,35,34,41,-1,36,42,43,-1,36,35,42,-1,
  37,43,44,-1,37,36,43,-1,32,37,44,-1,45,32,44,-1,1,0,13,-1,1,13,14,-1,31,32,45,-1,46,31,45,-1,
  2,14,15,-1,2,1,14,-1,30,46,52,-1,30,31,46,-1,3,2,15,-1,16,3,15,-1,4,3,16,-1,29,52,51,-1,
  29,30,52,-1,17,4,16,-1,17,5,4,-1,28,29,51,-1,28,50,49,-1,28,51,50,-1,27,28,49,-1,27,49,48,-1,
  18,6,5,-1,18,5,17,-1,26,27,48,-1,26,48,47,-1,7,6,18,-1,25,26,47,-1,19,7,18,-1,19,8,7,-1,
  12,25,47,-1,20,9,8,-1,20,8,19,-1,21,10,9,-1,21,9,20,-1,22,11,10,-1,22,10,21,-1,24,25,12,-1,
  23,12,11,-1,23,11,22,-1,23,24,12,-1]
  normalPerVertex TRUE
  normal DEF NORM_145 Normal { vector [
  -0.99690933 0.078560789 0,-0.99690933 0.078560789 0,
  -0.99690933 0.078560789 0,-0.99690933 0.078560789 0,
  -0.99690933 0.078560789 0,-0.99690933 0.078560789 0,
  -0.99690933 0.078560789 0,-0.99690933 0.078560789 0,
  -0.99690933 0.078560789 0,-0.99690933 0.078560789 0,
  -0.99690933 0.078560789 0,-0.99690933 0.078560789 0,
  -0.99690933 0.078560789 0,-0.99690933 0.078560789 0,
  -0.99690933 0.078560789 0,-0.99690933 0.078560789 0,
  -0.99690933 0.078560789 0,-0.99690933 0.078560789 0,
  -0.99690933 0.078560789 0,-0.99690933 0.078560789 0,
  -0.99690933 0.078560789 0,-0.99690933 0.078560789 0,
  -0.99690933 0.078560789 0,-0.99690933 0.078560789 0,
  -0.99690933 0.078560789 0,-0.99690933 0.078560789 0,
  -0.99690933 0.078560789 0,-0.99690933 0.078560789 0,
  -0.99690933 0.078560789 0,-0.99690933 0.078560789 0,
  -0.99690933 0.078560789 0,-0.99690933 0.078560789 0,
  -0.99690933 0.078560789 0,-0.99690933 0.078560789 0,
  -0.99690933 0.078560789 0,-0.99690933 0.078560789 0,
  -0.99690933 0.078560789 0,-0.99690933 0.078560789 0,
  -0.99690933 0.078560789 0,-0.99690933 0.078560789 0,
  -0.99690933 0.078560789 0,-0.99690933 0.078560789 0,
  -0.99690933 0.078560789 0,-0.99690933 0.078560789 0,
  -0.99690933 0.078560789 0,-0.99690933 0.078560789 0,
  -0.99690933 0.078560789 0,-0.99690933 0.078560789 0,
  -0.99690933 0.078560789 0,-0.99690933 0.078560789 0,
  -0.99690933 0.078560789 0,-0.99690933 0.078560789 0,
  -0.99690933 0.078560789 0] }
}
}
DEF SHAPE_146 Shape {
 appearance USE APP_3
 geometry DEF FACE_146 IndexedFaceSet {
  coord DEF COORD_146 Coordinate { point [
  0.84619329 -1.2015177 1.4842028,0.93681029 -2.3514162 0.61340266,
  0.82579877 -0.94271826 1.4656983,0.82870579 -0.97960739 1.4949831,
  0.83207781 -1.0223972 1.5146666,0.83572179 -1.0686379 1.523622,
  0.8394291 -1.1156824 1.5213367,0.84298751 -1.1608374 1.5079413,
  0.78704451 -0.45094005 0.96847195,0.77864112 -0.34430388 0.88443415,
  0.76887378 -0.22035974 0.82901324,0.75833515 -0.086628169 0.80557198,
  0.75235967 -0.0108014 0.80699815,0.74645618 0.064111802 0.81881953,
  0.66929134 1.0433071 1.0433071,0.67137121 1.0169142 1.1584307,
  0.74853606 0.03771889 0.93394313,0.78042689 -0.36696471 1.0515272,
  0.77382422 -0.28317914 0.98549747,0.76614988 -0.18579447 0.94195247,
  0.75786953 -0.080719658 0.92353434,0.75317451 -0.021141482 0.9246549,
  0.81918115 -0.85874292 1.5487535,0.82383239 -0.91776552 1.5956092,
  0.82922762 -0.98622916 1.6271028,0.83505798 -1.0602144 1.6414315,
  0.84098967 -1.1354855 1.6377749,0.84668312 -1.2077335 1.6163423,
  0.85181239 -1.2728221 1.5783608,0.94242938 -2.4227205 0.7075606,
  0.94787616 -2.4918383 0.64042887,0.95187483 -2.5425799 0.55851906,
  0.95418587 -2.5719063 0.46673726,0.95467087 -2.5780607 0.37058086,
  0.95330077 -2.5606747 0.27580925,0.95015765 -2.5207895 0.18809889,
  0.94542976 -2.4607942 0.11270331,0.93940028 -2.3842822 0.054138422,
  0.93243036 -2.2958363 0.01591203,0.92810951 -2.2410062 0.0039983103,
  0.92369908 -2.1850394 0,0.92369908 -2.1850394 0.11811024,
  0.94009995 -2.3931608 0.5743541,0.94268404 -2.425952 0.52753377,
  0.94445138 -2.448379 0.47495589,0.94532596 -2.459477 0.41888239,
  0.94527014 -2.4587687 0.36172556,0.94428632 -2.4462844 0.30594433,
  0.94241683 -2.4225612 0.2539384,0.9397421 -2.3886198 0.20794511,
  0.93637719 -2.3459202 0.1699431,0.93246686 -2.2962995 0.14156723,
  0.92817934 -2.2418924 0.12403824] }
 coordIndex [
  49,35,36,-1,50,36,37,-1,50,49,36,-1,48,35,49,-1,51,37,38,-1,51,50,37,-1,47,34,35,-1,47,35,48,-1,
  52,38,39,-1,52,51,38,-1,46,33,34,-1,46,34,47,-1,41,39,40,-1,41,52,39,-1,45,32,33,-1,45,33,46,-1,
  44,31,32,-1,44,32,45,-1,43,31,44,-1,30,31,43,-1,42,30,43,-1,29,42,1,-1,29,30,42,-1,28,1,0,-1,
  28,29,1,-1,27,0,7,-1,27,28,0,-1,26,27,7,-1,26,7,6,-1,25,5,4,-1,25,6,5,-1,25,26,6,-1,
  24,4,3,-1,24,25,4,-1,23,3,2,-1,23,24,3,-1,17,8,9,-1,22,2,8,-1,22,23,2,-1,22,8,17,-1,
  18,9,10,-1,18,17,9,-1,19,10,11,-1,19,18,10,-1,20,19,11,-1,21,11,12,-1,21,20,11,-1,16,12,13,-1,
  16,21,12,-1,15,13,14,-1,15,16,13,-1]
  normalPerVertex TRUE
  normal DEF NORM_146 Normal { vector [
  0.99690933 0.078560789 0,0.99690933 0.078560789 0,
  0.99690933 0.078560789 0,0.99690933 0.078560789 0,
  0.99690933 0.078560789 0,0.99690933 0.078560789 0,
  0.99690933 0.078560789 0,0.99690933 0.078560789 0,
  0.99690933 0.078560789 0,0.99690933 0.078560789 0,
  0.99690933 0.078560789 0,0.99690933 0.078560789 0,
  0.99690933 0.078560789 0,0.99690933 0.078560789 0,
  0.99690933 0.078560789 0,0.99690933 0.078560789 0,
  0.99690933 0.078560789 0,0.99690933 0.078560789 0,
  0.99690933 0.078560789 0,0.99690933 0.078560789 0,
  0.99690933 0.078560789 0,0.99690933 0.078560789 0,
  0.99690933 0.078560789 0,0.99690933 0.078560789 0,
  0.99690933 0.078560789 0,0.99690933 0.078560789 0,
  0.99690933 0.078560789 0,0.99690933 0.078560789 0,
  0.99690933 0.078560789 0,0.99690933 0.078560789 0,
  0.99690933 0.078560789 0,0.99690933 0.078560789 0,
  0.99690933 0.078560789 0,0.99690933 0.078560789 0,
  0.99690933 0.078560789 0,0.99690933 0.078560789 0,
  0.99690933 0.078560789 0,0.99690933 0.078560789 0,
  0.99690933 0.078560789 0,0.99690933 0.078560789 0,
  0.99690933 0.078560789 0,0.99690933 0.078560789 0,
  0.99690933 0.078560789 0,0.99690933 0.078560789 0,
  0.99690933 0.078560789 0,0.99690933 0.078560789 0,
  0.99690933 0.078560789 0,0.99690933 0.078560789 0,
  0.99690933 0.078560789 0,0.99690933 0.078560789 0,
  0.99690933 0.078560789 0,0.99690933 0.078560789 0,
  0.99690933 0.078560789 0] }
}
}
DEF SHAPE_147 Shape {
 appearance USE APP_3
 geometry DEF FACE_147 IndexedFaceSet {
  coord DEF COORD_147 Coordinate { point [
  0.95472441 -1.5944882 0,0.95472441 -1.5944882 0.11811024,
  0.92369908 -2.1850394 0.11811024,0.92369908 -2.1850394 0] }
 coordIndex [
  0,2,3,-1,1,2,0,-1]
  normalPerVertex TRUE
  normal DEF NORM_147 Normal { vector [
  0.99862282 -0.05246388 0,0.99862282 -0.05246388 0,
  0.99862282 -0.05246388 0,0.99862282 -0.05246388 0] }
}
}
DEF SHAPE_148 Shape {
 appearance USE APP_3
 geometry DEF FACE_148 IndexedFaceSet {
  coord DEF COORD_148 Coordinate { point [
  -0.92369908 -2.1850394 0,-0.92369908 -2.1850394 0.11811024,
  -0.95472441 -1.5944882 0.11811024,-0.95472441 -1.5944882 0] }
 coordIndex [
  0,2,3,-1,1,2,0,-1]
  normalPerVertex TRUE
  normal DEF NORM_148 Normal { vector [
  -0.99862282 -0.05246388 0,-0.99862282 -0.05246388 0,
  -0.99862282 -0.05246388 0,-0.99862282 -0.05246388 0] }
}
}
DEF SHAPE_149 Shape {
 appearance USE APP_3
 geometry DEF FACE_149 IndexedFaceSet {
  coord DEF COORD_149 Coordinate { point [
  -0.17716535 0.6123896 0.98490761,0.17716535 0.6123896 0.98490761,
  0.19754481 0.61500476 0.98550715,0.21653543 0.62267203 0.98726493,
  0.23284305 0.63486888 0.99006115,0.24535633 0.65076413 0.99370525,
  0.25322251 0.66927455 0.99794889,0.25590551 0.68913866 1.0025029,
  0.25590551 0.76588773 1.0200982,0.25322251 0.78575185 1.0246522,
  0.24535633 0.80426226 1.0288958,0.23284305 0.82015751 1.0325399,
  0.21653543 0.83235437 1.0353361,0.19754481 0.84002163 1.0370939,
  0.17716535 0.84263679 1.0376934,-0.17716535 0.84263679 1.0376934,
  -0.19754481 0.84002163 1.0370939,-0.21653543 0.83235437 1.0353361,
  -0.23284305 0.82015751 1.0325399,-0.24535633 0.80426226 1.0288958,
  -0.25322251 0.78575185 1.0246522,-0.25590551 0.76588773 1.0200982,
  -0.25590551 0.68913866 1.0025029,-0.25322251 0.66927455 0.99794889,
  -0.24535633 0.65076413 0.99370525,-0.23284305 0.63486888 0.99006115,
  -0.21653543 0.62267203 0.98726493,-0.19754481 0.61500476 0.98550715] }
 coordIndex [
  21,20,19,-1,15,17,16,-1,15,18,17,-1,15,19,18,-1,15,21,19,-1,25,24,23,-1,0,22,21,-1,0,23,22,-1,
  0,26,25,-1,0,27,26,-1,0,21,15,-1,0,25,23,-1,10,12,11,-1,10,13,12,-1,8,10,9,-1,8,14,13,-1,
  8,13,10,-1,1,8,7,-1,1,15,14,-1,1,0,15,-1,1,14,8,-1,4,2,1,-1,4,3,2,-1,4,6,5,-1,
  4,7,6,-1,4,1,7,-1]
  normalPerVertex TRUE
  normal DEF NORM_149 Normal { vector [
  0 0.22345998 -0.9747131,0 0.22345998 -0.9747131,
  0 0.22345998 -0.9747131,0 0.22345998 -0.9747131,
  0 0.22345998 -0.9747131,0 0.22345998 -0.9747131,
  0 0.22345998 -0.9747131,0 0.22345998 -0.9747131,
  0 0.22345998 -0.9747131,0 0.22345998 -0.9747131,
  0 0.22345998 -0.9747131,0 0.22345998 -0.9747131,
  0 0.22345998 -0.9747131,0 0.22345998 -0.9747131,
  0 0.22345998 -0.9747131,0 0.22345998 -0.9747131,
  0 0.22345998 -0.9747131,0 0.22345998 -0.9747131,
  0 0.22345998 -0.9747131,0 0.22345998 -0.9747131,
  0 0.22345998 -0.9747131,0 0.22345998 -0.9747131,
  0 0.22345998 -0.9747131,0 0.22345998 -0.9747131,
  0 0.22345998 -0.9747131,0 0.22345998 -0.9747131,
  0 0.22345998 -0.9747131,0 0.22345998 -0.9747131] }
}
}
DEF SHAPE_150 Shape {
 appearance USE APP_3
 geometry DEF FACE_150 IndexedFaceSet {
  coord DEF COORD_150 Coordinate { point [
  0.28598158 0.73949482 1.1352218,0.28227375 0.76694635 1.1415152,
  0.27140297 0.79252711 1.1473798,0.25411004 0.81449381 1.1524158,
  0.23157347 0.83134945 1.1562801,0.20532906 0.84194535 1.1587093,
  0.17716535 0.84555941 1.1595378,-0.17716535 0.84555941 1.1595378,
  -0.20532906 0.84194535 1.1587093,-0.23157347 0.83134945 1.1562801,
  -0.25411004 0.81449381 1.1524158,-0.27140297 0.79252711 1.1473798,
  -0.28227375 0.76694635 1.1415152,-0.28598158 0.73949482 1.1352218,
  -0.28598158 0.66274575 1.1176265,-0.28227375 0.63529422 1.111333,
  -0.27140297 0.60971345 1.1054684,-0.25411004 0.58774676 1.1004324,
  -0.23157347 0.57089112 1.0965681,-0.20532906 0.56029522 1.094139,
  -0.17716535 0.55668116 1.0933104,0.17716535 0.55668116 1.0933104,
  0.20532906 0.56029522 1.094139,0.23157347 0.57089112 1.0965681,
  0.25411004 0.58774676 1.1004324,0.27140297 0.60971345 1.1054684,
  0.28227375 0.63529422 1.111333,0.28598158 0.66274575 1.1176265] }
 coordIndex [
  7,8,9,-1,7,9,10,-1,7,10,11,-1,7,11,12,-1,7,12,13,-1,14,7,13,-1,18,16,17,-1,19,14,15,-1,
  19,15,16,-1,19,16,18,-1,20,7,14,-1,20,14,19,-1,3,4,5,-1,0,1,2,-1,0,2,3,-1,0,5,6,-1,
  0,3,5,-1,21,6,7,-1,21,7,20,-1,21,0,6,-1,27,0,21,-1,23,21,22,-1,25,26,27,-1,24,25,27,-1,
  24,27,21,-1,24,21,23,-1]
  normalPerVertex TRUE
  normal DEF NORM_150 Normal { vector [
  0 -0.22345998 0.9747131,0 -0.22345998 0.9747131,
  0 -0.22345998 0.9747131,0 -0.22345998 0.9747131,
  0 -0.22345998 0.9747131,0 -0.22345998 0.9747131,
  0 -0.22345998 0.9747131,0 -0.22345998 0.9747131,
  0 -0.22345998 0.9747131,0 -0.22345998 0.9747131,
  0 -0.22345998 0.9747131,0 -0.22345998 0.9747131,
  0 -0.22345998 0.9747131,0 -0.22345998 0.9747131,
  0 -0.22345998 0.9747131,0 -0.22345998 0.9747131,
  0 -0.22345998 0.9747131,0 -0.22345998 0.9747131,
  0 -0.22345998 0.9747131,0 -0.22345998 0.9747131,
  0 -0.22345998 0.9747131,0 -0.22345998 0.9747131,
  0 -0.22345998 0.9747131,0 -0.22345998 0.9747131,
  0 -0.22345998 0.9747131,0 -0.22345998 0.9747131,
  0 -0.22345998 0.9747131,0 -0.22345998 0.9747131] }
}
}
DEF SHAPE_151 Shape {
 appearance USE APP_3
 geometry DEF FACE_151 IndexedFaceSet {
  coord DEF COORD_151 Coordinate { point [
  -0.17716535 0.47967073 1.0352638,-0.17716535 0.49386134 1.0555891,
  -0.17716535 0.51198174 1.0725049,-0.17716535 0.53323372 1.0852661,
  -0.17716535 0.55668116 1.0933104,0.17716535 0.47967073 1.0352638,
  0.17716535 0.55668116 1.0933104,0.17716535 0.53323372 1.0852661,
  0.17716535 0.51198174 1.0725049,0.17716535 0.49386134 1.0555891] }
 coordIndex [
  1,0,5,-1,1,5,9,-1,2,9,8,-1,2,1,9,-1,3,8,7,-1,3,2,8,-1,4,7,6,-1,4,3,7,-1]
  normalPerVertex TRUE
  normal DEF NORM_151 Normal { vector [
  0 -0.81993523 0.5724563,0 -0.77790441 0.62838263,
  0 -0.62961444 0.77690775,0 -0.45359019 0.89121038,
  0 -0.32451257 0.94588138,0 -0.81993523 0.5724563,
  0 -0.32451257 0.94588138,0 -0.3898514 0.92087778,
  0 -0.57347171 0.81922537,0 -0.73183079 0.68148638] }
}
}
DEF SHAPE_152 Shape {
 appearance USE APP_3
 geometry DEF FACE_152 IndexedFaceSet {
  coord DEF COORD_152 Coordinate { point [
  0.17716535 0.55668116 1.0933104,0.17716535 0.53323372 1.0852661,
  0.17716535 0.51198174 1.0725049,0.17716535 0.49386134 1.0555891,
  0.17716535 0.47967073 1.0352638,0.37401575 0.67154339 1.0792519,
  0.36730823 0.62188309 1.067867,0.3476428 0.57560706 1.0572579,
  0.3163596 0.53586893 1.0481476,0.27559055 0.50537679 1.0411571,
  0.22811399 0.48620863 1.0367626,0.28598158 0.66274575 1.1176265,
  0.31063368 0.66332705 1.1150909,0.33419988 0.66504534 1.1075959,
  0.35564207 0.66782494 1.0954715,0.20532906 0.56029522 1.094139,
  0.23157347 0.57089112 1.0965681,0.25411004 0.58774676 1.1004324,
  0.27140297 0.60971345 1.1054684,0.28227375 0.63529422 1.111333,
  0.30410128 0.623126 1.1058745,0.32651406 0.61774609 1.0967522,
  0.2851435 0.58686011 1.0975603,0.3469068 0.61406723 1.0831472,
  0.30420895 0.57507681 1.0869699,0.25561607 0.55807934 1.0909621,
  0.32155605 0.5655717 1.0720292,0.26946793 0.54121428 1.0792067,
  0.21840934 0.53960094 1.0867258,0.28207134 0.52708543 1.063206,
  0.22569169 0.5194732 1.0742224,0.23231769 0.50237572 1.0575411] }
 coordIndex [
  19,12,11,-1,6,5,14,-1,1,15,0,-1,4,10,3,-1,20,19,18,-1,20,12,19,-1,21,13,12,-1,21,12,20,-1,
  22,18,17,-1,22,20,18,-1,23,7,6,-1,23,14,13,-1,23,13,21,-1,23,6,14,-1,24,21,20,-1,24,20,22,-1,
  25,17,16,-1,25,22,17,-1,26,8,7,-1,26,7,23,-1,26,21,24,-1,26,23,21,-1,27,24,22,-1,27,22,25,-1,
  28,16,15,-1,28,15,1,-1,28,25,16,-1,29,9,8,-1,29,26,24,-1,29,8,26,-1,29,24,27,-1,30,1,2,-1,
  30,27,25,-1,30,28,1,-1,30,25,28,-1,31,2,3,-1,31,10,9,-1,31,30,2,-1,31,9,29,-1,31,27,30,-1,
  31,3,10,-1,31,29,27,-1]
  normalPerVertex TRUE
  normal DEF NORM_152 Normal { vector [
  0.013814297 -0.3244816 0.94579113,0.034894916 -0.43550801 0.89950826,
  0.069965486 -0.63043883 0.77307937,0.090203818 -0.76634077 0.63607003,
  0.088032649 -0.81675191 0.57023379,0.66867435 -0.25079283 0.69998398,
  0.65242469 -0.3114126 0.69091549,0.58936047 -0.4828058 0.64772896,
  0.47718916 -0.63002646 0.61266399,0.32585564 -0.73964741 0.58884617,
  0.14914598 -0.80196495 0.57845284,0.10493 -0.23566993 0.96615184,
  0.22349126 -0.25168068 0.941652,0.44174469 -0.26806077 0.85615714,
  0.6048262 -0.2647316 0.75106754,0.02280092 -0.32290245 0.94615756,
  0.05063221 -0.31227403 0.94864182,0.074396839 -0.29473529 0.95267845,
  0.092394107 -0.27156816 0.95797394,0.1033089 -0.24443027 0.96414787,
  0.20547034 -0.29433753 0.93335275,0.39011435 -0.33543139 0.85749436,
  0.17203447 -0.35228764 0.91994432,0.55475384 -0.35373503 0.7530735,
  0.32920038 -0.44647876 0.83203595,0.12156189 -0.39715667 0.90966438,
  0.47478545 -0.5072417 0.71922502,0.23606199 -0.53374362 0.81202986,
  0.06178807 -0.40058558 0.91417363,0.35291041 -0.63109775 0.69077483,
  0.11722022 -0.55840273 0.8212465,0.18366798 -0.71129491 0.67847301] }
}
}
DEF SHAPE_153 Shape {
 appearance USE APP_3
 geometry DEF FACE_153 IndexedFaceSet {
  coord DEF COORD_153 Coordinate { point [
  -0.17716535 0.47967073 1.0352638,-0.17716535 0.49386134 1.0555891,
  -0.17716535 0.51198174 1.0725049,-0.17716535 0.53323372 1.0852661,
  -0.17716535 0.55668116 1.0933104,-0.28598158 0.66274575 1.1176265,
  -0.28227375 0.63529422 1.111333,-0.27140297 0.60971345 1.1054684,
  -0.25411004 0.58774676 1.1004324,-0.23157347 0.57089112 1.0965681,
  -0.20532906 0.56029522 1.094139,-0.37401575 0.67154339 1.0792519,
  -0.35564207 0.66782494 1.0954715,-0.33419988 0.66504534 1.1075959,
  -0.31063368 0.66332705 1.1150909,-0.22811399 0.48620863 1.0367626,
  -0.27559055 0.50537679 1.0411571,-0.3163596 0.53586893 1.0481476,
  -0.3476428 0.57560706 1.0572579,-0.36730823 0.62188309 1.067867,
  -0.21840934 0.53960094 1.0867258,-0.22569169 0.5194732 1.0742224,
  -0.25561607 0.55807934 1.0909621,-0.23231769 0.50237572 1.0575411,
  -0.26946793 0.54121428 1.0792067,-0.2851435 0.58686011 1.0975603,
  -0.28207134 0.52708543 1.063206,-0.30420895 0.57507681 1.0869699,
  -0.30410128 0.623126 1.1058745,-0.32155605 0.5655717 1.0720292,
  -0.32651406 0.61774609 1.0967522,-0.3469068 0.61406723 1.0831472] }
 coordIndex [
  10,3,4,-1,15,0,1,-1,14,6,5,-1,11,19,12,-1,20,10,9,-1,20,3,10,-1,21,2,3,-1,21,3,20,-1,
  22,9,8,-1,22,20,9,-1,23,1,2,-1,23,16,15,-1,23,2,21,-1,23,15,1,-1,24,20,22,-1,24,21,20,-1,
  25,8,7,-1,25,22,8,-1,26,17,16,-1,26,23,21,-1,26,21,24,-1,26,16,23,-1,27,22,25,-1,27,24,22,-1,
  28,7,6,-1,28,6,14,-1,28,25,7,-1,29,18,17,-1,29,17,26,-1,29,26,24,-1,29,24,27,-1,30,14,13,-1,
  30,27,25,-1,30,28,14,-1,30,25,28,-1,31,13,12,-1,31,19,18,-1,31,18,29,-1,31,27,30,-1,31,12,19,-1,
  31,29,27,-1,31,30,13,-1]
  normalPerVertex TRUE
  normal DEF NORM_153 Normal { vector [
  -0.088032649 -0.81675191 0.57023379,-0.090203818 -0.76634077 0.63607003,
  -0.069965486 -0.63043883 0.77307937,-0.034894916 -0.43550801 0.89950826,
  -0.013814297 -0.3244816 0.94579113,-0.10493 -0.23566993 0.96615184,
  -0.1033089 -0.24443027 0.96414787,-0.092394107 -0.27156816 0.95797394,
  -0.074396839 -0.29473529 0.95267845,-0.05063221 -0.31227403 0.94864182,
  -0.02280092 -0.32290245 0.94615756,-0.66867435 -0.25079283 0.69998398,
  -0.6048262 -0.2647316 0.75106754,-0.44174469 -0.26806077 0.85615714,
  -0.22349126 -0.25168068 0.941652,-0.14914598 -0.80196495 0.57845284,
  -0.32585564 -0.73964741 0.58884617,-0.47718916 -0.63002646 0.61266399,
  -0.58936047 -0.4828058 0.64772896,-0.65242469 -0.3114126 0.69091549,
  -0.078327656 -0.41826517 0.90494145,-0.1353337 -0.58376943 0.80056108,
  -0.13780864 -0.38564801 0.91229622,-0.17650838 -0.72241584 0.66855078,
  -0.24926196 -0.52439579 0.81417291,-0.18384023 -0.33645316 0.9235811,
  -0.33369713 -0.64476234 0.68769742,-0.33879072 -0.43361258 0.83498562,
  -0.1861748 -0.27934421 0.94196908,-0.46077871 -0.5259571 0.71487908,
  -0.36076673 -0.32101475 0.8756694,-0.54169691 -0.36231942 0.75847814] }
}
}
DEF SHAPE_154 Shape {
 appearance USE APP_3
 geometry DEF FACE_154 IndexedFaceSet {
  coord DEF COORD_154 Coordinate { point [
  0.28598158 0.66274575 1.1176265,0.31063368 0.66332705 1.1150909,
  0.33419988 0.66504534 1.1075959,0.35564207 0.66782494 1.0954715,
  0.37401575 0.67154339 1.0792519,0.37401575 0.74829245 1.0968472,
  0.28598158 0.73949482 1.1352218,0.31063368 0.74007612 1.1326862,
  0.33419988 0.74179441 1.1251911,0.35564207 0.744574 1.1130668] }
 coordIndex [
  4,5,9,-1,3,9,8,-1,3,4,9,-1,2,8,7,-1,2,3,8,-1,1,7,6,-1,1,2,7,-1,0,1,6,-1]
  normalPerVertex TRUE
  normal DEF NORM_154 Normal { vector [
  0.10494002 -0.22222616 0.96933128,0.17421394 -0.22004279 0.95980762,
  0.3759063 -0.20707091 0.90322538,0.56104013 -0.18497763 0.8068564,
  0.67128054 -0.16562929 0.72246064,0.67128054 -0.16562929 0.72246064,
  0.10494002 -0.22222616 0.96933128,0.24297044 -0.21676371 0.94550455,
  0.44008565 -0.20065719 0.87524929,0.61781525 -0.17571179 0.76643961] }
}
}
DEF SHAPE_155 Shape {
 appearance USE APP_3
 geometry DEF FACE_155 IndexedFaceSet {
  coord DEF COORD_155 Coordinate { point [
  -0.37401575 0.67154339 1.0792519,-0.35564207 0.66782494 1.0954715,
  -0.33419988 0.66504534 1.1075959,-0.31063368 0.66332705 1.1150909,
  -0.28598158 0.66274575 1.1176265,-0.28598158 0.73949482 1.1352218,
  -0.37401575 0.74829245 1.0968472,-0.35564207 0.744574 1.1130668,
  -0.33419988 0.74179441 1.1251911,-0.31063368 0.74007612 1.1326862] }
 coordIndex [
  7,0,1,-1,7,6,0,-1,8,1,2,-1,8,7,1,-1,9,2,3,-1,9,8,2,-1,5,3,4,-1,5,9,3,-1]
  normalPerVertex TRUE
  normal DEF NORM_155 Normal { vector [
  -0.67128054 -0.16562929 0.72246064,-0.56104013 -0.18497763 0.8068564,
  -0.3759063 -0.20707091 0.90322538,-0.17421394 -0.22004279 0.95980762,
  -0.10494002 -0.22222616 0.96933128,-0.10494002 -0.22222616 0.96933128,
  -0.67128054 -0.16562929 0.72246064,-0.61781525 -0.17571179 0.76643961,
  -0.44008565 -0.20065719 0.87524929,-0.24297044 -0.21676371 0.94550455] }
}
}
DEF SHAPE_156 Shape {
 appearance USE APP_3
 geometry DEF FACE_156 IndexedFaceSet {
  coord DEF COORD_156 Coordinate { point [
  0.28598158 0.73949482 1.1352218,0.31063368 0.74007612 1.1326862,
  0.33419988 0.74179441 1.1251911,0.35564207 0.744574 1.1130668,
  0.37401575 0.74829245 1.0968472,0.17716535 0.94016511 1.1408354,
  0.22811399 0.93362721 1.1393365,0.27559055 0.91445905 1.1349421,
  0.3163596 0.88396691 1.1279516,0.3476428 0.84422878 1.1188413,
  0.36730823 0.79795275 1.1082322,0.17716535 0.84555941 1.1595378,
  0.17716535 0.87016945 1.162511,0.17716535 0.89485801 1.1602821,
  0.17716535 0.91853759 1.1529492,0.28227375 0.76694635 1.1415152,
  0.27140297 0.79252711 1.1473798,0.25411004 0.81449381 1.1524158,
  0.23157347 0.83134945 1.1562801,0.20532906 0.84194535 1.1587093,
  0.21840934 0.86380223 1.1610513,0.22569169 0.88736655 1.1585646,
  0.25561607 0.84532383 1.156815,0.23231769 0.91002321 1.1509972,
  0.26946793 0.86562547 1.1535803,0.2851435 0.81654306 1.1502168,
  0.28207134 0.8853135 1.1453323,0.30420895 0.83176294 1.1458171,
  0.30410128 0.78027717 1.1419026,0.32155605 0.84682724 1.1365091,
  0.32651406 0.78909366 1.1360348,0.3469068 0.79833171 1.1253911] }
 coordIndex [
  19,12,11,-1,6,5,14,-1,1,15,0,-1,4,10,3,-1,20,19,18,-1,20,12,19,-1,21,13,12,-1,21,12,20,-1,
  22,18,17,-1,22,20,18,-1,23,7,6,-1,23,14,13,-1,23,13,21,-1,23,6,14,-1,24,21,20,-1,24,20,22,-1,
  25,17,16,-1,25,22,17,-1,26,8,7,-1,26,7,23,-1,26,21,24,-1,26,23,21,-1,27,24,22,-1,27,22,25,-1,
  28,16,15,-1,28,15,1,-1,28,25,16,-1,29,9,8,-1,29,26,24,-1,29,8,26,-1,29,24,27,-1,30,1,2,-1,
  30,27,25,-1,30,28,1,-1,30,25,28,-1,31,2,3,-1,31,10,9,-1,31,9,29,-1,31,30,2,-1,31,27,30,-1,
  31,3,10,-1,31,29,27,-1]
  normalPerVertex TRUE
  normal DEF NORM_156 Normal { vector [
  0.10493 -0.20873998 0.97232573,0.22349126 -0.18365561 0.95724724,
  0.44174469 -0.13166822 0.88742611,0.6048262 -0.088885911 0.79138143,
  0.66867435 -0.079179676 0.73932753,0.088032649 0.4867794 0.86907771,
  0.14914598 0.46988883 0.87003446,0.32585564 0.40926733 0.85224313,
  0.47718916 0.3002186 0.82592935,0.58936047 0.15242572 0.79336035,
  0.65242469 -0.020663519 0.75757181,0.013814297 -0.11992831 0.99268644,
  0.034894916 0.00017171715 0.99939097,0.069965486 0.23070984 0.97050389,
  0.090203818 0.41272327 0.90637894,0.1033089 -0.19998156 0.97433806,
  0.092394107 -0.17286441 0.98060248,0.074396839 -0.14970414 0.98592788,
  0.05063221 -0.13215854 0.98993459,0.02280092 -0.12150937 0.99232837,
  0.078327656 -0.017715899 0.99677025,0.1353337 0.17672971 0.97491097,
  0.13780864 -0.050279501 0.98918186,0.17650838 0.35903584 0.91648135,
  0.24926196 0.11735607 0.96129914,0.18384023 -0.09947723 0.97790953,
  0.33369713 0.28079686 0.89988852,0.33879072 0.026572852 0.94048643,
  0.1861748 -0.15889293 0.96958341,0.46077871 0.1620157 0.87260179,
  0.36076673 -0.092502588 0.92805745,0.54169691 -0.0042722544 0.84056303] }
}
}
DEF SHAPE_157 Shape {
 appearance USE APP_3
 geometry DEF FACE_157 IndexedFaceSet {
  coord DEF COORD_157 Coordinate { point [
  -0.37401575 0.74829245 1.0968472,-0.35564207 0.744574 1.1130668,
  -0.33419988 0.74179441 1.1251911,-0.31063368 0.74007612 1.1326862,
  -0.28598158 0.73949482 1.1352218,-0.17716535 0.84555941 1.1595378,
  -0.20532906 0.84194535 1.1587093,-0.23157347 0.83134945 1.1562801,
  -0.25411004 0.81449381 1.1524158,-0.27140297 0.79252711 1.1473798,
  -0.28227375 0.76694635 1.1415152,-0.17716535 0.94016511 1.1408354,
  -0.17716535 0.91853759 1.1529492,-0.17716535 0.89485801 1.1602821,
  -0.17716535 0.87016945 1.162511,-0.36730823 0.79795275 1.1082322,
  -0.3476428 0.84422878 1.1188413,-0.3163596 0.88396691 1.1279516,
  -0.27559055 0.91445905 1.1349421,-0.22811399 0.93362721 1.1393365,
  -0.30410128 0.78027717 1.1419026,-0.32651406 0.78909366 1.1360348,
  -0.2851435 0.81654306 1.1502168,-0.3469068 0.79833171 1.1253911,
  -0.30420895 0.83176294 1.1458171,-0.25561607 0.84532383 1.156815,
  -0.32155605 0.84682724 1.1365091,-0.26946793 0.86562547 1.1535803,
  -0.21840934 0.86380223 1.1610513,-0.28207134 0.8853135 1.1453323,
  -0.22569169 0.88736655 1.1585646,-0.23231769 0.91002321 1.1509972] }
 coordIndex [
  10,3,4,-1,15,0,1,-1,14,6,5,-1,11,19,12,-1,20,10,9,-1,20,3,10,-1,21,2,3,-1,21,3,20,-1,
  22,9,8,-1,22,20,9,-1,23,1,2,-1,23,16,15,-1,23,2,21,-1,23,15,1,-1,24,20,22,-1,24,21,20,-1,
  25,8,7,-1,25,22,8,-1,26,17,16,-1,26,23,21,-1,26,21,24,-1,26,16,23,-1,27,22,25,-1,27,24,22,-1,
  28,7,6,-1,28,6,14,-1,28,25,7,-1,29,18,17,-1,29,17,26,-1,29,26,24,-1,29,24,27,-1,30,14,13,-1,
  30,28,14,-1,30,27,25,-1,30,25,28,-1,31,13,12,-1,31,19,18,-1,31,18,29,-1,31,12,19,-1,31,30,13,-1,
  31,29,27,-1,31,27,30,-1]
  normalPerVertex TRUE
  normal DEF NORM_157 Normal { vector [
  -0.66867435 -0.079179676 0.73932753,-0.6048262 -0.088885911 0.79138143,
  -0.44174469 -0.13166822 0.88742611,-0.22349126 -0.18365561 0.95724724,
  -0.10493 -0.20873998 0.97232573,-0.013814297 -0.11992831 0.99268644,
  -0.02280092 -0.12150937 0.99232837,-0.05063221 -0.13215854 0.98993459,
  -0.074396839 -0.14970414 0.98592788,-0.092394107 -0.17286441 0.98060248,
  -0.1033089 -0.19998156 0.97433806,-0.088032649 0.4867794 0.86907771,
  -0.090203818 0.41272327 0.90637894,-0.069965486 0.23070984 0.97050389,
  -0.034894916 0.00017171715 0.99939097,-0.65242469 -0.020663519 0.75757181,
  -0.58936047 0.15242572 0.79336035,-0.47718916 0.3002186 0.82592935,
  -0.32585564 0.40926733 0.85224313,-0.14914598 0.46988883 0.87003446,
  -0.20547034 -0.14164354 0.96835894,-0.39011435 -0.071608335 0.91797769,
  -0.17203447 -0.083639868 0.98153376,-0.55475384 -0.0096449692 0.83195862,
  -0.32920038 0.039439035 0.9434361,-0.12156189 -0.038773717 0.99182625,
  -0.47478545 0.14327622 0.86836093,-0.23606199 0.1267039 0.96344219,
  -0.06178807 -0.037651559 0.99737886,-0.35291041 0.26715635 0.89670604,
  -0.11722022 0.14488539 0.98248035,-0.18366798 0.34470323 0.92056817] }
}
}
DEF SHAPE_158 Shape {
 appearance USE APP_3
 geometry DEF FACE_158 IndexedFaceSet {
  coord DEF COORD_158 Coordinate { point [
  0.17716535 0.84555941 1.1595378,0.17716535 0.87016945 1.162511,
  0.17716535 0.89485801 1.1602821,0.17716535 0.91853759 1.1529492,
  0.17716535 0.94016511 1.1408354,-0.17716535 0.94016511 1.1408354,
  -0.17716535 0.91853759 1.1529492,-0.17716535 0.89485801 1.1602821,
  -0.17716535 0.87016945 1.162511,-0.17716535 0.84555941 1.1595378] }
 coordIndex [
  3,4,5,-1,3,5,6,-1,2,6,7,-1,2,3,6,-1,1,7,8,-1,1,2,7,-1,0,8,9,-1,0,1,8,-1]
  normalPerVertex TRUE
  normal DEF NORM_158 Normal { vector [
  0 -0.11993975 0.99278117,0 0.020062764 0.99979872,
  0 0.22830007 0.97359082,0 0.42648083 0.9044966,
  0 0.48867664 0.87246498,0 0.48867664 0.87246498,
  0 0.36187554 0.93222642,0 0.15932989 0.9872254,
  0 -0.050234183 0.99873747,0 -0.11993975 0.99278117] }
}
}
DEF SHAPE_159 Shape {
 appearance USE APP_3
 geometry DEF FACE_159 IndexedFaceSet {
  coord DEF COORD_159 Coordinate { point [
  -0.17716535 0.6123896 0.98490761,-0.17716535 0.59819899 0.96458225,
  -0.17716535 0.5800786 0.94766644,-0.17716535 0.55882661 0.9349053,
  -0.17716535 0.53537918 0.92686096,0.17716535 0.6123896 0.98490761,
  0.17716535 0.53537918 0.92686096,0.17716535 0.55882661 0.9349053,
  0.17716535 0.5800786 0.94766644,0.17716535 0.59819899 0.96458225] }
 coordIndex [
  7,4,3,-1,7,6,4,-1,8,3,2,-1,8,7,3,-1,9,2,1,-1,9,8,2,-1,5,1,0,-1,5,9,1,-1]
  normalPerVertex TRUE
  normal DEF NORM_159 Normal { vector [
  0 0.81993523 -0.5724563,0 0.77790441 -0.62838263,
  0 0.62961444 -0.77690775,0 0.45359019 -0.89121038,
  0 0.32451257 -0.94588138,0 0.81993523 -0.5724563,
  0 0.32451257 -0.94588138,0 0.3898514 -0.92087778,
  0 0.57347171 -0.81922537,0 0.73183079 -0.68148638] }
}
}
DEF SHAPE_160 Shape {
 appearance USE APP_3
 geometry DEF FACE_160 IndexedFaceSet {
  coord DEF COORD_160 Coordinate { point [
  0.17716535 0.53537918 0.92686096,0.17716535 0.55882661 0.9349053,
  0.17716535 0.5800786 0.94766644,0.17716535 0.59819899 0.96458225,
  0.17716535 0.6123896 0.98490761,0.19754481 0.61500476 0.98550715,
  0.21653543 0.62267203 0.98726493,0.23284305 0.63486888 0.99006115,
  0.24535633 0.65076413 0.99370525,0.25322251 0.66927455 0.99794889,
  0.25590551 0.68913866 1.0025029,0.34393968 0.6979363 0.96412835,
  0.31928758 0.697355 0.96666393,0.29572138 0.69563671 0.97415896,
  0.27427919 0.69285712 0.98628331,0.33825699 0.65586342 0.95448284,
  0.32159616 0.61665774 0.94549466,0.29509261 0.58299106 0.93777633,
  0.26055252 0.5571577 0.93185385,0.22032973 0.54091818 0.92813082,
  0.31444488 0.66150122 0.95844419,0.29168168 0.66572807 0.96730219,
  0.30024681 0.62809081 0.95078461,0.27097011 0.66835779 0.98066666,
  0.27983789 0.63785765 0.9609127,0.27766094 0.59940064 0.94420719,
  0.2612684 0.64552806 0.97543278,0.26099713 0.61392479 0.95542592,
  0.24822646 0.5773859 0.93916015,0.2458352 0.62592372 0.97093834,
  0.23644337 0.59556045 0.95121576,0.21394929 0.56354685 0.93598745,
  0.22572227 0.61088078 0.96748964,0.20784991 0.58401615 0.94856915,
  0.20230026 0.60142439 0.9653217] }
 coordIndex [
  1,19,0,-1,4,5,3,-1,20,12,11,-1,20,11,15,-1,21,13,12,-1,21,12,20,-1,22,15,16,-1,22,20,15,-1,
  23,9,10,-1,23,14,13,-1,23,10,14,-1,23,13,21,-1,24,20,22,-1,24,21,20,-1,25,16,17,-1,25,22,16,-1,
  26,8,9,-1,26,23,21,-1,26,21,24,-1,26,9,23,-1,27,22,25,-1,27,24,22,-1,28,17,18,-1,28,25,17,-1,
  29,7,8,-1,29,26,24,-1,29,8,26,-1,29,24,27,-1,30,27,25,-1,30,25,28,-1,31,18,19,-1,31,28,18,-1,
  31,19,1,-1,32,6,7,-1,32,7,29,-1,32,29,27,-1,32,27,30,-1,33,1,2,-1,33,30,28,-1,33,31,1,-1,
  33,28,31,-1,34,2,3,-1,34,5,6,-1,34,6,32,-1,34,33,2,-1,34,3,5,-1,34,32,30,-1,34,30,33,-1]
  normalPerVertex TRUE
  normal DEF NORM_160 Normal { vector [
  -0.013814297 0.3244816 -0.94579113,-0.026318321 0.41372285 -0.91002239,
  -0.057310476 0.62507646 -0.77845676,-0.080583422 0.77240325 -0.62999963,
  -0.088032649 0.81675191 -0.57023379,-0.14109815 0.80568694 -0.57529111,
  -0.3062721 0.74827886 -0.58845233,-0.45057412 0.65115777 -0.61071804,
  -0.56417025 0.52094231 -0.64057087,-0.63931912 0.36650644 -0.6759764,
  -0.66867435 0.25079283 -0.69998398,-0.10493 0.23566993 -0.96615184,
  -0.23886213 0.24752939 -0.93897502,-0.43531628 0.25662925 -0.86292593,
  -0.58802223 0.25537171 -0.76747322,-0.10029505 0.25258407 -0.96236282,
  -0.08881603 0.27685145 -0.95679935,-0.071284347 0.29739607 -0.95208934,
  -0.048894754 0.31281787 -0.94855379,-0.023173064 0.32206586 -0.94643362,
  -0.19520196 0.2728086 -0.94205714,-0.38823596 0.30685946 -0.86897072,
  -0.17421255 0.32021313 -0.93118932,-0.57047364 0.30471791 -0.76269707,
  -0.34785191 0.40131677 -0.8473157,-0.14135084 0.3607073 -0.92190574,
  -0.51827384 0.4444297 -0.73066714,-0.28376233 0.48236767 -0.8287342,
  -0.098856299 0.3915315 -0.91483907,-0.43075453 0.56621227 -0.70274761,
  -0.20033481 0.54448867 -0.81449251,-0.050991509 0.39321785 -0.91803028,
  -0.31388001 0.66176631 -0.68084116,-0.096243789 0.55753963 -0.82455242,
  -0.15723459 0.71808851 -0.67795735] }
}
}
DEF SHAPE_161 Shape {
 appearance USE APP_3
 geometry DEF FACE_161 IndexedFaceSet {
  coord DEF COORD_161 Coordinate { point [
  -0.17716535 0.6123896 0.98490761,-0.17716535 0.59819899 0.96458225,
  -0.17716535 0.5800786 0.94766644,-0.17716535 0.55882661 0.9349053,
  -0.17716535 0.53537918 0.92686096,-0.22032973 0.54091818 0.92813082,
  -0.26055252 0.5571577 0.93185385,-0.29509261 0.58299106 0.93777633,
  -0.32159616 0.61665774 0.94549466,-0.33825699 0.65586342 0.95448284,
  -0.34393968 0.6979363 0.96412835,-0.25590551 0.68913866 1.0025029,
  -0.27427919 0.69285712 0.98628331,-0.29572138 0.69563671 0.97415896,
  -0.31928758 0.697355 0.96666393,-0.25322251 0.66927455 0.99794889,
  -0.24535633 0.65076413 0.99370525,-0.23284305 0.63486888 0.99006115,
  -0.21653543 0.62267203 0.98726493,-0.19754481 0.61500476 0.98550715,
  -0.21394929 0.56354685 0.93598745,-0.20784991 0.58401615 0.94856915,
  -0.24822646 0.5773859 0.93916015,-0.20230026 0.60142439 0.9653217,
  -0.23644337 0.59556045 0.95121576,-0.27766094 0.59940064 0.94420719,
  -0.22572227 0.61088078 0.96748964,-0.26099713 0.61392479 0.95542592,
  -0.30024681 0.62809081 0.95078461,-0.2458352 0.62592372 0.97093834,
  -0.27983789 0.63785765 0.9609127,-0.31444488 0.66150122 0.95844419,
  -0.2612684 0.64552806 0.97543278,-0.29168168 0.66572807 0.96730219,
  -0.27097011 0.66835779 0.98066666] }
 coordIndex [
  11,15,12,-1,20,3,4,-1,20,4,5,-1,21,2,3,-1,21,3,20,-1,22,5,6,-1,22,20,5,-1,23,0,1,-1,
  23,1,2,-1,23,19,0,-1,23,2,21,-1,24,20,22,-1,24,21,20,-1,25,6,7,-1,25,22,6,-1,26,18,19,-1,
  26,23,21,-1,26,19,23,-1,26,21,24,-1,27,22,25,-1,27,24,22,-1,28,7,8,-1,28,25,7,-1,29,17,18,-1,
  29,26,24,-1,29,18,26,-1,29,24,27,-1,30,27,25,-1,30,25,28,-1,31,8,9,-1,31,9,10,-1,31,10,14,-1,
  31,28,8,-1,32,16,17,-1,32,17,29,-1,32,29,27,-1,32,27,30,-1,33,14,13,-1,33,31,14,-1,33,30,28,-1,
  33,28,31,-1,34,13,12,-1,34,15,16,-1,34,16,32,-1,34,12,15,-1,34,33,13,-1,34,32,30,-1,34,30,33,-1]
  normalPerVertex TRUE
  normal DEF NORM_161 Normal { vector [
  0.088032649 0.81675191 -0.57023379,0.077414595 0.75306766 -0.65337285,
  0.057310476 0.62507646 -0.77845676,0.031446796 0.44969983 -0.89262599,
  0.013814297 0.3244816 -0.94579113,0.031147422 0.31998316 -0.94691109,
  0.056044368 0.30879442 -0.94947619,0.077121982 0.29170605 -0.95339382,
  0.092943861 0.26988262 -0.958397,0.10136427 0.24869983 -0.963262,
  0.10493 0.23566993 -0.96615184,0.66867435 0.25079283 -0.69998398,
  0.61209186 0.25433501 -0.7487705,0.43531628 0.25662925 -0.86292593,
  0.23886213 0.24752939 -0.93897502,0.65675908 0.30306548 -0.6905207,
  0.59786167 0.46406269 -0.65361093,0.49822097 0.60471576 -0.6213652,
  0.36462734 0.7154394 -0.59598101,0.20618496 0.78868798 -0.57918825,
  0.055398041 0.40907731 -0.91081656,0.10491976 0.58301148 -0.80566088,
  0.10403238 0.38861865 -0.91550686,0.12658027 0.7373866 -0.66350467,
  0.20182757 0.54364862 -0.8146851,0.14557709 0.35658791 -0.92285013,
  0.26991659 0.68650677 -0.67516923,0.28498116 0.48117966 -0.82900656,
  0.17720096 0.31516793 -0.93234596,0.39485855 0.60120055 -0.69472629,
  0.34871376 0.39986176 -0.84764927,0.16462421 0.26318615 -0.95059556,
  0.49289154 0.48728143 -0.72084307,0.35918671 0.30124572 -0.88330964,
  0.54843394 0.33678137 -0.76537475] }
}
}
DEF SHAPE_162 Shape {
 appearance USE APP_3
 geometry DEF FACE_162 IndexedFaceSet {
  coord DEF COORD_162 Coordinate { point [
  0.34393968 0.6979363 0.96412835,0.31928758 0.697355 0.96666393,
  0.29572138 0.69563671 0.97415896,0.27427919 0.69285712 0.98628331,
  0.25590551 0.68913866 1.0025029,0.25590551 0.76588773 1.0200982,
  0.34393968 0.77468536 0.98172363,0.31928758 0.77410407 0.9842592,
  0.29572138 0.77238578 0.99175424,0.27427919 0.76960618 1.0038786] }
 coordIndex [
  7,0,1,-1,7,1,2,-1,7,6,0,-1,8,2,3,-1,8,7,2,-1,9,3,4,-1,9,8,3,-1,5,9,4,-1]
  normalPerVertex TRUE
  normal DEF NORM_162 Normal { vector [
  -0.10494002 0.22222616 -0.96933128,-0.20872119 0.21853832 -0.95324523,
  -0.3759063 0.20707091 -0.90322538,-0.56104013 0.18497763 -0.8068564,
  -0.67128054 0.16562929 -0.72246064,-0.67128054 0.16562929 -0.72246064,
  -0.10494002 0.22222616 -0.96933128,-0.20872119 0.21853832 -0.95324523,
  -0.44008565 0.20065719 -0.87524929,-0.61781525 0.17571179 -0.76643961] }
}
}
DEF SHAPE_163 Shape {
 appearance USE APP_3
 geometry DEF FACE_163 IndexedFaceSet {
  coord DEF COORD_163 Coordinate { point [
  -0.25590551 0.68913866 1.0025029,-0.27427919 0.69285712 0.98628331,
  -0.29572138 0.69563671 0.97415896,-0.31928758 0.697355 0.96666393,
  -0.34393968 0.6979363 0.96412835,-0.34393968 0.77468536 0.98172363,
  -0.25590551 0.76588773 1.0200982,-0.27427919 0.76960618 1.0038786,
  -0.29572138 0.77238578 0.99175424,-0.31928758 0.77410407 0.9842592] }
 coordIndex [
  3,4,5,-1,3,9,8,-1,3,5,9,-1,2,8,7,-1,2,3,8,-1,1,2,7,-1,0,7,6,-1,0,1,7,-1]
  normalPerVertex TRUE
  normal DEF NORM_163 Normal { vector [
  0.67128054 0.16562929 -0.72246064,0.58979221 0.18045624 -0.78713449,
  0.44008565 0.20065719 -0.87524929,0.20872119 0.21853832 -0.95324523,
  0.10494002 0.22222616 -0.96933128,0.10494002 0.22222616 -0.96933128,
  0.67128054 0.16562929 -0.72246064,0.58979221 0.18045624 -0.78713449,
  0.3759063 0.20707091 -0.90322538,0.20872119 0.21853832 -0.95324523] }
}
}
DEF SHAPE_164 Shape {
 appearance USE APP_3
 geometry DEF FACE_164 IndexedFaceSet {
  coord DEF COORD_164 Coordinate { point [
  0.34393968 0.77468536 0.98172363,0.31928758 0.77410407 0.9842592,
  0.29572138 0.77238578 0.99175424,0.27427919 0.76960618 1.0038786,
  0.25590551 0.76588773 1.0200982,0.25322251 0.78575185 1.0246522,
  0.24535633 0.80426226 1.0288958,0.23284305 0.82015751 1.0325399,
  0.21653543 0.83235437 1.0353361,0.19754481 0.84002163 1.0370939,
  0.17716535 0.84263679 1.0376934,0.17716535 0.93724249 1.018991,
  0.17716535 0.91263246 1.0160178,0.17716535 0.88794389 1.0182468,
  0.17716535 0.86426431 1.0255796,0.22032973 0.93170349 1.0177212,
  0.26055252 0.91546396 1.0139981,0.29509261 0.88963061 1.0080757,
  0.32159616 0.85596393 1.0003573,0.33825699 0.81675824 0.99136914,
  0.21394929 0.90791222 1.0149357,0.20784991 0.88400634 1.0173441,
  0.24822646 0.89407317 1.011763,0.20230026 0.86103891 1.0248402,
  0.23644337 0.87246204 1.0146974,0.27766094 0.87205843 1.0067159,
  0.22572227 0.85158252 1.0226722,0.26099713 0.8540977 1.0104873,
  0.30024681 0.84336826 1.0001385,0.2458352 0.83653958 1.0192235,
  0.27983789 0.83016483 1.0050005,0.31444488 0.80995785 0.99247894,
  0.2612684 0.81693525 1.0147291,0.29168168 0.80229442 0.99861101,
  0.27097011 0.79410551 1.0094952] }
 coordIndex [
  4,5,3,-1,20,12,11,-1,20,11,15,-1,21,13,12,-1,21,12,20,-1,22,15,16,-1,22,20,15,-1,23,9,10,-1,
  23,14,13,-1,23,10,14,-1,23,13,21,-1,24,20,22,-1,24,21,20,-1,25,16,17,-1,25,22,16,-1,26,8,9,-1,
  26,23,21,-1,26,21,24,-1,26,9,23,-1,27,22,25,-1,27,24,22,-1,28,17,18,-1,28,25,17,-1,29,7,8,-1,
  29,26,24,-1,29,24,27,-1,29,8,26,-1,30,27,25,-1,30,25,28,-1,31,0,1,-1,31,18,19,-1,31,19,0,-1,
  31,28,18,-1,32,6,7,-1,32,7,29,-1,32,27,30,-1,32,29,27,-1,33,1,2,-1,33,31,1,-1,33,30,28,-1,
  33,28,31,-1,34,2,3,-1,34,5,6,-1,34,6,32,-1,34,3,5,-1,34,33,2,-1,34,32,30,-1,34,30,33,-1]
  normalPerVertex TRUE
  normal DEF NORM_164 Normal { vector [
  -0.10493 0.20873998 -0.97232573,-0.23886213 0.18622618 -0.95302922,
  -0.43531628 0.1449067 -0.88853913,-0.61209186 0.097243572 -0.78478484,
  -0.66867435 0.079179676 -0.73932753,-0.65675908 0.028005049 -0.75358028,
  -0.59786167 -0.13299217 -0.79049005,-0.49822097 -0.27364524 -0.82273577,
  -0.36462734 -0.38436888 -0.84811996,-0.20618496 -0.45761746 -0.86491273,
  -0.088032649 -0.4867794 -0.86907771,-0.013814297 0.11992831 -0.99268644,
  -0.031446796 -0.015944262 -0.99937825,-0.057310476 -0.22354051 -0.9730083,
  -0.077414595 -0.39323829 -0.91617172,-0.031147422 0.12446537 -0.99173495,
  -0.056044368 0.13565412 -0.98916985,-0.077121982 0.15274248 -0.98525222,
  -0.092943861 0.17456591 -0.98024904,-0.10136427 0.19575249 -0.97540056,
  -0.055398041 0.028545492 -0.99805622,-0.10491976 -0.17382588 -0.97917129,
  -0.10403238 0.049004149 -0.99336592,-0.12658027 -0.37470967 -0.91846072,
  -0.20182757 -0.13446302 -0.97014707,-0.14557709 0.081034889 -0.98602265,
  -0.26991659 -0.32382984 -0.90679616,-0.28498116 -0.07199406 -0.95582561,
  -0.17720096 0.12245487 -0.97652682,-0.39485855 -0.23852362 -0.88723909,
  -0.34871376 0.0093238352 -0.9371829,-0.16462421 0.17719516 -0.97030961,
  -0.49289154 -0.1246045 -0.86112232,-0.35918671 0.11362555 -0.92632291,
  -0.54843394 0.030264144 -0.83564603] }
}
}
DEF SHAPE_165 Shape {
 appearance USE APP_3
 geometry DEF FACE_165 IndexedFaceSet {
  coord DEF COORD_165 Coordinate { point [
  -0.25590551 0.76588773 1.0200982,-0.27427919 0.76960618 1.0038786,
  -0.29572138 0.77238578 0.99175424,-0.31928758 0.77410407 0.9842592,
  -0.34393968 0.77468536 0.98172363,-0.33825699 0.81675824 0.99136914,
  -0.32159616 0.85596393 1.0003573,-0.29509261 0.88963061 1.0080757,
  -0.26055252 0.91546396 1.0139981,-0.22032973 0.93170349 1.0177212,
  -0.17716535 0.93724249 1.018991,-0.17716535 0.84263679 1.0376934,
  -0.17716535 0.86426431 1.0255796,-0.17716535 0.88794389 1.0182468,
  -0.17716535 0.91263246 1.0160178,-0.19754481 0.84002163 1.0370939,
  -0.21653543 0.83235437 1.0353361,-0.23284305 0.82015751 1.0325399,
  -0.24535633 0.80426226 1.0288958,-0.25322251 0.78575185 1.0246522,
  -0.31444488 0.80995785 0.99247894,-0.29168168 0.80229442 0.99861101,
  -0.30024681 0.84336826 1.0001385,-0.27097011 0.79410551 1.0094952,
  -0.27983789 0.83016483 1.0050005,-0.27766094 0.87205843 1.0067159,
  -0.2612684 0.81693525 1.0147291,-0.26099713 0.8540977 1.0104873,
  -0.24822646 0.89407317 1.011763,-0.2458352 0.83653958 1.0192235,
  -0.23644337 0.87246204 1.0146974,-0.21394929 0.90791222 1.0149357,
  -0.22572227 0.85158252 1.0226722,-0.20784991 0.88400634 1.0173441,
  -0.20230026 0.86103891 1.0248402] }
 coordIndex [
  19,0,1,-1,20,3,4,-1,20,4,5,-1,21,2,3,-1,21,3,20,-1,22,5,6,-1,22,20,5,-1,23,1,2,-1,
  23,2,21,-1,23,19,1,-1,24,20,22,-1,24,21,20,-1,25,6,7,-1,25,22,6,-1,26,18,19,-1,26,23,21,-1,
  26,19,23,-1,26,21,24,-1,27,22,25,-1,27,24,22,-1,28,7,8,-1,28,25,7,-1,29,17,18,-1,29,26,24,-1,
  29,24,27,-1,29,18,26,-1,30,27,25,-1,30,25,28,-1,31,8,9,-1,31,9,10,-1,31,10,14,-1,31,28,8,-1,
  32,16,17,-1,32,17,29,-1,32,29,27,-1,32,27,30,-1,33,14,13,-1,33,31,14,-1,33,30,28,-1,33,28,31,-1,
  34,12,11,-1,34,13,12,-1,34,11,15,-1,34,15,16,-1,34,33,13,-1,34,16,32,-1,34,32,30,-1,34,30,33,-1]
  normalPerVertex TRUE
  normal DEF NORM_165 Normal { vector [
  0.66867435 0.079179676 -0.73932753,0.61209186 0.097243572 -0.78478484,
  0.43531628 0.1449067 -0.88853913,0.23886213 0.18622618 -0.95302922,
  0.10493 0.20873998 -0.97232573,0.10029505 0.19186447 -0.97628322,
  0.08881603 0.16759709 -0.98184669,0.071284347 0.14705246 -0.9865567,
  0.048894754 0.13163067 -0.99009225,0.027160475 0.12342508 -0.99198214,
  0.013814297 0.11992831 -0.99268644,0.088032649 -0.4867794 -0.86907771,
  0.077414595 -0.39323829 -0.91617172,0.057310476 -0.22354051 -0.9730083,
  0.031446796 -0.015944262 -0.99937825,0.17374019 -0.46638171 -0.8673537,
  0.3062721 -0.41720834 -0.85564864,0.45057412 -0.32008725 -0.83338294,
  0.56417025 -0.18987178 -0.80353011,0.64840721 -0.0037175453 -0.76128462,
  0.19520196 0.1648142 -0.96681564,0.38823596 0.10232613 -0.91586145,
  0.17421255 0.11740967 -0.97768346,0.55423309 0.054547056 -0.83057227,
  0.34785191 0.0078688251 -0.93751647,0.14135084 0.076915502 -0.98696704,
  0.51827384 -0.081752772 -0.85129825,0.28376233 -0.073182071 -0.95609797,
  0.098856299 0.046091302 -0.99403371,0.43075453 -0.20353533 -0.87921778,
  0.20033481 -0.13530307 -0.97033965,0.044110923 0.059729286 -0.99723951,
  0.31388001 -0.29908938 -0.90112423,0.096243789 -0.14266836 -0.98508013,
  0.15039788 -0.36523913 -0.91868431] }
}
}
DEF SHAPE_166 Shape {
 appearance USE APP_3
 geometry DEF FACE_166 IndexedFaceSet {
  coord DEF COORD_166 Coordinate { point [
  0.17716535 0.93724249 1.018991,0.17716535 0.91263246 1.0160178,
  0.17716535 0.88794389 1.0182468,0.17716535 0.86426431 1.0255796,
  0.17716535 0.84263679 1.0376934,-0.17716535 0.84263679 1.0376934,
  -0.17716535 0.86426431 1.0255796,-0.17716535 0.88794389 1.0182468,
  -0.17716535 0.91263246 1.0160178,-0.17716535 0.93724249 1.018991] }
 coordIndex [
  8,0,1,-1,8,9,0,-1,7,1,2,-1,7,8,1,-1,6,2,3,-1,6,7,2,-1,5,3,4,-1,5,6,3,-1]
  normalPerVertex TRUE
  normal DEF NORM_166 Normal { vector [
  0 0.11993975 -0.99278117,0 -0.020062764 -0.99979872,
  0 -0.22830007 -0.97359082,0 -0.42648083 -0.9044966,
  0 -0.48867664 -0.87246498,0 -0.48867664 -0.87246498,
  0 -0.36187554 -0.93222642,0 -0.15932989 -0.9872254,
  0 0.050234183 -0.99873747,0 0.11993975 -0.99278117] }
}
}
DEF SHAPE_167 Shape {
 appearance USE APP_3
 geometry DEF FACE_167 IndexedFaceSet {
  coord DEF COORD_167 Coordinate { point [
  0.47244094 -0.043307087 0.11811024,-0.47244094 -0.043307087 0.11811024,
  0.47244094 0.078740157 -0.0039370079,0.47244094 0.074581498 0.027651143,
  0.47244094 0.062388927 0.057086614,0.47244094 0.042993347 0.082363426,
  0.47244094 0.017716535 0.10175901,0.47244094 -0.011718935 0.11395158,
  -0.47244094 0.078740157 -0.0039370079,-0.47244094 0.074581498 0.027651143,
  -0.47244094 0.062388927 0.057086614,-0.47244094 0.042993347 0.082363426,
  -0.47244094 0.017716535 0.10175901,-0.47244094 -0.011718935 0.11395158] }
 coordIndex [
  13,1,0,-1,13,0,7,-1,12,7,6,-1,12,13,7,-1,11,5,4,-1,11,6,5,-1,11,12,6,-1,10,11,4,-1,
  9,4,3,-1,9,10,4,-1,8,3,2,-1,8,9,3,-1]
  normalPerVertex TRUE
  normal DEF NORM_167 Normal { vector [
  0 0.13052619 0.99144486,0 0.13052619 0.99144486,
  0 0.99144486 0.13052619,0 0.9763442 0.21622209,
  0 0.8660254 0.5,0 0.70710678 0.70710678,
  0 0.5374875 0.84327172,0 0.30091828 0.95364993,
  0 0.99144486 0.13052619,0 0.95364993 0.30091828,
  0 0.8660254 0.5,0 0.70710678 0.70710678,
  0 0.46155098 0.88711369,0 0.21622209 0.9763442] }
}
}
DEF SHAPE_168 Shape {
 appearance USE APP_3
 geometry DEF FACE_168 IndexedFaceSet {
  coord DEF COORD_168 Coordinate { point [
  0.47244094 -0.043307087 0,0.47244094 -0.041338583 -0.00052745904,
  0.47244094 -0.039897538 -0.0019685039,0.47244094 -0.039370079 -0.0039370079,
  -0.47244094 -0.039370079 -0.0039370079,-0.47244094 -0.043307087 0,
  -0.47244094 -0.041338583 -0.00052745904,-0.47244094 -0.039897538 -0.0019685039] }
 coordIndex [
  6,1,0,-1,6,0,5,-1,7,2,1,-1,7,1,6,-1,4,3,2,-1,4,2,7,-1]
  normalPerVertex TRUE
  normal DEF NORM_168 Normal { vector [
  0 -0.25881905 -0.96592583,0 -0.57506107 -0.81811048,
  0 -0.90707274 -0.42097392,0 -0.96592583 -0.25881905,
  0 -0.96592583 -0.25881905,0 -0.25881905 -0.96592583,
  0 -0.42097392 -0.90707274,0 -0.81811048 -0.57506107] }
}
}
DEF SHAPE_169 Shape {
 appearance USE APP_3
 geometry DEF FACE_169 IndexedFaceSet {
  coord DEF COORD_169 Coordinate { point [
  0.47244094 -0.039370079 -1.4173228,0.45634291 -0.039370079 -1.5395995,
  0.40914586 -0.039370079 -1.6535433,0.3340662 -0.039370079 -1.751389,
  0.23622047 -0.039370079 -1.8264687,0.12227671 -0.039370079 -1.8736657,
  0 -0.039370079 -1.8897638,-0.12227671 -0.039370079 -1.8736657,
  -0.23622047 -0.039370079 -1.8264687,-0.3340662 -0.039370079 -1.751389,
  -0.40914586 -0.039370079 -1.6535433,-0.45634291 -0.039370079 -1.5395995,
  -0.47244094 -0.039370079 -1.4173228,-0.47244094 0.078740157 -1.4173228,
  0.47244094 0.078740157 -1.4173228,0.45634291 0.078740157 -1.5395995,
  0.40914586 0.078740157 -1.6535433,0.3340662 0.078740157 -1.751389,
  0.23622047 0.078740157 -1.8264687,0.12227671 0.078740157 -1.8736657,
  0 0.078740157 -1.8897638,-0.12227671 0.078740157 -1.8736657,
  -0.23622047 0.078740157 -1.8264687,-0.3340662 0.078740157 -1.751389,
  -0.40914586 0.078740157 -1.6535433,-0.45634291 0.078740157 -1.5395995] }
 coordIndex [
  15,0,1,-1,15,14,0,-1,16,1,2,-1,16,15,1,-1,17,2,3,-1,17,16,2,-1,18,3,4,-1,18,17,3,-1,
  19,4,5,-1,19,18,4,-1,20,5,6,-1,20,19,5,-1,21,6,7,-1,21,20,6,-1,22,7,8,-1,22,21,7,-1,
  23,8,9,-1,23,22,8,-1,24,9,10,-1,24,23,9,-1,25,10,11,-1,25,24,10,-1,13,11,12,-1,13,25,11,-1]
  normalPerVertex TRUE
  normal DEF NORM_169 Normal { vector [
  0.99144486 0 -0.13052619,0.95364993 0 -0.30091828,
  0.84327172 0 -0.5374875,0.67542593 0 -0.73742784,
  0.46155098 0 -0.88711369,0.21622209 0 -0.9763442,
  -0.04384197 0 -0.99903848,-0.30091828 0 -0.95364993,
  -0.5374875 0 -0.84327172,-0.73742784 0 -0.67542593,
  -0.88711369 0 -0.46155098,-0.9763442 0 -0.21622209,
  -0.99144486 0 -0.13052619,-0.99144486 0 -0.13052619,
  0.99144486 0 -0.13052619,0.9763442 0 -0.21622209,
  0.88711369 0 -0.46155098,0.73742784 0 -0.67542593,
  0.5374875 0 -0.84327172,0.30091828 0 -0.95364993,
  0.04384197 0 -0.99903848,-0.21622209 0 -0.9763442,
  -0.46155098 0 -0.88711369,-0.67542593 0 -0.73742784,
  -0.84327172 0 -0.5374875,-0.95364993 0 -0.30091828] }
}
}
DEF SHAPE_170 Shape {
 appearance USE APP_3
 geometry DEF FACE_170 IndexedFaceSet {
  coord DEF COORD_170 Coordinate { point [
  0 -0.039370079 -1.1220472,0.076422946 -0.039370079 -1.1321085,
  0.1476378 -0.039370079 -1.1616067,0.20879137 -0.039370079 -1.2085315,
  0.25571616 -0.039370079 -1.269685,0.28521432 -0.039370079 -1.3408999,
  0.29527559 -0.039370079 -1.4173228,0.28521432 -0.039370079 -1.4937458,
  0.25571616 -0.039370079 -1.5649606,0.20879137 -0.039370079 -1.6261142,
  0.1476378 -0.039370079 -1.673039,0.076422946 -0.039370079 -1.7025372,
  0 -0.039370079 -1.7125984,-0.076422946 -0.039370079 -1.7025372,
  -0.1476378 -0.039370079 -1.673039,-0.20879137 -0.039370079 -1.6261142,
  -0.25571616 -0.039370079 -1.5649606,-0.28521432 -0.039370079 -1.4937458,
  -0.29527559 -0.039370079 -1.4173228,-0.28521432 -0.039370079 -1.3408999,
  -0.25571616 -0.039370079 -1.269685,-0.20879137 -0.039370079 -1.2085315,
  -0.1476378 -0.039370079 -1.1616067,-0.076422946 -0.039370079 -1.1321085,
  0 -0.039370079 -1.1220472,0 0.078740157 -1.1220472,
  -0.076422946 0.078740157 -1.1321085,-0.1476378 0.078740157 -1.1616067,
  -0.20879137 0.078740157 -1.2085315,-0.25571616 0.078740157 -1.269685,
  -0.28521432 0.078740157 -1.3408999,-0.29527559 0.078740157 -1.4173228,
  -0.28624024 0.078740157 -1.4898087,-0.25968713 0.078740157 -1.5578585,
  -0.21724131 0.078740157 -1.6173076,-0.16150044 0.078740157 -1.6645177,
  -0.095875828 0.078740157 -1.6965996,-0.024383665 0.078740157 -1.7115899,
  0.048600765 0.078740157 -1.7085713,0.11861085 0.078740157 -1.6877283,
  0.18136202 0.078740157 -1.6503368,0.23301393 0.078740157 -1.5986849,
  0.27040551 0.078740157 -1.5359337,0.29124842 0.078740157 -1.4659236,
  0.29426707 0.078740157 -1.3929392,0.27927674 0.078740157 -1.321447,
  0.24719483 0.078740157 -1.2558224,0.19998472 0.078740157 -1.2000815,
  0.14053565 0.078740157 -1.1576357,0.072485872 0.078740157 -1.1310826,
  0 0.078740157 -1.1220472] }
 coordIndex [
  49,1,0,-1,49,0,50,-1,48,2,1,-1,48,1,49,-1,47,3,2,-1,47,2,48,-1,46,4,3,-1,46,3,47,-1,
  45,5,4,-1,45,4,46,-1,44,6,5,-1,44,5,45,-1,43,7,6,-1,43,6,44,-1,42,8,7,-1,42,7,43,-1,
  41,9,8,-1,41,8,42,-1,40,10,9,-1,40,9,41,-1,39,11,10,-1,39,10,40,-1,38,11,39,-1,38,12,11,-1,
  37,12,38,-1,37,13,12,-1,36,13,37,-1,36,14,13,-1,35,15,14,-1,35,14,36,-1,34,16,15,-1,34,15,35,-1,
  33,17,16,-1,33,16,34,-1,32,18,17,-1,32,17,33,-1,31,19,18,-1,31,18,32,-1,30,20,19,-1,30,19,31,-1,
  29,21,20,-1,29,20,30,-1,28,21,29,-1,27,22,21,-1,27,23,22,-1,27,21,28,-1,26,24,23,-1,26,23,27,-1,
  25,24,26,-1]
  normalPerVertex TRUE
  normal DEF NORM_170 Normal { vector [
  -0.12720171 0.0021876958 -0.99187446,-0.29306046 0.00290319 -0.9560895,
  -0.52674914 0.004179558 -0.85001051,-0.72574056 0.0052855743 -0.68794818,
  -0.87692978 0.0062213084 -0.48057825,-0.97036083 0.0069868215 -0.24155962,
  -0.99988193 0.0075821651 0.013365353,-0.96355025 0.0080073805 0.26740754,
  -0.86375951 0.0082624976 0.50383653,-0.70708214 0.0083475346 0.70708214,
  -0.50383653 0.0082624976 0.86375951,-0.26740754 0.0080073805 0.96355025,
  -0.013365353 0.0075821651 0.99988193,0.24155962 0.0069868215 0.97036083,
  0.48057825 0.0062213084 0.87692978,0.68794818 0.0052855743 0.72574056,
  0.85001051 0.004179558 0.52674914,0.9560895 0.00290319 0.29306046,
  0.99919598 0.0014563941 0.040065767,0.9763442 0 -0.21622209,
  0.88711369 0 -0.46155098,0.70710678 0 -0.70710678,
  0.5 0 -0.8660254,0.30091828 0 -0.95364993,
  0.13052619 0 -0.99144486,0.13052619 0 -0.99144486,
  0.21622209 0 -0.9763442,0.5 0 -0.8660254,
  0.70710678 0 -0.70710678,0.84327172 0 -0.5374875,
  0.95364993 0 -0.30091828,0.99879168 0 -0.04914439,
  0.97857319 0.00015517902 0.20589921,0.89597197 -0.0010239497 0.44410942,
  0.75641482 -0.0020555079 0.65408898,0.56877325 -0.0029395648 0.82248912,
  0.34497558 -0.0036761815 0.93860446,0.099248547 -0.0042654104 0.99505353,
  -0.15278716 -0.0047072941 0.98824791,-0.39510991 -0.0050018649 0.91862024,
  -0.61231557 -0.0051491448 0.79059669,-0.79059669 -0.0051491448 0.61231557,
  -0.91862024 -0.0050018649 0.39510991,-0.98824791 -0.0047072941 0.15278716,
  -0.99505353 -0.0042654104 -0.099248547,-0.93860446 -0.0036761815 -0.34497558,
  -0.82248912 -0.0029395648 -0.56877325,-0.65408898 -0.0020555079 -0.75641482,
  -0.44410942 -0.0010239497 -0.89597197,-0.20589921 0.00015517902 -0.97857319,
  -0.12369263 0 -0.99232058] }
}
}
] }
] }
DEF TXFM_13 Transform {
  center 0 0 0
  rotation 0 0 1 3.1415927
  scale 1 1 1
  scaleOrientation 0 0 1 0
  translation 0.22637795 2.7952756 -0.53149606
 children [
DEF TXFM_14 Transform {
  center 0 0 0
  rotation 0 0 1 0
  scale 1 1 1
  scaleOrientation 0 0 1 0
  translation 0 0 0
 children [
DEF SHAPE_171 Shape {
 appearance USE APP_3
 geometry DEF FACE_171 IndexedFaceSet {
  coord DEF COORD_171 Coordinate { point [
  -1.742126 0.47244094 -0.0039370079,-1.742126 0.47244094 -2.5984252,
  -1.742126 0.45634291 -2.7207019,-1.742126 0.40914586 -2.8346457,
  -1.742126 0.3340662 -2.9324914,-1.742126 0.23622047 -3.0075711,
  -1.742126 0.12227671 -3.0547681,-1.742126 0 -3.0708661,
  -1.742126 -0.12227671 -3.0547681,-1.742126 -0.23622047 -3.0075711,
  -1.742126 -0.3340662 -2.9324914,-1.742126 -0.40914586 -2.8346457,
  -1.742126 -0.45634291 -2.7207019,-1.742126 -0.47244094 -2.5984252,
  -1.742126 -0.47244094 -0.0039370079,-1.742126 -0.29527559 -2.5984252,
  -1.742126 -0.28624024 -2.6709111,-1.742126 -0.25968713 -2.7389608,
  -1.742126 -0.21724131 -2.7984099,-1.742126 -0.16150044 -2.84562,
  -1.742126 -0.095875828 -2.8777019,-1.742126 -0.024383665 -2.8926923,
  -1.742126 0.048600765 -2.8896736,-1.742126 0.11861085 -2.8688307,
  -1.742126 0.18136202 -2.8314391,-1.742126 0.23301393 -2.7797872,
  -1.742126 0.27040551 -2.7170361,-1.742126 0.29124842 -2.647026,
  -1.742126 0.29426707 -2.5740415,-1.742126 0.27927674 -2.5025494,
  -1.742126 0.24719483 -2.4369248,-1.742126 0.19998472 -2.3811839,
  -1.742126 0.14053565 -2.3387381,-1.742126 0.072485872 -2.312185,
  -1.742126 0 -2.3031496,-1.742126 -0.076422946 -2.3132109,
  -1.742126 -0.1476378 -2.342709,-1.742126 -0.20879137 -2.3896338,
  -1.742126 -0.25571616 -2.4507874,-1.742126 -0.28521432 -2.5220023] }
 coordIndex [
  18,10,11,-1,19,9,10,-1,19,10,18,-1,17,11,12,-1,17,18,11,-1,20,8,9,-1,20,9,19,-1,16,12,13,-1,
  16,17,12,-1,21,7,8,-1,21,8,20,-1,15,16,13,-1,22,6,7,-1,22,7,21,-1,39,15,13,-1,23,5,6,-1,
  23,6,22,-1,38,39,13,-1,24,5,23,-1,37,38,13,-1,4,5,24,-1,25,4,24,-1,3,25,26,-1,3,4,25,-1,
  2,26,27,-1,2,3,26,-1,1,2,27,-1,1,27,28,-1,1,28,29,-1,1,29,30,-1,1,30,31,-1,14,34,35,-1,
  14,35,36,-1,14,36,37,-1,14,37,13,-1,0,31,32,-1,0,32,33,-1,0,33,34,-1,0,1,31,-1,0,34,14,-1]
  normalPerVertex TRUE
  normal DEF NORM_171 Normal { vector [
  -1 0 0,-1 0 0,
  -1 0 0,-1 0 0,
  -1 0 0,-1 0 0,
  -1 0 0,-1 0 0,
  -1 0 0,-1 0 0,
  -1 0 0,-1 0 0,
  -1 0 0,-1 0 0,
  -1 0 0,-1 0 0,
  -1 0 0,-1 0 0,
  -1 0 0,-1 0 0,
  -1 0 0,-1 0 0,
  -1 0 0,-1 0 0,
  -1 0 0,-1 0 0,
  -1 0 0,-1 0 0,
  -1 0 0,-1 0 0,
  -1 0 0,-1 0 0,
  -1 0 0,-1 0 0,
  -1 0 0,-1 0 0,
  -1 0 0,-1 0 0,
  -1 0 0,-1 0 0] }
}
}
DEF SHAPE_172 Shape {
 appearance USE APP_3
 geometry DEF FACE_172 IndexedFaceSet {
  coord DEF COORD_172 Coordinate { point [
  -1.5846457 -0.47244094 -2.5984252,-1.5846457 -0.47244094 -0.0039370079,
  -1.5846457 0.47244094 -0.0039370079,-1.5846457 0.47244094 -2.5984252,
  -1.5846457 0.45634291 -2.7207019,-1.5846457 0.40914586 -2.8346457,
  -1.5846457 0.3340662 -2.9324914,-1.5846457 0.23622047 -3.0075711,
  -1.5846457 0.12227671 -3.0547681,-1.5846457 0 -3.0708661,
  -1.5846457 -0.12227671 -3.0547681,-1.5846457 -0.23622047 -3.0075711,
  -1.5846457 -0.3340662 -2.9324914,-1.5846457 -0.40914586 -2.8346457,
  -1.5846457 -0.45634291 -2.7207019,-1.5846457 0 -2.3031496,
  -1.5846457 0.076422946 -2.3132109,-1.5846457 0.1476378 -2.342709,
  -1.5846457 0.20879137 -2.3896338,-1.5846457 0.25571616 -2.4507874,
  -1.5846457 0.28521432 -2.5220023,-1.5846457 0.29527559 -2.5984252,
  -1.5846457 0.28521432 -2.6748481,-1.5846457 0.25571616 -2.746063,
  -1.5846457 0.20879137 -2.8072166,-1.5846457 0.1476378 -2.8541414,
  -1.5846457 0.076422946 -2.8836395,-1.5846457 0 -2.8937008,
  -1.5846457 -0.076422946 -2.8836395,-1.5846457 -0.1476378 -2.8541414,
  -1.5846457 -0.20879137 -2.8072166,-1.5846457 -0.25571616 -2.746063,
  -1.5846457 -0.28521432 -2.6748481,-1.5846457 -0.29527559 -2.5984252,
  -1.5846457 -0.28521432 -2.5220023,-1.5846457 -0.25571616 -2.4507874,
  -1.5846457 -0.20879137 -2.3896338,-1.5846457 -0.1476378 -2.342709,
  -1.5846457 -0.076422946 -2.3132109] }
 coordIndex [
  29,12,11,-1,29,30,12,-1,31,13,12,-1,31,12,30,-1,28,11,10,-1,28,29,11,-1,32,14,13,-1,32,13,31,-1,
  33,0,14,-1,33,14,32,-1,27,10,9,-1,27,28,10,-1,34,0,33,-1,26,9,8,-1,26,27,9,-1,35,0,34,-1,
  25,8,7,-1,25,26,8,-1,36,0,35,-1,6,24,25,-1,6,25,7,-1,23,24,6,-1,5,23,6,-1,4,21,22,-1,
  4,22,23,-1,4,23,5,-1,3,21,4,-1,3,18,19,-1,3,19,20,-1,3,20,21,-1,1,36,37,-1,1,37,38,-1,
  1,38,15,-1,1,0,36,-1,2,15,16,-1,2,16,17,-1,2,17,18,-1,2,18,3,-1,2,1,15,-1]
  normalPerVertex TRUE
  normal DEF NORM_172 Normal { vector [
  1 0 0,1 0 0,
  1 0 0,1 0 0,
  1 0 0,1 0 0,
  1 0 0,1 0 0,
  1 0 0,1 0 0,
  1 0 0,1 0 0,
  1 0 0,1 0 0,
  1 0 0,1 0 0,
  1 0 0,1 0 0,
  1 0 0,1 0 0,
  1 0 0,1 0 0,
  1 0 0,1 0 0,
  1 0 0,1 0 0,
  1 0 0,1 0 0,
  1 0 0,1 0 0,
  1 0 0,1 0 0,
  1 0 0,1 0 0,
  1 0 0,1 0 0,
  1 0 0,1 0 0,
  1 0 0] }
}
}
DEF SHAPE_173 Shape {
 appearance USE APP_3
 geometry DEF FACE_173 IndexedFaceSet {
  coord DEF COORD_173 Coordinate { point [
  -0.52165354 0.47244094 0,-0.52165354 0.47244094 0.15748031,
  1.230315 0.47244094 0.15748031,1.230315 0.47244094 0] }
 coordIndex [
  1,2,3,-1,1,3,0,-1]
  normalPerVertex TRUE
  normal DEF NORM_173 Normal { vector [
  0 1 0,0 1 0,
  0 1 0,0 1 0] }
}
}
DEF SHAPE_174 Shape {
 appearance USE APP_3
 geometry DEF FACE_174 IndexedFaceSet {
  coord DEF COORD_174 Coordinate { point [
  -1.742126 -0.47244094 -2.5984252,-1.742126 -0.47244094 -0.0039370079,
  -1.5846457 -0.47244094 -2.5984252,-1.5846457 -0.47244094 -0.0039370079,
  -1.5807087 -0.47244094 0,-1.5826772 -0.47244094 -0.00052745904,
  -1.5841182 -0.47244094 -0.0019685039,0.56102362 -0.47244094 0,
  0.56102362 -0.47244094 0.15748031,-1.5807087 -0.47244094 0.15748031,
  -1.6224865 -0.47244094 0.15198015,-1.6614173 -0.47244094 0.13585449,
  -1.6948479 -0.47244094 0.11020228,-1.7205002 -0.47244094 0.076771654,
  -1.7366258 -0.47244094 0.037840869] }
 coordIndex [
  3,1,0,-1,3,0,2,-1,3,14,1,-1,6,13,14,-1,6,14,3,-1,12,13,6,-1,5,12,6,-1,11,12,5,-1,
  10,5,4,-1,10,11,5,-1,9,10,4,-1,8,4,7,-1,8,9,4,-1]
  normalPerVertex TRUE
  normal DEF NORM_174 Normal { vector [
  0 -1 0,0 -1 0,
  0 -1 0,0 -1 0,
  0 -1 0,0 -1 0,
  0 -1 0,0 -1 0,
  0 -1 0,0 -1 0,
  0 -1 0,0 -1 0,
  0 -1 0,0 -1 0,
  0 -1 0] }
}
}
DEF SHAPE_175 Shape {
 appearance USE APP_3
 geometry DEF FACE_175 IndexedFaceSet {
  coord DEF COORD_175 Coordinate { point [
  -1.5846457 0.47244094 -0.0039370079,-1.5846457 0.47244094 -2.5984252,
  -1.742126 0.47244094 -2.5984252,-1.742126 0.47244094 -0.0039370079,
  -1.7366258 0.47244094 0.037840869,-1.7205002 0.47244094 0.076771654,
  -1.6948479 0.47244094 0.11020228,-1.6614173 0.47244094 0.13585449,
  -1.6224865 0.47244094 0.15198015,-1.5807087 0.47244094 0.15748031,
  -0.87598425 0.47244094 0.15748031,-0.87598425 0.47244094 0,
  -1.5807087 0.47244094 0,-1.5826772 0.47244094 -0.00052745904,
  -1.5841182 0.47244094 -0.0019685039] }
 coordIndex [
  3,0,1,-1,3,1,2,-1,9,10,11,-1,9,11,12,-1,8,12,13,-1,8,9,12,-1,4,14,0,-1,4,0,3,-1,
  7,8,13,-1,5,14,4,-1,6,13,14,-1,6,14,5,-1,6,7,13,-1]
  normalPerVertex TRUE
  normal DEF NORM_175 Normal { vector [
  0 1 0,0 1 0,
  0 1 0,0 1 0,
  0 1 0,0 1 0,
  0 1 0,0 1 0,
  0 1 0,0 1 0,
  0 1 0,0 1 0,
  0 1 0,0 1 0,
  0 1 0] }
}
}
DEF SHAPE_176 Shape {
 appearance USE APP_3
 geometry DEF FACE_176 IndexedFaceSet {
  coord DEF COORD_176 Coordinate { point [
  -0.87598425 0.72834646 0.15748031,-0.87598425 0.47244094 0.15748031,
  -0.52165354 0.72834646 0.15748031,-0.52165354 0.47244094 0.15748031,
  1.230315 0.47244094 0.15748031,1.230315 0.72834646 0.15748031,
  1.5846457 0.72834646 0.15748031,1.5846457 -0.66929134 0.15748031,
  0.56102362 -0.66929134 0.15748031,0.56102362 -0.47244094 0.15748031,
  -1.5807087 -0.47244094 0.15748031,-1.5807087 0.47244094 0.15748031] }
 coordIndex [
  9,8,7,-1,4,7,6,-1,4,9,7,-1,5,4,6,-1,3,9,4,-1,1,10,3,-1,0,3,2,-1,0,1,3,-1,
  11,10,1,-1,9,3,10,-1]
  normalPerVertex TRUE
  normal DEF NORM_176 Normal { vector [
  0 0 1,0 0 1,
  0 0 1,0 0 1,
  0 0 1,0 0 1,
  0 0 1,0 0 1,
  0 0 1,0 0 1,
  0 0 1,0 0 1] }
}
}
DEF SHAPE_177 Shape {
 appearance USE APP_3
 geometry DEF FACE_177 IndexedFaceSet {
  coord DEF COORD_177 Coordinate { point [
  1.5846457 0.72834646 0,1.5846457 -0.66929134 0,
  1.5846457 0.72834646 0.15748031,1.5846457 -0.66929134 0.15748031] }
 coordIndex [
  0,2,3,-1,0,3,1,-1]
  normalPerVertex TRUE
  normal DEF NORM_177 Normal { vector [
  1 0 0,1 0 0,
  1 0 0,1 0 0] }
}
}
DEF SHAPE_178 Shape {
 appearance USE APP_3
 geometry DEF FACE_178 IndexedFaceSet {
  coord DEF COORD_178 Coordinate { point [
  -1.5807087 0.47244094 0,-1.5807087 -0.47244094 0,
  -0.87598425 0.47244094 0,-0.87598425 0.72834646 0,
  -0.52165354 0.72834646 0,-0.52165354 0.47244094 0,
  1.230315 0.47244094 0,1.230315 0.72834646 0,
  1.5846457 0.72834646 0,1.5846457 -0.66929134 0,
  0.56102362 -0.66929134 0,0.56102362 -0.47244094 0] }
 coordIndex [
  11,9,10,-1,6,8,9,-1,6,9,11,-1,7,8,6,-1,5,6,11,-1,2,5,1,-1,3,4,5,-1,3,5,2,-1,
  0,2,1,-1,11,1,5,-1]
  normalPerVertex TRUE
  normal DEF NORM_178 Normal { vector [
  0 0 -1,0 0 -1,
  0 0 -1,0 0 -1,
  0 0 -1,0 0 -1,
  0 0 -1,0 0 -1,
  0 0 -1,0 0 -1,
  0 0 -1,0 0 -1] }
}
}
DEF SHAPE_179 Shape {
 appearance USE APP_3
 geometry DEF FACE_179 IndexedFaceSet {
  coord DEF COORD_179 Coordinate { point [
  -1.5807087 -0.47244094 0.15748031,-1.6224865 -0.47244094 0.15198015,
  -1.6614173 -0.47244094 0.13585449,-1.6948479 -0.47244094 0.11020228,
  -1.7205002 -0.47244094 0.076771654,-1.7366258 -0.47244094 0.037840869,
  -1.742126 -0.47244094 -0.0039370079,-1.5807087 0.47244094 0.15748031,
  -1.742126 0.47244094 -0.0039370079,-1.7366258 0.47244094 0.037840869,
  -1.7205002 0.47244094 0.076771654,-1.6948479 0.47244094 0.11020228,
  -1.6614173 0.47244094 0.13585449,-1.6224865 0.47244094 0.15198015] }
 coordIndex [
  0,7,13,-1,1,13,12,-1,1,0,13,-1,2,12,11,-1,2,1,12,-1,3,11,10,-1,3,2,11,-1,4,3,10,-1,
  5,10,9,-1,5,4,10,-1,6,9,8,-1,6,5,9,-1]
  normalPerVertex TRUE
  normal DEF NORM_179 Normal { vector [
  -0.13052619 0 0.99144486,-0.30091828 0 0.95364993,
  -0.5374875 0 0.84327172,-0.73742784 0 0.67542593,
  -0.8660254 0 0.5,-0.95364993 0 0.30091828,
  -0.99144486 0 0.13052619,-0.13052619 0 0.99144486,
  -0.99144486 0 0.13052619,-0.9763442 0 0.21622209,
  -0.8660254 0 0.5,-0.67542593 0 0.73742784,
  -0.46155098 0 0.88711369,-0.21622209 0 0.9763442] }
}
}
DEF SHAPE_180 Shape {
 appearance USE APP_3
 geometry DEF FACE_180 IndexedFaceSet {
  coord DEF COORD_180 Coordinate { point [
  -1.5807087 0.47244094 0,-1.5807087 -0.47244094 0,
  -1.5826772 0.47244094 -0.00052745904,-1.5841182 0.47244094 -0.0019685039,
  -1.5846457 0.47244094 -0.0039370079,-1.5846457 -0.47244094 -0.0039370079,
  -1.5826772 -0.47244094 -0.00052745904,-1.5841182 -0.47244094 -0.0019685039] }
 coordIndex [
  6,0,1,-1,6,2,0,-1,7,3,2,-1,7,2,6,-1,5,4,3,-1,5,3,7,-1]
  normalPerVertex TRUE
  normal DEF NORM_180 Normal { vector [
  0.25881905 0 -0.96592583,0.25881905 0 -0.96592583,
  0.57506107 0 -0.81811048,0.90707274 0 -0.42097392,
  0.96592583 0 -0.25881905,0.96592583 0 -0.25881905,
  0.42097392 0 -0.90707274,0.81811048 0 -0.57506107] }
}
}
DEF SHAPE_181 Shape {
 appearance USE APP_3
 geometry DEF FACE_181 IndexedFaceSet {
  coord DEF COORD_181 Coordinate { point [
  1.5846457 -0.66929134 0,1.5846457 -0.66929134 0.15748031,
  0.56102362 -0.66929134 0,0.56102362 -0.66929134 0.15748031] }
 coordIndex [
  3,0,1,-1,3,2,0,-1]
  normalPerVertex TRUE
  normal DEF NORM_181 Normal { vector [
  0 -1 0,0 -1 0,
  0 -1 0,0 -1 0] }
}
}
DEF SHAPE_182 Shape {
 appearance USE APP_3
 geometry DEF FACE_182 IndexedFaceSet {
  coord DEF COORD_182 Coordinate { point [
  0.56102362 -0.66929134 0,0.56102362 -0.66929134 0.15748031,
  0.56102362 -0.47244094 0,0.56102362 -0.47244094 0.15748031] }
 coordIndex [
  3,0,1,-1,3,2,0,-1]
  normalPerVertex TRUE
  normal DEF NORM_182 Normal { vector [
  -1 0 0,-1 0 0,
  -1 0 0,-1 0 0] }
}
}
DEF SHAPE_183 Shape {
 appearance USE APP_3
 geometry DEF FACE_183 IndexedFaceSet {
  coord DEF COORD_183 Coordinate { point [
  1.5846457 0.72834646 0.15748031,1.230315 0.72834646 0.15748031,
  1.5846457 0.72834646 0,1.230315 0.72834646 0] }
 coordIndex [
  0,2,3,-1,0,3,1,-1]
  normalPerVertex TRUE
  normal DEF NORM_183 Normal { vector [
  0 1 0,0 1 0,
  0 1 0,0 1 0] }
}
}
DEF SHAPE_184 Shape {
 appearance USE APP_3
 geometry DEF FACE_184 IndexedFaceSet {
  coord DEF COORD_184 Coordinate { point [
  1.230315 0.72834646 0.15748031,1.230315 0.47244094 0.15748031,
  1.230315 0.72834646 0,1.230315 0.47244094 0] }
 coordIndex [
  0,2,3,-1,0,3,1,-1]
  normalPerVertex TRUE
  normal DEF NORM_184 Normal { vector [
  -1 0 0,-1 0 0,
  -1 0 0,-1 0 0] }
}
}
DEF SHAPE_185 Shape {
 appearance USE APP_3
 geometry DEF FACE_185 IndexedFaceSet {
  coord DEF COORD_185 Coordinate { point [
  -0.52165354 0.47244094 0.15748031,-0.52165354 0.72834646 0.15748031,
  -0.52165354 0.47244094 0,-0.52165354 0.72834646 0] }
 coordIndex [
  3,1,0,-1,3,0,2,-1]
  normalPerVertex TRUE
  normal DEF NORM_185 Normal { vector [
  1 0 0,1 0 0,
  1 0 0,1 0 0] }
}
}
DEF SHAPE_186 Shape {
 appearance USE APP_3
 geometry DEF FACE_186 IndexedFaceSet {
  coord DEF COORD_186 Coordinate { point [
  -0.52165354 0.72834646 0.15748031,-0.87598425 0.72834646 0.15748031,
  -0.52165354 0.72834646 0,-0.87598425 0.72834646 0] }
 coordIndex [
  1,0,2,-1,1,2,3,-1]
  normalPerVertex TRUE
  normal DEF NORM_186 Normal { vector [
  0 1 0,0 1 0,
  0 1 0,0 1 0] }
}
}
DEF SHAPE_187 Shape {
 appearance USE APP_3
 geometry DEF FACE_187 IndexedFaceSet {
  coord DEF COORD_187 Coordinate { point [
  -0.87598425 0.72834646 0.15748031,-0.87598425 0.47244094 0.15748031,
  -0.87598425 0.72834646 0,-0.87598425 0.47244094 0] }
 coordIndex [
  0,2,3,-1,0,3,1,-1]
  normalPerVertex TRUE
  normal DEF NORM_187 Normal { vector [
  -1 0 0,-1 0 0,
  -1 0 0,-1 0 0] }
}
}
DEF SHAPE_188 Shape {
 appearance USE APP_3
 geometry DEF FACE_188 IndexedFaceSet {
  coord DEF COORD_188 Coordinate { point [
  -1.742126 -0.47244094 -2.5984252,-1.5846457 -0.47244094 -2.5984252,
  -1.742126 0.47244094 -2.5984252,-1.742126 0.45634291 -2.7207019,
  -1.742126 0.40914586 -2.8346457,-1.742126 0.3340662 -2.9324914,
  -1.742126 0.23622047 -3.0075711,-1.742126 0.12227671 -3.0547681,
  -1.742126 0 -3.0708661,-1.742126 -0.12227671 -3.0547681,
  -1.742126 -0.23622047 -3.0075711,-1.742126 -0.3340662 -2.9324914,
  -1.742126 -0.40914586 -2.8346457,-1.742126 -0.45634291 -2.7207019,
  -1.5846457 0.47244094 -2.5984252,-1.5846457 0.45634291 -2.7207019,
  -1.5846457 0.40914586 -2.8346457,-1.5846457 0.3340662 -2.9324914,
  -1.5846457 0.23622047 -3.0075711,-1.5846457 0.12227671 -3.0547681,
  -1.5846457 0 -3.0708661,-1.5846457 -0.12227671 -3.0547681,
  -1.5846457 -0.23622047 -3.0075711,-1.5846457 -0.3340662 -2.9324914,
  -1.5846457 -0.40914586 -2.8346457,-1.5846457 -0.45634291 -2.7207019] }
 coordIndex [
  3,2,14,-1,3,14,15,-1,4,15,16,-1,4,3,15,-1,5,16,17,-1,5,4,16,-1,6,17,18,-1,6,5,17,-1,
  7,18,19,-1,7,6,18,-1,8,19,20,-1,8,7,19,-1,9,20,21,-1,9,8,20,-1,10,21,22,-1,10,9,21,-1,
  11,22,23,-1,11,23,24,-1,11,10,22,-1,12,11,24,-1,13,24,25,-1,13,12,24,-1,0,25,1,-1,0,13,25,-1]
  normalPerVertex TRUE
  normal DEF NORM_188 Normal { vector [
  0 -0.99144486 -0.13052619,0 -0.99144486 -0.13052619,
  0 0.99144486 -0.13052619,0 0.9763442 -0.21622209,
  0 0.88711369 -0.46155098,0 0.73742784 -0.67542593,
  0 0.5374875 -0.84327172,0 0.30091828 -0.95364993,
  0 0.04384197 -0.99903848,0 -0.21622209 -0.9763442,
  0 -0.46155098 -0.88711369,0 -0.70710678 -0.70710678,
  0 -0.8660254 -0.5,0 -0.95364993 -0.30091828,
  0 0.99144486 -0.13052619,0 0.95364993 -0.30091828,
  0 0.84327172 -0.5374875,0 0.67542593 -0.73742784,
  0 0.46155098 -0.88711369,0 0.21622209 -0.9763442,
  0 -0.04384197 -0.99903848,0 -0.30091828 -0.95364993,
  0 -0.5374875 -0.84327172,0 -0.70710678 -0.70710678,
  0 -0.8660254 -0.5,0 -0.9763442 -0.21622209] }
}
}
DEF SHAPE_189 Shape {
 appearance USE APP_3
 geometry DEF FACE_189 IndexedFaceSet {
  coord DEF COORD_189 Coordinate { point [
  -1.5846457 0 -2.3031496,-1.5846457 0.076422946 -2.3132109,
  -1.5846457 0.1476378 -2.342709,-1.5846457 0.20879137 -2.3896338,
  -1.5846457 0.25571616 -2.4507874,-1.5846457 0.28521432 -2.5220023,
  -1.5846457 0.29527559 -2.5984252,-1.5846457 0.28521432 -2.6748481,
  -1.5846457 0.25571616 -2.746063,-1.5846457 0.20879137 -2.8072166,
  -1.5846457 0.1476378 -2.8541414,-1.5846457 0.076422946 -2.8836395,
  -1.5846457 0 -2.8937008,-1.5846457 -0.076422946 -2.8836395,
  -1.5846457 -0.1476378 -2.8541414,-1.5846457 -0.20879137 -2.8072166,
  -1.5846457 -0.25571616 -2.746063,-1.5846457 -0.28521432 -2.6748481,
  -1.5846457 -0.29527559 -2.5984252,-1.5846457 -0.28521432 -2.5220023,
  -1.5846457 -0.25571616 -2.4507874,-1.5846457 -0.20879137 -2.3896338,
  -1.5846457 -0.1476378 -2.342709,-1.5846457 -0.076422946 -2.3132109,
  -1.5846457 0 -2.3031496,-1.742126 0 -2.3031496,
  -1.742126 -0.076422946 -2.3132109,-1.742126 -0.1476378 -2.342709,
  -1.742126 -0.20879137 -2.3896338,-1.742126 -0.25571616 -2.4507874,
  -1.742126 -0.28521432 -2.5220023,-1.742126 -0.29527559 -2.5984252,
  -1.742126 -0.28624024 -2.6709111,-1.742126 -0.25968713 -2.7389608,
  -1.742126 -0.21724131 -2.7984099,-1.742126 -0.16150044 -2.84562,
  -1.742126 -0.095875828 -2.8777019,-1.742126 -0.024383665 -2.8926923,
  -1.742126 0.048600765 -2.8896736,-1.742126 0.11861085 -2.8688307,
  -1.742126 0.18136202 -2.8314391,-1.742126 0.23301393 -2.7797872,
  -1.742126 0.27040551 -2.7170361,-1.742126 0.29124842 -2.647026,
  -1.742126 0.29426707 -2.5740415,-1.742126 0.27927674 -2.5025494,
  -1.742126 0.24719483 -2.4369248,-1.742126 0.19998472 -2.3811839,
  -1.742126 0.14053565 -2.3387381,-1.742126 0.072485872 -2.312185,
  -1.742126 0 -2.3031496] }
 coordIndex [
  49,1,0,-1,49,0,50,-1,48,2,1,-1,48,1,49,-1,47,3,2,-1,47,2,48,-1,46,4,3,-1,46,3,47,-1,
  45,5,4,-1,45,4,46,-1,44,6,5,-1,44,5,45,-1,43,7,6,-1,43,6,44,-1,42,8,7,-1,42,7,43,-1,
  41,9,8,-1,41,8,42,-1,40,10,9,-1,40,9,41,-1,39,11,10,-1,39,10,40,-1,38,11,39,-1,38,12,11,-1,
  37,12,38,-1,37,13,12,-1,36,13,37,-1,36,14,13,-1,35,15,14,-1,35,14,36,-1,34,16,15,-1,34,15,35,-1,
  33,17,16,-1,33,16,34,-1,32,18,17,-1,32,17,33,-1,31,18,32,-1,30,19,18,-1,30,18,31,-1,29,20,19,-1,
  29,19,30,-1,28,21,20,-1,28,20,29,-1,27,22,21,-1,27,21,28,-1,26,23,22,-1,26,22,27,-1,25,24,23,-1,
  25,23,26,-1]
  normalPerVertex TRUE
  normal DEF NORM_189 Normal { vector [
  -0.0016407735 -0.12720184 -0.9918755,-0.0021773965 -0.293061 -0.95609127,
  -0.0031346805 -0.52675115 -0.85001376,-0.003964205 -0.725745 -0.68795238,
  -0.0046660208 -0.87693721 -0.48058232,-0.0052401721 -0.97037119 -0.2415622,
  -0.0056866953 -0.99989451 0.013365521,-0.0060056196 -0.96356377 0.26741129,
  -0.0061969658 -0.8637724 0.50384405,-0.0062607464 -0.70709292 0.70709292,
  -0.0061969658 -0.50384405 0.8637724,-0.0060056196 -0.26741129 0.96356377,
  -0.0056866953 -0.013365521 0.99989451,-0.0052401721 0.2415622 0.97037119,
  -0.0046660208 0.48058232 0.87693721,-0.003964205 0.68795238 0.725745,
  -0.0031346805 0.85001376 0.52675115,-0.0021773965 0.95609127 0.293061,
  -0.00081631013 0.99999389 -0.0033998175,0 0.95364993 -0.30091828,
  0 0.84327172 -0.5374875,0 0.67542593 -0.73742784,
  0 0.46155098 -0.88711369,0 0.21622209 -0.9763442,
  0 0.13052619 -0.99144486,0 0.13052619 -0.99144486,
  0 0.30091828 -0.95364993,0 0.5374875 -0.84327172,
  0 0.73742784 -0.67542593,0 0.88711369 -0.46155098,
  0 0.9763442 -0.21622209,0 0.99997627 -0.0068894031,
  -0.00011638427 0.9785732 0.20589921,0.00076796248 0.89597218 0.44410952,
  0.0015416324 0.75641552 0.65408959,0.0022046778 0.56877432 0.82249067,
  0.0027571443 0.3449766 0.93860724,0.0031990706 0.099248942 0.99505749,
  0.0035304877 -0.1527879 0.9882527,0.0037514192 -0.39511207 0.91862526,
  0.003861881 -0.61231912 0.79060128,0.003861881 -0.79060128 0.61231912,
  0.0037514192 -0.91862526 0.39511207,0.0035304877 -0.9882527 0.1527879,
  0.0031990706 -0.99505749 -0.099248942,0.0027571443 -0.93860724 -0.3449766,
  0.0022046778 -0.82249067 -0.56877432,0.0015416324 -0.65408959 -0.75641552,
  0.00076796248 -0.44410952 -0.89597218,-0.00011638427 -0.20589921 -0.9785732,
  0 -0.12369263 -0.99232058] }
}
}
] }
] }
] }
] }
