#VRML V2.0 utf8
DEF TXFM_1 Transform {
  center 0 0 0
  rotation 0 0 1 0
  scale 1 1 1
  scaleOrientation 0 0 1 0
  translation 0 0 0
 children [
DEF TXFM_2 Transform {
  center 0 0 0
  rotation 0 0 1 0
  scale 1 1 1
  scaleOrientation 0 0 1 0
  translation 0 0 0
 children [
DEF TXFM_3 Transform {
  center 0 0 0
  rotation 0 0 1 0
  scale 1 1 1
  scaleOrientation 0 0 1 0
  translation 0 0 0
 children [
DEF SHAPE_1 Shape {
 appearance DEF APP_1 Appearance {
  material Material {
   ambientIntensity 0.686634
   diffuseColor 0.148 0.145 0.145
   emissiveColor 0 0 0
   shininess 0.1
   specularColor 0.12 0.12 0.12
   transparency 0
} }
 geometry DEF FACE_1 IndexedFaceSet {
  coord DEF COORD_1 Coordinate { point [
  -0.7007874 1.1811024 1.1887139,-0.7007874 1.1811024 2.988189,
  -0.7007874 -1.1811024 2.988189,-0.7007874 -1.1811024 1.1887139] }
 coordIndex [
  3,1,0,-1,3,2,1,-1]
  normalPerVertex TRUE
  normal DEF NORM_1 Normal { vector [
  -1 0 0,-1 0 0,
  -1 0 0,-1 0 0] }
}
}
DEF SHAPE_2 Shape {
 appearance USE APP_1
 geometry DEF FACE_2 IndexedFaceSet {
  coord DEF COORD_2 Coordinate { point [
  -0.7007874 1.1811024 1.1887139,-0.7007874 1.1811024 2.988189,
  1.6624214 1.1811024 1.1887139,1.6624214 1.1811024 2.863189,
  1.6660338 1.1811024 2.8924974,1.6766573 1.1811024 2.9201464,
  1.6936704 1.1811024 2.9445881,1.716094 1.1811024 2.9644789,
  1.742667 1.1811024 2.9787531,1.7669295 1.1811024 2.9858091,
  1.7921444 1.1811024 2.988189] }
 coordIndex [
  1,4,3,-1,1,5,4,-1,1,6,5,-1,1,7,6,-1,1,8,7,-1,1,9,8,-1,0,3,2,-1,0,1,3,-1,
  10,9,1,-1]
  normalPerVertex TRUE
  normal DEF NORM_2 Normal { vector [
  0 1 0,0 1 0,
  0 1 0,0 1 0,
  0 1 0,0 1 0,
  0 1 0,0 1 0,
  0 1 0,0 1 0,
  0 1 0] }
}
}
DEF SHAPE_3 Shape {
 appearance USE APP_1
 geometry DEF FACE_3 IndexedFaceSet {
  coord DEF COORD_3 Coordinate { point [
  -0.7007874 1.1811024 1.1887139,-0.69858971 1.1789047 1.1631876,
  -0.69206132 1.1723763 1.1384125,-0.68139437 1.1617093 1.1151179,
  -0.66690279 1.1472178 1.0939893,-0.64901311 1.1293281 1.0756486,
  -0.62825182 1.1085668 1.0606355,-0.59716924 1.0774842 1.0465424,
  -0.57458595 1.0549009 1.0411741,-0.55144357 1.0317585 1.0393701,
  -0.55144357 -1.0317585 1.0393701,-0.7007874 -1.1811024 1.1887139,
  -0.69858971 -1.1789047 1.1631876,-0.69206132 -1.1723763 1.1384125,
  -0.68139437 -1.1617093 1.1151179,-0.66690279 -1.1472178 1.0939893,
  -0.64901311 -1.1293281 1.0756486,-0.62825182 -1.1085668 1.0606355,
  -0.59716924 -1.0774842 1.0465424,-0.57458595 -1.0549009 1.0411741] }
 coordIndex [
  12,0,1,-1,12,11,0,-1,13,1,2,-1,13,2,3,-1,13,12,1,-1,14,13,3,-1,15,3,4,-1,15,14,3,-1,
  16,4,5,-1,16,5,6,-1,16,15,4,-1,17,6,7,-1,17,16,6,-1,18,7,8,-1,18,17,7,-1,19,18,8,-1,
  10,8,9,-1,10,19,8,-1]
  normalPerVertex TRUE
  normal DEF NORM_3 Normal { vector [
  -0.9963143 0 -0.08577775,-0.97999678 0 -0.19901333,
  -0.94157052 0 -0.3368159,-0.87037485 0 -0.4923897,
  -0.75479346 0 -0.65596253,-0.65332151 0 -0.75708058,
  -0.51968504 0 -0.85435792,-0.36861124 0 -0.92958364,
  -0.15579497 0 -0.98778941,-0.077715246 0 -0.9969756,
  -0.077715246 0 -0.9969756,-0.9963143 0 -0.08577775,
  -0.98978714 0 -0.1425532,-0.9416769 0 -0.33651838,
  -0.87014505 0 -0.49279568,-0.7911341 0 -0.61164274,
  -0.65387939 0 -0.7565988,-0.46250599 0 -0.88661616,
  -0.31010885 0 -0.95070106,-0.15496041 0 -0.98792068] }
}
}
DEF SHAPE_4 Shape {
 appearance USE APP_1
 geometry DEF FACE_4 IndexedFaceSet {
  coord DEF COORD_4 Coordinate { point [
  9.5403517 2.5145423 2.988189,8.9550294 3.1848469 2.988189,
  8.2456827 3.7221901 2.988189,7.4419255 4.1041389 2.988189,
  6.5773132 4.3147476 2.988189,5.6879416 4.3452237 2.988189,
  4.8109405 4.1942948 2.988189,3.9829229 3.8682619 2.988189,
  3.2384571 3.3807364 2.988189,2.608623 2.7520715 2.988189,
  2.1197151 2.0085128 2.988189,1.7921444 1.1811024 2.988189,
  -0.7007874 1.1811024 2.988189,-0.7007874 -1.1811024 2.988189,
  1.7921444 -1.1811024 2.988189,2.1197151 -2.0085128 2.988189,
  2.608623 -2.7520715 2.988189,3.2384571 -3.3807364 2.988189,
  3.9829229 -3.8682619 2.988189,4.8109405 -4.1942948 2.988189,
  5.6879416 -4.3452237 2.988189,6.5773132 -4.3147476 2.988189,
  7.4419255 -4.1041389 2.988189,8.2456827 -3.7221901 2.988189,
  8.9550294 -3.1848469 2.988189,9.5403517 -2.5145423 2.988189,
  9.3362276 -2.3702047 2.988189,8.7277322 -3.0540018 2.988189,
  7.98285 -3.585975 2.988189,7.1386113 -3.9396784 2.988189,
  6.2369858 -4.0975281 2.988189,5.3227961 -4.0516771 2.988189,
  4.4414895 -3.8044047 2.988189,3.6368783 -3.3680035 2.988189,
  2.9489623 -2.7641686 2.988189,2.41194 -2.0229182 2.988189,
  2.0525083 -1.1811024 2.988189,2.1832121 -1.1811024 2.988189,
  2.1452117 -1.0510362 2.988189,2.1116606 -0.91975184 2.988189,
  2.0825977 -0.78740157 2.988189,-0.30708661 -0.78740157 2.988189,
  -0.30708661 0.78740157 2.988189,2.0825977 0.78740157 2.988189,
  2.1116606 0.91975184 2.988189,2.1452117 1.0510362 2.988189,
  2.1832121 1.1811024 2.988189,2.0525083 1.1811024 2.988189,
  2.41194 2.0229182 2.988189,2.9489623 2.7641686 2.988189,
  3.6368783 3.3680035 2.988189,4.4414895 3.8044047 2.988189,
  5.3227961 4.0516771 2.988189,6.2369858 4.0975281 2.988189,
  7.1386113 3.9396784 2.988189,7.98285 3.585975 2.988189,
  8.7277322 3.0540018 2.988189,9.3362276 2.3702047 2.988189] }
 coordIndex [
  27,23,24,-1,26,24,25,-1,26,27,24,-1,28,23,27,-1,22,23,28,-1,29,22,28,-1,21,22,29,-1,30,21,29,-1,
  20,21,30,-1,31,20,30,-1,19,20,31,-1,32,19,31,-1,18,19,32,-1,33,18,32,-1,17,18,33,-1,1,57,0,-1,
  34,17,33,-1,56,57,1,-1,16,17,34,-1,2,56,1,-1,35,16,34,-1,55,56,2,-1,15,16,35,-1,3,55,2,-1,
  54,55,3,-1,38,36,37,-1,39,36,38,-1,14,15,36,-1,14,36,39,-1,40,14,39,-1,4,54,3,-1,53,54,4,-1,
  5,53,4,-1,52,53,5,-1,47,44,45,-1,47,45,46,-1,6,52,5,-1,6,51,52,-1,11,43,44,-1,11,44,47,-1,
  41,14,40,-1,13,14,41,-1,7,51,6,-1,7,50,51,-1,10,11,47,-1,8,49,50,-1,8,50,7,-1,9,10,48,-1,
  9,48,49,-1,9,49,8,-1,42,43,11,-1,12,41,42,-1,12,42,11,-1,12,13,41,-1,35,36,15,-1,47,48,10,-1]
  normalPerVertex TRUE
  normal DEF NORM_4 Normal { vector [
  0 0 1,0 0 1,
  0 0 1,0 0 1,
  0 0 1,0 0 1,
  0 0 1,0 0 1,
  0 0 1,0 0 1,
  0 0 1,0 0 1,
  0 0 1,0 0 1,
  0 0 1,0 0 1,
  0 0 1,0 0 1,
  0 0 1,0 0 1,
  0 0 1,0 0 1,
  0 0 1,0 0 1,
  0 0 1,0 0 1,
  0 0 1,0 0 1,
  0 0 1,0 0 1,
  0 0 1,0 0 1,
  0 0 1,0 0 1,
  0 0 1,0 0 1,
  0 0 1,0 0 1,
  0 0 1,0 0 1,
  0 0 1,0 0 1,
  0 0 1,0 0 1,
  0 0 1,0 0 1,
  0 0 1,0 0 1,
  0 0 1,0 0 1,
  0 0 1,0 0 1,
  0 0 1,0 0 1,
  0 0 1,0 0 1,
  0 0 1,0 0 1] }
}
}
DEF SHAPE_5 Shape {
 appearance USE APP_1
 geometry DEF FACE_5 IndexedFaceSet {
  coord DEF COORD_5 Coordinate { point [
  1.6624214 -1.1811024 2.863189,1.6624214 -1.1811024 1.1887139,
  -0.7007874 -1.1811024 1.1887139,-0.7007874 -1.1811024 2.988189,
  1.7921444 -1.1811024 2.988189,1.6660338 -1.1811024 2.8924974,
  1.6766573 -1.1811024 2.9201464,1.6936704 -1.1811024 2.9445881,
  1.716094 -1.1811024 2.9644789,1.742667 -1.1811024 2.9787531,
  1.7669295 -1.1811024 2.9858091] }
 coordIndex [
  8,3,7,-1,6,7,3,-1,9,3,8,-1,5,6,3,-1,10,3,9,-1,0,3,2,-1,0,5,3,-1,1,0,2,-1,
  3,10,4,-1]
  normalPerVertex TRUE
  normal DEF NORM_5 Normal { vector [
  0 -1 0,0 -1 0,
  0 -1 0,0 -1 0,
  0 -1 0,0 -1 0,
  0 -1 0,0 -1 0,
  0 -1 0,0 -1 0,
  0 -1 0] }
}
}
DEF SHAPE_6 Shape {
 appearance USE APP_1
 geometry DEF FACE_6 IndexedFaceSet {
  coord DEF COORD_6 Coordinate { point [
  1.6624214 1.1811024 1.1887139,1.6646179 1.1782258 1.1595436,
  1.6710887 1.1697599 1.1316245,1.6815019 1.1561629 1.1060875,
  1.6953631 1.1381146 1.0838713,1.7120837 1.1164206 1.0656858,
  1.7310295 1.091942 1.0520335,1.7515457 1.0655571 1.0432449,
  1.7646628 1.0487546 1.0403404,1.7779727 1.0317585 1.0393701,
  -0.55144357 1.0317585 1.0393701,-0.7007874 1.1811024 1.1887139,
  -0.69858971 1.1789047 1.1631876,-0.69206132 1.1723763 1.1384125,
  -0.68139437 1.1617093 1.1151179,-0.66690279 1.1472178 1.0939893,
  -0.64901311 1.1293281 1.0756486,-0.62825182 1.1085668 1.0606355,
  -0.59716924 1.0774842 1.0465424,-0.57458595 1.0549009 1.0411741] }
 coordIndex [
  12,0,1,-1,12,11,0,-1,13,1,2,-1,13,12,1,-1,14,2,3,-1,14,13,2,-1,15,3,4,-1,15,14,3,-1,
  16,4,5,-1,16,15,4,-1,17,5,6,-1,17,16,5,-1,18,6,7,-1,18,17,6,-1,19,7,8,-1,19,18,7,-1,
  10,8,9,-1,10,19,8,-1]
  normalPerVertex TRUE
  normal DEF NORM_6 Normal { vector [
  7.1797979e-05 0.99572495 -0.092367834,9.0574466e-05 0.97699893 -0.21324419,
  0.0001166442 0.91987701 -0.39220693,0.00012689497 0.83089891 -0.55642339,
  0.0001248112 0.71390046 -0.70024718,0.00011432456 0.57354045 -0.81917723,
  5.4348772e-06 0.40724819 -0.91331753,7.0668865e-05 0.25118605 -0.96793882,
  -3.2682673e-05 0.099232453 -0.99506428,0 0.056995137 -0.99837446,
  -8.7477957e-05 0.068873253 -0.99762541,0 0.9963143 -0.08577775,
  1.2375802e-05 0.98951085 -0.14445859,-1.5058497e-05 0.94743863 -0.31993757,
  -3.3320127e-05 0.87475165 -0.48457151,-4.317862e-05 0.77420946 -0.63292946,
  -4.5630701e-05 0.6494512 -0.76040327,-0.00014492914 0.4887039 -0.8724497,
  -0.00012937642 0.33273045 -0.94302197,-0.0001000964 0.15904484 -0.98727136] }
}
}
DEF SHAPE_7 Shape {
 appearance USE APP_1
 geometry DEF FACE_7 IndexedFaceSet {
  coord DEF COORD_7 Coordinate { point [
  1.6624214 -1.1811024 1.1887139,2.0267317 -2.1002989 1.1887139,
  2.5837887 -2.9172027 1.1887139,3.3064616 -3.5920274 1.1887139,
  4.1595533 -4.0919063 1.1887139,5.1015149 -4.3924933 1.1887139,
  6.0864693 -4.4791488 1.1887139,7.0664453 -4.3476522 1.1887139,
  7.9937143 -4.004408 1.1887139,8.8231146 -3.4661334 1.1887139,
  9.5142512 -2.7590447 1.1887139,10.033463 -1.9175796 1.1887139,
  10.355463 -0.982721 1.1887139,10.464567 0 1.1887139,
  10.355463 0.982721 1.1887139,10.033463 1.9175796 1.1887139,
  9.5142512 2.7590447 1.1887139,8.8231146 3.4661334 1.1887139,
  7.9937143 4.004408 1.1887139,7.0664453 4.3476522 1.1887139,
  6.0864693 4.4791488 1.1887139,5.1015149 4.3924933 1.1887139,
  4.1595533 4.0919063 1.1887139,3.3064616 3.5920274 1.1887139,
  2.5837887 2.9172027 1.1887139,2.0267317 2.1002989 1.1887139,
  1.6624214 1.1811024 1.1887139,1.6624214 1.1811024 2.863189,
  9.6424138 2.586711 2.863189,9.037953 3.2784344 2.863189,
  8.3051182 3.8323364 2.863189,7.474717 4.2251315 2.863189,
  6.5816585 4.4403072 2.863189,5.6634857 4.4688176 2.863189,
  4.7587975 4.3094644 2.863189,3.905626 3.9689465 2.863189,
  3.1398374 3.4615788 2.863189,2.4936246 2.8086905 2.863189,
  1.9941535 2.0377283 2.863189,9.6424138 2.586711 2.0137795,
  10.092671 1.7872093 2.0137795,10.370608 0.91274639 2.0137795,
  10.464567 0 2.0137795,10.370608 -0.91274639 2.0137795,
  10.092671 -1.7872093 2.0137795,9.6424138 -2.586711 2.0137795,
  9.6424138 -2.586711 2.863189,1.6624214 -1.1811024 2.863189,
  1.9941535 -2.0377283 2.863189,2.4936246 -2.8086905 2.863189,
  3.1398374 -3.4615788 2.863189,3.905626 -3.9689465 2.863189,
  4.7587975 -4.3094644 2.863189,5.6634857 -4.4688176 2.863189,
  6.5816585 -4.4403072 2.863189,7.474717 -4.2251315 2.863189,
  8.3051182 -3.8323364 2.863189,9.037953 -3.2784344 2.863189] }
 coordIndex [
  26,27,38,-1,25,38,37,-1,25,26,38,-1,24,37,36,-1,24,25,37,-1,23,36,35,-1,23,24,36,-1,22,35,34,-1,
  22,23,35,-1,21,34,33,-1,21,22,34,-1,20,33,32,-1,20,21,33,-1,19,32,31,-1,19,20,32,-1,18,31,30,-1,
  18,19,31,-1,17,30,29,-1,17,18,30,-1,39,29,28,-1,39,17,29,-1,16,17,39,-1,15,16,39,-1,15,39,40,-1,
  14,15,40,-1,14,40,41,-1,13,14,41,-1,13,41,42,-1,43,13,42,-1,12,13,43,-1,44,12,43,-1,11,12,44,-1,
  45,11,44,-1,57,45,46,-1,10,11,45,-1,9,45,57,-1,9,10,45,-1,9,57,56,-1,8,9,56,-1,8,56,55,-1,
  7,8,55,-1,7,55,54,-1,6,7,54,-1,6,54,53,-1,5,6,53,-1,5,53,52,-1,4,52,51,-1,4,5,52,-1,
  3,51,50,-1,3,4,51,-1,2,50,49,-1,2,3,50,-1,1,49,48,-1,1,2,49,-1,0,48,47,-1,0,1,48,-1]
  normalPerVertex TRUE
  normal DEF NORM_7 Normal { vector [
  -0.93103475 -0.36492368 -0.0022388865,-0.86999317 -0.49305496 -0.0029475452,
  -0.74401389 -0.66815114 -0.0041692425,-0.58341786 -0.81215584 -0.0051475642,
  -0.39567849 -0.91837025 -0.0058825902,-0.18953116 -0.98185402 -0.0063743832,
  0.025433104 -0.99965459 -0.0066229859,0.23921353 -0.97094436 -0.0066284204,
  0.44186456 -0.89705901 -0.0063906872,0.6482768 -0.76140138 -0.0022629062,
  0.78787553 -0.61580291 0.0062387343,0.89390024 -0.44818402 -0.0085699641,
  0.96921703 -0.2461332 -0.0060653052,0.99998926 0 -0.0046351441,
  0.96921703 0.2461332 -0.0060653052,0.89390024 0.44818402 -0.0085699641,
  0.78787553 0.61580291 0.0062387343,0.6482768 0.76140138 -0.0022629062,
  0.44186456 0.89705901 -0.0063906872,0.23921353 0.97094436 -0.0066284204,
  0.025433104 0.99965459 -0.0066229859,-0.18953116 0.98185402 -0.0063743832,
  -0.39567849 0.91837025 -0.0058825902,-0.58341786 0.81215584 -0.0051475642,
  -0.74401389 0.66815114 -0.0041692425,-0.86999317 0.49305496 -0.0029475452,
  -0.93103475 0.36492368 -0.0022388865,-0.93251862 0.36112189 0,
  0.75300656 0.658013 0,0.69443435 0.71954457 -0.0040691594,
  0.5273315 0.84965428 0.0030154696,0.33775953 0.94122661 0.0033104752,
  0.13321708 0.99108103 0.0034058328,-0.07722994 0.99700784 0.0033015516,
  -0.28425391 0.95874435 0.0029976216,-0.47867889 0.8779865 0.0024940135,
  -0.65188725 0.7583138 0.0017906797,-0.79620167 0.60503068 0.00088755451,
  -0.90522545 0.42493156 -0.00021544401,0.78045614 0.62520436 -0.0027767922,
  0.92765582 0.37343193 0.0018085845,0.98525524 0.17109035 -0.00045019058,
  1 0 0,0.98525524 -0.17109035 -0.00045019058,
  0.92765582 -0.37343193 0.0018085845,0.78045614 -0.62520436 -0.0027767922,
  0.75300656 -0.658013 0,-0.93251862 -0.36112189 0,
  -0.90522545 -0.42493156 -0.00021544401,-0.79620167 -0.60503068 0.00088755451,
  -0.65188725 -0.7583138 0.0017906797,-0.47867889 -0.8779865 0.0024940135,
  -0.28425391 -0.95874435 0.0029976216,-0.07722994 -0.99700784 0.0033015516,
  0.13321708 -0.99108103 0.0034058328,0.33775953 -0.94122661 0.0033104752,
  0.5273315 -0.84965428 0.0030154696,0.69443435 -0.71954457 -0.0040691594] }
}
}
DEF SHAPE_8 Shape {
 appearance USE APP_1
 geometry DEF FACE_8 IndexedFaceSet {
  coord DEF COORD_8 Coordinate { point [
  9.5403517 2.5145423 2.988189,9.5667674 2.5332209 2.9839297,
  9.5913828 2.5506267 2.9714422,9.6125205 2.5655733 2.9515773,
  9.6287401 2.5770423 2.925689,9.6389361 2.584252 2.8955414,
  9.6424138 2.586711 2.863189,9.037953 3.2784344 2.863189,
  8.3051182 3.8323364 2.863189,7.474717 4.2251315 2.863189,
  6.5816585 4.4403072 2.863189,5.6634857 4.4688176 2.863189,
  4.7587975 4.3094644 2.863189,3.905626 3.9689465 2.863189,
  3.1398374 3.4615788 2.863189,2.4936246 2.8086905 2.863189,
  1.9941535 2.0377283 2.863189,1.6624214 1.1811024 2.863189,
  1.6660338 1.1811024 2.8924974,1.6766573 1.1811024 2.9201464,
  1.6936704 1.1811024 2.9445881,1.716094 1.1811024 2.9644789,
  1.742667 1.1811024 2.9787531,1.7669295 1.1811024 2.9858091,
  1.7921444 1.1811024 2.988189,8.9550294 3.1848469 2.988189,
  8.2456827 3.7221901 2.988189,7.4419255 4.1041389 2.988189,
  6.5773132 4.3147476 2.988189,5.6879416 4.3452237 2.988189,
  4.8109405 4.1942948 2.988189,3.9829229 3.8682619 2.988189,
  3.2384571 3.3807364 2.988189,2.608623 2.7520715 2.988189,
  2.1197151 2.0085128 2.988189,9.0379366 3.2737282 2.8923696,
  9.0309993 3.266291 2.9199378,9.0198639 3.2543533 2.94437,
  9.0051457 3.2385745 2.9643161,8.9876582 3.2198268 2.9786739,
  8.9716634 3.2026795 2.9857871,8.3087937 3.8260674 2.8923696,
  8.3035129 3.8173754 2.9199378,8.2950364 3.8034235 2.94437,
  8.2838325 3.7849826 2.9643161,8.2705205 3.7630718 2.9786739,
  8.2583449 3.7430314 2.9857871,7.4826056 4.2186754 2.8923696,
  7.4792017 4.2090916 2.9199378,7.4737379 4.193708 2.94437,
  7.4665161 4.1733748 2.9643161,7.4579355 4.1492156 2.9786739,
  7.4500873 4.1271188 2.9857871,6.5938641 4.4351617 2.8923696,
  6.5924791 4.425086 2.9199378,6.5902562 4.408913 2.94437,
  6.587318 4.3875364 2.9643161,6.5838269 4.3621375 2.9786739,
  6.5806338 4.3389067 2.9857871,5.6796723 4.4664883 2.8923696,
  5.6803643 4.4563414 2.9199378,5.6814749 4.4400542 2.94437,
  5.6829429 4.4185266 2.9643161,5.6846872 4.3929482 2.9786739,
  5.6862825 4.3695534 2.9857871,4.7781962 4.3113473 2.8923696,
  4.7809361 4.3015529 2.9199378,4.785334 4.2858314 2.94437,
  4.791147 4.2650515 2.9643161,4.7980537 4.2403617 2.9786739,
  4.8043709 4.2177795 2.9857871,3.9270707 3.9762157 2.8923696,
  3.9317441 3.9671826 2.9199378,3.9392457 3.9526832 2.94437,
  3.9491609 3.9335186 2.9643161,3.9609418 3.9107479 2.9786739,
  3.9717171 3.8899211 2.9857871,3.1618286 3.4750845 2.8923696,
  3.1682405 3.4671899 2.9199378,3.1785326 3.4545179 2.94437,
  3.1921361 3.4377687 2.9643161,3.2082994 3.4178678 2.9786739,
  3.2230828 3.3996658 2.9857871,2.5144174 2.8288751 2.8923696,
  2.5223001 2.8224485 2.9199378,2.534953 2.8121329 2.94437,
  2.5516769 2.7984983 2.9643161,2.5715477 2.7822981 2.9786739,
  2.5897222 2.7674809 2.9857871,2.0118653 2.0645655 2.8923696,
  2.0208897 2.0598752 2.9199378,2.0353752 2.0523467 2.94437,
  2.0545213 2.0423959 2.9643161,2.07727 2.0305727 2.9786739,
  2.0980768 2.0197588 2.9857871,1.6751529 1.2140641 2.8923696,
  1.6849422 1.211306 2.9199378,1.7006555 1.2068788 2.94437,
  1.7214245 1.2010273 2.9643161,1.7461015 1.1940747 2.9786739,
  1.768672 1.1877156 2.9857871] }
 coordIndex [
  35,5,6,-1,35,6,7,-1,36,4,5,-1,36,35,7,-1,36,5,35,-1,37,3,4,-1,37,4,36,-1,38,2,3,-1,
  38,3,37,-1,39,1,2,-1,39,2,38,-1,40,0,1,-1,40,25,0,-1,40,1,39,-1,41,7,8,-1,42,41,8,-1,
  42,7,41,-1,42,36,7,-1,43,42,8,-1,43,37,36,-1,43,36,42,-1,44,37,43,-1,44,38,37,-1,45,39,38,-1,
  45,38,44,-1,46,26,25,-1,46,40,39,-1,46,25,40,-1,46,39,45,-1,47,8,9,-1,48,47,9,-1,48,8,47,-1,
  49,8,48,-1,49,43,8,-1,49,48,9,-1,50,45,44,-1,50,43,49,-1,50,44,43,-1,51,45,50,-1,52,46,45,-1,
  52,27,26,-1,52,26,46,-1,52,45,51,-1,53,9,10,-1,54,53,10,-1,54,9,53,-1,55,49,9,-1,55,9,54,-1,
  55,54,10,-1,56,50,49,-1,56,49,55,-1,56,55,10,-1,57,51,50,-1,57,50,56,-1,58,27,52,-1,58,51,57,-1,
  58,28,27,-1,58,52,51,-1,59,10,11,-1,60,59,11,-1,60,10,59,-1,61,10,60,-1,61,60,11,-1,62,56,10,-1,
  62,61,11,-1,62,10,61,-1,63,57,56,-1,63,56,62,-1,64,29,28,-1,64,57,63,-1,64,58,57,-1,64,28,58,-1,
  65,11,12,-1,66,11,65,-1,66,65,12,-1,67,11,66,-1,67,66,12,-1,68,62,11,-1,68,11,67,-1,68,67,12,-1,
  69,63,62,-1,69,62,68,-1,70,30,29,-1,70,29,64,-1,70,64,63,-1,70,63,69,-1,71,12,13,-1,72,12,71,-1,
  72,71,13,-1,73,12,72,-1,73,72,13,-1,74,68,12,-1,74,12,73,-1,74,73,13,-1,75,69,68,-1,75,68,74,-1,
  75,74,13,-1,76,31,30,-1,76,32,31,-1,76,30,70,-1,76,70,69,-1,76,69,75,-1,77,13,14,-1,78,13,77,-1,
  78,77,14,-1,79,13,78,-1,79,78,14,-1,80,79,14,-1,80,13,79,-1,81,80,14,-1,81,13,80,-1,81,75,13,-1,
  81,76,75,-1,82,76,81,-1,82,32,76,-1,83,14,15,-1,84,14,83,-1,84,83,15,-1,85,14,84,-1,85,84,15,-1,
  86,14,85,-1,86,85,15,-1,87,14,86,-1,87,86,15,-1,87,81,14,-1,88,82,81,-1,88,32,82,-1,88,81,87,-1,
  88,33,32,-1,89,15,16,-1,90,15,89,-1,90,89,16,-1,91,15,90,-1,91,90,16,-1,92,15,91,-1,92,91,16,-1,
  93,87,15,-1,93,15,92,-1,93,92,16,-1,94,87,93,-1,94,88,87,-1,94,33,88,-1,94,34,33,-1,94,93,16,-1,
  95,16,17,-1,95,17,18,-1,95,18,19,-1,96,16,95,-1,96,95,19,-1,96,19,20,-1,97,20,21,-1,97,16,96,-1,
  97,96,20,-1,98,21,22,-1,98,16,97,-1,98,97,21,-1,99,22,23,-1,99,16,98,-1,99,98,22,-1,100,23,24,-1,
  100,24,34,-1,100,94,16,-1,100,34,94,-1,100,99,23,-1,100,16,99,-1]
  normalPerVertex TRUE
  normal DEF NORM_8 Normal { vector [
  0.08861475 0.076699037 0.9931086,0.20297768 0.17644858 0.96315417,
  0.37587195 0.32754288 0.86685405,0.52784589 0.46030143 0.7137936,
  0.64569828 0.56331042 0.51551441,0.72221436 0.63026913 0.28489866,
  0.74796608 0.65306952 0.1185198,0.62284265 0.75488397 0.20546831,
  0.43452108 0.84623929 0.30833502,0.25337547 0.91740393 0.30687278,
  0.054101942 0.91018706 0.41064888,-0.13225807 0.90262904 0.40959569,
  -0.31327611 0.85729005 0.40854846,-0.45560716 0.73010675 0.50928014,
  -0.59490971 0.62249727 0.50850722,-0.70946856 0.48872866 0.50773877,
  -0.74626877 0.31312606 0.58739679,-0.93379618 0.35779049 0.0032639869,
  -0.93677242 0.26007297 0.23413559,-0.87558873 0.24344095 0.41723002,
  -0.75846822 0.21141744 0.61646462,-0.60083945 0.16810504 0.78149386,
  -0.42430211 0.1192391 0.89763565,-0.23305088 0.066131271 0.97021335,
  -0.091627439 0.036205237 0.99513496,0.064394697 0.073972404 0.99517908,
  0.048015293 0.085516813 0.99517908,0.02963134 0.093491055 0.99517908,
  0.010010335 0.09756222 0.99517908,-0.010028584 0.097560346 0.99517908,
  -0.029648828 0.09348551 0.99517908,-0.045040268 0.087055925 0.99518473,
  -0.061794604 0.076084076 0.99518473,-0.078096842 0.059325179 0.99517908,
  -0.088524754 0.042213286 0.99517908,0.73744829 0.64740873 0.19243689,
  0.61135886 0.6740575 0.41459238,0.5168904 0.54910873 0.65673733,
  0.39524968 0.41912282 0.81738226,0.26244879 0.27641251 0.92450893,
  0.12467298 0.12856708 0.98383289,0.58796772 0.77790517 0.22171492,
  0.56141215 0.75100797 0.34756787,0.40807381 0.72211165 0.55859694,
  0.32710166 0.511257 0.79474574,0.21211727 0.35649061 0.90990148,
  0.10710929 0.16340013 0.9807283,0.41745739 0.88253925 0.21645741,
  0.38138602 0.80628141 0.45216701,0.29125965 0.81531284 0.5004326,
  0.2016847 0.53771888 0.81864625,0.12219497 0.3605684 0.9246939,
  0.071661667 0.18175976 0.9807283,0.22895446 0.9502456 0.21121826,
  0.20892263 0.8671061 0.45219282,0.19843811 0.85447592 0.48009709,
  0.063865659 0.72657585 0.68411162,0.059255554 0.39655223 0.91609776,
  0.033222306 0.19253125 0.9807283,0.030370723 0.97808095 0.20599824,
  0.027681571 0.89147754 0.45221845,0.023649147 0.7616144 0.64759881,
  -0.052253049 0.7903092 0.61047604,-0.022582381 0.40031853 0.91609776,
  -0.0066040248 0.19526492 0.9807283,-0.16993797 0.9647804 0.20079809,
  -0.1547179 0.87837226 0.4522439,-0.13217786 0.75040679 0.64762541,
  -0.21159305 0.76229828 0.61166143,-0.10347754 0.38737229 0.91609776,
  -0.046154649 0.18984665 0.9807283,-0.36352446 0.91081466 0.19561856,
  -0.33060807 0.82834227 0.45226916,-0.28243924 0.70765472 0.64765181,
  -0.30580486 0.74171059 0.59694957,-0.34606372 0.56901518 0.74596356,
  -0.08976798 0.17350773 0.98073278,-0.54220764 0.81837383 0.19046037,
  -0.49259507 0.74349177 0.45229424,-0.42081881 0.63515724 0.64767802,
  -0.32564513 0.49150812 0.80769736,-0.43902914 0.54634068 0.71327784,
  -0.12299409 0.15143542 0.98078528,-0.69841919 0.69127821 0.18532423,
  -0.63386971 0.62738871 0.45231913,-0.5415002 0.53596363 0.64770403,
  -0.4190261 0.41474176 0.80771678,-0.55804331 0.45736591 0.69239013,
  -0.14710844 0.12857337 0.9807283,-0.82552516 0.53481984 0.18021085,
  -0.74849368 0.48491469 0.45234384,-0.63941137 0.41424527 0.64772985,
  -0.49478424 0.32054799 0.80773606,-0.61429942 0.38799644 0.68709169,
  -0.50189286 0.2047561 0.84034427,-0.91768843 0.35574596 0.17689759,
  -0.8261085 0.33470024 0.45334368,-0.69878379 0.30525422 0.64693205,
  -0.53095107 0.26652617 0.80439714,-0.34951635 0.2248486 0.90955012,
  -0.56316694 0.23448478 0.7923761] }
}
}
DEF SHAPE_9 Shape {
 appearance USE APP_1
 geometry DEF FACE_9 IndexedFaceSet {
  coord DEF COORD_9 Coordinate { point [
  1.7779727 1.0317585 1.0393701,-0.55144357 1.0317585 1.0393701,
  10.315223 0 1.0393701,10.20783 0.95848828 1.0393701,
  9.8909765 1.8694422 1.0393701,9.3803766 2.6876846 1.0393701,
  8.7013522 3.3726365 1.0393701,7.8875785 3.8903289 1.0393701,
  6.979413 4.2150878 1.0393701,6.0218943 4.3308075 1.0393701,
  5.0625088 4.2317491 1.0393701,4.1488354 3.9228251 1.0393701,
  3.326186 3.4193561 1.0393701,2.6353583 2.7463107 1.0393701,
  2.1106126 1.9370672 1.0393701,1.7779727 -1.0317585 1.0393701,
  2.1106126 -1.9370672 1.0393701,2.6353583 -2.7463107 1.0393701,
  3.326186 -3.4193561 1.0393701,4.1488354 -3.9228251 1.0393701,
  5.0625088 -4.2317491 1.0393701,6.0218943 -4.3308075 1.0393701,
  6.979413 -4.2150878 1.0393701,7.8875785 -3.8903289 1.0393701,
  8.7013522 -3.3726365 1.0393701,9.3803766 -2.6876846 1.0393701,
  9.8909765 -1.8694422 1.0393701,10.20783 -0.95848828 1.0393701,
  -0.55144357 -1.0317585 1.0393701,6.2933071 -3.7401575 1.0393701,
  6.2827763 -3.6601681 1.0393701,6.2519016 -3.5856299 1.0393701,
  6.2027869 -3.5216225 1.0393701,6.1387795 -3.4725079 1.0393701,
  6.0642413 -3.4416332 1.0393701,5.984252 -3.4311024 1.0393701,
  5.9042626 -3.4416332 1.0393701,5.8297244 -3.4725079 1.0393701,
  5.765717 -3.5216225 1.0393701,5.7166024 -3.5856299 1.0393701,
  5.6857276 -3.6601681 1.0393701,5.6751969 -3.7401575 1.0393701,
  5.6857276 -3.8201468 1.0393701,5.7166024 -3.894685 1.0393701,
  5.765717 -3.9586925 1.0393701,5.8297244 -4.0078071 1.0393701,
  5.9042626 -4.0386818 1.0393701,5.984252 -4.0492126 1.0393701,
  6.0642413 -4.0386818 1.0393701,6.1387795 -4.0078071 1.0393701,
  6.2027869 -3.9586925 1.0393701,6.2519016 -3.894685 1.0393701,
  6.2827763 -3.8201468 1.0393701,8.1062992 0.47244094 1.0393701,
  8.1062992 -0.47244094 1.0393701,8.0275591 0.47244094 1.0393701,
  8.0275591 -0.47244094 1.0393701,0.039370079 0.47244094 1.0393701,
  0.039370079 -0.47244094 1.0393701,-0.039370079 0.47244094 1.0393701,
  -0.039370079 -0.47244094 1.0393701,9.5323785 1.8700787 1.0393701,
  9.5218477 1.9500681 1.0393701,9.4909729 2.0246063 1.0393701,
  9.4418583 2.0886137 1.0393701,9.3778509 2.1377283 1.0393701,
  9.3033127 2.1686031 1.0393701,9.2233234 2.1791339 1.0393701,
  9.143334 2.1686031 1.0393701,9.0687958 2.1377283 1.0393701,
  9.0047884 2.0886137 1.0393701,8.9556738 2.0246063 1.0393701,
  8.924799 1.9500681 1.0393701,8.9142682 1.8700787 1.0393701,
  8.924799 1.7900894 1.0393701,8.9556738 1.7155512 1.0393701,
  9.0047884 1.6515438 1.0393701,9.0687958 1.6024292 1.0393701,
  9.143334 1.5715544 1.0393701,9.2233234 1.5610236 1.0393701,
  9.3033127 1.5715544 1.0393701,9.3778509 1.6024292 1.0393701,
  9.4418583 1.6515438 1.0393701,9.4909729 1.7155512 1.0393701,
  9.5218477 1.7900894 1.0393701,3.0542357 1.8700787 1.0393701,
  3.0437049 1.9500681 1.0393701,3.0128302 2.0246063 1.0393701,
  2.9637155 2.0886137 1.0393701,2.8997081 2.1377283 1.0393701,
  2.8251699 2.1686031 1.0393701,2.7451806 2.1791339 1.0393701,
  2.6651912 2.1686031 1.0393701,2.590653 2.1377283 1.0393701,
  2.5266456 2.0886137 1.0393701,2.477531 2.0246063 1.0393701,
  2.4466563 1.9500681 1.0393701,2.4361255 1.8700787 1.0393701,
  2.4466563 1.7900894 1.0393701,2.477531 1.7155512 1.0393701,
  2.5266456 1.6515438 1.0393701,2.590653 1.6024292 1.0393701,
  2.6651912 1.5715544 1.0393701,2.7451806 1.5610236 1.0393701,
  2.8251699 1.5715544 1.0393701,2.8997081 1.6024292 1.0393701,
  2.9637155 1.6515438 1.0393701,3.0128302 1.7155512 1.0393701,
  3.0437049 1.7900894 1.0393701] }
 coordIndex [
  50,22,21,-1,51,22,50,-1,49,50,21,-1,48,49,21,-1,52,22,51,-1,47,48,21,-1,29,22,52,-1,46,47,21,-1,
  30,23,22,-1,30,22,29,-1,45,46,21,-1,31,23,30,-1,32,23,31,-1,32,24,23,-1,20,40,41,-1,20,41,42,-1,
  20,42,43,-1,20,43,44,-1,20,44,45,-1,20,45,21,-1,54,26,25,-1,54,27,26,-1,54,2,27,-1,56,25,24,-1,
  56,32,33,-1,56,33,34,-1,56,34,35,-1,56,35,36,-1,56,24,32,-1,56,54,25,-1,19,38,39,-1,19,39,40,-1,
  19,40,20,-1,82,4,3,-1,81,82,3,-1,83,4,82,-1,80,81,3,-1,84,4,83,-1,79,80,3,-1,61,4,84,-1,
  53,3,2,-1,53,2,54,-1,53,79,3,-1,78,79,53,-1,62,4,61,-1,63,4,62,-1,77,78,53,-1,64,4,63,-1,
  76,77,53,-1,75,76,53,-1,74,53,55,-1,74,75,53,-1,73,74,55,-1,18,37,38,-1,18,38,19,-1,5,4,64,-1,
  5,64,65,-1,5,65,66,-1,5,66,67,-1,5,67,68,-1,5,68,69,-1,17,37,18,-1,6,5,69,-1,6,69,70,-1,
  6,70,71,-1,6,71,72,-1,16,36,37,-1,16,37,17,-1,7,73,55,-1,7,6,72,-1,7,72,73,-1,8,7,55,-1,
  9,8,55,-1,106,36,16,-1,106,56,36,-1,105,16,15,-1,105,106,16,-1,107,55,56,-1,107,56,106,-1,104,105,15,-1,
  108,55,107,-1,85,55,108,-1,103,104,15,-1,10,9,55,-1,10,55,85,-1,0,100,101,-1,0,101,102,-1,0,102,103,-1,
  0,103,15,-1,0,99,100,-1,58,0,15,-1,28,58,15,-1,60,58,28,-1,11,10,85,-1,11,85,86,-1,14,99,0,-1,
  14,94,95,-1,14,95,96,-1,14,96,97,-1,14,97,98,-1,14,98,99,-1,12,86,87,-1,12,87,88,-1,12,88,89,-1,
  12,11,86,-1,13,94,14,-1,13,12,89,-1,13,89,90,-1,13,90,91,-1,13,91,92,-1,13,92,93,-1,13,93,94,-1,
  57,0,58,-1,59,60,28,-1,1,57,59,-1,1,0,57,-1,1,59,28,-1]
  normalPerVertex TRUE
  normal DEF NORM_9 Normal { vector [
  0 0 -1,0 0 -1,
  0 0 -1,0 0 -1,
  0 0 -1,0 0 -1,
  0 0 -1,0 0 -1,
  0 0 -1,0 0 -1,
  0 0 -1,0 0 -1,
  0 0 -1,0 0 -1,
  0 0 -1,0 0 -1,
  0 0 -1,0 0 -1,
  0 0 -1,0 0 -1,
  0 0 -1,0 0 -1,
  0 0 -1,0 0 -1,
  0 0 -1,0 0 -1,
  0 0 -1,0 0 -1,
  0 0 -1,0 0 -1,
  0 0 -1,0 0 -1,
  0 0 -1,0 0 -1,
  0 0 -1,0 0 -1,
  0 0 -1,0 0 -1,
  0 0 -1,0 0 -1,
  0 0 -1,0 0 -1,
  0 0 -1,0 0 -1,
  0 0 -1,0 0 -1,
  0 0 -1,0 0 -1,
  0 0 -1,0 0 -1,
  0 0 -1,0 0 -1,
  0 0 -1,0 0 -1,
  0 0 -1,0 0 -1,
  0 0 -1,0 0 -1,
  0 0 -1,0 0 -1,
  0 0 -1,0 0 -1,
  0 0 -1,0 0 -1,
  0 0 -1,0 0 -1,
  0 0 -1,0 0 -1,
  0 0 -1,0 0 -1,
  0 0 -1,0 0 -1,
  0 0 -1,0 0 -1,
  0 0 -1,0 0 -1,
  0 0 -1,0 0 -1,
  0 0 -1,0 0 -1,
  0 0 -1,0 0 -1,
  0 0 -1,0 0 -1,
  0 0 -1,0 0 -1,
  0 0 -1,0 0 -1,
  0 0 -1,0 0 -1,
  0 0 -1,0 0 -1,
  0 0 -1,0 0 -1,
  0 0 -1,0 0 -1,
  0 0 -1,0 0 -1,
  0 0 -1,0 0 -1,
  0 0 -1,0 0 -1,
  0 0 -1,0 0 -1,
  0 0 -1,0 0 -1,
  0 0 -1,0 0 -1,
  0 0 -1] }
}
}
DEF SHAPE_10 Shape {
 appearance USE APP_1
 geometry DEF FACE_10 IndexedFaceSet {
  coord DEF COORD_10 Coordinate { point [
  1.7779727 -1.0317585 1.0393701,1.748575 -1.0693696 1.0441837,
  1.7210701 -1.1047964 1.0584486,1.6971529 -1.1357884 1.0815628,
  1.6800649 -1.1580373 1.1089816,1.669232 -1.1721878 1.1378888,
  1.6641423 -1.1788485 1.1628657,1.6624214 -1.1811024 1.1887139,
  -0.7007874 -1.1811024 1.1887139,-0.69858971 -1.1789047 1.1631876,
  -0.69206132 -1.1723763 1.1384125,-0.68139437 -1.1617093 1.1151179,
  -0.66690279 -1.1472178 1.0939893,-0.64901311 -1.1293281 1.0756486,
  -0.62825182 -1.1085668 1.0606355,-0.59716924 -1.0774842 1.0465424,
  -0.57458595 -1.0549009 1.0411741,-0.55144357 -1.0317585 1.0393701] }
 coordIndex [
  7,8,9,-1,6,9,10,-1,6,7,9,-1,5,10,11,-1,5,6,10,-1,4,11,12,-1,4,5,11,-1,3,12,13,-1,
  3,4,12,-1,2,13,14,-1,2,14,15,-1,2,3,13,-1,1,15,16,-1,1,2,15,-1,0,16,17,-1,0,1,16,-1]
  normalPerVertex TRUE
  normal DEF NORM_10 Normal { vector [
  0.00030549471 -0.10854575 -0.99409141,0.00028626982 -0.2479974 -0.96876065,
  0.00019647249 -0.49032376 -0.87154035,0.00024971749 -0.69576723 -0.71826729,
  0.0002054005 -0.83581882 -0.54900533,9.8287893e-05 -0.92596701 -0.37760441,
  6.785133e-06 -0.97977047 -0.20012455,5.9690901e-06 -0.99626696 -0.086325775,
  0 -0.9963143 -0.08577775,1.0052811e-07 -0.98976463 -0.14270941,
  -3.7878476e-06 -0.9505935 -0.3104384,3.4527977e-05 -0.88137333 -0.47242041,
  6.3302576e-05 -0.77454821 -0.63251487,0.00015416587 -0.62992275 -0.77665778,
  -2.6079374e-05 -0.48952623 -0.87198857,3.4293979e-05 -0.35411601 -0.9352015,
  0.00017222487 -0.14255331 -0.98978711,0 -0.077715246 -0.9969756] }
}
}
DEF SHAPE_11 Shape {
 appearance USE APP_1
 geometry DEF FACE_11 IndexedFaceSet {
  coord DEF COORD_11 Coordinate { point [
  9.2341655 2.2980359 2.0137795,9.6424138 2.586711 2.0137795,
  9.2341655 2.2980359 2.863189,9.2376432 2.300495 2.8955414,
  9.2478392 2.3077047 2.925689,9.2640588 2.3191737 2.9515773,
  9.2851966 2.3341203 2.9714422,9.309812 2.351526 2.9839297,
  9.3362276 2.3702047 2.988189,9.5403517 2.5145423 2.988189,
  9.5667674 2.5332209 2.9839297,9.5913828 2.5506267 2.9714422,
  9.6125205 2.5655733 2.9515773,9.6287401 2.5770423 2.925689,
  9.6389361 2.584252 2.8955414,9.6424138 2.586711 2.863189] }
 coordIndex [
  4,6,5,-1,8,7,6,-1,8,6,4,-1,2,4,3,-1,2,8,4,-1,9,8,2,-1,11,10,9,-1,13,12,11,-1,
  14,11,9,-1,14,13,11,-1,15,9,2,-1,15,14,9,-1,1,2,0,-1,1,15,2,-1]
  normalPerVertex TRUE
  normal DEF NORM_11 Normal { vector [
  0.57735027 -0.81649658 0,0.57735027 -0.81649658 0,
  0.57735027 -0.81649658 0,0.57735027 -0.81649658 0,
  0.57735027 -0.81649658 0,0.57735027 -0.81649658 0,
  0.57735027 -0.81649658 0,0.57735027 -0.81649658 0,
  0.57735027 -0.81649658 0,0.57735027 -0.81649658 0,
  0.57735027 -0.81649658 0,0.57735027 -0.81649658 0,
  0.57735027 -0.81649658 0,0.57735027 -0.81649658 0,
  0.57735027 -0.81649658 0,0.57735027 -0.81649658 0] }
}
}
DEF SHAPE_12 Shape {
 appearance USE APP_1
 geometry DEF FACE_12 IndexedFaceSet {
  coord DEF COORD_12 Coordinate { point [
  2.1832121 1.1811024 2.863189,2.5375126 1.9907022 2.863189,
  3.0617212 2.7021697 2.863189,3.7299969 3.2804331 2.863189,
  4.5093966 3.6969865 2.863189,5.3614998 3.9312958 2.863189,
  6.2443018 3.9718108 2.863189,7.1142845 3.8165342 2.863189,
  7.928562 3.4731205 2.863189,8.6469941 2.9584982 2.863189,
  9.2341655 2.2980359 2.863189,9.2376432 2.300495 2.8955414,
  9.2478392 2.3077047 2.925689,9.2640588 2.3191737 2.9515773,
  9.2851966 2.3341203 2.9714422,9.309812 2.351526 2.9839297,
  9.3362276 2.3702047 2.988189,2.0525083 1.1811024 2.988189,
  2.41194 2.0229182 2.988189,2.9489623 2.7641686 2.988189,
  3.6368783 3.3680035 2.988189,4.4414895 3.8044047 2.988189,
  5.3227961 4.0516771 2.988189,6.2369858 4.0975281 2.988189,
  7.1386113 3.9396784 2.988189,7.98285 3.585975 2.988189,
  8.7277322 3.0540018 2.988189,2.0861366 1.1811024 2.9839718,
  2.1175526 1.1811024 2.9715856,2.1446401 1.1811024 2.951816,
  2.1637607 1.1811024 2.9287608,2.1757437 1.1811024 2.9048095,
  2.1813301 1.1811024 2.8843094,8.7089733 3.0273616 2.9839297,
  8.6888052 3.0049534 2.9714422,8.6714865 2.985711 2.9515773,
  8.6593166 2.9721895 2.9285013,8.6517177 2.9637465 2.9046062,
  7.9738186 3.5539624 2.9839297,7.9590921 3.5276564 2.9714422,
  7.9464461 3.5050669 2.9515773,7.9375598 3.4891933 2.9285013,
  7.9320111 3.4792817 2.9046062,7.1405877 3.9053696 2.9839297,
  7.1320286 3.8764625 2.9714422,7.1246788 3.8516394 2.9515773,
  7.1195141 3.8341963 2.9285013,7.1162892 3.8233047 2.9046062,
  6.2503548 4.0642605 2.9839297,6.2483852 4.0341773 2.9714422,
  6.2466938 4.0083443 2.9515773,6.2455053 3.9901915 2.9285013,
  6.2447631 3.9788567 2.9046062,5.3470044 4.0228025 2.9839297,
  5.3517212 3.9930261 2.9714422,5.3557717 3.9674566 2.9515773,
  5.3586179 3.949489 2.9285013,5.3603951 3.9382699 2.9046062,
  4.4750672 3.7830392 2.9839297,4.4862381 3.7550376 2.9714422,
  4.4958307 3.730992 2.9515773,4.5025713 3.7140953 2.9285013,
  4.5067803 3.7035448 2.9046062,3.6775258 3.3567899 2.9839297,
  3.6945999 3.3319433 2.9714422,3.7092618 3.3106071 2.9515773,
  3.7195647 3.2956141 2.9285013,3.7259979 3.2862525 2.9046062,
  2.9936951 2.7650667 2.9839297,3.0158309 2.7446 2.9714422,
  3.0348393 2.7270248 2.9515773,3.0481964 2.7146748 2.9285013,
  3.0565367 2.7069633 2.9046062,2.4572848 2.0370387 2.9839297,
  2.483391 2.0219607 2.9714422,2.5058089 2.009013 2.9515773,
  2.5215619 1.9999147 2.9285013,2.5313982 1.9942336 2.9046062,
  2.0947373 1.2085942 2.9839297,2.1235271 1.1996484 2.9714422,
  2.1482494 1.1919664 2.9515773,2.1656217 1.1865682 2.9285013,
  2.1764691 1.1831976 2.9046062] }
 coordIndex [
  9,10,11,-1,33,15,16,-1,33,16,26,-1,34,14,15,-1,34,33,26,-1,34,15,33,-1,35,13,14,-1,35,14,34,-1,
  36,12,13,-1,36,13,35,-1,37,11,12,-1,37,9,11,-1,37,12,36,-1,38,26,25,-1,39,26,38,-1,39,38,25,-1,
  39,34,26,-1,40,35,34,-1,40,34,39,-1,40,39,25,-1,41,35,40,-1,41,36,35,-1,42,9,37,-1,42,8,9,-1,
  42,37,36,-1,42,36,41,-1,43,25,24,-1,44,25,43,-1,44,43,24,-1,45,44,24,-1,45,40,25,-1,45,25,44,-1,
  46,40,45,-1,46,41,40,-1,47,41,46,-1,47,7,8,-1,47,8,42,-1,47,42,41,-1,48,24,23,-1,49,24,48,-1,
  49,48,23,-1,50,49,23,-1,50,45,24,-1,50,24,49,-1,51,46,45,-1,51,45,50,-1,51,50,23,-1,52,7,47,-1,
  52,6,7,-1,52,46,51,-1,52,47,46,-1,53,23,22,-1,54,23,53,-1,54,53,22,-1,55,54,22,-1,55,23,54,-1,
  56,51,23,-1,56,52,51,-1,56,55,22,-1,56,23,55,-1,57,5,6,-1,57,6,52,-1,57,52,56,-1,58,22,21,-1,
  59,22,58,-1,59,58,21,-1,60,22,59,-1,60,59,21,-1,61,56,22,-1,61,60,21,-1,61,22,60,-1,62,4,5,-1,
  62,57,56,-1,62,56,61,-1,62,61,21,-1,62,5,57,-1,63,21,20,-1,64,21,63,-1,64,63,20,-1,65,21,64,-1,
  65,64,20,-1,66,21,65,-1,66,65,20,-1,67,3,4,-1,67,4,62,-1,67,62,21,-1,67,21,66,-1,67,66,20,-1,
  68,20,19,-1,69,20,68,-1,69,68,19,-1,70,20,69,-1,70,69,19,-1,71,20,70,-1,71,70,19,-1,72,2,3,-1,
  72,67,20,-1,72,3,67,-1,72,71,19,-1,72,20,71,-1,73,19,18,-1,74,19,73,-1,74,73,18,-1,75,19,74,-1,
  75,74,18,-1,76,19,75,-1,76,75,18,-1,77,1,2,-1,77,2,72,-1,77,72,19,-1,77,19,76,-1,77,76,18,-1,
  78,18,17,-1,78,17,27,-1,78,27,28,-1,79,28,29,-1,79,18,78,-1,79,78,28,-1,80,18,79,-1,80,29,30,-1,
  80,79,29,-1,81,18,80,-1,81,30,31,-1,81,80,30,-1,82,0,1,-1,82,18,81,-1,82,81,31,-1,82,31,32,-1,
  82,32,0,-1,82,1,77,-1,82,77,18,-1]
  normalPerVertex TRUE
  normal DEF NORM_12 Normal { vector [
  0.90406396 -0.39338302 0.16708726,0.87142085 -0.4608903 0.16794591,
  0.74824551 -0.64181214 0.16794591,0.58818518 -0.79109567 0.16794591,
  0.3991301 -0.9013819 0.16794591,0.19039978 -0.96723425 0.16794591,
  -0.027716358 -0.9854065 0.16794591,-0.24446621 -0.95500285 0.16794591,
  -0.44916502 -0.87752205 0.16794591,-0.65582968 -0.73767969 0.16036239,
  -0.74104064 -0.6588081 0.12973303,-0.72886225 -0.64765251 0.22204965,
  -0.65634238 -0.58405672 0.47759024,-0.54893207 -0.4882177 0.6784667,
  -0.40334842 -0.35858924 0.84185736,-0.22600911 -0.2009291 0.95317752,
  -0.098776445 -0.087857353 0.99122364,0.13763101 -0.058219989 0.98877102,
  0.49678877 -0.22048751 0.83939632,0.43540287 -0.32433826 0.83977916,
  0.35269769 -0.41198107 0.84016424,0.25279661 -0.47913154 0.84055151,
  0.11684788 -0.43765304 0.89151915,0.017344564 -0.45202446 0.8918369,
  -0.065610441 -0.34362189 0.93681336,-0.13959422 -0.32007851 0.93705027,
  -0.14136146 -0.18725792 0.97208611,0.24662304 -0.075676902 0.9661522,
  0.42980287 -0.13255356 0.89313999,0.62628234 -0.19407202 0.75505396,
  0.77864069 -0.24258299 0.57868141,0.87512149 -0.27399682 0.39885853,
  0.85414769 0.49693152 0.15326708,-0.16545795 -0.14301687 0.9757919,
  -0.29787321 -0.3373734 0.89300097,-0.46535728 -0.51973839 0.71645978,
  -0.56739599 -0.62833953 0.53221351,-0.65446085 -0.69688062 0.29332303,
  -0.15324057 -0.21457129 0.96461209,-0.22941466 -0.30885686 0.92302565,
  -0.28697343 -0.52345147 0.80227477,-0.41304906 -0.73871673 0.53262375,
  -0.50107392 -0.82175838 0.27136339,-0.102537 -0.24474099 0.96415145,
  -0.19407024 -0.4632176 0.86473476,-0.14958111 -0.50905761 0.84763544,
  -0.23986824 -0.81164966 0.53262375,-0.3074001 -0.91206748 0.27136339,
  -0.046050586 -0.26303736 0.96368599,-0.086602473 -0.49466658 0.86475718,
  -0.099562566 -0.50621106 0.85664325,-0.044444372 -0.67506245 0.73642066,
  -0.082562289 -0.95343018 0.2900937,0.013461152 -0.26839193 0.96321574,
  0.025153729 -0.50152155 0.86477941,0.035056335 -0.69896226 0.71429883,
  0.09439891 -0.64022908 0.76236184,0.12585557 -0.96075569 0.24720211,
  0.073053753 -0.26037178 0.96274072,0.13564261 -0.48344551 0.86480143,
  0.1890474 -0.67378615 0.71433417,0.15300077 -0.5971558 0.78739806,
  0.30331248 -0.78466892 0.54064427,0.12974123 -0.23920939 0.96226092,
  0.23937226 -0.44134074 0.86482326,0.33362509 -0.61511866 0.71436919,
  0.40417693 -0.74519806 0.53039689,0.41345561 -0.63215301 0.65531445,
  0.18064546 -0.20579943 0.96177638,0.33118756 -0.37730376 0.86484489,
  0.46160353 -0.52587951 0.71440389,0.55923174 -0.63710195 0.5304347,
  0.54209827 -0.52463174 0.65642289,0.22314201 -0.16166231 0.96128713,
  0.40652636 -0.29452093 0.86486631,0.5666227 -0.41050781 0.71443828,
  0.6864777 -0.49734056 0.53047218,0.64371278 -0.39154188 0.65751716,
  0.25495109 -0.10309366 0.96144248,0.46795892 -0.18043506 0.86513446,
  0.65625972 -0.23918042 0.71562274,0.8011204 -0.27372209 0.53224273,
  0.72973578 -0.30888496 0.60998014] }
}
}
DEF SHAPE_13 Shape {
 appearance USE APP_1
 geometry DEF FACE_13 IndexedFaceSet {
  coord DEF COORD_13 Coordinate { point [
  2.0525083 1.1811024 2.988189,2.0861366 1.1811024 2.9839718,
  2.1175526 1.1811024 2.9715856,2.1446401 1.1811024 2.951816,
  2.1637607 1.1811024 2.9287608,2.1757437 1.1811024 2.9048095,
  2.1813301 1.1811024 2.8843094,2.1832121 1.1811024 2.863189,
  2.1832121 1.1811024 2.988189] }
 coordIndex [
  4,3,8,-1,2,8,3,-1,5,4,8,-1,1,8,2,-1,6,5,8,-1,0,8,1,-1,7,6,8,-1]
  normalPerVertex TRUE
  normal DEF NORM_13 Normal { vector [
  0 1 0,0 1 0,
  0 1 0,0 1 0,
  0 1 0,0 1 0,
  0 1 0,0 1 0,
  0 1 0] }
}
}
DEF SHAPE_14 Shape {
 appearance USE APP_1
 geometry DEF FACE_14 IndexedFaceSet {
  coord DEF COORD_14 Coordinate { point [
  2.0825977 -0.78740157 2.988189,2.0825977 -0.78740157 1.4330709,
  2.1116606 -0.91975184 1.4330709,2.1452117 -1.0510362 1.4330709,
  2.1832121 -1.1811024 1.4330709,2.5295816 -1.9769067 1.4330709,
  3.040209 -2.6787158 1.4330709,3.6908157 -3.2531611 1.4330709,
  4.4504674 -3.6729296 1.4330709,5.2830454 -3.9180629 1.4330709,
  6.1489634 -3.9769055 1.4330709,7.0070499 -3.8466598 1.4330709,
  7.8165058 -3.5335185 1.4330709,8.5388443 -3.0523704 1.4330709,
  9.1397206 -2.4260925 1.4330709,9.5905651 -1.6844621 1.4330709,
  9.8699417 -0.86274125 1.4330709,9.9645669 0 1.4330709,
  9.8699417 0.86274125 1.4330709,9.5905651 1.6844621 1.4330709,
  9.1397206 2.4260925 1.4330709,8.5388443 3.0523704 1.4330709,
  7.8165058 3.5335185 1.4330709,7.0070499 3.8466598 1.4330709,
  6.1489634 3.9769055 1.4330709,5.2830454 3.9180629 1.4330709,
  4.4504674 3.6729296 1.4330709,3.6908157 3.2531611 1.4330709,
  3.040209 2.6787158 1.4330709,2.5295816 1.9769067 1.4330709,
  2.1832121 1.1811024 1.4330709,2.1452117 1.0510362 1.4330709,
  2.1116606 0.91975184 1.4330709,2.0825977 0.78740157 1.4330709,
  2.0825977 0.78740157 2.988189,2.1116606 0.91975184 2.988189,
  2.1452117 1.0510362 2.988189,2.1832121 1.1811024 2.988189,
  2.1832121 1.1811024 2.863189,2.5375126 1.9907022 2.863189,
  3.0617212 2.7021697 2.863189,3.7299969 3.2804331 2.863189,
  4.5093966 3.6969865 2.863189,5.3614998 3.9312958 2.863189,
  6.2443018 3.9718108 2.863189,7.1142845 3.8165342 2.863189,
  7.928562 3.4731205 2.863189,8.6469941 2.9584982 2.863189,
  9.2341655 2.2980359 2.863189,9.2341655 2.2980359 2.0137795,
  9.6341741 1.587758 2.0137795,9.8810934 0.81088454 2.0137795,
  9.9645669 0 2.0137795,9.8810934 -0.81088454 2.0137795,
  9.6341741 -1.587758 2.0137795,9.2341655 -2.2980359 2.0137795,
  9.2341655 -2.2980359 2.863189,8.6469941 -2.9584982 2.863189,
  7.928562 -3.4731205 2.863189,7.1142845 -3.8165342 2.863189,
  6.2443018 -3.9718108 2.863189,5.3614998 -3.9312958 2.863189,
  4.5093966 -3.6969865 2.863189,3.7299969 -3.2804331 2.863189,
  3.0617212 -2.7021697 2.863189,2.5375126 -1.9907022 2.863189,
  2.1832121 -1.1811024 2.863189,2.1832121 -1.1811024 2.988189,
  2.1452117 -1.0510362 2.988189,2.1116606 -0.91975184 2.988189] }
 coordIndex [
  38,35,34,-1,38,36,35,-1,38,37,36,-1,33,38,34,-1,32,38,33,-1,31,38,32,-1,30,38,31,-1,29,39,38,-1,
  29,38,30,-1,28,40,39,-1,28,39,29,-1,27,41,40,-1,27,40,28,-1,26,41,27,-1,26,42,41,-1,25,42,26,-1,
  25,43,42,-1,24,43,25,-1,24,44,43,-1,23,44,24,-1,23,45,44,-1,22,45,23,-1,22,46,45,-1,21,46,22,-1,
  21,47,46,-1,49,47,21,-1,49,48,47,-1,20,49,21,-1,19,49,20,-1,19,50,49,-1,18,50,19,-1,18,51,50,-1,
  17,51,18,-1,17,52,51,-1,53,52,17,-1,16,53,17,-1,54,53,16,-1,15,54,16,-1,55,54,15,-1,57,56,55,-1,
  14,55,15,-1,13,55,14,-1,13,58,57,-1,13,57,55,-1,12,59,58,-1,12,58,13,-1,11,60,59,-1,11,59,12,-1,
  10,61,60,-1,10,60,11,-1,9,62,61,-1,9,61,10,-1,8,63,62,-1,8,62,9,-1,7,64,63,-1,7,63,8,-1,
  6,65,64,-1,6,64,7,-1,68,67,66,-1,69,68,66,-1,0,69,66,-1,5,66,65,-1,5,65,6,-1,4,66,5,-1,
  3,66,4,-1,2,66,3,-1,1,66,2,-1,1,0,66,-1]
  normalPerVertex TRUE
  normal DEF NORM_14 Normal { vector [
  0.96907723 0.2467407 0.0028885215,0.9708064 0.23985366 -0.0022700759,
  0.97291567 0.23107034 -0.0064492307,0.9645054 0.2640582 -0.0016128064,
  0.9235753 0.38341708 0,0.88539623 0.46483708 -1.4727644e-05,
  0.76271904 0.64672988 0.00036745689,0.60332845 0.79749247 0.00073510611,
  0.41489672 0.90986786 0.0010882219,0.20649402 0.97844682 0.0014268062,
  -0.011848156 0.99992828 0.0017508607,-0.22961988 0.97327821 0.0020603872,
  -0.43633868 0.89977942 0.0023553874,-0.64394271 0.76507341 -0.00068341267,
  -0.7927567 0.6095136 -0.0054767461,-0.89542508 0.4451192 0.0091007617,
  -0.96960272 0.24460168 0.0063703585,-0.99998824 0 0.0048504034,
  -0.96960272 -0.24460168 0.0063703585,-0.89542508 -0.4451192 0.0091007617,
  -0.7927567 -0.6095136 -0.0054767461,-0.64394271 -0.76507341 -0.00068341267,
  -0.43633868 -0.89977942 0.0023553874,-0.22961988 -0.97327821 0.0020603872,
  -0.011848156 -0.99992828 0.0017508607,0.20649402 -0.97844682 0.0014268062,
  0.41489672 -0.90986786 0.0010882219,0.60332845 -0.79749247 0.00073510611,
  0.76271904 -0.64672988 0.00036745689,0.88539623 -0.46483708 -1.4727644e-05,
  0.9235753 -0.38341708 0,0.9645054 -0.2640582 -0.0016128064,
  0.97291567 -0.23107034 -0.0064492307,0.9708064 -0.23985366 -0.0022700759,
  0.96907723 -0.2467407 0.0028885215,0.9702981 -0.23044865 0.073586778,
  0.9643425 -0.2640136 0.018448913,0.95987218 -0.28043785 0,
  0.93678167 -0.34991419 -0.00040798095,0.84802566 -0.52995453 -0.00081771944,
  0.71111647 -0.70307318 -0.0012111516,0.53956593 -0.84194185 -0.0015893322,
  0.34173114 -0.93979573 -0.001952263,0.12724958 -0.99186806 -0.002299946,
  -0.0934304 -0.99562233 -0.0026323828,-0.30955853 -0.95087582 -0.0029495753,
  -0.51060634 -0.85980846 -0.0032515252,-0.68662482 -0.7270107 0.0013385628,
  -0.74735658 -0.66442316 0,-0.7754624 -0.63139316 0.00086486527,
  -0.9280922 -0.37234454 -0.0020983057,-0.98529002 -0.17089009 0.00039685929,
  -1 0 0,-0.98529002 0.17089009 0.00039685929,
  -0.9280922 0.37234454 -0.0020983057,-0.7754624 0.63139316 0.00086486527,
  -0.74735658 0.66442316 0,-0.68662482 0.7270107 0.0013385628,
  -0.51060634 0.85980846 -0.0032515252,-0.30955853 0.95087582 -0.0029495753,
  -0.0934304 0.99562233 -0.0026323828,0.12724958 0.99186806 -0.002299946,
  0.34173114 0.93979573 -0.001952263,0.53956593 0.84194185 -0.0015893322,
  0.71111647 0.70307318 -0.0012111516,0.84802566 0.52995453 -0.00081771944,
  0.93678167 0.34991419 -0.00040798095,0.95987218 0.28043785 0,
  0.9643425 0.2640136 0.018448913,0.9702981 0.23044865 0.073586778] }
}
}
DEF SHAPE_15 Shape {
 appearance USE APP_1
 geometry DEF FACE_15 IndexedFaceSet {
  coord DEF COORD_15 Coordinate { point [
  -0.30708661 0.78740157 1.4330709,2.0825977 0.78740157 1.4330709,
  -0.30708661 0.78740157 2.988189,2.0825977 0.78740157 2.988189] }
 coordIndex [
  1,2,0,-1,1,3,2,-1]
  normalPerVertex TRUE
  normal DEF NORM_15 Normal { vector [
  0 -1 0,0 -1 0,
  0 -1 0,0 -1 0] }
}
}
DEF SHAPE_16 Shape {
 appearance USE APP_1
 geometry DEF FACE_16 IndexedFaceSet {
  coord DEF COORD_16 Coordinate { point [
  -0.30708661 -0.78740157 1.4330709,-0.30708661 0.78740157 1.4330709,
  -0.30708661 -0.78740157 2.988189,-0.30708661 0.78740157 2.988189] }
 coordIndex [
  1,2,0,-1,1,3,2,-1]
  normalPerVertex TRUE
  normal DEF NORM_16 Normal { vector [
  1 0 0,1 0 0,
  1 0 0,1 0 0] }
}
}
DEF SHAPE_17 Shape {
 appearance USE APP_1
 geometry DEF FACE_17 IndexedFaceSet {
  coord DEF COORD_17 Coordinate { point [
  2.0825977 -0.78740157 1.4330709,-0.30708661 -0.78740157 1.4330709,
  2.0825977 -0.78740157 2.988189,-0.30708661 -0.78740157 2.988189] }
 coordIndex [
  1,2,0,-1,1,3,2,-1]
  normalPerVertex TRUE
  normal DEF NORM_17 Normal { vector [
  0 1 0,0 1 0,
  0 1 0,0 1 0] }
}
}
DEF SHAPE_18 Shape {
 appearance USE APP_1
 geometry DEF FACE_18 IndexedFaceSet {
  coord DEF COORD_18 Coordinate { point [
  2.0525083 -1.1811024 2.988189,2.0861366 -1.1811024 2.9839718,
  2.1175526 -1.1811024 2.9715856,2.1446401 -1.1811024 2.951816,
  2.1637607 -1.1811024 2.9287608,2.1757437 -1.1811024 2.9048095,
  2.1813301 -1.1811024 2.8843094,2.1832121 -1.1811024 2.863189,
  2.1832121 -1.1811024 2.988189] }
 coordIndex [
  8,0,1,-1,8,1,2,-1,8,2,3,-1,4,8,3,-1,5,8,4,-1,6,8,5,-1,8,6,7,-1]
  normalPerVertex TRUE
  normal DEF NORM_18 Normal { vector [
  0 -1 0,0 -1 0,
  0 -1 0,0 -1 0,
  0 -1 0,0 -1 0,
  0 -1 0,0 -1 0,
  0 -1 0] }
}
}
DEF SHAPE_19 Shape {
 appearance USE APP_1
 geometry DEF FACE_19 IndexedFaceSet {
  coord DEF COORD_19 Coordinate { point [
  9.2341655 -2.2980359 2.863189,8.6469941 -2.9584982 2.863189,
  7.928562 -3.4731205 2.863189,7.1142845 -3.8165342 2.863189,
  6.2443018 -3.9718108 2.863189,5.3614998 -3.9312958 2.863189,
  4.5093966 -3.6969865 2.863189,3.7299969 -3.2804331 2.863189,
  3.0617212 -2.7021697 2.863189,2.5375126 -1.9907022 2.863189,
  2.1832121 -1.1811024 2.863189,2.0525083 -1.1811024 2.988189,
  2.0861366 -1.1811024 2.9839718,2.1175526 -1.1811024 2.9715856,
  2.1446401 -1.1811024 2.951816,2.1637607 -1.1811024 2.9287608,
  2.1757437 -1.1811024 2.9048095,2.1813301 -1.1811024 2.8843094,
  9.3362276 -2.3702047 2.988189,8.7277322 -3.0540018 2.988189,
  7.98285 -3.585975 2.988189,7.1386113 -3.9396784 2.988189,
  6.2369858 -4.0975281 2.988189,5.3227961 -4.0516771 2.988189,
  4.4414895 -3.8044047 2.988189,3.6368783 -3.3680035 2.988189,
  2.9489623 -2.7641686 2.988189,2.41194 -2.0229182 2.988189,
  9.309812 -2.351526 2.9839297,9.2851966 -2.3341203 2.9714422,
  9.2640588 -2.3191737 2.9515773,9.2478392 -2.3077047 2.925689,
  9.2376432 -2.300495 2.8955414,2.440092 -2.0069764 2.9839297,
  2.4663255 -1.992121 2.9714422,2.4888527 -1.9793643 2.9515773,
  2.5046825 -1.9704003 2.9285013,2.5145667 -1.9648031 2.9046062,
  2.9728823 -2.7423852 2.9839297,2.9951721 -2.7220864 2.9714422,
  3.0143128 -2.7046554 2.9515773,3.0277629 -2.6924067 2.9285013,
  3.0361613 -2.6847585 2.9046062,3.655377 -3.3414616 2.9839297,
  3.6726151 -3.3167285 2.9714422,3.6874178 -3.2954897 2.9515773,
  3.6978196 -3.2805652 2.9285013,3.7043145 -3.2712463 2.9046062,
  4.4536474 -3.7744236 2.9839297,4.4649767 -3.7464858 2.9714422,
  4.4747055 -3.722495 2.9515773,4.4815419 -3.7056367 2.9285013,
  4.4858105 -3.6951103 2.9046062,5.3280088 -4.0197474 2.9839297,
  5.3328662 -3.9899937 2.9714422,5.3370374 -3.9644436 2.9515773,
  5.3399685 -3.9464896 2.9285013,5.3417987 -3.935279 2.9046062,
  6.2349941 -4.0652371 2.9839297,6.2331381 -4.0351466 2.9714422,
  6.2315444 -4.0093074 2.9515773,6.2304245 -3.9911502 2.9285013,
  6.2297252 -3.9798128 2.9046062,7.1295142 -3.9086313 2.9839297,
  7.1210371 -3.8797 2.9714422,7.1137577 -3.8548562 2.9515773,
  7.1086424 -3.8373985 2.9285013,7.1054484 -3.8264978 2.9046062,
  7.9670998 -3.5577154 2.9839297,7.952423 -3.5313815 2.9714422,
  7.9398197 -3.5087682 2.9515773,7.9309635 -3.4928778 2.9285013,
  7.9254335 -3.4829558 2.9046062,8.7061119 -3.0299344 2.9839297,
  8.685965 -3.0075072 2.9714422,8.6686645 -2.9882484 2.9515773,
  8.6565075 -2.9747154 2.9285013,8.6489165 -2.9662653 2.9046062] }
 coordIndex [
  27,12,11,-1,27,13,12,-1,27,14,13,-1,32,1,31,-1,0,1,32,-1,33,15,14,-1,33,14,27,-1,34,16,15,-1,
  34,17,16,-1,34,15,33,-1,34,33,9,-1,35,10,17,-1,35,17,34,-1,35,34,9,-1,36,35,9,-1,36,10,35,-1,
  37,9,10,-1,37,10,36,-1,37,36,9,-1,38,26,25,-1,38,27,26,-1,38,33,27,-1,38,9,33,-1,39,38,8,-1,
  39,9,38,-1,40,39,8,-1,40,9,39,-1,41,40,8,-1,41,9,40,-1,42,8,9,-1,42,41,8,-1,42,9,41,-1,
  43,8,38,-1,43,38,25,-1,44,8,43,-1,44,43,7,-1,45,44,7,-1,45,8,44,-1,46,45,7,-1,46,8,45,-1,
  47,46,7,-1,47,8,46,-1,47,7,8,-1,48,24,23,-1,48,25,24,-1,48,7,43,-1,48,43,25,-1,49,7,48,-1,
  50,7,49,-1,50,49,6,-1,51,50,6,-1,51,7,50,-1,52,6,7,-1,52,51,6,-1,52,7,51,-1,53,48,23,-1,
  54,49,48,-1,54,6,49,-1,54,48,53,-1,55,6,54,-1,55,54,5,-1,56,55,5,-1,56,6,55,-1,57,5,6,-1,
  57,56,5,-1,57,6,56,-1,58,23,22,-1,58,53,23,-1,59,54,53,-1,59,53,58,-1,59,5,54,-1,60,5,59,-1,
  60,59,4,-1,61,60,4,-1,61,5,60,-1,62,4,5,-1,62,61,4,-1,62,5,61,-1,63,21,20,-1,63,22,21,-1,
  63,58,22,-1,64,59,58,-1,64,58,63,-1,64,4,59,-1,65,4,64,-1,66,4,65,-1,66,65,3,-1,67,3,4,-1,
  67,66,3,-1,67,4,66,-1,68,20,19,-1,68,63,20,-1,69,64,63,-1,69,63,68,-1,70,65,64,-1,70,64,69,-1,
  70,3,65,-1,71,70,2,-1,71,3,70,-1,72,2,3,-1,72,71,2,-1,72,3,71,-1,73,19,18,-1,73,18,28,-1,
  73,68,19,-1,74,28,29,-1,74,29,30,-1,74,69,68,-1,74,68,73,-1,74,73,28,-1,75,2,70,-1,75,70,69,-1,
  75,69,74,-1,75,74,30,-1,76,30,31,-1,76,2,75,-1,76,75,30,-1,76,31,1,-1,77,1,2,-1,77,76,1,-1,
  77,2,76,-1]
  normalPerVertex TRUE
  normal DEF NORM_19 Normal { vector [
  -0.74104064 0.6588081 0.12973303,-0.68920487 0.6829619 0.24199109,
  -0.51310662 0.78510892 0.34687978,-0.3265062 0.87863498 0.34841681,
  -0.12310262 0.87958877 0.45953165,0.074539533 0.88446645 0.46061151,
  0.26824052 0.84551685 0.46167985,0.41405589 0.71101419 0.56834545,
  0.56078469 0.60136603 0.56910406,0.67953696 0.46205572 0.56985439,
  0.85570395 0.37659651 0.35488846,0.12425689 0.053054197 0.9908307,
  0.24609071 0.10007279 0.9640668,0.47357667 0.18260614 0.86161484,
  0.49223232 0.20175802 0.84675914,0.65672701 0.2749915 0.70220318,
  0.87406401 0.34155435 0.34547464,0.81321645 0.34509677 0.46860136,
  -0.098109753 0.087305621 0.99133859,-0.083614611 0.10034368 0.99143318,
  -0.059302644 0.11637635 0.99143318,-0.036702208 0.12525987 0.99144486,
  -0.012881332 0.12997819 0.99143318,0.021030618 0.12882081 0.99144486,
  0.04905127 0.12095892 0.99144486,0.074633432 0.10708379 0.99144486,
  0.096505335 0.087885193 0.99144486,0.23485223 0.1098668 0.96580211,
  -0.22592502 0.2010455 0.95317291,-0.37527442 0.3339481 0.86466628,
  -0.52625364 0.46844911 0.70965663,-0.69249424 0.61242381 0.38129885,
  -0.72533979 0.6384346 0.25745573,0.53656658 0.33953216 0.77253752,
  0.6821276 0.25393541 0.68572498,0.75114378 0.30971521 0.58297471,
  0.77658259 0.33985144 0.53049079,0.86843854 0.38004984 0.31839696,
  0.46447858 0.41903497 0.78017264,0.40416298 0.29778689 0.86485562,
  0.56332203 0.41505512 0.71442113,0.68247118 0.5028441 0.53045348,
  0.7645386 0.56331129 0.31330674,0.39863462 0.56606114 0.72157136,
  0.32851798 0.379655 0.8648341,0.45787735 0.5291504 0.71438658,
  0.55471118 0.64105736 0.53041584,0.62250281 0.71940142 0.30814258,
  0.20935961 0.44652642 0.86993259,0.21496728 0.69409785 0.68703511,
  0.32984985 0.61717153 0.71435172,0.39959877 0.74767651 0.53037785,
  0.44921374 0.84050948 0.30290399,0.037264563 0.28166976 0.95878752,
  0.13140981 0.7449587 0.65403976,0.18554854 0.67477672 0.71431654,
  0.22477883 0.81744387 0.53033952,0.25312411 0.92052597 0.29759052,
  -0.020586294 0.25771247 0.96600232,-0.036815702 0.75445883 0.65531403,
  0.0320853 0.69912312 0.71428104,0.03886815 0.84691811 0.53030084,
  0.043844536 0.95535114 0.29220172,-0.073425763 0.22878746 0.97070333,
  -0.15794704 0.64912061 0.74410696,-0.27926457 0.77298575 0.56965282,
  -0.14896925 0.83464398 0.53026182,-0.16832768 0.94310529 0.28673718,
  -0.13426034 0.22108821 0.96596799,-0.24689783 0.43450086 0.86617,
  -0.39585154 0.74184801 0.54126065,-0.32947385 0.78122412 0.53022246,
  -0.37291555 0.8842299 0.28119649,-0.15801322 0.1714515 0.97243828,
  -0.33022237 0.35298942 0.87541513,-0.49432232 0.61883948 0.61047779,
  -0.62468084 0.62491038 0.46825299,-0.55978023 0.78147434 0.27557929] }
}
}
DEF SHAPE_20 Shape {
 appearance USE APP_1
 geometry DEF FACE_20 IndexedFaceSet {
  coord DEF COORD_20 Coordinate { point [
  9.6424138 -2.586711 2.0137795,9.2341655 -2.2980359 2.0137795,
  9.6424138 -2.586711 2.863189,9.6389361 -2.584252 2.8955414,
  9.6287401 -2.5770423 2.925689,9.6125205 -2.5655733 2.9515773,
  9.5913828 -2.5506267 2.9714422,9.5667674 -2.5332209 2.9839297,
  9.5403517 -2.5145423 2.988189,9.3362276 -2.3702047 2.988189,
  9.309812 -2.351526 2.9839297,9.2851966 -2.3341203 2.9714422,
  9.2640588 -2.3191737 2.9515773,9.2478392 -2.3077047 2.925689,
  9.2376432 -2.300495 2.8955414,9.2341655 -2.2980359 2.863189] }
 coordIndex [
  3,5,4,-1,3,6,5,-1,3,7,6,-1,8,7,3,-1,2,8,3,-1,9,8,2,-1,11,10,9,-1,12,11,9,-1,
  14,13,12,-1,14,12,9,-1,15,9,2,-1,15,14,9,-1,1,2,0,-1,1,15,2,-1]
  normalPerVertex TRUE
  normal DEF NORM_20 Normal { vector [
  0.57735027 0.81649658 0,0.57735027 0.81649658 0,
  0.57735027 0.81649658 0,0.57735027 0.81649658 0,
  0.57735027 0.81649658 0,0.57735027 0.81649658 0,
  0.57735027 0.81649658 0,0.57735027 0.81649658 0,
  0.57735027 0.81649658 0,0.57735027 0.81649658 0,
  0.57735027 0.81649658 0,0.57735027 0.81649658 0,
  0.57735027 0.81649658 0,0.57735027 0.81649658 0,
  0.57735027 0.81649658 0,0.57735027 0.81649658 0] }
}
}
DEF SHAPE_21 Shape {
 appearance USE APP_1
 geometry DEF FACE_21 IndexedFaceSet {
  coord DEF COORD_21 Coordinate { point [
  1.6624214 -1.1811024 2.863189,1.6660338 -1.1811024 2.8924974,
  1.6766573 -1.1811024 2.9201464,1.6936704 -1.1811024 2.9445881,
  1.716094 -1.1811024 2.9644789,1.742667 -1.1811024 2.9787531,
  1.7669295 -1.1811024 2.9858091,1.7921444 -1.1811024 2.988189,
  1.9941535 -2.0377283 2.863189,2.4936246 -2.8086905 2.863189,
  3.1398374 -3.4615788 2.863189,3.905626 -3.9689465 2.863189,
  4.7587975 -4.3094644 2.863189,5.6634857 -4.4688176 2.863189,
  6.5816585 -4.4403072 2.863189,7.474717 -4.2251315 2.863189,
  8.3051182 -3.8323364 2.863189,9.037953 -3.2784344 2.863189,
  9.6424138 -2.586711 2.863189,9.6389361 -2.584252 2.8955414,
  9.6287401 -2.5770423 2.925689,9.6125205 -2.5655733 2.9515773,
  9.5913828 -2.5506267 2.9714422,9.5667674 -2.5332209 2.9839297,
  9.5403517 -2.5145423 2.988189,2.1197151 -2.0085128 2.988189,
  2.608623 -2.7520715 2.988189,3.2384571 -3.3807364 2.988189,
  3.9829229 -3.8682619 2.988189,4.8109405 -4.1942948 2.988189,
  5.6879416 -4.3452237 2.988189,6.5773132 -4.3147476 2.988189,
  7.4419255 -4.1041389 2.988189,8.2456827 -3.7221901 2.988189,
  8.9550294 -3.1848469 2.988189,1.9972294 -2.0361574 2.8923696,
  2.006287 -2.0315317 2.9199378,2.0208259 -2.0241068 2.94437,
  2.0400425 -2.0142929 2.9643161,2.0628751 -2.0026324 2.9786739,
  2.0837585 -1.9919673 2.9857871,2.4963154 -2.8065254 2.8923696,
  2.5042392 -2.8001496 2.9199378,2.5169581 -2.7899155 2.94437,
  2.5337693 -2.7763886 2.9643161,2.5537437 -2.7603164 2.9786739,
  2.572013 -2.7456162 2.9857871,3.1420301 -3.4589104 2.8923696,
  3.148487 -3.4510525 2.9199378,3.1588513 -3.4384394 2.94437,
  3.1725502 -3.4217682 2.9643161,3.1888268 -3.40196 2.9786739,
  3.203714 -3.3838427 2.9857871,3.9072284 -3.9658869 2.8923696,
  3.9119469 -3.9568773 2.9199378,3.9195208 -3.9424155 2.94437,
  3.9295317 -3.9233007 2.9643161,3.9414262 -3.9005892 2.9786739,
  3.9523054 -3.8798165 2.9857871,4.7597422 -4.3061424 2.8923696,
  4.762524 -4.2963598 2.9199378,4.7669892 -4.2806572 2.94437,
  4.7728911 -4.2599025 2.9643161,4.7799036 -4.2352424 2.9786739,
  4.7863174 -4.2126875 2.9857871,5.663733 -4.4653727 2.8923696,
  5.6644611 -4.4552284 2.9199378,5.6656299 -4.4389452 2.94437,
  5.6671747 -4.417423 2.9643161,5.6690103 -4.3918511 2.9786739,
  5.6706891 -4.3684621 2.9857871,6.581198 -4.4368842 2.8923696,
  6.5798418 -4.4268046 2.9199378,6.5776651 -4.4106253 2.94437,
  6.5747879 -4.3892404 2.9643161,6.5713693 -4.3638316 2.9786739,
  6.5682426 -4.3405919 2.9857871,7.4735681 -4.2218744 2.8923696,
  7.4701847 -4.2122833 2.9199378,7.4647538 -4.196888 2.94437,
  7.4575756 -4.1765394 2.9643161,7.4490467 -4.1523619 2.9786739,
  7.4412459 -4.1302484 2.9857871,8.3033291 -3.8293821 2.8923696,
  8.2980607 -3.8206826 2.9199378,8.2896041 -3.8067186 2.94437,
  8.2784266 -3.7882617 2.9643161,8.2651459 -3.7663319 2.9786739,
  8.2529989 -3.7462742 2.9857871,9.035599 -3.2759072 2.8923696,
  9.028667 -3.268465 2.9199378,9.0175401 -3.2565193 2.94437,
  9.0028332 -3.2407301 2.9643161,8.985359 -3.2219699 2.9786739,
  8.9693765 -3.2048112 2.9857871] }
 coordIndex [
  8,1,0,-1,8,2,1,-1,8,3,2,-1,23,34,22,-1,24,34,23,-1,35,4,3,-1,35,3,8,-1,36,5,4,-1,
  36,35,25,-1,36,4,35,-1,37,6,5,-1,37,5,36,-1,37,36,25,-1,38,7,6,-1,38,6,37,-1,38,37,25,-1,
  39,38,25,-1,39,7,38,-1,40,25,7,-1,40,39,25,-1,40,7,39,-1,41,8,9,-1,41,9,10,-1,41,25,35,-1,
  41,35,8,-1,42,41,26,-1,42,25,41,-1,43,42,26,-1,43,25,42,-1,44,43,26,-1,44,25,43,-1,45,25,44,-1,
  45,44,26,-1,46,26,25,-1,46,25,45,-1,46,45,26,-1,47,26,41,-1,47,10,11,-1,47,41,10,-1,48,26,47,-1,
  49,48,27,-1,49,26,48,-1,50,49,27,-1,50,26,49,-1,51,50,27,-1,51,26,50,-1,52,51,27,-1,52,26,51,-1,
  52,27,26,-1,53,47,11,-1,54,47,53,-1,54,48,47,-1,54,27,48,-1,55,54,28,-1,55,27,54,-1,56,55,28,-1,
  56,27,55,-1,57,56,28,-1,57,27,56,-1,58,28,27,-1,58,57,28,-1,58,27,57,-1,59,11,12,-1,59,53,11,-1,
  59,54,53,-1,60,28,54,-1,60,54,59,-1,61,28,60,-1,61,60,29,-1,62,61,29,-1,62,28,61,-1,63,62,29,-1,
  63,28,62,-1,64,29,28,-1,64,63,29,-1,64,28,63,-1,65,12,13,-1,65,13,14,-1,65,59,12,-1,66,60,59,-1,
  66,29,60,-1,66,59,65,-1,67,29,66,-1,68,67,30,-1,68,29,67,-1,69,68,30,-1,69,29,68,-1,70,30,29,-1,
  70,69,30,-1,70,29,69,-1,71,65,14,-1,72,66,65,-1,72,65,71,-1,73,30,67,-1,73,67,66,-1,73,66,72,-1,
  74,30,73,-1,74,73,31,-1,75,74,31,-1,75,30,74,-1,76,31,30,-1,76,75,31,-1,76,30,75,-1,77,14,15,-1,
  77,71,14,-1,77,72,71,-1,78,72,77,-1,79,73,72,-1,79,31,73,-1,79,72,78,-1,80,79,32,-1,80,31,79,-1,
  81,80,32,-1,81,31,80,-1,82,81,32,-1,82,31,81,-1,82,32,31,-1,83,15,16,-1,83,77,15,-1,84,77,83,-1,
  84,78,77,-1,85,79,78,-1,85,78,84,-1,85,32,79,-1,86,32,85,-1,87,32,86,-1,87,86,33,-1,88,32,87,-1,
  88,87,33,-1,88,33,32,-1,89,16,17,-1,89,17,18,-1,89,18,19,-1,89,83,16,-1,90,85,84,-1,90,19,20,-1,
  90,83,89,-1,90,89,19,-1,90,84,83,-1,91,85,90,-1,91,86,85,-1,91,20,21,-1,91,90,20,-1,92,33,86,-1,
  92,21,22,-1,92,86,91,-1,92,91,21,-1,93,22,34,-1,93,33,92,-1,93,92,22,-1,94,34,33,-1,94,93,34,-1,
  94,33,93,-1]
  normalPerVertex TRUE
  normal DEF NORM_21 Normal { vector [
  -0.92641948 -0.35875997 0.11418504,-0.90691579 -0.35513798 0.22667326,
  -0.83153203 -0.33752896 0.44116741,-0.81592726 -0.32417736 0.47871885,
  -0.68993951 -0.27576607 0.66928062,-0.54312588 -0.21791819 0.81087973,
  -0.37082886 -0.15006468 0.91649689,-0.2370681 -0.090935821 0.96722768,
  -0.8801909 -0.41616418 0.22819149,-0.77370274 -0.62255042 0.1175374,
  -0.6564317 -0.74518348 0.11746913,-0.46073053 -0.87972288 0.1175374,
  -0.23868773 -0.96396534 0.11746913,-0.07109832 -0.99052006 0.1175374,
  0.13241604 -0.98420067 0.1175374,0.36230877 -0.92462607 0.11746913,
  0.54327387 -0.83129688 0.11746913,0.67685736 -0.72666985 0.1175374,
  0.74736471 -0.65279169 0.12372955,0.72199086 -0.63052949 0.28488905,
  0.64550257 -0.56354738 0.51550051,0.52769036 -0.46049965 0.71378075,
  0.30189791 -0.26442972 0.91593372,0.1931056 -0.17497446 0.96545024,
  0.098825973 -0.086296656 0.9913558,-0.49448383 -0.31874408 0.80863339,
  -0.41938745 -0.41318357 0.8083276,-0.27256108 -0.4084849 0.87112028,
  -0.18369852 -0.45589978 0.87086753,-0.086946461 -0.48422584 0.87061223,
  0.010052506 -0.38836596 0.92145039,0.089143268 -0.37861249 0.92125244,
  0.16467602 -0.35290847 0.92105234,0.16824421 -0.22705159 0.95924004,
  0.15558481 -0.14012161 0.97783398,-0.69067389 -0.38383554 0.61289466,
  -0.72095367 -0.32974486 0.60950319,-0.59468327 -0.26232933 0.75995733,
  -0.42683926 -0.18099211 0.88603053,-0.37403178 -0.1480787 0.91551785,
  -0.17155282 -0.067917538 0.98283103,-0.61857815 -0.48995535 0.61425144,
  -0.74519338 -0.48998268 0.45233151,-0.63659673 -0.41857776 0.64771697,
  -0.49261016 -0.32390311 0.80772644,-0.33614583 -0.22102402 0.91550771,
  -0.15505336 -0.10195134 0.98263135,-0.55994535 -0.64884668 0.51522733,
  -0.44167028 -0.55564663 0.70440343,-0.53824611 -0.53924709 0.64769105,
  -0.41651135 -0.41728594 0.80770709,-0.28422139 -0.28474996 0.9154975,
  -0.13185806 -0.13210328 0.98242668,-0.45112752 -0.8613868 0.23344536,
  -0.33095713 -0.61896725 0.7122829,-0.41741848 -0.63741034 0.64766494,
  -0.32301645 -0.49325565 0.80768759,-0.22042465 -0.33659494 0.9154872,
  -0.1028583 -0.15706766 0.98221684,-0.27899802 -0.92724719 0.24974539,
  -0.1832707 -0.61889685 0.76379221,-0.27915692 -0.70896799 0.64763863,
  -0.2160272 -0.54863899 0.80766794,-0.14741769 -0.37439309 0.91547683,
  -0.069197645 -0.17573956 0.98200168,-0.056043173 -0.97458652 0.21688772,
  -0.085346007 -0.75986158 0.64445826,-0.037993967 -0.60317499 0.79670345,
  -0.10000908 -0.58112189 0.80764815,-0.068247429 -0.39656472 0.91546639,
  -0.032227328 -0.18726305 0.98178101,0.12965609 -0.96368696 0.23344536,
  0.13198051 -0.88888562 0.43870662,0.062463567 -0.57089649 0.81864248,
  0.020195096 -0.5893461 0.80762821,0.013781564 -0.40218233 0.91545586,
  0.0065473726 -0.19106958 0.98155466,0.30819161 -0.91795707 0.24974539,
  0.30894177 -0.82407709 0.4748178,0.17725707 -0.54528555 0.81929458,
  0.13956731 -0.57296603 0.80760813,0.09524497 -0.39100942 0.91544526,
  0.045527723 -0.18690508 0.98132243,0.50285334 -0.83226744 0.23338686,
  0.45023182 -0.78108869 0.43265664,0.3283414 -0.58115373 0.74461552,
  0.27612921 -0.43428105 0.85741042,0.17274168 -0.36351043 0.91543458,
  0.083086725 -0.17484426 0.98108413,0.66972825 -0.7163138 0.19585356,
  0.60313308 -0.66342944 0.44282261,0.51650744 -0.54946901 0.6567373,
  0.33988659 -0.37064307 0.86434994,0.2368357 -0.25405419 0.93774481,
  0.11763625 -0.15529159 0.98083956] }
}
}
DEF SHAPE_22 Shape {
 appearance USE APP_1
 geometry DEF FACE_22 IndexedFaceSet {
  coord DEF COORD_22 Coordinate { point [
  10.315223 0 1.0393701,10.353876 0 1.0444588,
  10.389895 0 1.0593784,10.420825 0 1.0831119,
  10.444559 0 1.114042,10.459478 0 1.1500609,
  10.464567 0 1.1887139,10.20783 0.95848828 1.0393701,
  9.8909765 1.8694422 1.0393701,9.3803766 2.6876846 1.0393701,
  8.7013522 3.3726365 1.0393701,7.8875785 3.8903289 1.0393701,
  6.979413 4.2150878 1.0393701,6.0218943 4.3308075 1.0393701,
  5.0625088 4.2317491 1.0393701,4.1488354 3.9228251 1.0393701,
  3.326186 3.4193561 1.0393701,2.6353583 2.7463107 1.0393701,
  2.1106126 1.9370672 1.0393701,1.7779727 1.0317585 1.0393701,
  1.6624214 1.1811024 1.1887139,1.6646179 1.1782258 1.1595436,
  1.6710887 1.1697599 1.1316245,1.6815019 1.1561629 1.1060875,
  1.6953631 1.1381146 1.0838713,1.7120837 1.1164206 1.0656858,
  1.7310295 1.091942 1.0520335,1.7515457 1.0655571 1.0432449,
  1.7646628 1.0487546 1.0403404,10.355463 0.982721 1.1887139,
  10.033463 1.9175796 1.1887139,9.5142512 2.7590447 1.1887139,
  8.8231146 3.4661334 1.1887139,7.9937143 4.004408 1.1887139,
  7.0664453 4.3476522 1.1887139,6.0864693 4.4791488 1.1887139,
  5.1015149 4.3924933 1.1887139,4.1595533 4.0919063 1.1887139,
  3.3064616 3.5920274 1.1887139,2.5837887 2.9172027 1.1887139,
  2.0267317 2.1002989 1.1887139,10.243659 0.95758567 1.0434691,
  10.269925 0.96349064 1.0526982,10.294005 0.96890439 1.0668665,
  10.315027 0.97363033 1.0854595,10.332225 0.97749683 1.1078022,
  10.344976 0.9803635 1.133083,10.352817 0.98212622 1.1603841,
  9.9298953 1.8685332 1.0434691,9.9542261 1.8800555 1.0526982,
  9.976533 1.8906194 1.0668665,9.9960058 1.8998411 1.0854595,
  10.011937 1.9073857 1.1078022,10.023749 1.9129795 1.133083,
  10.031012 1.9164191 1.1603841,9.4239634 2.6884758 1.0434691,
  9.4451745 2.7050544 1.0526982,9.464621 2.7202538 1.0668665,
  9.4815969 2.7335221 1.0854595,9.4954857 2.7443775 1.1078022,
  9.5057829 2.7524259 1.133083,9.5121147 2.7573748 1.1603841,
  8.7505042 3.3774792 1.0434691,8.7675624 3.3983065 1.0526982,
  8.7832015 3.4174012 1.0668665,8.7968537 3.4340699 1.0854595,
  8.8080231 3.4477074 1.1078022,8.8163043 3.4578184 1.133083,
  8.8213964 3.4640356 1.1603841,7.9543922 3.9260478 1.0526982,
  7.9654622 3.9481078 1.0668665,7.9751257 3.9673652 1.0854595,
  7.983032 3.9831205 1.1078022,7.9888937 3.9948016 1.133083,
  7.9924981 4.0019844 1.1603841,7.0452685 4.2625752 1.0526982,
  7.0512302 4.2865262 1.0668665,7.0564345 4.3074342 1.0854595,
  7.0606924 4.32454 1.1078022,7.0638492 4.3372224 1.133083,
  7.0657904 4.3450209 1.1603841,6.0844691 4.3914986 1.0526982,
  6.0850322 4.416174 1.0668665,6.0855238 4.4377144 1.0854595,
  6.0859259 4.4553375 1.1078022,6.0862241 4.4684035 1.133083,
  6.0864075 4.4764378 1.1603841,5.1187887 4.3065389 1.0526982,
  5.1139258 4.3307369 1.0668665,5.1096807 4.3518605 1.0854595,
  5.1062076 4.3691427 1.1078022,5.1036326 4.3819559 1.133083,
  5.1020492 4.3898348 1.1603841,4.1952599 4.0118339 1.0526982,
  4.1852077 4.0343759 1.0668665,4.1764327 4.054054 1.0854595,
  4.1692534 4.0701536 1.1078022,4.1639306 4.08209 1.133083,
  4.1606576 4.0894297 1.1603841,3.3588619 3.5217369 1.0526982,
  3.3441101 3.5415251 1.0668665,3.3312325 3.5587993 1.0854595,
  3.3206968 3.5729321 1.1078022,3.3128855 3.5834103 1.133083,
  3.3080823 3.5898534 1.1603841,2.6315977 2.8761882 1.0668665,
  2.6152447 2.8902171 1.0854595,2.6018657 2.9016948 1.1078022,
  2.5919463 2.9102045 1.133083,2.5858468 2.9154372 1.1603841,
  2.0823726 2.0707697 1.0668665,2.0633408 2.0808701 1.0854595,
  2.04777 2.0891337 1.1078022,2.0362256 2.0952604 1.133083,
  2.0291269 2.0990278 1.1603841,1.7729621 1.150893 1.0434691,
  1.7469931 1.15799 1.0526982,1.7231844 1.1644966 1.0668665,
  1.7024006 1.1701766 1.0854595,1.6853964 1.1748236 1.1078022,
  1.6727893 1.178269 1.133083,1.6650371 1.1803875 1.1603841] }
 coordIndex [
  35,34,12,-1,36,35,13,-1,37,36,14,-1,38,37,15,-1,39,38,16,-1,40,39,17,-1,20,40,18,-1,41,1,0,-1,
  41,0,7,-1,42,2,1,-1,42,1,41,-1,42,41,7,-1,43,3,2,-1,43,2,42,-1,43,42,7,-1,44,3,43,-1,
  45,4,3,-1,45,3,44,-1,46,5,4,-1,46,4,45,-1,47,6,5,-1,47,29,6,-1,47,5,46,-1,48,7,8,-1,
  49,7,48,-1,49,48,8,-1,50,43,7,-1,50,7,49,-1,50,49,8,-1,51,44,43,-1,51,50,8,-1,51,43,50,-1,
  52,44,51,-1,52,45,44,-1,53,46,45,-1,53,45,52,-1,54,30,29,-1,54,29,47,-1,54,47,46,-1,54,46,53,-1,
  55,8,9,-1,56,8,55,-1,56,55,9,-1,57,8,56,-1,57,56,9,-1,58,51,8,-1,58,57,9,-1,58,8,57,-1,
  59,51,58,-1,59,58,9,-1,59,52,51,-1,60,52,59,-1,60,53,52,-1,61,31,30,-1,61,53,60,-1,61,54,53,-1,
  61,30,54,-1,62,9,10,-1,63,9,62,-1,63,62,10,-1,64,9,63,-1,64,63,10,-1,65,9,64,-1,65,64,10,-1,
  66,9,65,-1,66,65,10,-1,66,59,9,-1,67,60,59,-1,67,66,10,-1,67,59,66,-1,68,32,31,-1,68,33,32,-1,
  68,31,61,-1,68,61,60,-1,68,60,67,-1,69,10,11,-1,70,10,69,-1,70,69,11,-1,71,10,70,-1,71,70,11,-1,
  72,10,71,-1,72,71,11,-1,73,67,10,-1,73,10,72,-1,73,72,11,-1,74,33,68,-1,74,68,67,-1,74,67,73,-1,
  74,73,11,-1,75,11,12,-1,76,11,75,-1,76,75,12,-1,77,76,12,-1,77,11,76,-1,78,77,12,-1,78,11,77,-1,
  79,78,12,-1,79,11,78,-1,80,34,33,-1,80,33,74,-1,80,74,11,-1,80,12,34,-1,80,11,79,-1,80,79,12,-1,
  81,12,13,-1,82,12,81,-1,82,81,13,-1,83,82,13,-1,83,12,82,-1,84,83,13,-1,84,12,83,-1,85,84,13,-1,
  85,12,84,-1,86,85,13,-1,86,12,85,-1,86,13,35,-1,86,35,12,-1,87,13,14,-1,88,13,87,-1,88,87,14,-1,
  89,13,88,-1,89,88,14,-1,90,13,89,-1,90,89,14,-1,91,13,90,-1,91,90,14,-1,92,13,91,-1,92,91,14,-1,
  92,14,36,-1,92,36,13,-1,93,14,15,-1,94,14,93,-1,94,93,15,-1,95,14,94,-1,95,94,15,-1,96,14,95,-1,
  96,95,15,-1,97,14,96,-1,97,96,15,-1,98,14,97,-1,98,97,15,-1,98,15,37,-1,98,37,14,-1,99,15,16,-1,
  100,15,99,-1,100,99,16,-1,101,15,100,-1,101,100,16,-1,102,15,101,-1,102,101,16,-1,103,15,102,-1,103,102,16,-1,
  104,15,103,-1,104,103,16,-1,104,16,38,-1,104,38,15,-1,105,16,17,-1,106,16,105,-1,106,105,17,-1,107,16,106,-1,
  107,106,17,-1,108,16,107,-1,108,107,17,-1,109,39,16,-1,109,16,108,-1,109,108,17,-1,109,17,39,-1,110,17,18,-1,
  111,110,18,-1,111,17,110,-1,112,111,18,-1,112,17,111,-1,113,112,18,-1,113,17,112,-1,114,18,40,-1,114,40,17,-1,
  114,113,18,-1,114,17,113,-1,115,18,19,-1,115,27,26,-1,115,28,27,-1,115,19,28,-1,116,18,115,-1,116,26,25,-1,
  116,115,26,-1,117,116,25,-1,117,18,116,-1,117,25,24,-1,118,117,24,-1,118,18,117,-1,118,24,23,-1,119,18,118,-1,
  119,118,23,-1,119,23,22,-1,120,18,119,-1,120,119,22,-1,120,22,21,-1,121,18,120,-1,121,120,21,-1,121,21,20,-1,
  121,20,18,-1]
  normalPerVertex TRUE
  normal DEF NORM_22 Normal { vector [
  0.12257741 0.013408644 -0.99236837,0.2766746 0.030169026 -0.96048998,
  0.49887537 0.054673873 -0.86494748,0.71169077 0.078417888 -0.69810235,
  0.868258 0.095771399 -0.48678115,0.95881109 0.10577201 -0.26361634,
  0.98736657 0.10902972 -0.11497726,0.25967701 0.085137025 -0.96193531,
  0.30621581 0.18518729 -0.93377596,0.31746817 0.3066224 -0.89732751,
  0.28513191 0.43654457 -0.85330454,0.20786958 0.54433618 -0.81270435,
  0.092167428 0.6465456 -0.75728723,-0.051930838 0.65013115 -0.7580453,
  -0.19311675 0.62205438 -0.75878473,-0.32453191 0.56376421 -0.75950573,
  -0.44031113 0.476482 -0.76098029,-0.52404348 0.36865232 -0.76777203,
  -0.59326925 0.24741259 -0.76604086,-0.081952329 0.030827943 -0.99615935,
  -0.71783913 0.3015235 -0.62752734,-0.93626194 0.24274606 -0.25394473,
  -0.87559078 0.23217216 -0.4235999,-0.78364584 0.20878051 -0.58507256,
  -0.66349655 0.1765107 -0.72706004,-0.51994388 0.13768186 -0.84303148,
  -0.3586071 0.094363163 -0.92870692,-0.25143664 0.065639383 -0.96564543,
  -0.09680235 0.038331909 -0.99456522,0.96247976 0.25409942 -0.09521658,
  0.88330684 0.45902378 -0.09521658,0.76111342 0.6415919 -0.09521658,
  0.63074739 0.77011638 -0.095281117,0.44646863 0.8897119 -0.095281117,
  0.11392845 0.76679348 -0.63170252,0.023267603 0.74776973 -0.66355033,
  -0.14180758 0.7365378 -0.66136425,-0.30078418 0.68918394 -0.65920738,
  -0.44582983 0.6078493 -0.65708066,-0.56975817 0.49635699 -0.65498501,
  -0.66638632 0.36003188 -0.65292137,0.17872085 0.022009564 -0.98365362,
  0.39877616 0.052479217 -0.91554547,0.4940962 0.1173339 -0.86145325,
  0.71375123 0.17846856 -0.67727996,0.81946622 0.18062031 -0.54392226,
  0.91114319 0.19930202 -0.36068932,0.96648684 0.18826228 -0.17452938,
  0.19481973 0.067763362 -0.97849548,0.39190278 0.13631397 -0.90985203,
  0.39307088 0.14355105 -0.90823366,0.53195765 0.27178697 -0.80196814,
  0.75882835 0.36159863 -0.54168807,0.83815989 0.39847545 -0.37243163,
  0.90232576 0.38715061 -0.18953266,0.17252888 0.10766154 -0.97910305,
  0.35195439 0.21962671 -0.90988583,0.49236151 0.30724363 -0.81435956,
  0.43410516 0.28026749 -0.85615585,0.52927157 0.44656941 -0.72142038,
  0.73034668 0.57261542 -0.37243163,0.795434 0.57564062 -0.18953266,
  0.14245555 0.14122274 -0.97967472,0.29456986 0.29202066 -0.90991897,
  0.41209863 0.40853233 -0.81441761,0.5144033 0.50995166 -0.689448,
  0.42402511 0.43312243 -0.79536637,0.46354741 0.62064329 -0.63239679,
  0.63544459 0.75177579 -0.17619117,0.15595144 0.245144 -0.95686131,
  0.31142474 0.48953639 -0.81447453,0.38875199 0.61108904 -0.68952308,
  0.45183394 0.71024916 -0.53980758,0.36047788 0.58485673 -0.72663492,
  0.3340751 0.74753832 -0.57409083,0.09695462 0.27112678 -0.9576482,
  0.19533669 0.54624533 -0.8145303,0.24384842 0.68190498 -0.68959666,
  0.2834278 0.79258592 -0.5398854,0.31269812 0.87443832 -0.37091443,
  0.26164637 0.75523319 -0.60096922,0.034246292 0.28336977 -0.95839906,
  0.069594124 0.57585418 -0.81458494,0.08688103 0.71889409 -0.68966875,
  0.10098652 0.83560944 -0.53996165,0.11141907 0.92193328 -0.3709782,
  0.11782229 0.97491648 -0.18882734,-0.029067216 0.2815173 -0.95911579,
  -0.059566283 0.57690214 -0.81463844,-0.07436504 0.72022877 -0.68973934,
  -0.086441611 0.8371909 -0.54003633,-0.095374453 0.92370588 -0.37104066,
  -0.1008576 0.9768104 -0.18886289,-0.089902941 0.26589689 -0.95980014,
  -0.18574004 0.54934465 -0.8146908,-0.23189396 0.68584947 -0.68980844,
  -0.26956206 0.7972566 -0.54010944,-0.29742724 0.87967067 -0.37110181,
  -0.31453268 0.93026171 -0.1888977,-0.14534762 0.23749254 -0.96045373,
  -0.30267235 0.49455523 -0.81474203,-0.37789568 0.61746731 -0.68987606,
  -0.43929493 0.71779138 -0.54018098,-0.48471972 0.79201378 -0.37116165,
  -0.51260639 0.83757954 -0.18893177,-0.25555424 0.26230612 -0.93053078,
  -0.50513304 0.51847893 -0.68994218,-0.58722518 0.60273999 -0.54025095,
  -0.64796478 0.66508437 -0.37122019,-0.68525598 0.70336082 -0.18896509,
  -0.30548204 0.19808672 -0.93136587,-0.60730049 0.39379781 -0.69000681,
  -0.70601971 0.45781128 -0.54031935,-0.77906828 0.50517888 -0.37127741,
  -0.82391969 0.53426232 -0.18899768,-0.16772946 0.064326224 -0.98373216,
  -0.38617383 0.15813802 -0.90876957,-0.53503182 0.23204604 -0.81233957,
  -0.66111751 0.30401012 -0.68593111,-0.75934169 0.37076946 -0.53472442,
  -0.82614734 0.4290949 -0.36518234,-0.85980958 0.47612003 -0.18449172] }
}
}
DEF SHAPE_23 Shape {
 appearance USE APP_1
 geometry DEF FACE_23 IndexedFaceSet {
  coord DEF COORD_23 Coordinate { point [
  1.7779727 -1.0317585 1.0393701,1.748575 -1.0693696 1.0441837,
  1.7210701 -1.1047964 1.0584486,1.6971529 -1.1357884 1.0815628,
  1.6800649 -1.1580373 1.1089816,1.669232 -1.1721878 1.1378888,
  1.6641423 -1.1788485 1.1628657,1.6624214 -1.1811024 1.1887139,
  2.1106126 -1.9370672 1.0393701,2.6353583 -2.7463107 1.0393701,
  3.326186 -3.4193561 1.0393701,4.1488354 -3.9228251 1.0393701,
  5.0625088 -4.2317491 1.0393701,6.0218943 -4.3308075 1.0393701,
  6.979413 -4.2150878 1.0393701,7.8875785 -3.8903289 1.0393701,
  8.7013522 -3.3726365 1.0393701,9.3803766 -2.6876846 1.0393701,
  9.8909765 -1.8694422 1.0393701,10.20783 -0.95848828 1.0393701,
  10.315223 0 1.0393701,10.353876 0 1.0444588,
  10.389895 0 1.0593784,10.420825 0 1.0831119,
  10.444559 0 1.114042,10.459478 0 1.1500609,
  10.464567 0 1.1887139,2.0267317 -2.1002989 1.1887139,
  2.5837887 -2.9172027 1.1887139,3.3064616 -3.5920274 1.1887139,
  4.1595533 -4.0919063 1.1887139,5.1015149 -4.3924933 1.1887139,
  6.0864693 -4.4791488 1.1887139,7.0664453 -4.3476522 1.1887139,
  7.9937143 -4.004408 1.1887139,8.8231146 -3.4661334 1.1887139,
  9.5142512 -2.7590447 1.1887139,10.033463 -1.9175796 1.1887139,
  10.355463 -0.982721 1.1887139,2.0760412 -1.9543551 1.0444588,
  2.0438258 -1.9704649 1.0593784,2.0161617 -1.9842987 1.0831119,
  1.9967223 -1.9940196 1.110682,1.9845842 -2.0000895 1.1392306,
  2.6054701 -2.7708209 1.0444588,2.5776188 -2.7936609 1.0593784,
  2.5537023 -2.8132739 1.0831119,2.5368962 -2.827056 1.110682,
  2.5264024 -2.8356616 1.1392306,3.3024633 -3.4498732 1.0444588,
  3.2803573 -3.4783105 1.0593784,3.2613744 -3.5027303 1.0831119,
  3.2480352 -3.5198899 1.110682,3.2397061 -3.5306045 1.1392306,
  4.1324547 -3.9578355 1.0444588,4.1171903 -3.99046 1.0593784,
  4.1040825 -4.0184753 1.0831119,4.0948716 -4.0381616 1.110682,
  4.0891203 -4.0504539 1.1392306,5.0542824 -4.2695166 1.0444588,
  5.0466167 -4.3047103 1.0593784,5.0400339 -4.3349318 1.0831119,
  5.0354083 -4.3561684 1.110682,5.03252 -4.3694286 1.1392306,
  6.0222302 -4.3694591 1.0444588,6.0225433 -4.4054766 1.0593784,
  6.0228121 -4.4364056 1.0831119,6.023001 -4.4581393 1.110682,
  6.023119 -4.4717099 1.1392306,6.9882946 -4.2527066 1.0444588,
  6.9965709 -4.2877618 1.0593784,7.003678 -4.3178643 1.0831119,
  7.0086721 -4.3390173 1.110682,7.0117904 -4.3522253 1.1392306,
  7.9045653 -3.9250493 1.0444588,7.9203945 -3.9574035 1.0593784,
  7.9339873 -3.9851868 1.0831119,7.943539 -4.00471 1.110682,
  7.9495031 -4.0169004 1.1392306,8.7256018 -3.4027366 1.0444588,
  8.7481988 -3.4307854 1.0593784,8.7676033 -3.4548715 1.0831119,
  8.7812388 -3.4717967 1.110682,8.7897528 -3.4823649 1.1392306,
  9.4106863 -2.7116717 1.0444588,9.4389304 -2.734024 1.0593784,
  9.4631842 -2.7532184 1.0831119,9.4802273 -2.7667063 1.110682,
  9.4908691 -2.7751282 1.1392306,9.9258433 -1.8861266 1.0444588,
  9.9583339 -1.9016739 1.0593784,9.9862342 -1.9150248 1.0831119,
  10.00584 -1.9244064 1.110682,10.018081 -1.9302643 1.1392306,
  10.245525 -0.9670426 1.0444588,10.28065 -0.97501394 1.0593784,
  10.310813 -0.9818591 1.0831119,10.332009 -0.98666917 1.110682,
  10.345244 -0.98967261 1.1392306] }
 coordIndex [
  8,1,0,-1,8,2,1,-1,8,3,2,-1,8,4,3,-1,8,5,4,-1,8,6,5,-1,8,7,6,-1,9,27,8,-1,
  10,28,9,-1,11,29,10,-1,12,30,11,-1,13,31,12,-1,14,32,13,-1,15,33,14,-1,25,38,24,-1,26,38,25,-1,
  39,7,8,-1,39,8,27,-1,40,39,27,-1,40,7,39,-1,41,40,27,-1,41,7,40,-1,42,41,27,-1,42,7,41,-1,
  43,27,7,-1,43,42,27,-1,43,7,42,-1,44,27,9,-1,44,9,28,-1,45,44,28,-1,45,27,44,-1,46,45,28,-1,
  46,27,45,-1,47,46,28,-1,47,27,46,-1,48,28,27,-1,48,47,28,-1,48,27,47,-1,49,28,10,-1,49,10,29,-1,
  50,49,29,-1,50,28,49,-1,51,28,50,-1,51,50,29,-1,52,28,51,-1,52,51,29,-1,53,29,28,-1,53,28,52,-1,
  53,52,29,-1,54,29,11,-1,54,11,30,-1,55,54,30,-1,55,29,54,-1,56,55,30,-1,56,29,55,-1,57,56,30,-1,
  57,29,56,-1,58,30,29,-1,58,57,30,-1,58,29,57,-1,59,30,12,-1,59,12,31,-1,60,59,31,-1,60,30,59,-1,
  61,60,31,-1,61,30,60,-1,62,61,31,-1,62,30,61,-1,63,31,30,-1,63,62,31,-1,63,30,62,-1,64,31,13,-1,
  64,13,32,-1,65,64,32,-1,65,31,64,-1,66,65,32,-1,66,31,65,-1,67,66,32,-1,67,31,66,-1,68,32,31,-1,
  68,67,32,-1,68,31,67,-1,69,32,14,-1,69,14,33,-1,70,69,33,-1,70,32,69,-1,71,70,33,-1,71,32,70,-1,
  72,71,33,-1,72,32,71,-1,73,33,32,-1,73,72,33,-1,73,32,72,-1,74,33,15,-1,75,74,34,-1,75,33,74,-1,
  76,75,34,-1,76,33,75,-1,77,76,34,-1,77,33,76,-1,78,34,33,-1,78,77,34,-1,78,33,77,-1,79,15,16,-1,
  79,16,17,-1,79,34,74,-1,79,74,15,-1,80,79,35,-1,80,34,79,-1,81,80,35,-1,81,34,80,-1,82,81,35,-1,
  82,34,81,-1,83,82,35,-1,83,34,82,-1,83,35,34,-1,84,35,79,-1,84,79,17,-1,85,35,84,-1,86,85,36,-1,
  86,35,85,-1,87,86,36,-1,87,35,86,-1,88,87,36,-1,88,35,87,-1,88,36,35,-1,89,84,17,-1,89,17,18,-1,
  90,36,85,-1,90,85,84,-1,90,84,89,-1,91,36,90,-1,92,91,37,-1,92,36,91,-1,93,92,37,-1,93,36,92,-1,
  93,37,36,-1,94,18,19,-1,94,19,20,-1,94,20,21,-1,94,89,18,-1,95,94,21,-1,95,21,22,-1,95,90,89,-1,
  95,89,94,-1,96,95,22,-1,96,90,95,-1,96,22,23,-1,96,37,91,-1,96,91,90,-1,97,24,38,-1,97,23,24,-1,
  97,96,23,-1,97,37,96,-1,98,38,37,-1,98,97,38,-1,98,37,97,-1]
  normalPerVertex TRUE
  normal DEF NORM_23 Normal { vector [
  -0.11060573 -0.040640153 -0.99303311,-0.21685013 -0.085083473 -0.97249001,
  -0.41979616 -0.17607422 -0.8903758,-0.59241123 -0.26563431 -0.76058356,
  -0.72910992 -0.35042772 -0.5878768,-0.81446869 -0.41819371 -0.40218749,
  -0.85840438 -0.47321014 -0.19802548,-0.75418441 -0.24527563 -0.60913524,
  -0.55409922 -0.31141615 -0.7720065,-0.50000484 -0.40876324 -0.76348397,
  -0.39821286 -0.51061897 -0.76203333,-0.2761002 -0.58766533 -0.76053806,
  -0.13960557 -0.63595082 -0.75899726,0.0045889715 -0.65292346 -0.75740999,
  0.14938327 -0.6375644 -0.75577528,0.16741721 -0.49521261 -0.85248809,
  0.081887582 -0.10164404 -0.99144486,0.10235192 -0.081001057 -0.99144486,
  0.11985558 -0.051916896 -0.99143294,0.12728959 -0.028886784 -0.99144486,
  0.13051224 -0.014623149 -0.99133885,0.30097589 -0.033722627 -0.95303531,
  0.536687 -0.060132708 -0.84163598,0.7302849 -0.081662501 -0.6782442,
  0.9151172 -0.10521053 -0.38921878,0.95987948 -0.11171432 -0.25719893,
  0.98549269 -0.10941214 -0.12974257,-0.65121209 -0.39976708 -0.64506518,
  -0.54627561 -0.53305674 -0.64609092,-0.41464226 -0.63975478 -0.64713648,
  -0.2628718 -0.71465591 -0.64820163,-0.098503657 -0.75413827 -0.64928614,
  0.070318268 -0.75633887 -0.65038977,0.23524995 -0.72124144 -0.65151228,
  0.42625551 -0.71591161 -0.55297089,0.57304507 -0.60339847 -0.55455355,
  0.74142087 -0.49810626 -0.44965014,0.87446219 -0.34449112 -0.34152854,
  0.95709279 -0.15945072 -0.2419687,-0.24144962 -0.095695076 -0.96568345,
  -0.46612546 -0.1847421 -0.86521524,-0.64994013 -0.2575944 -0.71499856,
  -0.78770801 -0.31219671 -0.53108314,-0.92011547 -0.3646745 -0.14282868,
  -0.21461528 -0.14634886 -0.96567194,-0.41430751 -0.28252151 -0.86517679,
  -0.57766375 -0.39391619 -0.7149368,-0.70008284 -0.47739531 -0.53101575,
  -0.81651973 -0.55679509 -0.15256068,-0.17731843 -0.18989113 -0.96566015,
  -0.34229582 -0.36656619 -0.86513744,-0.47723828 -0.51107669 -0.71487359,
  -0.57835113 -0.61935892 -0.5309468,-0.67342846 -0.72117767 -0.16247114,
  -0.13137195 -0.22419895 -0.9656481,-0.25359201 -0.43277932 -0.86509719,
  -0.35354945 -0.60336637 -0.71480893,-0.4284381 -0.7311711 -0.53087628,
  -0.49797849 -0.84984852 -0.17255411,-0.079010477 -0.24759829 -0.96563577,
  -0.15251147 -0.47793128 -0.86505603,-0.21261681 -0.6662858 -0.71474284,
  -0.25764203 -0.80738311 -0.5308042,-0.29888175 -0.93661767 -0.18280328,
  -0.02278183 -0.25894573 -0.96562316,-0.043973495 -0.49981712 -0.86501397,
  -0.061300803 -0.69676497 -0.7146753,-0.074279 -0.8442794 -0.53073056,
  -0.085989229 -0.9773817 -0.19321197,0.034576972 -0.25768431 -0.96561029,
  0.066738056 -0.49736424 -0.86497101,0.093031148 -0.69331307 -0.71460632,
  0.11272199 -0.84005872 -0.53065535,0.13020112 -0.97032169 -0.20377314,
  0.29174086 -0.52035654 -0.80256859,0.17423194 -0.4706849 -0.86492714,
  0.24286327 -0.65609137 -0.7145359,0.29425378 -0.79492206 -0.53057858,
  0.33906788 -0.91598666 -0.21447939,0.38047602 -0.47695652 -0.79230706,
  0.273272 -0.42107116 -0.86488236,0.38089739 -0.58690573 -0.71446403,
  0.46147457 -0.71106309 -0.53050024,0.5303945 -0.81725836 -0.22532297,
  0.40217958 -0.38219999 -0.8319704,0.57860464 -0.41601113 -0.70153504,
  0.50040837 -0.48911898 -0.71439071,0.60623848 -0.59256153 -0.53042034,
  0.69487596 -0.67919931 -0.23629579,0.23587533 -0.1075152 -0.96581743,
  0.57769397 -0.32322312 -0.74953085,0.74666609 -0.32364923 -0.58115482,
  0.72149237 -0.44518474 -0.53033887,0.82457813 -0.50879207 -0.24738943,
  0.21110719 -0.04790814 -0.97628816,0.45031319 -0.10219295 -0.88700317,
  0.74045766 -0.20774023 -0.63919203,0.86633356 -0.1589008 -0.47351526,
  0.91332688 -0.31458313 -0.25859517] }
}
}
DEF SHAPE_24 Shape {
 appearance USE APP_1
 geometry DEF FACE_24 IndexedFaceSet {
  coord DEF COORD_24 Coordinate { point [
  9.2341655 2.2980359 2.0137795,9.6341741 1.587758 2.0137795,
  9.8810934 0.81088454 2.0137795,9.9645669 0 2.0137795,
  9.8810934 -0.81088454 2.0137795,9.6341741 -1.587758 2.0137795,
  9.2341655 -2.2980359 2.0137795,9.6424138 2.586711 2.0137795,
  10.092671 1.7872093 2.0137795,10.370608 0.91274639 2.0137795,
  10.464567 0 2.0137795,10.370608 -0.91274639 2.0137795,
  10.092671 -1.7872093 2.0137795,9.6424138 -2.586711 2.0137795] }
 coordIndex [
  6,13,12,-1,5,6,12,-1,4,12,11,-1,4,5,12,-1,3,11,10,-1,3,4,11,-1,9,3,10,-1,2,3,9,-1,
  8,2,9,-1,1,2,8,-1,7,1,8,-1,0,1,7,-1]
  normalPerVertex TRUE
  normal DEF NORM_24 Normal { vector [
  0 0 1,0 0 1,
  0 0 1,0 0 1,
  0 0 1,0 0 1,
  0 0 1,0 0 1,
  0 0 1,0 0 1,
  0 0 1,0 0 1,
  0 0 1,0 0 1] }
}
}
DEF SHAPE_25 Shape {
 appearance USE APP_1
 geometry DEF FACE_25 IndexedFaceSet {
  coord DEF COORD_25 Coordinate { point [
  6.2933071 -3.7401575 1.0393701,6.2933071 -3.7401575 0.17984968,
  6.2933071 -3.7401575 1.0393701,6.2827763 -3.6601681 1.0393701,
  6.2519016 -3.5856299 1.0393701,6.2027869 -3.5216225 1.0393701,
  6.1387795 -3.4725079 1.0393701,6.0642413 -3.4416332 1.0393701,
  5.984252 -3.4311024 1.0393701,5.9042626 -3.4416332 1.0393701,
  5.8297244 -3.4725079 1.0393701,5.765717 -3.5216225 1.0393701,
  5.7166024 -3.5856299 1.0393701,5.6857276 -3.6601681 1.0393701,
  5.6751969 -3.7401575 1.0393701,5.6857276 -3.8201468 1.0393701,
  5.7166024 -3.894685 1.0393701,5.765717 -3.9586925 1.0393701,
  5.8297244 -4.0078071 1.0393701,5.9042626 -4.0386818 1.0393701,
  5.984252 -4.0492126 1.0393701,6.0642413 -4.0386818 1.0393701,
  6.1387795 -4.0078071 1.0393701,6.2027869 -3.9586925 1.0393701,
  6.2519016 -3.894685 1.0393701,6.2827763 -3.8201468 1.0393701,
  6.2933071 -3.7401575 0.17984968,6.2827763 -3.6601681 0.17984968,
  6.2519016 -3.5856299 0.17984968,6.2027869 -3.5216225 0.17984968,
  6.1387795 -3.4725079 0.17984968,6.0642413 -3.4416332 0.17984968,
  5.984252 -3.4311024 0.17984968,5.9042626 -3.4416332 0.17984968,
  5.8297244 -3.4725079 0.17984968,5.765717 -3.5216225 0.17984968,
  5.7166024 -3.5856299 0.17984968,5.6857276 -3.6601681 0.17984968,
  5.6751969 -3.7401575 0.17984968,5.6857276 -3.8201468 0.17984968,
  5.7166024 -3.894685 0.17984968,5.765717 -3.9586925 0.17984968,
  5.8297244 -4.0078071 0.17984968,5.9042626 -4.0386818 0.17984968,
  5.984252 -4.0492126 0.17984968,6.0642413 -4.0386818 0.17984968,
  6.1387795 -4.0078071 0.17984968,6.2027869 -3.9586925 0.17984968,
  6.2519016 -3.894685 0.17984968,6.2827763 -3.8201468 0.17984968] }
 coordIndex [
  3,2,26,-1,3,26,27,-1,4,27,28,-1,4,3,27,-1,5,28,29,-1,5,4,28,-1,6,29,30,-1,6,5,29,-1,
  7,30,31,-1,7,6,30,-1,8,31,32,-1,8,7,31,-1,9,32,33,-1,9,33,34,-1,9,8,32,-1,10,9,34,-1,
  11,34,35,-1,11,10,34,-1,12,35,36,-1,12,36,37,-1,12,11,35,-1,13,12,37,-1,14,13,37,-1,14,37,38,-1,
  15,14,38,-1,15,38,39,-1,16,15,39,-1,16,39,40,-1,17,16,40,-1,17,40,41,-1,17,41,42,-1,18,17,42,-1,
  19,18,42,-1,19,42,43,-1,19,43,44,-1,20,19,44,-1,21,20,44,-1,21,44,45,-1,22,21,45,-1,22,45,46,-1,
  23,22,46,-1,23,46,47,-1,24,23,47,-1,24,47,48,-1,25,24,48,-1,25,48,49,-1,0,25,49,-1,0,49,1,-1]
  normalPerVertex TRUE
  normal DEF NORM_25 Normal { vector [
  0.99144486 -0.13052619 0,0.99144486 -0.13052619 0,
  0.99144486 0.13052619 0,0.9763442 0.21622209 0,
  0.88711369 0.46155098 0,0.73742784 0.67542593 0,
  0.5374875 0.84327172 0,0.30091828 0.95364993 0,
  0.04384197 0.99903848 0,-0.25881905 0.96592583 0,
  -0.5 0.8660254 0,-0.67542593 0.73742784 0,
  -0.8660254 0.5 0,-0.96592583 0.25881905 0,
  -0.99903848 0.04384197 0,-0.9763442 -0.21622209 0,
  -0.88711369 -0.46155098 0,-0.70710678 -0.70710678 0,
  -0.5 -0.8660254 0,-0.25881905 -0.96592583 0,
  0 -1 0,0.21622209 -0.9763442 0,
  0.46155098 -0.88711369 0,0.67542593 -0.73742784 0,
  0.84327172 -0.5374875 0,0.95364993 -0.30091828 0,
  0.99144486 0.13052619 0,0.95364993 0.30091828 0,
  0.84327172 0.5374875 0,0.67542593 0.73742784 0,
  0.46155098 0.88711369 0,0.21622209 0.9763442 0,
  -0.04384197 0.99903848 0,-0.25881905 0.96592583 0,
  -0.5 0.8660254 0,-0.73742784 0.67542593 0,
  -0.8660254 0.5 0,-0.96592583 0.25881905 0,
  -0.99903848 -0.04384197 0,-0.95364993 -0.30091828 0,
  -0.84327172 -0.5374875 0,-0.70710678 -0.70710678 0,
  -0.5 -0.8660254 0,-0.25881905 -0.96592583 0,
  0 -1 0,0.30091828 -0.95364993 0,
  0.5374875 -0.84327172 0,0.73742784 -0.67542593 0,
  0.88711369 -0.46155098 0,0.9763442 -0.21622209 0] }
}
}
DEF SHAPE_26 Shape {
 appearance DEF APP_2 Appearance {
  material Material {
   ambientIntensity 0.122244
   diffuseColor 0.824 0.81999999 0.78100002
   emissiveColor 0 0 0
   shininess 0.1
   specularColor 0.12 0.12 0.12
   transparency 0
} }
 geometry DEF FACE_26 IndexedFaceSet {
  coord DEF COORD_26 Coordinate { point [
  8.1062992 -0.021474588 -1.8307087,8.1062992 -0.077054913 -1.8233914,
  8.1062992 -0.12884753 -1.8019382,8.1062992 -0.17332286 -1.767811,
  8.1062992 -0.20744998 -1.7233357,8.1062992 -0.22890318 -1.6715431,
  8.1062992 -0.23622047 -1.6159628,8.1062992 0.021474588 -1.8307087,
  8.1062992 0.077054913 -1.8233914,8.1062992 0.12884753 -1.8019382,
  8.1062992 0.17332286 -1.767811,8.1062992 0.20744998 -1.7233357,
  8.1062992 0.22890318 -1.6715431,8.1062992 0.23622047 -1.6159628,
  8.1062992 0.23622047 0.039370079,8.1062992 0.47244094 0.039370079,
  8.1062992 0.47244094 1.0393701,8.1062992 -0.47244094 1.0393701,
  8.1062992 -0.47244094 0.039370079,8.1062992 -0.23622047 0.039370079] }
 coordIndex [
  6,1,0,-1,6,2,1,-1,6,3,2,-1,6,4,3,-1,6,5,4,-1,7,6,0,-1,13,7,8,-1,13,8,9,-1,
  13,9,10,-1,13,10,11,-1,13,11,12,-1,13,6,7,-1,14,19,6,-1,14,6,13,-1,17,18,19,-1,16,14,15,-1,
  16,19,14,-1,16,17,19,-1]
  normalPerVertex TRUE
  normal DEF NORM_26 Normal { vector [
  1 0 0,1 0 0,
  1 0 0,1 0 0,
  1 0 0,1 0 0,
  1 0 0,1 0 0,
  1 0 0,1 0 0,
  1 0 0,1 0 0,
  1 0 0,1 0 0,
  1 0 0,1 0 0,
  1 0 0,1 0 0,
  1 0 0,1 0 0] }
}
}
DEF SHAPE_27 Shape {
 appearance USE APP_2
 geometry DEF FACE_27 IndexedFaceSet {
  coord DEF COORD_27 Coordinate { point [
  8.0275591 -0.47244094 0.039370079,8.1062992 -0.47244094 0.039370079,
  8.0275591 -0.47244094 1.0393701,8.1062992 -0.47244094 1.0393701] }
 coordIndex [
  1,2,0,-1,1,3,2,-1]
  normalPerVertex TRUE
  normal DEF NORM_27 Normal { vector [
  0 -1 0,0 -1 0,
  0 -1 0,0 -1 0] }
}
}
DEF SHAPE_28 Shape {
 appearance USE APP_2
 geometry DEF FACE_28 IndexedFaceSet {
  coord DEF COORD_28 Coordinate { point [
  8.0275591 0.021474588 -1.8307087,8.0275591 -0.021474588 -1.8307087,
  8.0275591 -0.077054913 -1.8233914,8.0275591 -0.12884753 -1.8019382,
  8.0275591 -0.17332286 -1.767811,8.0275591 -0.20744998 -1.7233357,
  8.0275591 -0.22890318 -1.6715431,8.0275591 -0.23622047 -1.6159628,
  8.0275591 -0.23622047 0.039370079,8.0275591 -0.47244094 0.039370079,
  8.0275591 -0.47244094 1.0393701,8.0275591 0.47244094 1.0393701,
  8.0275591 0.47244094 0.039370079,8.0275591 0.23622047 0.039370079,
  8.0275591 0.23622047 -1.6159628,8.0275591 0.077054913 -1.8233914,
  8.0275591 0.12884753 -1.8019382,8.0275591 0.17332286 -1.767811,
  8.0275591 0.20744998 -1.7233357,8.0275591 0.22890318 -1.6715431] }
 coordIndex [
  0,16,15,-1,14,17,16,-1,14,18,17,-1,14,19,18,-1,14,16,0,-1,7,0,1,-1,7,1,2,-1,7,2,3,-1,
  7,3,4,-1,7,4,5,-1,7,5,6,-1,7,14,0,-1,13,14,7,-1,8,13,7,-1,11,12,13,-1,10,8,9,-1,
  10,11,13,-1,10,13,8,-1]
  normalPerVertex TRUE
  normal DEF NORM_28 Normal { vector [
  -1 0 0,-1 0 0,
  -1 0 0,-1 0 0,
  -1 0 0,-1 0 0,
  -1 0 0,-1 0 0,
  -1 0 0,-1 0 0,
  -1 0 0,-1 0 0,
  -1 0 0,-1 0 0,
  -1 0 0,-1 0 0,
  -1 0 0,-1 0 0,
  -1 0 0,-1 0 0] }
}
}
DEF SHAPE_29 Shape {
 appearance USE APP_2
 geometry DEF FACE_29 IndexedFaceSet {
  coord DEF COORD_29 Coordinate { point [
  8.1062992 0.47244094 0.039370079,8.0275591 0.47244094 0.039370079,
  8.1062992 0.47244094 1.0393701,8.0275591 0.47244094 1.0393701] }
 coordIndex [
  1,2,0,-1,1,3,2,-1]
  normalPerVertex TRUE
  normal DEF NORM_29 Normal { vector [
  0 1 0,0 1 0,
  0 1 0,0 1 0] }
}
}
DEF SHAPE_30 Shape {
 appearance USE APP_2
 geometry DEF FACE_30 IndexedFaceSet {
  coord DEF COORD_30 Coordinate { point [
  0.039370079 0.47244094 0.039370079,0.039370079 0.47244094 1.0393701,
  0.039370079 -0.47244094 1.0393701,0.039370079 -0.47244094 0.039370079,
  0.039370079 -0.23622047 0.039370079,0.039370079 -0.23622047 -1.6159628,
  0.039370079 -0.021474588 -1.8307087,0.039370079 -0.077054913 -1.8233914,
  0.039370079 -0.12884753 -1.8019382,0.039370079 -0.17332286 -1.767811,
  0.039370079 -0.20744998 -1.7233357,0.039370079 -0.22890318 -1.6715431,
  0.039370079 0.021474588 -1.8307087,0.039370079 0.077054913 -1.8233914,
  0.039370079 0.12884753 -1.8019382,0.039370079 0.17332286 -1.767811,
  0.039370079 0.20744998 -1.7233357,0.039370079 0.22890318 -1.6715431,
  0.039370079 0.23622047 -1.6159628,0.039370079 0.23622047 0.039370079] }
 coordIndex [
  6,8,7,-1,6,9,8,-1,6,10,9,-1,6,11,10,-1,6,5,11,-1,18,6,12,-1,18,12,13,-1,18,13,14,-1,
  18,14,15,-1,18,15,16,-1,18,16,17,-1,18,5,6,-1,4,5,18,-1,19,4,18,-1,2,3,4,-1,1,19,0,-1,
  1,2,4,-1,1,4,19,-1]
  normalPerVertex TRUE
  normal DEF NORM_30 Normal { vector [
  1 0 0,1 0 0,
  1 0 0,1 0 0,
  1 0 0,1 0 0,
  1 0 0,1 0 0,
  1 0 0,1 0 0,
  1 0 0,1 0 0,
  1 0 0,1 0 0,
  1 0 0,1 0 0,
  1 0 0,1 0 0,
  1 0 0,1 0 0] }
}
}
DEF SHAPE_31 Shape {
 appearance USE APP_2
 geometry DEF FACE_31 IndexedFaceSet {
  coord DEF COORD_31 Coordinate { point [
  -0.039370079 -0.47244094 0.039370079,0.039370079 -0.47244094 0.039370079,
  -0.039370079 -0.47244094 1.0393701,0.039370079 -0.47244094 1.0393701] }
 coordIndex [
  1,2,0,-1,1,3,2,-1]
  normalPerVertex TRUE
  normal DEF NORM_31 Normal { vector [
  0 -1 0,0 -1 0,
  0 -1 0,0 -1 0] }
}
}
DEF SHAPE_32 Shape {
 appearance USE APP_2
 geometry DEF FACE_32 IndexedFaceSet {
  coord DEF COORD_32 Coordinate { point [
  -0.039370079 0.021474588 -1.8307087,-0.039370079 -0.021474588 -1.8307087,
  -0.039370079 -0.077054913 -1.8233914,-0.039370079 -0.12884753 -1.8019382,
  -0.039370079 -0.17332286 -1.767811,-0.039370079 -0.20744998 -1.7233357,
  -0.039370079 -0.22890318 -1.6715431,-0.039370079 -0.23622047 -1.6159628,
  -0.039370079 -0.23622047 0.039370079,-0.039370079 -0.47244094 0.039370079,
  -0.039370079 -0.47244094 1.0393701,-0.039370079 0.47244094 1.0393701,
  -0.039370079 0.47244094 0.039370079,-0.039370079 0.23622047 0.039370079,
  -0.039370079 0.23622047 -1.6159628,-0.039370079 0.077054913 -1.8233914,
  -0.039370079 0.12884753 -1.8019382,-0.039370079 0.17332286 -1.767811,
  -0.039370079 0.20744998 -1.7233357,-0.039370079 0.22890318 -1.6715431] }
 coordIndex [
  13,11,12,-1,8,10,11,-1,8,11,13,-1,9,10,8,-1,18,14,19,-1,16,18,17,-1,15,14,18,-1,15,18,16,-1,
  0,14,15,-1,7,13,14,-1,7,8,13,-1,7,14,0,-1,1,7,0,-1,2,7,1,-1,3,7,2,-1,5,6,7,-1,
  4,5,7,-1,4,7,3,-1]
  normalPerVertex TRUE
  normal DEF NORM_32 Normal { vector [
  -1 0 0,-1 0 0,
  -1 0 0,-1 0 0,
  -1 0 0,-1 0 0,
  -1 0 0,-1 0 0,
  -1 0 0,-1 0 0,
  -1 0 0,-1 0 0,
  -1 0 0,-1 0 0,
  -1 0 0,-1 0 0,
  -1 0 0,-1 0 0,
  -1 0 0,-1 0 0] }
}
}
DEF SHAPE_33 Shape {
 appearance USE APP_2
 geometry DEF FACE_33 IndexedFaceSet {
  coord DEF COORD_33 Coordinate { point [
  0.039370079 0.47244094 0.039370079,-0.039370079 0.47244094 0.039370079,
  0.039370079 0.47244094 1.0393701,-0.039370079 0.47244094 1.0393701] }
 coordIndex [
  1,2,0,-1,1,3,2,-1]
  normalPerVertex TRUE
  normal DEF NORM_33 Normal { vector [
  0 1 0,0 1 0,
  0 1 0,0 1 0] }
}
}
DEF SHAPE_34 Shape {
 appearance USE APP_1
 geometry DEF FACE_34 IndexedFaceSet {
  coord DEF COORD_34 Coordinate { point [
  9.5323785 1.8700787 1.0393701,9.5323785 1.8700787 0.17984968,
  9.5323785 1.8700787 1.0393701,9.5218477 1.9500681 1.0393701,
  9.4909729 2.0246063 1.0393701,9.4418583 2.0886137 1.0393701,
  9.3778509 2.1377283 1.0393701,9.3033127 2.1686031 1.0393701,
  9.2233234 2.1791339 1.0393701,9.143334 2.1686031 1.0393701,
  9.0687958 2.1377283 1.0393701,9.0047884 2.0886137 1.0393701,
  8.9556738 2.0246063 1.0393701,8.924799 1.9500681 1.0393701,
  8.9142682 1.8700787 1.0393701,8.924799 1.7900894 1.0393701,
  8.9556738 1.7155512 1.0393701,9.0047884 1.6515438 1.0393701,
  9.0687958 1.6024292 1.0393701,9.143334 1.5715544 1.0393701,
  9.2233234 1.5610236 1.0393701,9.3033127 1.5715544 1.0393701,
  9.3778509 1.6024292 1.0393701,9.4418583 1.6515438 1.0393701,
  9.4909729 1.7155512 1.0393701,9.5218477 1.7900894 1.0393701,
  9.5323785 1.8700787 0.17984968,9.5218477 1.9500681 0.17984968,
  9.4909729 2.0246063 0.17984968,9.4418583 2.0886137 0.17984968,
  9.3778509 2.1377283 0.17984968,9.3033127 2.1686031 0.17984968,
  9.2233234 2.1791339 0.17984968,9.143334 2.1686031 0.17984968,
  9.0687958 2.1377283 0.17984968,9.0047884 2.0886137 0.17984968,
  8.9556738 2.0246063 0.17984968,8.924799 1.9500681 0.17984968,
  8.9142682 1.8700787 0.17984968,8.924799 1.7900894 0.17984968,
  8.9556738 1.7155512 0.17984968,9.0047884 1.6515438 0.17984968,
  9.0687958 1.6024292 0.17984968,9.143334 1.5715544 0.17984968,
  9.2233234 1.5610236 0.17984968,9.3033127 1.5715544 0.17984968,
  9.3778509 1.6024292 0.17984968,9.4418583 1.6515438 0.17984968,
  9.4909729 1.7155512 0.17984968,9.5218477 1.7900894 0.17984968] }
 coordIndex [
  3,2,26,-1,3,26,27,-1,4,27,28,-1,4,3,27,-1,5,28,29,-1,5,4,28,-1,6,29,30,-1,6,5,29,-1,
  7,30,31,-1,7,6,30,-1,8,31,32,-1,8,7,31,-1,9,32,33,-1,9,33,34,-1,9,8,32,-1,10,9,34,-1,
  11,34,35,-1,11,10,34,-1,12,35,36,-1,12,36,37,-1,12,11,35,-1,13,12,37,-1,14,13,37,-1,14,37,38,-1,
  15,14,38,-1,15,38,39,-1,16,15,39,-1,16,39,40,-1,17,16,40,-1,17,40,41,-1,17,41,42,-1,18,17,42,-1,
  19,18,42,-1,19,42,43,-1,19,43,44,-1,20,19,44,-1,21,20,44,-1,21,44,45,-1,22,21,45,-1,22,45,46,-1,
  23,22,46,-1,23,46,47,-1,24,23,47,-1,24,47,48,-1,25,24,48,-1,25,48,49,-1,0,25,49,-1,0,49,1,-1]
  normalPerVertex TRUE
  normal DEF NORM_34 Normal { vector [
  0.99144486 -0.13052619 0,0.99144486 -0.13052619 0,
  0.99144486 0.13052619 0,0.9763442 0.21622209 0,
  0.88711369 0.46155098 0,0.73742784 0.67542593 0,
  0.5374875 0.84327172 0,0.30091828 0.95364993 0,
  0.04384197 0.99903848 0,-0.25881905 0.96592583 0,
  -0.5 0.8660254 0,-0.67542593 0.73742784 0,
  -0.8660254 0.5 0,-0.96592583 0.25881905 0,
  -0.99903848 0.04384197 0,-0.9763442 -0.21622209 0,
  -0.88711369 -0.46155098 0,-0.70710678 -0.70710678 0,
  -0.5 -0.8660254 0,-0.25881905 -0.96592583 0,
  0 -1 0,0.21622209 -0.9763442 0,
  0.46155098 -0.88711369 0,0.67542593 -0.73742784 0,
  0.84327172 -0.5374875 0,0.95364993 -0.30091828 0,
  0.99144486 0.13052619 0,0.95364993 0.30091828 0,
  0.84327172 0.5374875 0,0.67542593 0.73742784 0,
  0.46155098 0.88711369 0,0.21622209 0.9763442 0,
  -0.04384197 0.99903848 0,-0.25881905 0.96592583 0,
  -0.5 0.8660254 0,-0.73742784 0.67542593 0,
  -0.8660254 0.5 0,-0.96592583 0.25881905 0,
  -0.99903848 -0.04384197 0,-0.95364993 -0.30091828 0,
  -0.84327172 -0.5374875 0,-0.70710678 -0.70710678 0,
  -0.5 -0.8660254 0,-0.25881905 -0.96592583 0,
  0 -1 0,0.30091828 -0.95364993 0,
  0.5374875 -0.84327172 0,0.73742784 -0.67542593 0,
  0.88711369 -0.46155098 0,0.9763442 -0.21622209 0] }
}
}
DEF SHAPE_35 Shape {
 appearance USE APP_1
 geometry DEF FACE_35 IndexedFaceSet {
  coord DEF COORD_35 Coordinate { point [
  3.0542357 1.8700787 1.0393701,3.0542357 1.8700787 0.17984968,
  3.0542357 1.8700787 1.0393701,3.0437049 1.9500681 1.0393701,
  3.0128302 2.0246063 1.0393701,2.9637155 2.0886137 1.0393701,
  2.8997081 2.1377283 1.0393701,2.8251699 2.1686031 1.0393701,
  2.7451806 2.1791339 1.0393701,2.6651912 2.1686031 1.0393701,
  2.590653 2.1377283 1.0393701,2.5266456 2.0886137 1.0393701,
  2.477531 2.0246063 1.0393701,2.4466563 1.9500681 1.0393701,
  2.4361255 1.8700787 1.0393701,2.4466563 1.7900894 1.0393701,
  2.477531 1.7155512 1.0393701,2.5266456 1.6515438 1.0393701,
  2.590653 1.6024292 1.0393701,2.6651912 1.5715544 1.0393701,
  2.7451806 1.5610236 1.0393701,2.8251699 1.5715544 1.0393701,
  2.8997081 1.6024292 1.0393701,2.9637155 1.6515438 1.0393701,
  3.0128302 1.7155512 1.0393701,3.0437049 1.7900894 1.0393701,
  3.0542357 1.8700787 0.17984968,3.0437049 1.9500681 0.17984968,
  3.0128302 2.0246063 0.17984968,2.9637155 2.0886137 0.17984968,
  2.8997081 2.1377283 0.17984968,2.8251699 2.1686031 0.17984968,
  2.7451806 2.1791339 0.17984968,2.6651912 2.1686031 0.17984968,
  2.590653 2.1377283 0.17984968,2.5266456 2.0886137 0.17984968,
  2.477531 2.0246063 0.17984968,2.4466563 1.9500681 0.17984968,
  2.4361255 1.8700787 0.17984968,2.4466563 1.7900894 0.17984968,
  2.477531 1.7155512 0.17984968,2.5266456 1.6515438 0.17984968,
  2.590653 1.6024292 0.17984968,2.6651912 1.5715544 0.17984968,
  2.7451806 1.5610236 0.17984968,2.8251699 1.5715544 0.17984968,
  2.8997081 1.6024292 0.17984968,2.9637155 1.6515438 0.17984968,
  3.0128302 1.7155512 0.17984968,3.0437049 1.7900894 0.17984968] }
 coordIndex [
  3,2,26,-1,3,26,27,-1,4,27,28,-1,4,3,27,-1,5,28,29,-1,5,4,28,-1,6,29,30,-1,6,5,29,-1,
  7,30,31,-1,7,6,30,-1,8,31,32,-1,8,7,31,-1,9,32,33,-1,9,33,34,-1,9,8,32,-1,10,9,34,-1,
  11,34,35,-1,11,10,34,-1,12,35,36,-1,12,36,37,-1,12,11,35,-1,13,12,37,-1,14,13,37,-1,14,37,38,-1,
  15,14,38,-1,15,38,39,-1,16,15,39,-1,16,39,40,-1,17,16,40,-1,17,40,41,-1,17,41,42,-1,18,17,42,-1,
  19,18,42,-1,19,42,43,-1,19,43,44,-1,20,19,44,-1,21,20,44,-1,21,44,45,-1,22,21,45,-1,22,45,46,-1,
  23,22,46,-1,23,46,47,-1,24,23,47,-1,24,47,48,-1,25,24,48,-1,25,48,49,-1,0,25,49,-1,0,49,1,-1]
  normalPerVertex TRUE
  normal DEF NORM_35 Normal { vector [
  0.99144486 -0.13052619 0,0.99144486 -0.13052619 0,
  0.99144486 0.13052619 0,0.9763442 0.21622209 0,
  0.88711369 0.46155098 0,0.73742784 0.67542593 0,
  0.5374875 0.84327172 0,0.30091828 0.95364993 0,
  0.04384197 0.99903848 0,-0.25881905 0.96592583 0,
  -0.5 0.8660254 0,-0.67542593 0.73742784 0,
  -0.8660254 0.5 0,-0.96592583 0.25881905 0,
  -0.99903848 0.04384197 0,-0.9763442 -0.21622209 0,
  -0.88711369 -0.46155098 0,-0.70710678 -0.70710678 0,
  -0.5 -0.8660254 0,-0.25881905 -0.96592583 0,
  0 -1 0,0.21622209 -0.9763442 0,
  0.46155098 -0.88711369 0,0.67542593 -0.73742784 0,
  0.84327172 -0.5374875 0,0.95364993 -0.30091828 0,
  0.99144486 0.13052619 0,0.95364993 0.30091828 0,
  0.84327172 0.5374875 0,0.67542593 0.73742784 0,
  0.46155098 0.88711369 0,0.21622209 0.9763442 0,
  -0.04384197 0.99903848 0,-0.25881905 0.96592583 0,
  -0.5 0.8660254 0,-0.73742784 0.67542593 0,
  -0.8660254 0.5 0,-0.96592583 0.25881905 0,
  -0.99903848 -0.04384197 0,-0.95364993 -0.30091828 0,
  -0.84327172 -0.5374875 0,-0.70710678 -0.70710678 0,
  -0.5 -0.8660254 0,-0.25881905 -0.96592583 0,
  0 -1 0,0.30091828 -0.95364993 0,
  0.5374875 -0.84327172 0,0.73742784 -0.67542593 0,
  0.88711369 -0.46155098 0,0.9763442 -0.21622209 0] }
}
}
DEF SHAPE_36 Shape {
 appearance USE APP_1
 geometry DEF FACE_36 IndexedFaceSet {
  coord DEF COORD_36 Coordinate { point [
  2.1832121 1.1811024 1.4330709,2.1452117 1.0510362 1.4330709,
  2.1116606 0.91975184 1.4330709,2.0825977 0.78740157 1.4330709,
  -0.30708661 0.78740157 1.4330709,-0.30708661 -0.78740157 1.4330709,
  2.0825977 -0.78740157 1.4330709,2.1116606 -0.91975184 1.4330709,
  2.1452117 -1.0510362 1.4330709,2.1832121 -1.1811024 1.4330709,
  2.5295816 -1.9769067 1.4330709,3.040209 -2.6787158 1.4330709,
  3.6908157 -3.2531611 1.4330709,4.4504674 -3.6729296 1.4330709,
  5.2830454 -3.9180629 1.4330709,6.1489634 -3.9769055 1.4330709,
  7.0070499 -3.8466598 1.4330709,7.8165058 -3.5335185 1.4330709,
  8.5388443 -3.0523704 1.4330709,9.1397206 -2.4260925 1.4330709,
  9.5905651 -1.6844621 1.4330709,9.8699417 -0.86274125 1.4330709,
  9.9645669 0 1.4330709,9.8699417 0.86274125 1.4330709,
  9.5905651 1.6844621 1.4330709,9.1397206 2.4260925 1.4330709,
  8.5388443 3.0523704 1.4330709,7.8165058 3.5335185 1.4330709,
  7.0070499 3.8466598 1.4330709,6.1489634 3.9769055 1.4330709,
  5.2830454 3.9180629 1.4330709,4.4504674 3.6729296 1.4330709,
  3.6908157 3.2531611 1.4330709,3.040209 2.6787158 1.4330709,
  2.5295816 1.9769067 1.4330709,0.039370079 -0.39370079 1.4330709,
  0.039370079 0.39370079 1.4330709,0 -0.39370079 1.4330709,
  0 0.39370079 1.4330709,8.7704724 0 1.4330709,
  8.6755343 0.72112692 1.4330709,8.3971897 1.3931102 1.4330709,
  7.9544074 1.9701554 1.4330709,7.3773622 2.4129377 1.4330709,
  6.7053789 2.6912823 1.4330709,5.984252 2.7862205 1.4330709,
  5.263125 2.6912823 1.4330709,4.5911417 2.4129377 1.4330709,
  4.0140966 1.9701554 1.4330709,3.5713143 1.3931102 1.4330709,
  3.2929697 0.72112692 1.4330709,3.1980315 0 1.4330709,
  3.2929697 -0.72112692 1.4330709,3.5713143 -1.3931102 1.4330709,
  4.0140966 -1.9701554 1.4330709,4.5911417 -2.4129377 1.4330709,
  5.263125 -2.6912823 1.4330709,5.984252 -2.7862205 1.4330709,
  6.7053789 -2.6912823 1.4330709,7.3773622 -2.4129377 1.4330709,
  7.9544074 -1.9701554 1.4330709,8.3971897 -1.3931102 1.4330709,
  8.6755343 -0.72112692 1.4330709] }
 coordIndex [
  35,37,5,-1,38,5,37,-1,4,38,36,-1,4,5,38,-1,6,36,35,-1,54,11,12,-1,53,9,10,-1,53,10,11,-1,
  53,11,54,-1,55,12,13,-1,55,54,12,-1,52,6,7,-1,52,7,8,-1,52,8,9,-1,52,9,53,-1,56,13,14,-1,
  56,55,13,-1,3,36,6,-1,51,3,6,-1,51,6,52,-1,57,56,14,-1,57,14,15,-1,58,15,16,-1,58,57,15,-1,
  50,0,1,-1,50,1,2,-1,50,2,3,-1,50,3,51,-1,17,58,16,-1,59,58,17,-1,49,0,50,-1,49,34,0,-1,
  18,59,17,-1,33,34,49,-1,60,59,18,-1,48,33,49,-1,19,60,18,-1,32,33,48,-1,61,60,19,-1,47,32,48,-1,
  20,61,19,-1,62,61,20,-1,31,47,46,-1,31,32,47,-1,21,62,20,-1,21,39,62,-1,30,46,45,-1,30,31,46,-1,
  22,39,21,-1,29,45,44,-1,29,30,45,-1,23,40,39,-1,23,39,22,-1,28,29,44,-1,24,41,40,-1,24,40,23,-1,
  27,44,43,-1,27,28,44,-1,25,42,41,-1,25,41,24,-1,26,43,42,-1,26,27,43,-1,26,42,25,-1,3,4,36,-1,
  5,6,35,-1]
  normalPerVertex TRUE
  normal DEF NORM_36 Normal { vector [
  0 0 1,0 0 1,
  0 0 1,0 0 1,
  0 0 1,0 0 1,
  0 0 1,0 0 1,
  0 0 1,0 0 1,
  0 0 1,0 0 1,
  0 0 1,0 0 1,
  0 0 1,0 0 1,
  0 0 1,0 0 1,
  0 0 1,0 0 1,
  0 0 1,0 0 1,
  0 0 1,0 0 1,
  0 0 1,0 0 1,
  0 0 1,0 0 1,
  0 0 1,0 0 1,
  0 0 1,0 0 1,
  0 0 1,0 0 1,
  0 0 1,0 0 1,
  0 0 1,0 0 1,
  0 0 1,0 0 1,
  0 0 1,0 0 1,
  0 0 1,0 0 1,
  0 0 1,0 0 1,
  0 0 1,0 0 1,
  0 0 1,0 0 1,
  0 0 1,0 0 1,
  0 0 1,0 0 1,
  0 0 1,0 0 1,
  0 0 1,0 0 1,
  0 0 1,0 0 1,
  0 0 1,0 0 1,
  0 0 1] }
}
}
DEF SHAPE_37 Shape {
 appearance USE APP_1
 geometry DEF FACE_37 IndexedFaceSet {
  coord DEF COORD_37 Coordinate { point [
  6.2933071 -3.7401575 0.17984968,6.2885204 -3.7401575 0.14349088,
  6.2744864 -3.7401575 0.10960988,6.2521616 -3.7401575 0.080515601,
  6.2230673 -3.7401575 0.058190776,6.1891863 -3.7401575 0.044156805,
  6.1528275 -3.7401575 0.039370079,6.1470834 -3.6965269 0.039370079,
  6.1302427 -3.6558697 0.039370079,6.1034529 -3.6209566 0.039370079,
  6.0685397 -3.5941668 0.039370079,6.0278825 -3.577326 0.039370079,
  5.984252 -3.571582 0.039370079,5.9406214 -3.577326 0.039370079,
  5.8999642 -3.5941668 0.039370079,5.8650511 -3.6209566 0.039370079,
  5.8382613 -3.6558697 0.039370079,5.8214205 -3.6965269 0.039370079,
  5.8156764 -3.7401575 0.039370079,5.8214205 -3.783788 0.039370079,
  5.8382613 -3.8244452 0.039370079,5.8650511 -3.8593584 0.039370079,
  5.8999642 -3.8861482 0.039370079,5.9406214 -3.9029889 0.039370079,
  5.984252 -3.908733 0.039370079,6.0278825 -3.9029889 0.039370079,
  6.0685397 -3.8861482 0.039370079,6.1034529 -3.8593584 0.039370079,
  6.1302427 -3.8244452 0.039370079,6.1470834 -3.783788 0.039370079,
  6.1528275 -3.7401575 0.039370079,6.2933071 -3.7401575 0.17984968,
  6.2885204 -3.7401575 0.14349088,6.2744864 -3.7401575 0.10960988,
  6.2521616 -3.7401575 0.080515601,6.2230673 -3.7401575 0.058190776,
  6.1891863 -3.7401575 0.044156805,6.2827763 -3.6601681 0.17984968,
  6.2519016 -3.5856299 0.17984968,6.2027869 -3.5216225 0.17984968,
  6.1387795 -3.4725079 0.17984968,6.0642413 -3.4416332 0.17984968,
  5.984252 -3.4311024 0.17984968,5.9042626 -3.4416332 0.17984968,
  5.8297244 -3.4725079 0.17984968,5.765717 -3.5216225 0.17984968,
  5.7166024 -3.5856299 0.17984968,5.6857276 -3.6601681 0.17984968,
  5.6751969 -3.7401575 0.17984968,5.6857276 -3.8201468 0.17984968,
  5.7166024 -3.894685 0.17984968,5.765717 -3.9586925 0.17984968,
  5.8297244 -4.0078071 0.17984968,5.9042626 -4.0386818 0.17984968,
  5.984252 -4.0492126 0.17984968,6.0642413 -4.0386818 0.17984968,
  6.1387795 -4.0078071 0.17984968,6.2027869 -3.9586925 0.17984968,
  6.2519016 -3.894685 0.17984968,6.2827763 -3.8201468 0.17984968,
  6.2781527 -3.8189079 0.14349088,6.2645969 -3.8152757 0.10960988,
  6.2477561 -3.8922917 0.14349088,6.2430328 -3.8094976 0.080515601,
  6.2356023 -3.8852747 0.10960988,6.2149299 -3.8019674 0.058190776,
  6.1994022 -3.9553077 0.14349088,6.2162685 -3.8741123 0.080515601,
  6.1822033 -3.7931984 0.044156805,6.1894787 -3.9453842 0.10960988,
  6.1910721 -3.8595651 0.058190776,6.1363862 -4.0036616 0.14349088,
  6.1736927 -3.9295982 0.080515601,6.1617303 -3.8426246 0.044156805,
  6.1293692 -3.9915079 0.10960988,6.1531199 -3.9090254 0.058190776,
  6.0630024 -4.0340582 0.14349088,6.1182068 -3.972174 0.080515601,
  6.1291624 -3.8850679 0.044156805,6.0593702 -4.0205024 0.10960988,
  6.1036596 -3.9469776 0.058190776,5.984252 -4.0444259 0.14349088,
  6.0535921 -3.9989383 0.080515601,6.0867191 -3.9176358 0.044156805,
  5.984252 -4.0303919 0.10960988,6.0460619 -3.9708354 0.058190776,
  5.9055015 -4.0340582 0.14349088,5.984252 -4.0080671 0.080515601,
  6.0372929 -3.9381088 0.044156805,5.9091338 -4.0205024 0.10960988,
  5.984252 -3.9789728 0.058190776,5.8321178 -4.0036616 0.14349088,
  5.9149119 -3.9989383 0.080515601,5.984252 -3.9450918 0.044156805,
  5.8391348 -3.9915079 0.10960988,5.922442 -3.9708354 0.058190776,
  5.7691017 -3.9553077 0.14349088,5.8502972 -3.972174 0.080515601,
  5.9312111 -3.9381088 0.044156805,5.7790252 -3.9453842 0.10960988,
  5.8648443 -3.9469776 0.058190776,5.7207478 -3.8922917 0.14349088,
  5.7948113 -3.9295982 0.080515601,5.8817848 -3.9176358 0.044156805,
  5.7329016 -3.8852747 0.10960988,5.815384 -3.9090254 0.058190776,
  5.6903513 -3.8189079 0.14349088,5.7522355 -3.8741123 0.080515601,
  5.8393415 -3.8850679 0.044156805,5.703907 -3.8152757 0.10960988,
  5.7774318 -3.8595651 0.058190776,5.6799836 -3.7401575 0.14349088,
  5.7254712 -3.8094976 0.080515601,5.8067736 -3.8426246 0.044156805,
  5.6940175 -3.7401575 0.10960988,5.7535741 -3.8019674 0.058190776,
  5.6903513 -3.661407 0.14349088,5.7163424 -3.7401575 0.080515601,
  5.7863006 -3.7931984 0.044156805,5.703907 -3.6650393 0.10960988,
  5.7454366 -3.7401575 0.058190776,5.7207478 -3.5880233 0.14349088,
  5.7254712 -3.6708174 0.080515601,5.7793177 -3.7401575 0.044156805,
  5.7329016 -3.5950403 0.10960988,5.7535741 -3.6783475 0.058190776,
  5.7691017 -3.5250072 0.14349088,5.7522355 -3.6062027 0.080515601,
  5.7863006 -3.6871166 0.044156805,5.7790252 -3.5349308 0.10960988,
  5.7774318 -3.6207498 0.058190776,5.8321178 -3.4766533 0.14349088,
  5.7948113 -3.5507168 0.080515601,5.8067736 -3.6376903 0.044156805,
  5.8391348 -3.4888071 0.10960988,5.815384 -3.5712895 0.058190776,
  5.9055015 -3.4462568 0.14349088,5.8502972 -3.508141 0.080515601,
  5.8393415 -3.595247 0.044156805,5.9091338 -3.4598126 0.10960988,
  5.8648443 -3.5333373 0.058190776,5.984252 -3.4358891 0.14349088,
  5.9149119 -3.4813767 0.080515601,5.8817848 -3.5626792 0.044156805,
  5.984252 -3.4499231 0.10960988,5.922442 -3.5094796 0.058190776,
  6.0630024 -3.4462568 0.14349088,5.984252 -3.4722479 0.080515601,
  5.9312111 -3.5422061 0.044156805,6.0593702 -3.4598126 0.10960988,
  5.984252 -3.5013422 0.058190776,6.1363862 -3.4766533 0.14349088,
  6.0535921 -3.4813767 0.080515601,5.984252 -3.5352232 0.044156805,
  6.1293692 -3.4888071 0.10960988,6.0460619 -3.5094796 0.058190776,
  6.1994022 -3.5250072 0.14349088,6.1182068 -3.508141 0.080515601,
  6.0372929 -3.5422061 0.044156805,6.1894787 -3.5349308 0.10960988,
  6.1036596 -3.5333373 0.058190776,6.2477561 -3.5880233 0.14349088,
  6.1736927 -3.5507168 0.080515601,6.0867191 -3.5626792 0.044156805,
  6.2356023 -3.5950403 0.10960988,6.1531199 -3.5712895 0.058190776,
  6.2781527 -3.661407 0.14349088,6.2162685 -3.6062027 0.080515601,
  6.1291624 -3.595247 0.044156805,6.2645969 -3.6650393 0.10960988,
  6.1910721 -3.6207498 0.058190776,6.2430328 -3.6708174 0.080515601,
  6.1617303 -3.6376903 0.044156805,6.2149299 -3.6783475 0.058190776,
  6.1822033 -3.6871166 0.044156805] }
 coordIndex [
  60,32,31,-1,60,31,59,-1,61,33,32,-1,61,32,60,-1,62,59,58,-1,62,60,59,-1,63,34,33,-1,63,33,61,-1,
  64,60,62,-1,64,61,60,-1,65,35,34,-1,65,34,63,-1,66,58,57,-1,66,62,58,-1,67,61,64,-1,67,63,61,-1,
  68,35,65,-1,68,29,30,-1,68,36,35,-1,68,30,36,-1,69,64,62,-1,69,62,66,-1,70,65,63,-1,70,63,67,-1,
  71,57,56,-1,71,66,57,-1,72,67,64,-1,72,64,69,-1,73,65,70,-1,73,28,29,-1,73,29,68,-1,73,68,65,-1,
  74,69,66,-1,74,66,71,-1,75,70,67,-1,75,67,72,-1,76,71,56,-1,76,56,55,-1,77,72,69,-1,77,69,74,-1,
  78,70,75,-1,78,27,28,-1,78,28,73,-1,78,73,70,-1,79,74,71,-1,79,71,76,-1,80,75,72,-1,80,72,77,-1,
  81,55,54,-1,81,76,55,-1,82,74,79,-1,82,77,74,-1,83,26,27,-1,83,78,75,-1,83,27,78,-1,83,75,80,-1,
  84,79,76,-1,84,82,79,-1,84,76,81,-1,85,80,77,-1,85,77,82,-1,86,54,53,-1,86,81,54,-1,87,82,84,-1,
  88,25,26,-1,88,83,80,-1,88,80,85,-1,88,26,83,-1,89,84,81,-1,89,81,86,-1,90,85,82,-1,90,82,87,-1,
  91,89,86,-1,91,53,52,-1,91,86,53,-1,92,84,89,-1,92,87,84,-1,93,85,90,-1,93,24,25,-1,93,25,88,-1,
  93,88,85,-1,94,89,91,-1,95,90,87,-1,95,87,92,-1,96,94,91,-1,96,91,52,-1,96,52,51,-1,97,89,94,-1,
  97,92,89,-1,98,24,93,-1,98,90,95,-1,98,22,23,-1,98,23,24,-1,98,93,90,-1,99,94,96,-1,100,92,97,-1,
  100,95,92,-1,101,96,51,-1,101,51,50,-1,102,97,94,-1,102,94,99,-1,103,98,95,-1,103,22,98,-1,103,95,100,-1,
  104,99,96,-1,104,96,101,-1,105,97,102,-1,105,100,97,-1,106,101,50,-1,106,50,49,-1,107,102,99,-1,107,99,104,-1,
  108,21,22,-1,108,22,103,-1,108,103,100,-1,108,100,105,-1,109,104,101,-1,109,101,106,-1,109,107,104,-1,110,105,102,-1,
  110,102,107,-1,111,49,48,-1,111,106,49,-1,112,107,109,-1,113,20,21,-1,113,105,110,-1,113,21,108,-1,113,108,105,-1,
  114,109,106,-1,114,106,111,-1,115,110,107,-1,115,107,112,-1,115,113,110,-1,116,48,47,-1,116,111,48,-1,117,109,114,-1,
  117,112,109,-1,118,19,20,-1,118,20,113,-1,118,113,115,-1,119,114,111,-1,119,111,116,-1,120,115,112,-1,120,112,117,-1,
  121,47,46,-1,121,116,47,-1,122,117,114,-1,122,114,119,-1,123,18,19,-1,123,19,118,-1,123,118,115,-1,123,115,120,-1,
  124,116,121,-1,124,119,116,-1,125,117,122,-1,125,120,117,-1,126,45,44,-1,126,46,45,-1,126,121,46,-1,127,122,119,-1,
  127,119,124,-1,128,120,125,-1,128,16,17,-1,128,17,18,-1,128,18,123,-1,128,123,120,-1,129,124,121,-1,129,121,126,-1,
  129,127,124,-1,130,122,127,-1,130,125,122,-1,131,126,44,-1,132,127,129,-1,133,125,130,-1,133,128,125,-1,133,16,128,-1,
  134,126,131,-1,134,129,126,-1,135,130,127,-1,135,127,132,-1,136,131,44,-1,136,43,42,-1,136,44,43,-1,137,132,129,-1,
  137,129,134,-1,138,16,133,-1,138,15,16,-1,138,130,135,-1,138,133,130,-1,139,134,131,-1,139,131,136,-1,139,137,134,-1,
  140,132,137,-1,140,135,132,-1,141,136,42,-1,142,140,137,-1,142,137,139,-1,143,14,15,-1,143,15,138,-1,143,138,135,-1,
  143,135,140,-1,144,139,136,-1,144,136,141,-1,145,140,142,-1,146,42,41,-1,146,141,42,-1,147,139,144,-1,147,142,139,-1,
  148,13,14,-1,148,14,143,-1,148,140,145,-1,148,143,140,-1,149,144,141,-1,149,141,146,-1,150,145,142,-1,150,142,147,-1,
  151,41,40,-1,151,146,41,-1,152,147,144,-1,152,144,149,-1,153,11,12,-1,153,12,13,-1,153,13,148,-1,153,148,145,-1,
  153,145,150,-1,154,149,146,-1,154,146,151,-1,154,152,149,-1,155,147,152,-1,155,150,147,-1,156,40,39,-1,156,151,40,-1,
  157,152,154,-1,158,150,155,-1,158,11,153,-1,158,153,150,-1,159,151,156,-1,159,154,151,-1,160,152,157,-1,160,155,152,-1,
  161,39,38,-1,161,156,39,-1,162,154,159,-1,162,157,154,-1,163,11,158,-1,163,9,10,-1,163,10,11,-1,163,155,160,-1,
  163,158,155,-1,164,159,156,-1,164,156,161,-1,165,160,157,-1,165,157,162,-1,165,163,160,-1,166,0,1,-1,166,1,2,-1,
  166,164,161,-1,166,161,38,-1,166,37,0,-1,166,38,37,-1,167,162,159,-1,167,159,164,-1,168,9,163,-1,168,163,165,-1,
  169,166,2,-1,169,164,166,-1,170,165,162,-1,170,168,165,-1,170,162,167,-1,171,2,3,-1,171,167,164,-1,171,169,2,-1,
  171,164,169,-1,171,170,167,-1,172,7,8,-1,172,8,9,-1,172,168,170,-1,172,9,168,-1,173,3,4,-1,173,4,5,-1,
  173,171,3,-1,173,170,171,-1,174,5,6,-1,174,6,7,-1,174,7,172,-1,174,172,170,-1,174,170,173,-1,174,173,5,-1]
  normalPerVertex TRUE
  normal DEF NORM_37 Normal { vector [
  0.9831056 0.12942831 -0.12942831,0.95820914 0.12615063 -0.25675137,
  0.86247997 0.11354764 -0.49318884,0.67516571 0.088887252 -0.73229115,
  0.49892023 0.065684095 -0.86415519,0.30503124 0.040158125 -0.95149528,
  0.13050692 0.017181563 -0.99129851,0.1243946 0.040056875 -0.99142394,
  0.113039 0.065263096 -0.99144486,0.092295956 0.092295956 -0.99144486,
  0.065263096 0.113039 -0.99144486,0.033782664 0.12607862 -0.99144486,
  0 0.13052619 -0.99144486,-0.027507029 0.12775732 -0.99142394,
  -0.059635777 0.11628475 -0.99142394,-0.087700446 0.096887571 -0.99142394,
  -0.113039 0.065263096 -0.99144486,-0.12607862 0.033782664 -0.99144486,
  -0.13052344 0.0064962782 -0.99142394,-0.12775732 -0.027507029 -0.99142394,
  -0.11628475 -0.059635777 -0.99142394,-0.096887571 -0.087700446 -0.99142394,
  -0.065263096 -0.113039 -0.99144486,-0.033782664 -0.12607862 -0.99144486,
  -0.0064962782 -0.13052344 -0.99142394,0.027507029 -0.12775732 -0.99142394,
  0.059635777 -0.11628475 -0.99142394,0.087700446 -0.096887571 -0.99142394,
  0.10978847 -0.070887661 -0.99142394,0.1243946 -0.040056875 -0.99142394,
  0.13050692 -0.017181563 -0.99129851,0.9831056 -0.12942831 -0.12942831,
  0.9466227 -0.12462524 -0.29727766,0.83933685 -0.11050079 -0.53226236,
  0.67516571 -0.088887252 -0.73229115,0.46453354 -0.061157001 -0.88344123,
  0.25866892 -0.03405441 -0.96536557,0.9576622 0.25660481 -0.13052619,
  0.87933029 0.45800949 -0.13040537,0.73082625 0.66999062 -0.13040537,
  0.53251762 0.83631299 -0.13040537,0.29791879 0.94564202 -0.13040537,
  0 0.99144486 -0.13052619,-0.25660481 0.9576622 -0.13052619,
  -0.49572243 0.85861644 -0.13052619,-0.70105738 0.70105738 -0.13052619,
  -0.83631299 0.53251762 -0.13040537,-0.94564202 0.29791879 -0.13040537,
  -0.99052711 0.043017293 -0.13040537,-0.96790941 -0.21481577 -0.13040537,
  -0.87933029 -0.45800949 -0.13040537,-0.73082625 -0.66999062 -0.13040537,
  -0.53251762 -0.83631299 -0.13040537,-0.29791879 -0.94564202 -0.13040537,
  -0.043017293 -0.99052711 -0.13040537,0.21481577 -0.96790941 -0.13040537,
  0.45800949 -0.87933029 -0.13040537,0.66999062 -0.73082625 -0.13040537,
  0.83631299 -0.53251762 -0.13040537,0.94564202 -0.29791879 -0.13040537,
  0.93407333 -0.24738775 -0.25750013,0.839195 -0.21942343 -0.49759934,
  0.83821689 -0.48071419 -0.25750013,0.68770041 -0.17697949 -0.70409261,
  0.75380916 -0.42914641 -0.49759934,0.48983346 -0.12310052 -0.86308137,
  0.68523735 -0.68128074 -0.25750013,0.61846192 -0.34893902 -0.70409261,
  0.26017975 -0.057012938 -0.96387552,0.61705248 -0.60962376 -0.49759934,
  0.44128203 -0.2456842 -0.86308137,0.48556003 -0.83541914 -0.25750013,
  0.50707628 -0.49711894 -0.70409261,0.2365583 -0.12240974 -0.96387552,
  0.43824468 -0.74855627 -0.49759934,0.36265796 -0.35152491 -0.86308137,
  0.25279258 -0.93262511 -0.25750013,0.36113423 -0.61142102 -0.70409261,
  0.1968158 -0.17946453 -0.96387552,0.25211394 -0.84253837 -0.47599124,
  0.25931935 -0.43340977 -0.86308137,0.0027977454 -0.96627421 -0.25750013,
  0.17744517 -0.70166691 -0.69005562,0.14366063 -0.2242891 -0.96387552,
  0.018648943 -0.85815939 -0.51304452,0.13830855 -0.48575848 -0.86308137,
  -0.22587305 -0.94590614 -0.23290116,-0.014725705 -0.6898684 -0.72378502,
  0.080715221 -0.25382874 -0.96387552,-0.24029195 -0.84327615 -0.48077554,
  0.0078722555 -0.50500354 -0.86308137,-0.44636915 -0.8570674 -0.25727428,
  -0.17697949 -0.68770041 -0.70409261,0.012269204 -0.26607037 -0.96387552,
  -0.46612379 -0.73175843 -0.49725066,-0.12310052 -0.48983346 -0.86308137,
  -0.666031 -0.69333681 -0.27511229,-0.34893902 -0.61846192 -0.70409261,
  -0.056265106 -0.24357639 -0.96824831,-0.61730395 -0.58938315 -0.52111739,
  -0.2456842 -0.44128203 -0.86308137,-0.83541914 -0.48556003 -0.25750013,
  -0.49711894 -0.50707628 -0.70409261,-0.13375806 -0.25459287 -0.95775323,
  -0.74857768 -0.46158834 -0.47599124,-0.35152491 -0.36265796 -0.86308137,
  -0.93262511 -0.25279258 -0.25750013,-0.631832 -0.35300363 -0.69005562,
  -0.17946453 -0.1968158 -0.96387552,-0.82409161 -0.24012149 -0.51304452,
  -0.44553171 -0.27766074 -0.85112044,-0.96627421 -0.0027977454 -0.25750013,
  -0.67017299 -0.16432714 -0.72378502,-0.24626984 -0.14448453 -0.95837122,
  -0.86739109 -0.005252892 -0.49759934,-0.46988497 -0.13963271 -0.87161392,
  -0.93407333 0.24738775 -0.25750013,-0.71007325 -0.0070409074 -0.70409261,
  -0.22822472 -0.064212502 -0.97148867,-0.839195 0.21942343 -0.49759934,
  -0.50500354 -0.0078722555 -0.86308137,-0.83821689 0.48071419 -0.25750013,
  -0.68770041 0.17697949 -0.70409261,-0.26607037 -0.012269204 -0.96387552,
  -0.77403607 0.41749311 -0.47599124,-0.48983346 0.12310052 -0.86308137,
  -0.67464996 0.69833341 -0.23911895,-0.62162611 0.37068074 -0.69005562,
  -0.24357639 0.056265106 -0.96824831,-0.61999712 0.59362353 -0.51304452,
  -0.44128203 0.2456842 -0.86308137,-0.45894942 0.84214005 -0.28313524,
  -0.47739798 0.49822327 -0.72378502,-0.25459287 0.13375806 -0.95775323,
  -0.46158834 0.74857768 -0.47599124,-0.36265796 0.35152491 -0.86308137,
  -0.2350973 0.94209946 -0.23911895,-0.36951232 0.64001411 -0.67367839,
  -0.1968158 0.17946453 -0.96387552,-0.24012149 0.82409161 -0.51304452,
  -0.25571509 0.45518773 -0.85288564,0.023608165 0.95878939 -0.28313524,
  -0.17544019 0.6547517 -0.7352013,-0.14366063 0.2242891 -0.96387552,
  -0.005252892 0.86739109 -0.49759934,-0.11549106 0.4656884 -0.87738026,
  0.24738775 0.93407333 -0.25750013,-0.0070409074 0.71007325 -0.70409261,
  -0.080715221 0.25382874 -0.96387552,0.2029321 0.8557166 -0.47599124,
  -0.0078722555 0.50500354 -0.86308137,0.48071419 0.83821689 -0.25750013,
  0.19716143 0.69638395 -0.69005562,-0.0086942891 0.24983921 -0.96824831,
  0.41292924 0.7525123 -0.51304452,0.12310052 0.48983346 -0.86308137,
  0.68128074 0.68523735 -0.25750013,0.35768703 0.5900807 -0.72378502,
  0.06330688 0.28053696 -0.95775323,0.60962376 0.61705248 -0.49759934,
  0.24701141 0.46322711 -0.85112044,0.82857301 0.50914028 -0.23290116,
  0.49711894 0.50707628 -0.70409261,0.13486559 0.23359405 -0.96293566,
  0.76619835 0.42637421 -0.48077554,0.34113733 0.37288764 -0.86289056,
  0.9335236 0.25013689 -0.25683696,0.61792936 0.38266937 -0.68682419,
  0.21129869 0.19509385 -0.95775323,0.8365163 0.22414387 -0.5,
  0.43953812 0.25376745 -0.8616312,0.69638395 0.19716143 -0.69005562,
  0.19190773 0.11079798 -0.97513857,0.49349884 0.10898977 -0.86289056,
  0.25507313 0.076119506 -0.96392091] }
}
}
DEF SHAPE_38 Shape {
 appearance USE APP_2
 geometry DEF FACE_38 IndexedFaceSet {
  coord DEF COORD_38 Coordinate { point [
  8.0275591 -0.021474588 -1.8307087,8.1062992 -0.021474588 -1.8307087,
  8.1062992 -0.077054913 -1.8233914,8.1062992 -0.12884753 -1.8019382,
  8.1062992 -0.17332286 -1.767811,8.1062992 -0.20744998 -1.7233357,
  8.1062992 -0.22890318 -1.6715431,8.1062992 -0.23622047 -1.6159628,
  8.0275591 -0.23622047 -1.6159628,8.0275591 -0.077054913 -1.8233914,
  8.0275591 -0.12884753 -1.8019382,8.0275591 -0.17332286 -1.767811,
  8.0275591 -0.20744998 -1.7233357,8.0275591 -0.22890318 -1.6715431] }
 coordIndex [
  6,7,8,-1,6,8,13,-1,5,13,12,-1,5,6,13,-1,4,12,11,-1,4,5,12,-1,3,11,10,-1,3,4,11,-1,
  2,10,9,-1,2,3,10,-1,1,9,0,-1,1,2,9,-1]
  normalPerVertex TRUE
  normal DEF NORM_38 Normal { vector [
  0 -0.13052619 -0.99144486,0 -0.13052619 -0.99144486,
  0 -0.30091828 -0.95364993,0 -0.5374875 -0.84327172,
  0 -0.73742784 -0.67542593,0 -0.88711369 -0.46155098,
  0 -0.9763442 -0.21622209,0 -0.99144486 -0.13052619,
  0 -0.99144486 -0.13052619,0 -0.21622209 -0.9763442,
  0 -0.46155098 -0.88711369,0 -0.67542593 -0.73742784,
  0 -0.84327172 -0.5374875,0 -0.95364993 -0.30091828] }
}
}
DEF SHAPE_39 Shape {
 appearance USE APP_2
 geometry DEF FACE_39 IndexedFaceSet {
  coord DEF COORD_39 Coordinate { point [
  8.1062992 -0.23622047 0.039370079,8.1062992 -0.23622047 -1.6159628,
  8.0275591 -0.23622047 0.039370079,8.0275591 -0.23622047 -1.6159628] }
 coordIndex [
  0,2,3,-1,0,3,1,-1]
  normalPerVertex TRUE
  normal DEF NORM_39 Normal { vector [
  0 -1 0,0 -1 0,
  0 -1 0,0 -1 0] }
}
}
DEF SHAPE_40 Shape {
 appearance USE APP_2
 geometry DEF FACE_40 IndexedFaceSet {
  coord DEF COORD_40 Coordinate { point [
  8.0275591 -0.23622047 0.039370079,8.0275591 -0.47244094 0.039370079,
  8.1062992 -0.47244094 0.039370079,8.1062992 -0.23622047 0.039370079] }
 coordIndex [
  3,1,0,-1,3,2,1,-1]
  normalPerVertex TRUE
  normal DEF NORM_40 Normal { vector [
  0 0 -1,0 0 -1,
  0 0 -1,0 0 -1] }
}
}
DEF SHAPE_41 Shape {
 appearance USE APP_2
 geometry DEF FACE_41 IndexedFaceSet {
  coord DEF COORD_41 Coordinate { point [
  8.0275591 0.47244094 0.039370079,8.0275591 0.23622047 0.039370079,
  8.1062992 0.23622047 0.039370079,8.1062992 0.47244094 0.039370079] }
 coordIndex [
  3,1,0,-1,3,2,1,-1]
  normalPerVertex TRUE
  normal DEF NORM_41 Normal { vector [
  0 0 -1,0 0 -1,
  0 0 -1,0 0 -1] }
}
}
DEF SHAPE_42 Shape {
 appearance USE APP_2
 geometry DEF FACE_42 IndexedFaceSet {
  coord DEF COORD_42 Coordinate { point [
  8.0275591 0.23622047 0.039370079,8.0275591 0.23622047 -1.6159628,
  8.1062992 0.23622047 0.039370079,8.1062992 0.23622047 -1.6159628] }
 coordIndex [
  0,2,3,-1,0,3,1,-1]
  normalPerVertex TRUE
  normal DEF NORM_42 Normal { vector [
  0 1 0,0 1 0,
  0 1 0,0 1 0] }
}
}
DEF SHAPE_43 Shape {
 appearance USE APP_2
 geometry DEF FACE_43 IndexedFaceSet {
  coord DEF COORD_43 Coordinate { point [
  8.1062992 0.021474588 -1.8307087,8.0275591 0.021474588 -1.8307087,
  8.0275591 0.077054913 -1.8233914,8.0275591 0.12884753 -1.8019382,
  8.0275591 0.17332286 -1.767811,8.0275591 0.20744998 -1.7233357,
  8.0275591 0.22890318 -1.6715431,8.0275591 0.23622047 -1.6159628,
  8.1062992 0.23622047 -1.6159628,8.1062992 0.077054913 -1.8233914,
  8.1062992 0.12884753 -1.8019382,8.1062992 0.17332286 -1.767811,
  8.1062992 0.20744998 -1.7233357,8.1062992 0.22890318 -1.6715431] }
 coordIndex [
  6,7,8,-1,6,8,13,-1,5,13,12,-1,5,6,13,-1,4,12,11,-1,4,5,12,-1,3,11,10,-1,3,4,11,-1,
  2,10,9,-1,2,3,10,-1,1,9,0,-1,1,2,9,-1]
  normalPerVertex TRUE
  normal DEF NORM_43 Normal { vector [
  0 0.13052619 -0.99144486,0 0.13052619 -0.99144486,
  0 0.30091828 -0.95364993,0 0.5374875 -0.84327172,
  0 0.73742784 -0.67542593,0 0.88711369 -0.46155098,
  0 0.9763442 -0.21622209,0 0.99144486 -0.13052619,
  0 0.99144486 -0.13052619,0 0.21622209 -0.9763442,
  0 0.46155098 -0.88711369,0 0.67542593 -0.73742784,
  0 0.84327172 -0.5374875,0 0.95364993 -0.30091828] }
}
}
DEF SHAPE_44 Shape {
 appearance USE APP_2
 geometry DEF FACE_44 IndexedFaceSet {
  coord DEF COORD_44 Coordinate { point [
  8.1062992 -0.021474588 -1.8307087,8.1062992 0.021474588 -1.8307087,
  8.0275591 0.021474588 -1.8307087,8.0275591 -0.021474588 -1.8307087] }
 coordIndex [
  1,3,2,-1,1,0,3,-1]
  normalPerVertex TRUE
  normal DEF NORM_44 Normal { vector [
  0 0 -1,0 0 -1,
  0 0 -1,0 0 -1] }
}
}
DEF SHAPE_45 Shape {
 appearance USE APP_2
 geometry DEF FACE_45 IndexedFaceSet {
  coord DEF COORD_45 Coordinate { point [
  -0.039370079 0.47244094 0.039370079,-0.039370079 0.23622047 0.039370079,
  0.039370079 0.23622047 0.039370079,0.039370079 0.47244094 0.039370079] }
 coordIndex [
  3,1,0,-1,3,2,1,-1]
  normalPerVertex TRUE
  normal DEF NORM_45 Normal { vector [
  0 0 -1,0 0 -1,
  0 0 -1,0 0 -1] }
}
}
DEF SHAPE_46 Shape {
 appearance USE APP_2
 geometry DEF FACE_46 IndexedFaceSet {
  coord DEF COORD_46 Coordinate { point [
  -0.039370079 0.23622047 0.039370079,-0.039370079 0.23622047 -1.6159628,
  0.039370079 0.23622047 0.039370079,0.039370079 0.23622047 -1.6159628] }
 coordIndex [
  0,2,3,-1,0,3,1,-1]
  normalPerVertex TRUE
  normal DEF NORM_46 Normal { vector [
  0 1 0,0 1 0,
  0 1 0,0 1 0] }
}
}
DEF SHAPE_47 Shape {
 appearance USE APP_2
 geometry DEF FACE_47 IndexedFaceSet {
  coord DEF COORD_47 Coordinate { point [
  0.039370079 0.021474588 -1.8307087,-0.039370079 0.021474588 -1.8307087,
  -0.039370079 0.077054913 -1.8233914,-0.039370079 0.12884753 -1.8019382,
  -0.039370079 0.17332286 -1.767811,-0.039370079 0.20744998 -1.7233357,
  -0.039370079 0.22890318 -1.6715431,-0.039370079 0.23622047 -1.6159628,
  0.039370079 0.23622047 -1.6159628,0.039370079 0.077054913 -1.8233914,
  0.039370079 0.12884753 -1.8019382,0.039370079 0.17332286 -1.767811,
  0.039370079 0.20744998 -1.7233357,0.039370079 0.22890318 -1.6715431] }
 coordIndex [
  6,7,8,-1,6,8,13,-1,5,13,12,-1,5,6,13,-1,4,12,11,-1,4,5,12,-1,3,11,10,-1,3,4,11,-1,
  2,10,9,-1,2,3,10,-1,1,9,0,-1,1,2,9,-1]
  normalPerVertex TRUE
  normal DEF NORM_47 Normal { vector [
  0 0.13052619 -0.99144486,0 0.13052619 -0.99144486,
  0 0.30091828 -0.95364993,0 0.5374875 -0.84327172,
  0 0.73742784 -0.67542593,0 0.88711369 -0.46155098,
  0 0.9763442 -0.21622209,0 0.99144486 -0.13052619,
  0 0.99144486 -0.13052619,0 0.21622209 -0.9763442,
  0 0.46155098 -0.88711369,0 0.67542593 -0.73742784,
  0 0.84327172 -0.5374875,0 0.95364993 -0.30091828] }
}
}
DEF SHAPE_48 Shape {
 appearance USE APP_2
 geometry DEF FACE_48 IndexedFaceSet {
  coord DEF COORD_48 Coordinate { point [
  0.039370079 -0.021474588 -1.8307087,0.039370079 0.021474588 -1.8307087,
  -0.039370079 0.021474588 -1.8307087,-0.039370079 -0.021474588 -1.8307087] }
 coordIndex [
  2,1,0,-1,2,0,3,-1]
  normalPerVertex TRUE
  normal DEF NORM_48 Normal { vector [
  0 0 -1,0 0 -1,
  0 0 -1,0 0 -1] }
}
}
DEF SHAPE_49 Shape {
 appearance USE APP_2
 geometry DEF FACE_49 IndexedFaceSet {
  coord DEF COORD_49 Coordinate { point [
  -0.039370079 -0.021474588 -1.8307087,0.039370079 -0.021474588 -1.8307087,
  0.039370079 -0.077054913 -1.8233914,0.039370079 -0.12884753 -1.8019382,
  0.039370079 -0.17332286 -1.767811,0.039370079 -0.20744998 -1.7233357,
  0.039370079 -0.22890318 -1.6715431,0.039370079 -0.23622047 -1.6159628,
  -0.039370079 -0.23622047 -1.6159628,-0.039370079 -0.077054913 -1.8233914,
  -0.039370079 -0.12884753 -1.8019382,-0.039370079 -0.17332286 -1.767811,
  -0.039370079 -0.20744998 -1.7233357,-0.039370079 -0.22890318 -1.6715431] }
 coordIndex [
  6,7,8,-1,6,8,13,-1,5,13,12,-1,5,6,13,-1,4,12,11,-1,4,5,12,-1,3,11,10,-1,3,4,11,-1,
  2,10,9,-1,2,3,10,-1,1,9,0,-1,1,2,9,-1]
  normalPerVertex TRUE
  normal DEF NORM_49 Normal { vector [
  0 -0.13052619 -0.99144486,0 -0.13052619 -0.99144486,
  0 -0.30091828 -0.95364993,0 -0.5374875 -0.84327172,
  0 -0.73742784 -0.67542593,0 -0.88711369 -0.46155098,
  0 -0.9763442 -0.21622209,0 -0.99144486 -0.13052619,
  0 -0.99144486 -0.13052619,0 -0.21622209 -0.9763442,
  0 -0.46155098 -0.88711369,0 -0.67542593 -0.73742784,
  0 -0.84327172 -0.5374875,0 -0.95364993 -0.30091828] }
}
}
DEF SHAPE_50 Shape {
 appearance USE APP_2
 geometry DEF FACE_50 IndexedFaceSet {
  coord DEF COORD_50 Coordinate { point [
  0.039370079 -0.23622047 0.039370079,0.039370079 -0.23622047 -1.6159628,
  -0.039370079 -0.23622047 0.039370079,-0.039370079 -0.23622047 -1.6159628] }
 coordIndex [
  0,2,3,-1,0,3,1,-1]
  normalPerVertex TRUE
  normal DEF NORM_50 Normal { vector [
  0 -1 0,0 -1 0,
  0 -1 0,0 -1 0] }
}
}
DEF SHAPE_51 Shape {
 appearance USE APP_2
 geometry DEF FACE_51 IndexedFaceSet {
  coord DEF COORD_51 Coordinate { point [
  -0.039370079 -0.23622047 0.039370079,-0.039370079 -0.47244094 0.039370079,
  0.039370079 -0.47244094 0.039370079,0.039370079 -0.23622047 0.039370079] }
 coordIndex [
  3,1,0,-1,3,2,1,-1]
  normalPerVertex TRUE
  normal DEF NORM_51 Normal { vector [
  0 0 -1,0 0 -1,
  0 0 -1,0 0 -1] }
}
}
DEF SHAPE_52 Shape {
 appearance USE APP_1
 geometry DEF FACE_52 IndexedFaceSet {
  coord DEF COORD_52 Coordinate { point [
  9.5323785 1.8700787 0.17984968,9.5275918 1.8700787 0.14349088,
  9.5135578 1.8700787 0.10960988,9.491233 1.8700787 0.080515601,
  9.4621387 1.8700787 0.058190776,9.4282577 1.8700787 0.044156805,
  9.3918989 1.8700787 0.039370079,9.3861548 1.9137093 0.039370079,
  9.369314 1.9543665 0.039370079,9.3425243 1.9892796 0.039370079,
  9.3076111 2.0160694 0.039370079,9.2669539 2.0329102 0.039370079,
  9.2233234 2.0386543 0.039370079,9.1796928 2.0329102 0.039370079,
  9.1390356 2.0160694 0.039370079,9.1041225 1.9892796 0.039370079,
  9.0773327 1.9543665 0.039370079,9.0604919 1.9137093 0.039370079,
  9.0547478 1.8700787 0.039370079,9.0604919 1.8264482 0.039370079,
  9.0773327 1.785791 0.039370079,9.1041225 1.7508778 0.039370079,
  9.1390356 1.7240881 0.039370079,9.1796928 1.7072473 0.039370079,
  9.2233234 1.7015032 0.039370079,9.2669539 1.7072473 0.039370079,
  9.3076111 1.7240881 0.039370079,9.3425243 1.7508778 0.039370079,
  9.369314 1.785791 0.039370079,9.3861548 1.8264482 0.039370079,
  9.3918989 1.8700787 0.039370079,9.5323785 1.8700787 0.17984968,
  9.5275918 1.8700787 0.14349088,9.5135578 1.8700787 0.10960988,
  9.491233 1.8700787 0.080515601,9.4621387 1.8700787 0.058190776,
  9.4282577 1.8700787 0.044156805,9.5218477 1.9500681 0.17984968,
  9.4909729 2.0246063 0.17984968,9.4418583 2.0886137 0.17984968,
  9.3778509 2.1377283 0.17984968,9.3033127 2.1686031 0.17984968,
  9.2233234 2.1791339 0.17984968,9.143334 2.1686031 0.17984968,
  9.0687958 2.1377283 0.17984968,9.0047884 2.0886137 0.17984968,
  8.9556738 2.0246063 0.17984968,8.924799 1.9500681 0.17984968,
  8.9142682 1.8700787 0.17984968,8.924799 1.7900894 0.17984968,
  8.9556738 1.7155512 0.17984968,9.0047884 1.6515438 0.17984968,
  9.0687958 1.6024292 0.17984968,9.143334 1.5715544 0.17984968,
  9.2233234 1.5610236 0.17984968,9.3033127 1.5715544 0.17984968,
  9.3778509 1.6024292 0.17984968,9.4418583 1.6515438 0.17984968,
  9.4909729 1.7155512 0.17984968,9.5218477 1.7900894 0.17984968,
  9.5172241 1.7913283 0.14349088,9.5036683 1.7949605 0.10960988,
  9.4868275 1.7179445 0.14349088,9.4821042 1.8007386 0.080515601,
  9.4746737 1.7249615 0.10960988,9.4540012 1.8082688 0.058190776,
  9.4384736 1.6549285 0.14349088,9.4553399 1.7361239 0.080515601,
  9.4212747 1.8170378 0.044156805,9.4285501 1.664852 0.10960988,
  9.4301435 1.7506711 0.058190776,9.3754576 1.6065746 0.14349088,
  9.4127641 1.680638 0.080515601,9.4008017 1.7676116 0.044156805,
  9.3684406 1.6187284 0.10960988,9.3921913 1.7012108 0.058190776,
  9.3020738 1.576178 0.14349088,9.3572782 1.6380622 0.080515601,
  9.3682338 1.7251683 0.044156805,9.2984416 1.5897338 0.10960988,
  9.342731 1.6632586 0.058190776,9.2233234 1.5658103 0.14349088,
  9.2926635 1.6112979 0.080515601,9.3257905 1.6926004 0.044156805,
  9.2233234 1.5798443 0.10960988,9.2851333 1.6394009 0.058190776,
  9.1445729 1.576178 0.14349088,9.2233234 1.6021691 0.080515601,
  9.2763643 1.6721274 0.044156805,9.1482052 1.5897338 0.10960988,
  9.2233234 1.6312634 0.058190776,9.0711892 1.6065746 0.14349088,
  9.1539833 1.6112979 0.080515601,9.2233234 1.6651444 0.044156805,
  9.0782062 1.6187284 0.10960988,9.1615134 1.6394009 0.058190776,
  9.0081731 1.6549285 0.14349088,9.0893686 1.6380622 0.080515601,
  9.1702825 1.6721274 0.044156805,9.0180966 1.664852 0.10960988,
  9.1039157 1.6632586 0.058190776,8.9598192 1.7179445 0.14349088,
  9.0338827 1.680638 0.080515601,9.1208562 1.6926004 0.044156805,
  8.971973 1.7249615 0.10960988,9.0544554 1.7012108 0.058190776,
  8.9294227 1.7913283 0.14349088,8.9913068 1.7361239 0.080515601,
  9.0784129 1.7251683 0.044156805,8.9429784 1.7949605 0.10960988,
  9.0165032 1.7506711 0.058190776,8.919055 1.8700787 0.14349088,
  8.9645426 1.8007386 0.080515601,9.045845 1.7676116 0.044156805,
  8.9330889 1.8700787 0.10960988,8.9926455 1.8082688 0.058190776,
  8.9294227 1.9488292 0.14349088,8.9554138 1.8700787 0.080515601,
  9.025372 1.8170378 0.044156805,8.9429784 1.9451969 0.10960988,
  8.984508 1.8700787 0.058190776,8.9598192 2.0222129 0.14349088,
  8.9645426 1.9394188 0.080515601,9.018389 1.8700787 0.044156805,
  8.971973 2.015196 0.10960988,8.9926455 1.9318887 0.058190776,
  9.0081731 2.085229 0.14349088,8.9913068 2.0040335 0.080515601,
  9.025372 1.9231196 0.044156805,9.0180966 2.0753055 0.10960988,
  9.0165032 1.9894864 0.058190776,9.0711892 2.1335829 0.14349088,
  9.0338827 2.0595194 0.080515601,9.045845 1.9725459 0.044156805,
  9.0782062 2.1214291 0.10960988,9.0544554 2.0389467 0.058190776,
  9.1445729 2.1639794 0.14349088,9.0893686 2.1020953 0.080515601,
  9.0784129 2.0149892 0.044156805,9.1482052 2.1504237 0.10960988,
  9.1039157 2.0768989 0.058190776,9.2233234 2.1743471 0.14349088,
  9.1539833 2.1288595 0.080515601,9.1208562 2.0475571 0.044156805,
  9.2233234 2.1603132 0.10960988,9.1615134 2.1007566 0.058190776,
  9.3020738 2.1639794 0.14349088,9.2233234 2.1379883 0.080515601,
  9.1702825 2.0680301 0.044156805,9.2984416 2.1504237 0.10960988,
  9.2233234 2.1088941 0.058190776,9.3754576 2.1335829 0.14349088,
  9.2926635 2.1288595 0.080515601,9.2233234 2.0750131 0.044156805,
  9.3684406 2.1214291 0.10960988,9.2851333 2.1007566 0.058190776,
  9.4384736 2.085229 0.14349088,9.3572782 2.1020953 0.080515601,
  9.2763643 2.0680301 0.044156805,9.4285501 2.0753055 0.10960988,
  9.342731 2.0768989 0.058190776,9.4868275 2.0222129 0.14349088,
  9.4127641 2.0595194 0.080515601,9.3257905 2.0475571 0.044156805,
  9.4746737 2.015196 0.10960988,9.3921913 2.0389467 0.058190776,
  9.5172241 1.9488292 0.14349088,9.4553399 2.0040335 0.080515601,
  9.3682338 2.0149892 0.044156805,9.5036683 1.9451969 0.10960988,
  9.4301435 1.9894864 0.058190776,9.4821042 1.9394188 0.080515601,
  9.4008017 1.9725459 0.044156805,9.4540012 1.9318887 0.058190776,
  9.4212747 1.9231196 0.044156805] }
 coordIndex [
  6,7,5,-1,60,32,31,-1,60,31,59,-1,61,33,32,-1,61,32,60,-1,62,59,58,-1,62,60,59,-1,63,34,33,-1,
  63,33,61,-1,64,60,62,-1,64,61,60,-1,65,35,34,-1,65,34,63,-1,66,58,57,-1,66,62,58,-1,67,61,64,-1,
  67,63,61,-1,68,35,65,-1,68,29,30,-1,68,36,35,-1,68,30,36,-1,69,64,62,-1,69,62,66,-1,70,65,63,-1,
  70,63,67,-1,71,57,56,-1,71,66,57,-1,72,67,64,-1,72,64,69,-1,73,65,70,-1,73,28,29,-1,73,29,68,-1,
  73,68,65,-1,74,69,66,-1,74,66,71,-1,75,70,67,-1,75,67,72,-1,76,71,56,-1,76,56,55,-1,77,72,69,-1,
  77,69,74,-1,78,27,28,-1,78,28,73,-1,78,70,75,-1,78,73,70,-1,79,74,71,-1,79,71,76,-1,80,72,77,-1,
  80,75,72,-1,81,79,76,-1,81,55,54,-1,81,76,55,-1,82,74,79,-1,82,77,74,-1,83,75,80,-1,83,26,27,-1,
  83,78,75,-1,83,27,78,-1,84,79,81,-1,85,80,77,-1,85,77,82,-1,86,54,53,-1,86,81,54,-1,87,82,79,-1,
  87,79,84,-1,88,26,83,-1,88,25,26,-1,88,83,80,-1,88,80,85,-1,89,84,81,-1,89,81,86,-1,90,82,87,-1,
  90,85,82,-1,91,53,52,-1,91,86,53,-1,92,84,89,-1,92,90,87,-1,92,87,84,-1,93,25,88,-1,93,85,90,-1,
  93,24,25,-1,93,88,85,-1,94,86,91,-1,94,89,86,-1,95,90,92,-1,96,91,52,-1,96,94,91,-1,96,52,51,-1,
  97,92,89,-1,97,89,94,-1,98,90,95,-1,98,93,90,-1,98,24,93,-1,98,23,24,-1,99,94,96,-1,100,95,92,-1,
  100,92,97,-1,100,98,95,-1,101,96,51,-1,101,51,50,-1,102,94,99,-1,102,97,94,-1,102,100,97,-1,103,22,23,-1,
  103,23,98,-1,103,98,100,-1,104,96,101,-1,104,99,96,-1,105,100,102,-1,106,101,50,-1,106,49,48,-1,106,50,49,-1,
  107,102,99,-1,107,99,104,-1,107,105,102,-1,108,21,22,-1,108,22,103,-1,108,103,100,-1,108,100,105,-1,109,104,101,-1,
  109,101,106,-1,110,105,107,-1,110,108,105,-1,111,48,47,-1,111,106,48,-1,112,104,109,-1,112,107,104,-1,113,20,21,-1,
  113,21,108,-1,113,108,110,-1,114,112,109,-1,114,109,106,-1,114,106,111,-1,115,110,107,-1,115,107,112,-1,116,47,46,-1,
  116,111,47,-1,117,112,114,-1,118,19,20,-1,118,20,113,-1,118,113,110,-1,118,110,115,-1,119,114,111,-1,119,111,116,-1,
  120,112,117,-1,120,115,112,-1,121,116,46,-1,122,117,114,-1,122,114,119,-1,123,17,18,-1,123,18,19,-1,123,19,118,-1,
  123,118,115,-1,123,115,120,-1,124,119,116,-1,124,116,121,-1,125,117,122,-1,125,120,117,-1,125,123,120,-1,126,45,44,-1,
  126,46,45,-1,126,121,46,-1,127,122,119,-1,127,119,124,-1,128,123,125,-1,128,17,123,-1,129,124,121,-1,129,121,126,-1,
  130,125,122,-1,130,122,127,-1,131,126,44,-1,132,127,124,-1,132,124,129,-1,133,16,17,-1,133,17,128,-1,133,128,125,-1,
  133,125,130,-1,134,129,126,-1,134,126,131,-1,135,130,127,-1,135,127,132,-1,135,133,130,-1,136,131,44,-1,136,43,42,-1,
  136,44,43,-1,137,129,134,-1,137,132,129,-1,137,135,132,-1,138,14,15,-1,138,15,16,-1,138,16,133,-1,138,133,135,-1,
  139,131,136,-1,139,134,131,-1,139,137,134,-1,140,135,137,-1,141,136,42,-1,142,137,139,-1,143,14,138,-1,143,138,135,-1,
  143,135,140,-1,144,139,136,-1,144,136,141,-1,145,140,137,-1,145,137,142,-1,146,42,41,-1,146,141,42,-1,147,142,139,-1,
  147,139,144,-1,148,12,13,-1,148,13,14,-1,148,14,143,-1,148,143,140,-1,148,140,145,-1,149,144,141,-1,149,141,146,-1,
  150,145,142,-1,150,142,147,-1,151,41,40,-1,151,146,41,-1,152,147,144,-1,152,144,149,-1,152,150,147,-1,153,145,150,-1,
  153,12,148,-1,153,148,145,-1,154,149,146,-1,154,146,151,-1,155,150,152,-1,155,153,150,-1,156,40,39,-1,156,151,40,-1,
  157,152,149,-1,157,149,154,-1,158,10,11,-1,158,11,12,-1,158,12,153,-1,158,153,155,-1,159,151,156,-1,159,157,154,-1,
  159,154,151,-1,160,155,152,-1,160,152,157,-1,161,39,38,-1,161,156,39,-1,162,157,159,-1,163,158,155,-1,163,155,160,-1,
  163,10,158,-1,164,159,156,-1,164,156,161,-1,165,160,157,-1,165,157,162,-1,166,0,1,-1,166,161,38,-1,166,37,0,-1,
  166,38,37,-1,167,162,159,-1,167,159,164,-1,167,165,162,-1,168,8,9,-1,168,9,10,-1,168,163,160,-1,168,10,163,-1,
  168,160,165,-1,169,1,2,-1,169,164,161,-1,169,161,166,-1,169,166,1,-1,170,165,167,-1,170,168,165,-1,171,2,3,-1,
  171,169,2,-1,171,164,169,-1,171,167,164,-1,172,168,170,-1,172,8,168,-1,173,3,4,-1,173,171,3,-1,173,167,171,-1,
  173,172,170,-1,173,170,167,-1,174,4,5,-1,174,7,8,-1,174,172,173,-1,174,173,4,-1,174,5,7,-1,174,8,172,-1]
  normalPerVertex TRUE
  normal DEF NORM_52 Normal { vector [
  0.9831056 0.12942831 -0.12942831,0.9466227 0.12462524 -0.29727766,
  0.83933685 0.11050079 -0.53226236,0.67516571 0.088887252 -0.73229115,
  0.46453354 0.061157001 -0.88344123,0.22150172 0.029161254 -0.97472386,
  0.13050692 0.017181563 -0.99129851,0.12775732 0.027507029 -0.99142394,
  0.113039 0.065263096 -0.99144486,0.092295956 0.092295956 -0.99144486,
  0.065263096 0.113039 -0.99144486,0.033782664 0.12607862 -0.99144486,
  0 0.13052619 -0.99144486,-0.033782664 0.12607862 -0.99144486,
  -0.065263096 0.113039 -0.99144486,-0.092295956 0.092295956 -0.99144486,
  -0.10978847 0.070887661 -0.99142394,-0.12607862 0.033782664 -0.99144486,
  -0.13052619 0 -0.99144486,-0.12775732 -0.027507029 -0.99142394,
  -0.11628475 -0.059635777 -0.99142394,-0.096887571 -0.087700446 -0.99142394,
  -0.070887661 -0.10978847 -0.99142394,-0.040056875 -0.1243946 -0.99142394,
  -0.0064962782 -0.13052344 -0.99142394,0.027507029 -0.12775732 -0.99142394,
  0.059635777 -0.11628475 -0.99142394,0.087700446 -0.096887571 -0.99142394,
  0.10978847 -0.070887661 -0.99142394,0.1243946 -0.040056875 -0.99142394,
  0.13050692 -0.017181563 -0.99129851,0.9831056 -0.12942831 -0.12942831,
  0.9466227 -0.12462524 -0.29727766,0.83933685 -0.11050079 -0.53226236,
  0.67516571 -0.088887252 -0.73229115,0.46453354 -0.061157001 -0.88344123,
  0.25866892 -0.03405441 -0.96536557,0.9576622 0.25660481 -0.13052619,
  0.87933029 0.45800949 -0.13040537,0.73082625 0.66999062 -0.13040537,
  0.53251762 0.83631299 -0.13040537,0.29791879 0.94564202 -0.13040537,
  0 0.99144486 -0.13052619,-0.25660481 0.9576622 -0.13052619,
  -0.49572243 0.85861644 -0.13052619,-0.70105738 0.70105738 -0.13052619,
  -0.85861644 0.49572243 -0.13052619,-0.96790941 0.21481577 -0.13040537,
  -0.99052711 -0.043017293 -0.13040537,-0.9576622 -0.25660481 -0.13052619,
  -0.87933029 -0.45800949 -0.13040537,-0.73082625 -0.66999062 -0.13040537,
  -0.53251762 -0.83631299 -0.13040537,-0.29791879 -0.94564202 -0.13040537,
  -0.043017293 -0.99052711 -0.13040537,0.21481577 -0.96790941 -0.13040537,
  0.45800949 -0.87933029 -0.13040537,0.66999062 -0.73082625 -0.13040537,
  0.83631299 -0.53251762 -0.13040537,0.94564202 -0.29791879 -0.13040537,
  0.93407333 -0.24738775 -0.25750013,0.839195 -0.21942343 -0.49759934,
  0.83821689 -0.48071419 -0.25750013,0.68770041 -0.17697949 -0.70409261,
  0.75380916 -0.42914641 -0.49759934,0.48983346 -0.12310052 -0.86308137,
  0.68523735 -0.68128074 -0.25750013,0.61846192 -0.34893902 -0.70409261,
  0.26017975 -0.057012938 -0.96387552,0.61705248 -0.60962376 -0.49759934,
  0.44128203 -0.2456842 -0.86308137,0.48556003 -0.83541914 -0.25750013,
  0.50707628 -0.49711894 -0.70409261,0.2365583 -0.12240974 -0.96387552,
  0.43824468 -0.74855627 -0.49759934,0.36265796 -0.35152491 -0.86308137,
  0.27734127 -0.93211527 -0.23290116,0.36113423 -0.61142102 -0.70409261,
  0.1968158 -0.17946453 -0.96387552,0.21353914 -0.85044454 -0.48077554,
  0.25931935 -0.43340977 -0.86308137,0.019308122 -0.9612182 -0.27511229,
  0.19058147 -0.68405577 -0.70409261,0.14366063 -0.2242891 -0.96387552,
  -0.01974298 -0.85325663 -0.52111739,0.13830855 -0.48575848 -0.86308137,
  -0.24738775 -0.93407333 -0.25750013,0.022436719 -0.72647721 -0.68682419,
  0.080715221 -0.25382874 -0.96387552,-0.21942343 -0.839195 -0.49759934,
  -0.0061380986 -0.52206169 -0.85288564,-0.46299513 -0.85521492 -0.23290116,
  -0.16446532 -0.67799962 -0.71642702,0.012269204 -0.26607037 -0.96387552,
  -0.45036013 -0.75235008 -0.48077554,-0.12940952 -0.48296291 -0.8660254,
  -0.666031 -0.69333681 -0.27511229,-0.34380783 -0.64036607 -0.68682419,
  -0.071973078 -0.27630507 -0.95837122,-0.61730395 -0.58938315 -0.52111739,
  -0.25376745 -0.43953812 -0.8616312,-0.83541914 -0.48556003 -0.25750013,
  -0.47984245 -0.52389043 -0.70376845,-0.11597415 -0.20678435 -0.97148867,
  -0.74855627 -0.43824468 -0.49759934,-0.38351177 -0.3584867 -0.85112044,
  -0.94209946 -0.2350973 -0.23911895,-0.59571267 -0.36312358 -0.71642702,
  -0.20048305 -0.20330067 -0.95837122,-0.84253837 -0.25211394 -0.47599124,
  -0.4030523 -0.23270235 -0.88509799,-0.96542671 0.041966678 -0.25727428,
  -0.70166691 -0.17744517 -0.69005562,-0.20382874 -0.12109342 -0.97148867,
  -0.85815939 -0.018648943 -0.51304452,-0.48575848 -0.13830855 -0.86308137,
  -0.92166882 0.29040752 -0.25727428,-0.6898684 0.014725705 -0.72378502,
  -0.25382874 -0.080715221 -0.96387552,-0.839195 0.21942343 -0.49759934,
  -0.52467215 -0.017695397 -0.85112044,-0.81853189 0.49983997 -0.28313524,
  -0.68770041 0.17697949 -0.70409261,-0.26973118 0 -0.96293566,
  -0.75380916 0.42914641 -0.49759934,-0.47674867 0.114017 -0.87161392,
  -0.67464996 0.69833341 -0.23911895,-0.61846192 0.34893902 -0.70409261,
  -0.25 0.066987298 -0.96592583,-0.61705248 0.60962376 -0.49759934,
  -0.46322711 0.24701141 -0.85112044,-0.45894942 0.84214005 -0.28313524,
  -0.52956211 0.4978318 -0.68682419,-0.2482622 0.14103367 -0.95837122,
  -0.46158834 0.74857768 -0.47599124,-0.35888137 0.35888137 -0.8616312,
  -0.2350973 0.94209946 -0.23911895,-0.35579377 0.61625288 -0.70259745,
  -0.156692 0.156692 -0.97513857,-0.24012149 0.82409161 -0.51304452,
  -0.23208483 0.41992917 -0.87738026,0.023608165 0.95878939 -0.28313524,
  -0.16432714 0.67017299 -0.72378502,-0.15360486 0.24313431 -0.95775323,
  -0.005252892 0.86739109 -0.49759934,-0.13830855 0.48575848 -0.86308137,
  0.24738775 0.93407333 -0.25750013,-0.022436719 0.72647721 -0.68682419,
  -0.073061183 0.23907589 -0.96824831,0.21942343 0.839195 -0.49759934,
  0 0.54036666 -0.84142966,0.48071419 0.83821689 -0.25750013,
  0.16446532 0.67799962 -0.71642702,0 0.3052775 -0.95226343,
  0.41749311 0.77403607 -0.47599124,0.1204556 0.44954643 -0.88509799,
  0.68128074 0.68523735 -0.25750013,0.37068074 0.62162611 -0.69005562,
  0.057353254 0.21404526 -0.97513857,0.59362353 0.61999712 -0.51304452,
  0.2456842 0.44128203 -0.86308137,0.83541914 0.48556003 -0.25750013,
  0.5 0.5 -0.70710678,0.13375806 0.25459287 -0.95775323,
  0.74855627 0.43824468 -0.49759934,0.38209693 0.38209693 -0.84142966,
  0.94317142 0.25272202 -0.21577592,0.59571267 0.36312358 -0.71642702,
  0.19072874 0.19072874 -0.96293566,0.85750464 0.22976768 -0.46031794,
  0.41095594 0.24762692 -0.87738026,0.71384299 0.19127365 -0.67367839,
  0.25459287 0.13375806 -0.95775323,0.50268421 0.14104845 -0.85288564,
  0.25895956 0.061615137 -0.96392091] }
}
}
DEF SHAPE_53 Shape {
 appearance USE APP_1
 geometry DEF FACE_53 IndexedFaceSet {
  coord DEF COORD_53 Coordinate { point [
  3.0542357 1.8700787 0.17984968,3.049449 1.8700787 0.14349088,
  3.035415 1.8700787 0.10960988,3.0130902 1.8700787 0.080515601,
  2.9839959 1.8700787 0.058190776,2.9501149 1.8700787 0.044156805,
  2.9137561 1.8700787 0.039370079,2.908012 1.9137093 0.039370079,
  2.8911713 1.9543665 0.039370079,2.8643815 1.9892796 0.039370079,
  2.8294683 2.0160694 0.039370079,2.7888111 2.0329102 0.039370079,
  2.7451806 2.0386543 0.039370079,2.70155 2.0329102 0.039370079,
  2.6608928 2.0160694 0.039370079,2.6259797 1.9892796 0.039370079,
  2.5991899 1.9543665 0.039370079,2.5823491 1.9137093 0.039370079,
  2.5766051 1.8700787 0.039370079,2.5823491 1.8264482 0.039370079,
  2.5991899 1.785791 0.039370079,2.6259797 1.7508778 0.039370079,
  2.6608928 1.7240881 0.039370079,2.70155 1.7072473 0.039370079,
  2.7451806 1.7015032 0.039370079,2.7888111 1.7072473 0.039370079,
  2.8294683 1.7240881 0.039370079,2.8643815 1.7508778 0.039370079,
  2.8911713 1.785791 0.039370079,2.908012 1.8264482 0.039370079,
  2.9137561 1.8700787 0.039370079,3.0542357 1.8700787 0.17984968,
  3.049449 1.8700787 0.14349088,3.035415 1.8700787 0.10960988,
  3.0130902 1.8700787 0.080515601,2.9839959 1.8700787 0.058190776,
  2.9501149 1.8700787 0.044156805,3.0437049 1.9500681 0.17984968,
  3.0128302 2.0246063 0.17984968,2.9637155 2.0886137 0.17984968,
  2.8997081 2.1377283 0.17984968,2.8251699 2.1686031 0.17984968,
  2.7451806 2.1791339 0.17984968,2.6651912 2.1686031 0.17984968,
  2.590653 2.1377283 0.17984968,2.5266456 2.0886137 0.17984968,
  2.477531 2.0246063 0.17984968,2.4466563 1.9500681 0.17984968,
  2.4361255 1.8700787 0.17984968,2.4466563 1.7900894 0.17984968,
  2.477531 1.7155512 0.17984968,2.5266456 1.6515438 0.17984968,
  2.590653 1.6024292 0.17984968,2.6651912 1.5715544 0.17984968,
  2.7451806 1.5610236 0.17984968,2.8251699 1.5715544 0.17984968,
  2.8997081 1.6024292 0.17984968,2.9637155 1.6515438 0.17984968,
  3.0128302 1.7155512 0.17984968,3.0437049 1.7900894 0.17984968,
  3.0390813 1.7913283 0.14349088,3.0255255 1.7949605 0.10960988,
  3.0086847 1.7179445 0.14349088,3.0039614 1.8007386 0.080515601,
  2.996531 1.7249615 0.10960988,2.9758585 1.8082688 0.058190776,
  2.9603308 1.6549285 0.14349088,2.9771971 1.7361239 0.080515601,
  2.9431319 1.8170378 0.044156805,2.9504073 1.664852 0.10960988,
  2.9520007 1.7506711 0.058190776,2.8973148 1.6065746 0.14349088,
  2.9346213 1.680638 0.080515601,2.9226589 1.7676116 0.044156805,
  2.8902978 1.6187284 0.10960988,2.9140485 1.7012108 0.058190776,
  2.823931 1.576178 0.14349088,2.8791354 1.6380622 0.080515601,
  2.890091 1.7251683 0.044156805,2.8202988 1.5897338 0.10960988,
  2.8645882 1.6632586 0.058190776,2.7451806 1.5658103 0.14349088,
  2.8145207 1.6112979 0.080515601,2.8476477 1.6926004 0.044156805,
  2.7451806 1.5798443 0.10960988,2.8069905 1.6394009 0.058190776,
  2.6664301 1.576178 0.14349088,2.7451806 1.6021691 0.080515601,
  2.7982215 1.6721274 0.044156805,2.6700624 1.5897338 0.10960988,
  2.7451806 1.6312634 0.058190776,2.5930464 1.6065746 0.14349088,
  2.6758405 1.6112979 0.080515601,2.7451806 1.6651444 0.044156805,
  2.6000634 1.6187284 0.10960988,2.6833706 1.6394009 0.058190776,
  2.5300303 1.6549285 0.14349088,2.6112258 1.6380622 0.080515601,
  2.6921397 1.6721274 0.044156805,2.5399538 1.664852 0.10960988,
  2.6257729 1.6632586 0.058190776,2.4816764 1.7179445 0.14349088,
  2.5557399 1.680638 0.080515601,2.6427134 1.6926004 0.044156805,
  2.4938302 1.7249615 0.10960988,2.5763126 1.7012108 0.058190776,
  2.4512799 1.7913283 0.14349088,2.5131641 1.7361239 0.080515601,
  2.6002701 1.7251683 0.044156805,2.4648357 1.7949605 0.10960988,
  2.5383604 1.7506711 0.058190776,2.4409122 1.8700787 0.14349088,
  2.4863998 1.8007386 0.080515601,2.5677023 1.7676116 0.044156805,
  2.4549462 1.8700787 0.10960988,2.5145027 1.8082688 0.058190776,
  2.4512799 1.9488292 0.14349088,2.477271 1.8700787 0.080515601,
  2.5472292 1.8170378 0.044156805,2.4648357 1.9451969 0.10960988,
  2.5063653 1.8700787 0.058190776,2.4816764 2.0222129 0.14349088,
  2.4863998 1.9394188 0.080515601,2.5402463 1.8700787 0.044156805,
  2.4938302 2.015196 0.10960988,2.5145027 1.9318887 0.058190776,
  2.5300303 2.085229 0.14349088,2.5131641 2.0040335 0.080515601,
  2.5472292 1.9231196 0.044156805,2.5399538 2.0753055 0.10960988,
  2.5383604 1.9894864 0.058190776,2.5930464 2.1335829 0.14349088,
  2.5557399 2.0595194 0.080515601,2.5677023 1.9725459 0.044156805,
  2.6000634 2.1214291 0.10960988,2.5763126 2.0389467 0.058190776,
  2.6664301 2.1639794 0.14349088,2.6112258 2.1020953 0.080515601,
  2.6002701 2.0149892 0.044156805,2.6700624 2.1504237 0.10960988,
  2.6257729 2.0768989 0.058190776,2.7451806 2.1743471 0.14349088,
  2.6758405 2.1288595 0.080515601,2.6427134 2.0475571 0.044156805,
  2.7451806 2.1603132 0.10960988,2.6833706 2.1007566 0.058190776,
  2.823931 2.1639794 0.14349088,2.7451806 2.1379883 0.080515601,
  2.6921397 2.0680301 0.044156805,2.8202988 2.1504237 0.10960988,
  2.7451806 2.1088941 0.058190776,2.8973148 2.1335829 0.14349088,
  2.8145207 2.1288595 0.080515601,2.7451806 2.0750131 0.044156805,
  2.8902978 2.1214291 0.10960988,2.8069905 2.1007566 0.058190776,
  2.9603308 2.085229 0.14349088,2.8791354 2.1020953 0.080515601,
  2.7982215 2.0680301 0.044156805,2.9504073 2.0753055 0.10960988,
  2.8645882 2.0768989 0.058190776,3.0086847 2.0222129 0.14349088,
  2.9346213 2.0595194 0.080515601,2.8476477 2.0475571 0.044156805,
  2.996531 2.015196 0.10960988,2.9140485 2.0389467 0.058190776,
  3.0390813 1.9488292 0.14349088,2.9771971 2.0040335 0.080515601,
  2.890091 2.0149892 0.044156805,3.0255255 1.9451969 0.10960988,
  2.9520007 1.9894864 0.058190776,3.0039614 1.9394188 0.080515601,
  2.9226589 1.9725459 0.044156805,2.9758585 1.9318887 0.058190776,
  2.9431319 1.9231196 0.044156805] }
 coordIndex [
  6,7,5,-1,60,32,31,-1,60,31,59,-1,61,33,32,-1,61,32,60,-1,62,59,58,-1,62,60,59,-1,63,34,33,-1,
  63,33,61,-1,64,60,62,-1,64,61,60,-1,65,35,34,-1,65,34,63,-1,66,58,57,-1,66,62,58,-1,67,61,64,-1,
  67,63,61,-1,68,29,30,-1,68,36,35,-1,68,30,36,-1,68,35,65,-1,69,64,62,-1,69,62,66,-1,70,65,63,-1,
  70,63,67,-1,71,57,56,-1,71,66,57,-1,72,67,64,-1,72,64,69,-1,73,65,70,-1,73,28,29,-1,73,68,65,-1,
  73,29,68,-1,74,69,66,-1,74,66,71,-1,75,70,67,-1,75,67,72,-1,76,56,55,-1,76,71,56,-1,77,72,69,-1,
  77,69,74,-1,78,73,70,-1,78,27,28,-1,78,28,73,-1,78,70,75,-1,79,71,76,-1,79,74,71,-1,80,75,72,-1,
  80,72,77,-1,81,55,54,-1,81,76,55,-1,82,77,74,-1,82,74,79,-1,83,78,75,-1,83,26,27,-1,83,75,80,-1,
  83,27,78,-1,84,79,76,-1,84,76,81,-1,85,77,82,-1,85,80,77,-1,86,54,53,-1,86,81,54,-1,87,79,84,-1,
  87,82,79,-1,88,25,26,-1,88,26,83,-1,88,83,80,-1,88,80,85,-1,89,84,81,-1,89,81,86,-1,90,85,82,-1,
  90,82,87,-1,91,53,52,-1,91,86,53,-1,92,84,89,-1,92,90,87,-1,92,87,84,-1,93,88,85,-1,93,24,25,-1,
  93,25,88,-1,93,85,90,-1,94,89,86,-1,94,86,91,-1,95,90,92,-1,96,91,52,-1,96,94,91,-1,96,52,51,-1,
  97,89,94,-1,97,92,89,-1,98,24,93,-1,98,93,90,-1,98,90,95,-1,98,23,24,-1,99,94,96,-1,100,95,92,-1,
  100,92,97,-1,101,96,51,-1,101,51,50,-1,102,97,94,-1,102,94,99,-1,103,95,100,-1,103,22,23,-1,103,98,95,-1,
  103,23,98,-1,104,99,96,-1,104,96,101,-1,105,100,97,-1,105,97,102,-1,106,101,50,-1,106,50,49,-1,107,102,99,-1,
  107,99,104,-1,108,22,103,-1,108,21,22,-1,108,103,100,-1,108,100,105,-1,109,104,101,-1,109,101,106,-1,110,102,107,-1,
  110,105,102,-1,111,49,48,-1,111,106,49,-1,112,107,104,-1,112,104,109,-1,113,21,108,-1,113,20,21,-1,113,108,105,-1,
  113,105,110,-1,114,109,106,-1,114,106,111,-1,115,110,107,-1,115,107,112,-1,116,48,47,-1,116,111,48,-1,117,109,114,-1,
  117,112,109,-1,118,19,20,-1,118,20,113,-1,118,110,115,-1,118,113,110,-1,119,114,111,-1,119,111,116,-1,120,115,112,-1,
  120,112,117,-1,121,46,45,-1,121,47,46,-1,121,116,47,-1,122,117,114,-1,122,114,119,-1,123,18,19,-1,123,19,118,-1,
  123,118,115,-1,123,115,120,-1,124,119,116,-1,124,116,121,-1,125,117,122,-1,125,120,117,-1,126,45,44,-1,126,121,45,-1,
  127,119,124,-1,127,122,119,-1,128,120,125,-1,128,17,18,-1,128,18,123,-1,128,123,120,-1,129,124,121,-1,129,121,126,-1,
  130,125,122,-1,130,128,125,-1,130,122,127,-1,131,126,44,-1,132,127,124,-1,132,124,129,-1,133,15,16,-1,133,128,130,-1,
  133,16,17,-1,133,17,128,-1,134,126,131,-1,134,132,129,-1,134,129,126,-1,135,130,127,-1,135,127,132,-1,135,133,130,-1,
  136,131,44,-1,136,43,42,-1,136,44,43,-1,137,132,134,-1,138,15,133,-1,138,133,135,-1,139,131,136,-1,139,134,131,-1,
  139,137,134,-1,140,135,132,-1,140,132,137,-1,140,138,135,-1,141,136,42,-1,142,137,139,-1,143,14,15,-1,143,138,140,-1,
  143,15,138,-1,144,139,136,-1,144,136,141,-1,144,142,139,-1,145,137,142,-1,145,140,137,-1,146,141,42,-1,146,42,41,-1,
  147,142,144,-1,148,12,13,-1,148,13,14,-1,148,14,143,-1,148,143,140,-1,148,140,145,-1,149,141,146,-1,149,144,141,-1,
  150,145,142,-1,150,142,147,-1,150,148,145,-1,151,41,40,-1,151,146,41,-1,152,147,144,-1,152,144,149,-1,153,12,148,-1,
  153,148,150,-1,154,149,146,-1,154,146,151,-1,155,147,152,-1,155,150,147,-1,156,40,39,-1,156,154,151,-1,156,151,40,-1,
  157,152,149,-1,157,149,154,-1,158,150,155,-1,158,10,11,-1,158,11,12,-1,158,12,153,-1,158,153,150,-1,159,154,156,-1,
  160,155,152,-1,160,152,157,-1,161,156,39,-1,161,39,38,-1,162,160,157,-1,162,157,154,-1,162,154,159,-1,163,10,158,-1,
  163,158,155,-1,163,155,160,-1,164,156,161,-1,164,159,156,-1,165,163,160,-1,165,160,162,-1,166,0,1,-1,166,37,0,-1,
  166,38,37,-1,166,161,38,-1,167,162,159,-1,167,159,164,-1,167,165,162,-1,168,8,9,-1,168,9,10,-1,168,10,163,-1,
  168,163,165,-1,169,1,2,-1,169,2,3,-1,169,164,161,-1,169,166,1,-1,169,161,166,-1,169,167,164,-1,170,168,165,-1,
  170,165,167,-1,171,3,4,-1,171,167,169,-1,171,170,167,-1,171,169,3,-1,172,8,168,-1,172,168,170,-1,173,4,5,-1,
  173,171,4,-1,173,170,171,-1,173,172,170,-1,174,7,8,-1,174,173,5,-1,174,8,172,-1,174,172,173,-1,174,5,7,-1]
  normalPerVertex TRUE
  normal DEF NORM_53 Normal { vector [
  0.9831056 0.12942831 -0.12942831,0.9466227 0.12462524 -0.29727766,
  0.86045084 0.1132805 -0.49678152,0.7355514 0.096837179 -0.67051226,
  0.53900443 0.070961279 -0.83930848,0.26956127 0.035488414 -0.9623291,
  0.13050692 0.017181563 -0.99129851,0.12775732 0.027507029 -0.99142394,
  0.113039 0.065263096 -0.99144486,0.092295956 0.092295956 -0.99144486,
  0.065263096 0.113039 -0.99144486,0.033782664 0.12607862 -0.99144486,
  0 0.13052619 -0.99144486,-0.033782664 0.12607862 -0.99144486,
  -0.059635777 0.11628475 -0.99142394,-0.092295956 0.092295956 -0.99144486,
  -0.113039 0.065263096 -0.99144486,-0.1243946 0.040056875 -0.99142394,
  -0.13052344 0.0064962782 -0.99142394,-0.12775732 -0.027507029 -0.99142394,
  -0.11628475 -0.059635777 -0.99142394,-0.096887571 -0.087700446 -0.99142394,
  -0.070887661 -0.10978847 -0.99142394,-0.040056875 -0.1243946 -0.99142394,
  -0.0064962782 -0.13052344 -0.99142394,0.027507029 -0.12775732 -0.99142394,
  0.059635777 -0.11628475 -0.99142394,0.087700446 -0.096887571 -0.99142394,
  0.10978847 -0.070887661 -0.99142394,0.1243946 -0.040056875 -0.99142394,
  0.13050692 -0.017181563 -0.99129851,0.9831056 -0.12942831 -0.12942831,
  0.9466227 -0.12462524 -0.29727766,0.83933685 -0.11050079 -0.53226236,
  0.67516571 -0.088887252 -0.73229115,0.46453354 -0.061157001 -0.88344123,
  0.25866892 -0.03405441 -0.96536557,0.9576622 0.25660481 -0.13052619,
  0.87933029 0.45800949 -0.13040537,0.73082625 0.66999062 -0.13040537,
  0.53251762 0.83631299 -0.13040537,0.29791879 0.94564202 -0.13040537,
  0 0.99144486 -0.13052619,-0.25660481 0.9576622 -0.13052619,
  -0.49572243 0.85861644 -0.13052619,-0.73082625 0.66999062 -0.13040537,
  -0.85861644 0.49572243 -0.13052619,-0.94564202 0.29791879 -0.13040537,
  -0.99052711 0.043017293 -0.13040537,-0.96790941 -0.21481577 -0.13040537,
  -0.87933029 -0.45800949 -0.13040537,-0.73082625 -0.66999062 -0.13040537,
  -0.53251762 -0.83631299 -0.13040537,-0.29791879 -0.94564202 -0.13040537,
  -0.043017293 -0.99052711 -0.13040537,0.21481577 -0.96790941 -0.13040537,
  0.45800949 -0.87933029 -0.13040537,0.66999062 -0.73082625 -0.13040537,
  0.83631299 -0.53251762 -0.13040537,0.94564202 -0.29791879 -0.13040537,
  0.93407333 -0.24738775 -0.25750013,0.839195 -0.21942343 -0.49759934,
  0.83821689 -0.48071419 -0.25750013,0.68770041 -0.17697949 -0.70409261,
  0.75380916 -0.42914641 -0.49759934,0.48983346 -0.12310052 -0.86308137,
  0.68523735 -0.68128074 -0.25750013,0.61846192 -0.34893902 -0.70409261,
  0.26017975 -0.057012938 -0.96387552,0.61705248 -0.60962376 -0.49759934,
  0.44128203 -0.2456842 -0.86308137,0.48556003 -0.83541914 -0.25750013,
  0.50707628 -0.49711894 -0.70409261,0.2365583 -0.12240974 -0.96387552,
  0.43824468 -0.74855627 -0.49759934,0.36265796 -0.35152491 -0.86308137,
  0.25279258 -0.93262511 -0.25750013,0.36113423 -0.61142102 -0.70409261,
  0.1968158 -0.17946453 -0.96387552,0.22957124 -0.83647591 -0.49759934,
  0.25931935 -0.43340977 -0.86308137,0.0027977454 -0.96627421 -0.25750013,
  0.19058147 -0.68405577 -0.70409261,0.14366063 -0.2242891 -0.96387552,
  0.005252892 -0.86739109 -0.49759934,0.13830855 -0.48575848 -0.86308137,
  -0.24738775 -0.93407333 -0.25750013,0.022436719 -0.72647721 -0.68682419,
  0.080715221 -0.25382874 -0.96387552,-0.21942343 -0.839195 -0.49759934,
  -0.0061380986 -0.52206169 -0.85288564,-0.46299513 -0.85521492 -0.23290116,
  -0.16446532 -0.67799962 -0.71642702,0.012269204 -0.26607037 -0.96387552,
  -0.45036013 -0.75235008 -0.48077554,-0.13282601 -0.46104352 -0.87738026,
  -0.666031 -0.69333681 -0.27511229,-0.34893902 -0.61846192 -0.70409261,
  -0.057012938 -0.26017975 -0.96387552,-0.61730395 -0.58938315 -0.52111739,
  -0.2456842 -0.44128203 -0.86308137,-0.83541914 -0.48556003 -0.25750013,
  -0.49711894 -0.50707628 -0.70409261,-0.12240974 -0.2365583 -0.96387552,
  -0.74855627 -0.43824468 -0.49759934,-0.35152491 -0.36265796 -0.86308137,
  -0.93262511 -0.25279258 -0.25750013,-0.61142102 -0.36113423 -0.70409261,
  -0.17946453 -0.1968158 -0.96387552,-0.83647591 -0.22957124 -0.49759934,
  -0.43340977 -0.25931935 -0.86308137,-0.96627421 -0.0027977454 -0.25750013,
  -0.68405577 -0.19058147 -0.70409261,-0.2242891 -0.14366063 -0.96387552,
  -0.86739109 -0.005252892 -0.49759934,-0.48575848 -0.13830855 -0.86308137,
  -0.93407333 0.24738775 -0.25750013,-0.71007325 -0.0070409074 -0.70409261,
  -0.25382874 -0.080715221 -0.96387552,-0.839195 0.21942343 -0.49759934,
  -0.50500354 -0.0078722555 -0.86308137,-0.83240381 0.49992602 -0.23911895,
  -0.68770041 0.17697949 -0.70409261,-0.26607037 -0.012269204 -0.96387552,
  -0.75380916 0.42914641 -0.49759934,-0.51137429 0.1187027 -0.85112044,
  -0.65298485 0.7123347 -0.25727428,-0.61846192 0.34893902 -0.70409261,
  -0.27630507 0.071973078 -0.95837122,-0.63960626 0.60360266 -0.47599124,
  -0.44847464 0.23300293 -0.86289056,-0.45894942 0.84214005 -0.28313524,
  -0.50450548 0.51893878 -0.69005562,-0.21201995 0.13244908 -0.96824831,
  -0.46612379 0.73175843 -0.49725066,-0.37288764 0.34113733 -0.86289056,
  -0.2350973 0.94209946 -0.23911895,-0.3278994 0.63023167 -0.70376845,
  -0.19509385 0.21129869 -0.95775323,-0.26084799 0.82746608 -0.49725066,
  -0.25649002 0.41773442 -0.87161392,0.023608165 0.95878939 -0.28313524,
  -0.15361054 0.69362365 -0.70376845,-0.12109342 0.20382874 -0.97148867,
  -0.018648943 0.85815939 -0.51304452,-0.15288759 0.50221447 -0.85112044,
  0.24738775 0.93407333 -0.25750013,0.014725705 0.6898684 -0.72378502,
  -0.069811565 0.26054031 -0.96293566,0.21942343 0.839195 -0.49759934,
  -0.013259667 0.49001363 -0.87161392,0.46299513 0.85521492 -0.23290116,
  0.17697949 0.68770041 -0.70409261,0 0.25881905 -0.96592583,
  0.45036013 0.75235008 -0.48077554,0.12310052 0.48983346 -0.86308137,
  0.666031 0.69333681 -0.27511229,0.34380783 0.64036607 -0.68682419,
  0.056265106 0.24357639 -0.96824831,0.61730395 0.58938315 -0.52111739,
  0.27018333 0.46797125 -0.84142966,0.83541914 0.48556003 -0.25750013,
  0.47984245 0.52389043 -0.70376845,0.15263875 0.26437807 -0.95226343,
  0.74857768 0.46158834 -0.47599124,0.36265796 0.35152491 -0.86308137,
  0.94317142 0.25272202 -0.21577592,0.62162611 0.37068074 -0.69005562,
  0.18281079 0.17051521 -0.96824831,0.83851473 0.22467934 -0.49639928,
  0.44128203 0.2456842 -0.86308137,0.6547517 0.17544019 -0.7352013,
  0.25459287 0.13375806 -0.95775323,0.44954643 0.1204556 -0.88509799,
  0.22822472 0.064212502 -0.97148867] }
}
}
DEF SHAPE_54 Shape {
 appearance USE APP_2
 geometry DEF FACE_54 IndexedFaceSet {
  coord DEF COORD_54 Coordinate { point [
  0.039370079 0.39370079 3.3464567,0.039370079 0.39370079 1.4330709,
  0.039370079 -0.39370079 3.3464567,0.039370079 -0.39370079 1.4330709] }
 coordIndex [
  0,2,3,-1,0,3,1,-1]
  normalPerVertex TRUE
  normal DEF NORM_54 Normal { vector [
  1 0 0,1 0 0,
  1 0 0,1 0 0] }
}
}
DEF SHAPE_55 Shape {
 appearance USE APP_2
 geometry DEF FACE_55 IndexedFaceSet {
  coord DEF COORD_55 Coordinate { point [
  0.039370079 0.39370079 3.3464567,0.039370079 0.39370079 1.4330709,
  0 0.39370079 1.4330709,0 0.39370079 3.3858268,
  3.9895013 0.39370079 2.0137795,7.5590551 0.39370079 2.0137795,
  7.9527559 0.39370079 2.4074803,7.992126 0.39370079 2.4074803,
  7.5590551 0.39370079 1.9744094,3.9895013 0.39370079 1.9744094] }
 coordIndex [
  0,1,2,-1,3,0,2,-1,4,0,3,-1,5,8,9,-1,5,9,4,-1,7,5,6,-1,7,8,5,-1,9,0,4,-1]
  normalPerVertex TRUE
  normal DEF NORM_55 Normal { vector [
  0 1 0,0 1 0,
  0 1 0,0 1 0,
  0 1 0,0 1 0,
  0 1 0,0 1 0,
  0 1 0,0 1 0] }
}
}
DEF SHAPE_56 Shape {
 appearance USE APP_2
 geometry DEF FACE_56 IndexedFaceSet {
  coord DEF COORD_56 Coordinate { point [
  0 0.39370079 1.4330709,0 0.39370079 3.3858268,
  0 -0.39370079 1.4330709,0 -0.39370079 3.3858268] }
 coordIndex [
  1,0,2,-1,1,2,3,-1]
  normalPerVertex TRUE
  normal DEF NORM_56 Normal { vector [
  -1 0 0,-1 0 0,
  -1 0 0,-1 0 0] }
}
}
DEF SHAPE_57 Shape {
 appearance USE APP_2
 geometry DEF FACE_57 IndexedFaceSet {
  coord DEF COORD_57 Coordinate { point [
  0.039370079 -0.39370079 3.3464567,0.039370079 -0.39370079 1.4330709,
  0 -0.39370079 1.4330709,0 -0.39370079 3.3858268,
  3.9895013 -0.39370079 2.0137795,7.5590551 -0.39370079 2.0137795,
  7.9527559 -0.39370079 2.4074803,7.992126 -0.39370079 2.4074803,
  7.5590551 -0.39370079 1.9744094,3.9895013 -0.39370079 1.9744094] }
 coordIndex [
  0,2,1,-1,3,2,0,-1,4,3,0,-1,5,9,8,-1,5,4,9,-1,7,6,5,-1,7,5,8,-1,9,4,0,-1]
  normalPerVertex TRUE
  normal DEF NORM_57 Normal { vector [
  0 -1 0,0 -1 0,
  0 -1 0,0 -1 0,
  0 -1 0,0 -1 0,
  0 -1 0,0 -1 0,
  0 -1 0,0 -1 0] }
}
}
DEF SHAPE_58 Shape {
 appearance USE APP_2
 geometry DEF FACE_58 IndexedFaceSet {
  coord DEF COORD_58 Coordinate { point [
  8.7704724 0 1.4330709,8.7704724 0 1.511811,
  8.7704724 0 1.511811,8.6755343 0.72112692 1.511811,
  8.3971897 1.3931102 1.511811,7.9544074 1.9701554 1.511811,
  7.3773622 2.4129377 1.511811,6.7053789 2.6912823 1.511811,
  5.984252 2.7862205 1.511811,5.263125 2.6912823 1.511811,
  4.5911417 2.4129377 1.511811,4.0140966 1.9701554 1.511811,
  3.5713143 1.3931102 1.511811,3.2929697 0.72112692 1.511811,
  3.1980315 0 1.511811,3.2929697 -0.72112692 1.511811,
  3.5713143 -1.3931102 1.511811,4.0140966 -1.9701554 1.511811,
  4.5911417 -2.4129377 1.511811,5.263125 -2.6912823 1.511811,
  5.984252 -2.7862205 1.511811,6.7053789 -2.6912823 1.511811,
  7.3773622 -2.4129377 1.511811,7.9544074 -1.9701554 1.511811,
  8.3971897 -1.3931102 1.511811,8.6755343 -0.72112692 1.511811,
  8.7704724 0 1.4330709,8.6755343 0.72112692 1.4330709,
  8.3971897 1.3931102 1.4330709,7.9544074 1.9701554 1.4330709,
  7.3773622 2.4129377 1.4330709,6.7053789 2.6912823 1.4330709,
  5.984252 2.7862205 1.4330709,5.263125 2.6912823 1.4330709,
  4.5911417 2.4129377 1.4330709,4.0140966 1.9701554 1.4330709,
  3.5713143 1.3931102 1.4330709,3.2929697 0.72112692 1.4330709,
  3.1980315 0 1.4330709,3.2929697 -0.72112692 1.4330709,
  3.5713143 -1.3931102 1.4330709,4.0140966 -1.9701554 1.4330709,
  4.5911417 -2.4129377 1.4330709,5.263125 -2.6912823 1.4330709,
  5.984252 -2.7862205 1.4330709,6.7053789 -2.6912823 1.4330709,
  7.3773622 -2.4129377 1.4330709,7.9544074 -1.9701554 1.4330709,
  8.3971897 -1.3931102 1.4330709,8.6755343 -0.72112692 1.4330709] }
 coordIndex [
  49,0,1,-1,49,1,25,-1,48,25,24,-1,48,49,25,-1,47,24,23,-1,47,48,24,-1,46,23,22,-1,46,47,23,-1,
  45,22,21,-1,45,46,22,-1,44,21,20,-1,44,45,21,-1,43,20,19,-1,43,44,20,-1,42,18,17,-1,42,19,18,-1,
  42,43,19,-1,41,42,17,-1,40,16,15,-1,40,17,16,-1,40,41,17,-1,39,40,15,-1,38,39,15,-1,38,15,14,-1,
  37,38,14,-1,37,14,13,-1,36,37,13,-1,36,13,12,-1,35,36,12,-1,35,11,10,-1,35,12,11,-1,34,35,10,-1,
  33,10,9,-1,33,34,10,-1,32,9,8,-1,32,33,9,-1,31,8,7,-1,31,32,8,-1,30,6,5,-1,30,7,6,-1,
  30,31,7,-1,29,30,5,-1,28,4,3,-1,28,5,4,-1,28,29,5,-1,27,3,2,-1,27,28,3,-1,26,27,2,-1]
  normalPerVertex TRUE
  normal DEF NORM_58 Normal { vector [
  0.99144486 -0.13052619 0,0.99144486 -0.13052619 0,
  0.99144486 0.13052619 0,0.95364993 0.30091828 0,
  0.8660254 0.5 0,0.70710678 0.70710678 0,
  0.5 0.8660254 0,0.30091828 0.95364993 0,
  0.04384197 0.99903848 0,-0.21622209 0.9763442 0,
  -0.5 0.8660254 0,-0.70710678 0.70710678 0,
  -0.84327172 0.5374875 0,-0.95364993 0.30091828 0,
  -0.99903848 0.04384197 0,-0.96592583 -0.25881905 0,
  -0.8660254 -0.5 0,-0.70710678 -0.70710678 0,
  -0.5 -0.8660254 0,-0.30091828 -0.95364993 0,
  -0.04384197 -0.99903848 0,0.21622209 -0.9763442 0,
  0.46155098 -0.88711369 0,0.67542593 -0.73742784 0,
  0.84327172 -0.5374875 0,0.95364993 -0.30091828 0,
  0.99144486 0.13052619 0,0.9763442 0.21622209 0,
  0.8660254 0.5 0,0.70710678 0.70710678 0,
  0.5 0.8660254 0,0.21622209 0.9763442 0,
  -0.04384197 0.99903848 0,-0.30091828 0.95364993 0,
  -0.5 0.8660254 0,-0.70710678 0.70710678 0,
  -0.88711369 0.46155098 0,-0.9763442 0.21622209 0,
  -0.99903848 -0.04384197 0,-0.96592583 -0.25881905 0,
  -0.8660254 -0.5 0,-0.70710678 -0.70710678 0,
  -0.5 -0.8660254 0,-0.21622209 -0.9763442 0,
  0.04384197 -0.99903848 0,0.30091828 -0.95364993 0,
  0.5374875 -0.84327172 0,0.73742784 -0.67542593 0,
  0.88711369 -0.46155098 0,0.9763442 -0.21622209 0] }
}
}
DEF SHAPE_59 Shape {
 appearance USE APP_1
 geometry DEF FACE_59 IndexedFaceSet {
  coord DEF COORD_59 Coordinate { point [
  6.1528275 -3.7401575 0.039370079,6.1470834 -3.6965269 0.039370079,
  6.1302427 -3.6558697 0.039370079,6.1034529 -3.6209566 0.039370079,
  6.0685397 -3.5941668 0.039370079,6.0278825 -3.577326 0.039370079,
  5.984252 -3.571582 0.039370079,5.9406214 -3.577326 0.039370079,
  5.8999642 -3.5941668 0.039370079,5.8650511 -3.6209566 0.039370079,
  5.8382613 -3.6558697 0.039370079,5.8214205 -3.6965269 0.039370079,
  5.8156764 -3.7401575 0.039370079,5.8214205 -3.783788 0.039370079,
  5.8382613 -3.8244452 0.039370079,5.8650511 -3.8593584 0.039370079,
  5.8999642 -3.8861482 0.039370079,5.9406214 -3.9029889 0.039370079,
  5.984252 -3.908733 0.039370079,6.0278825 -3.9029889 0.039370079,
  6.0685397 -3.8861482 0.039370079,6.1034529 -3.8593584 0.039370079,
  6.1302427 -3.8244452 0.039370079,6.1470834 -3.783788 0.039370079] }
 coordIndex [
  22,21,20,-1,3,1,0,-1,3,2,1,-1,3,5,4,-1,3,6,5,-1,3,7,6,-1,3,8,7,-1,3,9,8,-1,
  3,10,9,-1,3,11,10,-1,3,12,11,-1,3,13,12,-1,3,14,13,-1,3,15,14,-1,3,16,15,-1,3,17,16,-1,
  3,18,17,-1,3,19,18,-1,3,20,19,-1,3,23,22,-1,3,0,23,-1,3,22,20,-1]
  normalPerVertex TRUE
  normal DEF NORM_59 Normal { vector [
  0 0 -1,0 0 -1,
  0 0 -1,0 0 -1,
  0 0 -1,0 0 -1,
  0 0 -1,0 0 -1,
  0 0 -1,0 0 -1,
  0 0 -1,0 0 -1,
  0 0 -1,0 0 -1,
  0 0 -1,0 0 -1,
  0 0 -1,0 0 -1,
  0 0 -1,0 0 -1,
  0 0 -1,0 0 -1,
  0 0 -1,0 0 -1] }
}
}
DEF SHAPE_60 Shape {
 appearance USE APP_1
 geometry DEF FACE_60 IndexedFaceSet {
  coord DEF COORD_60 Coordinate { point [
  9.3918989 1.8700787 0.039370079,9.3861548 1.9137093 0.039370079,
  9.369314 1.9543665 0.039370079,9.3425243 1.9892796 0.039370079,
  9.3076111 2.0160694 0.039370079,9.2669539 2.0329102 0.039370079,
  9.2233234 2.0386543 0.039370079,9.1796928 2.0329102 0.039370079,
  9.1390356 2.0160694 0.039370079,9.1041225 1.9892796 0.039370079,
  9.0773327 1.9543665 0.039370079,9.0604919 1.9137093 0.039370079,
  9.0547478 1.8700787 0.039370079,9.0604919 1.8264482 0.039370079,
  9.0773327 1.785791 0.039370079,9.1041225 1.7508778 0.039370079,
  9.1390356 1.7240881 0.039370079,9.1796928 1.7072473 0.039370079,
  9.2233234 1.7015032 0.039370079,9.2669539 1.7072473 0.039370079,
  9.3076111 1.7240881 0.039370079,9.3425243 1.7508778 0.039370079,
  9.369314 1.785791 0.039370079,9.3861548 1.8264482 0.039370079] }
 coordIndex [
  22,21,20,-1,3,1,0,-1,3,2,1,-1,3,5,4,-1,3,6,5,-1,3,7,6,-1,3,8,7,-1,3,9,8,-1,
  3,10,9,-1,3,11,10,-1,3,12,11,-1,3,13,12,-1,3,14,13,-1,3,15,14,-1,3,16,15,-1,3,17,16,-1,
  3,18,17,-1,3,19,18,-1,3,20,19,-1,3,23,22,-1,3,0,23,-1,3,22,20,-1]
  normalPerVertex TRUE
  normal DEF NORM_60 Normal { vector [
  0 0 -1,0 0 -1,
  0 0 -1,0 0 -1,
  0 0 -1,0 0 -1,
  0 0 -1,0 0 -1,
  0 0 -1,0 0 -1,
  0 0 -1,0 0 -1,
  0 0 -1,0 0 -1,
  0 0 -1,0 0 -1,
  0 0 -1,0 0 -1,
  0 0 -1,0 0 -1,
  0 0 -1,0 0 -1,
  0 0 -1,0 0 -1] }
}
}
DEF SHAPE_61 Shape {
 appearance USE APP_1
 geometry DEF FACE_61 IndexedFaceSet {
  coord DEF COORD_61 Coordinate { point [
  2.9137561 1.8700787 0.039370079,2.908012 1.9137093 0.039370079,
  2.8911713 1.9543665 0.039370079,2.8643815 1.9892796 0.039370079,
  2.8294683 2.0160694 0.039370079,2.7888111 2.0329102 0.039370079,
  2.7451806 2.0386543 0.039370079,2.70155 2.0329102 0.039370079,
  2.6608928 2.0160694 0.039370079,2.6259797 1.9892796 0.039370079,
  2.5991899 1.9543665 0.039370079,2.5823491 1.9137093 0.039370079,
  2.5766051 1.8700787 0.039370079,2.5823491 1.8264482 0.039370079,
  2.5991899 1.785791 0.039370079,2.6259797 1.7508778 0.039370079,
  2.6608928 1.7240881 0.039370079,2.70155 1.7072473 0.039370079,
  2.7451806 1.7015032 0.039370079,2.7888111 1.7072473 0.039370079,
  2.8294683 1.7240881 0.039370079,2.8643815 1.7508778 0.039370079,
  2.8911713 1.785791 0.039370079,2.908012 1.8264482 0.039370079] }
 coordIndex [
  21,20,19,-1,4,6,5,-1,3,1,0,-1,3,2,1,-1,3,7,6,-1,3,8,7,-1,3,9,8,-1,3,10,9,-1,
  3,11,10,-1,3,12,11,-1,3,13,12,-1,3,14,13,-1,3,15,14,-1,3,16,15,-1,3,17,16,-1,3,18,17,-1,
  3,19,18,-1,3,22,21,-1,3,23,22,-1,3,0,23,-1,3,21,19,-1,3,6,4,-1]
  normalPerVertex TRUE
  normal DEF NORM_61 Normal { vector [
  0 0 -1,0 0 -1,
  0 0 -1,0 0 -1,
  0 0 -1,0 0 -1,
  0 0 -1,0 0 -1,
  0 0 -1,0 0 -1,
  0 0 -1,0 0 -1,
  0 0 -1,0 0 -1,
  0 0 -1,0 0 -1,
  0 0 -1,0 0 -1,
  0 0 -1,0 0 -1,
  0 0 -1,0 0 -1,
  0 0 -1,0 0 -1] }
}
}
DEF SHAPE_62 Shape {
 appearance USE APP_2
 geometry DEF FACE_62 IndexedFaceSet {
  coord DEF COORD_62 Coordinate { point [
  3.9895013 0.39370079 1.9744094,3.9895013 -0.39370079 1.9744094,
  0.039370079 -0.39370079 3.3464567,0.039370079 0.39370079 3.3464567] }
 coordIndex [
  3,0,1,-1,3,1,2,-1]
  normalPerVertex TRUE
  normal DEF NORM_62 Normal { vector [
  -0.32811282 0 -0.94463854,-0.32811282 0 -0.94463854,
  -0.32811282 0 -0.94463854,-0.32811282 0 -0.94463854] }
}
}
DEF SHAPE_63 Shape {
 appearance USE APP_2
 geometry DEF FACE_63 IndexedFaceSet {
  coord DEF COORD_63 Coordinate { point [
  7.5590551 0.39370079 1.9744094,7.5590551 -0.39370079 1.9744094,
  3.9895013 -0.39370079 1.9744094,3.9895013 0.39370079 1.9744094] }
 coordIndex [
  2,0,1,-1,3,0,2,-1]
  normalPerVertex TRUE
  normal DEF NORM_63 Normal { vector [
  0 0 -1,0 0 -1,
  0 0 -1,0 0 -1] }
}
}
DEF SHAPE_64 Shape {
 appearance USE APP_2
 geometry DEF FACE_64 IndexedFaceSet {
  coord DEF COORD_64 Coordinate { point [
  7.992126 0.39370079 2.4074803,7.992126 -0.39370079 2.4074803,
  7.5590551 -0.39370079 1.9744094,7.5590551 0.39370079 1.9744094] }
 coordIndex [
  3,0,1,-1,3,1,2,-1]
  normalPerVertex TRUE
  normal DEF NORM_64 Normal { vector [
  0.70710678 0 -0.70710678,0.70710678 0 -0.70710678,
  0.70710678 0 -0.70710678,0.70710678 0 -0.70710678] }
}
}
DEF SHAPE_65 Shape {
 appearance USE APP_2
 geometry DEF FACE_65 IndexedFaceSet {
  coord DEF COORD_65 Coordinate { point [
  7.9527559 0.39370079 2.4074803,7.9527559 -0.39370079 2.4074803,
  7.992126 -0.39370079 2.4074803,7.992126 0.39370079 2.4074803] }
 coordIndex [
  3,0,1,-1,3,1,2,-1]
  normalPerVertex TRUE
  normal DEF NORM_65 Normal { vector [
  0 0 1,0 0 1,
  0 0 1,0 0 1] }
}
}
DEF SHAPE_66 Shape {
 appearance USE APP_2
 geometry DEF FACE_66 IndexedFaceSet {
  coord DEF COORD_66 Coordinate { point [
  7.5590551 0.39370079 2.0137795,7.5590551 -0.39370079 2.0137795,
  7.9527559 -0.39370079 2.4074803,7.9527559 0.39370079 2.4074803] }
 coordIndex [
  3,0,1,-1,3,1,2,-1]
  normalPerVertex TRUE
  normal DEF NORM_66 Normal { vector [
  -0.70710678 0 0.70710678,-0.70710678 0 0.70710678,
  -0.70710678 0 0.70710678,-0.70710678 0 0.70710678] }
}
}
DEF SHAPE_67 Shape {
 appearance USE APP_2
 geometry DEF FACE_67 IndexedFaceSet {
  coord DEF COORD_67 Coordinate { point [
  3.9895013 0.39370079 2.0137795,3.9895013 -0.39370079 2.0137795,
  7.5590551 -0.39370079 2.0137795,7.5590551 0.39370079 2.0137795] }
 coordIndex [
  3,0,1,-1,3,1,2,-1]
  normalPerVertex TRUE
  normal DEF NORM_67 Normal { vector [
  0 0 1,0 0 1,
  0 0 1,0 0 1] }
}
}
DEF SHAPE_68 Shape {
 appearance USE APP_2
 geometry DEF FACE_68 IndexedFaceSet {
  coord DEF COORD_68 Coordinate { point [
  0 0.39370079 3.3858268,0 -0.39370079 3.3858268,
  3.9895013 -0.39370079 2.0137795,3.9895013 0.39370079 2.0137795] }
 coordIndex [
  3,0,1,-1,3,1,2,-1]
  normalPerVertex TRUE
  normal DEF NORM_68 Normal { vector [
  0.32521886 0 0.94563877,0.32521886 0 0.94563877,
  0.32521886 0 0.94563877,0.32521886 0 0.94563877] }
}
}
DEF SHAPE_69 Shape {
 appearance USE APP_2
 geometry DEF FACE_69 IndexedFaceSet {
  coord DEF COORD_69 Coordinate { point [
  8.7704724 0 1.511811,8.6755343 0.72112692 1.511811,
  8.3971897 1.3931102 1.511811,7.9544074 1.9701554 1.511811,
  7.3773622 2.4129377 1.511811,6.7053789 2.6912823 1.511811,
  5.984252 2.7862205 1.511811,5.263125 2.6912823 1.511811,
  4.5911417 2.4129377 1.511811,4.0140966 1.9701554 1.511811,
  3.5713143 1.3931102 1.511811,3.2929697 0.72112692 1.511811,
  3.1980315 0 1.511811,3.2929697 -0.72112692 1.511811,
  3.5713143 -1.3931102 1.511811,4.0140966 -1.9701554 1.511811,
  4.5911417 -2.4129377 1.511811,5.263125 -2.6912823 1.511811,
  5.984252 -2.7862205 1.511811,6.7053789 -2.6912823 1.511811,
  7.3773622 -2.4129377 1.511811,7.9544074 -1.9701554 1.511811,
  8.3971897 -1.3931102 1.511811,8.6755343 -0.72112692 1.511811,
  7.1783465 0 1.511811,7.1376587 -0.3090544 1.511811,
  7.0183681 -0.59704724 1.511811,6.8286043 -0.84435231 1.511811,
  6.5812992 -1.0341162 1.511811,6.2933064 -1.1534067 1.511811,
  5.984252 -1.1940945 1.511811,5.6751976 -1.1534067 1.511811,
  5.3872047 -1.0341162 1.511811,5.1398997 -0.84435231 1.511811,
  4.9501358 -0.59704724 1.511811,4.8308453 -0.3090544 1.511811,
  4.7901575 0 1.511811,4.8308453 0.3090544 1.511811,
  4.9501358 0.59704724 1.511811,5.1398997 0.84435231 1.511811,
  5.3872047 1.0341162 1.511811,5.6751976 1.1534067 1.511811,
  5.984252 1.1940945 1.511811,6.2933064 1.1534067 1.511811,
  6.5812992 1.0341162 1.511811,6.8286043 0.84435231 1.511811,
  7.0183681 0.59704724 1.511811,7.1376587 0.3090544 1.511811] }
 coordIndex [
  34,13,14,-1,34,14,15,-1,34,15,33,-1,32,15,16,-1,32,33,15,-1,31,16,17,-1,31,32,16,-1,35,13,34,-1,
  36,11,12,-1,36,12,13,-1,36,13,35,-1,30,17,18,-1,30,18,19,-1,30,31,17,-1,29,30,19,-1,37,11,36,-1,
  28,19,20,-1,28,29,19,-1,38,10,11,-1,38,11,37,-1,27,20,21,-1,27,28,20,-1,9,10,38,-1,39,9,38,-1,
  40,9,39,-1,22,25,26,-1,22,26,27,-1,22,27,21,-1,8,9,40,-1,23,25,22,-1,7,8,40,-1,7,40,41,-1,
  0,25,23,-1,0,24,25,-1,6,7,41,-1,6,41,42,-1,1,24,0,-1,1,47,24,-1,5,6,42,-1,5,42,43,-1,
  2,47,1,-1,2,46,47,-1,4,5,43,-1,4,43,44,-1,3,46,2,-1,3,44,45,-1,3,4,44,-1,3,45,46,-1]
  normalPerVertex TRUE
  normal DEF NORM_69 Normal { vector [
  0 0 1,0 0 1,
  0 0 1,0 0 1,
  0 0 1,0 0 1,
  0 0 1,0 0 1,
  0 0 1,0 0 1,
  0 0 1,0 0 1,
  0 0 1,0 0 1,
  0 0 1,0 0 1,
  0 0 1,0 0 1,
  0 0 1,0 0 1,
  0 0 1,0 0 1,
  0 0 1,0 0 1,
  0 0 1,0 0 1,
  0 0 1,0 0 1,
  0 0 1,0 0 1,
  0 0 1,0 0 1,
  0 0 1,0 0 1,
  0 0 1,0 0 1,
  0 0 1,0 0 1,
  0 0 1,0 0 1,
  0 0 1,0 0 1,
  0 0 1,0 0 1,
  0 0 1,0 0 1,
  0 0 1,0 0 1] }
}
}
DEF SHAPE_70 Shape {
 appearance USE APP_2
 geometry DEF FACE_70 IndexedFaceSet {
  coord DEF COORD_70 Coordinate { point [
  7.1783465 0 1.511811,7.1376587 -0.3090544 1.511811,
  7.0183681 -0.59704724 1.511811,6.8286043 -0.84435231 1.511811,
  6.5812992 -1.0341162 1.511811,6.2933064 -1.1534067 1.511811,
  5.984252 -1.1940945 1.511811,5.6751976 -1.1534067 1.511811,
  5.3872047 -1.0341162 1.511811,5.1398997 -0.84435231 1.511811,
  4.9501358 -0.59704724 1.511811,4.8308453 -0.3090544 1.511811,
  4.7901575 0 1.511811,4.8308453 0.3090544 1.511811,
  4.9501358 0.59704724 1.511811,5.1398997 0.84435231 1.511811,
  5.3872047 1.0341162 1.511811,5.6751976 1.1534067 1.511811,
  5.984252 1.1940945 1.511811,6.2933064 1.1534067 1.511811,
  6.5812992 1.0341162 1.511811,6.8286043 0.84435231 1.511811,
  7.0183681 0.59704724 1.511811,7.1376587 0.3090544 1.511811,
  7.1783465 0 1.511811,7.1783465 0 1.4330709,
  7.1783465 0 1.4330709,7.1376587 -0.3090544 1.4330709,
  7.0183681 -0.59704724 1.4330709,6.8286043 -0.84435231 1.4330709,
  6.5812992 -1.0341162 1.4330709,6.2933064 -1.1534067 1.4330709,
  5.984252 -1.1940945 1.4330709,5.6751976 -1.1534067 1.4330709,
  5.3872047 -1.0341162 1.4330709,5.1398997 -0.84435231 1.4330709,
  4.9501358 -0.59704724 1.4330709,4.8308453 -0.3090544 1.4330709,
  4.7901575 0 1.4330709,4.8308453 0.3090544 1.4330709,
  4.9501358 0.59704724 1.4330709,5.1398997 0.84435231 1.4330709,
  5.3872047 1.0341162 1.4330709,5.6751976 1.1534067 1.4330709,
  5.984252 1.1940945 1.4330709,6.2933064 1.1534067 1.4330709,
  6.5812992 1.0341162 1.4330709,6.8286043 0.84435231 1.4330709,
  7.0183681 0.59704724 1.4330709,7.1376587 0.3090544 1.4330709] }
 coordIndex [
  27,1,0,-1,27,0,26,-1,28,2,1,-1,28,1,27,-1,29,3,2,-1,29,2,28,-1,30,4,3,-1,30,3,29,-1,
  31,5,4,-1,31,4,30,-1,32,6,5,-1,32,5,31,-1,33,7,6,-1,33,6,32,-1,34,8,7,-1,34,7,33,-1,
  35,9,8,-1,35,8,34,-1,36,10,9,-1,36,9,35,-1,37,11,10,-1,37,10,36,-1,38,11,37,-1,38,12,11,-1,
  38,13,12,-1,39,13,38,-1,40,13,39,-1,40,14,13,-1,41,15,14,-1,41,14,40,-1,42,15,41,-1,42,16,15,-1,
  43,17,16,-1,43,16,42,-1,44,18,17,-1,44,17,43,-1,45,19,18,-1,45,18,44,-1,46,20,19,-1,46,19,45,-1,
  47,21,20,-1,47,20,46,-1,48,22,21,-1,48,21,47,-1,49,23,22,-1,49,22,48,-1,25,24,23,-1,25,23,49,-1]
  normalPerVertex TRUE
  normal DEF NORM_70 Normal { vector [
  -0.99144486 0.13052619 0,-0.95364993 0.30091828 0,
  -0.84327172 0.5374875 0,-0.67542593 0.73742784 0,
  -0.46155098 0.88711369 0,-0.21622209 0.9763442 0,
  0.04384197 0.99903848 0,0.30091828 0.95364993 0,
  0.5374875 0.84327172 0,0.73742784 0.67542593 0,
  0.88711369 0.46155098 0,0.9763442 0.21622209 0,
  1 0 0,0.96592583 -0.25881905 0,
  0.84327172 -0.5374875 0,0.67542593 -0.73742784 0,
  0.46155098 -0.88711369 0,0.21622209 -0.9763442 0,
  -0.04384197 -0.99903848 0,-0.30091828 -0.95364993 0,
  -0.5374875 -0.84327172 0,-0.73742784 -0.67542593 0,
  -0.88711369 -0.46155098 0,-0.9763442 -0.21622209 0,
  -0.99144486 -0.13052619 0,-0.99144486 -0.13052619 0,
  -0.99144486 0.13052619 0,-0.9763442 0.21622209 0,
  -0.88711369 0.46155098 0,-0.73742784 0.67542593 0,
  -0.5374875 0.84327172 0,-0.30091828 0.95364993 0,
  -0.04384197 0.99903848 0,0.21622209 0.9763442 0,
  0.46155098 0.88711369 0,0.67542593 0.73742784 0,
  0.84327172 0.5374875 0,0.95364993 0.30091828 0,
  1 0 0,0.96592583 -0.25881905 0,
  0.88711369 -0.46155098 0,0.73742784 -0.67542593 0,
  0.5374875 -0.84327172 0,0.30091828 -0.95364993 0,
  0.04384197 -0.99903848 0,-0.21622209 -0.9763442 0,
  -0.46155098 -0.88711369 0,-0.67542593 -0.73742784 0,
  -0.84327172 -0.5374875 0,-0.95364993 -0.30091828 0] }
}
}
DEF SHAPE_71 Shape {
 appearance USE APP_1
 geometry DEF FACE_71 IndexedFaceSet {
  coord DEF COORD_71 Coordinate { point [
  7.1783465 0 1.4330709,7.1376587 -0.3090544 1.4330709,
  7.0183681 -0.59704724 1.4330709,6.8286043 -0.84435231 1.4330709,
  6.5812992 -1.0341162 1.4330709,6.2933064 -1.1534067 1.4330709,
  5.984252 -1.1940945 1.4330709,5.6751976 -1.1534067 1.4330709,
  5.3872047 -1.0341162 1.4330709,5.1398997 -0.84435231 1.4330709,
  4.9501358 -0.59704724 1.4330709,4.8308453 -0.3090544 1.4330709,
  4.7901575 0 1.4330709,4.8308453 0.3090544 1.4330709,
  4.9501358 0.59704724 1.4330709,5.1398997 0.84435231 1.4330709,
  5.3872047 1.0341162 1.4330709,5.6751976 1.1534067 1.4330709,
  5.984252 1.1940945 1.4330709,6.2933064 1.1534067 1.4330709,
  6.5812992 1.0341162 1.4330709,6.8286043 0.84435231 1.4330709,
  7.0183681 0.59704724 1.4330709,7.1376587 0.3090544 1.4330709] }
 coordIndex [
  6,8,7,-1,13,10,9,-1,13,11,10,-1,13,12,11,-1,3,5,4,-1,3,6,5,-1,3,8,6,-1,16,15,14,-1,
  1,3,2,-1,18,17,16,-1,0,3,1,-1,20,19,18,-1,22,9,8,-1,22,0,23,-1,22,13,9,-1,22,8,3,-1,
  22,3,0,-1,21,14,13,-1,21,18,16,-1,21,13,22,-1,21,16,14,-1,21,20,18,-1]
  normalPerVertex TRUE
  normal DEF NORM_71 Normal { vector [
  0 0 1,0 0 1,
  0 0 1,0 0 1,
  0 0 1,0 0 1,
  0 0 1,0 0 1,
  0 0 1,0 0 1,
  0 0 1,0 0 1,
  0 0 1,0 0 1,
  0 0 1,0 0 1,
  0 0 1,0 0 1,
  0 0 1,0 0 1,
  0 0 1,0 0 1,
  0 0 1,0 0 1] }
}
}
] }
] }
] }
