#VRML V2.0 utf8
DEF TXFM_1 Transform {
  center 0 0 0
  rotation 0 0 1 0
  scale 1 1 1
  scaleOrientation 0 0 1 0
  translation 0 0 0
 children [
DEF TXFM_2 Transform {
  center 0 0 0
  rotation 0 0 1 0
  scale 1 1 1
  scaleOrientation 0 0 1 0
  translation 0 0 0
 children [
DEF TXFM_3 Transform {
  center 0 0 0
  rotation 0 0 1 0
  scale 1 1 1
  scaleOrientation 0 0 1 0
  translation 0 0 0
 children [
DEF SHAPE_1 Shape {
 appearance DEF APP_1 Appearance {
  material Material {
   ambientIntensity 0.122244
   diffuseColor 0.824 0.81999999 0.78100002
   emissiveColor 0 0 0
   shininess 0.1
   specularColor 0.12 0.12 0.12
   transparency 0
} }
 geometry DEF FACE_1 IndexedFaceSet {
  coord DEF COORD_1 Coordinate { point [
  -1.2401575 0 0.74931816,-1.2125073 0.26037673 0.74931816,
  -1.1301331 0.51067379 0.74931816,-0.99610569 0.73876576 0.74931816,
  -0.81630595 0.93361627 0.74931816,-0.59900131 1.085903 0.74931816,
  -0.35428365 1.188474 0.74931816,-0.093478381 1.2366282 0.74931816,
  0.1714321 1.2282497 0.74931816,0.42835961 1.1638282 0.74931816,
  0.6656359 1.0463859 0.74931816,0.87251143 0.88131977 0.74931816,
  1.039619 0.67615954 0.74931816,1.1593874 0.44023971 0.74931816,
  1.2263838 0.18428976 0.74931816,1.2375663 -0.080046254 0.74931816,
  1.192427 -0.34073968 0.74931816,1.0930158 -0.58592905 0.74931816,
  0.94384416 -0.80446229 0.74931816,0.75167352 -0.98639971 0.74931816,
  0.52520659 -1.1234537 0.74931816,0.27469904 -1.2093497 0.74931816,
  0.011513591 -1.2401026 0.74931816,-0.25236627 -1.2142071 0.74931816,
  -0.50485184 -1.1327453 0.74931816,-0.73429021 -0.9994044 0.74931816,
  -0.93003113 -0.82039146 0.74931816,-1.083015 -0.60421444 0.74931816,
  -1.1863549 -0.36129784 0.74931816,-1.2266952 -0.18218649 0.74931816,
  -1.2401575 0 0.74931816,-1.2401575 0 0.42125984,
  -1.2401575 0 0.42125984,-1.1979001 0.32097637 0.42125984,
  -1.0740079 0.62007874 0.42125984,-0.87692376 0.87692376 0.42125984,
  -0.62007874 1.0740079 0.42125984,-0.32097637 1.1979001 0.42125984,
  0 1.2401575 0.42125984,0.32097637 1.1979001 0.42125984,
  0.62007874 1.0740079 0.42125984,0.87692376 0.87692376 0.42125984,
  1.0740079 0.62007874 0.42125984,1.1979001 0.32097637 0.42125984,
  1.2401575 0 0.42125984,1.1979001 -0.32097637 0.42125984,
  1.0740079 -0.62007874 0.42125984,0.87692376 -0.87692376 0.42125984,
  0.62007874 -1.0740079 0.42125984,0.32097637 -1.1979001 0.42125984,
  0 -1.2401575 0.42125984,-0.32097637 -1.1979001 0.42125984,
  -0.62007874 -1.0740079 0.42125984,-0.87692376 -0.87692376 0.42125984,
  -1.0740079 -0.62007874 0.42125984,-1.1979001 -0.32097637 0.42125984] }
 coordIndex [
  29,30,31,-1,29,31,55,-1,28,55,54,-1,28,29,55,-1,27,28,54,-1,26,54,53,-1,26,27,54,-1,25,53,52,-1,
  25,26,53,-1,24,52,51,-1,24,25,52,-1,23,51,50,-1,23,24,51,-1,22,23,50,-1,21,50,49,-1,21,22,50,-1,
  20,49,48,-1,20,21,49,-1,19,48,47,-1,19,20,48,-1,18,47,46,-1,18,19,47,-1,17,18,46,-1,17,46,45,-1,
  16,17,45,-1,15,16,45,-1,15,45,44,-1,14,15,44,-1,14,44,43,-1,13,14,43,-1,13,43,42,-1,12,13,42,-1,
  12,42,41,-1,11,12,41,-1,10,11,41,-1,10,41,40,-1,9,10,40,-1,9,40,39,-1,8,9,39,-1,8,39,38,-1,
  7,38,37,-1,7,8,38,-1,6,37,36,-1,6,7,37,-1,5,6,36,-1,4,36,35,-1,4,5,36,-1,3,35,34,-1,
  3,4,35,-1,2,34,33,-1,2,3,34,-1,1,33,32,-1,1,2,33,-1,0,1,32,-1]
  normalPerVertex TRUE
  normal DEF NORM_1 Normal { vector [
  -0.99440876 0.10559936 0,-0.98364186 0.18011258 -0.002855566,
  -0.91609616 0.40095861 -0.00012747757,-0.79939521 0.60080544 0.0003481476,
  -0.63967284 0.76864614 -0.0013304142,-0.48300296 0.87561843 -0.00071679123,
  -0.32300106 0.9463888 -0.0043083069,-0.09643483 0.99533891 -0.0008767093,
  0.13526105 0.99080988 0.00047399358,0.359633 0.9330938 -0.00026167288,
  0.56465161 0.82532357 -0.0030914331,0.70352828 0.71066727 -6.0632916e-05,
  0.82175924 0.56983002 -0.0023440391,0.93078435 0.36556872 2.4682429e-05,
  0.98990724 0.14171649 0.00028915313,0.99596548 -0.089723588 -0.0015648418,
  0.96151753 -0.27474311 -0.00050991244,0.89859132 -0.43876757 -0.0040822504,
  0.77359776 -0.63367649 -0.00077929037,0.6071011 -0.79462448 0.00043352028,
  0.40802289 -0.91297159 -0.00044400369,0.18702196 -0.98234979 -0.0034163079,
  0.0092155616 -0.99995752 -0.00015600128,-0.17589203 -0.98440749 -0.0019724072,
  -0.39785488 -0.91744833 0.0002395547,-0.59843483 -0.80117141 0.00035409703,
  -0.76680341 -0.6418799 -0.0016494195,-0.87312844 -0.48749008 -0.00039840435,
  -0.93752231 -0.34786374 -0.0065371683,-0.99014999 -0.13940688 -0.012989582,
  -0.99728103 -0.073692185 0,-0.99371879 -0.11004325 -0.020333671,
  -0.99278657 0.11938232 -0.011076131,-0.96148087 0.27453754 -0.013552753,
  -0.86479574 0.50186938 -0.015983109,-0.71527826 0.69868481 -0.014715752,
  -0.49232791 0.87034594 -0.010543595,-0.23637338 0.9716001 -0.010994116,
  0.0092375396 0.99984188 -0.015195006,0.25423466 0.96701361 -0.015793148,
  0.48369596 0.87514312 -0.012756819,0.70545632 0.70867208 -0.010735655,
  0.87369132 0.48628711 -0.01372285,0.96623805 0.2571543 -0.015990262,
  0.99981752 0.012336559 -0.014585702,0.96391787 -0.26598542 -0.010681651,
  0.8547663 -0.51888543 -0.011510085,0.70135642 -0.7126436 -0.015435922,
  0.50514314 -0.86289313 -0.015679922,0.27807157 -0.96048201 -0.01226844,
  0.0041548479 -0.99993475 -0.010641449,-0.27296873 -0.96192154 -0.013965199,
  -0.50065893 -0.8654974 -0.015964991,-0.69775283 -0.71619368 -0.014408234,
  -0.86919595 -0.49435142 -0.010727572,-0.96807242 -0.25012462 -0.016536847] }
}
}
DEF SHAPE_2 Shape {
 appearance USE APP_1
 geometry DEF FACE_2 IndexedFaceSet {
  coord DEF COORD_2 Coordinate { point [
  -1.2401575 0 0.42125984,-1.1979001 0.32097637 0.42125984,
  -1.0740079 0.62007874 0.42125984,-0.87692376 0.87692376 0.42125984,
  -0.62007874 1.0740079 0.42125984,-0.32097637 1.1979001 0.42125984,
  0 1.2401575 0.42125984,0.32097637 1.1979001 0.42125984,
  0.62007874 1.0740079 0.42125984,0.87692376 0.87692376 0.42125984,
  1.0740079 0.62007874 0.42125984,1.1979001 0.32097637 0.42125984,
  1.2401575 0 0.42125984,1.1979001 -0.32097637 0.42125984,
  1.0740079 -0.62007874 0.42125984,0.87692376 -0.87692376 0.42125984,
  0.62007874 -1.0740079 0.42125984,0.32097637 -1.1979001 0.42125984,
  0 -1.2401575 0.42125984,-0.32097637 -1.1979001 0.42125984,
  -0.62007874 -1.0740079 0.42125984,-0.87692376 -0.87692376 0.42125984,
  -1.0740079 -0.62007874 0.42125984,-1.1979001 -0.32097637 0.42125984,
  -1.2401575 0 0.42125984,-1.2345232 0 0.37846299,
  -1.2180042 0 0.33858268,-1.1917263 0 0.30433667,
  -1.1574803 0 0.27805879,-1.1176 0 0.26153982,
  -1.0748031 0 0.25590551,-1.0748031 0 0.25590551,
  -1.0381801 0.27817952 0.25590551,-0.93080683 0.53740157 0.25590551,
  -0.7600006 0.7600006 0.25590551,-0.53740157 0.93080683 0.25590551,
  -0.27817952 1.0381801 0.25590551,0 1.0748031 0.25590551,
  0.27817952 1.0381801 0.25590551,0.53740157 0.93080683 0.25590551,
  0.7600006 0.7600006 0.25590551,0.93080683 0.53740157 0.25590551,
  1.0381801 0.27817952 0.25590551,1.0748031 0 0.25590551,
  1.0381801 -0.27817952 0.25590551,0.93080683 -0.53740157 0.25590551,
  0.7600006 -0.7600006 0.25590551,0.53740157 -0.93080683 0.25590551,
  0.27817952 -1.0381801 0.25590551,0 -1.0748031 0.25590551,
  -0.27817952 -1.0381801 0.25590551,-0.53740157 -0.93080683 0.25590551,
  -0.7600006 -0.7600006 0.25590551,-0.93080683 -0.53740157 0.25590551,
  -1.0381801 -0.27817952 0.25590551,-1.2345232 0 0.37846299,
  -1.2180042 0 0.33858268,-1.1917263 0 0.30433667,
  -1.1574803 0 0.27805879,-1.1176 0 0.26153982,
  -1.1924578 0.31951811 0.37846299,-1.1765017 0.31524268 0.33858268,
  -1.1511192 0.30844147 0.30433667,-1.1180401 0.29957795 0.27805879,
  -1.0795187 0.28925616 0.26153982,-1.0691284 0.61726158 0.37846299,
  -1.0548226 0.6090021 0.33858268,-1.0320653 0.59586316 0.30433667,
  -1.0024074 0.57874016 0.27805879,-0.96786999 0.5588 0.26153982,
  -0.8729397 0.8729397 0.37846299,-0.86125903 0.86125903 0.33858268,
  -0.84267776 0.84267776 0.30433667,-0.81846218 0.81846218 0.27805879,
  -0.79026254 0.79026254 0.26153982,-0.61726158 1.0691284 0.37846299,
  -0.6090021 1.0548226 0.33858268,-0.59586316 1.0320653 0.30433667,
  -0.57874016 1.0024074 0.27805879,-0.5588 0.96786999 0.26153982,
  -0.31951811 1.1924578 0.37846299,-0.31524268 1.1765017 0.33858268,
  -0.30844147 1.1511192 0.30433667,-0.29957795 1.1180401 0.27805879,
  -0.28925616 1.0795187 0.26153982,0 1.2345232 0.37846299,
  0 1.2180042 0.33858268,0 1.1917263 0.30433667,
  0 1.1574803 0.27805879,0 1.1176 0.26153982,
  0.31951811 1.1924578 0.37846299,0.31524268 1.1765017 0.33858268,
  0.30844147 1.1511192 0.30433667,0.29957795 1.1180401 0.27805879,
  0.28925616 1.0795187 0.26153982,0.61726158 1.0691284 0.37846299,
  0.6090021 1.0548226 0.33858268,0.59586316 1.0320653 0.30433667,
  0.57874016 1.0024074 0.27805879,0.5588 0.96786999 0.26153982,
  0.8729397 0.8729397 0.37846299,0.86125903 0.86125903 0.33858268,
  0.84267776 0.84267776 0.30433667,0.81846218 0.81846218 0.27805879,
  0.79026254 0.79026254 0.26153982,1.0691284 0.61726158 0.37846299,
  1.0548226 0.6090021 0.33858268,1.0320653 0.59586316 0.30433667,
  1.0024074 0.57874016 0.27805879,0.96786999 0.5588 0.26153982,
  1.1924578 0.31951811 0.37846299,1.1765017 0.31524268 0.33858268,
  1.1511192 0.30844147 0.30433667,1.1180401 0.29957795 0.27805879,
  1.0795187 0.28925616 0.26153982,1.2345232 0 0.37846299,
  1.2180042 0 0.33858268,1.1917263 0 0.30433667,
  1.1574803 0 0.27805879,1.1176 0 0.26153982,
  1.1924578 -0.31951811 0.37846299,1.1765017 -0.31524268 0.33858268,
  1.1511192 -0.30844147 0.30433667,1.1180401 -0.29957795 0.27805879,
  1.0795187 -0.28925616 0.26153982,1.0691284 -0.61726158 0.37846299,
  1.0548226 -0.6090021 0.33858268,1.0320653 -0.59586316 0.30433667,
  1.0024074 -0.57874016 0.27805879,0.96786999 -0.5588 0.26153982,
  0.8729397 -0.8729397 0.37846299,0.86125903 -0.86125903 0.33858268,
  0.84267776 -0.84267776 0.30433667,0.81846218 -0.81846218 0.27805879,
  0.79026254 -0.79026254 0.26153982,0.61726158 -1.0691284 0.37846299,
  0.6090021 -1.0548226 0.33858268,0.59586316 -1.0320653 0.30433667,
  0.57874016 -1.0024074 0.27805879,0.5588 -0.96786999 0.26153982,
  0.31951811 -1.1924578 0.37846299,0.31524268 -1.1765017 0.33858268,
  0.30844147 -1.1511192 0.30433667,0.29957795 -1.1180401 0.27805879,
  0.28925616 -1.0795187 0.26153982,0 -1.2345232 0.37846299,
  0 -1.2180042 0.33858268,0 -1.1917263 0.30433667,
  0 -1.1574803 0.27805879,0 -1.1176 0.26153982,
  -0.31951811 -1.1924578 0.37846299,-0.31524268 -1.1765017 0.33858268,
  -0.30844147 -1.1511192 0.30433667,-0.29957795 -1.1180401 0.27805879,
  -0.28925616 -1.0795187 0.26153982,-0.61726158 -1.0691284 0.37846299,
  -0.6090021 -1.0548226 0.33858268,-0.59586316 -1.0320653 0.30433667,
  -0.57874016 -1.0024074 0.27805879,-0.5588 -0.96786999 0.26153982,
  -0.8729397 -0.8729397 0.37846299,-0.86125903 -0.86125903 0.33858268,
  -0.84267776 -0.84267776 0.30433667,-0.81846218 -0.81846218 0.27805879,
  -0.79026254 -0.79026254 0.26153982,-1.0691284 -0.61726158 0.37846299,
  -1.0548226 -0.6090021 0.33858268,-1.0320653 -0.59586316 0.30433667,
  -1.0024074 -0.57874016 0.27805879,-0.96786999 -0.5588 0.26153982,
  -1.1924578 -0.31951811 0.37846299,-1.1765017 -0.31524268 0.33858268,
  -1.1511192 -0.30844147 0.30433667,-1.1180401 -0.29957795 0.27805879,
  -1.0795187 -0.28925616 0.26153982] }
 coordIndex [
  25,23,24,-1,60,0,1,-1,60,55,0,-1,61,56,55,-1,61,55,60,-1,62,56,61,-1,62,57,56,-1,63,58,57,-1,
  63,57,62,-1,64,32,31,-1,64,59,58,-1,64,31,59,-1,64,58,63,-1,65,1,2,-1,65,60,1,-1,66,60,65,-1,
  66,61,60,-1,67,62,61,-1,67,61,66,-1,68,62,67,-1,68,63,62,-1,69,64,63,-1,69,33,32,-1,69,34,33,-1,
  69,63,68,-1,69,32,64,-1,70,2,3,-1,70,65,2,-1,71,65,70,-1,71,66,65,-1,72,67,66,-1,72,66,71,-1,
  73,69,68,-1,73,67,72,-1,73,68,67,-1,74,34,69,-1,74,69,73,-1,75,3,4,-1,75,70,3,-1,76,71,70,-1,
  76,70,75,-1,77,72,71,-1,77,71,76,-1,78,73,72,-1,78,72,77,-1,79,35,34,-1,79,36,35,-1,79,34,74,-1,
  79,73,78,-1,79,74,73,-1,80,4,5,-1,80,75,4,-1,81,76,75,-1,81,75,80,-1,82,77,76,-1,82,76,81,-1,
  83,78,77,-1,83,79,78,-1,83,77,82,-1,84,36,79,-1,84,79,83,-1,85,5,6,-1,85,6,7,-1,85,80,5,-1,
  86,81,80,-1,86,80,85,-1,87,82,81,-1,87,81,86,-1,88,83,82,-1,88,82,87,-1,89,36,84,-1,89,37,36,-1,
  89,84,83,-1,89,83,88,-1,90,85,7,-1,90,86,85,-1,91,86,90,-1,91,87,86,-1,92,87,91,-1,93,88,87,-1,
  93,87,92,-1,94,89,88,-1,94,88,93,-1,94,38,37,-1,94,37,89,-1,95,90,7,-1,95,7,8,-1,95,8,9,-1,
  96,92,91,-1,96,90,95,-1,96,91,90,-1,97,92,96,-1,98,93,92,-1,98,92,97,-1,99,94,93,-1,99,38,94,-1,
  99,93,98,-1,99,39,38,-1,100,95,9,-1,100,96,95,-1,101,96,100,-1,102,98,97,-1,102,96,101,-1,102,97,96,-1,
  103,98,102,-1,104,98,103,-1,104,99,98,-1,104,39,99,-1,104,40,39,-1,105,9,10,-1,105,10,11,-1,105,100,9,-1,
  106,100,105,-1,106,101,100,-1,106,102,101,-1,107,103,102,-1,107,102,106,-1,108,103,107,-1,109,41,40,-1,109,104,103,-1,
  109,40,104,-1,109,103,108,-1,110,11,12,-1,110,105,11,-1,111,105,110,-1,111,106,105,-1,112,107,106,-1,112,106,111,-1,
  113,108,107,-1,113,107,112,-1,114,42,41,-1,114,41,109,-1,114,109,108,-1,114,108,113,-1,115,110,12,-1,115,111,110,-1,
  116,112,111,-1,116,111,115,-1,117,112,116,-1,118,113,112,-1,118,114,113,-1,118,112,117,-1,119,43,42,-1,119,42,114,-1,
  119,114,118,-1,120,12,13,-1,120,115,12,-1,121,116,115,-1,121,115,120,-1,122,116,121,-1,122,117,116,-1,123,117,122,-1,
  123,118,117,-1,124,118,123,-1,124,44,43,-1,124,43,119,-1,124,119,118,-1,125,13,14,-1,125,14,15,-1,125,120,13,-1,
  125,121,120,-1,126,121,125,-1,127,121,126,-1,127,122,121,-1,128,123,122,-1,128,124,123,-1,128,122,127,-1,129,124,128,-1,
  129,45,44,-1,129,44,124,-1,130,125,15,-1,130,126,125,-1,131,126,130,-1,131,127,126,-1,132,127,131,-1,133,129,128,-1,
  133,128,127,-1,133,127,132,-1,134,45,129,-1,134,129,133,-1,134,46,45,-1,135,15,16,-1,135,130,15,-1,136,131,130,-1,
  136,130,135,-1,137,132,131,-1,137,131,136,-1,138,133,132,-1,138,132,137,-1,139,134,133,-1,139,46,134,-1,139,133,138,-1,
  139,47,46,-1,140,16,17,-1,140,135,16,-1,141,135,140,-1,141,136,135,-1,142,137,136,-1,142,136,141,-1,143,138,137,-1,
  143,137,142,-1,144,48,47,-1,144,49,48,-1,144,138,143,-1,144,139,138,-1,144,47,139,-1,145,17,18,-1,145,140,17,-1,
  145,141,140,-1,146,141,145,-1,147,142,141,-1,147,143,142,-1,147,141,146,-1,148,143,147,-1,149,49,144,-1,149,144,143,-1,
  149,143,148,-1,150,18,19,-1,150,146,145,-1,150,145,18,-1,151,146,150,-1,152,147,146,-1,152,148,147,-1,152,146,151,-1,
  153,148,152,-1,154,50,49,-1,154,49,149,-1,154,149,148,-1,154,148,153,-1,155,19,20,-1,155,150,19,-1,156,150,155,-1,
  156,151,150,-1,157,151,156,-1,157,152,151,-1,157,153,152,-1,158,153,157,-1,159,153,158,-1,159,51,50,-1,159,50,154,-1,
  159,154,153,-1,160,20,21,-1,160,155,20,-1,160,156,155,-1,161,156,160,-1,162,157,156,-1,162,158,157,-1,162,156,161,-1,
  163,158,162,-1,164,159,158,-1,164,158,163,-1,164,52,51,-1,164,51,159,-1,165,21,22,-1,165,22,23,-1,165,160,21,-1,
  166,161,160,-1,166,160,165,-1,167,161,166,-1,167,162,161,-1,168,162,167,-1,168,163,162,-1,169,164,163,-1,169,52,164,-1,
  169,163,168,-1,169,53,52,-1,170,165,23,-1,170,23,25,-1,171,167,166,-1,171,25,26,-1,171,26,27,-1,171,166,165,-1,
  171,170,25,-1,171,165,170,-1,172,171,27,-1,172,168,167,-1,172,167,171,-1,173,27,28,-1,173,172,27,-1,173,168,172,-1,
  174,28,29,-1,174,29,30,-1,174,169,168,-1,174,53,169,-1,174,173,28,-1,174,54,53,-1,174,168,173,-1,174,30,54,-1]
  normalPerVertex TRUE
  normal DEF NORM_2 Normal { vector [
  -0.9831056 0.12942831 -0.12942831,-0.94554634 0.29822311 -0.13040357,
  -0.83614181 0.5327868 -0.13040357,-0.6697556 0.73104196 -0.13040357,
  -0.45772665 0.87947781 -0.13040357,-0.21450438 0.96797871 -0.13040357,
  0 0.99144486 -0.13052619,0.25660481 0.9576622 -0.13052619,
  0.49572243 0.85861644 -0.13052619,0.70105738 0.70105738 -0.13052619,
  0.85861644 0.49572243 -0.13052619,0.94554634 0.29822311 -0.13040357,
  0.99144486 0 -0.13052619,0.94554634 -0.29822311 -0.13040357,
  0.85861644 -0.49572243 -0.13052619,0.70105738 -0.70105738 -0.13052619,
  0.45772665 -0.87947781 -0.13040357,0.21450438 -0.96797871 -0.13040357,
  -0.043336001 -0.99051345 -0.13040357,-0.29822311 -0.94554634 -0.13040357,
  -0.5327868 -0.83614181 -0.13040357,-0.73104196 -0.6697556 -0.13040357,
  -0.85861644 -0.49572243 -0.13052619,-0.9576622 -0.25660481 -0.13052619,
  -0.9831056 -0.12942831 -0.12942831,-0.95835853 -0.12617029 -0.25618349,
  -0.86045084 -0.1132805 -0.49678152,-0.7052303 -0.092845331 -0.70287265,
  -0.46159892 -0.06077065 -0.88500473,-0.25866892 -0.03405441 -0.96536557,
  -0.13050692 -0.017181563 -0.99129851,-0.13050692 0.017181563 -0.99129851,
  -0.12455511 0.039459787 -0.99142773,-0.113039 0.065263096 -0.99144486,
  -0.092295956 0.092295956 -0.99144486,-0.065263096 0.113039 -0.99144486,
  -0.033782664 0.12607862 -0.99144486,0.0058779935 0.13052394 -0.99142773,
  0.039459787 0.12455511 -0.99142773,0.07035246 0.11009805 -0.99142773,
  0.09645073 0.088137992 -0.99142773,0.11597604 0.060171477 -0.99142773,
  0.12759778 0.028104375 -0.99142773,0.13052394 -0.0058779935 -0.99142773,
  0.12455511 -0.039459787 -0.99142773,0.11009805 -0.07035246 -0.99142773,
  0.088137992 -0.09645073 -0.99142773,0.060171477 -0.11597604 -0.99142773,
  0.033782664 -0.12607862 -0.99144486,0 -0.13052619 -0.99144486,
  -0.039459787 -0.12455511 -0.99142773,-0.07035246 -0.11009805 -0.99142773,
  -0.09645073 -0.088137992 -0.99142773,-0.11597604 -0.060171477 -0.99142773,
  -0.12607862 -0.033782664 -0.99144486,-0.94633678 0.1245876 -0.29820231,
  -0.83845722 0.11038499 -0.53367092,-0.67338855 0.088653285 -0.73395399,
  -0.46159892 0.06077065 -0.88500473,-0.25866892 0.03405441 -0.96536557,
  -0.93359403 0.24821794 -0.25843768,-0.83780233 0.22081368 -0.49932813,
  -0.6850253 0.1785154 -0.70630913,-0.48560584 0.1242183 -0.86530733,
  -0.25448839 0.056228486 -0.9654398,-0.83753906 0.48139203 -0.25843768,
  -0.75210412 0.43012884 -0.49932813,-0.61548045 0.34973023 -0.70630913,
  -0.4612685 0.24721537 -0.85212436,-0.2261813 0.13058583 -0.96529237,
  -0.68440718 0.68176006 -0.25843768,-0.61515126 0.61013142 -0.49932813,
  -0.50399162 0.49711152 -0.70630913,-0.35149054 0.33458457 -0.87436123,
  -0.1830127 0.1830127 -0.96592583,-0.48463409 0.83566726 -0.25843768,
  -0.43627685 0.74855456 -0.49932813,-0.35815659 0.61061549 -0.70630913,
  -0.27586255 0.44472905 -0.85212436,-0.13058583 0.2261813 -0.96529237,
  -0.25183398 0.93262512 -0.25843768,-0.2276709 0.83596494 -0.49932813,
  -0.18791378 0.68250702 -0.70630913,-0.13710745 0.46550401 -0.87436123,
  -0.066987298 0.25 -0.96592583,0 0.97637297 -0.21609218,
  0 0.88729557 -0.46120122,0.011188693 0.7211518 -0.69268672,
  -0.0056983721 0.50120929 -0.86530733,-0.011553896 0.26036991 -0.9654398,
  0.24685331 0.92126911 -0.30054397,0.20068643 0.82892377 -0.522121,
  0.21312081 0.67540811 -0.70597691,0.1242183 0.48560584 -0.86530733,
  0.056228486 0.25448839 -0.9654398,0.48818648 0.84556379 -0.21609218,
  0.43330211 0.75050126 -0.49899613,0.35355339 0.61237244 -0.70710678,
  0.26486183 0.44478814 -0.85557684,0.12017899 0.23126391 -0.9654398,
  0.67441579 0.67441579 -0.30054397,0.61237244 0.61237244 -0.5,
  0.50201973 0.51784293 -0.69268672,0.36992775 0.33872822 -0.86511078,
  0.17593949 0.19227917 -0.9654398,0.84919602 0.47031184 -0.2401518,
  0.73313294 0.44386653 -0.51526555,0.58547688 0.33802524 -0.73685532,
  0.41859592 0.23027103 -0.87849457,0.21971001 0.14019092 -0.9654398,
  0.94579875 0.22608632 -0.23313021,0.85706171 0.22964899 -0.46120122,
  0.699475 0.17584037 -0.69268672,0.50097375 0.15135842 -0.85212436,
  0.26870823 0.074453263 -0.96033983,0.95376796 0 -0.30054397,
  0.84361261 0 -0.53695229,0.6886052 -0.015786295 -0.7249646,
  0.48512836 0.01195432 -0.87436123,0.23409337 0.0033583494 -0.97220832,
  0.94579875 -0.22608632 -0.23313021,0.84197172 -0.24083346 -0.48278657,
  0.6850253 -0.1785154 -0.70630913,0.50953521 -0.11940664 -0.85212436,
  0.26993479 -0.069875699 -0.96033983,0.84919602 -0.47031184 -0.2401518,
  0.74862876 -0.46084052 -0.47663507,0.61894143 -0.37026559 -0.69268672,
  0.44499208 -0.23144199 -0.86511078,0.22249999 -0.13538393 -0.96548689,
  0.67441579 -0.67441579 -0.30054397,0.5965242 -0.5965242 -0.53695229,
  0.47575481 -0.49808 -0.7249646,0.35149054 -0.33458457 -0.87436123,
  0.16790372 -0.1631543 -0.97220832,0.48463409 -0.83566726 -0.25843768,
  0.43627685 -0.74855456 -0.49932813,0.35815659 -0.61061549 -0.70630913,
  0.25553958 -0.43121079 -0.86530733,0.14019092 -0.21971001 -0.9654398,
  0.27710288 -0.93212891 -0.23313021,0.21241797 -0.84958563 -0.48278657,
  0.20850257 -0.69535434 -0.68775651,0.12722711 -0.50179831 -0.85557684,
  0.070081856 -0.23233413 -0.97010792,0.042239787 -0.96516563 -0.25820748,
  -0.037926666 -0.86578779 -0.49897202,0.031050411 -0.70755386 -0.70597691,
  -0.022061401 -0.50109544 -0.86511078,0.010446868 -0.2848533 -0.95851419,
  -0.23038826 -0.93302578 -0.27637681,-0.24066234 -0.81821226 -0.522121,
  -0.15313602 -0.69148099 -0.70597691,-0.15100272 -0.47831112 -0.86511078,
  -0.056228486 -0.25448839 -0.9654398,-0.46317335 -0.855056 -0.23313021,
  -0.45054557 -0.75094994 -0.48278657,-0.32688649 -0.62828483 -0.70597691,
  -0.26965345 -0.42293068 -0.86511078,-0.12017899 -0.23126391 -0.9654398,
  -0.66603498 -0.6928299 -0.27637681,-0.61752583 -0.58826143 -0.522121,
  -0.48023822 -0.5020958 -0.71921558,-0.34473408 -0.33076533 -0.87849457,
  -0.17593949 -0.19227917 -0.9654398,-0.84919602 -0.47031184 -0.2401518,
  -0.74862876 -0.46084052 -0.47663507,-0.63900497 -0.36892969 -0.67495446,
  -0.45177114 -0.25276691 -0.85557684,-0.21971001 -0.14019092 -0.9654398,
  -0.9330127 -0.25 -0.25881905,-0.83707539 -0.22429368 -0.49899613,
  -0.66105576 -0.19347253 -0.7249646,-0.50953521 -0.11940664 -0.85212436,
  -0.25227246 -0.067596202 -0.96529237] }
}
}
DEF SHAPE_3 Shape {
 appearance USE APP_1
 geometry DEF FACE_3 IndexedFaceSet {
  coord DEF COORD_3 Coordinate { point [
  -1.2401575 0 0.74931816,-1.2369151 0 0.7576793,
  -1.2288833 0 0.76166838,-1.2012332 0.25917695 0.76166838,
  -1.1188688 0.50821762 0.76166838,-0.98489477 0.73494703 0.76166838,
  -0.80524884 0.92829546 0.76166838,-0.58826955 1.0789303 0.76166838,
  -0.34412578 1.1797155 0.76166838,-0.08421774 1.2259928 0.76166838,
  0.17940695 1.215715 0.76166838,0.43461126 1.1494629 0.76166838,
  0.66970084 1.0303685 0.76166838,0.87392848 0.86395216 0.76166838,
  1.0379623 0.65787298 0.76166838,1.1543019 0.4215924 0.76166838,
  1.2176216 0.16595463 0.76166838,1.2250199 -0.097303928 0.76166838,
  1.1761578 -0.35609412 0.76166838,1.0732745 -0.59853372 0.76166838,
  0.92108107 -0.81349521 0.76166838,0.72653859 -0.99111152 0.76166838,
  0.49853721 -1.1232158 0.76166838,0.24749718 -1.2037006 0.76166838,
  -0.015087558 -1.2287893 0.76166838,-0.27714547 -1.1972225 0.76166838,
  -0.52655269 -1.1103573 0.76166838,-0.75168418 -0.97217627 0.76166838,
  -0.94199115 -0.78918747 0.76166838,-1.0885985 -0.57018542 0.76166838,
  -1.1848899 -0.32584006 0.76166838,-1.2178821 -0.16401682 0.76166838,
  -1.2288833 0 0.76166838,-1.2401575 0 0.74931816,
  -1.2369151 0 0.7576793,-1.2125073 0.26037673 0.74931816,
  -1.1301331 0.51067379 0.74931816,-0.99610569 0.73876576 0.74931816,
  -0.81630595 0.93361627 0.74931816,-0.59900131 1.085903 0.74931816,
  -0.35428365 1.188474 0.74931816,-0.093478381 1.2366282 0.74931816,
  0.1714321 1.2282497 0.74931816,0.42835961 1.1638282 0.74931816,
  0.6656359 1.0463859 0.74931816,0.87251143 0.88131977 0.74931816,
  1.039619 0.67615954 0.74931816,1.1593874 0.44023971 0.74931816,
  1.2263838 0.18428976 0.74931816,1.2375663 -0.080046254 0.74931816,
  1.192427 -0.34073968 0.74931816,1.0930158 -0.58592905 0.74931816,
  0.94384416 -0.80446229 0.74931816,0.75167352 -0.98639971 0.74931816,
  0.52520659 -1.1234537 0.74931816,0.27469904 -1.2093497 0.74931816,
  0.011513591 -1.2401026 0.74931816,-0.25236627 -1.2142071 0.74931816,
  -0.50485184 -1.1327453 0.74931816,-0.73429021 -0.9994044 0.74931816,
  -0.93003113 -0.82039146 0.74931816,-1.083015 -0.60421444 0.74931816,
  -1.1863549 -0.36129784 0.74931816,-1.2266952 -0.18218649 0.74931816,
  -1.0731573 0.61506021 0.7576793,-0.62068388 1.0699104 0.7576793,
  -0.00089249062 1.2369133 0.7576793,0.61833052 1.0712743 0.7576793,
  1.0712011 0.6184612 0.7576793,1.2369097 0 0.7576793,
  1.0712011 -0.6184612 0.7576793,0.61833052 -1.0712743 0.7576793,
  -0.62068388 -1.0699104 0.7576793,-1.230025 0.13032566 0.7576793,
  -1.2092108 0.26028345 0.7576793,-1.1747694 0.38711946 0.7576793,
  -1.1266805 0.51043916 0.7576793,-0.99241769 0.73829316 0.7576793,
  -0.90784282 0.84011246 0.7576793,-0.81234333 0.93277076 0.7576793,
  -0.59477658 1.0845262 0.7576793,-0.47533044 1.1419354 0.7576793,
  -0.34986765 1.1864014 0.7576793,-0.22098389 1.2170136 0.7576793,
  -0.089001578 1.2337076 0.7576793,0.17578308 1.2243589 0.7576793,
  0.30554796 1.1985805 0.7576793,0.43234995 1.1588917 0.7576793,
  0.66899476 1.0403889 0.7576793,0.77619575 0.96306114 0.7576793,
  0.87494796 0.87431982 0.7576793,0.96323139 0.77598636 0.7576793,
  1.0408415 0.66829372 0.7576793,1.1591246 0.431727 0.7576793,
  1.1985612 0.3056201 0.7576793,1.2244073 0.17542772 0.7576793,
  1.2337118 -0.088890823 0.7576793,1.2171922 -0.21998298 0.7576793,
  1.1866135 -0.34914584 0.7576793,1.1426021 -0.47373031 0.7576793,
  1.0852612 -0.59344188 0.7576793,0.93427502 -0.81061694 0.7576793,
  0.84245913 -0.90566607 0.7576793,0.74052975 -0.99074777 0.7576793,
  0.51283918 -1.1255906 0.7576793,0.38974054 -1.1739071 0.7576793,
  0.26156181 -1.2089417 0.7576793,0.13092839 -1.2299644 0.7576793,
  -0.00089249062 -1.2369133 0.7576793,-0.13405048 -1.2296285 0.7576793,
  -0.26534831 -1.2081168 0.7576793,-0.39303822 -1.1728071 0.7576793,
  -0.51679874 -1.123777 0.7576793,-0.74453987 -0.987735 0.7576793,
  -0.84592217 -0.90243021 0.7576793,-0.93795034 -0.80636087 0.7576793,
  -1.0187215 -0.70155241 0.7576793,-1.0731573 -0.61506021 0.7576793,
  -1.088044 -0.58832317 0.7576793,-1.1445168 -0.46907793 0.7576793,
  -1.1880548 -0.34419058 0.7576793,-1.2102854 -0.25524014 0.7576793,
  -1.2246933 -0.17340251 0.7576793,-1.2341499 -0.082620828 0.7576793] }
 coordIndex [
  64,4,5,-1,64,37,36,-1,65,6,7,-1,65,39,38,-1,66,9,10,-1,66,42,41,-1,67,11,12,-1,67,44,43,-1,
  68,14,15,-1,68,47,46,-1,69,16,17,-1,69,49,48,-1,70,19,20,-1,70,52,51,-1,71,21,22,-1,71,54,53,-1,
  72,26,27,-1,72,59,58,-1,73,0,1,-1,73,1,2,-1,73,2,3,-1,73,35,0,-1,74,35,73,-1,74,73,3,-1,
  75,3,4,-1,75,36,35,-1,75,74,3,-1,75,35,74,-1,76,36,75,-1,76,75,4,-1,76,4,64,-1,76,64,36,-1,
  77,64,5,-1,77,37,64,-1,78,5,6,-1,78,38,37,-1,78,37,77,-1,78,77,5,-1,79,6,65,-1,79,65,38,-1,
  79,38,78,-1,79,78,6,-1,80,65,7,-1,80,39,65,-1,81,7,8,-1,81,40,39,-1,81,39,80,-1,81,80,7,-1,
  82,81,8,-1,82,40,81,-1,83,8,9,-1,83,41,40,-1,83,40,82,-1,83,82,8,-1,84,41,83,-1,84,66,41,-1,
  84,9,66,-1,84,83,9,-1,85,66,10,-1,85,42,66,-1,86,85,10,-1,86,10,11,-1,86,43,42,-1,86,42,85,-1,
  87,67,43,-1,87,11,67,-1,87,86,11,-1,87,43,86,-1,88,44,67,-1,88,67,12,-1,89,44,88,-1,89,88,12,-1,
  89,12,13,-1,89,45,44,-1,90,89,13,-1,90,45,89,-1,91,90,13,-1,91,45,90,-1,91,13,14,-1,91,46,45,-1,
  92,91,14,-1,92,46,91,-1,92,14,68,-1,92,68,46,-1,93,47,68,-1,93,68,15,-1,94,15,16,-1,94,93,15,-1,
  94,47,93,-1,94,48,47,-1,95,16,69,-1,95,48,94,-1,95,94,16,-1,95,69,48,-1,96,69,17,-1,96,49,69,-1,
  97,17,18,-1,97,96,17,-1,97,49,96,-1,97,50,49,-1,98,50,97,-1,98,97,18,-1,99,18,19,-1,99,98,18,-1,
  99,50,98,-1,99,51,50,-1,100,51,99,-1,100,99,19,-1,100,19,70,-1,100,70,51,-1,101,70,20,-1,101,52,70,-1,
  102,20,21,-1,102,52,101,-1,102,101,20,-1,102,53,52,-1,103,102,21,-1,103,53,102,-1,103,71,53,-1,103,21,71,-1,
  104,71,22,-1,104,54,71,-1,105,22,23,-1,105,54,104,-1,105,104,22,-1,105,55,54,-1,106,105,23,-1,106,55,105,-1,
  107,23,24,-1,107,56,55,-1,107,106,23,-1,107,55,106,-1,107,108,56,-1,107,24,108,-1,109,24,25,-1,109,57,56,-1,
  109,56,108,-1,109,108,24,-1,110,109,25,-1,110,57,109,-1,111,25,26,-1,111,58,57,-1,111,57,110,-1,111,110,25,-1,
  112,72,58,-1,112,26,72,-1,112,111,26,-1,112,58,111,-1,113,59,72,-1,113,72,27,-1,114,27,28,-1,114,60,59,-1,
  114,59,113,-1,114,113,27,-1,115,114,28,-1,115,60,114,-1,116,117,61,-1,116,28,29,-1,116,29,117,-1,116,61,60,-1,
  116,115,28,-1,116,60,115,-1,118,61,117,-1,118,117,29,-1,119,29,30,-1,119,62,61,-1,119,61,118,-1,119,118,29,-1,
  120,119,30,-1,120,62,119,-1,121,30,31,-1,121,63,62,-1,121,62,120,-1,121,120,30,-1,122,121,31,-1,122,63,121,-1,
  123,31,32,-1,123,34,33,-1,123,32,34,-1,123,33,63,-1,123,63,122,-1,123,122,31,-1]
  normalPerVertex TRUE
  normal DEF NORM_3 Normal { vector [
  -0.98274909 0.086880486 -0.16326665,-0.73798661 0.039015839 0.67368652,
  -0.29958896 0.02656683 0.95369841,-0.29246035 0.063182008 0.95418813,
  -0.27065576 0.12228766 0.95487758,-0.24089408 0.17883598 0.95393277,
  -0.21881214 0.26076194 0.94027893,-0.14910571 0.27958105 0.94847347,
  -0.083549829 0.2852428 0.95480677,-0.022348681 0.29730301 0.95452159,
  0.042599248 0.30606829 0.95105599,0.11644194 0.2990915 0.94709321,
  0.1666778 0.25280931 0.95305087,0.21138894 0.20977467 0.95462522,
  0.2581305 0.16710407 0.95154867,0.30254784 0.11542337 0.94611957,
  0.30507196 0.04035475 0.95147391,0.29555059 -0.024368479 0.95501624,
  0.28545487 -0.085576882 0.95456383,0.28650158 -0.155342 0.9454024,
  0.26286756 -0.22253355 0.93881812,0.17760719 -0.24162993 0.95397624,
  0.12055463 -0.27062918 0.95510545,0.061023371 -0.29163214 0.95458203,
  -0.0025703119 -0.29785703 0.95460703,-0.066050911 -0.29037446 0.95463079,
  -0.12578364 -0.26932519 0.95479967,-0.18258644 -0.23939198 0.95360037,
  -0.22765644 -0.19247906 0.95452834,-0.2599708 -0.13775033 0.95574057,
  -0.308304 -0.096991552 0.94633043,-0.3720869 -0.050654109 0.92681471,
  -0.3743667 -0.020895802 0.92704527,-0.99184236 -0.060780504 0.11204666,
  -0.73832343 -0.024710409 0.673994,-0.96394391 0.20759259 -0.16648561,
  -0.89710514 0.40390723 -0.17905675,-0.79335535 0.58662454 -0.16266201,
  -0.64407542 0.76389378 0.040412154,-0.47304651 0.87896019 -0.060464689,
  -0.2803469 0.94341862 -0.17710712,-0.078458974 0.98056041 -0.17984848,
  0.13202444 0.98398481 -0.11976408,0.3573852 0.93283626 -0.045742023,
  0.53988771 0.8318497 -0.12863642,0.69399714 0.69862672 -0.17403644,
  0.82563562 0.54459706 -0.14744447,0.930245 0.36312798 -0.05274761,
  0.98397652 0.13882973 -0.11187721,0.98352565 -0.070858005 -0.16630225,
  0.94632485 -0.27299885 -0.1730344,0.88168888 -0.46367749 -0.087337811,
  0.76942025 -0.63785081 0.033746414,0.5944322 -0.7884466 -0.1581212,
  0.41237857 -0.89365791 -0.17697305,0.21487641 -0.96113047 -0.17336765,
  0.0056217575 -0.98476488 -0.17380027,-0.20398577 -0.96334681 -0.17422035,
  -0.40160345 -0.89696586 -0.18484294,-0.58569717 -0.79391574 -0.16326858,
  -0.74130305 -0.64859647 -0.17260478,-0.85867931 -0.47445471 -0.19381065,
  -0.94906093 -0.31261259 -0.039455321,-0.98283534 -0.14296957 0.11659505,
  -0.63662377 0.37494343 0.6738899,-0.42292587 0.60582765 0.6738743,
  0.025587681 0.73841688 0.67385888,0.33028301 0.66092553 0.67386243,
  0.66048718 0.33114139 0.67387095,0.73835805 0.026924273 0.67387125,
  0.6072807 -0.42082805 0.67387974,0.37756048 -0.63507324 0.67389173,
  -0.37754177 -0.63510452 0.67387273,-0.73469613 0.078167993 0.67387785,
  -0.72202287 0.15536118 0.67420018,-0.70166528 0.23138942 0.6738878,
  -0.67417114 0.30053403 0.67466478,-0.59469788 0.43684164 0.67491023,
  -0.54227964 0.50181047 0.67388356,-0.46539654 0.58156657 0.66722289,
  -0.33138492 0.66876635 0.66553408,-0.28409781 0.68205019 0.67386644,
  -0.20907123 0.70828226 0.67425919,-0.1322485 0.72692596 0.67386125,
  -0.066098894 0.73105633 0.67910792,0.09103099 0.72772085 0.67980565,
  0.18214873 0.7160554 0.67385941,0.28209246 0.69308176 0.66337132,
  0.42368471 0.61808638 0.6621635,0.46325335 0.57558695 0.67386646,
  0.52222042 0.52211115 0.67430392,0.57501654 0.46395658 0.67386962,
  0.59868209 0.41034416 0.68789347,0.6712554 0.27327336 0.68901223,
  0.71577314 0.18321208 0.67387101,0.74163019 0.093058173 0.66432285,
  0.74509451 -0.066784329 0.66360683,0.72721482 -0.13059124 0.67387278,
  0.70844561 -0.20825054 0.67434155,0.68284965 -0.28214862 0.67387574,
  0.63987971 -0.31567602 0.70064443,0.55697795 -0.44360051 0.70213542,
  0.50394927 -0.54029097 0.67388485,0.4411454 -0.59703133 0.67003308,
  0.30413728 -0.67739274 0.66980564,0.2338627 -0.70083273 0.67390039,
  0.15630754 -0.7216603 0.6743696,0.079534089 -0.73452601 0.67390346,
  -0.00093585553 -0.73838822 0.67437524,-0.078679225 -0.73460675 0.67391579,
  -0.15823556 -0.72122593 0.67438466,-0.23351004 -0.70094946 0.67390127,
  -0.30189225 -0.66789707 0.68027536,-0.4372014 -0.58797713 0.68054231,
  -0.50423908 -0.54010463 0.67381744,-0.55971156 -0.48147575 0.67446577,
  -0.60592676 -0.42453178 0.6727745,-0.58726239 -0.35954043 0.72515761,
  -0.70021286 -0.34228001 0.62653519,-0.68327748 -0.28181821 0.67358027,
  -0.69041442 -0.21234604 0.69154688,-0.74671334 -0.16179572 0.64516768,
  -0.73323896 -0.10136963 0.67237254,-0.76194113 -0.054226547 0.64537214] }
}
}
DEF SHAPE_4 Shape {
 appearance DEF APP_2 Appearance {
  material Material {
   ambientIntensity 0.686634
   diffuseColor 0.148 0.145 0.145
   emissiveColor 0 0 0
   shininess 0.1
   specularColor 0.12 0.12 0.12
   transparency 0
} }
 geometry DEF FACE_4 IndexedFaceSet {
  coord DEF COORD_4 Coordinate { point [
  -1.2992126 0.22701895 0.25590551,-1.2992126 -0.22701895 0.25590551,
  -1.2053693 -0.53532785 0.25590551,-1.0395562 -0.81167357 0.25590551,
  -0.81167357 -1.0395562 0.25590551,-0.53532785 -1.2053693 0.25590551,
  -0.22701895 -1.2992126 0.25590551,0.22701895 -1.2992126 0.25590551,
  0.53532785 -1.2053693 0.25590551,0.81167357 -1.0395562 0.25590551,
  1.0395562 -0.81167357 0.25590551,1.2053693 -0.53532785 0.25590551,
  1.2992126 -0.22701895 0.25590551,1.2992126 0.22701895 0.25590551,
  1.2053693 0.53532785 0.25590551,1.0395562 0.81167357 0.25590551,
  0.81167357 1.0395562 0.25590551,0.53532785 1.2053693 0.25590551,
  0.22701895 1.2992126 0.25590551,-0.22701895 1.2992126 0.25590551,
  -0.53532785 1.2053693 0.25590551,-0.81167357 1.0395562 0.25590551,
  -1.0395562 0.81167357 0.25590551,-1.2053693 0.53532785 0.25590551,
  -1.0748031 0 0.25590551,-1.0381801 0.27817952 0.25590551,
  -0.93080683 0.53740157 0.25590551,-0.7600006 0.7600006 0.25590551,
  -0.53740157 0.93080683 0.25590551,-0.27817952 1.0381801 0.25590551,
  0 1.0748031 0.25590551,0.27817952 1.0381801 0.25590551,
  0.53740157 0.93080683 0.25590551,0.7600006 0.7600006 0.25590551,
  0.93080683 0.53740157 0.25590551,1.0381801 0.27817952 0.25590551,
  1.0748031 0 0.25590551,1.0381801 -0.27817952 0.25590551,
  0.93080683 -0.53740157 0.25590551,0.7600006 -0.7600006 0.25590551,
  0.53740157 -0.93080683 0.25590551,0.27817952 -1.0381801 0.25590551,
  0 -1.0748031 0.25590551,-0.27817952 -1.0381801 0.25590551,
  -0.53740157 -0.93080683 0.25590551,-0.7600006 -0.7600006 0.25590551,
  -0.93080683 -0.53740157 0.25590551,-1.0381801 -0.27817952 0.25590551] }
 coordIndex [
  33,15,16,-1,32,16,17,-1,32,33,16,-1,34,14,15,-1,34,15,33,-1,31,17,18,-1,31,32,17,-1,35,13,14,-1,
  35,14,34,-1,30,31,18,-1,36,13,35,-1,12,13,36,-1,19,30,18,-1,29,30,19,-1,37,12,36,-1,20,29,19,-1,
  11,12,37,-1,28,29,20,-1,38,11,37,-1,21,28,20,-1,10,11,38,-1,27,28,21,-1,39,10,38,-1,22,27,21,-1,
  9,10,39,-1,26,27,22,-1,40,9,39,-1,23,26,22,-1,8,9,40,-1,25,26,23,-1,41,8,40,-1,0,25,23,-1,
  7,8,41,-1,24,25,0,-1,42,7,41,-1,1,24,0,-1,1,47,24,-1,6,7,42,-1,6,42,43,-1,2,47,1,-1,
  2,46,47,-1,5,6,43,-1,5,43,44,-1,3,46,2,-1,3,45,46,-1,4,5,44,-1,4,45,3,-1,4,44,45,-1]
  normalPerVertex TRUE
  normal DEF NORM_4 Normal { vector [
  0 0 1,0 0 1,
  0 0 1,0 0 1,
  0 0 1,0 0 1,
  0 0 1,0 0 1,
  0 0 1,0 0 1,
  0 0 1,0 0 1,
  0 0 1,0 0 1,
  0 0 1,0 0 1,
  0 0 1,0 0 1,
  0 0 1,0 0 1,
  0 0 1,0 0 1,
  0 0 1,0 0 1,
  0 0 1,0 0 1,
  0 0 1,0 0 1,
  0 0 1,0 0 1,
  0 0 1,0 0 1,
  0 0 1,0 0 1,
  0 0 1,0 0 1,
  0 0 1,0 0 1,
  0 0 1,0 0 1,
  0 0 1,0 0 1,
  0 0 1,0 0 1,
  0 0 1,0 0 1,
  0 0 1,0 0 1] }
}
}
DEF SHAPE_5 Shape {
 appearance USE APP_1
 geometry DEF FACE_5 IndexedFaceSet {
  coord DEF COORD_5 Coordinate { point [
  -1.2288833 0 0.76166838,-1.1990733 0 0.76815779,
  -1.1717496 0 0.78172849,-1.1485658 0 0.8015592,
  -1.1309248 0 0.82644985,-1.1198943 0 0.8548941,
  -1.1161417 0 0.8851706,-1.1198943 0 0.91544711,
  -1.1309248 0 0.94389136,-1.1485658 0 0.968782,
  -1.1717496 0 0.98861272,-1.1990733 0 1.0021834,
  -1.2288833 0 1.0086728,-1.2012332 0.25917695 0.76166838,
  -1.1188688 0.50821762 0.76166838,-0.98489477 0.73494703 0.76166838,
  -0.80524884 0.92829546 0.76166838,-0.58826955 1.0789303 0.76166838,
  -0.34412578 1.1797155 0.76166838,-0.08421774 1.2259928 0.76166838,
  0.17940695 1.215715 0.76166838,0.43461126 1.1494629 0.76166838,
  0.66970084 1.0303685 0.76166838,0.87392848 0.86395216 0.76166838,
  1.0379623 0.65787298 0.76166838,1.1543019 0.4215924 0.76166838,
  1.2176216 0.16595463 0.76166838,1.2250199 -0.097303928 0.76166838,
  1.1761578 -0.35609412 0.76166838,1.0732745 -0.59853372 0.76166838,
  0.92108107 -0.81349521 0.76166838,0.72653859 -0.99111152 0.76166838,
  0.49853721 -1.1232158 0.76166838,0.24749718 -1.2037006 0.76166838,
  -0.015087558 -1.2287893 0.76166838,-0.27714547 -1.1972225 0.76166838,
  -0.52655269 -1.1103573 0.76166838,-0.75168418 -0.97217627 0.76166838,
  -0.94199115 -0.78918747 0.76166838,-1.0885985 -0.57018542 0.76166838,
  -1.1848899 -0.32584006 0.76166838,-1.2178821 -0.16401682 0.76166838,
  -1.2288833 0 0.76166838,-1.1990733 0 0.76815779,
  -1.1717496 0 0.78172849,-1.1485658 0 0.8015592,
  -1.1309248 0 0.82644985,-1.1198943 0 0.8548941,
  -1.1161417 0 0.8851706,-1.1198943 0 0.91544711,
  -1.1309248 0 0.94389136,-1.1485658 0 0.968782,
  -1.1717496 0 0.98861272,-1.1990733 0 1.0021834,
  -1.2288833 0 1.0086728,-1.2012332 0.25917695 1.0086728,
  -1.1188688 0.50821762 1.0086728,-0.98489477 0.73494703 1.0086728,
  -0.80524884 0.92829546 1.0086728,-0.58826955 1.0789303 1.0086728,
  -0.34412578 1.1797155 1.0086728,-0.08421774 1.2259928 1.0086728,
  0.17940695 1.215715 1.0086728,0.43461126 1.1494629 1.0086728,
  0.66970084 1.0303685 1.0086728,0.87392848 0.86395216 1.0086728,
  1.0379623 0.65787298 1.0086728,1.1543019 0.4215924 1.0086728,
  1.2176216 0.16595463 1.0086728,1.2250199 -0.097303928 1.0086728,
  1.1761578 -0.35609412 1.0086728,1.0732745 -0.59853372 1.0086728,
  0.92108107 -0.81349521 1.0086728,0.72653859 -0.99111152 1.0086728,
  0.49853721 -1.1232158 1.0086728,0.24749718 -1.2037006 1.0086728,
  -0.015087558 -1.2287893 1.0086728,-0.27714547 -1.1972225 1.0086728,
  -0.52655269 -1.1103573 1.0086728,-0.75168418 -0.97217627 1.0086728,
  -0.94199115 -0.78918747 1.0086728,-1.0885985 -0.57018542 1.0086728,
  -1.1848899 -0.32584006 1.0086728,-1.2178821 -0.16401682 1.0086728,
  -1.1528692 0.12425199 0.79092822,-1.1419526 0.12307544 0.8015592,
  -1.1047254 0.15922967 0.8851706,-1.1419526 0.12307544 0.968782,
  -1.1528692 0.12425199 0.97941299,-1.0895034 0.36357353 0.8015592,
  -1.0282322 0.47088158 0.82644985,-1.0147915 0.46472637 0.8851706,
  -1.06535 0.48787976 0.78172849,-1.0707101 0.31520202 0.8851706,
  -1.0895034 0.36357353 0.968782,-1.0282322 0.47088158 0.94389136,
  -1.06535 0.48787976 0.98861272,-0.98701389 0.5873729 0.8015592,
  -0.9381136 0.60474395 0.8851706,-0.98701389 0.5873729 0.968782,
  -0.83919141 0.78419457 0.8015592,-0.765474 0.88715655 0.78172849,
  -0.73880419 0.85624721 0.82644985,-0.72914679 0.84505463 0.8851706,
  -0.84224498 0.73239044 0.8851706,-0.83919141 0.78419457 0.968782,
  -0.73880419 0.85624721 0.94389136,-0.765474 0.88715655 0.98861272,
  -0.65282535 0.94499863 0.8015592,-0.60113264 0.94043177 0.8851706,
  -0.65282535 0.94499863 0.968782,-0.43647539 1.0623994 0.8015592,
  -0.32658169 1.1253184 0.78172849,-0.31520329 1.0861113 0.82644985,
  -0.31108305 1.071914 0.8851706,-0.4608213 1.0165708 0.8851706,
  -0.43647539 1.0623994 0.968782,-0.31520329 1.0861113 0.94389136,
  -0.32658169 1.1253184 0.98861272,-0.20007837 1.1310049 0.8015592,
  -0.15498107 1.1053295 0.8851706,-0.20007837 1.1310049 0.968782,
  0.045508137 1.1476639 0.8015592,0.17162053 1.1591133 0.78172849,
  0.16564112 1.1187287 0.82644985,0.16347591 1.1041051 0.8851706,
  0.0042913122 1.1161335 0.8851706,0.045508137 1.1476639 0.968782,
  0.16564112 1.1187287 0.94389136,0.17162053 1.1591133 0.98861272,
  0.28900448 1.1116113 0.8015592,0.31931633 1.0694903 0.8851706,
  0.28900448 1.1116113 0.968782,0.51922701 1.0245031 0.8015592,
  0.61640374 0.9481758 0.82644985,0.60834631 0.93578156 0.8851706,
  0.63865506 0.98240364 0.78172849,0.46862458 1.0129972 0.8851706,
  0.51922701 1.0245031 0.968782,0.61640374 0.9481758 0.94389136,
  0.63865506 0.98240364 0.98861272,0.72560175 0.89034008 0.8015592,
  0.73562327 0.83942288 0.8851706,0.72560175 0.89034008 0.968782,
  0.89865001 0.71528422 0.8015592,0.95522238 0.60542638 0.82644985,
  0.94273604 0.59751245 0.8851706,0.98970459 0.62728144 0.78172849,
  0.84785179 0.72589236 0.8851706,0.89865001 0.71528422 0.968782,
  0.95522238 0.60542638 0.94389136,0.98970459 0.62728144 0.98861272,
  1.0304238 0.50737576 0.8015592,1.018335 0.45690941 0.8851706,
  1.0304238 0.50737576 0.968782,1.1148708 0.27616383 0.8015592,
  1.1610157 0.1582398 0.78172849,1.1205648 0.15272658 0.82644985,
  1.1059172 0.15073019 0.8851706,1.0731022 0.30695949 0.8851706,
  1.1148708 0.27616383 0.968782,1.1205648 0.15272658 0.94389136,
  1.1610157 0.1582398 0.98861272,1.1481124 0.032267847 0.8015592,
  1.1161087 -0.008582561 0.8851706,1.1481124 0.032267847 0.968782,
  1.1286219 -0.21311018 0.8015592,1.1214768 -0.33953949 0.78172849,
  1.0824035 -0.32770963 0.82644985,1.0682547 -0.32342592 0.8851706,
  1.1034684 -0.16771974 0.8851706,1.1286219 -0.21311018 0.968782,
  1.0824035 -0.32770963 0.94389136,1.1214768 -0.33953949 0.98861272,
  1.0572944 -0.44870017 0.8015592,1.011188 -0.47251586 0.8851706,
  1.0572944 -0.44870017 0.968782,0.93740602 -0.66368163 0.8015592,
  0.87826849 -0.77565563 0.78172849,0.84766881 -0.74863108 0.82644985,
  0.83658837 -0.73884522 0.8851706,0.93343569 -0.61193968 0.8851706,
  0.93740602 -0.66368163 0.968782,0.87826849 -0.77565563 0.98861272,
  0.84766881 -0.74863108 0.94389136,0.7744631 -0.84818056 0.8015592,
  0.72262719 -0.85063641 0.8851706,0.7744631 -0.84818056 0.968782,
  0.57594952 -0.99372305 0.8015592,0.47555946 -1.0709063 0.78172849,
  0.45899053 -1.033595 0.82644985,0.45299076 -1.0200842 0.8851706,
  0.59388343 -0.94502637 0.8851706,0.57594952 -0.99372305 0.968782,
  0.45899053 -1.033595 0.94389136,0.47555946 -1.0709063 0.98861272,
  0.35098291 -1.0936244 0.8015592,0.30283139 -1.0742744 0.8851706,
  0.35098291 -1.0936244 0.968782,0.10989586 -1.1432962 0.8015592,
  -0.01351507 -1.1716717 0.78172849,-0.013044192 -1.1308496 0.82644985,
  -0.012873683 -1.1160675 0.8851706,0.14647707 -1.1064885 0.8851706,
  0.10989586 -1.1432962 0.968782,-0.013044192 -1.1308496 0.94389136,
  -0.01351507 -1.1716717 0.98861272,-0.13623864 -1.1404571 0.8015592,
  -0.17196108 -1.1028154 0.8851706,-0.13623864 -1.1404571 0.968782,
  -0.37611578 -1.0852374 0.8015592,-0.50013515 -1.0596518 0.78172849,
  -0.48270998 -1.0227326 0.82644985,-0.47640016 -1.0093638 0.8851706,
  -0.32753073 -1.0670033 0.8851706,-0.37611578 -1.0852374 0.968782,
  -0.48270998 -1.0227326 0.94389136,-0.50013515 -1.0596518 0.98861272,
  -0.59871814 -0.98017342 0.8015592,-0.61552401 -0.93107602 0.8851706,
  -0.59871814 -0.98017342 0.968782,-0.79382172 -0.83009062 0.8015592,
  -0.89592659 -0.75519054 0.78172849,-0.86471168 -0.72887901 0.82644985,
  -0.85340846 -0.71935135 0.8851706,-0.74205626 -0.83374149 0.8851706,
  -0.79382172 -0.83009062 0.968782,-0.86471168 -0.72887901 0.94389136,
  -0.89592659 -0.75519054 0.98861272,-0.95246552 -0.64188222 0.8015592,
  -0.94730273 -0.59024563 0.8851706,-0.95246552 -0.64188222 0.968782,
  -1.0673631 -0.42419254 0.8015592,-1.1290104 -0.31358044 0.78172849,
  -1.0896747 -0.30265501 0.82644985,-1.0754308 -0.29869881 0.8851706,
  -1.0218183 -0.44906542 0.8851706,-1.0673631 -0.42419254 0.968782,
  -1.0896747 -0.30265501 0.94389136,-1.1290104 -0.31358044 0.98861272,
  -1.1249374 -0.23177389 0.8015592,-1.156887 -0.078475774 0.79092822,
  -1.1249374 -0.23177389 0.968782,-1.156887 -0.078475774 0.97941299,
  -1.1221893 0.2447336 0.8015592,-1.0905099 0.23782477 0.8851706,
  -1.1221893 0.2447336 0.968782,-0.91839052 0.68975518 0.8015592,
  -0.89246433 0.67028337 0.8851706,-0.91839052 0.68975518 0.968782,
  -0.54780449 1.0095116 0.8015592,-0.53233996 0.98101302 0.8851706,
  -0.54780449 1.0095116 0.968782,-0.077732683 1.1459324 0.8015592,
  -0.075538287 1.1135827 0.8851706,-0.077732683 1.1459324 0.968782,
  0.40645602 1.0742425 0.8015592,0.39498176 1.0439166 0.8851706,
  0.40645602 1.0742425 0.968782,0.81682898 0.80746131 0.8015592,
  0.79376987 0.78466665 0.8851706,0.81682898 0.80746131 0.968782,
  1.0788591 0.39403857 0.8015592,1.0484029 0.38291485 0.8851706,
  1.0788591 0.39403857 0.968782,1.1449596 -0.090944803 0.8015592,
  1.1126373 -0.088377428 0.8851706,1.1449596 -0.090944803 0.968782,
  1.003126 -0.55941186 0.8015592,0.9748077 -0.54361964 0.8851706,
  1.003126 -0.55941186 0.968782,0.67911649 -0.92628513 0.8015592,
  0.65994501 -0.90013607 0.8851706,0.67911649 -0.92628513 0.968782,
  0.23177389 -1.1249374 0.8015592,0.2252309 -1.0931804 0.8851706,
  0.23177389 -1.1249374 0.968782,-0.25766076 -1.1192919 0.8015592,
  -0.25038699 -1.0876942 0.8851706,-0.25766076 -1.1192919 0.968782,
  -0.7003021 -0.91037373 0.8015592,-0.68053255 -0.88467385 0.8851706,
  -0.7003021 -0.91037373 0.968782,-1.0157628 -0.53612425 0.8015592,
  -0.98708782 -0.52098945 0.8851706,-1.0157628 -0.53612425 0.968782,
  -1.0931804 -0.2252309 0.8851706,-1.1061507 -0.15076201 0.87752904,
  -1.1135827 -0.075538287 0.8851706] }
 coordIndex [
  84,0,1,-1,84,1,2,-1,84,2,3,-1,84,13,0,-1,85,84,3,-1,85,3,4,-1,85,4,5,-1,86,5,6,-1,
  86,6,7,-1,86,85,5,-1,87,7,8,-1,87,8,9,-1,87,86,7,-1,88,9,10,-1,88,10,11,-1,88,11,12,-1,
  88,87,9,-1,88,12,55,-1,89,91,90,-1,89,14,13,-1,89,90,92,-1,89,92,14,-1,93,91,89,-1,94,95,91,-1,
  94,96,95,-1,94,55,56,-1,94,56,96,-1,94,91,93,-1,97,90,91,-1,97,15,14,-1,97,92,90,-1,97,14,92,-1,
  98,97,91,-1,99,98,91,-1,99,91,95,-1,99,95,96,-1,99,56,57,-1,99,96,56,-1,100,16,15,-1,100,102,101,-1,
  100,103,102,-1,100,101,16,-1,104,103,100,-1,105,103,104,-1,105,106,103,-1,105,107,106,-1,105,58,107,-1,105,57,58,-1,
  108,101,102,-1,108,17,16,-1,108,102,103,-1,108,16,101,-1,109,108,103,-1,110,109,103,-1,110,103,106,-1,110,106,107,-1,
  110,107,58,-1,110,58,59,-1,111,18,17,-1,111,112,18,-1,111,113,112,-1,111,114,113,-1,115,114,111,-1,116,117,114,-1,
  116,60,118,-1,116,118,117,-1,116,114,115,-1,116,59,60,-1,119,19,18,-1,119,18,112,-1,119,112,113,-1,119,113,114,-1,
  120,119,114,-1,121,114,117,-1,121,118,60,-1,121,117,118,-1,121,60,61,-1,121,120,114,-1,122,20,19,-1,122,123,20,-1,
  122,124,123,-1,122,125,124,-1,126,125,122,-1,127,128,125,-1,127,62,129,-1,127,129,128,-1,127,125,126,-1,127,61,62,-1,
  130,21,20,-1,130,20,123,-1,130,123,124,-1,130,124,125,-1,131,130,125,-1,132,125,128,-1,132,131,125,-1,132,129,62,-1,
  132,128,129,-1,132,62,63,-1,133,22,21,-1,133,135,134,-1,133,134,136,-1,133,136,22,-1,137,135,133,-1,138,140,139,-1,
  138,63,64,-1,138,135,137,-1,138,64,140,-1,138,139,135,-1,141,23,22,-1,141,134,135,-1,141,136,134,-1,141,22,136,-1,
  142,141,135,-1,143,139,140,-1,143,142,135,-1,143,64,65,-1,143,140,64,-1,143,135,139,-1,144,24,23,-1,144,146,145,-1,
  144,145,147,-1,144,147,24,-1,148,146,144,-1,149,151,150,-1,149,66,151,-1,149,150,146,-1,149,146,148,-1,149,65,66,-1,
  152,25,24,-1,152,145,146,-1,152,147,145,-1,152,24,147,-1,153,152,146,-1,154,153,146,-1,154,150,151,-1,154,151,66,-1,
  154,146,150,-1,154,66,67,-1,155,26,25,-1,155,157,156,-1,155,158,157,-1,155,156,26,-1,159,158,155,-1,160,158,159,-1,
  160,161,158,-1,160,162,161,-1,160,67,68,-1,160,68,162,-1,163,27,26,-1,163,156,157,-1,163,157,158,-1,163,26,156,-1,
  164,163,158,-1,165,164,158,-1,165,158,161,-1,165,161,162,-1,165,162,68,-1,165,68,69,-1,166,28,27,-1,166,168,167,-1,
  166,167,28,-1,166,169,168,-1,170,169,166,-1,171,169,170,-1,171,69,70,-1,171,172,169,-1,171,173,172,-1,171,70,173,-1,
  174,29,28,-1,174,167,168,-1,174,28,167,-1,174,168,169,-1,175,174,169,-1,176,175,169,-1,176,70,71,-1,176,169,172,-1,
  176,172,173,-1,176,173,70,-1,177,30,29,-1,177,178,30,-1,177,179,178,-1,177,180,179,-1,181,180,177,-1,182,180,181,-1,
  182,71,72,-1,182,72,183,-1,182,184,180,-1,182,183,184,-1,185,31,30,-1,185,30,178,-1,185,178,179,-1,185,179,180,-1,
  186,185,180,-1,187,72,73,-1,187,183,72,-1,187,186,180,-1,187,180,184,-1,187,184,183,-1,188,190,189,-1,188,32,31,-1,
  188,189,32,-1,188,191,190,-1,192,191,188,-1,193,194,191,-1,193,195,194,-1,193,74,195,-1,193,191,192,-1,193,73,74,-1,
  196,189,190,-1,196,33,32,-1,196,32,189,-1,196,190,191,-1,197,196,191,-1,198,197,191,-1,198,191,194,-1,198,194,195,-1,
  198,195,74,-1,198,74,75,-1,199,200,34,-1,199,201,200,-1,199,34,33,-1,199,202,201,-1,203,202,199,-1,204,205,202,-1,
  204,202,203,-1,204,206,205,-1,204,76,206,-1,204,75,76,-1,207,34,200,-1,207,200,201,-1,207,35,34,-1,207,201,202,-1,
  208,207,202,-1,209,208,202,-1,209,202,205,-1,209,205,206,-1,209,206,76,-1,209,76,77,-1,210,211,36,-1,210,212,211,-1,
  210,213,212,-1,210,36,35,-1,214,213,210,-1,215,213,214,-1,215,216,213,-1,215,217,216,-1,215,78,217,-1,215,77,78,-1,
  218,36,211,-1,218,211,212,-1,218,212,213,-1,218,37,36,-1,219,218,213,-1,220,219,213,-1,220,213,216,-1,220,216,217,-1,
  220,217,78,-1,220,78,79,-1,221,223,222,-1,221,38,37,-1,221,222,38,-1,221,224,223,-1,225,224,221,-1,226,224,225,-1,
  226,227,224,-1,226,228,227,-1,226,80,228,-1,226,79,80,-1,229,222,223,-1,229,39,38,-1,229,38,222,-1,229,223,224,-1,
  230,229,224,-1,231,230,224,-1,231,224,227,-1,231,227,228,-1,231,228,80,-1,231,80,81,-1,232,234,233,-1,232,40,39,-1,
  232,233,40,-1,232,235,234,-1,236,235,232,-1,237,235,236,-1,237,238,235,-1,237,239,238,-1,237,82,239,-1,237,81,82,-1,
  240,233,234,-1,240,41,40,-1,240,40,233,-1,241,41,240,-1,241,42,41,-1,241,43,42,-1,241,44,43,-1,241,45,44,-1,
  241,46,45,-1,242,238,239,-1,242,239,82,-1,242,82,83,-1,243,51,50,-1,243,52,51,-1,243,53,52,-1,243,54,53,-1,
  243,242,83,-1,243,83,54,-1,244,84,85,-1,244,13,84,-1,244,89,13,-1,244,85,86,-1,244,86,245,-1,244,245,93,-1,
  244,93,89,-1,246,86,87,-1,246,87,88,-1,246,88,55,-1,246,245,86,-1,246,93,245,-1,246,55,94,-1,246,94,93,-1,
  247,248,104,-1,247,97,98,-1,247,104,100,-1,247,98,248,-1,247,15,97,-1,247,100,15,-1,249,98,99,-1,249,99,57,-1,
  249,104,248,-1,249,57,105,-1,249,248,98,-1,249,105,104,-1,250,111,17,-1,250,115,111,-1,250,251,115,-1,250,109,251,-1,
  250,108,109,-1,250,17,108,-1,252,109,110,-1,252,115,251,-1,252,116,115,-1,252,59,116,-1,252,251,109,-1,252,110,59,-1,
  253,122,19,-1,253,19,119,-1,253,119,120,-1,253,120,254,-1,253,126,122,-1,253,254,126,-1,255,120,121,-1,255,121,61,-1,
  255,254,120,-1,255,126,254,-1,255,61,127,-1,255,127,126,-1,256,131,257,-1,256,21,130,-1,256,133,21,-1,256,130,131,-1,
  256,257,137,-1,256,137,133,-1,258,63,138,-1,258,131,132,-1,258,257,131,-1,258,132,63,-1,258,137,257,-1,258,138,137,-1,
  259,144,23,-1,259,141,142,-1,259,23,141,-1,259,142,260,-1,259,148,144,-1,259,260,148,-1,261,149,148,-1,261,65,149,-1,
  261,260,142,-1,261,142,143,-1,261,143,65,-1,261,148,260,-1,262,263,159,-1,262,159,155,-1,262,155,25,-1,262,153,263,-1,
  262,25,152,-1,262,152,153,-1,264,159,263,-1,264,154,67,-1,264,160,159,-1,264,263,153,-1,264,153,154,-1,264,67,160,-1,
  265,163,164,-1,265,164,266,-1,265,166,27,-1,265,27,163,-1,265,170,166,-1,265,266,170,-1,267,266,164,-1,267,165,69,-1,
  267,171,170,-1,267,69,171,-1,267,164,165,-1,267,170,266,-1,268,174,175,-1,268,175,269,-1,268,269,181,-1,268,29,174,-1,
  268,177,29,-1,268,181,177,-1,270,269,175,-1,270,181,269,-1,270,71,182,-1,270,176,71,-1,270,175,176,-1,270,182,181,-1,
  271,186,272,-1,271,185,186,-1,271,188,31,-1,271,272,192,-1,271,192,188,-1,271,31,185,-1,273,272,186,-1,273,187,73,-1,
  273,186,187,-1,273,192,272,-1,273,193,192,-1,273,73,193,-1,274,199,33,-1,274,203,199,-1,274,275,203,-1,274,33,196,-1,
  274,196,197,-1,274,197,275,-1,276,204,203,-1,276,203,275,-1,276,197,198,-1,276,75,204,-1,276,198,75,-1,276,275,197,-1,
  277,207,208,-1,277,208,278,-1,277,210,35,-1,277,35,207,-1,277,278,214,-1,277,214,210,-1,279,278,208,-1,279,209,77,-1,
  279,215,214,-1,279,214,278,-1,279,77,215,-1,279,208,209,-1,280,37,218,-1,280,218,219,-1,280,219,281,-1,280,221,37,-1,
  280,225,221,-1,280,281,225,-1,282,281,219,-1,282,220,79,-1,282,225,281,-1,282,79,226,-1,282,226,225,-1,282,219,220,-1,
  283,230,284,-1,283,39,229,-1,283,229,230,-1,283,232,39,-1,283,284,236,-1,283,236,232,-1,285,284,230,-1,285,231,81,-1,
  285,236,284,-1,285,237,236,-1,285,230,231,-1,285,81,237,-1,286,238,242,-1,286,240,234,-1,286,234,235,-1,286,235,238,-1,
  287,242,243,-1,287,241,240,-1,287,286,242,-1,287,240,286,-1,288,47,46,-1,288,243,50,-1,288,48,47,-1,288,49,48,-1,
  288,50,49,-1,288,241,287,-1,288,287,243,-1,288,46,241,-1]
  normalPerVertex TRUE
  normal DEF NORM_5 Normal { vector [
  -0.38725884 0.019852176 0.92175728,-0.33087299 -0.049660506 0.94236771,
  -0.55147199 0.022054813 0.83390181,-0.729176 0.042245099 0.68302102,
  -0.88067201 0.016835333 0.47342726,-0.94156585 0.020522493 0.33620319,
  -0.99743963 0.0715135 0,-0.94156585 0.020522493 -0.33620319,
  -0.88067201 0.016835333 -0.47342726,-0.729176 0.042245099 -0.68302102,
  -0.55147199 0.022054813 -0.83390181,-0.33087299 -0.049660506 -0.94236771,
  -0.38725884 0.019852176 -0.92175728,-0.43951528 0.09336723 0.8933694,
  -0.40074185 0.18247061 0.89783654,-0.37297759 0.27898819 0.88490299,
  -0.2885519 0.3330364 0.89767731,-0.22276352 0.4091859 0.88484084,
  -0.12331219 0.42307662 0.89766379,-0.031820864 0.46476834 0.88486034,
  0.064339752 0.43587214 0.89770589,0.16474919 0.43568518 0.88489329,
  0.24005414 0.36935143 0.89774915,0.33120901 0.32743351 0.88492253,
  0.37203688 0.23580141 0.89776737,0.437483 0.15978035 0.88491743,
  0.43646554 0.059484641 0.89775242,0.4643039 -0.036878232 0.88490784,
  0.42159107 -0.12763633 0.89775828,0.40676208 -0.22683752 0.88492336,
  0.3301416 -0.29158642 0.89776605,0.27535955 -0.37563793 0.88491427,
  0.17871487 -0.40265983 0.89773384,0.093854288 -0.45626476 0.88488069,
  -0.0053719439 -0.4405957 0.89768958,-0.10490899 -0.4539119 0.88484919,
  -0.18869733 -0.39825493 0.89765602,-0.2846571 -0.36879397 0.88485103,
  -0.33750951 -0.28318037 0.89771722,-0.4122512 -0.21658437 0.88495207,
  -0.41514152 -0.13061519 0.90033171,-0.42086399 -0.048645001 0.90581851,
  -0.37105362 0.0058105573 0.92859326,-0.32977549 0.095251271 0.93924189,
  -0.55159383 -0.0066870701 0.83408604,-0.73848635 -0.013019337 0.67414272,
  -0.89606335 0.085137542 0.43568574,-0.9696042 0.016822187 0.2440998,
  -0.99942664 -0.033858434 0,-0.9696042 0.016822187 -0.2440998,
  -0.89606335 0.085137542 -0.43568574,-0.73848635 -0.013019337 -0.67414272,
  -0.55159383 -0.0066870701 -0.83408604,-0.32977549 0.095251271 -0.93924189,
  -0.37105362 0.0058105573 -0.92859326,-0.43951528 0.09336723 -0.8933694,
  -0.40074185 0.18247061 -0.89783654,-0.37297759 0.27898819 -0.88490299,
  -0.2885519 0.3330364 -0.89767731,-0.22276352 0.4091859 -0.88484084,
  -0.12331219 0.42307662 -0.89766379,-0.031820864 0.46476834 -0.88486034,
  0.064339752 0.43587214 -0.89770589,0.16474919 0.43568518 -0.88489329,
  0.24005414 0.36935143 -0.89774915,0.33120901 0.32743351 -0.88492253,
  0.37203688 0.23580141 -0.89776737,0.437483 0.15978035 -0.88491743,
  0.43646554 0.059484641 -0.89775242,0.4643039 -0.036878232 -0.88490784,
  0.42159107 -0.12763633 -0.89775828,0.40676208 -0.22683752 -0.88492336,
  0.3301416 -0.29158642 -0.89776605,0.27535955 -0.37563793 -0.88491427,
  0.17871487 -0.40265983 -0.89773384,0.093854288 -0.45626476 -0.88488069,
  -0.0053719439 -0.4405957 -0.89768958,-0.10490899 -0.4539119 -0.88484919,
  -0.18869733 -0.39825493 -0.89765602,-0.2846571 -0.36879397 -0.88485103,
  -0.33750951 -0.28318037 -0.89771722,-0.4122512 -0.21658437 -0.88495207,
  -0.41514152 -0.13061519 -0.90033171,-0.42086399 -0.048645001 -0.90581851,
  -0.45875261 0.028755749 0.88809861,-0.89665722 0.062497107 0.43829208,
  -0.9951833 0.09803163 0,-0.89665722 0.062497107 -0.43829208,
  -0.45875261 0.028755749 -0.88809861,-0.67496744 0.24705264 0.69525818,
  -0.80081688 0.36673615 0.47349437,-0.9091959 0.4163686 0,
  -0.50154143 0.22968219 0.83408769,-0.95419665 0.29918012 0,
  -0.67496744 0.24705264 -0.69525818,-0.80081688 0.36673615 -0.47349437,
  -0.50154143 0.22968219 -0.83408769,-0.62838125 0.3491323 0.69515728,
  -0.84986785 0.52699586 0,-0.62838125 0.3491323 -0.69515728,
  -0.51074258 0.50549885 0.69542284,-0.360357 0.41764066 0.83409778,
  -0.57540201 0.66687001 0.47349437,-0.65327437 0.75712126 0,
  -0.74298248 0.66931087 0,-0.51074258 0.50549885 -0.69542284,
  -0.57540201 0.66687001 -0.47349437,-0.360357 0.41764066 -0.83409778,
  -0.42581543 0.57906678 0.69524304,-0.55327183 0.83300077 0,
  -0.42581543 0.57906678 -0.69524304,-0.25378559 0.67233691 0.69538188,
  -0.15374237 0.52975758 0.83409843,-0.24548941 0.84589481 0.47349437,
  -0.27871286 0.96037448 0,-0.39683659 0.91788927 0,
  -0.25378559 0.67233691 -0.69538188,-0.24548941 0.84589481 -0.47349437,
  -0.15374237 0.52975758 -0.83409843,-0.14590919 0.70378321 0.69526952,
  -0.15619712 0.9877259 0,-0.14590919 0.70378321 -0.69526952,
  0.04932775 0.71700599 0.69531948,0.080792196 0.54566494 0.83409975,
  0.12900608 0.87129818 0.47349437,0.14646519 0.98921582 0,
  0.021378075 0.99977146 0,0.04932775 0.71700599 -0.69531948,
  0.12900608 0.87129818 -0.47349437,0.080792196 0.54566494 -0.83409975,
  0.16044899 0.70061096 0.69527003,0.26924428 0.96307192 0,
  0.16044899 0.70061096 -0.69527003,0.3434601 0.63135924 0.6952846,
  0.480073 0.73846665 0.47349437,0.54504396 0.83840747 0,
  0.30064596 0.46246512 0.83410912,0.43571031 0.90008696 0,
  0.3434601 0.63135924 -0.6952846,0.480073 0.73846665 -0.47349437,
  0.30064596 0.46246512 -0.83410912,0.43760804 0.57016434 0.69527824,
  0.6457887 0.76351618 0,0.43760804 0.57016434 -0.69527824,
  0.57516805 0.43100784 0.69527977,0.74395473 0.47152353 0.47349437,
  0.84463828 0.53533744 0,0.46589634 0.29528824 0.83411357,
  0.77091397 0.63693928 0,0.57516805 0.43100784 -0.69527977,
  0.74395473 0.47152353 -0.47349437,0.46589634 0.29528824 -0.83411357,
  0.63528118 0.33618223 0.69526925,0.90505261 0.42529964 0,
  0.63528118 0.33618223 -0.69526925,0.70242262 0.15239162 0.69525481,
  0.54657033 0.074494411 0.8340932,0.87272819 0.11894786 0.47349437,
  0.99083937 0.13504574 0,0.96611334 0.25811821 0,
  0.70242262 0.15239162 -0.69525481,0.87272819 0.11894786 -0.47349437,
  0.54657033 0.074494411 -0.8340932,0.71759244 0.041145267 0.69524683,
  0.99995153 0.0098451952 0,0.71759244 0.041145267 -0.69524683,
  0.7020944 -0.15391041 0.69525178,0.52794623 -0.15984156 0.83410039,
  0.84300704 -0.25522971 0.47349437,0.9570959 -0.28977137 0,
  0.98585861 -0.16757925 0,0.7020944 -0.15391041 -0.69525178,
  0.84300704 -0.25522971 -0.47349437,0.52794623 -0.15984156 -0.83410039,
  0.66954803 -0.26136437 0.69526549,0.91325107 -0.40739721 0,
  0.66954803 -0.26136437 -0.69526549,0.57423645 -0.43225244 0.69527715,
  0.41343601 -0.36513205 0.83411585,0.66018891 -0.58305547 0.47349437,
  0.74953596 -0.66196362 0,0.82656387 -0.56284294 0,
  0.57423645 -0.43225244 -0.69527715,0.41343601 -0.36513205 -0.83411585,
  0.66018891 -0.58305547 -0.47349437,0.49990919 -0.51640411 0.69528239,
  0.66069672 -0.75065295 0,0.49990919 -0.51640411 -0.69528239,
  0.3421083 -0.63210421 0.69527418,0.22387235 -0.50413533 0.83410356,
  0.35747506 -0.80499358 0.47349437,0.40585416 -0.91393786 0,
  0.51715835 -0.85588974 0,0.3421083 -0.63210421 -0.69527418,
  0.35747506 -0.80499358 -0.47349437,0.22387235 -0.50413533 -0.83410356,
  0.23946515 -0.67766217 0.69529161,0.28815443 -0.95758395 0,
  0.23946515 -0.67766217 -0.69529161,0.047813704 -0.71715575 0.6952708,
  -0.006362356 -0.55157632 0.83410016,-0.010159193 -0.88073825 0.47349437,
  -0.011534093 -0.99993348 0,0.11383264 -0.99349994 0,
  0.047813704 -0.71715575 -0.6952708,-0.010159193 -0.88073825 -0.47349437,
  -0.006362356 -0.55157632 -0.83410016,-0.064518622 -0.71577716 0.69534193,
  -0.13671907 -0.99060986 0,-0.064518622 -0.71577716 -0.69534193,
  -0.25522616 -0.67191429 0.69526311,-0.23544636 -0.49884751 0.83409602,
  -0.37594845 -0.79653364 0.47349437,-0.42682766 -0.90433299 0,
  -0.31016601 -0.95068241 0,-0.25522616 -0.67191429 -0.69526311,
  -0.37594845 -0.79653364 -0.47349437,-0.23544636 -0.49884751 -0.83409602,
  -0.35677763 -0.62379738 0.69540388,-0.53676326 -0.8437329 0,
  -0.35677763 -0.62379738 -0.69540388,-0.51193951 -0.50455988 0.69522462,
  -0.42176576 -0.35551296 0.83410082,-0.67346239 -0.56767199 0.47349437,
  -0.76460582 -0.64449821 0,-0.67783598 -0.73521316 0,
  -0.51193951 -0.50455988 -0.69522462,-0.67346239 -0.56767199 -0.47349437,
  -0.42176576 -0.35551296 -0.83410082,-0.58416665 -0.41853132 0.69539979,
  -0.83932685 -0.54362712 0,-0.58416665 -0.41853132 -0.69539979,
  -0.67567555 -0.24558502 0.69509032,-0.52880614 -0.15822606 0.83386364,
  -0.85912464 -0.2453881 0.44909858,-0.95769233 -0.28779401 0,
  -0.92240537 -0.38622317 0,-0.67567555 -0.24558502 -0.69509032,
  -0.85912464 -0.2453881 -0.44909858,-0.52880614 -0.15822606 -0.83386364,
  -0.68828503 -0.13999886 0.71180337,-0.70109743 -0.04268443 0.71178679,
  -0.705502 -0.15183413 -0.69225236,-0.72055548 -0.038708815 -0.69231599,
  -0.78192049 0.16166823 0.60204961,-0.97703529 0.21307757 0,
  -0.78192049 0.16166823 -0.60204961,-0.64133446 0.48167284 0.59722809,
  -0.79959767 0.60053607 0,-0.64133446 0.48167284 -0.59722809,
  -0.38254725 0.70497025 0.59722236,-0.47694656 0.8789323 0,
  -0.38254725 0.70497025 -0.59722236,-0.054282649 0.80023283 0.5972276,
  -0.067678042 0.99770721 0,-0.054282649 0.80023283 -0.5972276,
  0.28383772 0.75016857 0.59722966,0.35388136 0.93529032 0,
  0.28383772 0.75016857 -0.59722966,0.57040284 0.56386127 0.59724456,
  0.71117301 0.70301704 0,0.57040284 0.56386127 -0.59724456,
  0.75339136 0.27516592 0.59723126,0.9393098 0.3430701 0,
  0.75339136 0.27516592 -0.59723126,0.79956057 -0.063509561 0.59721807,
  0.99686024 -0.079181188 0,0.79956057 -0.063509561 -0.59721807,
  0.70049938 -0.39064651 0.59724026,0.87337268 -0.48705252 0,
  0.70049938 -0.39064651 -0.59724026,0.4742384 -0.64684038 0.59723987,
  0.59127349 -0.80647112 0,0.4742384 -0.64684038 -0.59723987,
  0.16185348 -0.78557183 0.59722721,0.20179418 -0.97942795 0,
  0.16185348 -0.78557183 -0.59722721,-0.17993105 -0.78162994 0.59722647,
  -0.22433261 -0.97451264 0,-0.17993105 -0.78162994 -0.59722647,
  -0.48904007 -0.63573882 0.59722355,-0.60971876 -0.79261784 0,
  -0.48904007 -0.63573882 -0.59722355,-0.70933764 -0.37439164 0.59721939,
  -0.88437498 -0.46677714 0,-0.70933764 -0.37439164 -0.59721939,
  -0.96837489 -0.24949966 0,-0.98779553 -0.15575618 0,
  -0.99988528 0.015147111 0] }
}
}
DEF SHAPE_6 Shape {
 appearance USE APP_2
 geometry DEF FACE_6 IndexedFaceSet {
  coord DEF COORD_6 Coordinate { point [
  -1.2992126 0.90551181 0.059055118,-1.2992126 0.12795276 0.059055118,
  -1.2992126 0.90551181 0.33464567,-1.2992126 0.22701895 0.33464567,
  -1.2992126 0.22701895 0.25590551,-1.2992126 -0.22701895 0.25590551,
  -1.2992126 -0.22701895 0.33464567,-1.2992126 -0.90551181 0.33464567,
  -1.2992126 -0.90551181 0.059055118,-1.2992126 -0.12795276 0.059055118] }
 coordIndex [
  4,2,0,-1,4,3,2,-1,1,4,0,-1,9,5,4,-1,9,4,1,-1,7,6,5,-1,8,5,9,-1,8,7,5,-1]
  normalPerVertex TRUE
  normal DEF NORM_6 Normal { vector [
  -1 0 0,-1 0 0,
  -1 0 0,-1 0 0,
  -1 0 0,-1 0 0,
  -1 0 0,-1 0 0,
  -1 0 0,-1 0 0] }
}
}
DEF SHAPE_7 Shape {
 appearance USE APP_2
 geometry DEF FACE_7 IndexedFaceSet {
  coord DEF COORD_7 Coordinate { point [
  -0.22701895 1.2992126 0.33464567,-0.22701895 1.2992126 0.25590551,
  -0.53532785 1.2053693 0.25590551,-0.81167357 1.0395562 0.25590551,
  -1.0395562 0.81167357 0.25590551,-1.2053693 0.53532785 0.25590551,
  -1.2992126 0.22701895 0.25590551,-1.2992126 0.22701895 0.33464567,
  -1.2053693 0.53532785 0.33464567,-1.0395562 0.81167357 0.33464567,
  -0.81167357 1.0395562 0.33464567,-0.53532785 1.2053693 0.33464567] }
 coordIndex [
  5,7,6,-1,5,8,7,-1,4,9,8,-1,4,8,5,-1,3,10,9,-1,3,9,4,-1,2,11,10,-1,2,10,3,-1,
  1,0,11,-1,1,11,2,-1]
  normalPerVertex TRUE
  normal DEF NORM_7 Normal { vector [
  0.29119054 -0.95666508 0,0.29119054 -0.95666508 0,
  0.44301821 -0.89651261 0,0.64721551 -0.76230708 0,
  0.81276909 -0.58258596 0,0.92979412 -0.36808 0,
  0.95666508 -0.29119054 0,0.95666508 -0.29119054 0,
  0.89651261 -0.44301821 0,0.76230708 -0.64721551 0,
  0.58258596 -0.81276909 0,0.36808 -0.92979412 0] }
}
}
DEF SHAPE_8 Shape {
 appearance USE APP_2
 geometry DEF FACE_8 IndexedFaceSet {
  coord DEF COORD_8 Coordinate { point [
  -0.22701895 -1.2992126 0.33464567,-0.22701895 -1.2992126 0.25590551,
  -0.53532785 -1.2053693 0.33464567,-0.81167357 -1.0395562 0.33464567,
  -1.0395562 -0.81167357 0.33464567,-1.2053693 -0.53532785 0.33464567,
  -1.2992126 -0.22701895 0.33464567,-1.2992126 -0.22701895 0.25590551,
  -1.2053693 -0.53532785 0.25590551,-1.0395562 -0.81167357 0.25590551,
  -0.81167357 -1.0395562 0.25590551,-0.53532785 -1.2053693 0.25590551] }
 coordIndex [
  11,0,1,-1,11,2,0,-1,10,3,2,-1,10,2,11,-1,9,4,3,-1,9,3,10,-1,8,5,4,-1,8,4,9,-1,
  7,6,5,-1,7,5,8,-1]
  normalPerVertex TRUE
  normal DEF NORM_8 Normal { vector [
  0.29119054 0.95666508 0,0.29119054 0.95666508 0,
  0.44301821 0.89651261 0,0.64721551 0.76230708 0,
  0.81276909 0.58258596 0,0.92979412 0.36808 0,
  0.95666508 0.29119054 0,0.95666508 0.29119054 0,
  0.89651261 0.44301821 0,0.76230708 0.64721551 0,
  0.58258596 0.81276909 0,0.36808 0.92979412 0] }
}
}
DEF SHAPE_9 Shape {
 appearance USE APP_2
 geometry DEF FACE_9 IndexedFaceSet {
  coord DEF COORD_9 Coordinate { point [
  1.1417323 1.2992126 0.059055118,-0.90551181 1.2992126 0.059055118,
  1.1417323 1.2992126 0.45275591,0.22701895 1.2992126 0.45275591,
  0.22701895 1.2992126 0.25590551,-0.22701895 1.2992126 0.25590551,
  -0.22701895 1.2992126 0.33464567,-0.90551181 1.2992126 0.33464567] }
 coordIndex [
  4,2,0,-1,4,3,2,-1,7,6,5,-1,1,7,5,-1,1,4,0,-1,1,5,4,-1]
  normalPerVertex TRUE
  normal DEF NORM_9 Normal { vector [
  0 1 0,0 1 0,
  0 1 0,0 1 0,
  0 1 0,0 1 0,
  0 1 0,0 1 0] }
}
}
DEF SHAPE_10 Shape {
 appearance USE APP_2
 geometry DEF FACE_10 IndexedFaceSet {
  coord DEF COORD_10 Coordinate { point [
  1.1417323 -1.2992126 0.059055118,1.1417323 -1.2992126 0.45275591,
  -0.90551181 -1.2992126 0.059055118,-0.90551181 -1.2992126 0.33464567,
  -0.22701895 -1.2992126 0.33464567,-0.22701895 -1.2992126 0.25590551,
  0.22701895 -1.2992126 0.25590551,0.22701895 -1.2992126 0.45275591] }
 coordIndex [
  5,3,2,-1,5,4,3,-1,1,7,6,-1,0,1,6,-1,0,5,2,-1,0,6,5,-1]
  normalPerVertex TRUE
  normal DEF NORM_10 Normal { vector [
  0 -1 0,0 -1 0,
  0 -1 0,0 -1 0,
  0 -1 0,0 -1 0,
  0 -1 0,0 -1 0] }
}
}
DEF SHAPE_11 Shape {
 appearance USE APP_2
 geometry DEF FACE_11 IndexedFaceSet {
  coord DEF COORD_11 Coordinate { point [
  1.2992126 0.22701895 0.45275591,1.2053693 0.53532785 0.45275591,
  1.0395562 0.81167357 0.45275591,0.81167357 1.0395562 0.45275591,
  0.53532785 1.2053693 0.45275591,0.22701895 1.2992126 0.45275591,
  1.2992126 0.22701895 0.25590551,1.2053693 0.53532785 0.25590551,
  1.0395562 0.81167357 0.25590551,0.81167357 1.0395562 0.25590551,
  0.53532785 1.2053693 0.25590551,0.22701895 1.2992126 0.25590551] }
 coordIndex [
  10,4,5,-1,10,5,11,-1,9,3,4,-1,9,4,10,-1,8,2,3,-1,8,3,9,-1,7,1,2,-1,7,2,8,-1,
  6,0,1,-1,6,1,7,-1]
  normalPerVertex TRUE
  normal DEF NORM_11 Normal { vector [
  -0.95666508 -0.29119054 0,-0.92979412 -0.36808 0,
  -0.81276909 -0.58258596 0,-0.64721551 -0.76230708 0,
  -0.44301821 -0.89651261 0,-0.29119054 -0.95666508 0,
  -0.95666508 -0.29119054 0,-0.89651261 -0.44301821 0,
  -0.76230708 -0.64721551 0,-0.58258596 -0.81276909 0,
  -0.36808 -0.92979412 0,-0.29119054 -0.95666508 0] }
}
}
DEF SHAPE_12 Shape {
 appearance USE APP_2
 geometry DEF FACE_12 IndexedFaceSet {
  coord DEF COORD_12 Coordinate { point [
  1.2992126 -0.22701895 0.45275591,1.2992126 -0.22701895 0.25590551,
  0.22701895 -1.2992126 0.45275591,0.53532785 -1.2053693 0.45275591,
  0.81167357 -1.0395562 0.45275591,1.0395562 -0.81167357 0.45275591,
  1.2053693 -0.53532785 0.45275591,0.22701895 -1.2992126 0.25590551,
  0.53532785 -1.2053693 0.25590551,0.81167357 -1.0395562 0.25590551,
  1.0395562 -0.81167357 0.25590551,1.2053693 -0.53532785 0.25590551] }
 coordIndex [
  11,0,1,-1,11,6,0,-1,10,5,6,-1,10,6,11,-1,9,4,5,-1,9,5,10,-1,8,3,4,-1,8,4,9,-1,
  7,2,3,-1,7,3,8,-1]
  normalPerVertex TRUE
  normal DEF NORM_12 Normal { vector [
  -0.95666508 0.29119054 0,-0.95666508 0.29119054 0,
  -0.29119054 0.95666508 0,-0.36808 0.92979412 0,
  -0.58258596 0.81276909 0,-0.76230708 0.64721551 0,
  -0.89651261 0.44301821 0,-0.29119054 0.95666508 0,
  -0.44301821 0.89651261 0,-0.64721551 0.76230708 0,
  -0.81276909 0.58258596 0,-0.92979412 0.36808 0] }
}
}
DEF SHAPE_13 Shape {
 appearance USE APP_2
 geometry DEF FACE_13 IndexedFaceSet {
  coord DEF COORD_13 Coordinate { point [
  1.2992126 -1.1417323 0.059055118,1.2992126 -0.12795276 0.059055118,
  1.2992126 -1.1417323 0.45275591,1.2992126 -0.22701895 0.45275591,
  1.2992126 -0.22701895 0.25590551,1.2992126 0.22701895 0.25590551,
  1.2992126 0.22701895 0.45275591,1.2992126 1.1417323 0.45275591,
  1.2992126 1.1417323 0.059055118,1.2992126 0.12795276 0.059055118] }
 coordIndex [
  4,2,0,-1,4,3,2,-1,1,4,0,-1,9,5,4,-1,9,4,1,-1,7,6,5,-1,8,5,9,-1,8,7,5,-1]
  normalPerVertex TRUE
  normal DEF NORM_13 Normal { vector [
  1 0 0,1 0 0,
  1 0 0,1 0 0,
  1 0 0,1 0 0,
  1 0 0,1 0 0,
  1 0 0,1 0 0] }
}
}
DEF SHAPE_14 Shape {
 appearance USE APP_1
 geometry DEF FACE_14 IndexedFaceSet {
  coord DEF COORD_14 Coordinate { point [
  -1.2288833 0 1.0086728,-1.2369151 0 1.0126619,
  -1.2401575 0 1.021023,-1.2125073 0.26037673 1.021023,
  -1.1301331 0.51067379 1.021023,-0.99610569 0.73876576 1.021023,
  -0.81630595 0.93361627 1.021023,-0.59900131 1.085903 1.021023,
  -0.35428365 1.188474 1.021023,-0.093478381 1.2366282 1.021023,
  0.1714321 1.2282497 1.021023,0.42835961 1.1638282 1.021023,
  0.6656359 1.0463859 1.021023,0.87251143 0.88131977 1.021023,
  1.039619 0.67615954 1.021023,1.1593874 0.44023971 1.021023,
  1.2263838 0.18428976 1.021023,1.2375663 -0.080046254 1.021023,
  1.192427 -0.34073968 1.021023,1.0930158 -0.58592905 1.021023,
  0.94384416 -0.80446229 1.021023,0.75167352 -0.98639971 1.021023,
  0.52520659 -1.1234537 1.021023,0.27469904 -1.2093497 1.021023,
  0.011513591 -1.2401026 1.021023,-0.25236627 -1.2142071 1.021023,
  -0.50485184 -1.1327453 1.021023,-0.73429021 -0.9994044 1.021023,
  -0.93003113 -0.82039146 1.021023,-1.083015 -0.60421444 1.021023,
  -1.1863549 -0.36129784 1.021023,-1.2266952 -0.18218649 1.021023,
  -1.2401575 0 1.021023,-1.2288833 0 1.0086728,
  -1.2369151 0 1.0126619,-1.2012332 0.25917695 1.0086728,
  -1.1188688 0.50821762 1.0086728,-0.98489477 0.73494703 1.0086728,
  -0.80524884 0.92829546 1.0086728,-0.58826955 1.0789303 1.0086728,
  -0.34412578 1.1797155 1.0086728,-0.08421774 1.2259928 1.0086728,
  0.17940695 1.215715 1.0086728,0.43461126 1.1494629 1.0086728,
  0.66970084 1.0303685 1.0086728,0.87392848 0.86395216 1.0086728,
  1.0379623 0.65787298 1.0086728,1.1543019 0.4215924 1.0086728,
  1.2176216 0.16595463 1.0086728,1.2250199 -0.097303928 1.0086728,
  1.1761578 -0.35609412 1.0086728,1.0732745 -0.59853372 1.0086728,
  0.92108107 -0.81349521 1.0086728,0.72653859 -0.99111152 1.0086728,
  0.49853721 -1.1232158 1.0086728,0.24749718 -1.2037006 1.0086728,
  -0.015087558 -1.2287893 1.0086728,-0.27714547 -1.1972225 1.0086728,
  -0.52655269 -1.1103573 1.0086728,-0.75168418 -0.97217627 1.0086728,
  -0.94199115 -0.78918747 1.0086728,-1.0885985 -0.57018542 1.0086728,
  -1.1848899 -0.32584006 1.0086728,-1.2178821 -0.16401682 1.0086728,
  -1.0731573 0.61506021 1.0126619,-0.62068388 1.0699104 1.0126619,
  -0.00089249062 1.2369133 1.0126619,0.61833052 1.0712743 1.0126619,
  1.0712011 0.6184612 1.0126619,1.2369097 0 1.0126619,
  1.0712011 -0.6184612 1.0126619,0.61833052 -1.0712743 1.0126619,
  -0.62068388 -1.0699104 1.0126619,-1.230025 0.13032566 1.0126619,
  -1.2092108 0.26028345 1.0126619,-1.1747694 0.38711946 1.0126619,
  -1.1266805 0.51043916 1.0126619,-0.99241769 0.73829316 1.0126619,
  -0.90784282 0.84011246 1.0126619,-0.81234333 0.93277076 1.0126619,
  -0.59477658 1.0845262 1.0126619,-0.47533044 1.1419354 1.0126619,
  -0.34986765 1.1864014 1.0126619,-0.22098389 1.2170136 1.0126619,
  -0.089001578 1.2337076 1.0126619,0.17578308 1.2243589 1.0126619,
  0.30554796 1.1985805 1.0126619,0.43234995 1.1588917 1.0126619,
  0.66899476 1.0403889 1.0126619,0.77619575 0.96306114 1.0126619,
  0.87494796 0.87431982 1.0126619,0.96323139 0.77598636 1.0126619,
  1.0408415 0.66829372 1.0126619,1.1591246 0.431727 1.0126619,
  1.1985612 0.3056201 1.0126619,1.2244073 0.17542772 1.0126619,
  1.2337118 -0.088890823 1.0126619,1.2171922 -0.21998298 1.0126619,
  1.1866135 -0.34914584 1.0126619,1.1426021 -0.47373031 1.0126619,
  1.0852612 -0.59344188 1.0126619,0.93427502 -0.81061694 1.0126619,
  0.84245913 -0.90566607 1.0126619,0.74052975 -0.99074777 1.0126619,
  0.51283918 -1.1255906 1.0126619,0.38974054 -1.1739071 1.0126619,
  0.26156181 -1.2089417 1.0126619,0.13092839 -1.2299644 1.0126619,
  -0.00089249062 -1.2369133 1.0126619,-0.13405048 -1.2296285 1.0126619,
  -0.26534831 -1.2081168 1.0126619,-0.39303822 -1.1728071 1.0126619,
  -0.51679874 -1.123777 1.0126619,-0.74453987 -0.987735 1.0126619,
  -0.84592217 -0.90243021 1.0126619,-0.93795034 -0.80636087 1.0126619,
  -1.0187215 -0.70155241 1.0126619,-1.0731573 -0.61506021 1.0126619,
  -1.088044 -0.58832317 1.0126619,-1.1445168 -0.46907793 1.0126619,
  -1.1880548 -0.34419058 1.0126619,-1.2102854 -0.25524014 1.0126619,
  -1.2246933 -0.17340251 1.0126619,-1.2341499 -0.082620828 1.0126619] }
 coordIndex [
  64,4,5,-1,64,37,36,-1,65,6,7,-1,65,39,38,-1,66,9,10,-1,66,42,41,-1,67,11,12,-1,67,44,43,-1,
  68,14,15,-1,68,47,46,-1,69,16,17,-1,69,49,48,-1,70,19,20,-1,70,52,51,-1,71,21,22,-1,71,54,53,-1,
  72,26,27,-1,72,59,58,-1,73,0,1,-1,73,1,2,-1,73,2,3,-1,73,35,0,-1,74,35,73,-1,74,73,3,-1,
  75,3,4,-1,75,36,35,-1,75,35,74,-1,75,74,3,-1,76,64,36,-1,76,36,75,-1,76,75,4,-1,76,4,64,-1,
  77,64,5,-1,77,37,64,-1,78,5,6,-1,78,38,37,-1,78,77,5,-1,78,37,77,-1,79,6,65,-1,79,65,38,-1,
  79,38,78,-1,79,78,6,-1,80,65,7,-1,80,39,65,-1,81,7,8,-1,81,40,39,-1,81,39,80,-1,81,80,7,-1,
  82,81,8,-1,82,40,81,-1,83,8,9,-1,83,41,40,-1,83,82,8,-1,83,40,82,-1,84,83,9,-1,84,9,66,-1,
  84,66,41,-1,84,41,83,-1,85,66,10,-1,85,42,66,-1,86,42,85,-1,86,10,11,-1,86,43,42,-1,86,85,10,-1,
  87,67,43,-1,87,11,67,-1,87,86,11,-1,87,43,86,-1,88,44,67,-1,88,67,12,-1,89,44,88,-1,89,88,12,-1,
  89,12,13,-1,89,45,44,-1,90,89,13,-1,90,45,89,-1,91,90,13,-1,91,45,90,-1,91,13,14,-1,91,46,45,-1,
  92,91,14,-1,92,46,91,-1,92,14,68,-1,92,68,46,-1,93,47,68,-1,93,68,15,-1,94,15,16,-1,94,93,15,-1,
  94,47,93,-1,94,48,47,-1,95,16,69,-1,95,48,94,-1,95,94,16,-1,95,69,48,-1,96,69,17,-1,96,49,69,-1,
  97,17,18,-1,97,49,96,-1,97,96,17,-1,97,50,49,-1,98,97,18,-1,98,50,97,-1,99,18,19,-1,99,50,98,-1,
  99,98,18,-1,99,51,50,-1,100,51,99,-1,100,99,19,-1,100,19,70,-1,100,70,51,-1,101,70,20,-1,101,52,70,-1,
  102,20,21,-1,102,52,101,-1,102,101,20,-1,102,53,52,-1,103,102,21,-1,103,53,102,-1,103,71,53,-1,103,21,71,-1,
  104,71,22,-1,104,54,71,-1,105,22,23,-1,105,54,104,-1,105,104,22,-1,105,55,54,-1,106,105,23,-1,106,55,105,-1,
  107,23,24,-1,107,56,55,-1,107,106,23,-1,107,55,106,-1,107,108,56,-1,107,24,108,-1,109,24,25,-1,109,57,56,-1,
  109,56,108,-1,109,108,24,-1,110,57,109,-1,110,109,25,-1,111,25,26,-1,111,58,57,-1,111,110,25,-1,111,57,110,-1,
  112,26,72,-1,112,72,58,-1,112,111,26,-1,112,58,111,-1,113,72,27,-1,113,59,72,-1,114,27,28,-1,114,60,59,-1,
  114,113,27,-1,114,59,113,-1,115,114,28,-1,115,60,114,-1,116,29,117,-1,116,28,29,-1,116,117,61,-1,116,61,60,-1,
  116,115,28,-1,116,60,115,-1,118,117,29,-1,118,61,117,-1,119,29,30,-1,119,62,61,-1,119,118,29,-1,119,61,118,-1,
  120,119,30,-1,120,62,119,-1,121,30,31,-1,121,63,62,-1,121,120,30,-1,121,62,120,-1,122,121,31,-1,122,63,121,-1,
  123,31,32,-1,123,34,33,-1,123,32,34,-1,123,33,63,-1,123,122,31,-1,123,63,122,-1]
  normalPerVertex TRUE
  normal DEF NORM_14 Normal { vector [
  -0.29958896 0.02656683 -0.95369841,-0.73798661 0.039015839 -0.67368652,
  -0.98274909 0.086880486 0.16326665,-0.96394391 0.20759259 0.16648561,
  -0.89710514 0.40390723 0.17905675,-0.79335535 0.58662454 0.16266201,
  -0.64407542 0.76389378 -0.040412154,-0.47304651 0.87896019 0.060464689,
  -0.2803469 0.94341862 0.17710712,-0.078458974 0.98056041 0.17984848,
  0.13202444 0.98398481 0.11976408,0.3573852 0.93283626 0.045742023,
  0.53988771 0.8318497 0.12863642,0.69399714 0.69862672 0.17403644,
  0.82563562 0.54459706 0.14744447,0.930245 0.36312798 0.05274761,
  0.98397652 0.13882973 0.11187721,0.98352565 -0.070858005 0.16630225,
  0.94632485 -0.27299885 0.1730344,0.88168888 -0.46367749 0.087337811,
  0.76942025 -0.63785081 -0.033746414,0.5944322 -0.7884466 0.1581212,
  0.41237857 -0.89365791 0.17697305,0.21487641 -0.96113047 0.17336765,
  0.0056217575 -0.98476488 0.17380027,-0.20398577 -0.96334681 0.17422035,
  -0.40160345 -0.89696586 0.18484294,-0.58569717 -0.79391574 0.16326858,
  -0.74130305 -0.64859647 0.17260478,-0.85867931 -0.47445471 0.19381065,
  -0.94906093 -0.31261259 0.039455321,-0.98283534 -0.14296957 -0.11659505,
  -0.99184236 -0.060780504 -0.11204666,-0.3743667 -0.020895802 -0.92704527,
  -0.73832343 -0.024710409 -0.673994,-0.29246035 0.063182008 -0.95418813,
  -0.27065576 0.12228766 -0.95487758,-0.24089408 0.17883598 -0.95393277,
  -0.21881214 0.26076194 -0.94027893,-0.14910571 0.27958105 -0.94847347,
  -0.083549829 0.2852428 -0.95480677,-0.022348681 0.29730301 -0.95452159,
  0.042599248 0.30606829 -0.95105599,0.11644194 0.2990915 -0.94709321,
  0.1666778 0.25280931 -0.95305087,0.21138894 0.20977467 -0.95462522,
  0.2581305 0.16710407 -0.95154867,0.30254784 0.11542337 -0.94611957,
  0.30507196 0.04035475 -0.95147391,0.29555059 -0.024368479 -0.95501624,
  0.28545487 -0.085576882 -0.95456383,0.28650158 -0.155342 -0.9454024,
  0.26286756 -0.22253355 -0.93881812,0.17760719 -0.24162993 -0.95397624,
  0.12055463 -0.27062918 -0.95510545,0.061023371 -0.29163214 -0.95458203,
  -0.0025703119 -0.29785703 -0.95460703,-0.066050911 -0.29037446 -0.95463079,
  -0.12578364 -0.26932519 -0.95479967,-0.18258644 -0.23939198 -0.95360037,
  -0.22765644 -0.19247906 -0.95452834,-0.2599708 -0.13775033 -0.95574057,
  -0.308304 -0.096991552 -0.94633043,-0.3720869 -0.050654109 -0.92681471,
  -0.63662377 0.37494343 -0.6738899,-0.42292587 0.60582765 -0.6738743,
  0.025587681 0.73841688 -0.67385888,0.33028301 0.66092553 -0.67386243,
  0.66048718 0.33114139 -0.67387095,0.73835805 0.026924273 -0.67387125,
  0.6072807 -0.42082805 -0.67387974,0.37756048 -0.63507324 -0.67389173,
  -0.37754177 -0.63510452 -0.67387273,-0.73469613 0.078167993 -0.67387785,
  -0.72202287 0.15536118 -0.67420018,-0.70166528 0.23138942 -0.6738878,
  -0.67417114 0.30053403 -0.67466478,-0.59469788 0.43684164 -0.67491023,
  -0.54227964 0.50181047 -0.67388356,-0.46539654 0.58156657 -0.66722289,
  -0.33138492 0.66876635 -0.66553408,-0.28409781 0.68205019 -0.67386644,
  -0.20907123 0.70828226 -0.67425919,-0.1322485 0.72692596 -0.67386125,
  -0.066098894 0.73105633 -0.67910792,0.09103099 0.72772085 -0.67980565,
  0.18214873 0.7160554 -0.67385941,0.28209246 0.69308176 -0.66337132,
  0.42368471 0.61808638 -0.6621635,0.46325335 0.57558695 -0.67386646,
  0.52222042 0.52211115 -0.67430392,0.57501654 0.46395658 -0.67386962,
  0.59868209 0.41034416 -0.68789347,0.6712554 0.27327336 -0.68901223,
  0.71577314 0.18321208 -0.67387101,0.74163019 0.093058173 -0.66432285,
  0.74509451 -0.066784329 -0.66360683,0.72721482 -0.13059124 -0.67387278,
  0.70844561 -0.20825054 -0.67434155,0.68284965 -0.28214862 -0.67387574,
  0.63987971 -0.31567602 -0.70064443,0.55697795 -0.44360051 -0.70213542,
  0.50394927 -0.54029097 -0.67388485,0.4411454 -0.59703133 -0.67003308,
  0.30413728 -0.67739274 -0.66980564,0.2338627 -0.70083273 -0.67390039,
  0.15630754 -0.7216603 -0.6743696,0.079534089 -0.73452601 -0.67390346,
  -0.00093585553 -0.73838822 -0.67437524,-0.078679225 -0.73460675 -0.67391579,
  -0.15823556 -0.72122593 -0.67438466,-0.23351004 -0.70094946 -0.67390127,
  -0.30189225 -0.66789707 -0.68027536,-0.4372014 -0.58797713 -0.68054231,
  -0.50423908 -0.54010463 -0.67381744,-0.55971156 -0.48147575 -0.67446577,
  -0.60592676 -0.42453178 -0.6727745,-0.58726239 -0.35954043 -0.72515761,
  -0.70021286 -0.34228001 -0.62653519,-0.68327748 -0.28181821 -0.67358027,
  -0.69041442 -0.21234604 -0.69154688,-0.74671334 -0.16179572 -0.64516768,
  -0.73323896 -0.10136963 -0.67237254,-0.76194113 -0.054226547 -0.64537214] }
}
}
DEF SHAPE_15 Shape {
 appearance USE APP_2
 geometry DEF FACE_15 IndexedFaceSet {
  coord DEF COORD_15 Coordinate { point [
  1.2992126 -1.1417323 0.059055118,1.2938466 -1.1824912 0.059055118,
  1.2781142 -1.2204724 0.059055118,1.2530877 -1.2530877 0.059055118,
  1.2204724 -1.2781142 0.059055118,1.1824912 -1.2938466 0.059055118,
  1.1417323 -1.2992126 0.059055118,1.2992126 -0.12795276 0.059055118,
  0.48228346 -0.12795276 0.059055118,0.48228346 0.12795276 0.059055118,
  0.44916685 0.12359287 0.059055118,0.41830709 0.11081034 0.059055118,
  0.3918072 0.090476261 0.059055118,0.37147313 0.063976378 0.059055118,
  0.35869059 0.03311661 0.059055118,0.35433071 0 0.059055118,
  0.35869059 -0.03311661 0.059055118,0.37147313 -0.063976378 0.059055118,
  0.3918072 -0.090476261 0.059055118,0.41830709 -0.11081034 0.059055118,
  0.44916685 -0.12359287 0.059055118,1.2992126 0.12795276 0.059055118,
  1.2992126 1.1417323 0.059055118,1.1417323 1.2992126 0.059055118,
  1.1824912 1.2938466 0.059055118,1.2204724 1.2781142 0.059055118,
  1.2530877 1.2530877 0.059055118,1.2781142 1.2204724 0.059055118,
  1.2938466 1.1824912 0.059055118,-0.90551181 1.2992126 0.059055118,
  -1.2992126 0.90551181 0.059055118,-1.2992126 0.12795276 0.059055118,
  -0.48228346 0.12795276 0.059055118,-0.48228346 -0.12795276 0.059055118,
  -0.44916685 -0.12359287 0.059055118,-0.41830709 -0.11081034 0.059055118,
  -0.3918072 -0.090476261 0.059055118,-0.37147313 -0.063976378 0.059055118,
  -0.35869059 -0.03311661 0.059055118,-0.35433071 0 0.059055118,
  -0.35869059 0.03311661 0.059055118,-0.37147313 0.063976378 0.059055118,
  -0.3918072 0.090476261 0.059055118,-0.41830709 0.11081034 0.059055118,
  -0.44916685 0.12359287 0.059055118,-1.2992126 -0.12795276 0.059055118,
  -1.2992126 -0.90551181 0.059055118,-0.90551181 -1.2992126 0.059055118] }
 coordIndex [
  22,26,27,-1,22,27,28,-1,23,24,25,-1,23,25,26,-1,23,26,22,-1,9,22,21,-1,9,23,22,-1,10,23,9,-1,
  29,10,11,-1,29,23,10,-1,0,8,7,-1,4,0,1,-1,4,1,2,-1,4,2,3,-1,5,0,4,-1,6,0,5,-1,
  6,20,8,-1,6,8,0,-1,41,12,13,-1,41,13,14,-1,41,42,12,-1,43,11,12,-1,43,29,11,-1,43,12,42,-1,
  40,41,14,-1,44,29,43,-1,32,29,44,-1,39,40,14,-1,39,14,15,-1,38,15,16,-1,38,39,15,-1,30,29,32,-1,
  37,38,16,-1,37,16,17,-1,37,17,18,-1,36,18,19,-1,36,37,18,-1,35,36,19,-1,31,30,32,-1,46,45,33,-1,
  47,20,6,-1,47,19,20,-1,47,33,34,-1,47,34,35,-1,47,46,33,-1,47,35,19,-1]
  normalPerVertex TRUE
  normal DEF NORM_15 Normal { vector [
  0 0 -1,0 0 -1,
  0 0 -1,0 0 -1,
  0 0 -1,0 0 -1,
  0 0 -1,0 0 -1,
  0 0 -1,0 0 -1,
  0 0 -1,0 0 -1,
  0 0 -1,0 0 -1,
  0 0 -1,0 0 -1,
  0 0 -1,0 0 -1,
  0 0 -1,0 0 -1,
  0 0 -1,0 0 -1,
  0 0 -1,0 0 -1,
  0 0 -1,0 0 -1,
  0 0 -1,0 0 -1,
  0 0 -1,0 0 -1,
  0 0 -1,0 0 -1,
  0 0 -1,0 0 -1,
  0 0 -1,0 0 -1,
  0 0 -1,0 0 -1,
  0 0 -1,0 0 -1,
  0 0 -1,0 0 -1,
  0 0 -1,0 0 -1,
  0 0 -1,0 0 -1,
  0 0 -1,0 0 -1] }
}
}
DEF SHAPE_16 Shape {
 appearance USE APP_2
 geometry DEF FACE_16 IndexedFaceSet {
  coord DEF COORD_16 Coordinate { point [
  -0.90551181 1.2992126 0.059055118,-1.2992126 0.90551181 0.059055118,
  -0.90551181 1.2992126 0.33464567,-1.2992126 0.90551181 0.33464567] }
 coordIndex [
  1,2,0,-1,1,3,2,-1]
  normalPerVertex TRUE
  normal DEF NORM_16 Normal { vector [
  -0.70710678 0.70710678 0,-0.70710678 0.70710678 0,
  -0.70710678 0.70710678 0,-0.70710678 0.70710678 0] }
}
}
DEF SHAPE_17 Shape {
 appearance USE APP_1
 geometry DEF FACE_17 IndexedFaceSet {
  coord DEF COORD_17 Coordinate { point [
  -1.2992126 0.12795276 0.059055118,-1.5354331 0.12795276 0.059055118,
  -1.5354331 -0.12795276 0.059055118,-1.2992126 -0.12795276 0.059055118] }
 coordIndex [
  2,0,1,-1,2,3,0,-1]
  normalPerVertex TRUE
  normal DEF NORM_17 Normal { vector [
  0 0 1,0 0 1,
  0 0 1,0 0 1] }
}
}
DEF SHAPE_18 Shape {
 appearance USE APP_2
 geometry DEF FACE_18 IndexedFaceSet {
  coord DEF COORD_18 Coordinate { point [
  -1.2992126 0.22701895 0.33464567,-1.2053693 0.53532785 0.33464567,
  -1.0395562 0.81167357 0.33464567,-0.81167357 1.0395562 0.33464567,
  -0.53532785 1.2053693 0.33464567,-0.22701895 1.2992126 0.33464567,
  -0.90551181 1.2992126 0.33464567,-1.2992126 0.90551181 0.33464567] }
 coordIndex [
  6,4,5,-1,3,4,6,-1,7,2,3,-1,7,3,6,-1,1,2,7,-1,0,1,7,-1]
  normalPerVertex TRUE
  normal DEF NORM_18 Normal { vector [
  0 0 1,0 0 1,
  0 0 1,0 0 1,
  0 0 1,0 0 1,
  0 0 1,0 0 1] }
}
}
DEF SHAPE_19 Shape {
 appearance USE APP_2
 geometry DEF FACE_19 IndexedFaceSet {
  coord DEF COORD_19 Coordinate { point [
  -1.2992126 -0.90551181 0.059055118,-0.90551181 -1.2992126 0.059055118,
  -1.2992126 -0.90551181 0.33464567,-0.90551181 -1.2992126 0.33464567] }
 coordIndex [
  1,2,0,-1,1,3,2,-1]
  normalPerVertex TRUE
  normal DEF NORM_19 Normal { vector [
  -0.70710678 -0.70710678 0,-0.70710678 -0.70710678 0,
  -0.70710678 -0.70710678 0,-0.70710678 -0.70710678 0] }
}
}
DEF SHAPE_20 Shape {
 appearance USE APP_2
 geometry DEF FACE_20 IndexedFaceSet {
  coord DEF COORD_20 Coordinate { point [
  -0.22701895 -1.2992126 0.33464567,-0.90551181 -1.2992126 0.33464567,
  -0.53532785 -1.2053693 0.33464567,-0.81167357 -1.0395562 0.33464567,
  -1.0395562 -0.81167357 0.33464567,-1.2053693 -0.53532785 0.33464567,
  -1.2992126 -0.22701895 0.33464567,-1.2992126 -0.90551181 0.33464567] }
 coordIndex [
  7,4,5,-1,7,5,6,-1,1,2,3,-1,1,3,4,-1,1,4,7,-1,1,0,2,-1]
  normalPerVertex TRUE
  normal DEF NORM_20 Normal { vector [
  0 0 1,0 0 1,
  0 0 1,0 0 1,
  0 0 1,0 0 1,
  0 0 1,0 0 1] }
}
}
DEF SHAPE_21 Shape {
 appearance USE APP_2
 geometry DEF FACE_21 IndexedFaceSet {
  coord DEF COORD_21 Coordinate { point [
  1.2992126 0.22701895 0.45275591,1.2053693 0.53532785 0.45275591,
  1.0395562 0.81167357 0.45275591,0.81167357 1.0395562 0.45275591,
  0.53532785 1.2053693 0.45275591,0.22701895 1.2992126 0.45275591,
  1.2992126 1.1417323 0.45275591,1.1417323 1.2992126 0.45275591,
  1.1824912 1.2938466 0.45275591,1.2204724 1.2781142 0.45275591,
  1.2530877 1.2530877 0.45275591,1.2781142 1.2204724 0.45275591,
  1.2938466 1.1824912 0.45275591] }
 coordIndex [
  12,11,10,-1,7,9,8,-1,7,10,9,-1,7,6,12,-1,7,12,10,-1,2,6,7,-1,2,7,3,-1,1,6,2,-1,
  4,3,7,-1,0,6,1,-1,5,4,7,-1]
  normalPerVertex TRUE
  normal DEF NORM_21 Normal { vector [
  0 0 1,0 0 1,
  0 0 1,0 0 1,
  0 0 1,0 0 1,
  0 0 1,0 0 1,
  0 0 1,0 0 1,
  0 0 1,0 0 1,
  0 0 1] }
}
}
DEF SHAPE_22 Shape {
 appearance USE APP_2
 geometry DEF FACE_22 IndexedFaceSet {
  coord DEF COORD_22 Coordinate { point [
  1.1417323 1.2992126 0.059055118,1.1417323 1.2992126 0.45275591,
  1.1824912 1.2938466 0.45275591,1.2204724 1.2781142 0.45275591,
  1.2530877 1.2530877 0.45275591,1.2781142 1.2204724 0.45275591,
  1.2938466 1.1824912 0.45275591,1.2992126 1.1417323 0.45275591,
  1.2992126 1.1417323 0.059055118,1.1824912 1.2938466 0.059055118,
  1.2204724 1.2781142 0.059055118,1.2530877 1.2530877 0.059055118,
  1.2781142 1.2204724 0.059055118,1.2938466 1.1824912 0.059055118] }
 coordIndex [
  6,7,8,-1,6,8,13,-1,5,13,12,-1,5,6,13,-1,4,12,11,-1,4,5,12,-1,3,11,10,-1,3,4,11,-1,
  2,10,9,-1,2,3,10,-1,1,9,0,-1,1,2,9,-1]
  normalPerVertex TRUE
  normal DEF NORM_22 Normal { vector [
  0.13052619 0.99144486 0,0.13052619 0.99144486 0,
  0.30091828 0.95364993 0,0.5374875 0.84327172 0,
  0.73742784 0.67542593 0,0.88711369 0.46155098 0,
  0.9763442 0.21622209 0,0.99144486 0.13052619 0,
  0.99144486 0.13052619 0,0.21622209 0.9763442 0,
  0.46155098 0.88711369 0,0.67542593 0.73742784 0,
  0.84327172 0.5374875 0,0.95364993 0.30091828 0] }
}
}
DEF SHAPE_23 Shape {
 appearance USE APP_2
 geometry DEF FACE_23 IndexedFaceSet {
  coord DEF COORD_23 Coordinate { point [
  1.2992126 -1.1417323 0.059055118,1.2992126 -1.1417323 0.45275591,
  1.2938466 -1.1824912 0.45275591,1.2781142 -1.2204724 0.45275591,
  1.2530877 -1.2530877 0.45275591,1.2204724 -1.2781142 0.45275591,
  1.1824912 -1.2938466 0.45275591,1.1417323 -1.2992126 0.45275591,
  1.1417323 -1.2992126 0.059055118,1.2938466 -1.1824912 0.059055118,
  1.2781142 -1.2204724 0.059055118,1.2530877 -1.2530877 0.059055118,
  1.2204724 -1.2781142 0.059055118,1.1824912 -1.2938466 0.059055118] }
 coordIndex [
  6,7,8,-1,6,8,13,-1,5,13,12,-1,5,6,13,-1,4,12,11,-1,4,5,12,-1,3,11,10,-1,3,4,11,-1,
  2,10,9,-1,2,3,10,-1,1,9,0,-1,1,2,9,-1]
  normalPerVertex TRUE
  normal DEF NORM_23 Normal { vector [
  0.99144486 -0.13052619 0,0.99144486 -0.13052619 0,
  0.95364993 -0.30091828 0,0.84327172 -0.5374875 0,
  0.67542593 -0.73742784 0,0.46155098 -0.88711369 0,
  0.21622209 -0.9763442 0,0.13052619 -0.99144486 0,
  0.13052619 -0.99144486 0,0.9763442 -0.21622209 0,
  0.88711369 -0.46155098 0,0.73742784 -0.67542593 0,
  0.5374875 -0.84327172 0,0.30091828 -0.95364993 0] }
}
}
DEF SHAPE_24 Shape {
 appearance USE APP_2
 geometry DEF FACE_24 IndexedFaceSet {
  coord DEF COORD_24 Coordinate { point [
  1.2992126 -1.1417323 0.45275591,1.2938466 -1.1824912 0.45275591,
  1.2781142 -1.2204724 0.45275591,1.2530877 -1.2530877 0.45275591,
  1.2204724 -1.2781142 0.45275591,1.1824912 -1.2938466 0.45275591,
  1.1417323 -1.2992126 0.45275591,1.2992126 -0.22701895 0.45275591,
  0.22701895 -1.2992126 0.45275591,0.53532785 -1.2053693 0.45275591,
  0.81167357 -1.0395562 0.45275591,1.0395562 -0.81167357 0.45275591,
  1.2053693 -0.53532785 0.45275591] }
 coordIndex [
  0,12,11,-1,0,7,12,-1,3,1,0,-1,3,2,1,-1,4,3,0,-1,6,5,4,-1,6,4,0,-1,10,0,11,-1,
  10,6,0,-1,9,6,10,-1,8,6,9,-1]
  normalPerVertex TRUE
  normal DEF NORM_24 Normal { vector [
  0 0 1,0 0 1,
  0 0 1,0 0 1,
  0 0 1,0 0 1,
  0 0 1,0 0 1,
  0 0 1,0 0 1,
  0 0 1,0 0 1,
  0 0 1] }
}
}
DEF SHAPE_25 Shape {
 appearance USE APP_1
 geometry DEF FACE_25 IndexedFaceSet {
  coord DEF COORD_25 Coordinate { point [
  1.2992126 -0.12795276 0.059055118,1.5354331 -0.12795276 0.059055118,
  1.5354331 0.12795276 0.059055118,1.2992126 0.12795276 0.059055118] }
 coordIndex [
  3,0,1,-1,2,3,1,-1]
  normalPerVertex TRUE
  normal DEF NORM_25 Normal { vector [
  0 0 1,0 0 1,
  0 0 1,0 0 1] }
}
}
DEF SHAPE_26 Shape {
 appearance USE APP_1
 geometry DEF FACE_26 IndexedFaceSet {
  coord DEF COORD_26 Coordinate { point [
  -1.2401575 0 1.021023,-1.2125073 0.26037673 1.021023,
  -1.1301331 0.51067379 1.021023,-0.99610569 0.73876576 1.021023,
  -0.81630595 0.93361627 1.021023,-0.59900131 1.085903 1.021023,
  -0.35428365 1.188474 1.021023,-0.093478381 1.2366282 1.021023,
  0.1714321 1.2282497 1.021023,0.42835961 1.1638282 1.021023,
  0.6656359 1.0463859 1.021023,0.87251143 0.88131977 1.021023,
  1.039619 0.67615954 1.021023,1.1593874 0.44023971 1.021023,
  1.2263838 0.18428976 1.021023,1.2375663 -0.080046254 1.021023,
  1.192427 -0.34073968 1.021023,1.0930158 -0.58592905 1.021023,
  0.94384416 -0.80446229 1.021023,0.75167352 -0.98639971 1.021023,
  0.52520659 -1.1234537 1.021023,0.27469904 -1.2093497 1.021023,
  0.011513591 -1.2401026 1.021023,-0.25236627 -1.2142071 1.021023,
  -0.50485184 -1.1327453 1.021023,-0.73429021 -0.9994044 1.021023,
  -0.93003113 -0.82039146 1.021023,-1.083015 -0.60421444 1.021023,
  -1.1863549 -0.36129784 1.021023,-1.2266952 -0.18218649 1.021023,
  -1.2401575 0 1.021023,-1.2401575 0 2.8661417,
  -1.2062336 0.28808185 2.8661417,-1.1063178 0.56040302 2.8661417,
  -0.94587641 0.80206507 2.8661417,-0.73368706 0.99984693 2.8661417,
  -0.48135839 1.1429281 2.8661417,-0.20269507 1.2234808 2.8661417,
  0.087057503 1.237098 2.8661417,0.37204724 1.1830348 2.8661417,
  0.65656064 1.052102 2.8661417,0.89919935 0.85406739 2.8661417,
  1.0844882 0.6015613 2.8661417,1.2006096 0.31068833 2.8661417,
  1.2401575 1.2600592e-08 2.8661417,1.2006096 -0.31068831 2.8661417,
  1.0844882 -0.60156129 2.8661417,0.89919936 -0.85406738 2.8661417,
  0.65656064 -1.052102 2.8661417,0.37204724 -1.1830348 2.8661417,
  0.087057503 -1.237098 2.8661417,-0.20269507 -1.2234808 2.8661417,
  -0.48135839 -1.1429281 2.8661417,-0.73368706 -0.99984693 2.8661417,
  -0.94587641 -0.80206507 2.8661417,-1.1063178 -0.56040302 2.8661417,
  -1.2062336 -0.28808185 2.8661417,-1.2401575 0 2.8661417] }
 coordIndex [
  57,30,29,-1,56,29,28,-1,56,57,29,-1,55,28,27,-1,55,56,28,-1,54,27,26,-1,54,55,27,-1,53,25,24,-1,
  53,26,25,-1,53,54,26,-1,52,24,23,-1,52,53,24,-1,51,23,22,-1,51,52,23,-1,50,22,21,-1,50,51,22,-1,
  49,21,20,-1,49,50,21,-1,48,49,20,-1,48,20,19,-1,47,48,19,-1,47,19,18,-1,46,47,18,-1,46,17,16,-1,
  46,18,17,-1,45,16,15,-1,45,46,16,-1,44,45,15,-1,44,15,14,-1,43,14,13,-1,43,44,14,-1,42,13,12,-1,
  42,43,13,-1,41,12,11,-1,41,42,12,-1,40,10,9,-1,40,11,10,-1,40,41,11,-1,39,9,8,-1,39,40,9,-1,
  38,8,7,-1,38,39,8,-1,37,7,6,-1,37,38,7,-1,36,6,5,-1,36,37,6,-1,35,5,4,-1,35,36,5,-1,
  34,4,3,-1,34,35,4,-1,33,3,2,-1,33,34,3,-1,32,2,1,-1,32,33,2,-1,31,1,0,-1,31,32,1,-1]
  normalPerVertex TRUE
  normal DEF NORM_26 Normal { vector [
  -0.99440876 0.10559936 0,-0.98414629 0.17735857 0.00010388652,
  -0.92153483 0.3882956 -0.0002848841,-0.81399336 0.5808739 -0.00056044811,
  -0.66663266 0.74538604 -0.00074085489,-0.48664916 0.87359711 -0.0008320216,
  -0.28288078 0.95915471 -0.00083715119,-0.065335183 0.99786309 -0.00075947716,
  0.15532862 0.98786267 -0.00060003007,0.3727357 0.92793753 0.00020090497,
  0.53669472 0.8437765 2.5722918e-05,0.67768197 0.73535496 0.00046639568,
  0.82663478 0.56273878 -5.1501782e-05,0.93261259 0.36087901 -0.00030290351,
  0.99011289 0.14027254 -0.00028571623,0.99615434 -0.087615771 2.5240565e-06,
  0.95042679 -0.3109479 0.00056228214,0.88135337 -0.47245765 7.0630622e-05,
  0.77839149 -0.62777916 0.00013142627,0.61594281 -0.78779084 -0.00023255022,
  0.42143931 -0.90685655 -0.00033021754,0.2090207 -0.97791096 -0.0007071834,
  -0.010723715 -0.99994236 -0.0005268461,-0.23001859 -0.9731862 -0.00026614854,
  -0.43813869 -0.89890738 7.5467423e-05,-0.59204836 -0.80590244 2.5138885e-07,
  -0.72647154 -0.68719654 0.00010249388,-0.85948219 -0.51116564 -0.00023739746,
  -0.94361498 -0.33104494 0.00011928357,-0.99099703 -0.1338765 0.0014021422,
  -0.99728103 -0.073692185 0,-0.99375659 0.11156666 0.00085185845,
  -0.96622632 0.25769272 0.0010801846,-0.8830373 0.46930054 0.0014616332,
  -0.75409197 0.65676657 0.0017240767,-0.58605351 0.81027017 0.0018807142,
  -0.38764267 0.92180768 0.0019391521,-0.16916196 0.98558644 0.0018988018,
  0.058050268 0.99831212 0.0017559451,0.28892882 0.95734915 0.0016583655,
  0.53275904 0.84626558 0.0015398053,0.74053259 0.67201811 0.0017742132,
  0.87973428 0.47545969 0.0023828867,0.96789822 0.25132937 0.0025637196,
  0.99991762 0.01262442 0.0023186228,0.97393581 -0.22681783 0.001648857,
  0.87765086 -0.47929803 0.0015396691,0.71405899 -0.70008214 0.0021816175,
  0.5259411 -0.8505172 0.0025395009,0.31367792 -0.9495268 0.0022396135,
  0.084664914 -0.99640807 0.001677779,-0.14277992 -0.98975349 0.0013890898,
  -0.36286962 -0.93183938 0.0010002621,-0.59181833 -0.80607102 0.00075964421,
  -0.78021907 -0.62550558 0.00098730753,-0.90134318 -0.43310335 0.0013983616,
  -0.97336213 -0.22925878 0.0025661672,-0.99495815 -0.10025621 0.0026398723] }
}
}
DEF SHAPE_27 Shape {
 appearance USE APP_1
 geometry DEF FACE_27 IndexedFaceSet {
  coord DEF COORD_27 Coordinate { point [
  -1.5354331 -0.12795276 0,-1.5354331 -0.12795276 0.059055118,
  -1.2992126 -0.12795276 0.059055118,-0.48228346 -0.12795276 0.059055118,
  -0.48228346 -0.12795276 0] }
 coordIndex [
  2,1,0,-1,4,3,2,-1,4,2,0,-1]
  normalPerVertex TRUE
  normal DEF NORM_27 Normal { vector [
  0 -1 0,0 -1 0,
  0 -1 0,0 -1 0,
  0 -1 0] }
}
}
DEF SHAPE_28 Shape {
 appearance USE APP_1
 geometry DEF FACE_28 IndexedFaceSet {
  coord DEF COORD_28 Coordinate { point [
  -0.48228346 -0.12795276 0,-0.44916685 -0.12359287 0,
  -0.41830709 -0.11081034 0,-0.3918072 -0.090476261 0,
  -0.37147313 -0.063976378 0,-0.35869059 -0.03311661 0,
  -0.35433071 0 0,-0.35869059 0.03311661 0,
  -0.37147313 0.063976378 0,-0.3918072 0.090476261 0,
  -0.41830709 0.11081034 0,-0.44916685 0.12359287 0,
  -0.48228346 0.12795276 0,-0.48228346 0.12795276 0.059055118,
  -0.48228346 -0.12795276 0.059055118,-0.44916685 -0.12359287 0.059055118,
  -0.41830709 -0.11081034 0.059055118,-0.3918072 -0.090476261 0.059055118,
  -0.37147313 -0.063976378 0.059055118,-0.35869059 -0.03311661 0.059055118,
  -0.35433071 0 0.059055118,-0.35869059 0.03311661 0.059055118,
  -0.37147313 0.063976378 0.059055118,-0.3918072 0.090476261 0.059055118,
  -0.41830709 0.11081034 0.059055118,-0.44916685 0.12359287 0.059055118] }
 coordIndex [
  11,12,13,-1,11,13,25,-1,10,25,24,-1,10,11,25,-1,9,24,23,-1,9,10,24,-1,8,23,22,-1,8,9,23,-1,
  7,22,21,-1,7,8,22,-1,6,21,20,-1,6,7,21,-1,5,20,19,-1,5,6,20,-1,4,19,18,-1,4,5,19,-1,
  3,18,17,-1,3,4,18,-1,2,17,16,-1,2,3,17,-1,1,16,15,-1,1,2,16,-1,0,15,14,-1,0,1,15,-1]
  normalPerVertex TRUE
  normal DEF NORM_28 Normal { vector [
  0.13052619 -0.99144486 0,0.30091828 -0.95364993 0,
  0.5374875 -0.84327172 0,0.73742784 -0.67542593 0,
  0.88711369 -0.46155098 0,0.9763442 -0.21622209 0,
  0.99903848 0.04384197 0,0.95364993 0.30091828 0,
  0.84327172 0.5374875 0,0.67542593 0.73742784 0,
  0.46155098 0.88711369 0,0.21622209 0.9763442 0,
  0.13052619 0.99144486 0,0.13052619 0.99144486 0,
  0.13052619 -0.99144486 0,0.21622209 -0.9763442 0,
  0.46155098 -0.88711369 0,0.67542593 -0.73742784 0,
  0.84327172 -0.5374875 0,0.95364993 -0.30091828 0,
  0.99903848 -0.04384197 0,0.9763442 0.21622209 0,
  0.88711369 0.46155098 0,0.73742784 0.67542593 0,
  0.5374875 0.84327172 0,0.30091828 0.95364993 0] }
}
}
DEF SHAPE_29 Shape {
 appearance USE APP_1
 geometry DEF FACE_29 IndexedFaceSet {
  coord DEF COORD_29 Coordinate { point [
  -0.48228346 0.12795276 0,-0.48228346 0.12795276 0.059055118,
  -1.2992126 0.12795276 0.059055118,-1.5354331 0.12795276 0.059055118,
  -1.5354331 0.12795276 0] }
 coordIndex [
  2,1,0,-1,4,3,2,-1,4,2,0,-1]
  normalPerVertex TRUE
  normal DEF NORM_29 Normal { vector [
  0 1 0,0 1 0,
  0 1 0,0 1 0,
  0 1 0] }
}
}
DEF SHAPE_30 Shape {
 appearance USE APP_1
 geometry DEF FACE_30 IndexedFaceSet {
  coord DEF COORD_30 Coordinate { point [
  1.5354331 0.12795276 0,1.5354331 0.12795276 0.059055118,
  1.2992126 0.12795276 0.059055118,0.48228346 0.12795276 0.059055118,
  0.48228346 0.12795276 0] }
 coordIndex [
  2,1,0,-1,4,3,2,-1,4,2,0,-1]
  normalPerVertex TRUE
  normal DEF NORM_30 Normal { vector [
  0 1 0,0 1 0,
  0 1 0,0 1 0,
  0 1 0] }
}
}
DEF SHAPE_31 Shape {
 appearance USE APP_1
 geometry DEF FACE_31 IndexedFaceSet {
  coord DEF COORD_31 Coordinate { point [
  0.48228346 0.12795276 0,0.44916685 0.12359287 0,
  0.41830709 0.11081034 0,0.3918072 0.090476261 0,
  0.37147313 0.063976378 0,0.35869059 0.03311661 0,
  0.35433071 0 0,0.35869059 -0.03311661 0,
  0.37147313 -0.063976378 0,0.3918072 -0.090476261 0,
  0.41830709 -0.11081034 0,0.44916685 -0.12359287 0,
  0.48228346 -0.12795276 0,0.48228346 -0.12795276 0.059055118,
  0.48228346 0.12795276 0.059055118,0.44916685 0.12359287 0.059055118,
  0.41830709 0.11081034 0.059055118,0.3918072 0.090476261 0.059055118,
  0.37147313 0.063976378 0.059055118,0.35869059 0.03311661 0.059055118,
  0.35433071 0 0.059055118,0.35869059 -0.03311661 0.059055118,
  0.37147313 -0.063976378 0.059055118,0.3918072 -0.090476261 0.059055118,
  0.41830709 -0.11081034 0.059055118,0.44916685 -0.12359287 0.059055118] }
 coordIndex [
  11,12,13,-1,11,13,25,-1,10,25,24,-1,10,11,25,-1,9,24,23,-1,9,10,24,-1,8,23,22,-1,8,9,23,-1,
  7,22,21,-1,7,8,22,-1,6,21,20,-1,6,7,21,-1,5,20,19,-1,5,6,20,-1,4,19,18,-1,4,5,19,-1,
  3,18,17,-1,3,4,18,-1,2,17,16,-1,2,3,17,-1,1,16,15,-1,1,2,16,-1,0,15,14,-1,0,1,15,-1]
  normalPerVertex TRUE
  normal DEF NORM_31 Normal { vector [
  -0.13052619 0.99144486 0,-0.30091828 0.95364993 0,
  -0.5374875 0.84327172 0,-0.73742784 0.67542593 0,
  -0.88711369 0.46155098 0,-0.9763442 0.21622209 0,
  -0.99903848 -0.04384197 0,-0.95364993 -0.30091828 0,
  -0.84327172 -0.5374875 0,-0.67542593 -0.73742784 0,
  -0.46155098 -0.88711369 0,-0.21622209 -0.9763442 0,
  -0.13052619 -0.99144486 0,-0.13052619 -0.99144486 0,
  -0.13052619 0.99144486 0,-0.21622209 0.9763442 0,
  -0.46155098 0.88711369 0,-0.67542593 0.73742784 0,
  -0.84327172 0.5374875 0,-0.95364993 0.30091828 0,
  -0.99903848 0.04384197 0,-0.9763442 -0.21622209 0,
  -0.88711369 -0.46155098 0,-0.73742784 -0.67542593 0,
  -0.5374875 -0.84327172 0,-0.30091828 -0.95364993 0] }
}
}
DEF SHAPE_32 Shape {
 appearance USE APP_1
 geometry DEF FACE_32 IndexedFaceSet {
  coord DEF COORD_32 Coordinate { point [
  0.48228346 -0.12795276 0,0.48228346 -0.12795276 0.059055118,
  1.2992126 -0.12795276 0.059055118,1.5354331 -0.12795276 0.059055118,
  1.5354331 -0.12795276 0] }
 coordIndex [
  2,1,0,-1,4,3,2,-1,4,2,0,-1]
  normalPerVertex TRUE
  normal DEF NORM_32 Normal { vector [
  0 -1 0,0 -1 0,
  0 -1 0,0 -1 0,
  0 -1 0] }
}
}
DEF SHAPE_33 Shape {
 appearance USE APP_1
 geometry DEF FACE_33 IndexedFaceSet {
  coord DEF COORD_33 Coordinate { point [
  -1.5354331 0.12795276 0,-1.5354331 0.12795276 0.059055118,
  -1.5354331 -0.12795276 0.059055118,-1.5354331 -0.12795276 0] }
 coordIndex [
  3,1,0,-1,3,2,1,-1]
  normalPerVertex TRUE
  normal DEF NORM_33 Normal { vector [
  -1 0 0,-1 0 0,
  -1 0 0,-1 0 0] }
}
}
DEF SHAPE_34 Shape {
 appearance USE APP_1
 geometry DEF FACE_34 IndexedFaceSet {
  coord DEF COORD_34 Coordinate { point [
  1.5354331 -0.12795276 0,1.5354331 -0.12795276 0.059055118,
  1.5354331 0.12795276 0.059055118,1.5354331 0.12795276 0] }
 coordIndex [
  3,1,0,-1,3,2,1,-1]
  normalPerVertex TRUE
  normal DEF NORM_34 Normal { vector [
  1 0 0,1 0 0,
  1 0 0,1 0 0] }
}
}
DEF SHAPE_35 Shape {
 appearance USE APP_1
 geometry DEF FACE_35 IndexedFaceSet {
  coord DEF COORD_35 Coordinate { point [
  -1.0748031 0 3.0314961,-1.0438608 0.25604004 3.0314961,
  -0.95281523 0.49733787 3.0314961,-0.80690872 0.71000009 3.0314961,
  -0.61454221 0.8817821 3.0314961,-0.38679174 1.0027931 3.0314961,
  -0.13677067 1.0660655 3.0314961,0.12112535 1.0679562 3.0314961,
  0.37204724 1.0083564 3.0314961,0.37204724 1.1830348 2.8661417,
  0.37204724 1.1781609 2.9050738,0.37204724 1.1638338 2.941759,
  0.37204724 1.1409081 2.9741156,0.37204724 1.1107183 3.0003667,
  0.37204724 1.0749651 3.0191375,0.37204724 1.042319 3.0283848,
  -1.2401575 0 2.8661417,-1.2062336 0.28808185 2.8661417,
  -1.1063178 0.56040302 2.8661417,-0.94587641 0.80206507 2.8661417,
  -0.73368706 0.99984693 2.8661417,-0.48135839 1.1429281 2.8661417,
  -0.20269507 1.2234808 2.8661417,0.087057503 1.237098 2.8661417,
  -1.2345232 0 2.9089386,-1.2180042 0 2.9488189,
  -1.1917263 0 2.9830649,-1.1574803 0 3.0093428,
  -1.1176 0 3.0258618,0.13924514 1.2277175 2.9047429,
  0.13772896 1.2143494 2.941211,0.13529526 1.1928916 2.9735308,
  0.13207853 1.1645299 2.9999162,0.12825653 1.1308315 3.0189092,
  0.12476079 1.1000097 3.0283188,-0.15723093 1.2255439 2.9047429,
  -0.15551891 1.2121995 2.941211,-0.15277086 1.1907797 2.9735308,
  -0.14913864 1.1624682 2.9999162,-0.14482296 1.1288294 3.0189092,
  -0.14087569 1.0980623 3.0283188,-0.444654 1.1528063 2.9047429,
  -0.43981235 1.1402539 2.941211,-0.43204078 1.1201054 2.9735308,
  -0.42176874 1.0934742 2.9999162,-0.40956386 1.0618319 3.0189092,
  -0.39840087 1.0328908 3.0283188,-0.70647488 1.0136926 2.9047429,
  -0.69878238 1.002655 2.941211,-0.68643476 0.98493785 2.9735308,
  -0.67011434 0.96152034 2.9999162,-0.650723 0.93369647 3.0189092,
  -0.63298702 0.90824782 3.0283188,-0.92761853 0.81621282 2.9047429,
  -0.91751809 0.80732543 2.941211,-0.90130536 0.79305983 2.9735308,
  -0.87987626 0.77420434 2.9999162,-0.85441496 0.7518009 3.0189092,
  -0.83112719 0.73130996 3.0283188,-1.095352 0.57173731 2.9047429,
  -1.0834252 0.56551191 2.941211,-1.0642808 0.5555192 2.9735308,
  -1.0389769 0.54231138 2.9999162,-1.0089116 0.52661832 3.0189092,
  -0.98141292 0.51226491 3.0283188,-1.2000175 0.29434244 2.9047429,
  -1.186951 0.29113748 2.941211,-1.1659774 0.28599302 2.9735308,
  -1.1382555 0.27919336 2.9999162,-1.1053174 0.27111424 3.0189092,
  -1.0751911 0.2637248 3.0283188] }
 coordIndex [
  7,8,15,-1,24,17,16,-1,29,10,9,-1,29,9,23,-1,30,11,10,-1,30,29,23,-1,30,10,29,-1,31,12,11,-1,
  31,11,30,-1,31,30,23,-1,32,13,12,-1,32,12,31,-1,33,14,13,-1,33,13,32,-1,34,15,14,-1,34,7,15,-1,
  34,14,33,-1,35,23,22,-1,36,23,35,-1,36,35,22,-1,37,23,36,-1,37,36,22,-1,37,31,23,-1,38,32,31,-1,
  38,31,37,-1,39,33,32,-1,39,32,38,-1,40,6,7,-1,40,34,33,-1,40,33,39,-1,40,7,34,-1,41,22,21,-1,
  42,22,41,-1,42,41,21,-1,43,37,22,-1,43,22,42,-1,44,38,37,-1,44,37,43,-1,45,38,44,-1,45,39,38,-1,
  46,39,45,-1,46,5,6,-1,46,6,40,-1,46,40,39,-1,47,21,20,-1,48,21,47,-1,48,47,20,-1,48,42,21,-1,
  49,42,48,-1,49,43,42,-1,50,44,43,-1,50,43,49,-1,51,44,50,-1,51,45,44,-1,52,46,45,-1,52,4,5,-1,
  52,5,46,-1,52,45,51,-1,53,20,19,-1,54,48,20,-1,54,20,53,-1,54,53,19,-1,55,48,54,-1,55,49,48,-1,
  56,50,49,-1,56,49,55,-1,57,51,50,-1,57,52,51,-1,57,50,56,-1,58,3,4,-1,58,4,52,-1,58,52,57,-1,
  59,19,18,-1,60,54,19,-1,60,19,59,-1,60,59,18,-1,61,54,60,-1,61,55,54,-1,62,55,61,-1,62,56,55,-1,
  63,57,56,-1,63,56,62,-1,64,2,3,-1,64,57,63,-1,64,58,57,-1,64,3,58,-1,65,18,17,-1,65,17,24,-1,
  66,24,25,-1,66,60,18,-1,66,65,24,-1,66,18,65,-1,67,25,26,-1,67,61,60,-1,67,66,25,-1,67,60,66,-1,
  68,26,27,-1,68,62,61,-1,68,67,26,-1,68,61,67,-1,69,27,28,-1,69,63,62,-1,69,64,63,-1,69,62,68,-1,
  69,68,27,-1,70,0,1,-1,70,1,2,-1,70,28,0,-1,70,2,64,-1,70,64,69,-1,70,69,28,-1]
  normalPerVertex TRUE
  normal DEF NORM_35 Normal { vector [
  -0.11682588 0.011792352 0.9930824,-0.095195337 0.023349683 0.99518473,
  -0.08875492 0.041784951 0.99517666,-0.076245737 0.061725241 0.99517666,
  -0.059346496 0.078111531 0.99517666,-0.039030217 0.090000334 0.99517666,
  -0.016466665 0.096707119 0.99517666,0.010553487 0.096179991 0.99530801,
  0.021663125 0.091204215 0.99559655,0.19597072 0.97942645 0.048159111,
  0.20043696 0.94001444 0.27603962,0.18286425 0.84868164 0.49628635,
  0.15536522 0.70992009 0.68693166,0.11902912 0.53308846 0.83764477,
  0.079674532 0.34902761 0.93371928,0.035852418 0.15385395 0.98744294,
  -0.98475613 0.1159628 0.1296456,-0.97416421 0.18973605 0.1224921,
  -0.89954897 0.38493324 0.20648983,-0.78403515 0.58669988 0.20266261,
  -0.62402742 0.75562498 0.1990494,-0.42852186 0.88209376 0.19565176,
  -0.2106789 0.93026709 0.30036235,0.01525871 0.95434407 0.29831959,
  -0.96129909 0.11454826 0.25056488,-0.85154969 0.10126176 0.51440177,
  -0.69663045 0.082197714 0.71270579,-0.49654123 0.057801789 0.86608646,
  -0.26845543 0.029781552 0.96283163,0.17963722 0.97136261 0.15551576,
  0.13274397 0.89480273 0.42627118,0.04081149 0.82360145 0.56569875,
  0.060088559 0.58039305 0.81211654,0.045272258 0.39415959 0.91792627,
  0.029042346 0.20966133 0.97734266,-0.046204874 0.98316436 0.17678505,
  -0.041855646 0.89061989 0.4528182,-0.110298 0.84996225 0.51516844,
  -0.070457986 0.58441528 0.80839004,-0.045255448 0.39916328 0.91576232,
  -0.017039776 0.19542481 0.98057065,-0.2729219 0.94414377 0.18467858,
  -0.35474147 0.83029438 0.4298485,-0.25725885 0.78283486 0.56655756,
  -0.20764922 0.55080609 0.80839004,-0.13904143 0.37689105 0.91576232,
  -0.063103396 0.18573952 0.98057065,-0.4839761 0.85350874 0.19310612,
  -0.52684819 0.75328798 0.39368541,-0.43202106 0.62641462 0.64881625,
  -0.33288448 0.48548271 0.80839004,-0.22970338 0.35235126 0.90724029,
  -0.11871376 0.17321347 0.9777035,-0.66777246 0.71641663 0.20205729,
  -0.69194039 0.60776227 0.38967104,-0.5688084 0.50546461 0.64881625,
  -0.438953 0.39220634 0.80839004,-0.28459987 0.26331029 0.92177579,
  -0.13073966 0.11813394 0.98435335,-0.81425923 0.54059319 0.21152048,
  -0.81807002 0.42690294 0.38537686,-0.67284503 0.35541109 0.64881625,
  -0.51974758 0.27634759 0.80839004,-0.36667413 0.20607072 0.90724029,
  -0.18539013 0.098622326 0.9777035,-0.94397697 0.23374752 0.23295833,
  -0.89039377 0.23761419 0.38825047,-0.75688957 0.18511297 0.62677856,
  -0.59006972 0.14543154 0.7941457,-0.38592874 0.10062341 0.9170245,
  -0.16249959 0.03788198 0.98598116] }
}
}
DEF SHAPE_36 Shape {
 appearance USE APP_2
 geometry DEF FACE_36 IndexedFaceSet {
  coord DEF COORD_36 Coordinate { point [
  0.37204724 1.0083564 3.0314961,0.60415687 0.88892985 3.0314961,
  0.80063135 0.7170713 3.0314961,0.94988197 0.50291754 3.0314961,
  1.0431054 0.25910005 3.0314961,1.0748031 0 3.0314961,
  1.0431054 -0.25910005 3.0314961,0.94988197 -0.50291754 3.0314961,
  0.80063135 -0.7170713 3.0314961,0.60415687 -0.88892985 3.0314961,
  0.37204724 -1.0083564 3.0314961,0.37204724 -1.1830348 2.8661417,
  0.37204724 -1.1781609 2.9050738,0.37204724 -1.1638338 2.941759,
  0.37204724 -1.1409081 2.9741156,0.37204724 -1.1107183 3.0003667,
  0.37204724 -1.0749651 3.0191375,0.37204724 -1.042319 3.0283848,
  1.2401575 1.2600592e-08 2.8661417,1.2006096 -0.31068831 2.8661417,
  1.0844882 -0.60156129 2.8661417,0.89919936 -0.85406738 2.8661417,
  0.65656064 -1.052102 2.8661417,0.37204724 1.1830348 2.8661417,
  0.65656064 1.052102 2.8661417,0.89919935 0.85406739 2.8661417,
  1.0844882 0.6015613 2.8661417,1.2006096 0.31068833 2.8661417,
  0.37204724 1.1781609 2.9050738,0.37204724 1.1638338 2.941759,
  0.37204724 1.1409081 2.9741156,0.37204724 1.1107183 3.0003667,
  0.37204724 1.0749651 3.0191375,0.37204724 1.042319 3.0283848,
  0.65414187 -1.0482261 2.9047429,0.6470192 -1.0368124 2.941211,
  0.63558624 -1.0184917 2.9735308,0.62047478 -0.99427644 2.9999162,
  0.60251987 -0.9655047 3.0189092,0.58609771 -0.93918909 3.0283188,
  0.8958867 -0.85092099 2.9047429,0.88613177 -0.84165568 2.941211,
  0.87047365 -0.82678346 2.9735308,0.84977759 -0.80712616 2.9999162,
  0.82518727 -0.78377006 3.0189092,0.80269612 -0.76240777 3.0283188,
  1.0804929 -0.59934513 2.9047429,1.0687279 -0.59281912 2.941211,
  1.0498433 -0.58234389 2.9735308,1.0248826 -0.5684983 2.9999162,
  0.99522517 -0.55204746 3.0189092,0.9680995 -0.53700096 3.0283188,
  1.1961865 -0.30954373 2.9047429,1.1831618 -0.30617324 2.941211,
  1.1622551 -0.3007631 2.9735308,1.1346217 -0.29361227 2.9999162,
  1.1017888 -0.2851159 3.0189092,1.0717586 -0.27734484 3.0283188,
  1.2355887 0 2.9047429,1.2221349 0 2.941211,
  1.2005396 0 2.9735308,1.171996 0 2.9999162,
  1.1380815 0 3.0189092,1.1070622 0 3.0283188,
  1.1991492 0.29786022 2.9047429,1.1860922 0.29461695 2.941211,
  1.1651337 0.28941101 2.9735308,1.1374319 0.28253008 2.9999162,
  1.1045176 0.27435441 3.0189092,1.0744131 0.26687666 3.0283188,
  1.0919799 0.57815168 2.9047429,1.0800898 0.57185643 2.941211,
  1.0610044 0.56175162 2.9735308,1.0357784 0.54839562 2.9999162,
  1.0058057 0.53252649 3.0189092,0.97839163 0.51801205 3.0283188,
  0.92040209 0.82434185 2.9047429,0.91038024 0.81536595 2.941211,
  0.89429363 0.80095827 2.9735308,0.87303124 0.78191498 2.9999162,
  0.84776802 0.75928843 3.0189092,0.82466142 0.73859341 3.0283188,
  0.69453594 1.0219096 2.9047429,0.68697344 1.0107825 2.941211,
  0.67483448 0.99292179 2.9735308,0.65878987 0.96931445 2.9999162,
  0.63972623 0.94126504 3.0189092,0.62228997 0.9156101 3.0283188,
  0.42770379 1.1592019 2.9047429,0.42304671 1.1465798 2.941211,
  0.41557139 1.1263195 2.9735308,0.40569092 1.0995406 2.9999162,
  0.39395129 1.0677228 3.0189092,0.38321383 1.0386211 3.0283188] }
 coordIndex [
  22,12,11,-1,34,13,12,-1,34,12,22,-1,35,14,13,-1,35,13,34,-1,36,15,14,-1,36,14,35,-1,37,16,15,-1,
  37,15,36,-1,38,17,16,-1,38,37,9,-1,38,16,37,-1,39,38,9,-1,39,9,10,-1,39,10,17,-1,39,17,38,-1,
  40,22,21,-1,40,34,22,-1,41,35,34,-1,41,34,40,-1,42,35,41,-1,42,36,35,-1,43,36,42,-1,43,9,37,-1,
  43,37,36,-1,44,43,8,-1,44,9,43,-1,45,8,9,-1,45,9,44,-1,45,44,8,-1,46,21,20,-1,46,40,21,-1,
  47,42,41,-1,47,40,46,-1,47,41,40,-1,48,42,47,-1,49,42,48,-1,49,8,43,-1,49,43,42,-1,50,8,49,-1,
  51,7,8,-1,51,50,7,-1,51,8,50,-1,52,20,19,-1,52,46,20,-1,53,46,52,-1,53,47,46,-1,54,47,53,-1,
  54,48,47,-1,55,48,54,-1,55,49,48,-1,56,7,50,-1,56,50,49,-1,56,49,55,-1,57,6,7,-1,57,7,56,-1,
  57,56,6,-1,58,19,18,-1,58,52,19,-1,59,53,52,-1,59,52,58,-1,60,55,54,-1,60,53,59,-1,60,54,53,-1,
  61,55,60,-1,62,6,56,-1,62,56,55,-1,62,55,61,-1,63,5,6,-1,63,6,62,-1,64,18,27,-1,64,58,18,-1,
  65,59,58,-1,65,64,27,-1,65,60,59,-1,65,58,64,-1,66,60,65,-1,67,61,60,-1,67,60,66,-1,68,62,61,-1,
  68,61,67,-1,69,4,5,-1,69,5,63,-1,69,63,62,-1,69,62,68,-1,70,27,26,-1,71,27,70,-1,71,65,27,-1,
  71,70,26,-1,72,66,65,-1,72,65,71,-1,73,67,66,-1,73,68,67,-1,73,66,72,-1,74,68,73,-1,75,3,4,-1,
  75,4,69,-1,75,69,68,-1,75,68,74,-1,76,26,25,-1,77,26,76,-1,77,71,26,-1,77,72,71,-1,77,76,25,-1,
  78,72,77,-1,79,73,72,-1,79,72,78,-1,80,74,73,-1,80,73,79,-1,81,74,80,-1,81,2,3,-1,81,3,75,-1,
  81,75,74,-1,82,25,24,-1,83,25,82,-1,83,82,24,-1,83,77,25,-1,83,78,77,-1,84,83,24,-1,84,78,83,-1,
  85,79,78,-1,85,78,84,-1,86,80,79,-1,86,79,85,-1,87,0,1,-1,87,1,2,-1,87,81,80,-1,87,80,86,-1,
  87,2,81,-1,88,24,23,-1,88,23,28,-1,88,28,29,-1,89,88,29,-1,89,29,30,-1,89,24,88,-1,90,89,30,-1,
  90,24,89,-1,90,30,31,-1,90,84,24,-1,91,85,84,-1,91,86,85,-1,91,84,90,-1,91,31,32,-1,91,90,31,-1,
  92,32,33,-1,92,91,32,-1,92,86,91,-1,93,86,92,-1,93,87,86,-1,93,33,0,-1,93,92,33,-1,93,0,87,-1]
  normalPerVertex TRUE
  normal DEF NORM_36 Normal { vector [
  0.044976677 0.087874063 0.9951157,0.055096348 0.081066344 0.99518473,
  0.070293808 0.068429499 0.99517646,0.084716853 0.049465852 0.99517646,
  0.094143021 0.027584547 0.99517646,0.098016326 0.0040762159 0.99517646,
  0.17745572 -0.027007067 0.98375814,0.16408819 -0.069804648 0.98397275,
  0.2297398 -0.17158731 0.95800701,0.17897886 -0.22272636 0.95831077,
  0.041689719 -0.083280301 0.99565373,0.41537734 -0.90260363 0.11299716,
  0.41088819 -0.89194546 0.18869075,0.38323498 -0.82890782 0.40748347,
  0.33534449 -0.72058002 0.60688426,0.26836716 -0.57129684 0.77562812,
  0.19026503 -0.40037908 0.89637928,0.1017314 -0.21139172 0.97209272,
  0.99371536 0.039391946 0.10477619,0.97107281 -0.20791088 0.11743369,
  0.88801934 -0.44455707 0.11743371,0.74832901 -0.65284992 0.11743371,
  0.52579688 -0.84257795 0.11661919,0.40316045 0.91498295 -0.016366282,
  0.46046739 0.84052682 0.28545479,0.67582609 0.71485121 0.17957404,
  0.82938242 0.52683253 0.18593623,0.93190915 0.30713357 0.19291011,
  0.31477152 0.91997202 0.23360301,0.29545138 0.85963684 0.41681288,
  0.25805023 0.74410282 0.61621512,0.20678375 0.58861086 0.7815227,
  0.14802823 0.4147986 0.8977916,0.083055305 0.22721889 0.97029552,
  0.51063618 -0.81645429 0.26954237,0.46506268 -0.7399827 0.48594476,
  0.39410544 -0.622501 0.676146,0.27044088 -0.40799365 0.87201085,
  0.19694553 -0.3187444 0.92715396,0.080162477 -0.14131622 0.98671359,
  0.70407004 -0.67076036 0.23316498,0.63682336 -0.63830373 0.43246312,
  0.56797915 -0.52276923 0.63569806,0.32838413 -0.33204671 0.8842561,
  0.26479494 -0.30272248 0.91555597,0.12267289 -0.14024377 0.98248819,
  0.84965874 -0.47298426 0.23316498,0.76406968 -0.44375191 0.46827531,
  0.6597759 -0.34646391 0.6668272,0.43831638 -0.26840947 0.85780832,
  0.2995416 -0.17582713 0.93774178,0.15529974 -0.10823337 0.98192033,
  0.94105718 -0.24504177 0.23316498,0.86213233 -0.22600908 0.453484,
  0.74544804 -0.21522537 0.63086073,0.58532398 -0.14251997 0.79817535,
  0.32442168 -0.097173584 0.940908,0.17996409 -0.068809167 0.98126359,
  0.97259475 -0.0061854907 0.23242458,0.90139311 -0.02807029 0.43209086,
  0.76120386 -0.003712854 0.64850204,0.56919925 0.009257371 0.8221475,
  0.35720773 -0.014364403 0.9339145,0.19508717 -0.0056876764 0.98076942,
  0.97429525 0.13234207 0.18230289,0.87478646 0.22202796 0.43064166,
  0.7191002 0.19551599 0.66683461,0.59324781 0.12979938 0.79448673,
  0.40237262 0.10451117 0.9094909,0.192168 0.039423102 0.98056987,
  0.91049442 0.36348476 0.19717691,0.83172734 0.42308963 0.35947849,
  0.6766915 0.37144591 0.63570162,0.51397235 0.25821381 0.81802081,
  0.33371989 0.1840084 0.92453877,0.17699703 0.084585901 0.98056987,
  0.79278501 0.58174516 0.18183648,0.70170086 0.59532335 0.39141539,
  0.54587837 0.5305214 0.64850894,0.44150376 0.38933314 0.80838984,
  0.30320234 0.26353074 0.91576192,0.15138619 0.12475955 0.98056987,
  0.62333442 0.76373029 0.16783993,0.57954423 0.70453866 0.40957754,
  0.4127741 0.71201067 0.56803024,0.35531844 0.49248314 0.79448673,
  0.23000507 0.34630041 0.9094909,0.10688648 0.14790533 0.98320867,
  0.40987272 0.89686614 0.16623924,0.41701544 0.78498484 0.45814509,
  0.39987026 0.76376241 0.50672552,0.26444781 0.52687877 0.80775375,
  0.17915091 0.35855979 0.91615492,0.10385751 0.20337865 0.97357626] }
}
}
DEF SHAPE_37 Shape {
 appearance USE APP_1
 geometry DEF FACE_37 IndexedFaceSet {
  coord DEF COORD_37 Coordinate { point [
  0.37204724 -1.1830348 2.8661417,0.37204724 -1.1781609 2.9050738,
  0.37204724 -1.1638338 2.941759,0.37204724 -1.1409081 2.9741156,
  0.37204724 -1.1107183 3.0003667,0.37204724 -1.0749651 3.0191375,
  0.37204724 -1.042319 3.0283848,0.37204724 -1.0083564 3.0314961,
  0.12112535 -1.0679562 3.0314961,-0.13677067 -1.0660655 3.0314961,
  -0.38679174 -1.0027931 3.0314961,-0.61454221 -0.8817821 3.0314961,
  -0.80690872 -0.71000009 3.0314961,-0.95281523 -0.49733787 3.0314961,
  -1.0438608 -0.25604004 3.0314961,-1.0748031 0 3.0314961,
  -1.2401575 0 2.8661417,-1.2345232 0 2.9089386,
  -1.2180042 0 2.9488189,-1.1917263 0 2.9830649,
  -1.1574803 0 3.0093428,-1.1176 0 3.0258618,
  0.087057503 -1.237098 2.8661417,-0.20269507 -1.2234808 2.8661417,
  -0.48135839 -1.1429281 2.8661417,-0.73368706 -0.99984693 2.8661417,
  -0.94587641 -0.80206507 2.8661417,-1.1063178 -0.56040302 2.8661417,
  -1.2062336 -0.28808185 2.8661417,-1.2017898 -0.28702055 2.9047429,
  -1.188704 -0.28389531 2.941211,-1.1676994 -0.27887882 2.9735308,
  -1.1399366 -0.2722483 2.9999162,-1.1069498 -0.26437016 3.0189092,
  -1.076779 -0.25716453 3.0283188,-1.1022421 -0.55833849 2.9047429,
  -1.0902403 -0.55225898 2.941211,-1.0709755 -0.54250045 2.9735308,
  -1.0455124 -0.52960216 2.9999162,-1.015258 -0.51427687 3.0189092,
  -0.98758633 -0.50025984 3.0283188,-0.9423918 -0.79911026 2.9047429,
  -0.9321305 -0.79040909 2.941211,-0.91565957 -0.77644241 2.9735308,
  -0.89388919 -0.757982 2.9999162,-0.86802239 -0.736048 3.0189092,
  -0.84436374 -0.71598642 3.0283188,-0.73098415 -0.99616348 2.9047429,
  -0.72302478 -0.98531669 2.941211,-0.71024879 -0.96790594 2.9735308,
  -0.69336218 -0.94489337 2.9999162,-0.6732981 -0.91755065 3.0189092,
  -0.65494682 -0.89254206 3.0283188,-0.47958506 -1.1387176 2.9047429,
  -0.47436307 -1.1263186 2.941211,-0.46598098 -1.1064163 2.9735308,
  -0.45490199 -1.0801105 2.9999162,-0.44173832 -1.048855 3.0189092,
  -0.42969839 -1.0202676 3.0283188,-0.20194834 -1.2189735 2.9047429,
  -0.19974941 -1.2057006 2.941211,-0.1962198 -1.1843956 2.9735308,
  -0.19155455 -1.1562359 2.9999162,-0.18601147 -1.1227775 3.0189092,
  -0.18094157 -1.0921753 3.0283188,0.086736782 -1.2325406 2.9047429,
  0.085792343 -1.21912 2.941211,0.084276375 -1.1975779 2.9735308,
  0.082272651 -1.1691047 2.9999162,0.079891898 -1.1352739 3.0189092,
  0.077714379 -1.1043311 3.0283188,0.37067662 -1.1786765 2.9047429,
  0.36664048 -1.1658424 2.941211,0.36016187 -1.1452418 2.9735308,
  0.3515988 -1.1180129 2.9999162,0.34142445 -1.0856606 3.0189092,
  0.33211865 -1.05607 3.0283188] }
 coordIndex [
  29,17,16,-1,29,16,28,-1,30,18,17,-1,30,17,29,-1,31,19,18,-1,31,18,30,-1,32,20,19,-1,32,19,31,-1,
  33,21,20,-1,33,20,32,-1,34,14,15,-1,34,15,21,-1,34,21,33,-1,35,28,27,-1,35,29,28,-1,36,30,29,-1,
  36,29,35,-1,37,31,30,-1,37,30,36,-1,38,31,37,-1,38,32,31,-1,39,32,38,-1,39,33,32,-1,40,13,14,-1,
  40,39,13,-1,40,33,39,-1,40,14,34,-1,40,34,33,-1,41,27,26,-1,41,35,27,-1,42,36,35,-1,42,35,41,-1,
  43,36,42,-1,43,37,36,-1,44,38,37,-1,44,37,43,-1,45,13,39,-1,45,39,38,-1,45,38,44,-1,46,45,12,-1,
  46,12,13,-1,46,13,45,-1,47,26,25,-1,47,41,26,-1,48,41,47,-1,48,42,41,-1,49,42,48,-1,49,43,42,-1,
  50,44,43,-1,50,43,49,-1,51,12,45,-1,51,45,44,-1,51,44,50,-1,51,50,11,-1,52,11,12,-1,52,51,11,-1,
  52,12,51,-1,53,24,23,-1,53,25,24,-1,53,47,25,-1,54,47,53,-1,54,48,47,-1,55,49,48,-1,55,48,54,-1,
  56,49,55,-1,56,11,50,-1,56,50,49,-1,57,56,10,-1,57,11,56,-1,58,10,11,-1,58,57,10,-1,58,11,57,-1,
  59,53,23,-1,60,54,53,-1,60,55,54,-1,60,53,59,-1,61,55,60,-1,62,10,56,-1,62,56,55,-1,62,55,61,-1,
  63,62,9,-1,63,10,62,-1,64,9,10,-1,64,63,9,-1,64,10,63,-1,65,23,22,-1,65,59,23,-1,66,60,59,-1,
  66,59,65,-1,67,61,60,-1,67,60,66,-1,68,9,62,-1,68,62,61,-1,68,61,67,-1,69,68,8,-1,69,9,68,-1,
  70,8,9,-1,70,69,8,-1,70,9,69,-1,71,0,1,-1,71,22,0,-1,71,65,22,-1,72,1,2,-1,72,66,65,-1,
  72,71,1,-1,72,65,71,-1,73,2,3,-1,73,67,66,-1,73,72,2,-1,73,66,72,-1,74,3,4,-1,74,8,68,-1,
  74,68,67,-1,74,73,3,-1,74,67,73,-1,75,4,5,-1,75,74,4,-1,75,8,74,-1,76,5,6,-1,76,6,7,-1,
  76,7,8,-1,76,75,5,-1,76,8,75,-1]
  normalPerVertex TRUE
  normal DEF NORM_37 Normal { vector [
  0.185814 -0.975624 0.11675171,0.29488501 -0.90395571 0.30968841,
  0.2647856 -0.81841597 0.50998421,0.22313559 -0.68634564 0.69219952,
  0.16959117 -0.51603908 0.83960854,0.11291625 -0.33870497 0.93409254,
  0.061086282 -0.18208624 0.98138324,0.02091964 -0.08384702 0.99625903,
  0.050235643 -0.27511408 0.96009824,-0.015234105 -0.2798281 0.95992924,
  -0.080149564 -0.26919144 0.95974581,-0.14096363 -0.24371616 0.95954765,
  -0.12143873 -0.12472943 0.98473103,-0.14782349 -0.09329472 0.98460363,
  -0.092837413 -0.026478368 0.99532915,-0.1154232 -0.011384666 0.99325116,
  -0.98563756 -0.11514164 0.12353543,-0.95232038 -0.11092876 0.28421946,
  -0.85177739 -0.098613195 0.51453932,-0.69675503 -0.080007362 0.71283325,
  -0.49658628 -0.056215393 0.86616505,-0.2684625 -0.028884394 0.96285699,
  0.10841899 -0.98714292 0.11744864,-0.1623101 -0.97971444 0.1175374,
  -0.38545253 -0.91521107 0.1175374,-0.5557374 -0.82301991 0.11744864,
  -0.73171852 -0.67141181 0.11744864,-0.86766803 -0.48307143 0.11744864,
  -0.95614826 -0.26830267 0.11744864,-0.94658168 -0.22249913 0.23340364,
  -0.86558054 -0.20257154 0.45796845,-0.73480371 -0.17130585 0.65629095,
  -0.5617376 -0.13044499 0.81696694,-0.37220978 -0.084820841 0.92426474,
  -0.1750941 -0.037361729 0.98384255,-0.86810427 -0.43821119 0.23316502,
  -0.79625212 -0.40041801 0.45348426,-0.68045754 -0.34060932 0.64881648,
  -0.52707837 -0.262094 0.80839045,-0.3379292 -0.16511344 0.92657509,
  -0.18217108 -0.073925982 0.98048388,-0.74256362 -0.62788004 0.23316502,
  -0.6814561 -0.57442981 0.45348426,-0.58272226 -0.48935871 0.64881648,
  -0.45177738 -0.37736199 0.80839045,-0.26542457 -0.20945268 0.9411054,
  -0.15646237 -0.10734807 0.98183294,-0.57639802 -0.78319818 0.23316502,
  -0.52937827 -0.71701511 0.45348426,-0.4531068 -0.61133575 0.64881648,
  -0.30313758 -0.42085424 0.85497913,-0.22840802 -0.2731344 0.93446636,
  -0.12511614 -0.1401087 0.98219932,-0.3643856 -0.90569962 0.21663639,
  -0.37053275 -0.82198861 0.43248146,-0.28926343 -0.71568576 0.63570478,
  -0.19310042 -0.42280964 0.88540626,-0.18867354 -0.35509579 0.91559231,
  -0.087314084 -0.16433075 0.98253329,-0.13620187 -0.9569989 0.25612916,
  -0.16029345 -0.86891579 0.46828556,-0.10619811 -0.73759391 0.6668412,
  -0.089552001 -0.45749175 0.88469302,-0.098606941 -0.38964564 0.91567076,
  -0.045258253 -0.17883813 0.98283702,0.066906516 -0.97013277 0.23316502,
  0.059965258 -0.88924473 0.45348426,0.049790468 -0.75931422 0.64881648,
  0.019540461 -0.46703212 0.88402442,-0.0029453986 -0.40175235 0.91574362,
  -0.0013416239 -0.1829975 0.98311246,0.1832265 -0.96380132 0.19368805,
  0.1709717 -0.89300065 0.41631541,0.1499007 -0.77279952 0.61669335,
  0.08401023 -0.492075 0.86648974,0.038801191 -0.41043588 0.91106358,
  0.032832875 -0.17737918 0.98359475] }
}
}
DEF SHAPE_38 Shape {
 appearance USE APP_1
 geometry DEF FACE_38 IndexedFaceSet {
  coord DEF COORD_38 Coordinate { point [
  -1.5354331 0.12795276 0,-1.5354331 -0.12795276 0,
  -0.48228346 -0.12795276 0,-0.44916685 -0.12359287 0,
  -0.41830709 -0.11081034 0,-0.3918072 -0.090476261 0,
  -0.37147313 -0.063976378 0,-0.35869059 -0.03311661 0,
  -0.35433071 0 0,-0.35869059 0.03311661 0,
  -0.37147313 0.063976378 0,-0.3918072 0.090476261 0,
  -0.41830709 0.11081034 0,-0.44916685 0.12359287 0,
  -0.48228346 0.12795276 0] }
 coordIndex [
  14,13,12,-1,2,4,3,-1,2,5,4,-1,2,6,5,-1,2,7,6,-1,2,8,7,-1,2,9,8,-1,2,10,9,-1,
  2,11,10,-1,2,12,11,-1,2,14,12,-1,1,0,14,-1,1,14,2,-1]
  normalPerVertex TRUE
  normal DEF NORM_38 Normal { vector [
  0 0 -1,0 0 -1,
  0 0 -1,0 0 -1,
  0 0 -1,0 0 -1,
  0 0 -1,0 0 -1,
  0 0 -1,0 0 -1,
  0 0 -1,0 0 -1,
  0 0 -1,0 0 -1,
  0 0 -1] }
}
}
DEF SHAPE_39 Shape {
 appearance USE APP_1
 geometry DEF FACE_39 IndexedFaceSet {
  coord DEF COORD_39 Coordinate { point [
  1.5354331 -0.12795276 0,1.5354331 0.12795276 0,
  0.48228346 0.12795276 0,0.44916685 0.12359287 0,
  0.41830709 0.11081034 0,0.3918072 0.090476261 0,
  0.37147313 0.063976378 0,0.35869059 0.03311661 0,
  0.35433071 0 0,0.35869059 -0.03311661 0,
  0.37147313 -0.063976378 0,0.3918072 -0.090476261 0,
  0.41830709 -0.11081034 0,0.44916685 -0.12359287 0,
  0.48228346 -0.12795276 0] }
 coordIndex [
  14,13,12,-1,2,4,3,-1,2,5,4,-1,2,6,5,-1,2,7,6,-1,2,8,7,-1,2,9,8,-1,2,10,9,-1,
  2,11,10,-1,2,12,11,-1,2,14,12,-1,0,14,2,-1,1,0,2,-1]
  normalPerVertex TRUE
  normal DEF NORM_39 Normal { vector [
  0 0 -1,0 0 -1,
  0 0 -1,0 0 -1,
  0 0 -1,0 0 -1,
  0 0 -1,0 0 -1,
  0 0 -1,0 0 -1,
  0 0 -1,0 0 -1,
  0 0 -1,0 0 -1,
  0 0 -1] }
}
}
DEF SHAPE_40 Shape {
 appearance USE APP_1
 geometry DEF FACE_40 IndexedFaceSet {
  coord DEF COORD_40 Coordinate { point [
  0.37204724 -1.0083564 3.0314961,0.12112535 -1.0679562 3.0314961,
  -0.13677067 -1.0660655 3.0314961,-0.38679174 -1.0027931 3.0314961,
  -0.61454221 -0.8817821 3.0314961,-0.80690872 -0.71000009 3.0314961,
  -0.95281523 -0.49733787 3.0314961,-1.0438608 -0.25604004 3.0314961,
  -1.0748031 0 3.0314961,-1.0438608 0.25604004 3.0314961,
  -0.95281523 0.49733787 3.0314961,-0.80690872 0.71000009 3.0314961,
  -0.61454221 0.8817821 3.0314961,-0.38679174 1.0027931 3.0314961,
  -0.13677067 1.0660655 3.0314961,0.12112535 1.0679562 3.0314961,
  0.37204724 1.0083564 3.0314961] }
 coordIndex [
  4,3,2,-1,6,2,1,-1,6,5,4,-1,6,4,2,-1,15,1,0,-1,15,0,16,-1,8,7,6,-1,9,8,6,-1,
  10,9,6,-1,11,13,12,-1,11,14,13,-1,11,15,14,-1,11,6,1,-1,11,1,15,-1,11,10,6,-1]
  normalPerVertex TRUE
  normal DEF NORM_40 Normal { vector [
  0 0 1,0 0 1,
  0 0 1,0 0 1,
  0 0 1,0 0 1,
  0 0 1,0 0 1,
  0 0 1,0 0 1,
  0 0 1,0 0 1,
  0 0 1,0 0 1,
  0 0 1,0 0 1,
  0 0 1] }
}
}
DEF SHAPE_41 Shape {
 appearance USE APP_2
 geometry DEF FACE_41 IndexedFaceSet {
  coord DEF COORD_41 Coordinate { point [
  0.37204724 1.0083564 3.0314961,0.60415687 0.88892985 3.0314961,
  0.80063135 0.7170713 3.0314961,0.94988197 0.50291754 3.0314961,
  1.0431054 0.25910005 3.0314961,1.0748031 0 3.0314961,
  1.0431054 -0.25910005 3.0314961,0.94988197 -0.50291754 3.0314961,
  0.80063135 -0.7170713 3.0314961,0.60415687 -0.88892985 3.0314961,
  0.37204724 -1.0083564 3.0314961] }
 coordIndex [
  6,4,3,-1,6,5,4,-1,8,1,0,-1,8,2,1,-1,8,3,2,-1,8,7,6,-1,8,6,3,-1,10,9,8,-1,
  10,8,0,-1]
  normalPerVertex TRUE
  normal DEF NORM_41 Normal { vector [
  0 0 1,0 0 1,
  0 0 1,0 0 1,
  0 0 1,0 0 1,
  0 0 1,0 0 1,
  0 0 1,0 0 1,
  0 0 1] }
}
}
] }
] }
] }
