#VRML V2.0 utf8
DEF TXFM_1 Transform {
  center 0 0 0
  rotation 0 0 1 0
  scale 1 1 1
  scaleOrientation 0 0 1 0
  translation 0 0 0
 children [
DEF TXFM_2 Transform {
  center 0 0 0
  rotation 0 0 1 0
  scale 1 1 1
  scaleOrientation 0 0 1 0
  translation 0 0 0
 children [
DEF TXFM_3 Transform {
  center 0 0 0
  rotation 0 0 1 0
  scale 1 1 1
  scaleOrientation 0 0 1 0
  translation 0 0 0
 children [
DEF SHAPE_1 Shape {
 appearance DEF APP_1 Appearance {
  material Material {
   ambientIntensity 0.26892677
   diffuseColor 0.37232199 0.37157398 0.373173
   emissiveColor 0 0 0
   shininess 0.1
   specularColor 0.12 0.12 0.12
   transparency 0
} }
 geometry DEF FACE_1 IndexedFaceSet {
  coord DEF COORD_1 Coordinate { point [
  0.33070866 0.21697288 0.36437008,0.33070866 0.21697288 0.36614173,
  0.33070866 -0.21697288 0.36437008,0.33070866 -0.21697288 0.36614173] }
 coordIndex [
  0,3,2,-1,0,1,3,-1]
  normalPerVertex TRUE
  normal DEF NORM_1 Normal { vector [
  1 0 0,1 0 0,
  1 0 0,1 0 0] }
}
}
DEF SHAPE_2 Shape {
 appearance USE APP_1
 geometry DEF FACE_2 IndexedFaceSet {
  coord DEF COORD_2 Coordinate { point [
  0.33070866 0.21697288 0.36437008,0.33070866 0.21697288 0.36614173,
  0.32951621 0.22603041 0.36437008,0.32602014 0.23447069 0.36437008,
  0.32045868 0.24171852 0.36437008,0.31321085 0.24727998 0.36437008,
  0.30477057 0.25077606 0.36437008,0.29571304 0.2519685 0.36437008,
  0.29571304 0.2519685 0.36614173,0.32951621 0.22603041 0.36614173,
  0.32602014 0.23447069 0.36614173,0.32045868 0.24171852 0.36614173,
  0.31321085 0.24727998 0.36614173,0.30477057 0.25077606 0.36614173] }
 coordIndex [
  9,1,0,-1,9,0,2,-1,10,2,3,-1,10,9,2,-1,11,3,4,-1,11,10,3,-1,12,4,5,-1,12,11,4,-1,
  13,5,6,-1,13,12,5,-1,8,6,7,-1,8,13,6,-1]
  normalPerVertex TRUE
  normal DEF NORM_2 Normal { vector [
  0.99144486 0.13052619 0,0.99144486 0.13052619 0,
  0.95364993 0.30091828 0,0.84327172 0.5374875 0,
  0.67542593 0.73742784 0,0.46155098 0.88711369 0,
  0.21622209 0.9763442 0,0.13052619 0.99144486 0,
  0.13052619 0.99144486 0,0.9763442 0.21622209 0,
  0.88711369 0.46155098 0,0.73742784 0.67542593 0,
  0.5374875 0.84327172 0,0.30091828 0.95364993 0] }
}
}
DEF SHAPE_3 Shape {
 appearance USE APP_1
 geometry DEF FACE_3 IndexedFaceSet {
  coord DEF COORD_3 Coordinate { point [
  0.33070866 -0.21697288 0.36614173,0.33070866 0.21697288 0.36614173,
  0.32951621 0.22603041 0.36614173,0.32602014 0.23447069 0.36614173,
  0.32045868 0.24171852 0.36614173,0.31321085 0.24727998 0.36614173,
  0.30477057 0.25077606 0.36614173,0.29571304 0.2519685 0.36614173,
  -0.29571304 0.2519685 0.36614173,-0.33070866 0.21697288 0.36614173,
  -0.32951621 0.22603041 0.36614173,-0.32602014 0.23447069 0.36614173,
  -0.32045868 0.24171852 0.36614173,-0.31321085 0.24727998 0.36614173,
  -0.30477057 0.25077606 0.36614173,-0.33070866 -0.21697288 0.36614173,
  -0.29571304 -0.2519685 0.36614173,-0.30477057 -0.25077606 0.36614173,
  -0.31321085 -0.24727998 0.36614173,-0.32045868 -0.24171852 0.36614173,
  -0.32602014 -0.23447069 0.36614173,-0.32951621 -0.22603041 0.36614173,
  0.29571304 -0.2519685 0.36614173,0.30477057 -0.25077606 0.36614173,
  0.31321085 -0.24727998 0.36614173,0.32045868 -0.24171852 0.36614173,
  0.32602014 -0.23447069 0.36614173,0.32951621 -0.22603041 0.36614173] }
 coordIndex [
  15,17,16,-1,15,18,17,-1,15,19,18,-1,15,20,19,-1,15,21,20,-1,12,11,10,-1,8,10,9,-1,8,13,12,-1,
  8,14,13,-1,8,9,15,-1,8,15,16,-1,8,12,10,-1,22,8,16,-1,27,25,26,-1,0,22,23,-1,0,23,24,-1,
  0,24,25,-1,0,25,27,-1,1,22,0,-1,7,8,22,-1,7,22,1,-1,6,7,1,-1,3,1,2,-1,4,5,6,-1,
  4,6,1,-1,4,1,3,-1]
  normalPerVertex TRUE
  normal DEF NORM_3 Normal { vector [
  0 0 1,0 0 1,
  0 0 1,0 0 1,
  0 0 1,0 0 1,
  0 0 1,0 0 1,
  0 0 1,0 0 1,
  0 0 1,0 0 1,
  0 0 1,0 0 1,
  0 0 1,0 0 1,
  0 0 1,0 0 1,
  0 0 1,0 0 1,
  0 0 1,0 0 1,
  0 0 1,0 0 1,
  0 0 1,0 0 1,
  0 0 1,0 0 1] }
}
}
DEF SHAPE_4 Shape {
 appearance USE APP_1
 geometry DEF FACE_4 IndexedFaceSet {
  coord DEF COORD_4 Coordinate { point [
  0.29571304 -0.2519685 0.36437008,0.29571304 -0.2519685 0.36614173,
  0.30477057 -0.25077606 0.36437008,0.31321085 -0.24727998 0.36437008,
  0.32045868 -0.24171852 0.36437008,0.32602014 -0.23447069 0.36437008,
  0.32951621 -0.22603041 0.36437008,0.33070866 -0.21697288 0.36437008,
  0.33070866 -0.21697288 0.36614173,0.30477057 -0.25077606 0.36614173,
  0.31321085 -0.24727998 0.36614173,0.32045868 -0.24171852 0.36614173,
  0.32602014 -0.23447069 0.36614173,0.32951621 -0.22603041 0.36614173] }
 coordIndex [
  9,1,0,-1,9,0,2,-1,10,2,3,-1,10,9,2,-1,11,3,4,-1,11,10,3,-1,12,4,5,-1,12,11,4,-1,
  13,5,6,-1,13,12,5,-1,8,6,7,-1,8,13,6,-1]
  normalPerVertex TRUE
  normal DEF NORM_4 Normal { vector [
  0.13052619 -0.99144486 0,0.13052619 -0.99144486 0,
  0.30091828 -0.95364993 0,0.5374875 -0.84327172 0,
  0.73742784 -0.67542593 0,0.88711369 -0.46155098 0,
  0.9763442 -0.21622209 0,0.99144486 -0.13052619 0,
  0.99144486 -0.13052619 0,0.21622209 -0.9763442 0,
  0.46155098 -0.88711369 0,0.67542593 -0.73742784 0,
  0.84327172 -0.5374875 0,0.95364993 -0.30091828 0] }
}
}
DEF SHAPE_5 Shape {
 appearance DEF APP_2 Appearance {
  material Material {
   ambientIntensity 0.13400008
   diffuseColor 0.85899997 0.73799998 0.49599999
   emissiveColor 0 0 0
   shininess 0.1
   specularColor 0.12 0.12 0.12
   transparency 0
} }
 geometry DEF FACE_5 IndexedFaceSet {
  coord DEF COORD_5 Coordinate { point [
  0.34330709 -0.2152231 0.36437008,0.34330709 0.2152231 0.36437008,
  0.34162574 0.22799422 0.36437008,0.33669627 0.23989501 0.36437008,
  0.32885461 0.25011446 0.36437008,0.31863517 0.25795611 0.36437008,
  0.30673438 0.26288558 0.36437008,0.29396325 0.26456693 0.36437008,
  -0.29396325 0.26456693 0.36437008,-0.30673438 0.26288558 0.36437008,
  -0.31863517 0.25795611 0.36437008,-0.32885461 0.25011446 0.36437008,
  -0.33669627 0.23989501 0.36437008,-0.34162574 0.22799422 0.36437008,
  -0.34330709 0.2152231 0.36437008,-0.34330709 -0.2152231 0.36437008,
  -0.34162574 -0.22799422 0.36437008,-0.33669627 -0.23989501 0.36437008,
  -0.32885461 -0.25011446 0.36437008,-0.31863517 -0.25795611 0.36437008,
  -0.30673438 -0.26288558 0.36437008,-0.29396325 -0.26456693 0.36437008,
  0.29396325 -0.26456693 0.36437008,0.30673438 -0.26288558 0.36437008,
  0.31863517 -0.25795611 0.36437008,0.32885461 -0.25011446 0.36437008,
  0.33669627 -0.23989501 0.36437008,0.34162574 -0.22799422 0.36437008,
  0.33070866 -0.21697288 0.36437008,0.33070866 0.21697288 0.36437008,
  0.29571304 -0.2519685 0.36437008,0.30477057 -0.25077606 0.36437008,
  0.31321085 -0.24727998 0.36437008,0.32045868 -0.24171852 0.36437008,
  0.32602014 -0.23447069 0.36437008,0.32951621 -0.22603041 0.36437008,
  -0.29571304 -0.2519685 0.36437008,-0.33070866 -0.21697288 0.36437008,
  -0.32951621 -0.22603041 0.36437008,-0.32602014 -0.23447069 0.36437008,
  -0.32045868 -0.24171852 0.36437008,-0.31321085 -0.24727998 0.36437008,
  -0.30477057 -0.25077606 0.36437008,-0.33070866 0.21697288 0.36437008,
  -0.29571304 0.2519685 0.36437008,-0.30477057 0.25077606 0.36437008,
  -0.31321085 0.24727998 0.36437008,-0.32045868 0.24171852 0.36437008,
  -0.32602014 0.23447069 0.36437008,-0.32951621 0.22603041 0.36437008,
  0.29571304 0.2519685 0.36437008,0.32951621 0.22603041 0.36437008,
  0.32602014 0.23447069 0.36437008,0.32045868 0.24171852 0.36437008,
  0.31321085 0.24727998 0.36437008,0.30477057 0.25077606 0.36437008] }
 coordIndex [
  41,18,19,-1,41,40,18,-1,39,17,18,-1,39,18,40,-1,42,19,20,-1,42,41,19,-1,38,16,17,-1,38,17,39,-1,
  37,15,16,-1,37,16,38,-1,36,20,21,-1,36,42,20,-1,43,14,15,-1,43,15,37,-1,13,14,43,-1,49,13,43,-1,
  12,13,49,-1,48,12,49,-1,11,48,47,-1,11,12,48,-1,46,11,47,-1,10,11,46,-1,45,10,46,-1,9,10,45,-1,
  44,9,45,-1,8,9,44,-1,22,36,21,-1,30,36,22,-1,23,30,22,-1,31,30,23,-1,24,31,23,-1,32,31,24,-1,
  25,32,24,-1,25,33,32,-1,34,33,25,-1,26,34,25,-1,35,34,26,-1,27,35,26,-1,28,35,27,-1,0,28,27,-1,
  50,8,44,-1,7,8,50,-1,1,29,28,-1,1,28,0,-1,2,29,1,-1,2,51,29,-1,6,7,50,-1,6,50,55,-1,
  3,51,2,-1,3,52,51,-1,5,55,54,-1,5,6,55,-1,4,53,52,-1,4,54,53,-1,4,5,54,-1,4,52,3,-1]
  normalPerVertex TRUE
  normal DEF NORM_5 Normal { vector [
  0 0 1,0 0 1,
  0 0 1,0 0 1,
  0 0 1,0 0 1,
  0 0 1,0 0 1,
  0 0 1,0 0 1,
  0 0 1,0 0 1,
  0 0 1,0 0 1,
  0 0 1,0 0 1,
  0 0 1,0 0 1,
  0 0 1,0 0 1,
  0 0 1,0 0 1,
  0 0 1,0 0 1,
  0 0 1,0 0 1,
  0 0 1,0 0 1,
  0 0 1,0 0 1,
  0 0 1,0 0 1,
  0 0 1,0 0 1,
  0 0 1,0 0 1,
  0 0 1,0 0 1,
  0 0 1,0 0 1,
  0 0 1,0 0 1,
  0 0 1,0 0 1,
  0 0 1,0 0 1,
  0 0 1,0 0 1,
  0 0 1,0 0 1,
  0 0 1,0 0 1,
  0 0 1,0 0 1,
  0 0 1,0 0 1] }
}
}
DEF SHAPE_6 Shape {
 appearance USE APP_1
 geometry DEF FACE_6 IndexedFaceSet {
  coord DEF COORD_6 Coordinate { point [
  0.29571304 0.2519685 0.36437008,-0.29571304 0.2519685 0.36437008,
  0.29571304 0.2519685 0.36614173,-0.29571304 0.2519685 0.36614173] }
 coordIndex [
  1,2,0,-1,1,3,2,-1]
  normalPerVertex TRUE
  normal DEF NORM_6 Normal { vector [
  0 1 0,0 1 0,
  0 1 0,0 1 0] }
}
}
DEF SHAPE_7 Shape {
 appearance USE APP_1
 geometry DEF FACE_7 IndexedFaceSet {
  coord DEF COORD_7 Coordinate { point [
  0.29571304 -0.2519685 0.36437008,0.29571304 -0.2519685 0.36614173,
  -0.29571304 -0.2519685 0.36437008,-0.29571304 -0.2519685 0.36614173] }
 coordIndex [
  0,3,2,-1,0,1,3,-1]
  normalPerVertex TRUE
  normal DEF NORM_7 Normal { vector [
  0 -1 0,0 -1 0,
  0 -1 0,0 -1 0] }
}
}
DEF SHAPE_8 Shape {
 appearance USE APP_1
 geometry DEF FACE_8 IndexedFaceSet {
  coord DEF COORD_8 Coordinate { point [
  -0.33070866 0.21697288 0.36614173,-0.32951621 0.22603041 0.36614173,
  -0.32602014 0.23447069 0.36614173,-0.32045868 0.24171852 0.36614173,
  -0.31321085 0.24727998 0.36614173,-0.30477057 0.25077606 0.36614173,
  -0.29571304 0.2519685 0.36614173,-0.29571304 0.2519685 0.36437008,
  -0.30477057 0.25077606 0.36437008,-0.31321085 0.24727998 0.36437008,
  -0.32045868 0.24171852 0.36437008,-0.32602014 0.23447069 0.36437008,
  -0.32951621 0.22603041 0.36437008,-0.33070866 0.21697288 0.36437008] }
 coordIndex [
  5,6,7,-1,5,7,8,-1,4,8,9,-1,4,5,8,-1,3,9,10,-1,3,4,9,-1,2,10,11,-1,2,3,10,-1,
  1,11,12,-1,1,2,11,-1,0,12,13,-1,0,1,12,-1]
  normalPerVertex TRUE
  normal DEF NORM_8 Normal { vector [
  -0.99144486 0.13052619 0,-0.95364993 0.30091828 0,
  -0.84327172 0.5374875 0,-0.67542593 0.73742784 0,
  -0.46155098 0.88711369 0,-0.21622209 0.9763442 0,
  -0.13052619 0.99144486 0,-0.13052619 0.99144486 0,
  -0.30091828 0.95364993 0,-0.5374875 0.84327172 0,
  -0.73742784 0.67542593 0,-0.88711369 0.46155098 0,
  -0.9763442 0.21622209 0,-0.99144486 0.13052619 0] }
}
}
DEF SHAPE_9 Shape {
 appearance USE APP_1
 geometry DEF FACE_9 IndexedFaceSet {
  coord DEF COORD_9 Coordinate { point [
  -0.29571304 -0.2519685 0.36614173,-0.30477057 -0.25077606 0.36614173,
  -0.31321085 -0.24727998 0.36614173,-0.32045868 -0.24171852 0.36614173,
  -0.32602014 -0.23447069 0.36614173,-0.32951621 -0.22603041 0.36614173,
  -0.33070866 -0.21697288 0.36614173,-0.33070866 -0.21697288 0.36437008,
  -0.32951621 -0.22603041 0.36437008,-0.32602014 -0.23447069 0.36437008,
  -0.32045868 -0.24171852 0.36437008,-0.31321085 -0.24727998 0.36437008,
  -0.30477057 -0.25077606 0.36437008,-0.29571304 -0.2519685 0.36437008] }
 coordIndex [
  5,6,7,-1,5,7,8,-1,4,8,9,-1,4,5,8,-1,3,9,10,-1,3,4,9,-1,2,10,11,-1,2,3,10,-1,
  1,11,12,-1,1,2,11,-1,0,12,13,-1,0,1,12,-1]
  normalPerVertex TRUE
  normal DEF NORM_9 Normal { vector [
  -0.13052619 -0.99144486 0,-0.30091828 -0.95364993 0,
  -0.5374875 -0.84327172 0,-0.73742784 -0.67542593 0,
  -0.88711369 -0.46155098 0,-0.9763442 -0.21622209 0,
  -0.99144486 -0.13052619 0,-0.99144486 -0.13052619 0,
  -0.95364993 -0.30091828 0,-0.84327172 -0.5374875 0,
  -0.67542593 -0.73742784 0,-0.46155098 -0.88711369 0,
  -0.21622209 -0.9763442 0,-0.13052619 -0.99144486 0] }
}
}
DEF SHAPE_10 Shape {
 appearance USE APP_1
 geometry DEF FACE_10 IndexedFaceSet {
  coord DEF COORD_10 Coordinate { point [
  -0.33070866 0.21697288 0.36437008,-0.33070866 -0.21697288 0.36437008,
  -0.33070866 0.21697288 0.36614173,-0.33070866 -0.21697288 0.36614173] }
 coordIndex [
  1,2,0,-1,1,3,2,-1]
  normalPerVertex TRUE
  normal DEF NORM_10 Normal { vector [
  -1 0 0,-1 0 0,
  -1 0 0,-1 0 0] }
}
}
DEF SHAPE_11 Shape {
 appearance USE APP_2
 geometry DEF FACE_11 IndexedFaceSet {
  coord DEF COORD_11 Coordinate { point [
  0.34645669 -0.2152231 0.36122047,0.34645669 0.2152231 0.36122047,
  0.34603473 0.2152231 0.36279528,0.34488189 0.2152231 0.36394811,
  0.34330709 0.2152231 0.36437008,0.34330709 -0.2152231 0.36437008,
  0.34603473 -0.2152231 0.36279528,0.34488189 -0.2152231 0.36394811] }
 coordIndex [
  3,4,5,-1,3,5,7,-1,2,7,6,-1,2,3,7,-1,1,6,0,-1,1,2,6,-1]
  normalPerVertex TRUE
  normal DEF NORM_11 Normal { vector [
  0.96592583 0 0.25881905,0.96592583 0 0.25881905,
  0.81811048 0 0.57506107,0.42097392 0 0.90707274,
  0.25881905 0 0.96592583,0.25881905 0 0.96592583,
  0.90707274 0 0.42097392,0.57506107 0 0.81811048] }
}
}
DEF SHAPE_12 Shape {
 appearance USE APP_2
 geometry DEF FACE_12 IndexedFaceSet {
  coord DEF COORD_12 Coordinate { point [
  0.29396325 -0.26771654 0.36122047,0.29396325 -0.26729457 0.36279528,
  0.29396325 -0.26614173 0.36394811,0.29396325 -0.26456693 0.36437008,
  0.30754956 -0.26592786 0.36122047,0.32020997 -0.26068375 0.36122047,
  0.33108172 -0.25234156 0.36122047,0.33942391 -0.24146982 0.36122047,
  0.34466802 -0.2288094 0.36122047,0.34645669 -0.2152231 0.36122047,
  0.34603473 -0.2152231 0.36279528,0.34488189 -0.2152231 0.36394811,
  0.34330709 -0.2152231 0.36437008,0.30673438 -0.26288558 0.36437008,
  0.31863517 -0.25795611 0.36437008,0.32885461 -0.25011446 0.36437008,
  0.33669627 -0.23989501 0.36437008,0.34162574 -0.22799422 0.36437008,
  0.30744034 -0.26552028 0.36279528,0.30714197 -0.26440672 0.36394811,
  0.31999899 -0.26031831 0.36279528,0.31942257 -0.25931993 0.36394811,
  0.33078334 -0.25204319 0.36279528,0.32996817 -0.25122801 0.36394811,
  0.33905847 -0.24125883 0.36279528,0.33806009 -0.24068241 0.36394811,
  0.34426043 -0.22870019 0.36279528,0.34314688 -0.22840181 0.36394811] }
 coordIndex [
  18,1,0,-1,18,0,4,-1,19,2,1,-1,19,3,2,-1,19,13,3,-1,19,1,18,-1,20,4,5,-1,20,18,4,-1,
  21,14,13,-1,21,18,20,-1,21,13,19,-1,21,19,18,-1,22,5,6,-1,22,20,5,-1,23,15,14,-1,23,20,22,-1,
  23,21,20,-1,23,14,21,-1,24,6,7,-1,24,22,6,-1,25,16,15,-1,25,23,22,-1,25,22,24,-1,25,15,23,-1,
  26,7,8,-1,26,8,9,-1,26,9,10,-1,26,24,7,-1,27,10,11,-1,27,11,12,-1,27,17,16,-1,27,12,17,-1,
  27,16,25,-1,27,25,24,-1,27,26,10,-1,27,24,26,-1]
  normalPerVertex TRUE
  normal DEF NORM_12 Normal { vector [
  0.12615063 -0.95820914 0.25675137,0.1071849 -0.81415013 0.57067588,
  0.065684095 -0.49892023 0.86415519,0.03405441 -0.25866892 0.96536557,
  0.29046643 -0.92128216 0.25858932,0.51901439 -0.81471199 0.25858932,
  0.71219239 -0.65262054 0.25858932,0.85683564 -0.44605408 0.25858932,
  0.9330127 -0.25 0.25881905,0.95820914 -0.12615063 0.25675137,
  0.81415013 -0.1071849 0.57067588,0.49892023 -0.065684095 0.86415519,
  0.25866892 -0.03405441 0.96536557,0.078184051 -0.24698182 0.96586088,
  0.13944359 -0.2183306 0.96586088,0.19120029 -0.17480051 0.96586088,
  0.22992699 -0.11935805 0.96586088,0.25 -0.066987298 0.96592583,
  0.21810555 -0.83881567 0.49881684,0.10851992 -0.49057908 0.86461297,
  0.42777525 -0.75378385 0.49881684,0.2317934 -0.44577599 0.86461297,
  0.60829278 -0.61738291 0.49881684,0.33927055 -0.37059399 0.86461297,
  0.74735616 -0.43890834 0.49881684,0.42362697 -0.27015663 0.86461297,
  0.87635901 -0.23481969 0.42054084,0.48596777 -0.13021467 0.86422188] }
}
}
DEF SHAPE_13 Shape {
 appearance USE APP_2
 geometry DEF FACE_13 IndexedFaceSet {
  coord DEF COORD_13 Coordinate { point [
  0.34645669 0.2152231 0.36122047,0.34603473 0.2152231 0.36279528,
  0.34488189 0.2152231 0.36394811,0.34330709 0.2152231 0.36437008,
  0.34466802 0.2288094 0.36122047,0.33942391 0.24146982 0.36122047,
  0.33108172 0.25234156 0.36122047,0.32020997 0.26068375 0.36122047,
  0.30754956 0.26592786 0.36122047,0.29396325 0.26771654 0.36122047,
  0.29396325 0.26729457 0.36279528,0.29396325 0.26614173 0.36394811,
  0.29396325 0.26456693 0.36437008,0.34162574 0.22799422 0.36437008,
  0.33669627 0.23989501 0.36437008,0.32885461 0.25011446 0.36437008,
  0.31863517 0.25795611 0.36437008,0.30673438 0.26288558 0.36437008,
  0.34426043 0.22870019 0.36279528,0.34314688 0.22840181 0.36394811,
  0.33905847 0.24125883 0.36279528,0.33806009 0.24068241 0.36394811,
  0.33078334 0.25204319 0.36279528,0.32996817 0.25122801 0.36394811,
  0.31999899 0.26031831 0.36279528,0.31942257 0.25931993 0.36394811,
  0.30744034 0.26552028 0.36279528,0.30714197 0.26440672 0.36394811] }
 coordIndex [
  18,1,0,-1,18,0,4,-1,19,2,1,-1,19,3,2,-1,19,13,3,-1,19,1,18,-1,20,4,5,-1,20,18,4,-1,
  21,14,13,-1,21,18,20,-1,21,13,19,-1,21,19,18,-1,22,5,6,-1,22,20,5,-1,23,15,14,-1,23,20,22,-1,
  23,21,20,-1,23,14,21,-1,24,6,7,-1,24,22,6,-1,25,16,15,-1,25,23,22,-1,25,22,24,-1,25,15,23,-1,
  26,7,8,-1,26,8,9,-1,26,9,10,-1,26,24,7,-1,27,10,11,-1,27,11,12,-1,27,17,16,-1,27,12,17,-1,
  27,16,25,-1,27,25,24,-1,27,26,10,-1,27,24,26,-1]
  normalPerVertex TRUE
  normal DEF NORM_13 Normal { vector [
  0.95820914 0.12615063 0.25675137,0.81415013 0.1071849 0.57067588,
  0.49892023 0.065684095 0.86415519,0.25866892 0.03405441 0.96536557,
  0.92128216 0.29046643 0.25858932,0.81471199 0.51901439 0.25858932,
  0.65262054 0.71219239 0.25858932,0.44605408 0.85683564 0.25858932,
  0.25 0.9330127 0.25881905,0.12615063 0.95820914 0.25675137,
  0.1071849 0.81415013 0.57067588,0.065684095 0.49892023 0.86415519,
  0.03405441 0.25866892 0.96536557,0.24698182 0.078184051 0.96586088,
  0.2183306 0.13944359 0.96586088,0.17480051 0.19120029 0.96586088,
  0.11935805 0.22992699 0.96586088,0.066987298 0.25 0.96592583,
  0.83881567 0.21810555 0.49881684,0.49057908 0.10851992 0.86461297,
  0.75378385 0.42777525 0.49881684,0.44577599 0.2317934 0.86461297,
  0.61738291 0.60829278 0.49881684,0.37059399 0.33927055 0.86461297,
  0.43890834 0.74735616 0.49881684,0.27015663 0.42362697 0.86461297,
  0.23481969 0.87635901 0.42054084,0.13021467 0.48596777 0.86422188] }
}
}
DEF SHAPE_14 Shape {
 appearance USE APP_2
 geometry DEF FACE_14 IndexedFaceSet {
  coord DEF COORD_14 Coordinate { point [
  -0.29396325 -0.26771654 0.36122047,0.29396325 -0.26771654 0.36122047,
  0.29396325 -0.26729457 0.36279528,0.29396325 -0.26614173 0.36394811,
  0.29396325 -0.26456693 0.36437008,-0.29396325 -0.26456693 0.36437008,
  -0.29396325 -0.26729457 0.36279528,-0.29396325 -0.26614173 0.36394811] }
 coordIndex [
  3,4,5,-1,3,5,7,-1,2,7,6,-1,2,3,7,-1,1,6,0,-1,1,2,6,-1]
  normalPerVertex TRUE
  normal DEF NORM_14 Normal { vector [
  0 -0.96592583 0.25881905,0 -0.96592583 0.25881905,
  0 -0.81811048 0.57506107,0 -0.42097392 0.90707274,
  0 -0.25881905 0.96592583,0 -0.25881905 0.96592583,
  0 -0.90707274 0.42097392,0 -0.57506107 0.81811048] }
}
}
DEF SHAPE_15 Shape {
 appearance USE APP_2
 geometry DEF FACE_15 IndexedFaceSet {
  coord DEF COORD_15 Coordinate { point [
  0.29396325 0.26771654 0.36122047,-0.29396325 0.26771654 0.36122047,
  -0.29396325 0.26729457 0.36279528,-0.29396325 0.26614173 0.36394811,
  -0.29396325 0.26456693 0.36437008,0.29396325 0.26456693 0.36437008,
  0.29396325 0.26729457 0.36279528,0.29396325 0.26614173 0.36394811] }
 coordIndex [
  3,4,5,-1,3,5,7,-1,2,7,6,-1,2,3,7,-1,1,6,0,-1,1,2,6,-1]
  normalPerVertex TRUE
  normal DEF NORM_15 Normal { vector [
  0 0.96592583 0.25881905,0 0.96592583 0.25881905,
  0 0.81811048 0.57506107,0 0.42097392 0.90707274,
  0 0.25881905 0.96592583,0 0.25881905 0.96592583,
  0 0.90707274 0.42097392,0 0.57506107 0.81811048] }
}
}
DEF SHAPE_16 Shape {
 appearance USE APP_2
 geometry DEF FACE_16 IndexedFaceSet {
  coord DEF COORD_16 Coordinate { point [
  -0.34645669 -0.2152231 0.36122047,-0.34603473 -0.2152231 0.36279528,
  -0.34488189 -0.2152231 0.36394811,-0.34330709 -0.2152231 0.36437008,
  -0.34466802 -0.2288094 0.36122047,-0.33942391 -0.24146982 0.36122047,
  -0.33108172 -0.25234156 0.36122047,-0.32020997 -0.26068375 0.36122047,
  -0.30754956 -0.26592786 0.36122047,-0.29396325 -0.26771654 0.36122047,
  -0.29396325 -0.26729457 0.36279528,-0.29396325 -0.26614173 0.36394811,
  -0.29396325 -0.26456693 0.36437008,-0.34162574 -0.22799422 0.36437008,
  -0.33669627 -0.23989501 0.36437008,-0.32885461 -0.25011446 0.36437008,
  -0.31863517 -0.25795611 0.36437008,-0.30673438 -0.26288558 0.36437008,
  -0.34426043 -0.22870019 0.36279528,-0.34314688 -0.22840181 0.36394811,
  -0.33905847 -0.24125883 0.36279528,-0.33806009 -0.24068241 0.36394811,
  -0.33078334 -0.25204319 0.36279528,-0.32996817 -0.25122801 0.36394811,
  -0.31999899 -0.26031831 0.36279528,-0.31942257 -0.25931993 0.36394811,
  -0.30744034 -0.26552028 0.36279528,-0.30714197 -0.26440672 0.36394811] }
 coordIndex [
  18,1,0,-1,18,0,4,-1,19,2,1,-1,19,3,2,-1,19,13,3,-1,19,1,18,-1,20,4,5,-1,20,18,4,-1,
  21,14,13,-1,21,18,20,-1,21,13,19,-1,21,19,18,-1,22,5,6,-1,22,20,5,-1,23,15,14,-1,23,20,22,-1,
  23,21,20,-1,23,14,21,-1,24,6,7,-1,24,22,6,-1,25,16,15,-1,25,23,22,-1,25,22,24,-1,25,15,23,-1,
  26,7,8,-1,26,8,9,-1,26,9,10,-1,26,24,7,-1,27,10,11,-1,27,11,12,-1,27,17,16,-1,27,12,17,-1,
  27,16,25,-1,27,25,24,-1,27,26,10,-1,27,24,26,-1]
  normalPerVertex TRUE
  normal DEF NORM_16 Normal { vector [
  -0.95820914 -0.12615063 0.25675137,-0.81415013 -0.1071849 0.57067588,
  -0.49892023 -0.065684095 0.86415519,-0.25866892 -0.03405441 0.96536557,
  -0.92128216 -0.29046643 0.25858932,-0.81471199 -0.51901439 0.25858932,
  -0.65262054 -0.71219239 0.25858932,-0.44605408 -0.85683564 0.25858932,
  -0.25 -0.9330127 0.25881905,-0.12615063 -0.95820914 0.25675137,
  -0.1071849 -0.81415013 0.57067588,-0.065684095 -0.49892023 0.86415519,
  -0.03405441 -0.25866892 0.96536557,-0.24698182 -0.078184051 0.96586088,
  -0.2183306 -0.13944359 0.96586088,-0.17480051 -0.19120029 0.96586088,
  -0.11935805 -0.22992699 0.96586088,-0.066987298 -0.25 0.96592583,
  -0.83881567 -0.21810555 0.49881684,-0.49057908 -0.10851992 0.86461297,
  -0.75378385 -0.42777525 0.49881684,-0.44577599 -0.2317934 0.86461297,
  -0.61738291 -0.60829278 0.49881684,-0.37059399 -0.33927055 0.86461297,
  -0.43890834 -0.74735616 0.49881684,-0.27015663 -0.42362697 0.86461297,
  -0.23481969 -0.87635901 0.42054084,-0.13021467 -0.48596777 0.86422188] }
}
}
DEF SHAPE_17 Shape {
 appearance USE APP_2
 geometry DEF FACE_17 IndexedFaceSet {
  coord DEF COORD_17 Coordinate { point [
  -0.29396325 0.26771654 0.36122047,-0.29396325 0.26729457 0.36279528,
  -0.29396325 0.26614173 0.36394811,-0.29396325 0.26456693 0.36437008,
  -0.30754956 0.26592786 0.36122047,-0.32020997 0.26068375 0.36122047,
  -0.33108172 0.25234156 0.36122047,-0.33942391 0.24146982 0.36122047,
  -0.34466802 0.2288094 0.36122047,-0.34645669 0.2152231 0.36122047,
  -0.34603473 0.2152231 0.36279528,-0.34488189 0.2152231 0.36394811,
  -0.34330709 0.2152231 0.36437008,-0.30673438 0.26288558 0.36437008,
  -0.31863517 0.25795611 0.36437008,-0.32885461 0.25011446 0.36437008,
  -0.33669627 0.23989501 0.36437008,-0.34162574 0.22799422 0.36437008,
  -0.30744034 0.26552028 0.36279528,-0.30714197 0.26440672 0.36394811,
  -0.31999899 0.26031831 0.36279528,-0.31942257 0.25931993 0.36394811,
  -0.33078334 0.25204319 0.36279528,-0.32996817 0.25122801 0.36394811,
  -0.33905847 0.24125883 0.36279528,-0.33806009 0.24068241 0.36394811,
  -0.34426043 0.22870019 0.36279528,-0.34314688 0.22840181 0.36394811] }
 coordIndex [
  18,1,0,-1,18,0,4,-1,19,2,1,-1,19,3,2,-1,19,13,3,-1,19,1,18,-1,20,4,5,-1,20,18,4,-1,
  21,14,13,-1,21,18,20,-1,21,13,19,-1,21,19,18,-1,22,5,6,-1,22,20,5,-1,23,15,14,-1,23,20,22,-1,
  23,21,20,-1,23,14,21,-1,24,6,7,-1,24,22,6,-1,25,16,15,-1,25,23,22,-1,25,22,24,-1,25,15,23,-1,
  26,7,8,-1,26,8,9,-1,26,9,10,-1,26,24,7,-1,27,10,11,-1,27,11,12,-1,27,17,16,-1,27,12,17,-1,
  27,16,25,-1,27,25,24,-1,27,26,10,-1,27,24,26,-1]
  normalPerVertex TRUE
  normal DEF NORM_17 Normal { vector [
  -0.12615063 0.95820914 0.25675137,-0.1071849 0.81415013 0.57067588,
  -0.065684095 0.49892023 0.86415519,-0.03405441 0.25866892 0.96536557,
  -0.29046643 0.92128216 0.25858932,-0.51901439 0.81471199 0.25858932,
  -0.71219239 0.65262054 0.25858932,-0.85683564 0.44605408 0.25858932,
  -0.9330127 0.25 0.25881905,-0.95820914 0.12615063 0.25675137,
  -0.81415013 0.1071849 0.57067588,-0.49892023 0.065684095 0.86415519,
  -0.25866892 0.03405441 0.96536557,-0.078184051 0.24698182 0.96586088,
  -0.13944359 0.2183306 0.96586088,-0.19120029 0.17480051 0.96586088,
  -0.22992699 0.11935805 0.96586088,-0.25 0.066987298 0.96592583,
  -0.21810555 0.83881567 0.49881684,-0.10851992 0.49057908 0.86461297,
  -0.42777525 0.75378385 0.49881684,-0.2317934 0.44577599 0.86461297,
  -0.60829278 0.61738291 0.49881684,-0.33927055 0.37059399 0.86461297,
  -0.74735616 0.43890834 0.49881684,-0.42362697 0.27015663 0.86461297,
  -0.87635901 0.23481969 0.42054084,-0.48596777 0.13021467 0.86422188] }
}
}
DEF SHAPE_18 Shape {
 appearance USE APP_2
 geometry DEF FACE_18 IndexedFaceSet {
  coord DEF COORD_18 Coordinate { point [
  -0.34645669 0.2152231 0.36122047,-0.34645669 -0.2152231 0.36122047,
  -0.34603473 -0.2152231 0.36279528,-0.34488189 -0.2152231 0.36394811,
  -0.34330709 -0.2152231 0.36437008,-0.34330709 0.2152231 0.36437008,
  -0.34603473 0.2152231 0.36279528,-0.34488189 0.2152231 0.36394811] }
 coordIndex [
  3,4,5,-1,3,5,7,-1,2,7,6,-1,2,3,7,-1,1,6,0,-1,1,2,6,-1]
  normalPerVertex TRUE
  normal DEF NORM_18 Normal { vector [
  -0.96592583 0 0.25881905,-0.96592583 0 0.25881905,
  -0.81811048 0 0.57506107,-0.42097392 0 0.90707274,
  -0.25881905 0 0.96592583,-0.25881905 0 0.96592583,
  -0.90707274 0 0.42097392,-0.57506107 0 0.81811048] }
}
}
DEF SHAPE_19 Shape {
 appearance USE APP_2
 geometry DEF FACE_19 IndexedFaceSet {
  coord DEF COORD_19 Coordinate { point [
  0.34645669 0.2152231 0.28070866,0.34645669 0.2152231 0.36122047,
  0.34645669 -0.2152231 0.28070866,0.34645669 -0.2152231 0.36122047] }
 coordIndex [
  0,3,2,-1,0,1,3,-1]
  normalPerVertex TRUE
  normal DEF NORM_19 Normal { vector [
  1 0 0,1 0 0,
  1 0 0,1 0 0] }
}
}
DEF SHAPE_20 Shape {
 appearance USE APP_2
 geometry DEF FACE_20 IndexedFaceSet {
  coord DEF COORD_20 Coordinate { point [
  0.29396325 -0.26771654 0.28070866,0.29396325 -0.26771654 0.36122047,
  0.30754956 -0.26592786 0.28070866,0.32020997 -0.26068375 0.28070866,
  0.33108172 -0.25234156 0.28070866,0.33942391 -0.24146982 0.28070866,
  0.34466802 -0.2288094 0.28070866,0.34645669 -0.2152231 0.28070866,
  0.34645669 -0.2152231 0.36122047,0.30754956 -0.26592786 0.36122047,
  0.32020997 -0.26068375 0.36122047,0.33108172 -0.25234156 0.36122047,
  0.33942391 -0.24146982 0.36122047,0.34466802 -0.2288094 0.36122047] }
 coordIndex [
  9,1,0,-1,9,0,2,-1,10,2,3,-1,10,9,2,-1,11,3,4,-1,11,10,3,-1,12,4,5,-1,12,11,4,-1,
  13,5,6,-1,13,12,5,-1,8,6,7,-1,8,13,6,-1]
  normalPerVertex TRUE
  normal DEF NORM_20 Normal { vector [
  0.13052619 -0.99144486 0,0.13052619 -0.99144486 0,
  0.30091828 -0.95364993 0,0.5374875 -0.84327172 0,
  0.73742784 -0.67542593 0,0.88711369 -0.46155098 0,
  0.9763442 -0.21622209 0,0.99144486 -0.13052619 0,
  0.99144486 -0.13052619 0,0.21622209 -0.9763442 0,
  0.46155098 -0.88711369 0,0.67542593 -0.73742784 0,
  0.84327172 -0.5374875 0,0.95364993 -0.30091828 0] }
}
}
DEF SHAPE_21 Shape {
 appearance USE APP_2
 geometry DEF FACE_21 IndexedFaceSet {
  coord DEF COORD_21 Coordinate { point [
  0.34645669 0.2152231 0.28070866,0.34645669 0.2152231 0.36122047,
  0.34466802 0.2288094 0.28070866,0.33942391 0.24146982 0.28070866,
  0.33108172 0.25234156 0.28070866,0.32020997 0.26068375 0.28070866,
  0.30754956 0.26592786 0.28070866,0.29396325 0.26771654 0.28070866,
  0.29396325 0.26771654 0.36122047,0.34466802 0.2288094 0.36122047,
  0.33942391 0.24146982 0.36122047,0.33108172 0.25234156 0.36122047,
  0.32020997 0.26068375 0.36122047,0.30754956 0.26592786 0.36122047] }
 coordIndex [
  9,1,0,-1,9,0,2,-1,10,2,3,-1,10,9,2,-1,11,3,4,-1,11,10,3,-1,12,4,5,-1,12,11,4,-1,
  13,5,6,-1,13,12,5,-1,8,6,7,-1,8,13,6,-1]
  normalPerVertex TRUE
  normal DEF NORM_21 Normal { vector [
  0.99144486 0.13052619 0,0.99144486 0.13052619 0,
  0.95364993 0.30091828 0,0.84327172 0.5374875 0,
  0.67542593 0.73742784 0,0.46155098 0.88711369 0,
  0.21622209 0.9763442 0,0.13052619 0.99144486 0,
  0.13052619 0.99144486 0,0.9763442 0.21622209 0,
  0.88711369 0.46155098 0,0.73742784 0.67542593 0,
  0.5374875 0.84327172 0,0.30091828 0.95364993 0] }
}
}
DEF SHAPE_22 Shape {
 appearance USE APP_2
 geometry DEF FACE_22 IndexedFaceSet {
  coord DEF COORD_22 Coordinate { point [
  0.29396325 -0.26771654 0.28070866,0.29396325 -0.26771654 0.36122047,
  -0.29396325 -0.26771654 0.28070866,-0.29396325 -0.26771654 0.36122047] }
 coordIndex [
  0,3,2,-1,0,1,3,-1]
  normalPerVertex TRUE
  normal DEF NORM_22 Normal { vector [
  0 -1 0,0 -1 0,
  0 -1 0,0 -1 0] }
}
}
DEF SHAPE_23 Shape {
 appearance USE APP_2
 geometry DEF FACE_23 IndexedFaceSet {
  coord DEF COORD_23 Coordinate { point [
  -0.29396325 0.26771654 0.28070866,-0.29396325 0.26771654 0.36122047,
  0.29396325 0.26771654 0.28070866,0.29396325 0.26771654 0.36122047] }
 coordIndex [
  0,3,2,-1,0,1,3,-1]
  normalPerVertex TRUE
  normal DEF NORM_23 Normal { vector [
  0 1 0,0 1 0,
  0 1 0,0 1 0] }
}
}
DEF SHAPE_24 Shape {
 appearance USE APP_2
 geometry DEF FACE_24 IndexedFaceSet {
  coord DEF COORD_24 Coordinate { point [
  -0.34645669 -0.2152231 0.36122047,-0.34466802 -0.2288094 0.36122047,
  -0.33942391 -0.24146982 0.36122047,-0.33108172 -0.25234156 0.36122047,
  -0.32020997 -0.26068375 0.36122047,-0.30754956 -0.26592786 0.36122047,
  -0.29396325 -0.26771654 0.36122047,-0.34645669 -0.2152231 0.28070866,
  -0.34466802 -0.2288094 0.28070866,-0.33942391 -0.24146982 0.28070866,
  -0.33108172 -0.25234156 0.28070866,-0.32020997 -0.26068375 0.28070866,
  -0.30754956 -0.26592786 0.28070866,-0.29396325 -0.26771654 0.28070866] }
 coordIndex [
  1,0,7,-1,1,7,8,-1,2,8,9,-1,2,1,8,-1,3,9,10,-1,3,2,9,-1,4,10,11,-1,4,3,10,-1,
  5,11,12,-1,5,4,11,-1,6,12,13,-1,6,5,12,-1]
  normalPerVertex TRUE
  normal DEF NORM_24 Normal { vector [
  -0.99144486 -0.13052619 0,-0.9763442 -0.21622209 0,
  -0.88711369 -0.46155098 0,-0.73742784 -0.67542593 0,
  -0.5374875 -0.84327172 0,-0.30091828 -0.95364993 0,
  -0.13052619 -0.99144486 0,-0.99144486 -0.13052619 0,
  -0.95364993 -0.30091828 0,-0.84327172 -0.5374875 0,
  -0.67542593 -0.73742784 0,-0.46155098 -0.88711369 0,
  -0.21622209 -0.9763442 0,-0.13052619 -0.99144486 0] }
}
}
DEF SHAPE_25 Shape {
 appearance USE APP_2
 geometry DEF FACE_25 IndexedFaceSet {
  coord DEF COORD_25 Coordinate { point [
  -0.29396325 0.26771654 0.36122047,-0.30754956 0.26592786 0.36122047,
  -0.32020997 0.26068375 0.36122047,-0.33108172 0.25234156 0.36122047,
  -0.33942391 0.24146982 0.36122047,-0.34466802 0.2288094 0.36122047,
  -0.34645669 0.2152231 0.36122047,-0.29396325 0.26771654 0.28070866,
  -0.30754956 0.26592786 0.28070866,-0.32020997 0.26068375 0.28070866,
  -0.33108172 0.25234156 0.28070866,-0.33942391 0.24146982 0.28070866,
  -0.34466802 0.2288094 0.28070866,-0.34645669 0.2152231 0.28070866] }
 coordIndex [
  1,0,7,-1,1,7,8,-1,2,8,9,-1,2,1,8,-1,3,9,10,-1,3,2,9,-1,4,10,11,-1,4,3,10,-1,
  5,11,12,-1,5,4,11,-1,6,12,13,-1,6,5,12,-1]
  normalPerVertex TRUE
  normal DEF NORM_25 Normal { vector [
  -0.13052619 0.99144486 0,-0.21622209 0.9763442 0,
  -0.46155098 0.88711369 0,-0.67542593 0.73742784 0,
  -0.84327172 0.5374875 0,-0.95364993 0.30091828 0,
  -0.99144486 0.13052619 0,-0.13052619 0.99144486 0,
  -0.30091828 0.95364993 0,-0.5374875 0.84327172 0,
  -0.73742784 0.67542593 0,-0.88711369 0.46155098 0,
  -0.9763442 0.21622209 0,-0.99144486 0.13052619 0] }
}
}
DEF SHAPE_26 Shape {
 appearance USE APP_2
 geometry DEF FACE_26 IndexedFaceSet {
  coord DEF COORD_26 Coordinate { point [
  -0.34645669 -0.2152231 0.28070866,-0.34645669 -0.2152231 0.36122047,
  -0.34645669 0.2152231 0.28070866,-0.34645669 0.2152231 0.36122047] }
 coordIndex [
  0,3,2,-1,0,1,3,-1]
  normalPerVertex TRUE
  normal DEF NORM_26 Normal { vector [
  -1 0 0,-1 0 0,
  -1 0 0,-1 0 0] }
}
}
DEF SHAPE_27 Shape {
 appearance USE APP_2
 geometry DEF FACE_27 IndexedFaceSet {
  coord DEF COORD_27 Coordinate { point [
  0.3496063 -0.2152231 0.27755906,0.3480315 -0.2152231 0.27798102,
  0.34687866 -0.2152231 0.27913386,0.34645669 -0.2152231 0.28070866,
  0.34645669 0.2152231 0.28070866,0.3496063 0.2152231 0.27755906,
  0.3480315 0.2152231 0.27798102,0.34687866 0.2152231 0.27913386] }
 coordIndex [
  6,1,0,-1,6,0,5,-1,7,2,1,-1,7,1,6,-1,4,3,2,-1,4,2,7,-1]
  normalPerVertex TRUE
  normal DEF NORM_27 Normal { vector [
  0.25881905 0 0.96592583,0.57506107 0 0.81811048,
  0.90707274 0 0.42097392,0.96592583 0 0.25881905,
  0.96592583 0 0.25881905,0.25881905 0 0.96592583,
  0.42097392 0 0.90707274,0.81811048 0 0.57506107] }
}
}
DEF SHAPE_28 Shape {
 appearance USE APP_2
 geometry DEF FACE_28 IndexedFaceSet {
  coord DEF COORD_28 Coordinate { point [
  0.29396325 -0.26771654 0.28070866,0.30754956 -0.26592786 0.28070866,
  0.32020997 -0.26068375 0.28070866,0.33108172 -0.25234156 0.28070866,
  0.33942391 -0.24146982 0.28070866,0.34466802 -0.2288094 0.28070866,
  0.34645669 -0.2152231 0.28070866,0.3496063 -0.2152231 0.27755906,
  0.3480315 -0.2152231 0.27798102,0.34687866 -0.2152231 0.27913386,
  0.29396325 -0.27086614 0.27755906,0.30836473 -0.26897015 0.27755906,
  0.32178478 -0.26341139 0.27755906,0.33330883 -0.25456867 0.27755906,
  0.34215154 -0.24304462 0.27755906,0.34771031 -0.22962458 0.27755906,
  0.29396325 -0.26929134 0.27798102,0.29396325 -0.2681385 0.27913386,
  0.34618917 -0.22921699 0.27798102,0.34507561 -0.22891861 0.27913386,
  0.34078773 -0.24225722 0.27798102,0.33978934 -0.2416808 0.27913386,
  0.33219527 -0.25345512 0.27798102,0.3313801 -0.25263994 0.27913386,
  0.32099738 -0.26204757 0.27798102,0.32042096 -0.26104918 0.27913386,
  0.30795715 -0.26744901 0.27798102,0.30765877 -0.26633545 0.27913386] }
 coordIndex [
  18,7,8,-1,18,15,7,-1,19,6,5,-1,19,8,9,-1,19,9,6,-1,19,18,8,-1,20,14,15,-1,20,15,18,-1,
  21,5,4,-1,21,20,18,-1,21,19,5,-1,21,18,19,-1,22,13,14,-1,22,14,20,-1,23,4,3,-1,23,22,20,-1,
  23,20,21,-1,23,21,4,-1,24,12,13,-1,24,13,22,-1,25,3,2,-1,25,23,3,-1,25,24,22,-1,25,22,23,-1,
  26,10,11,-1,26,11,12,-1,26,16,10,-1,26,12,24,-1,27,1,0,-1,27,2,1,-1,27,17,16,-1,27,0,17,-1,
  27,24,25,-1,27,25,2,-1,27,16,26,-1,27,26,24,-1]
  normalPerVertex TRUE
  normal DEF NORM_28 Normal { vector [
  0.12615063 -0.95820914 0.25675137,0.25 -0.9330127 0.25881905,
  0.44565241 -0.85704613 0.25858435,0.65228703 -0.71249966 0.25858435,
  0.81446937 -0.51939752 0.25858435,0.92114697 -0.29089929 0.25858435,
  0.95820914 -0.12615063 0.25675137,0.25866892 -0.03405441 0.96536557,
  0.57239052 -0.075356642 0.81651116,0.86045084 -0.1132805 0.49678152,
  0.03405441 -0.25866892 0.96536557,0.066987298 -0.25 0.96592583,
  0.11975308 -0.22970047 0.96586588,0.17512345 -0.19087924 0.96586588,
  0.21855945 -0.1390499 0.96586588,0.24710098 -0.077744542 0.96586588,
  0.075356642 -0.57239052 0.81651116,0.1132805 -0.86045084 0.49678152,
  0.4785578 -0.13822641 0.86710777,0.84512119 -0.18704232 0.50078473,
  0.42647571 -0.25737633 0.86710777,0.76791427 -0.39940247 0.50078473,
  0.34533 -0.35898648 0.86710777,0.63837526 -0.584544 0.50078473,
  0.24065063 -0.4361323 0.86710777,0.46533203 -0.72984982 0.50078473,
  0.10855592 -0.40513621 0.90778867,0.22388632 -0.83555514 0.50171957] }
}
}
DEF SHAPE_29 Shape {
 appearance USE APP_2
 geometry DEF FACE_29 IndexedFaceSet {
  coord DEF COORD_29 Coordinate { point [
  0.34645669 0.2152231 0.28070866,0.34466802 0.2288094 0.28070866,
  0.33942391 0.24146982 0.28070866,0.33108172 0.25234156 0.28070866,
  0.32020997 0.26068375 0.28070866,0.30754956 0.26592786 0.28070866,
  0.29396325 0.26771654 0.28070866,0.29396325 0.27086614 0.27755906,
  0.29396325 0.26929134 0.27798102,0.29396325 0.2681385 0.27913386,
  0.3496063 0.2152231 0.27755906,0.34771031 0.22962458 0.27755906,
  0.34215154 0.24304462 0.27755906,0.33330883 0.25456867 0.27755906,
  0.32178478 0.26341139 0.27755906,0.30836473 0.26897015 0.27755906,
  0.3480315 0.2152231 0.27798102,0.34687866 0.2152231 0.27913386,
  0.30795715 0.26744901 0.27798102,0.30765877 0.26633545 0.27913386,
  0.32099738 0.26204757 0.27798102,0.32042096 0.26104918 0.27913386,
  0.33219527 0.25345512 0.27798102,0.3313801 0.25263994 0.27913386,
  0.34078773 0.24225722 0.27798102,0.33978934 0.2416808 0.27913386,
  0.34618917 0.22921699 0.27798102,0.34507561 0.22891861 0.27913386] }
 coordIndex [
  18,7,8,-1,18,15,7,-1,19,6,5,-1,19,8,9,-1,19,9,6,-1,19,18,8,-1,20,14,15,-1,20,15,18,-1,
  21,5,4,-1,21,20,18,-1,21,19,5,-1,21,18,19,-1,22,13,14,-1,22,14,20,-1,23,4,3,-1,23,22,20,-1,
  23,20,21,-1,23,21,4,-1,24,12,13,-1,24,13,22,-1,25,3,2,-1,25,23,3,-1,25,24,22,-1,25,22,23,-1,
  26,10,11,-1,26,11,12,-1,26,16,10,-1,26,12,24,-1,27,1,0,-1,27,2,1,-1,27,17,16,-1,27,0,17,-1,
  27,24,25,-1,27,25,2,-1,27,16,26,-1,27,26,24,-1]
  normalPerVertex TRUE
  normal DEF NORM_29 Normal { vector [
  0.95820914 0.12615063 0.25675137,0.9330127 0.25 0.25881905,
  0.85704613 0.44565241 0.25858435,0.71249966 0.65228703 0.25858435,
  0.51939752 0.81446937 0.25858435,0.29089929 0.92114697 0.25858435,
  0.12615063 0.95820914 0.25675137,0.03405441 0.25866892 0.96536557,
  0.075356642 0.57239052 0.81651116,0.1132805 0.86045084 0.49678152,
  0.25866892 0.03405441 0.96536557,0.25 0.066987298 0.96592583,
  0.22970047 0.11975308 0.96586588,0.19087924 0.17512345 0.96586588,
  0.1390499 0.21855945 0.96586588,0.077744542 0.24710098 0.96586588,
  0.57239052 0.075356642 0.81651116,0.86045084 0.1132805 0.49678152,
  0.13822641 0.4785578 0.86710777,0.18704232 0.84512119 0.50078473,
  0.25737633 0.42647571 0.86710777,0.39940247 0.76791427 0.50078473,
  0.35898648 0.34533 0.86710777,0.584544 0.63837526 0.50078473,
  0.4361323 0.24065063 0.86710777,0.72984982 0.46533203 0.50078473,
  0.40513621 0.10855592 0.90778867,0.83555514 0.22388632 0.50171957] }
}
}
DEF SHAPE_30 Shape {
 appearance USE APP_2
 geometry DEF FACE_30 IndexedFaceSet {
  coord DEF COORD_30 Coordinate { point [
  -0.29396325 -0.27086614 0.27755906,-0.29396325 -0.26929134 0.27798102,
  -0.29396325 -0.2681385 0.27913386,-0.29396325 -0.26771654 0.28070866,
  0.29396325 -0.26771654 0.28070866,0.29396325 -0.27086614 0.27755906,
  0.29396325 -0.26929134 0.27798102,0.29396325 -0.2681385 0.27913386] }
 coordIndex [
  6,1,0,-1,6,0,5,-1,7,2,1,-1,7,1,6,-1,4,3,2,-1,4,2,7,-1]
  normalPerVertex TRUE
  normal DEF NORM_30 Normal { vector [
  0 -0.25881905 0.96592583,0 -0.57506107 0.81811048,
  0 -0.90707274 0.42097392,0 -0.96592583 0.25881905,
  0 -0.96592583 0.25881905,0 -0.25881905 0.96592583,
  0 -0.42097392 0.90707274,0 -0.81811048 0.57506107] }
}
}
DEF SHAPE_31 Shape {
 appearance USE APP_2
 geometry DEF FACE_31 IndexedFaceSet {
  coord DEF COORD_31 Coordinate { point [
  0.29396325 0.27086614 0.27755906,0.29396325 0.26929134 0.27798102,
  0.29396325 0.2681385 0.27913386,0.29396325 0.26771654 0.28070866,
  -0.29396325 0.26771654 0.28070866,-0.29396325 0.27086614 0.27755906,
  -0.29396325 0.26929134 0.27798102,-0.29396325 0.2681385 0.27913386] }
 coordIndex [
  6,1,0,-1,6,0,5,-1,7,2,1,-1,7,1,6,-1,4,3,2,-1,4,2,7,-1]
  normalPerVertex TRUE
  normal DEF NORM_31 Normal { vector [
  0 0.25881905 0.96592583,0 0.57506107 0.81811048,
  0 0.90707274 0.42097392,0 0.96592583 0.25881905,
  0 0.96592583 0.25881905,0 0.25881905 0.96592583,
  0 0.42097392 0.90707274,0 0.81811048 0.57506107] }
}
}
DEF SHAPE_32 Shape {
 appearance USE APP_2
 geometry DEF FACE_32 IndexedFaceSet {
  coord DEF COORD_32 Coordinate { point [
  -0.34645669 -0.2152231 0.28070866,-0.34466802 -0.2288094 0.28070866,
  -0.33942391 -0.24146982 0.28070866,-0.33108172 -0.25234156 0.28070866,
  -0.32020997 -0.26068375 0.28070866,-0.30754956 -0.26592786 0.28070866,
  -0.29396325 -0.26771654 0.28070866,-0.29396325 -0.27086614 0.27755906,
  -0.29396325 -0.26929134 0.27798102,-0.29396325 -0.2681385 0.27913386,
  -0.3496063 -0.2152231 0.27755906,-0.34771031 -0.22962458 0.27755906,
  -0.34215154 -0.24304462 0.27755906,-0.33330883 -0.25456867 0.27755906,
  -0.32178478 -0.26341139 0.27755906,-0.30836473 -0.26897015 0.27755906,
  -0.3480315 -0.2152231 0.27798102,-0.34687866 -0.2152231 0.27913386,
  -0.30795715 -0.26744901 0.27798102,-0.30765877 -0.26633545 0.27913386,
  -0.32099738 -0.26204757 0.27798102,-0.32042096 -0.26104918 0.27913386,
  -0.33219527 -0.25345512 0.27798102,-0.3313801 -0.25263994 0.27913386,
  -0.34078773 -0.24225722 0.27798102,-0.33978934 -0.2416808 0.27913386,
  -0.34618917 -0.22921699 0.27798102,-0.34507561 -0.22891861 0.27913386] }
 coordIndex [
  18,7,8,-1,18,15,7,-1,19,6,5,-1,19,8,9,-1,19,9,6,-1,19,18,8,-1,20,14,15,-1,20,15,18,-1,
  21,5,4,-1,21,20,18,-1,21,19,5,-1,21,18,19,-1,22,13,14,-1,22,14,20,-1,23,4,3,-1,23,22,20,-1,
  23,20,21,-1,23,21,4,-1,24,12,13,-1,24,13,22,-1,25,3,2,-1,25,23,3,-1,25,24,22,-1,25,22,23,-1,
  26,10,11,-1,26,11,12,-1,26,16,10,-1,26,12,24,-1,27,1,0,-1,27,2,1,-1,27,17,16,-1,27,0,17,-1,
  27,24,25,-1,27,25,2,-1,27,16,26,-1,27,26,24,-1]
  normalPerVertex TRUE
  normal DEF NORM_32 Normal { vector [
  -0.95820914 -0.12615063 0.25675137,-0.9330127 -0.25 0.25881905,
  -0.85704613 -0.44565241 0.25858435,-0.71249966 -0.65228703 0.25858435,
  -0.51939752 -0.81446937 0.25858435,-0.29089929 -0.92114697 0.25858435,
  -0.12615063 -0.95820914 0.25675137,-0.03405441 -0.25866892 0.96536557,
  -0.075356642 -0.57239052 0.81651116,-0.1132805 -0.86045084 0.49678152,
  -0.25866892 -0.03405441 0.96536557,-0.25 -0.066987298 0.96592583,
  -0.22970047 -0.11975308 0.96586588,-0.19087924 -0.17512345 0.96586588,
  -0.1390499 -0.21855945 0.96586588,-0.077744542 -0.24710098 0.96586588,
  -0.57239052 -0.075356642 0.81651116,-0.86045084 -0.1132805 0.49678152,
  -0.13822641 -0.4785578 0.86710777,-0.18704232 -0.84512119 0.50078473,
  -0.25737633 -0.42647571 0.86710777,-0.39940247 -0.76791427 0.50078473,
  -0.35898648 -0.34533 0.86710777,-0.584544 -0.63837526 0.50078473,
  -0.4361323 -0.24065063 0.86710777,-0.72984982 -0.46533203 0.50078473,
  -0.40513621 -0.10855592 0.90778867,-0.83555514 -0.22388632 0.50171957] }
}
}
DEF SHAPE_33 Shape {
 appearance USE APP_2
 geometry DEF FACE_33 IndexedFaceSet {
  coord DEF COORD_33 Coordinate { point [
  -0.29396325 0.26771654 0.28070866,-0.30754956 0.26592786 0.28070866,
  -0.32020997 0.26068375 0.28070866,-0.33108172 0.25234156 0.28070866,
  -0.33942391 0.24146982 0.28070866,-0.34466802 0.2288094 0.28070866,
  -0.34645669 0.2152231 0.28070866,-0.3496063 0.2152231 0.27755906,
  -0.3480315 0.2152231 0.27798102,-0.34687866 0.2152231 0.27913386,
  -0.29396325 0.27086614 0.27755906,-0.30836473 0.26897015 0.27755906,
  -0.32178478 0.26341139 0.27755906,-0.33330883 0.25456867 0.27755906,
  -0.34215154 0.24304462 0.27755906,-0.34771031 0.22962458 0.27755906,
  -0.29396325 0.26929134 0.27798102,-0.29396325 0.2681385 0.27913386,
  -0.34618917 0.22921699 0.27798102,-0.34507561 0.22891861 0.27913386,
  -0.34078773 0.24225722 0.27798102,-0.33978934 0.2416808 0.27913386,
  -0.33219527 0.25345512 0.27798102,-0.3313801 0.25263994 0.27913386,
  -0.32099738 0.26204757 0.27798102,-0.32042096 0.26104918 0.27913386,
  -0.30795715 0.26744901 0.27798102,-0.30765877 0.26633545 0.27913386] }
 coordIndex [
  18,7,8,-1,18,15,7,-1,19,6,5,-1,19,8,9,-1,19,9,6,-1,19,18,8,-1,20,14,15,-1,20,15,18,-1,
  21,5,4,-1,21,20,18,-1,21,19,5,-1,21,18,19,-1,22,13,14,-1,22,14,20,-1,23,4,3,-1,23,22,20,-1,
  23,20,21,-1,23,21,4,-1,24,12,13,-1,24,13,22,-1,25,3,2,-1,25,23,3,-1,25,24,22,-1,25,22,23,-1,
  26,10,11,-1,26,11,12,-1,26,16,10,-1,26,12,24,-1,27,1,0,-1,27,2,1,-1,27,17,16,-1,27,0,17,-1,
  27,24,25,-1,27,25,2,-1,27,16,26,-1,27,26,24,-1]
  normalPerVertex TRUE
  normal DEF NORM_33 Normal { vector [
  -0.12615063 0.95820914 0.25675137,-0.25 0.9330127 0.25881905,
  -0.44565241 0.85704613 0.25858435,-0.65228703 0.71249966 0.25858435,
  -0.81446937 0.51939752 0.25858435,-0.92114697 0.29089929 0.25858435,
  -0.95820914 0.12615063 0.25675137,-0.25866892 0.03405441 0.96536557,
  -0.57239052 0.075356642 0.81651116,-0.86045084 0.1132805 0.49678152,
  -0.03405441 0.25866892 0.96536557,-0.066987298 0.25 0.96592583,
  -0.11975308 0.22970047 0.96586588,-0.17512345 0.19087924 0.96586588,
  -0.21855945 0.1390499 0.96586588,-0.24710098 0.077744542 0.96586588,
  -0.075356642 0.57239052 0.81651116,-0.1132805 0.86045084 0.49678152,
  -0.4785578 0.13822641 0.86710777,-0.84512119 0.18704232 0.50078473,
  -0.42647571 0.25737633 0.86710777,-0.76791427 0.39940247 0.50078473,
  -0.34533 0.35898648 0.86710777,-0.63837526 0.584544 0.50078473,
  -0.24065063 0.4361323 0.86710777,-0.46533203 0.72984982 0.50078473,
  -0.10855592 0.40513621 0.90778867,-0.22388632 0.83555514 0.50171957] }
}
}
DEF SHAPE_34 Shape {
 appearance USE APP_2
 geometry DEF FACE_34 IndexedFaceSet {
  coord DEF COORD_34 Coordinate { point [
  -0.3496063 0.2152231 0.27755906,-0.3480315 0.2152231 0.27798102,
  -0.34687866 0.2152231 0.27913386,-0.34645669 0.2152231 0.28070866,
  -0.34645669 -0.2152231 0.28070866,-0.3496063 -0.2152231 0.27755906,
  -0.3480315 -0.2152231 0.27798102,-0.34687866 -0.2152231 0.27913386] }
 coordIndex [
  6,1,0,-1,6,0,5,-1,7,2,1,-1,7,1,6,-1,4,3,2,-1,4,2,7,-1]
  normalPerVertex TRUE
  normal DEF NORM_34 Normal { vector [
  -0.25881905 0 0.96592583,-0.57506107 0 0.81811048,
  -0.90707274 0 0.42097392,-0.96592583 0 0.25881905,
  -0.96592583 0 0.25881905,-0.25881905 0 0.96592583,
  -0.42097392 0 0.90707274,-0.81811048 0 0.57506107] }
}
}
DEF SHAPE_35 Shape {
 appearance USE APP_2
 geometry DEF FACE_35 IndexedFaceSet {
  coord DEF COORD_35 Coordinate { point [
  0.30971129 0.28031496 0.27755906,-0.30971129 0.28031496 0.27755906,
  -0.32248241 0.27863361 0.27755906,-0.3343832 0.27370414 0.27755906,
  -0.34460264 0.26586249 0.27755906,-0.3524443 0.25564304 0.27755906,
  -0.35737377 0.24374225 0.27755906,-0.35905512 0.23097113 0.27755906,
  -0.35905512 -0.23097113 0.27755906,-0.35737377 -0.24374225 0.27755906,
  -0.3524443 -0.25564304 0.27755906,-0.34460264 -0.26586249 0.27755906,
  -0.3343832 -0.27370414 0.27755906,-0.32248241 -0.27863361 0.27755906,
  -0.30971129 -0.28031496 0.27755906,0.30971129 -0.28031496 0.27755906,
  0.32248241 -0.27863361 0.27755906,0.3343832 -0.27370414 0.27755906,
  0.34460264 -0.26586249 0.27755906,0.3524443 -0.25564304 0.27755906,
  0.35737377 -0.24374225 0.27755906,0.35905512 -0.23097113 0.27755906,
  0.35905512 0.23097113 0.27755906,0.35737377 0.24374225 0.27755906,
  0.3524443 0.25564304 0.27755906,0.34460264 0.26586249 0.27755906,
  0.3343832 0.27370414 0.27755906,0.32248241 0.27863361 0.27755906,
  -0.29396325 0.27086614 0.27755906,-0.30836473 0.26897015 0.27755906,
  -0.32178478 0.26341139 0.27755906,-0.33330883 0.25456867 0.27755906,
  -0.34215154 0.24304462 0.27755906,-0.34771031 0.22962458 0.27755906,
  -0.3496063 0.2152231 0.27755906,0.29396325 0.27086614 0.27755906,
  0.3496063 0.2152231 0.27755906,0.34771031 0.22962458 0.27755906,
  0.34215154 0.24304462 0.27755906,0.33330883 0.25456867 0.27755906,
  0.32178478 0.26341139 0.27755906,0.30836473 0.26897015 0.27755906,
  0.3496063 -0.2152231 0.27755906,0.29396325 -0.27086614 0.27755906,
  0.30836473 -0.26897015 0.27755906,0.32178478 -0.26341139 0.27755906,
  0.33330883 -0.25456867 0.27755906,0.34215154 -0.24304462 0.27755906,
  0.34771031 -0.22962458 0.27755906,-0.29396325 -0.27086614 0.27755906,
  -0.3496063 -0.2152231 0.27755906,-0.34771031 -0.22962458 0.27755906,
  -0.34215154 -0.24304462 0.27755906,-0.33330883 -0.25456867 0.27755906,
  -0.32178478 -0.26341139 0.27755906,-0.30836473 -0.26897015 0.27755906] }
 coordIndex [
  53,10,11,-1,53,11,12,-1,54,12,13,-1,54,53,12,-1,52,9,10,-1,52,10,53,-1,55,13,14,-1,55,54,13,-1,
  51,8,9,-1,51,9,52,-1,49,55,14,-1,50,8,51,-1,7,50,34,-1,7,8,50,-1,33,7,34,-1,6,7,33,-1,
  32,6,33,-1,5,6,32,-1,31,5,32,-1,4,5,31,-1,3,4,31,-1,30,3,31,-1,2,3,30,-1,29,2,30,-1,
  1,2,29,-1,28,1,29,-1,15,43,49,-1,15,49,14,-1,44,43,15,-1,16,44,15,-1,45,44,16,-1,17,45,16,-1,
  46,17,18,-1,46,45,17,-1,19,46,18,-1,47,46,19,-1,20,47,19,-1,48,47,20,-1,21,48,20,-1,42,48,21,-1,
  22,42,21,-1,22,37,36,-1,22,36,42,-1,0,35,41,-1,23,38,37,-1,23,37,22,-1,27,41,40,-1,27,0,41,-1,
  26,40,39,-1,26,27,40,-1,24,39,38,-1,24,38,23,-1,25,26,39,-1,25,39,24,-1,0,1,28,-1,0,28,35,-1]
  normalPerVertex TRUE
  normal DEF NORM_35 Normal { vector [
  0 0 1,0 0 1,
  0 0 1,0 0 1,
  0 0 1,0 0 1,
  0 0 1,0 0 1,
  0 0 1,0 0 1,
  0 0 1,0 0 1,
  0 0 1,0 0 1,
  0 0 1,0 0 1,
  0 0 1,0 0 1,
  0 0 1,0 0 1,
  0 0 1,0 0 1,
  0 0 1,0 0 1,
  0 0 1,0 0 1,
  0 0 1,0 0 1,
  0 0 1,0 0 1,
  0 0 1,0 0 1,
  0 0 1,0 0 1,
  0 0 1,0 0 1,
  0 0 1,0 0 1,
  0 0 1,0 0 1,
  0 0 1,0 0 1,
  0 0 1,0 0 1,
  0 0 1,0 0 1,
  0 0 1,0 0 1,
  0 0 1,0 0 1,
  0 0 1,0 0 1,
  0 0 1,0 0 1,
  0 0 1,0 0 1] }
}
}
DEF SHAPE_36 Shape {
 appearance USE APP_2
 geometry DEF FACE_36 IndexedFaceSet {
  coord DEF COORD_36 Coordinate { point [
  0.30971129 0.28346457 0.27440945,-0.30971129 0.28346457 0.27440945,
  -0.30971129 0.2830426 0.27598425,-0.30971129 0.28188976 0.27713709,
  -0.30971129 0.28031496 0.27755906,0.30971129 0.28031496 0.27755906,
  0.30971129 0.2830426 0.27598425,0.30971129 0.28188976 0.27713709] }
 coordIndex [
  3,4,5,-1,3,5,7,-1,2,7,6,-1,2,3,7,-1,1,6,0,-1,1,2,6,-1]
  normalPerVertex TRUE
  normal DEF NORM_36 Normal { vector [
  0 0.96592583 0.25881905,0 0.96592583 0.25881905,
  0 0.81811048 0.57506107,0 0.42097392 0.90707274,
  0 0.25881905 0.96592583,0 0.25881905 0.96592583,
  0 0.90707274 0.42097392,0 0.57506107 0.81811048] }
}
}
DEF SHAPE_37 Shape {
 appearance USE APP_2
 geometry DEF FACE_37 IndexedFaceSet {
  coord DEF COORD_37 Coordinate { point [
  0.36220472 0.23097113 0.27440945,0.36178276 0.23097113 0.27598425,
  0.36062992 0.23097113 0.27713709,0.35905512 0.23097113 0.27755906,
  0.36041605 0.24455743 0.27440945,0.35517194 0.25721785 0.27440945,
  0.34682975 0.26808959 0.27440945,0.33595801 0.27643178 0.27440945,
  0.32329759 0.2816759 0.27440945,0.30971129 0.28346457 0.27440945,
  0.30971129 0.2830426 0.27598425,0.30971129 0.28188976 0.27713709,
  0.30971129 0.28031496 0.27755906,0.35737377 0.24374225 0.27755906,
  0.3524443 0.25564304 0.27755906,0.34460264 0.26586249 0.27755906,
  0.3343832 0.27370414 0.27755906,0.32248241 0.27863361 0.27755906,
  0.36000846 0.24444822 0.27598425,0.35889491 0.24414984 0.27713709,
  0.3548065 0.25700686 0.27598425,0.35380812 0.25643045 0.27713709,
  0.34653138 0.26779122 0.27598425,0.3457162 0.26697604 0.27713709,
  0.33574702 0.27606635 0.27598425,0.3351706 0.27506796 0.27713709,
  0.32318837 0.28126831 0.27598425,0.32289 0.28015475 0.27713709] }
 coordIndex [
  18,1,0,-1,18,0,4,-1,19,2,1,-1,19,3,2,-1,19,13,3,-1,19,1,18,-1,20,4,5,-1,20,18,4,-1,
  21,14,13,-1,21,18,20,-1,21,13,19,-1,21,19,18,-1,22,5,6,-1,22,20,5,-1,23,15,14,-1,23,20,22,-1,
  23,21,20,-1,23,14,21,-1,24,6,7,-1,24,22,6,-1,25,16,15,-1,25,23,22,-1,25,22,24,-1,25,15,23,-1,
  26,7,8,-1,26,8,9,-1,26,9,10,-1,26,24,7,-1,27,10,11,-1,27,11,12,-1,27,17,16,-1,27,12,17,-1,
  27,16,25,-1,27,25,24,-1,27,26,10,-1,27,24,26,-1]
  normalPerVertex TRUE
  normal DEF NORM_37 Normal { vector [
  0.95820914 0.12615063 0.25675137,0.81415013 0.1071849 0.57067588,
  0.49892023 0.065684095 0.86415519,0.25866892 0.03405441 0.96536557,
  0.92128216 0.29046643 0.25858932,0.81471199 0.51901439 0.25858932,
  0.65262054 0.71219239 0.25858932,0.44605408 0.85683564 0.25858932,
  0.25 0.9330127 0.25881905,0.12615063 0.95820914 0.25675137,
  0.1071849 0.81415013 0.57067588,0.065684095 0.49892023 0.86415519,
  0.03405441 0.25866892 0.96536557,0.24698182 0.078184051 0.96586088,
  0.2183306 0.13944359 0.96586088,0.17480051 0.19120029 0.96586088,
  0.11935805 0.22992699 0.96586088,0.066987298 0.25 0.96592583,
  0.83881567 0.21810555 0.49881684,0.49057908 0.10851992 0.86461297,
  0.75378385 0.42777525 0.49881684,0.44577599 0.2317934 0.86461297,
  0.61738291 0.60829278 0.49881684,0.37059399 0.33927055 0.86461297,
  0.43890834 0.74735616 0.49881684,0.27015663 0.42362697 0.86461297,
  0.23481969 0.87635901 0.42054084,0.13021467 0.48596777 0.86422188] }
}
}
DEF SHAPE_38 Shape {
 appearance USE APP_2
 geometry DEF FACE_38 IndexedFaceSet {
  coord DEF COORD_38 Coordinate { point [
  -0.30971129 0.28346457 0.27440945,-0.30971129 0.2830426 0.27598425,
  -0.30971129 0.28188976 0.27713709,-0.30971129 0.28031496 0.27755906,
  -0.32329759 0.2816759 0.27440945,-0.33595801 0.27643178 0.27440945,
  -0.34682975 0.26808959 0.27440945,-0.35517194 0.25721785 0.27440945,
  -0.36041605 0.24455743 0.27440945,-0.36220472 0.23097113 0.27440945,
  -0.36178276 0.23097113 0.27598425,-0.36062992 0.23097113 0.27713709,
  -0.35905512 0.23097113 0.27755906,-0.32248241 0.27863361 0.27755906,
  -0.3343832 0.27370414 0.27755906,-0.34460264 0.26586249 0.27755906,
  -0.3524443 0.25564304 0.27755906,-0.35737377 0.24374225 0.27755906,
  -0.32318837 0.28126831 0.27598425,-0.32289 0.28015475 0.27713709,
  -0.33574702 0.27606635 0.27598425,-0.3351706 0.27506796 0.27713709,
  -0.34653138 0.26779122 0.27598425,-0.3457162 0.26697604 0.27713709,
  -0.3548065 0.25700686 0.27598425,-0.35380812 0.25643045 0.27713709,
  -0.36000846 0.24444822 0.27598425,-0.35889491 0.24414984 0.27713709] }
 coordIndex [
  18,1,0,-1,18,0,4,-1,19,2,1,-1,19,3,2,-1,19,13,3,-1,19,1,18,-1,20,4,5,-1,20,18,4,-1,
  21,14,13,-1,21,18,20,-1,21,13,19,-1,21,19,18,-1,22,5,6,-1,22,20,5,-1,23,15,14,-1,23,20,22,-1,
  23,21,20,-1,23,14,21,-1,24,6,7,-1,24,22,6,-1,25,16,15,-1,25,23,22,-1,25,22,24,-1,25,15,23,-1,
  26,7,8,-1,26,8,9,-1,26,9,10,-1,26,24,7,-1,27,10,11,-1,27,11,12,-1,27,17,16,-1,27,12,17,-1,
  27,16,25,-1,27,25,24,-1,27,26,10,-1,27,24,26,-1]
  normalPerVertex TRUE
  normal DEF NORM_38 Normal { vector [
  -0.12615063 0.95820914 0.25675137,-0.1071849 0.81415013 0.57067588,
  -0.065684095 0.49892023 0.86415519,-0.03405441 0.25866892 0.96536557,
  -0.29046643 0.92128216 0.25858932,-0.51901439 0.81471199 0.25858932,
  -0.71219239 0.65262054 0.25858932,-0.85683564 0.44605408 0.25858932,
  -0.9330127 0.25 0.25881905,-0.95820914 0.12615063 0.25675137,
  -0.81415013 0.1071849 0.57067588,-0.49892023 0.065684095 0.86415519,
  -0.25866892 0.03405441 0.96536557,-0.078184051 0.24698182 0.96586088,
  -0.13944359 0.2183306 0.96586088,-0.19120029 0.17480051 0.96586088,
  -0.22992699 0.11935805 0.96586088,-0.25 0.066987298 0.96592583,
  -0.21810555 0.83881567 0.49881684,-0.10851992 0.49057908 0.86461297,
  -0.42777525 0.75378385 0.49881684,-0.2317934 0.44577599 0.86461297,
  -0.60829278 0.61738291 0.49881684,-0.33927055 0.37059399 0.86461297,
  -0.74735616 0.43890834 0.49881684,-0.42362697 0.27015663 0.86461297,
  -0.87635901 0.23481969 0.42054084,-0.48596777 0.13021467 0.86422188] }
}
}
DEF SHAPE_39 Shape {
 appearance USE APP_2
 geometry DEF FACE_39 IndexedFaceSet {
  coord DEF COORD_39 Coordinate { point [
  0.36220472 -0.23097113 0.27440945,0.36220472 0.23097113 0.27440945,
  0.36178276 0.23097113 0.27598425,0.36062992 0.23097113 0.27713709,
  0.35905512 0.23097113 0.27755906,0.35905512 -0.23097113 0.27755906,
  0.36178276 -0.23097113 0.27598425,0.36062992 -0.23097113 0.27713709] }
 coordIndex [
  3,4,5,-1,3,5,7,-1,2,7,6,-1,2,3,7,-1,1,6,0,-1,1,2,6,-1]
  normalPerVertex TRUE
  normal DEF NORM_39 Normal { vector [
  0.96592583 0 0.25881905,0.96592583 0 0.25881905,
  0.81811048 0 0.57506107,0.42097392 0 0.90707274,
  0.25881905 0 0.96592583,0.25881905 0 0.96592583,
  0.90707274 0 0.42097392,0.57506107 0 0.81811048] }
}
}
DEF SHAPE_40 Shape {
 appearance USE APP_2
 geometry DEF FACE_40 IndexedFaceSet {
  coord DEF COORD_40 Coordinate { point [
  -0.36220472 0.23097113 0.27440945,-0.36220472 -0.23097113 0.27440945,
  -0.36178276 -0.23097113 0.27598425,-0.36062992 -0.23097113 0.27713709,
  -0.35905512 -0.23097113 0.27755906,-0.35905512 0.23097113 0.27755906,
  -0.36178276 0.23097113 0.27598425,-0.36062992 0.23097113 0.27713709] }
 coordIndex [
  3,4,5,-1,3,5,7,-1,2,7,6,-1,2,3,7,-1,1,6,0,-1,1,2,6,-1]
  normalPerVertex TRUE
  normal DEF NORM_40 Normal { vector [
  -0.96592583 0 0.25881905,-0.96592583 0 0.25881905,
  -0.81811048 0 0.57506107,-0.42097392 0 0.90707274,
  -0.25881905 0 0.96592583,-0.25881905 0 0.96592583,
  -0.90707274 0 0.42097392,-0.57506107 0 0.81811048] }
}
}
DEF SHAPE_41 Shape {
 appearance USE APP_2
 geometry DEF FACE_41 IndexedFaceSet {
  coord DEF COORD_41 Coordinate { point [
  0.30971129 -0.28346457 0.27440945,0.30971129 -0.2830426 0.27598425,
  0.30971129 -0.28188976 0.27713709,0.30971129 -0.28031496 0.27755906,
  0.32329759 -0.2816759 0.27440945,0.33595801 -0.27643178 0.27440945,
  0.34682975 -0.26808959 0.27440945,0.35517194 -0.25721785 0.27440945,
  0.36041605 -0.24455743 0.27440945,0.36220472 -0.23097113 0.27440945,
  0.36178276 -0.23097113 0.27598425,0.36062992 -0.23097113 0.27713709,
  0.35905512 -0.23097113 0.27755906,0.32248241 -0.27863361 0.27755906,
  0.3343832 -0.27370414 0.27755906,0.34460264 -0.26586249 0.27755906,
  0.3524443 -0.25564304 0.27755906,0.35737377 -0.24374225 0.27755906,
  0.32318837 -0.28126831 0.27598425,0.32289 -0.28015475 0.27713709,
  0.33574702 -0.27606635 0.27598425,0.3351706 -0.27506796 0.27713709,
  0.34653138 -0.26779122 0.27598425,0.3457162 -0.26697604 0.27713709,
  0.3548065 -0.25700686 0.27598425,0.35380812 -0.25643045 0.27713709,
  0.36000846 -0.24444822 0.27598425,0.35889491 -0.24414984 0.27713709] }
 coordIndex [
  18,1,0,-1,18,0,4,-1,19,2,1,-1,19,3,2,-1,19,13,3,-1,19,1,18,-1,20,4,5,-1,20,18,4,-1,
  21,14,13,-1,21,18,20,-1,21,13,19,-1,21,19,18,-1,22,5,6,-1,22,20,5,-1,23,15,14,-1,23,20,22,-1,
  23,21,20,-1,23,14,21,-1,24,6,7,-1,24,22,6,-1,25,16,15,-1,25,23,22,-1,25,22,24,-1,25,15,23,-1,
  26,7,8,-1,26,8,9,-1,26,9,10,-1,26,24,7,-1,27,10,11,-1,27,11,12,-1,27,17,16,-1,27,12,17,-1,
  27,16,25,-1,27,25,24,-1,27,26,10,-1,27,24,26,-1]
  normalPerVertex TRUE
  normal DEF NORM_41 Normal { vector [
  0.12615063 -0.95820914 0.25675137,0.1071849 -0.81415013 0.57067588,
  0.065684095 -0.49892023 0.86415519,0.03405441 -0.25866892 0.96536557,
  0.29046643 -0.92128216 0.25858932,0.51901439 -0.81471199 0.25858932,
  0.71219239 -0.65262054 0.25858932,0.85683564 -0.44605408 0.25858932,
  0.9330127 -0.25 0.25881905,0.95820914 -0.12615063 0.25675137,
  0.81415013 -0.1071849 0.57067588,0.49892023 -0.065684095 0.86415519,
  0.25866892 -0.03405441 0.96536557,0.078184051 -0.24698182 0.96586088,
  0.13944359 -0.2183306 0.96586088,0.19120029 -0.17480051 0.96586088,
  0.22992699 -0.11935805 0.96586088,0.25 -0.066987298 0.96592583,
  0.21810555 -0.83881567 0.49881684,0.10851992 -0.49057908 0.86461297,
  0.42777525 -0.75378385 0.49881684,0.2317934 -0.44577599 0.86461297,
  0.60829278 -0.61738291 0.49881684,0.33927055 -0.37059399 0.86461297,
  0.74735616 -0.43890834 0.49881684,0.42362697 -0.27015663 0.86461297,
  0.87635901 -0.23481969 0.42054084,0.48596777 -0.13021467 0.86422188] }
}
}
DEF SHAPE_42 Shape {
 appearance USE APP_2
 geometry DEF FACE_42 IndexedFaceSet {
  coord DEF COORD_42 Coordinate { point [
  -0.36220472 -0.23097113 0.27440945,-0.36178276 -0.23097113 0.27598425,
  -0.36062992 -0.23097113 0.27713709,-0.35905512 -0.23097113 0.27755906,
  -0.36041605 -0.24455743 0.27440945,-0.35517194 -0.25721785 0.27440945,
  -0.34682975 -0.26808959 0.27440945,-0.33595801 -0.27643178 0.27440945,
  -0.32329759 -0.2816759 0.27440945,-0.30971129 -0.28346457 0.27440945,
  -0.30971129 -0.2830426 0.27598425,-0.30971129 -0.28188976 0.27713709,
  -0.30971129 -0.28031496 0.27755906,-0.35737377 -0.24374225 0.27755906,
  -0.3524443 -0.25564304 0.27755906,-0.34460264 -0.26586249 0.27755906,
  -0.3343832 -0.27370414 0.27755906,-0.32248241 -0.27863361 0.27755906,
  -0.36000846 -0.24444822 0.27598425,-0.35889491 -0.24414984 0.27713709,
  -0.3548065 -0.25700686 0.27598425,-0.35380812 -0.25643045 0.27713709,
  -0.34653138 -0.26779122 0.27598425,-0.3457162 -0.26697604 0.27713709,
  -0.33574702 -0.27606635 0.27598425,-0.3351706 -0.27506796 0.27713709,
  -0.32318837 -0.28126831 0.27598425,-0.32289 -0.28015475 0.27713709] }
 coordIndex [
  18,1,0,-1,18,0,4,-1,19,2,1,-1,19,3,2,-1,19,13,3,-1,19,1,18,-1,20,4,5,-1,20,18,4,-1,
  21,14,13,-1,21,18,20,-1,21,13,19,-1,21,19,18,-1,22,5,6,-1,22,20,5,-1,23,15,14,-1,23,20,22,-1,
  23,21,20,-1,23,14,21,-1,24,6,7,-1,24,22,6,-1,25,16,15,-1,25,23,22,-1,25,22,24,-1,25,15,23,-1,
  26,7,8,-1,26,8,9,-1,26,9,10,-1,26,24,7,-1,27,10,11,-1,27,11,12,-1,27,17,16,-1,27,12,17,-1,
  27,16,25,-1,27,25,24,-1,27,26,10,-1,27,24,26,-1]
  normalPerVertex TRUE
  normal DEF NORM_42 Normal { vector [
  -0.95820914 -0.12615063 0.25675137,-0.81415013 -0.1071849 0.57067588,
  -0.49892023 -0.065684095 0.86415519,-0.25866892 -0.03405441 0.96536557,
  -0.92128216 -0.29046643 0.25858932,-0.81471199 -0.51901439 0.25858932,
  -0.65262054 -0.71219239 0.25858932,-0.44605408 -0.85683564 0.25858932,
  -0.25 -0.9330127 0.25881905,-0.12615063 -0.95820914 0.25675137,
  -0.1071849 -0.81415013 0.57067588,-0.065684095 -0.49892023 0.86415519,
  -0.03405441 -0.25866892 0.96536557,-0.24698182 -0.078184051 0.96586088,
  -0.2183306 -0.13944359 0.96586088,-0.17480051 -0.19120029 0.96586088,
  -0.11935805 -0.22992699 0.96586088,-0.066987298 -0.25 0.96592583,
  -0.83881567 -0.21810555 0.49881684,-0.49057908 -0.10851992 0.86461297,
  -0.75378385 -0.42777525 0.49881684,-0.44577599 -0.2317934 0.86461297,
  -0.61738291 -0.60829278 0.49881684,-0.37059399 -0.33927055 0.86461297,
  -0.43890834 -0.74735616 0.49881684,-0.27015663 -0.42362697 0.86461297,
  -0.23481969 -0.87635901 0.42054084,-0.13021467 -0.48596777 0.86422188] }
}
}
DEF SHAPE_43 Shape {
 appearance USE APP_2
 geometry DEF FACE_43 IndexedFaceSet {
  coord DEF COORD_43 Coordinate { point [
  -0.30971129 -0.28346457 0.27440945,0.30971129 -0.28346457 0.27440945,
  0.30971129 -0.2830426 0.27598425,0.30971129 -0.28188976 0.27713709,
  0.30971129 -0.28031496 0.27755906,-0.30971129 -0.28031496 0.27755906,
  -0.30971129 -0.2830426 0.27598425,-0.30971129 -0.28188976 0.27713709] }
 coordIndex [
  3,4,5,-1,3,5,7,-1,2,7,6,-1,2,3,7,-1,1,6,0,-1,1,2,6,-1]
  normalPerVertex TRUE
  normal DEF NORM_43 Normal { vector [
  0 -0.96592583 0.25881905,0 -0.96592583 0.25881905,
  0 -0.81811048 0.57506107,0 -0.42097392 0.90707274,
  0 -0.25881905 0.96592583,0 -0.25881905 0.96592583,
  0 -0.90707274 0.42097392,0 -0.57506107 0.81811048] }
}
}
DEF SHAPE_44 Shape {
 appearance USE APP_2
 geometry DEF FACE_44 IndexedFaceSet {
  coord DEF COORD_44 Coordinate { point [
  -0.30971129 0.28346457 0.19389764,-0.30971129 0.28346457 0.27440945,
  0.30971129 0.28346457 0.19389764,0.30971129 0.28346457 0.27440945] }
 coordIndex [
  0,3,2,-1,0,1,3,-1]
  normalPerVertex TRUE
  normal DEF NORM_44 Normal { vector [
  0 1 0,0 1 0,
  0 1 0,0 1 0] }
}
}
DEF SHAPE_45 Shape {
 appearance USE APP_2
 geometry DEF FACE_45 IndexedFaceSet {
  coord DEF COORD_45 Coordinate { point [
  0.36220472 0.23097113 0.19389764,0.36220472 0.23097113 0.27440945,
  0.30971129 0.28346457 0.19389764,0.32329759 0.2816759 0.19389764,
  0.33595801 0.27643178 0.19389764,0.34682975 0.26808959 0.19389764,
  0.35517194 0.25721785 0.19389764,0.36041605 0.24455743 0.19389764,
  0.30971129 0.28346457 0.27440945,0.36041605 0.24455743 0.27440945,
  0.35517194 0.25721785 0.27440945,0.34682975 0.26808959 0.27440945,
  0.33595801 0.27643178 0.27440945,0.32329759 0.2816759 0.27440945] }
 coordIndex [
  9,1,0,-1,9,0,7,-1,10,7,6,-1,10,9,7,-1,11,6,5,-1,11,10,6,-1,12,5,4,-1,12,11,5,-1,
  13,4,3,-1,13,12,4,-1,8,3,2,-1,8,13,3,-1]
  normalPerVertex TRUE
  normal DEF NORM_45 Normal { vector [
  0.99144486 0.13052619 0,0.99144486 0.13052619 0,
  0.13052619 0.99144486 0,0.21622209 0.9763442 0,
  0.46155098 0.88711369 0,0.67542593 0.73742784 0,
  0.84327172 0.5374875 0,0.95364993 0.30091828 0,
  0.13052619 0.99144486 0,0.9763442 0.21622209 0,
  0.88711369 0.46155098 0,0.73742784 0.67542593 0,
  0.5374875 0.84327172 0,0.30091828 0.95364993 0] }
}
}
DEF SHAPE_46 Shape {
 appearance USE APP_2
 geometry DEF FACE_46 IndexedFaceSet {
  coord DEF COORD_46 Coordinate { point [
  -0.30971129 0.28346457 0.27440945,-0.32329759 0.2816759 0.27440945,
  -0.33595801 0.27643178 0.27440945,-0.34682975 0.26808959 0.27440945,
  -0.35517194 0.25721785 0.27440945,-0.36041605 0.24455743 0.27440945,
  -0.36220472 0.23097113 0.27440945,-0.30971129 0.28346457 0.19389764,
  -0.36220472 0.23097113 0.19389764,-0.36041605 0.24455743 0.19389764,
  -0.35517194 0.25721785 0.19389764,-0.34682975 0.26808959 0.19389764,
  -0.33595801 0.27643178 0.19389764,-0.32329759 0.2816759 0.19389764] }
 coordIndex [
  1,0,7,-1,1,7,13,-1,2,13,12,-1,2,1,13,-1,3,12,11,-1,3,2,12,-1,4,11,10,-1,4,3,11,-1,
  5,10,9,-1,5,4,10,-1,6,9,8,-1,6,5,9,-1]
  normalPerVertex TRUE
  normal DEF NORM_46 Normal { vector [
  -0.13052619 0.99144486 0,-0.21622209 0.9763442 0,
  -0.46155098 0.88711369 0,-0.67542593 0.73742784 0,
  -0.84327172 0.5374875 0,-0.95364993 0.30091828 0,
  -0.99144486 0.13052619 0,-0.13052619 0.99144486 0,
  -0.99144486 0.13052619 0,-0.9763442 0.21622209 0,
  -0.88711369 0.46155098 0,-0.73742784 0.67542593 0,
  -0.5374875 0.84327172 0,-0.30091828 0.95364993 0] }
}
}
DEF SHAPE_47 Shape {
 appearance USE APP_2
 geometry DEF FACE_47 IndexedFaceSet {
  coord DEF COORD_47 Coordinate { point [
  0.36220472 0.23097113 0.19389764,0.36220472 0.23097113 0.27440945,
  0.36220472 -0.23097113 0.19389764,0.36220472 -0.23097113 0.27440945] }
 coordIndex [
  0,3,2,-1,0,1,3,-1]
  normalPerVertex TRUE
  normal DEF NORM_47 Normal { vector [
  1 0 0,1 0 0,
  1 0 0,1 0 0] }
}
}
DEF SHAPE_48 Shape {
 appearance USE APP_2
 geometry DEF FACE_48 IndexedFaceSet {
  coord DEF COORD_48 Coordinate { point [
  -0.36220472 -0.23097113 0.19389764,-0.36220472 -0.23097113 0.27440945,
  -0.36220472 0.23097113 0.19389764,-0.36220472 0.23097113 0.27440945] }
 coordIndex [
  0,3,2,-1,0,1,3,-1]
  normalPerVertex TRUE
  normal DEF NORM_48 Normal { vector [
  -1 0 0,-1 0 0,
  -1 0 0,-1 0 0] }
}
}
DEF SHAPE_49 Shape {
 appearance USE APP_2
 geometry DEF FACE_49 IndexedFaceSet {
  coord DEF COORD_49 Coordinate { point [
  0.30971129 -0.28346457 0.19389764,0.30971129 -0.28346457 0.27440945,
  0.36220472 -0.23097113 0.19389764,0.36041605 -0.24455743 0.19389764,
  0.35517194 -0.25721785 0.19389764,0.34682975 -0.26808959 0.19389764,
  0.33595801 -0.27643178 0.19389764,0.32329759 -0.2816759 0.19389764,
  0.36220472 -0.23097113 0.27440945,0.32329759 -0.2816759 0.27440945,
  0.33595801 -0.27643178 0.27440945,0.34682975 -0.26808959 0.27440945,
  0.35517194 -0.25721785 0.27440945,0.36041605 -0.24455743 0.27440945] }
 coordIndex [
  9,1,0,-1,9,0,7,-1,10,7,6,-1,10,9,7,-1,11,6,5,-1,11,10,6,-1,12,5,4,-1,12,11,5,-1,
  13,4,3,-1,13,12,4,-1,8,3,2,-1,8,13,3,-1]
  normalPerVertex TRUE
  normal DEF NORM_49 Normal { vector [
  0.13052619 -0.99144486 0,0.13052619 -0.99144486 0,
  0.99144486 -0.13052619 0,0.9763442 -0.21622209 0,
  0.88711369 -0.46155098 0,0.73742784 -0.67542593 0,
  0.5374875 -0.84327172 0,0.30091828 -0.95364993 0,
  0.99144486 -0.13052619 0,0.21622209 -0.9763442 0,
  0.46155098 -0.88711369 0,0.67542593 -0.73742784 0,
  0.84327172 -0.5374875 0,0.95364993 -0.30091828 0] }
}
}
DEF SHAPE_50 Shape {
 appearance USE APP_2
 geometry DEF FACE_50 IndexedFaceSet {
  coord DEF COORD_50 Coordinate { point [
  -0.36220472 -0.23097113 0.27440945,-0.36041605 -0.24455743 0.27440945,
  -0.35517194 -0.25721785 0.27440945,-0.34682975 -0.26808959 0.27440945,
  -0.33595801 -0.27643178 0.27440945,-0.32329759 -0.2816759 0.27440945,
  -0.30971129 -0.28346457 0.27440945,-0.36220472 -0.23097113 0.19389764,
  -0.30971129 -0.28346457 0.19389764,-0.32329759 -0.2816759 0.19389764,
  -0.33595801 -0.27643178 0.19389764,-0.34682975 -0.26808959 0.19389764,
  -0.35517194 -0.25721785 0.19389764,-0.36041605 -0.24455743 0.19389764] }
 coordIndex [
  1,0,7,-1,1,7,13,-1,2,13,12,-1,2,1,13,-1,3,12,11,-1,3,2,12,-1,4,11,10,-1,4,3,11,-1,
  5,10,9,-1,5,4,10,-1,6,9,8,-1,6,5,9,-1]
  normalPerVertex TRUE
  normal DEF NORM_50 Normal { vector [
  -0.99144486 -0.13052619 0,-0.9763442 -0.21622209 0,
  -0.88711369 -0.46155098 0,-0.73742784 -0.67542593 0,
  -0.5374875 -0.84327172 0,-0.30091828 -0.95364993 0,
  -0.13052619 -0.99144486 0,-0.99144486 -0.13052619 0,
  -0.13052619 -0.99144486 0,-0.21622209 -0.9763442 0,
  -0.46155098 -0.88711369 0,-0.67542593 -0.73742784 0,
  -0.84327172 -0.5374875 0,-0.95364993 -0.30091828 0] }
}
}
DEF SHAPE_51 Shape {
 appearance USE APP_2
 geometry DEF FACE_51 IndexedFaceSet {
  coord DEF COORD_51 Coordinate { point [
  0.30971129 -0.28346457 0.19389764,0.30971129 -0.28346457 0.27440945,
  -0.30971129 -0.28346457 0.19389764,-0.30971129 -0.28346457 0.27440945] }
 coordIndex [
  0,3,2,-1,0,1,3,-1]
  normalPerVertex TRUE
  normal DEF NORM_51 Normal { vector [
  0 -1 0,0 -1 0,
  0 -1 0,0 -1 0] }
}
}
DEF SHAPE_52 Shape {
 appearance USE APP_2
 geometry DEF FACE_52 IndexedFaceSet {
  coord DEF COORD_52 Coordinate { point [
  -0.30971129 0.28661417 0.19074803,0.30971129 0.28661417 0.19074803,
  0.30971129 0.28503937 0.19117,0.30971129 0.28388653 0.19232283,
  0.30971129 0.28346457 0.19389764,-0.30971129 0.28346457 0.19389764,
  -0.30971129 0.28503937 0.19117,-0.30971129 0.28388653 0.19232283] }
 coordIndex [
  3,5,4,-1,3,7,5,-1,2,6,7,-1,2,7,3,-1,1,0,6,-1,1,6,2,-1]
  normalPerVertex TRUE
  normal DEF NORM_52 Normal { vector [
  0 0.25881905 0.96592583,0 0.25881905 0.96592583,
  0 0.57506107 0.81811048,0 0.90707274 0.42097392,
  0 0.96592583 0.25881905,0 0.96592583 0.25881905,
  0 0.42097392 0.90707274,0 0.81811048 0.57506107] }
}
}
DEF SHAPE_53 Shape {
 appearance USE APP_2
 geometry DEF FACE_53 IndexedFaceSet {
  coord DEF COORD_53 Coordinate { point [
  0.30971129 0.28661417 0.19074803,0.30971129 0.28503937 0.19117,
  0.30971129 0.28388653 0.19232283,0.30971129 0.28346457 0.19389764,
  0.32411277 0.28471818 0.19074803,0.33753281 0.27915942 0.19074803,
  0.34905686 0.2703167 0.19074803,0.35789958 0.25879265 0.19074803,
  0.36345834 0.24537261 0.19074803,0.36535433 0.23097113 0.19074803,
  0.36377953 0.23097113 0.19117,0.36262669 0.23097113 0.19232283,
  0.36220472 0.23097113 0.19389764,0.32329759 0.2816759 0.19389764,
  0.33595801 0.27643178 0.19389764,0.34682975 0.26808959 0.19389764,
  0.35517194 0.25721785 0.19389764,0.36041605 0.24455743 0.19389764,
  0.32370518 0.28319704 0.19117,0.3234068 0.28208349 0.19232283,
  0.33674541 0.2777956 0.19117,0.33616899 0.27679721 0.19232283,
  0.34794331 0.26920315 0.19117,0.34712813 0.26838797 0.19232283,
  0.35653576 0.25800525 0.19117,0.35553737 0.25742883 0.19232283,
  0.3619372 0.24496502 0.19117,0.36082364 0.24466664 0.19232283] }
 coordIndex [
  18,0,1,-1,18,4,0,-1,19,1,2,-1,19,2,3,-1,19,3,13,-1,19,18,1,-1,20,5,4,-1,20,4,18,-1,
  21,13,14,-1,21,20,18,-1,21,19,13,-1,21,18,19,-1,22,6,5,-1,22,5,20,-1,23,14,15,-1,23,22,20,-1,
  23,20,21,-1,23,21,14,-1,24,7,6,-1,24,6,22,-1,25,15,16,-1,25,22,23,-1,25,24,22,-1,25,23,15,-1,
  26,8,7,-1,26,9,8,-1,26,10,9,-1,26,7,24,-1,27,11,10,-1,27,12,11,-1,27,16,17,-1,27,17,12,-1,
  27,25,16,-1,27,24,25,-1,27,10,26,-1,27,26,24,-1]
  normalPerVertex TRUE
  normal DEF NORM_53 Normal { vector [
  0.03405441 0.25866892 0.96536557,0.075356642 0.57239052 0.81651116,
  0.1132805 0.86045084 0.49678152,0.12615063 0.95820914 0.25675137,
  0.077744542 0.24710098 0.96586588,0.1390499 0.21855945 0.96586588,
  0.19087924 0.17512345 0.96586588,0.22970047 0.11975308 0.96586588,
  0.25 0.066987298 0.96592583,0.25866892 0.03405441 0.96536557,
  0.57239052 0.075356642 0.81651116,0.86045084 0.1132805 0.49678152,
  0.95820914 0.12615063 0.25675137,0.29089929 0.92114697 0.25858435,
  0.51939752 0.81446937 0.25858435,0.71249966 0.65228703 0.25858435,
  0.85704613 0.44565241 0.25858435,0.9330127 0.25 0.25881905,
  0.13822641 0.4785578 0.86710777,0.18704232 0.84512119 0.50078473,
  0.25737633 0.42647571 0.86710777,0.39940247 0.76791427 0.50078473,
  0.35898648 0.34533 0.86710777,0.584544 0.63837526 0.50078473,
  0.4361323 0.24065063 0.86710777,0.72984982 0.46533203 0.50078473,
  0.40513621 0.10855592 0.90778867,0.83555514 0.22388632 0.50171957] }
}
}
DEF SHAPE_54 Shape {
 appearance USE APP_2
 geometry DEF FACE_54 IndexedFaceSet {
  coord DEF COORD_54 Coordinate { point [
  -0.36535433 0.23097113 0.19074803,-0.36377953 0.23097113 0.19117,
  -0.36262669 0.23097113 0.19232283,-0.36220472 0.23097113 0.19389764,
  -0.36345834 0.24537261 0.19074803,-0.35789958 0.25879265 0.19074803,
  -0.34905686 0.2703167 0.19074803,-0.33753281 0.27915942 0.19074803,
  -0.32411277 0.28471818 0.19074803,-0.30971129 0.28661417 0.19074803,
  -0.30971129 0.28503937 0.19117,-0.30971129 0.28388653 0.19232283,
  -0.30971129 0.28346457 0.19389764,-0.36041605 0.24455743 0.19389764,
  -0.35517194 0.25721785 0.19389764,-0.34682975 0.26808959 0.19389764,
  -0.33595801 0.27643178 0.19389764,-0.32329759 0.2816759 0.19389764,
  -0.3619372 0.24496502 0.19117,-0.36082364 0.24466664 0.19232283,
  -0.35653576 0.25800525 0.19117,-0.35553737 0.25742883 0.19232283,
  -0.34794331 0.26920315 0.19117,-0.34712813 0.26838797 0.19232283,
  -0.33674541 0.2777956 0.19117,-0.33616899 0.27679721 0.19232283,
  -0.32370518 0.28319704 0.19117,-0.3234068 0.28208349 0.19232283] }
 coordIndex [
  18,0,1,-1,18,4,0,-1,19,1,2,-1,19,2,3,-1,19,3,13,-1,19,18,1,-1,20,5,4,-1,20,4,18,-1,
  21,13,14,-1,21,20,18,-1,21,19,13,-1,21,18,19,-1,22,6,5,-1,22,5,20,-1,23,14,15,-1,23,22,20,-1,
  23,20,21,-1,23,21,14,-1,24,7,6,-1,24,6,22,-1,25,15,16,-1,25,22,23,-1,25,24,22,-1,25,23,15,-1,
  26,8,7,-1,26,9,8,-1,26,10,9,-1,26,7,24,-1,27,11,10,-1,27,12,11,-1,27,16,17,-1,27,17,12,-1,
  27,25,16,-1,27,24,25,-1,27,10,26,-1,27,26,24,-1]
  normalPerVertex TRUE
  normal DEF NORM_54 Normal { vector [
  -0.25866892 0.03405441 0.96536557,-0.57239052 0.075356642 0.81651116,
  -0.86045084 0.1132805 0.49678152,-0.95820914 0.12615063 0.25675137,
  -0.24710098 0.077744542 0.96586588,-0.21855945 0.1390499 0.96586588,
  -0.17512345 0.19087924 0.96586588,-0.11975308 0.22970047 0.96586588,
  -0.066987298 0.25 0.96592583,-0.03405441 0.25866892 0.96536557,
  -0.075356642 0.57239052 0.81651116,-0.1132805 0.86045084 0.49678152,
  -0.12615063 0.95820914 0.25675137,-0.92114697 0.29089929 0.25858435,
  -0.81446937 0.51939752 0.25858435,-0.65228703 0.71249966 0.25858435,
  -0.44565241 0.85704613 0.25858435,-0.25 0.9330127 0.25881905,
  -0.4785578 0.13822641 0.86710777,-0.84512119 0.18704232 0.50078473,
  -0.42647571 0.25737633 0.86710777,-0.76791427 0.39940247 0.50078473,
  -0.34533 0.35898648 0.86710777,-0.63837526 0.584544 0.50078473,
  -0.24065063 0.4361323 0.86710777,-0.46533203 0.72984982 0.50078473,
  -0.10855592 0.40513621 0.90778867,-0.22388632 0.83555514 0.50171957] }
}
}
DEF SHAPE_55 Shape {
 appearance USE APP_2
 geometry DEF FACE_55 IndexedFaceSet {
  coord DEF COORD_55 Coordinate { point [
  0.36535433 0.23097113 0.19074803,0.36535433 -0.23097113 0.19074803,
  0.36377953 -0.23097113 0.19117,0.36262669 -0.23097113 0.19232283,
  0.36220472 -0.23097113 0.19389764,0.36220472 0.23097113 0.19389764,
  0.36377953 0.23097113 0.19117,0.36262669 0.23097113 0.19232283] }
 coordIndex [
  3,5,4,-1,3,7,5,-1,2,6,7,-1,2,7,3,-1,1,0,6,-1,1,6,2,-1]
  normalPerVertex TRUE
  normal DEF NORM_55 Normal { vector [
  0.25881905 0 0.96592583,0.25881905 0 0.96592583,
  0.57506107 0 0.81811048,0.90707274 0 0.42097392,
  0.96592583 0 0.25881905,0.96592583 0 0.25881905,
  0.42097392 0 0.90707274,0.81811048 0 0.57506107] }
}
}
DEF SHAPE_56 Shape {
 appearance USE APP_2
 geometry DEF FACE_56 IndexedFaceSet {
  coord DEF COORD_56 Coordinate { point [
  -0.36535433 -0.23097113 0.19074803,-0.36535433 0.23097113 0.19074803,
  -0.36377953 0.23097113 0.19117,-0.36262669 0.23097113 0.19232283,
  -0.36220472 0.23097113 0.19389764,-0.36220472 -0.23097113 0.19389764,
  -0.36377953 -0.23097113 0.19117,-0.36262669 -0.23097113 0.19232283] }
 coordIndex [
  3,5,4,-1,3,7,5,-1,2,6,7,-1,2,7,3,-1,1,0,6,-1,1,6,2,-1]
  normalPerVertex TRUE
  normal DEF NORM_56 Normal { vector [
  -0.25881905 0 0.96592583,-0.25881905 0 0.96592583,
  -0.57506107 0 0.81811048,-0.90707274 0 0.42097392,
  -0.96592583 0 0.25881905,-0.96592583 0 0.25881905,
  -0.42097392 0 0.90707274,-0.81811048 0 0.57506107] }
}
}
DEF SHAPE_57 Shape {
 appearance USE APP_2
 geometry DEF FACE_57 IndexedFaceSet {
  coord DEF COORD_57 Coordinate { point [
  0.36535433 -0.23097113 0.19074803,0.36377953 -0.23097113 0.19117,
  0.36262669 -0.23097113 0.19232283,0.36220472 -0.23097113 0.19389764,
  0.36345834 -0.24537261 0.19074803,0.35789958 -0.25879265 0.19074803,
  0.34905686 -0.2703167 0.19074803,0.33753281 -0.27915942 0.19074803,
  0.32411277 -0.28471818 0.19074803,0.30971129 -0.28661417 0.19074803,
  0.30971129 -0.28503937 0.19117,0.30971129 -0.28388653 0.19232283,
  0.30971129 -0.28346457 0.19389764,0.36041605 -0.24455743 0.19389764,
  0.35517194 -0.25721785 0.19389764,0.34682975 -0.26808959 0.19389764,
  0.33595801 -0.27643178 0.19389764,0.32329759 -0.2816759 0.19389764,
  0.3619372 -0.24496502 0.19117,0.36082364 -0.24466664 0.19232283,
  0.35653576 -0.25800525 0.19117,0.35553737 -0.25742883 0.19232283,
  0.34794331 -0.26920315 0.19117,0.34712813 -0.26838797 0.19232283,
  0.33674541 -0.2777956 0.19117,0.33616899 -0.27679721 0.19232283,
  0.32370518 -0.28319704 0.19117,0.3234068 -0.28208349 0.19232283] }
 coordIndex [
  18,0,1,-1,18,4,0,-1,19,1,2,-1,19,2,3,-1,19,3,13,-1,19,18,1,-1,20,5,4,-1,20,4,18,-1,
  21,13,14,-1,21,20,18,-1,21,19,13,-1,21,18,19,-1,22,6,5,-1,22,5,20,-1,23,14,15,-1,23,22,20,-1,
  23,20,21,-1,23,21,14,-1,24,7,6,-1,24,6,22,-1,25,15,16,-1,25,22,23,-1,25,24,22,-1,25,23,15,-1,
  26,8,7,-1,26,9,8,-1,26,10,9,-1,26,7,24,-1,27,11,10,-1,27,12,11,-1,27,16,17,-1,27,17,12,-1,
  27,25,16,-1,27,24,25,-1,27,10,26,-1,27,26,24,-1]
  normalPerVertex TRUE
  normal DEF NORM_57 Normal { vector [
  0.25866892 -0.03405441 0.96536557,0.57239052 -0.075356642 0.81651116,
  0.86045084 -0.1132805 0.49678152,0.95820914 -0.12615063 0.25675137,
  0.24710098 -0.077744542 0.96586588,0.21855945 -0.1390499 0.96586588,
  0.17512345 -0.19087924 0.96586588,0.11975308 -0.22970047 0.96586588,
  0.066987298 -0.25 0.96592583,0.03405441 -0.25866892 0.96536557,
  0.075356642 -0.57239052 0.81651116,0.1132805 -0.86045084 0.49678152,
  0.12615063 -0.95820914 0.25675137,0.92114697 -0.29089929 0.25858435,
  0.81446937 -0.51939752 0.25858435,0.65228703 -0.71249966 0.25858435,
  0.44565241 -0.85704613 0.25858435,0.25 -0.9330127 0.25881905,
  0.4785578 -0.13822641 0.86710777,0.84512119 -0.18704232 0.50078473,
  0.42647571 -0.25737633 0.86710777,0.76791427 -0.39940247 0.50078473,
  0.34533 -0.35898648 0.86710777,0.63837526 -0.584544 0.50078473,
  0.24065063 -0.4361323 0.86710777,0.46533203 -0.72984982 0.50078473,
  0.10855592 -0.40513621 0.90778867,0.22388632 -0.83555514 0.50171957] }
}
}
DEF SHAPE_58 Shape {
 appearance USE APP_2
 geometry DEF FACE_58 IndexedFaceSet {
  coord DEF COORD_58 Coordinate { point [
  -0.30971129 -0.28661417 0.19074803,-0.30971129 -0.28503937 0.19117,
  -0.30971129 -0.28388653 0.19232283,-0.30971129 -0.28346457 0.19389764,
  -0.32411277 -0.28471818 0.19074803,-0.33753281 -0.27915942 0.19074803,
  -0.34905686 -0.2703167 0.19074803,-0.35789958 -0.25879265 0.19074803,
  -0.36345834 -0.24537261 0.19074803,-0.36535433 -0.23097113 0.19074803,
  -0.36377953 -0.23097113 0.19117,-0.36262669 -0.23097113 0.19232283,
  -0.36220472 -0.23097113 0.19389764,-0.32329759 -0.2816759 0.19389764,
  -0.33595801 -0.27643178 0.19389764,-0.34682975 -0.26808959 0.19389764,
  -0.35517194 -0.25721785 0.19389764,-0.36041605 -0.24455743 0.19389764,
  -0.32370518 -0.28319704 0.19117,-0.3234068 -0.28208349 0.19232283,
  -0.33674541 -0.2777956 0.19117,-0.33616899 -0.27679721 0.19232283,
  -0.34794331 -0.26920315 0.19117,-0.34712813 -0.26838797 0.19232283,
  -0.35653576 -0.25800525 0.19117,-0.35553737 -0.25742883 0.19232283,
  -0.3619372 -0.24496502 0.19117,-0.36082364 -0.24466664 0.19232283] }
 coordIndex [
  18,0,1,-1,18,4,0,-1,19,1,2,-1,19,2,3,-1,19,3,13,-1,19,18,1,-1,20,5,4,-1,20,4,18,-1,
  21,13,14,-1,21,20,18,-1,21,19,13,-1,21,18,19,-1,22,6,5,-1,22,5,20,-1,23,14,15,-1,23,22,20,-1,
  23,20,21,-1,23,21,14,-1,24,7,6,-1,24,6,22,-1,25,15,16,-1,25,22,23,-1,25,24,22,-1,25,23,15,-1,
  26,8,7,-1,26,9,8,-1,26,10,9,-1,26,7,24,-1,27,11,10,-1,27,12,11,-1,27,16,17,-1,27,17,12,-1,
  27,25,16,-1,27,24,25,-1,27,10,26,-1,27,26,24,-1]
  normalPerVertex TRUE
  normal DEF NORM_58 Normal { vector [
  -0.03405441 -0.25866892 0.96536557,-0.075356642 -0.57239052 0.81651116,
  -0.1132805 -0.86045084 0.49678152,-0.12615063 -0.95820914 0.25675137,
  -0.077744542 -0.24710098 0.96586588,-0.1390499 -0.21855945 0.96586588,
  -0.19087924 -0.17512345 0.96586588,-0.22970047 -0.11975308 0.96586588,
  -0.25 -0.066987298 0.96592583,-0.25866892 -0.03405441 0.96536557,
  -0.57239052 -0.075356642 0.81651116,-0.86045084 -0.1132805 0.49678152,
  -0.95820914 -0.12615063 0.25675137,-0.29089929 -0.92114697 0.25858435,
  -0.51939752 -0.81446937 0.25858435,-0.71249966 -0.65228703 0.25858435,
  -0.85704613 -0.44565241 0.25858435,-0.9330127 -0.25 0.25881905,
  -0.13822641 -0.4785578 0.86710777,-0.18704232 -0.84512119 0.50078473,
  -0.25737633 -0.42647571 0.86710777,-0.39940247 -0.76791427 0.50078473,
  -0.35898648 -0.34533 0.86710777,-0.584544 -0.63837526 0.50078473,
  -0.4361323 -0.24065063 0.86710777,-0.72984982 -0.46533203 0.50078473,
  -0.40513621 -0.10855592 0.90778867,-0.83555514 -0.22388632 0.50171957] }
}
}
DEF SHAPE_59 Shape {
 appearance USE APP_2
 geometry DEF FACE_59 IndexedFaceSet {
  coord DEF COORD_59 Coordinate { point [
  0.30971129 -0.28661417 0.19074803,-0.30971129 -0.28661417 0.19074803,
  -0.30971129 -0.28503937 0.19117,-0.30971129 -0.28388653 0.19232283,
  -0.30971129 -0.28346457 0.19389764,0.30971129 -0.28346457 0.19389764,
  0.30971129 -0.28503937 0.19117,0.30971129 -0.28388653 0.19232283] }
 coordIndex [
  3,5,4,-1,3,7,5,-1,2,6,7,-1,2,7,3,-1,1,0,6,-1,1,6,2,-1]
  normalPerVertex TRUE
  normal DEF NORM_59 Normal { vector [
  0 -0.25881905 0.96592583,0 -0.25881905 0.96592583,
  0 -0.57506107 0.81811048,0 -0.90707274 0.42097392,
  0 -0.96592583 0.25881905,0 -0.96592583 0.25881905,
  0 -0.42097392 0.90707274,0 -0.81811048 0.57506107] }
}
}
DEF SHAPE_60 Shape {
 appearance USE APP_2
 geometry DEF FACE_60 IndexedFaceSet {
  coord DEF COORD_60 Coordinate { point [
  -0.3191601 -0.28976378 0.19074803,0.3191601 -0.28976378 0.19074803,
  0.33193123 -0.28808243 0.19074803,0.34383202 -0.28315296 0.19074803,
  0.35405146 -0.27531131 0.19074803,0.36189312 -0.26509186 0.19074803,
  0.36682259 -0.25319107 0.19074803,0.36850394 -0.24041995 0.19074803,
  0.36850394 0.24041995 0.19074803,0.36682259 0.25319107 0.19074803,
  0.36189312 0.26509186 0.19074803,0.35405146 0.27531131 0.19074803,
  0.34383202 0.28315296 0.19074803,0.33193123 0.28808243 0.19074803,
  0.3191601 0.28976378 0.19074803,-0.3191601 0.28976378 0.19074803,
  -0.33193123 0.28808243 0.19074803,-0.34383202 0.28315296 0.19074803,
  -0.35405146 0.27531131 0.19074803,-0.36189312 0.26509186 0.19074803,
  -0.36682259 0.25319107 0.19074803,-0.36850394 0.24041995 0.19074803,
  -0.36850394 -0.24041995 0.19074803,-0.36682259 -0.25319107 0.19074803,
  -0.36189312 -0.26509186 0.19074803,-0.35405146 -0.27531131 0.19074803,
  -0.34383202 -0.28315296 0.19074803,-0.33193123 -0.28808243 0.19074803,
  -0.30971129 0.28661417 0.19074803,0.30971129 0.28661417 0.19074803,
  0.32411277 0.28471818 0.19074803,0.33753281 0.27915942 0.19074803,
  0.34905686 0.2703167 0.19074803,0.35789958 0.25879265 0.19074803,
  0.36345834 0.24537261 0.19074803,0.36535433 0.23097113 0.19074803,
  0.36535433 -0.23097113 0.19074803,0.36345834 -0.24537261 0.19074803,
  0.35789958 -0.25879265 0.19074803,0.34905686 -0.2703167 0.19074803,
  0.33753281 -0.27915942 0.19074803,0.32411277 -0.28471818 0.19074803,
  0.30971129 -0.28661417 0.19074803,-0.30971129 -0.28661417 0.19074803,
  -0.32411277 -0.28471818 0.19074803,-0.33753281 -0.27915942 0.19074803,
  -0.34905686 -0.2703167 0.19074803,-0.35789958 -0.25879265 0.19074803,
  -0.36345834 -0.24537261 0.19074803,-0.36535433 -0.23097113 0.19074803,
  -0.36535433 0.23097113 0.19074803,-0.36345834 0.24537261 0.19074803,
  -0.35789958 0.25879265 0.19074803,-0.34905686 0.2703167 0.19074803,
  -0.33753281 0.27915942 0.19074803,-0.32411277 0.28471818 0.19074803] }
 coordIndex [
  46,24,25,-1,46,25,26,-1,45,26,27,-1,45,46,26,-1,47,23,24,-1,47,24,46,-1,48,22,23,-1,48,23,47,-1,
  44,27,0,-1,44,45,27,-1,49,22,48,-1,43,44,0,-1,21,49,50,-1,21,22,49,-1,51,21,50,-1,20,21,51,-1,
  52,20,51,-1,19,20,52,-1,53,19,52,-1,53,18,19,-1,17,18,53,-1,54,17,53,-1,16,17,54,-1,55,16,54,-1,
  15,16,55,-1,28,15,55,-1,1,42,43,-1,1,43,0,-1,41,42,1,-1,2,41,1,-1,40,41,2,-1,3,40,2,-1,
  39,40,3,-1,4,39,3,-1,5,39,4,-1,38,39,5,-1,6,38,5,-1,37,38,6,-1,7,37,6,-1,36,37,7,-1,
  8,34,35,-1,8,35,36,-1,8,36,7,-1,14,29,30,-1,9,33,34,-1,9,34,8,-1,13,30,31,-1,13,14,30,-1,
  10,32,33,-1,10,33,9,-1,12,31,32,-1,12,13,31,-1,11,12,32,-1,11,32,10,-1,14,15,28,-1,14,28,29,-1]
  normalPerVertex TRUE
  normal DEF NORM_60 Normal { vector [
  0 0 1,0 0 1,
  0 0 1,0 0 1,
  0 0 1,0 0 1,
  0 0 1,0 0 1,
  0 0 1,0 0 1,
  0 0 1,0 0 1,
  0 0 1,0 0 1,
  0 0 1,0 0 1,
  0 0 1,0 0 1,
  0 0 1,0 0 1,
  0 0 1,0 0 1,
  0 0 1,0 0 1,
  0 0 1,0 0 1,
  0 0 1,0 0 1,
  0 0 1,0 0 1,
  0 0 1,0 0 1,
  0 0 1,0 0 1,
  0 0 1,0 0 1,
  0 0 1,0 0 1,
  0 0 1,0 0 1,
  0 0 1,0 0 1,
  0 0 1,0 0 1,
  0 0 1,0 0 1,
  0 0 1,0 0 1,
  0 0 1,0 0 1,
  0 0 1,0 0 1,
  0 0 1,0 0 1,
  0 0 1,0 0 1] }
}
}
DEF SHAPE_61 Shape {
 appearance USE APP_2
 geometry DEF FACE_61 IndexedFaceSet {
  coord DEF COORD_61 Coordinate { point [
  -0.3191601 -0.29291339 0.18759843,0.3191601 -0.29291339 0.18759843,
  0.3191601 -0.29249142 0.18917323,0.3191601 -0.29133858 0.19032606,
  0.3191601 -0.28976378 0.19074803,-0.3191601 -0.28976378 0.19074803,
  -0.3191601 -0.29249142 0.18917323,-0.3191601 -0.29133858 0.19032606] }
 coordIndex [
  3,4,5,-1,3,5,7,-1,2,7,6,-1,2,3,7,-1,1,6,0,-1,1,2,6,-1]
  normalPerVertex TRUE
  normal DEF NORM_61 Normal { vector [
  0 -0.96592583 0.25881905,0 -0.96592583 0.25881905,
  0 -0.81811048 0.57506107,0 -0.42097392 0.90707274,
  0 -0.25881905 0.96592583,0 -0.25881905 0.96592583,
  0 -0.90707274 0.42097392,0 -0.57506107 0.81811048] }
}
}
DEF SHAPE_62 Shape {
 appearance USE APP_2
 geometry DEF FACE_62 IndexedFaceSet {
  coord DEF COORD_62 Coordinate { point [
  -0.37165354 -0.24041995 0.18759843,-0.37123158 -0.24041995 0.18917323,
  -0.37007874 -0.24041995 0.19032606,-0.36850394 -0.24041995 0.19074803,
  -0.36986487 -0.25400625 0.18759843,-0.36462076 -0.26666667 0.18759843,
  -0.35627857 -0.27753841 0.18759843,-0.34540682 -0.2858806 0.18759843,
  -0.33274641 -0.29112472 0.18759843,-0.3191601 -0.29291339 0.18759843,
  -0.3191601 -0.29249142 0.18917323,-0.3191601 -0.29133858 0.19032606,
  -0.3191601 -0.28976378 0.19074803,-0.36682259 -0.25319107 0.19074803,
  -0.36189312 -0.26509186 0.19074803,-0.35405146 -0.27531131 0.19074803,
  -0.34383202 -0.28315296 0.19074803,-0.33193123 -0.28808243 0.19074803,
  -0.36945728 -0.25389704 0.18917323,-0.36834373 -0.25359866 0.19032606,
  -0.36425532 -0.26645568 0.18917323,-0.36325694 -0.26587927 0.19032606,
  -0.3559802 -0.27724004 0.18917323,-0.35516502 -0.27642486 0.19032606,
  -0.34519584 -0.28551516 0.18917323,-0.34461942 -0.28451678 0.19032606,
  -0.33263719 -0.29071713 0.18917323,-0.33233882 -0.28960357 0.19032606] }
 coordIndex [
  18,1,0,-1,18,0,4,-1,19,2,1,-1,19,3,2,-1,19,13,3,-1,19,1,18,-1,20,4,5,-1,20,18,4,-1,
  21,14,13,-1,21,18,20,-1,21,13,19,-1,21,19,18,-1,22,5,6,-1,22,20,5,-1,23,15,14,-1,23,20,22,-1,
  23,21,20,-1,23,14,21,-1,24,6,7,-1,24,22,6,-1,25,16,15,-1,25,23,22,-1,25,22,24,-1,25,15,23,-1,
  26,7,8,-1,26,8,9,-1,26,9,10,-1,26,24,7,-1,27,10,11,-1,27,11,12,-1,27,17,16,-1,27,12,17,-1,
  27,16,25,-1,27,25,24,-1,27,26,10,-1,27,24,26,-1]
  normalPerVertex TRUE
  normal DEF NORM_62 Normal { vector [
  -0.95820914 -0.12615063 0.25675137,-0.81415013 -0.1071849 0.57067588,
  -0.49892023 -0.065684095 0.86415519,-0.25866892 -0.03405441 0.96536557,
  -0.92128216 -0.29046643 0.25858932,-0.81471199 -0.51901439 0.25858932,
  -0.65262054 -0.71219239 0.25858932,-0.44605408 -0.85683564 0.25858932,
  -0.25 -0.9330127 0.25881905,-0.12615063 -0.95820914 0.25675137,
  -0.1071849 -0.81415013 0.57067588,-0.065684095 -0.49892023 0.86415519,
  -0.03405441 -0.25866892 0.96536557,-0.24698182 -0.078184051 0.96586088,
  -0.2183306 -0.13944359 0.96586088,-0.17480051 -0.19120029 0.96586088,
  -0.11935805 -0.22992699 0.96586088,-0.066987298 -0.25 0.96592583,
  -0.83881567 -0.21810555 0.49881684,-0.49057908 -0.10851992 0.86461297,
  -0.75378385 -0.42777525 0.49881684,-0.44577599 -0.2317934 0.86461297,
  -0.61738291 -0.60829278 0.49881684,-0.37059399 -0.33927055 0.86461297,
  -0.43890834 -0.74735616 0.49881684,-0.27015663 -0.42362697 0.86461297,
  -0.23481969 -0.87635901 0.42054084,-0.13021467 -0.48596777 0.86422188] }
}
}
DEF SHAPE_63 Shape {
 appearance USE APP_2
 geometry DEF FACE_63 IndexedFaceSet {
  coord DEF COORD_63 Coordinate { point [
  0.3191601 -0.29291339 0.18759843,0.3191601 -0.29249142 0.18917323,
  0.3191601 -0.29133858 0.19032606,0.3191601 -0.28976378 0.19074803,
  0.33274641 -0.29112472 0.18759843,0.34540682 -0.2858806 0.18759843,
  0.35627857 -0.27753841 0.18759843,0.36462076 -0.26666667 0.18759843,
  0.36986487 -0.25400625 0.18759843,0.37165354 -0.24041995 0.18759843,
  0.37123158 -0.24041995 0.18917323,0.37007874 -0.24041995 0.19032606,
  0.36850394 -0.24041995 0.19074803,0.33193123 -0.28808243 0.19074803,
  0.34383202 -0.28315296 0.19074803,0.35405146 -0.27531131 0.19074803,
  0.36189312 -0.26509186 0.19074803,0.36682259 -0.25319107 0.19074803,
  0.33263719 -0.29071713 0.18917323,0.33233882 -0.28960357 0.19032606,
  0.34519584 -0.28551516 0.18917323,0.34461942 -0.28451678 0.19032606,
  0.3559802 -0.27724004 0.18917323,0.35516502 -0.27642486 0.19032606,
  0.36425532 -0.26645568 0.18917323,0.36325694 -0.26587927 0.19032606,
  0.36945728 -0.25389704 0.18917323,0.36834373 -0.25359866 0.19032606] }
 coordIndex [
  18,1,0,-1,18,0,4,-1,19,2,1,-1,19,3,2,-1,19,13,3,-1,19,1,18,-1,20,4,5,-1,20,18,4,-1,
  21,14,13,-1,21,18,20,-1,21,13,19,-1,21,19,18,-1,22,5,6,-1,22,20,5,-1,23,15,14,-1,23,20,22,-1,
  23,21,20,-1,23,14,21,-1,24,6,7,-1,24,22,6,-1,25,16,15,-1,25,23,22,-1,25,22,24,-1,25,15,23,-1,
  26,7,8,-1,26,8,9,-1,26,9,10,-1,26,24,7,-1,27,10,11,-1,27,11,12,-1,27,17,16,-1,27,12,17,-1,
  27,16,25,-1,27,25,24,-1,27,26,10,-1,27,24,26,-1]
  normalPerVertex TRUE
  normal DEF NORM_63 Normal { vector [
  0.12615063 -0.95820914 0.25675137,0.1071849 -0.81415013 0.57067588,
  0.065684095 -0.49892023 0.86415519,0.03405441 -0.25866892 0.96536557,
  0.29046643 -0.92128216 0.25858932,0.51901439 -0.81471199 0.25858932,
  0.71219239 -0.65262054 0.25858932,0.85683564 -0.44605408 0.25858932,
  0.9330127 -0.25 0.25881905,0.95820914 -0.12615063 0.25675137,
  0.81415013 -0.1071849 0.57067588,0.49892023 -0.065684095 0.86415519,
  0.25866892 -0.03405441 0.96536557,0.078184051 -0.24698182 0.96586088,
  0.13944359 -0.2183306 0.96586088,0.19120029 -0.17480051 0.96586088,
  0.22992699 -0.11935805 0.96586088,0.25 -0.066987298 0.96592583,
  0.21810555 -0.83881567 0.49881684,0.10851992 -0.49057908 0.86461297,
  0.42777525 -0.75378385 0.49881684,0.2317934 -0.44577599 0.86461297,
  0.60829278 -0.61738291 0.49881684,0.33927055 -0.37059399 0.86461297,
  0.74735616 -0.43890834 0.49881684,0.42362697 -0.27015663 0.86461297,
  0.87635901 -0.23481969 0.42054084,0.48596777 -0.13021467 0.86422188] }
}
}
DEF SHAPE_64 Shape {
 appearance USE APP_2
 geometry DEF FACE_64 IndexedFaceSet {
  coord DEF COORD_64 Coordinate { point [
  -0.37165354 0.24041995 0.18759843,-0.37165354 -0.24041995 0.18759843,
  -0.37123158 -0.24041995 0.18917323,-0.37007874 -0.24041995 0.19032606,
  -0.36850394 -0.24041995 0.19074803,-0.36850394 0.24041995 0.19074803,
  -0.37123158 0.24041995 0.18917323,-0.37007874 0.24041995 0.19032606] }
 coordIndex [
  3,4,5,-1,3,5,7,-1,2,7,6,-1,2,3,7,-1,1,6,0,-1,1,2,6,-1]
  normalPerVertex TRUE
  normal DEF NORM_64 Normal { vector [
  -0.96592583 0 0.25881905,-0.96592583 0 0.25881905,
  -0.81811048 0 0.57506107,-0.42097392 0 0.90707274,
  -0.25881905 0 0.96592583,-0.25881905 0 0.96592583,
  -0.90707274 0 0.42097392,-0.57506107 0 0.81811048] }
}
}
DEF SHAPE_65 Shape {
 appearance USE APP_2
 geometry DEF FACE_65 IndexedFaceSet {
  coord DEF COORD_65 Coordinate { point [
  0.37165354 -0.24041995 0.18759843,0.37165354 0.24041995 0.18759843,
  0.37123158 0.24041995 0.18917323,0.37007874 0.24041995 0.19032606,
  0.36850394 0.24041995 0.19074803,0.36850394 -0.24041995 0.19074803,
  0.37123158 -0.24041995 0.18917323,0.37007874 -0.24041995 0.19032606] }
 coordIndex [
  3,4,5,-1,3,5,7,-1,2,7,6,-1,2,3,7,-1,1,6,0,-1,1,2,6,-1]
  normalPerVertex TRUE
  normal DEF NORM_65 Normal { vector [
  0.96592583 0 0.25881905,0.96592583 0 0.25881905,
  0.81811048 0 0.57506107,0.42097392 0 0.90707274,
  0.25881905 0 0.96592583,0.25881905 0 0.96592583,
  0.90707274 0 0.42097392,0.57506107 0 0.81811048] }
}
}
DEF SHAPE_66 Shape {
 appearance USE APP_2
 geometry DEF FACE_66 IndexedFaceSet {
  coord DEF COORD_66 Coordinate { point [
  -0.3191601 0.29291339 0.18759843,-0.3191601 0.29249142 0.18917323,
  -0.3191601 0.29133858 0.19032606,-0.3191601 0.28976378 0.19074803,
  -0.33274641 0.29112472 0.18759843,-0.34540682 0.2858806 0.18759843,
  -0.35627857 0.27753841 0.18759843,-0.36462076 0.26666667 0.18759843,
  -0.36986487 0.25400625 0.18759843,-0.37165354 0.24041995 0.18759843,
  -0.37123158 0.24041995 0.18917323,-0.37007874 0.24041995 0.19032606,
  -0.36850394 0.24041995 0.19074803,-0.33193123 0.28808243 0.19074803,
  -0.34383202 0.28315296 0.19074803,-0.35405146 0.27531131 0.19074803,
  -0.36189312 0.26509186 0.19074803,-0.36682259 0.25319107 0.19074803,
  -0.33263719 0.29071713 0.18917323,-0.33233882 0.28960357 0.19032606,
  -0.34519584 0.28551516 0.18917323,-0.34461942 0.28451678 0.19032606,
  -0.3559802 0.27724004 0.18917323,-0.35516502 0.27642486 0.19032606,
  -0.36425532 0.26645568 0.18917323,-0.36325694 0.26587927 0.19032606,
  -0.36945728 0.25389704 0.18917323,-0.36834373 0.25359866 0.19032606] }
 coordIndex [
  18,1,0,-1,18,0,4,-1,19,2,1,-1,19,3,2,-1,19,13,3,-1,19,1,18,-1,20,4,5,-1,20,18,4,-1,
  21,14,13,-1,21,18,20,-1,21,13,19,-1,21,19,18,-1,22,5,6,-1,22,20,5,-1,23,15,14,-1,23,20,22,-1,
  23,21,20,-1,23,14,21,-1,24,6,7,-1,24,22,6,-1,25,16,15,-1,25,23,22,-1,25,22,24,-1,25,15,23,-1,
  26,7,8,-1,26,8,9,-1,26,9,10,-1,26,24,7,-1,27,10,11,-1,27,11,12,-1,27,17,16,-1,27,12,17,-1,
  27,16,25,-1,27,25,24,-1,27,26,10,-1,27,24,26,-1]
  normalPerVertex TRUE
  normal DEF NORM_66 Normal { vector [
  -0.12615063 0.95820914 0.25675137,-0.1071849 0.81415013 0.57067588,
  -0.065684095 0.49892023 0.86415519,-0.03405441 0.25866892 0.96536557,
  -0.29046643 0.92128216 0.25858932,-0.51901439 0.81471199 0.25858932,
  -0.71219239 0.65262054 0.25858932,-0.85683564 0.44605408 0.25858932,
  -0.9330127 0.25 0.25881905,-0.95820914 0.12615063 0.25675137,
  -0.81415013 0.1071849 0.57067588,-0.49892023 0.065684095 0.86415519,
  -0.25866892 0.03405441 0.96536557,-0.078184051 0.24698182 0.96586088,
  -0.13944359 0.2183306 0.96586088,-0.19120029 0.17480051 0.96586088,
  -0.22992699 0.11935805 0.96586088,-0.25 0.066987298 0.96592583,
  -0.21810555 0.83881567 0.49881684,-0.10851992 0.49057908 0.86461297,
  -0.42777525 0.75378385 0.49881684,-0.2317934 0.44577599 0.86461297,
  -0.60829278 0.61738291 0.49881684,-0.33927055 0.37059399 0.86461297,
  -0.74735616 0.43890834 0.49881684,-0.42362697 0.27015663 0.86461297,
  -0.87635901 0.23481969 0.42054084,-0.48596777 0.13021467 0.86422188] }
}
}
DEF SHAPE_67 Shape {
 appearance USE APP_2
 geometry DEF FACE_67 IndexedFaceSet {
  coord DEF COORD_67 Coordinate { point [
  0.37165354 0.24041995 0.18759843,0.37123158 0.24041995 0.18917323,
  0.37007874 0.24041995 0.19032606,0.36850394 0.24041995 0.19074803,
  0.36986487 0.25400625 0.18759843,0.36462076 0.26666667 0.18759843,
  0.35627857 0.27753841 0.18759843,0.34540682 0.2858806 0.18759843,
  0.33274641 0.29112472 0.18759843,0.3191601 0.29291339 0.18759843,
  0.3191601 0.29249142 0.18917323,0.3191601 0.29133858 0.19032606,
  0.3191601 0.28976378 0.19074803,0.36682259 0.25319107 0.19074803,
  0.36189312 0.26509186 0.19074803,0.35405146 0.27531131 0.19074803,
  0.34383202 0.28315296 0.19074803,0.33193123 0.28808243 0.19074803,
  0.36945728 0.25389704 0.18917323,0.36834373 0.25359866 0.19032606,
  0.36425532 0.26645568 0.18917323,0.36325694 0.26587927 0.19032606,
  0.3559802 0.27724004 0.18917323,0.35516502 0.27642486 0.19032606,
  0.34519584 0.28551516 0.18917323,0.34461942 0.28451678 0.19032606,
  0.33263719 0.29071713 0.18917323,0.33233882 0.28960357 0.19032606] }
 coordIndex [
  18,1,0,-1,18,0,4,-1,19,2,1,-1,19,3,2,-1,19,13,3,-1,19,1,18,-1,20,4,5,-1,20,18,4,-1,
  21,14,13,-1,21,18,20,-1,21,13,19,-1,21,19,18,-1,22,5,6,-1,22,20,5,-1,23,15,14,-1,23,20,22,-1,
  23,21,20,-1,23,14,21,-1,24,6,7,-1,24,22,6,-1,25,16,15,-1,25,23,22,-1,25,22,24,-1,25,15,23,-1,
  26,7,8,-1,26,8,9,-1,26,9,10,-1,26,24,7,-1,27,10,11,-1,27,11,12,-1,27,17,16,-1,27,12,17,-1,
  27,16,25,-1,27,25,24,-1,27,26,10,-1,27,24,26,-1]
  normalPerVertex TRUE
  normal DEF NORM_67 Normal { vector [
  0.95820914 0.12615063 0.25675137,0.81415013 0.1071849 0.57067588,
  0.49892023 0.065684095 0.86415519,0.25866892 0.03405441 0.96536557,
  0.92128216 0.29046643 0.25858932,0.81471199 0.51901439 0.25858932,
  0.65262054 0.71219239 0.25858932,0.44605408 0.85683564 0.25858932,
  0.25 0.9330127 0.25881905,0.12615063 0.95820914 0.25675137,
  0.1071849 0.81415013 0.57067588,0.065684095 0.49892023 0.86415519,
  0.03405441 0.25866892 0.96536557,0.24698182 0.078184051 0.96586088,
  0.2183306 0.13944359 0.96586088,0.17480051 0.19120029 0.96586088,
  0.11935805 0.22992699 0.96586088,0.066987298 0.25 0.96592583,
  0.83881567 0.21810555 0.49881684,0.49057908 0.10851992 0.86461297,
  0.75378385 0.42777525 0.49881684,0.44577599 0.2317934 0.86461297,
  0.61738291 0.60829278 0.49881684,0.37059399 0.33927055 0.86461297,
  0.43890834 0.74735616 0.49881684,0.27015663 0.42362697 0.86461297,
  0.23481969 0.87635901 0.42054084,0.13021467 0.48596777 0.86422188] }
}
}
DEF SHAPE_68 Shape {
 appearance USE APP_2
 geometry DEF FACE_68 IndexedFaceSet {
  coord DEF COORD_68 Coordinate { point [
  0.3191601 0.29291339 0.18759843,-0.3191601 0.29291339 0.18759843,
  -0.3191601 0.29249142 0.18917323,-0.3191601 0.29133858 0.19032606,
  -0.3191601 0.28976378 0.19074803,0.3191601 0.28976378 0.19074803,
  0.3191601 0.29249142 0.18917323,0.3191601 0.29133858 0.19032606] }
 coordIndex [
  3,4,5,-1,3,5,7,-1,2,7,6,-1,2,3,7,-1,1,6,0,-1,1,2,6,-1]
  normalPerVertex TRUE
  normal DEF NORM_68 Normal { vector [
  0 0.96592583 0.25881905,0 0.96592583 0.25881905,
  0 0.81811048 0.57506107,0 0.42097392 0.90707274,
  0 0.25881905 0.96592583,0 0.25881905 0.96592583,
  0 0.90707274 0.42097392,0 0.57506107 0.81811048] }
}
}
DEF SHAPE_69 Shape {
 appearance USE APP_2
 geometry DEF FACE_69 IndexedFaceSet {
  coord DEF COORD_69 Coordinate { point [
  0.3191601 -0.29291339 0.18582677,0.3191601 -0.29291339 0.18759843,
  -0.3191601 -0.29291339 0.18582677,-0.3191601 -0.29291339 0.18759843] }
 coordIndex [
  0,3,2,-1,0,1,3,-1]
  normalPerVertex TRUE
  normal DEF NORM_69 Normal { vector [
  0 -1 0,0 -1 0,
  0 -1 0,0 -1 0] }
}
}
DEF SHAPE_70 Shape {
 appearance USE APP_2
 geometry DEF FACE_70 IndexedFaceSet {
  coord DEF COORD_70 Coordinate { point [
  -0.37165354 -0.24041995 0.18759843,-0.36986487 -0.25400625 0.18759843,
  -0.36462076 -0.26666667 0.18759843,-0.35627857 -0.27753841 0.18759843,
  -0.34540682 -0.2858806 0.18759843,-0.33274641 -0.29112472 0.18759843,
  -0.3191601 -0.29291339 0.18759843,-0.37165354 -0.24041995 0.18582677,
  -0.36986487 -0.25400625 0.18582677,-0.36462076 -0.26666667 0.18582677,
  -0.35627857 -0.27753841 0.18582677,-0.34540682 -0.2858806 0.18582677,
  -0.33274641 -0.29112472 0.18582677,-0.3191601 -0.29291339 0.18582677] }
 coordIndex [
  1,0,7,-1,1,7,8,-1,2,8,9,-1,2,1,8,-1,3,9,10,-1,3,2,9,-1,4,10,11,-1,4,3,10,-1,
  5,11,12,-1,5,4,11,-1,6,12,13,-1,6,5,12,-1]
  normalPerVertex TRUE
  normal DEF NORM_70 Normal { vector [
  -0.99144486 -0.13052619 0,-0.9763442 -0.21622209 0,
  -0.88711369 -0.46155098 0,-0.73742784 -0.67542593 0,
  -0.5374875 -0.84327172 0,-0.30091828 -0.95364993 0,
  -0.13052619 -0.99144486 0,-0.99144486 -0.13052619 0,
  -0.95364993 -0.30091828 0,-0.84327172 -0.5374875 0,
  -0.67542593 -0.73742784 0,-0.46155098 -0.88711369 0,
  -0.21622209 -0.9763442 0,-0.13052619 -0.99144486 0] }
}
}
DEF SHAPE_71 Shape {
 appearance USE APP_2
 geometry DEF FACE_71 IndexedFaceSet {
  coord DEF COORD_71 Coordinate { point [
  0.3191601 -0.29291339 0.18582677,0.3191601 -0.29291339 0.18759843,
  0.33274641 -0.29112472 0.18582677,0.34540682 -0.2858806 0.18582677,
  0.35627857 -0.27753841 0.18582677,0.36462076 -0.26666667 0.18582677,
  0.36986487 -0.25400625 0.18582677,0.37165354 -0.24041995 0.18582677,
  0.37165354 -0.24041995 0.18759843,0.33274641 -0.29112472 0.18759843,
  0.34540682 -0.2858806 0.18759843,0.35627857 -0.27753841 0.18759843,
  0.36462076 -0.26666667 0.18759843,0.36986487 -0.25400625 0.18759843] }
 coordIndex [
  9,1,0,-1,9,0,2,-1,10,2,3,-1,10,9,2,-1,11,3,4,-1,11,10,3,-1,12,4,5,-1,12,11,4,-1,
  13,5,6,-1,13,12,5,-1,8,6,7,-1,8,13,6,-1]
  normalPerVertex TRUE
  normal DEF NORM_71 Normal { vector [
  0.13052619 -0.99144486 0,0.13052619 -0.99144486 0,
  0.30091828 -0.95364993 0,0.5374875 -0.84327172 0,
  0.73742784 -0.67542593 0,0.88711369 -0.46155098 0,
  0.9763442 -0.21622209 0,0.99144486 -0.13052619 0,
  0.99144486 -0.13052619 0,0.21622209 -0.9763442 0,
  0.46155098 -0.88711369 0,0.67542593 -0.73742784 0,
  0.84327172 -0.5374875 0,0.95364993 -0.30091828 0] }
}
}
DEF SHAPE_72 Shape {
 appearance USE APP_2
 geometry DEF FACE_72 IndexedFaceSet {
  coord DEF COORD_72 Coordinate { point [
  -0.37165354 -0.24041995 0.18582677,-0.37165354 -0.24041995 0.18759843,
  -0.37165354 0.24041995 0.18582677,-0.37165354 0.24041995 0.18759843] }
 coordIndex [
  0,3,2,-1,0,1,3,-1]
  normalPerVertex TRUE
  normal DEF NORM_72 Normal { vector [
  -1 0 0,-1 0 0,
  -1 0 0,-1 0 0] }
}
}
DEF SHAPE_73 Shape {
 appearance USE APP_2
 geometry DEF FACE_73 IndexedFaceSet {
  coord DEF COORD_73 Coordinate { point [
  0.37165354 0.24041995 0.18582677,0.37165354 0.24041995 0.18759843,
  0.37165354 -0.24041995 0.18582677,0.37165354 -0.24041995 0.18759843] }
 coordIndex [
  0,3,2,-1,0,1,3,-1]
  normalPerVertex TRUE
  normal DEF NORM_73 Normal { vector [
  1 0 0,1 0 0,
  1 0 0,1 0 0] }
}
}
DEF SHAPE_74 Shape {
 appearance USE APP_2
 geometry DEF FACE_74 IndexedFaceSet {
  coord DEF COORD_74 Coordinate { point [
  -0.3191601 0.29291339 0.18759843,-0.33274641 0.29112472 0.18759843,
  -0.34540682 0.2858806 0.18759843,-0.35627857 0.27753841 0.18759843,
  -0.36462076 0.26666667 0.18759843,-0.36986487 0.25400625 0.18759843,
  -0.37165354 0.24041995 0.18759843,-0.3191601 0.29291339 0.18582677,
  -0.33274641 0.29112472 0.18582677,-0.34540682 0.2858806 0.18582677,
  -0.35627857 0.27753841 0.18582677,-0.36462076 0.26666667 0.18582677,
  -0.36986487 0.25400625 0.18582677,-0.37165354 0.24041995 0.18582677] }
 coordIndex [
  1,0,7,-1,1,7,8,-1,2,8,9,-1,2,1,8,-1,3,9,10,-1,3,2,9,-1,4,10,11,-1,4,3,10,-1,
  5,11,12,-1,5,4,11,-1,6,12,13,-1,6,5,12,-1]
  normalPerVertex TRUE
  normal DEF NORM_74 Normal { vector [
  -0.13052619 0.99144486 0,-0.21622209 0.9763442 0,
  -0.46155098 0.88711369 0,-0.67542593 0.73742784 0,
  -0.84327172 0.5374875 0,-0.95364993 0.30091828 0,
  -0.99144486 0.13052619 0,-0.13052619 0.99144486 0,
  -0.30091828 0.95364993 0,-0.5374875 0.84327172 0,
  -0.73742784 0.67542593 0,-0.88711369 0.46155098 0,
  -0.9763442 0.21622209 0,-0.99144486 0.13052619 0] }
}
}
DEF SHAPE_75 Shape {
 appearance USE APP_2
 geometry DEF FACE_75 IndexedFaceSet {
  coord DEF COORD_75 Coordinate { point [
  0.37165354 0.24041995 0.18582677,0.37165354 0.24041995 0.18759843,
  0.36986487 0.25400625 0.18582677,0.36462076 0.26666667 0.18582677,
  0.35627857 0.27753841 0.18582677,0.34540682 0.2858806 0.18582677,
  0.33274641 0.29112472 0.18582677,0.3191601 0.29291339 0.18582677,
  0.3191601 0.29291339 0.18759843,0.36986487 0.25400625 0.18759843,
  0.36462076 0.26666667 0.18759843,0.35627857 0.27753841 0.18759843,
  0.34540682 0.2858806 0.18759843,0.33274641 0.29112472 0.18759843] }
 coordIndex [
  9,1,0,-1,9,0,2,-1,10,2,3,-1,10,9,2,-1,11,3,4,-1,11,10,3,-1,12,4,5,-1,12,11,4,-1,
  13,5,6,-1,13,12,5,-1,8,6,7,-1,8,13,6,-1]
  normalPerVertex TRUE
  normal DEF NORM_75 Normal { vector [
  0.99144486 0.13052619 0,0.99144486 0.13052619 0,
  0.95364993 0.30091828 0,0.84327172 0.5374875 0,
  0.67542593 0.73742784 0,0.46155098 0.88711369 0,
  0.21622209 0.9763442 0,0.13052619 0.99144486 0,
  0.13052619 0.99144486 0,0.9763442 0.21622209 0,
  0.88711369 0.46155098 0,0.73742784 0.67542593 0,
  0.5374875 0.84327172 0,0.30091828 0.95364993 0] }
}
}
DEF SHAPE_76 Shape {
 appearance USE APP_2
 geometry DEF FACE_76 IndexedFaceSet {
  coord DEF COORD_76 Coordinate { point [
  -0.3191601 0.29291339 0.18582677,-0.3191601 0.29291339 0.18759843,
  0.3191601 0.29291339 0.18582677,0.3191601 0.29291339 0.18759843] }
 coordIndex [
  0,3,2,-1,0,1,3,-1]
  normalPerVertex TRUE
  normal DEF NORM_76 Normal { vector [
  0 1 0,0 1 0,
  0 1 0,0 1 0] }
}
}
DEF SHAPE_77 Shape {
 appearance DEF APP_3 Appearance {
  material Material {
   ambientIntensity 0.686634
   diffuseColor 0.148 0.145 0.145
   emissiveColor 0 0 0
   shininess 0.1
   specularColor 0.12 0.12 0.12
   transparency 0
} }
 geometry DEF FACE_77 IndexedFaceSet {
  coord DEF COORD_77 Coordinate { point [
  -0.3191601 -0.29606299 0.18897638,0.3191601 -0.29606299 0.18897638,
  0.3191601 -0.29448819 0.18855441,0.3191601 -0.29333535 0.18740157,
  0.3191601 -0.29291339 0.18582677,-0.3191601 -0.29291339 0.18582677,
  -0.3191601 -0.29448819 0.18855441,-0.3191601 -0.29333535 0.18740157] }
 coordIndex [
  3,4,5,-1,3,5,7,-1,2,7,6,-1,2,3,7,-1,1,6,0,-1,1,2,6,-1]
  normalPerVertex TRUE
  normal DEF NORM_77 Normal { vector [
  0 0.25881905 0.96592583,0 0.25881905 0.96592583,
  0 0.57506107 0.81811048,0 0.90707274 0.42097392,
  0 0.96592583 0.25881905,0 0.96592583 0.25881905,
  0 0.42097392 0.90707274,0 0.81811048 0.57506107] }
}
}
DEF SHAPE_78 Shape {
 appearance USE APP_3
 geometry DEF FACE_78 IndexedFaceSet {
  coord DEF COORD_78 Coordinate { point [
  -0.37480315 -0.24041995 0.18897638,-0.37322835 -0.24041995 0.18855441,
  -0.37207551 -0.24041995 0.18740157,-0.37165354 -0.24041995 0.18582677,
  -0.37290716 -0.25482143 0.18897638,-0.3673484 -0.26824147 0.18897638,
  -0.35850568 -0.27976552 0.18897638,-0.34698163 -0.28860824 0.18897638,
  -0.33356158 -0.294167 0.18897638,-0.3191601 -0.29606299 0.18897638,
  -0.3191601 -0.29448819 0.18855441,-0.3191601 -0.29333535 0.18740157,
  -0.3191601 -0.29291339 0.18582677,-0.36986487 -0.25400625 0.18582677,
  -0.36462076 -0.26666667 0.18582677,-0.35627857 -0.27753841 0.18582677,
  -0.34540682 -0.2858806 0.18582677,-0.33274641 -0.29112472 0.18582677,
  -0.37138602 -0.25441384 0.18855441,-0.37027246 -0.25411546 0.18740157,
  -0.36598458 -0.26745407 0.18855441,-0.36498619 -0.26687765 0.18740157,
  -0.35739213 -0.27865197 0.18855441,-0.35657695 -0.27783679 0.18740157,
  -0.34619423 -0.28724442 0.18855441,-0.34561781 -0.28624603 0.18740157,
  -0.333154 -0.29264586 0.18855441,-0.33285562 -0.2915323 0.18740157] }
 coordIndex [
  18,1,0,-1,18,0,4,-1,19,2,1,-1,19,3,2,-1,19,13,3,-1,19,1,18,-1,20,4,5,-1,20,18,4,-1,
  21,14,13,-1,21,18,20,-1,21,13,19,-1,21,19,18,-1,22,5,6,-1,22,20,5,-1,23,15,14,-1,23,20,22,-1,
  23,21,20,-1,23,14,21,-1,24,6,7,-1,24,22,6,-1,25,16,15,-1,25,23,22,-1,25,22,24,-1,25,15,23,-1,
  26,7,8,-1,26,8,9,-1,26,9,10,-1,26,24,7,-1,27,10,11,-1,27,11,12,-1,27,17,16,-1,27,12,17,-1,
  27,16,25,-1,27,25,24,-1,27,26,10,-1,27,24,26,-1]
  normalPerVertex TRUE
  normal DEF NORM_78 Normal { vector [
  0.25866892 0.03405441 0.96536557,0.57239052 0.075356642 0.81651116,
  0.86045084 0.1132805 0.49678152,0.95820914 0.12615063 0.25675137,
  0.24710098 0.077744542 0.96586588,0.21855945 0.1390499 0.96586588,
  0.17512345 0.19087924 0.96586588,0.11975308 0.22970047 0.96586588,
  0.066987298 0.25 0.96592583,0.03405441 0.25866892 0.96536557,
  0.075356642 0.57239052 0.81651116,0.1132805 0.86045084 0.49678152,
  0.12615063 0.95820914 0.25675137,0.92114697 0.29089929 0.25858435,
  0.81446937 0.51939752 0.25858435,0.65228703 0.71249966 0.25858435,
  0.44565241 0.85704613 0.25858435,0.25 0.9330127 0.25881905,
  0.4785578 0.13822641 0.86710777,0.84512119 0.18704232 0.50078473,
  0.42647571 0.25737633 0.86710777,0.76791427 0.39940247 0.50078473,
  0.34533 0.35898648 0.86710777,0.63837526 0.584544 0.50078473,
  0.24065063 0.4361323 0.86710777,0.46533203 0.72984982 0.50078473,
  0.10855592 0.40513621 0.90778867,0.22388632 0.83555514 0.50171957] }
}
}
DEF SHAPE_79 Shape {
 appearance USE APP_3
 geometry DEF FACE_79 IndexedFaceSet {
  coord DEF COORD_79 Coordinate { point [
  0.3191601 -0.29606299 0.18897638,0.3191601 -0.29448819 0.18855441,
  0.3191601 -0.29333535 0.18740157,0.3191601 -0.29291339 0.18582677,
  0.33356158 -0.294167 0.18897638,0.34698163 -0.28860824 0.18897638,
  0.35850568 -0.27976552 0.18897638,0.3673484 -0.26824147 0.18897638,
  0.37290716 -0.25482143 0.18897638,0.37480315 -0.24041995 0.18897638,
  0.37322835 -0.24041995 0.18855441,0.37207551 -0.24041995 0.18740157,
  0.37165354 -0.24041995 0.18582677,0.33274641 -0.29112472 0.18582677,
  0.34540682 -0.2858806 0.18582677,0.35627857 -0.27753841 0.18582677,
  0.36462076 -0.26666667 0.18582677,0.36986487 -0.25400625 0.18582677,
  0.333154 -0.29264586 0.18855441,0.33285562 -0.2915323 0.18740157,
  0.34619423 -0.28724442 0.18855441,0.34561781 -0.28624603 0.18740157,
  0.35739213 -0.27865197 0.18855441,0.35657695 -0.27783679 0.18740157,
  0.36598458 -0.26745407 0.18855441,0.36498619 -0.26687765 0.18740157,
  0.37138602 -0.25441384 0.18855441,0.37027246 -0.25411546 0.18740157] }
 coordIndex [
  18,1,0,-1,18,0,4,-1,19,2,1,-1,19,3,2,-1,19,13,3,-1,19,1,18,-1,20,4,5,-1,20,18,4,-1,
  21,14,13,-1,21,18,20,-1,21,13,19,-1,21,19,18,-1,22,5,6,-1,22,20,5,-1,23,15,14,-1,23,20,22,-1,
  23,21,20,-1,23,14,21,-1,24,6,7,-1,24,22,6,-1,25,16,15,-1,25,23,22,-1,25,22,24,-1,25,15,23,-1,
  26,7,8,-1,26,8,9,-1,26,9,10,-1,26,24,7,-1,27,10,11,-1,27,11,12,-1,27,17,16,-1,27,12,17,-1,
  27,16,25,-1,27,25,24,-1,27,26,10,-1,27,24,26,-1]
  normalPerVertex TRUE
  normal DEF NORM_79 Normal { vector [
  -0.03405441 0.25866892 0.96536557,-0.075356642 0.57239052 0.81651116,
  -0.1132805 0.86045084 0.49678152,-0.12615063 0.95820914 0.25675137,
  -0.077744542 0.24710098 0.96586588,-0.1390499 0.21855945 0.96586588,
  -0.19087924 0.17512345 0.96586588,-0.22970047 0.11975308 0.96586588,
  -0.25 0.066987298 0.96592583,-0.25866892 0.03405441 0.96536557,
  -0.57239052 0.075356642 0.81651116,-0.86045084 0.1132805 0.49678152,
  -0.95820914 0.12615063 0.25675137,-0.29089929 0.92114697 0.25858435,
  -0.51939752 0.81446937 0.25858435,-0.71249966 0.65228703 0.25858435,
  -0.85704613 0.44565241 0.25858435,-0.9330127 0.25 0.25881905,
  -0.13822641 0.4785578 0.86710777,-0.18704232 0.84512119 0.50078473,
  -0.25737633 0.42647571 0.86710777,-0.39940247 0.76791427 0.50078473,
  -0.35898648 0.34533 0.86710777,-0.584544 0.63837526 0.50078473,
  -0.4361323 0.24065063 0.86710777,-0.72984982 0.46533203 0.50078473,
  -0.40513621 0.10855592 0.90778867,-0.83555514 0.22388632 0.50171957] }
}
}
DEF SHAPE_80 Shape {
 appearance USE APP_3
 geometry DEF FACE_80 IndexedFaceSet {
  coord DEF COORD_80 Coordinate { point [
  -0.37480315 0.24041995 0.18897638,-0.37480315 -0.24041995 0.18897638,
  -0.37322835 -0.24041995 0.18855441,-0.37207551 -0.24041995 0.18740157,
  -0.37165354 -0.24041995 0.18582677,-0.37165354 0.24041995 0.18582677,
  -0.37322835 0.24041995 0.18855441,-0.37207551 0.24041995 0.18740157] }
 coordIndex [
  3,4,5,-1,3,5,7,-1,2,7,6,-1,2,3,7,-1,1,6,0,-1,1,2,6,-1]
  normalPerVertex TRUE
  normal DEF NORM_80 Normal { vector [
  0.25881905 0 0.96592583,0.25881905 0 0.96592583,
  0.57506107 0 0.81811048,0.90707274 0 0.42097392,
  0.96592583 0 0.25881905,0.96592583 0 0.25881905,
  0.42097392 0 0.90707274,0.81811048 0 0.57506107] }
}
}
DEF SHAPE_81 Shape {
 appearance USE APP_3
 geometry DEF FACE_81 IndexedFaceSet {
  coord DEF COORD_81 Coordinate { point [
  0.37480315 -0.24041995 0.18897638,0.37480315 0.24041995 0.18897638,
  0.37322835 0.24041995 0.18855441,0.37207551 0.24041995 0.18740157,
  0.37165354 0.24041995 0.18582677,0.37165354 -0.24041995 0.18582677,
  0.37322835 -0.24041995 0.18855441,0.37207551 -0.24041995 0.18740157] }
 coordIndex [
  3,4,5,-1,3,5,7,-1,2,7,6,-1,2,3,7,-1,1,6,0,-1,1,2,6,-1]
  normalPerVertex TRUE
  normal DEF NORM_81 Normal { vector [
  -0.25881905 0 0.96592583,-0.25881905 0 0.96592583,
  -0.57506107 0 0.81811048,-0.90707274 0 0.42097392,
  -0.96592583 0 0.25881905,-0.96592583 0 0.25881905,
  -0.42097392 0 0.90707274,-0.81811048 0 0.57506107] }
}
}
DEF SHAPE_82 Shape {
 appearance USE APP_3
 geometry DEF FACE_82 IndexedFaceSet {
  coord DEF COORD_82 Coordinate { point [
  -0.3191601 0.29606299 0.18897638,-0.3191601 0.29448819 0.18855441,
  -0.3191601 0.29333535 0.18740157,-0.3191601 0.29291339 0.18582677,
  -0.33356158 0.294167 0.18897638,-0.34698163 0.28860824 0.18897638,
  -0.35850568 0.27976552 0.18897638,-0.3673484 0.26824147 0.18897638,
  -0.37290716 0.25482143 0.18897638,-0.37480315 0.24041995 0.18897638,
  -0.37322835 0.24041995 0.18855441,-0.37207551 0.24041995 0.18740157,
  -0.37165354 0.24041995 0.18582677,-0.33274641 0.29112472 0.18582677,
  -0.34540682 0.2858806 0.18582677,-0.35627857 0.27753841 0.18582677,
  -0.36462076 0.26666667 0.18582677,-0.36986487 0.25400625 0.18582677,
  -0.333154 0.29264586 0.18855441,-0.33285562 0.2915323 0.18740157,
  -0.34619423 0.28724442 0.18855441,-0.34561781 0.28624603 0.18740157,
  -0.35739213 0.27865197 0.18855441,-0.35657695 0.27783679 0.18740157,
  -0.36598458 0.26745407 0.18855441,-0.36498619 0.26687765 0.18740157,
  -0.37138602 0.25441384 0.18855441,-0.37027246 0.25411546 0.18740157] }
 coordIndex [
  18,1,0,-1,18,0,4,-1,19,2,1,-1,19,3,2,-1,19,13,3,-1,19,1,18,-1,20,4,5,-1,20,18,4,-1,
  21,14,13,-1,21,18,20,-1,21,13,19,-1,21,19,18,-1,22,5,6,-1,22,20,5,-1,23,15,14,-1,23,20,22,-1,
  23,21,20,-1,23,14,21,-1,24,6,7,-1,24,22,6,-1,25,16,15,-1,25,23,22,-1,25,22,24,-1,25,15,23,-1,
  26,7,8,-1,26,8,9,-1,26,9,10,-1,26,24,7,-1,27,10,11,-1,27,11,12,-1,27,17,16,-1,27,12,17,-1,
  27,16,25,-1,27,25,24,-1,27,26,10,-1,27,24,26,-1]
  normalPerVertex TRUE
  normal DEF NORM_82 Normal { vector [
  0.03405441 -0.25866892 0.96536557,0.075356642 -0.57239052 0.81651116,
  0.1132805 -0.86045084 0.49678152,0.12615063 -0.95820914 0.25675137,
  0.077744542 -0.24710098 0.96586588,0.1390499 -0.21855945 0.96586588,
  0.19087924 -0.17512345 0.96586588,0.22970047 -0.11975308 0.96586588,
  0.25 -0.066987298 0.96592583,0.25866892 -0.03405441 0.96536557,
  0.57239052 -0.075356642 0.81651116,0.86045084 -0.1132805 0.49678152,
  0.95820914 -0.12615063 0.25675137,0.29089929 -0.92114697 0.25858435,
  0.51939752 -0.81446937 0.25858435,0.71249966 -0.65228703 0.25858435,
  0.85704613 -0.44565241 0.25858435,0.9330127 -0.25 0.25881905,
  0.13822641 -0.4785578 0.86710777,0.18704232 -0.84512119 0.50078473,
  0.25737633 -0.42647571 0.86710777,0.39940247 -0.76791427 0.50078473,
  0.35898648 -0.34533 0.86710777,0.584544 -0.63837526 0.50078473,
  0.4361323 -0.24065063 0.86710777,0.72984982 -0.46533203 0.50078473,
  0.40513621 -0.10855592 0.90778867,0.83555514 -0.22388632 0.50171957] }
}
}
DEF SHAPE_83 Shape {
 appearance USE APP_3
 geometry DEF FACE_83 IndexedFaceSet {
  coord DEF COORD_83 Coordinate { point [
  0.37480315 0.24041995 0.18897638,0.37322835 0.24041995 0.18855441,
  0.37207551 0.24041995 0.18740157,0.37165354 0.24041995 0.18582677,
  0.37290716 0.25482143 0.18897638,0.3673484 0.26824147 0.18897638,
  0.35850568 0.27976552 0.18897638,0.34698163 0.28860824 0.18897638,
  0.33356158 0.294167 0.18897638,0.3191601 0.29606299 0.18897638,
  0.3191601 0.29448819 0.18855441,0.3191601 0.29333535 0.18740157,
  0.3191601 0.29291339 0.18582677,0.36986487 0.25400625 0.18582677,
  0.36462076 0.26666667 0.18582677,0.35627857 0.27753841 0.18582677,
  0.34540682 0.2858806 0.18582677,0.33274641 0.29112472 0.18582677,
  0.37138602 0.25441384 0.18855441,0.37027246 0.25411546 0.18740157,
  0.36598458 0.26745407 0.18855441,0.36498619 0.26687765 0.18740157,
  0.35739213 0.27865197 0.18855441,0.35657695 0.27783679 0.18740157,
  0.34619423 0.28724442 0.18855441,0.34561781 0.28624603 0.18740157,
  0.333154 0.29264586 0.18855441,0.33285562 0.2915323 0.18740157] }
 coordIndex [
  18,1,0,-1,18,0,4,-1,19,2,1,-1,19,3,2,-1,19,13,3,-1,19,1,18,-1,20,4,5,-1,20,18,4,-1,
  21,14,13,-1,21,18,20,-1,21,13,19,-1,21,19,18,-1,22,5,6,-1,22,20,5,-1,23,15,14,-1,23,20,22,-1,
  23,21,20,-1,23,14,21,-1,24,6,7,-1,24,22,6,-1,25,16,15,-1,25,23,22,-1,25,22,24,-1,25,15,23,-1,
  26,7,8,-1,26,8,9,-1,26,9,10,-1,26,24,7,-1,27,10,11,-1,27,11,12,-1,27,17,16,-1,27,12,17,-1,
  27,16,25,-1,27,25,24,-1,27,26,10,-1,27,24,26,-1]
  normalPerVertex TRUE
  normal DEF NORM_83 Normal { vector [
  -0.25866892 -0.03405441 0.96536557,-0.57239052 -0.075356642 0.81651116,
  -0.86045084 -0.1132805 0.49678152,-0.95820914 -0.12615063 0.25675137,
  -0.24710098 -0.077744542 0.96586588,-0.21855945 -0.1390499 0.96586588,
  -0.17512345 -0.19087924 0.96586588,-0.11975308 -0.22970047 0.96586588,
  -0.066987298 -0.25 0.96592583,-0.03405441 -0.25866892 0.96536557,
  -0.075356642 -0.57239052 0.81651116,-0.1132805 -0.86045084 0.49678152,
  -0.12615063 -0.95820914 0.25675137,-0.92114697 -0.29089929 0.25858435,
  -0.81446937 -0.51939752 0.25858435,-0.65228703 -0.71249966 0.25858435,
  -0.44565241 -0.85704613 0.25858435,-0.25 -0.9330127 0.25881905,
  -0.4785578 -0.13822641 0.86710777,-0.84512119 -0.18704232 0.50078473,
  -0.42647571 -0.25737633 0.86710777,-0.76791427 -0.39940247 0.50078473,
  -0.34533 -0.35898648 0.86710777,-0.63837526 -0.584544 0.50078473,
  -0.24065063 -0.4361323 0.86710777,-0.46533203 -0.72984982 0.50078473,
  -0.10855592 -0.40513621 0.90778867,-0.22388632 -0.83555514 0.50171957] }
}
}
DEF SHAPE_84 Shape {
 appearance USE APP_3
 geometry DEF FACE_84 IndexedFaceSet {
  coord DEF COORD_84 Coordinate { point [
  0.3191601 0.29606299 0.18897638,-0.3191601 0.29606299 0.18897638,
  -0.3191601 0.29448819 0.18855441,-0.3191601 0.29333535 0.18740157,
  -0.3191601 0.29291339 0.18582677,0.3191601 0.29291339 0.18582677,
  0.3191601 0.29448819 0.18855441,0.3191601 0.29333535 0.18740157] }
 coordIndex [
  3,4,5,-1,3,5,7,-1,2,7,6,-1,2,3,7,-1,1,6,0,-1,1,2,6,-1]
  normalPerVertex TRUE
  normal DEF NORM_84 Normal { vector [
  0 -0.25881905 0.96592583,0 -0.25881905 0.96592583,
  0 -0.57506107 0.81811048,0 -0.90707274 0.42097392,
  0 -0.96592583 0.25881905,0 -0.96592583 0.25881905,
  0 -0.42097392 0.90707274,0 -0.81811048 0.57506107] }
}
}
DEF SHAPE_85 Shape {
 appearance USE APP_3
 geometry DEF FACE_85 IndexedFaceSet {
  coord DEF COORD_85 Coordinate { point [
  0.3697601 0.31181102 0.18897638,-0.3697601 0.31181102 0.18897638,
  -0.37100954 0.30670327 0.18897638,-0.37333503 0.30198709 0.18897638,
  -0.37662629 0.29788614 0.18897638,-0.38072725 0.29459487 0.18897638,
  -0.38544343 0.29226938 0.18897638,-0.39055118 0.29101994 0.18897638,
  -0.39055118 -0.29101994 0.18897638,-0.38544343 -0.29226938 0.18897638,
  -0.38072725 -0.29459487 0.18897638,-0.37662629 -0.29788614 0.18897638,
  -0.37333503 -0.30198709 0.18897638,-0.37100954 -0.30670327 0.18897638,
  -0.3697601 -0.31181102 0.18897638,0.3697601 -0.31181102 0.18897638,
  0.37100954 -0.30670327 0.18897638,0.37333503 -0.30198709 0.18897638,
  0.37662629 -0.29788614 0.18897638,0.38072725 -0.29459487 0.18897638,
  0.38544343 -0.29226938 0.18897638,0.39055118 -0.29101994 0.18897638,
  0.39055118 0.29101994 0.18897638,0.38544343 0.29226938 0.18897638,
  0.38072725 0.29459487 0.18897638,0.37662629 0.29788614 0.18897638,
  0.37333503 0.30198709 0.18897638,0.37100954 0.30670327 0.18897638,
  0.3191601 -0.29606299 0.18897638,0.33356158 -0.294167 0.18897638,
  0.34698163 -0.28860824 0.18897638,0.35850568 -0.27976552 0.18897638,
  0.3673484 -0.26824147 0.18897638,0.37290716 -0.25482143 0.18897638,
  0.37480315 -0.24041995 0.18897638,-0.3191601 -0.29606299 0.18897638,
  -0.37480315 -0.24041995 0.18897638,-0.37290716 -0.25482143 0.18897638,
  -0.3673484 -0.26824147 0.18897638,-0.35850568 -0.27976552 0.18897638,
  -0.34698163 -0.28860824 0.18897638,-0.33356158 -0.294167 0.18897638,
  -0.37480315 0.24041995 0.18897638,-0.3191601 0.29606299 0.18897638,
  -0.33356158 0.294167 0.18897638,-0.34698163 0.28860824 0.18897638,
  -0.35850568 0.27976552 0.18897638,-0.3673484 0.26824147 0.18897638,
  -0.37290716 0.25482143 0.18897638,0.3191601 0.29606299 0.18897638,
  0.37480315 0.24041995 0.18897638,0.37290716 0.25482143 0.18897638,
  0.3673484 0.26824147 0.18897638,0.35850568 0.27976552 0.18897638,
  0.34698163 0.28860824 0.18897638,0.33356158 0.294167 0.18897638] }
 coordIndex [
  39,10,11,-1,39,11,12,-1,38,8,9,-1,38,9,10,-1,38,10,39,-1,40,12,13,-1,40,13,14,-1,40,39,12,-1,
  41,40,14,-1,37,8,38,-1,35,41,14,-1,36,8,37,-1,42,8,36,-1,7,42,48,-1,7,8,42,-1,47,7,48,-1,
  6,7,47,-1,5,6,47,-1,46,5,47,-1,4,5,46,-1,3,4,46,-1,45,3,46,-1,45,2,3,-1,1,2,45,-1,
  44,1,45,-1,43,1,44,-1,15,29,28,-1,15,28,35,-1,15,35,14,-1,30,29,15,-1,16,30,15,-1,17,30,16,-1,
  31,30,17,-1,18,31,17,-1,19,31,18,-1,32,19,20,-1,32,31,19,-1,21,32,20,-1,33,32,21,-1,34,33,21,-1,
  24,53,52,-1,24,25,53,-1,26,54,53,-1,26,53,25,-1,23,24,52,-1,27,54,26,-1,0,55,54,-1,0,49,55,-1,
  0,54,27,-1,22,34,21,-1,22,51,50,-1,22,52,51,-1,22,50,34,-1,22,23,52,-1,0,1,43,-1,0,43,49,-1]
  normalPerVertex TRUE
  normal DEF NORM_85 Normal { vector [
  0 0 1,0 0 1,
  0 0 1,0 0 1,
  0 0 1,0 0 1,
  0 0 1,0 0 1,
  0 0 1,0 0 1,
  0 0 1,0 0 1,
  0 0 1,0 0 1,
  0 0 1,0 0 1,
  0 0 1,0 0 1,
  0 0 1,0 0 1,
  0 0 1,0 0 1,
  0 0 1,0 0 1,
  0 0 1,0 0 1,
  0 0 1,0 0 1,
  0 0 1,0 0 1,
  0 0 1,0 0 1,
  0 0 1,0 0 1,
  0 0 1,0 0 1,
  0 0 1,0 0 1,
  0 0 1,0 0 1,
  0 0 1,0 0 1,
  0 0 1,0 0 1,
  0 0 1,0 0 1,
  0 0 1,0 0 1,
  0 0 1,0 0 1,
  0 0 1,0 0 1,
  0 0 1,0 0 1,
  0 0 1,0 0 1] }
}
}
DEF SHAPE_86 Shape {
 appearance USE APP_3
 geometry DEF FACE_86 IndexedFaceSet {
  coord DEF COORD_86 Coordinate { point [
  0.3697601 0.31181102 0.18897638,0.37270341 0.31496063 0.18582677,
  -0.37270341 0.31496063 0.18582677,-0.3697601 0.31181102 0.18897638] }
 coordIndex [
  2,0,1,-1,2,3,0,-1]
  normalPerVertex TRUE
  normal DEF NORM_86 Normal { vector [
  0 0.70710678 0.70710678,0 0.70710678 0.70710678,
  0 0.70710678 0.70710678,0 0.70710678 0.70710678] }
}
}
DEF SHAPE_87 Shape {
 appearance USE APP_3
 geometry DEF FACE_87 IndexedFaceSet {
  coord DEF COORD_87 Coordinate { point [
  0.39370079 0.29396325 0.18582677,0.38826627 0.29467872 0.18582677,
  0.3832021 0.29677637 0.18582677,0.3788534 0.30011324 0.18582677,
  0.37551653 0.30446194 0.18582677,0.37341888 0.30952611 0.18582677,
  0.37270341 0.31496063 0.18582677,0.3697601 0.31181102 0.18897638,
  0.39055118 0.29101994 0.18897638,0.38544343 0.29226938 0.18897638,
  0.38072725 0.29459487 0.18897638,0.37662629 0.29788614 0.18897638,
  0.37333503 0.30198709 0.18897638,0.37100954 0.30670327 0.18897638] }
 coordIndex [
  5,6,7,-1,5,7,13,-1,4,13,12,-1,4,5,13,-1,3,11,10,-1,3,12,11,-1,3,4,12,-1,2,10,9,-1,
  2,3,10,-1,1,9,8,-1,1,2,9,-1,0,1,8,-1]
  normalPerVertex TRUE
  normal DEF NORM_87 Normal { vector [
  0.089702445 0.68135771 0.72643316,0.17567295 0.67485296 0.7167374,
  0.33659842 0.61286166 0.71491404,0.49534419 0.49534419 0.71363034,
  0.61286166 0.33659842 0.71491404,0.67485296 0.17567295 0.7167374,
  0.68135771 0.089702445 0.72643316,0.69198963 0.12897582 0.7102926,
  0.12897582 0.69198963 0.7102926,0.25221586 0.66195869 0.70583132,
  0.39722693 0.58410111 0.70783943,0.5 0.5 0.70710678,
  0.58410111 0.39722693 0.70783943,0.66195869 0.25221586 0.70583132] }
}
}
DEF SHAPE_88 Shape {
 appearance USE APP_3
 geometry DEF FACE_88 IndexedFaceSet {
  coord DEF COORD_88 Coordinate { point [
  -0.37270341 0.31496063 0.18582677,-0.37341888 0.30952611 0.18582677,
  -0.37551653 0.30446194 0.18582677,-0.3788534 0.30011324 0.18582677,
  -0.3832021 0.29677637 0.18582677,-0.38826627 0.29467872 0.18582677,
  -0.39370079 0.29396325 0.18582677,-0.39055118 0.29101994 0.18897638,
  -0.3697601 0.31181102 0.18897638,-0.37100954 0.30670327 0.18897638,
  -0.37333503 0.30198709 0.18897638,-0.37662629 0.29788614 0.18897638,
  -0.38072725 0.29459487 0.18897638,-0.38544343 0.29226938 0.18897638] }
 coordIndex [
  5,6,7,-1,5,7,13,-1,4,13,12,-1,4,5,13,-1,3,11,10,-1,3,12,11,-1,3,4,12,-1,2,10,9,-1,
  2,3,10,-1,1,9,8,-1,1,2,9,-1,0,1,8,-1]
  normalPerVertex TRUE
  normal DEF NORM_88 Normal { vector [
  -0.68135771 0.089702445 0.72643316,-0.67485296 0.17567295 0.7167374,
  -0.61286166 0.33659842 0.71491404,-0.49534419 0.49534419 0.71363034,
  -0.33659842 0.61286166 0.71491404,-0.17567295 0.67485296 0.7167374,
  -0.089702445 0.68135771 0.72643316,-0.12897582 0.69198963 0.7102926,
  -0.69198963 0.12897582 0.7102926,-0.66195869 0.25221586 0.70583132,
  -0.58410111 0.39722693 0.70783943,-0.5 0.5 0.70710678,
  -0.39722693 0.58410111 0.70783943,-0.25221586 0.66195869 0.70583132] }
}
}
DEF SHAPE_89 Shape {
 appearance USE APP_3
 geometry DEF FACE_89 IndexedFaceSet {
  coord DEF COORD_89 Coordinate { point [
  0.39055118 -0.29101994 0.18897638,0.39370079 -0.29396325 0.18582677,
  0.39370079 0.29396325 0.18582677,0.39055118 0.29101994 0.18897638] }
 coordIndex [
  2,0,1,-1,2,3,0,-1]
  normalPerVertex TRUE
  normal DEF NORM_89 Normal { vector [
  0.70710678 0 0.70710678,0.70710678 0 0.70710678,
  0.70710678 0 0.70710678,0.70710678 0 0.70710678] }
}
}
DEF SHAPE_90 Shape {
 appearance USE APP_3
 geometry DEF FACE_90 IndexedFaceSet {
  coord DEF COORD_90 Coordinate { point [
  -0.39055118 0.29101994 0.18897638,-0.39370079 0.29396325 0.18582677,
  -0.39370079 -0.29396325 0.18582677,-0.39055118 -0.29101994 0.18897638] }
 coordIndex [
  2,0,1,-1,2,3,0,-1]
  normalPerVertex TRUE
  normal DEF NORM_90 Normal { vector [
  -0.70710678 0 0.70710678,-0.70710678 0 0.70710678,
  -0.70710678 0 0.70710678,-0.70710678 0 0.70710678] }
}
}
DEF SHAPE_91 Shape {
 appearance USE APP_3
 geometry DEF FACE_91 IndexedFaceSet {
  coord DEF COORD_91 Coordinate { point [
  0.37270341 -0.31496063 0.18582677,0.3697601 -0.31181102 0.18897638,
  0.37341888 -0.30952611 0.18582677,0.37551653 -0.30446194 0.18582677,
  0.3788534 -0.30011324 0.18582677,0.3832021 -0.29677637 0.18582677,
  0.38826627 -0.29467872 0.18582677,0.39370079 -0.29396325 0.18582677,
  0.39055118 -0.29101994 0.18897638,0.37100954 -0.30670327 0.18897638,
  0.37333503 -0.30198709 0.18897638,0.37662629 -0.29788614 0.18897638,
  0.38072725 -0.29459487 0.18897638,0.38544343 -0.29226938 0.18897638] }
 coordIndex [
  1,0,2,-1,9,2,3,-1,9,1,2,-1,10,3,4,-1,10,9,3,-1,11,10,4,-1,12,4,5,-1,12,11,4,-1,
  13,5,6,-1,13,12,5,-1,8,6,7,-1,8,13,6,-1]
  normalPerVertex TRUE
  normal DEF NORM_91 Normal { vector [
  0.68135771 -0.089702445 0.72643316,0.69198963 -0.12897582 0.7102926,
  0.67485296 -0.17567295 0.7167374,0.61286166 -0.33659842 0.71491404,
  0.49534419 -0.49534419 0.71363034,0.33659842 -0.61286166 0.71491404,
  0.17567295 -0.67485296 0.7167374,0.089702445 -0.68135771 0.72643316,
  0.12897582 -0.69198963 0.7102926,0.66195869 -0.25221586 0.70583132,
  0.58410111 -0.39722693 0.70783943,0.5 -0.5 0.70710678,
  0.39722693 -0.58410111 0.70783943,0.25221586 -0.66195869 0.70583132] }
}
}
DEF SHAPE_92 Shape {
 appearance USE APP_3
 geometry DEF FACE_92 IndexedFaceSet {
  coord DEF COORD_92 Coordinate { point [
  -0.39370079 -0.29396325 0.18582677,-0.38826627 -0.29467872 0.18582677,
  -0.3832021 -0.29677637 0.18582677,-0.3788534 -0.30011324 0.18582677,
  -0.37551653 -0.30446194 0.18582677,-0.37341888 -0.30952611 0.18582677,
  -0.37270341 -0.31496063 0.18582677,-0.3697601 -0.31181102 0.18897638,
  -0.39055118 -0.29101994 0.18897638,-0.38544343 -0.29226938 0.18897638,
  -0.38072725 -0.29459487 0.18897638,-0.37662629 -0.29788614 0.18897638,
  -0.37333503 -0.30198709 0.18897638,-0.37100954 -0.30670327 0.18897638] }
 coordIndex [
  5,6,7,-1,5,7,13,-1,4,13,12,-1,4,5,13,-1,3,11,10,-1,3,12,11,-1,3,4,12,-1,2,10,9,-1,
  2,3,10,-1,1,9,8,-1,1,2,9,-1,0,1,8,-1]
  normalPerVertex TRUE
  normal DEF NORM_92 Normal { vector [
  -0.089702445 -0.68135771 0.72643316,-0.17567295 -0.67485296 0.7167374,
  -0.33659842 -0.61286166 0.71491404,-0.49534419 -0.49534419 0.71363034,
  -0.61286166 -0.33659842 0.71491404,-0.67485296 -0.17567295 0.7167374,
  -0.68135771 -0.089702445 0.72643316,-0.69198963 -0.12897582 0.7102926,
  -0.12897582 -0.69198963 0.7102926,-0.25221586 -0.66195869 0.70583132,
  -0.39722693 -0.58410111 0.70783943,-0.5 -0.5 0.70710678,
  -0.58410111 -0.39722693 0.70783943,-0.66195869 -0.25221586 0.70583132] }
}
}
DEF SHAPE_93 Shape {
 appearance USE APP_3
 geometry DEF FACE_93 IndexedFaceSet {
  coord DEF COORD_93 Coordinate { point [
  -0.37270341 -0.31496063 0.18582677,0.37270341 -0.31496063 0.18582677,
  0.3697601 -0.31181102 0.18897638,-0.3697601 -0.31181102 0.18897638] }
 coordIndex [
  0,2,3,-1,1,2,0,-1]
  normalPerVertex TRUE
  normal DEF NORM_93 Normal { vector [
  0 -0.70710678 0.70710678,0 -0.70710678 0.70710678,
  0 -0.70710678 0.70710678,0 -0.70710678 0.70710678] }
}
}
DEF SHAPE_94 Shape {
 appearance USE APP_3
 geometry DEF FACE_94 IndexedFaceSet {
  coord DEF COORD_94 Coordinate { point [
  -0.37270341 0.31496063 0.011811024,-0.37270341 0.31496063 0.18582677,
  0.37270341 0.31496063 0.011811024,0.37270341 0.31496063 0.18582677] }
 coordIndex [
  0,3,2,-1,0,1,3,-1]
  normalPerVertex TRUE
  normal DEF NORM_94 Normal { vector [
  0 1 0,0 1 0,
  0 1 0,0 1 0] }
}
}
DEF SHAPE_95 Shape {
 appearance USE APP_3
 geometry DEF FACE_95 IndexedFaceSet {
  coord DEF COORD_95 Coordinate { point [
  0.37270341 0.31496063 0.18582677,0.37270341 0.31496063 0.011811024,
  0.37294098 0.31181102 0.011811024,0.37280911 0.31285648 0.011811024,
  0.37272985 0.31390723 0.011811024,0.37294098 0.31181102 0.023622047,
  0.37294098 0.31181102 0.13582677,0.37294098 0.31181102 0.1476378,
  0.39055118 0.29420082 0.1476378,0.38543707 0.29565776 0.1476378,
  0.38085297 0.2983527 0.1476378,0.37709286 0.30211281 0.1476378,
  0.37439792 0.30669692 0.1476378,0.39055118 0.29420082 0.13582677,
  0.39055118 0.29420082 0.023622047,0.39055118 0.29420082 0.011811024,
  0.39370079 0.29396325 0.011811024,0.39264738 0.2939897 0.011811024,
  0.39159663 0.29406895 0.011811024,0.39370079 0.29396325 0.18582677,
  0.38826627 0.29467872 0.18582677,0.3832021 0.29677637 0.18582677,
  0.3788534 0.30011324 0.18582677,0.37551653 0.30446194 0.18582677,
  0.37341888 0.30952611 0.18582677] }
 coordIndex [
  8,20,19,-1,13,8,19,-1,9,20,8,-1,16,13,19,-1,21,20,9,-1,17,13,16,-1,14,17,18,-1,14,13,17,-1,
  15,14,18,-1,10,21,9,-1,22,21,10,-1,11,22,10,-1,23,22,11,-1,12,23,11,-1,24,23,12,-1,7,24,12,-1,
  0,7,6,-1,0,24,7,-1,3,5,2,-1,4,6,5,-1,4,5,3,-1,1,0,6,-1,1,6,4,-1]
  normalPerVertex TRUE
  normal DEF NORM_95 Normal { vector [
  0.9959608 0.089780968 -0.001208985,0.99784608 0.065598304 -0.00024548374,
  0 0 1,0.99496378 0.10021011 -0.0022386162,
  0.99728978 0.073571369 -0.00058710894,0.99496625 0.10021036 -0.00021320208,
  0.9972165 0.07456024 -0.00017506613,0.98152988 0.19130883 -0.00017278187,
  0.19130883 0.98152988 -0.00017278187,0.38984638 0.92087897 0.0013126306,
  0.61081259 0.7917741 0.001323553,0.7917741 0.61081259 0.001323553,
  0.92087897 0.38984638 0.0013126306,0.07456024 0.9972165 -0.00017506613,
  0.10021036 0.99496625 -0.00021320208,0 0 1,
  0.065598304 0.99784608 -0.00024548374,0.073571369 0.99728978 -0.00058710894,
  0.10021011 0.99496378 -0.0022386162,0.089780968 0.9959608 -0.001208985,
  0.26380818 0.96457366 -0.0017052975,0.5022359 0.86472894 -0.0017230656,
  0.70710572 0.70710572 -0.0017289883,0.86472894 0.5022359 -0.0017230656,
  0.96457366 0.26380818 -0.0017052975] }
}
}
DEF SHAPE_96 Shape {
 appearance USE APP_3
 geometry DEF FACE_96 IndexedFaceSet {
  coord DEF COORD_96 Coordinate { point [
  -0.39370079 0.29396325 0.18582677,-0.39370079 0.29396325 0.011811024,
  -0.39055118 0.29420082 0.011811024,-0.39159663 0.29406895 0.011811024,
  -0.39264738 0.2939897 0.011811024,-0.39055118 0.29420082 0.023622047,
  -0.39055118 0.29420082 0.13582677,-0.39055118 0.29420082 0.1476378,
  -0.37294098 0.31181102 0.1476378,-0.37439792 0.30669692 0.1476378,
  -0.37709286 0.30211281 0.1476378,-0.38085297 0.2983527 0.1476378,
  -0.38543707 0.29565776 0.1476378,-0.37294098 0.31181102 0.13582677,
  -0.37294098 0.31181102 0.023622047,-0.37294098 0.31181102 0.011811024,
  -0.37270341 0.31496063 0.011811024,-0.37272985 0.31390723 0.011811024,
  -0.37280911 0.31285648 0.011811024,-0.37270341 0.31496063 0.18582677,
  -0.37341888 0.30952611 0.18582677,-0.37551653 0.30446194 0.18582677,
  -0.3788534 0.30011324 0.18582677,-0.3832021 0.29677637 0.18582677,
  -0.38826627 0.29467872 0.18582677] }
 coordIndex [
  8,20,19,-1,13,8,19,-1,9,20,8,-1,16,13,19,-1,21,20,9,-1,17,13,16,-1,14,17,18,-1,14,13,17,-1,
  15,14,18,-1,10,21,9,-1,22,21,10,-1,11,22,10,-1,23,22,11,-1,12,23,11,-1,24,23,12,-1,7,24,12,-1,
  0,7,6,-1,0,24,7,-1,3,5,2,-1,4,6,5,-1,4,5,3,-1,1,0,6,-1,1,6,4,-1]
  normalPerVertex TRUE
  normal DEF NORM_96 Normal { vector [
  -0.089780968 0.9959608 -0.001208985,-0.065598304 0.99784608 -0.00024548374,
  0 0 1,-0.10021011 0.99496378 -0.0022386162,
  -0.073571369 0.99728978 -0.00058710894,-0.10021036 0.99496625 -0.00021320208,
  -0.07456024 0.9972165 -0.00017506613,-0.19130883 0.98152988 -0.00017278187,
  -0.98152988 0.19130883 -0.00017278187,-0.92087897 0.38984638 0.0013126306,
  -0.7917741 0.61081259 0.001323553,-0.61081259 0.7917741 0.001323553,
  -0.38984638 0.92087897 0.0013126306,-0.9972165 0.07456024 -0.00017506613,
  -0.99496625 0.10021036 -0.00021320208,0 0 1,
  -0.99784608 0.065598304 -0.00024548374,-0.99728978 0.073571369 -0.00058710894,
  -0.99496378 0.10021011 -0.0022386162,-0.9959608 0.089780968 -0.001208985,
  -0.96457366 0.26380818 -0.0017052975,-0.86472894 0.5022359 -0.0017230656,
  -0.70710572 0.70710572 -0.0017289883,-0.5022359 0.86472894 -0.0017230656,
  -0.26380818 0.96457366 -0.0017052975] }
}
}
DEF SHAPE_97 Shape {
 appearance USE APP_3
 geometry DEF FACE_97 IndexedFaceSet {
  coord DEF COORD_97 Coordinate { point [
  0.39370079 0.29396325 0.18582677,0.39370079 0.29396325 0.011811024,
  0.39370079 -0.29396325 0.011811024,0.39370079 -0.29396325 0.18582677] }
 coordIndex [
  1,3,2,-1,1,0,3,-1]
  normalPerVertex TRUE
  normal DEF NORM_97 Normal { vector [
  1 0 0,1 0 0,
  1 0 0,1 0 0] }
}
}
DEF SHAPE_98 Shape {
 appearance USE APP_3
 geometry DEF FACE_98 IndexedFaceSet {
  coord DEF COORD_98 Coordinate { point [
  -0.39370079 -0.29396325 0.18582677,-0.39370079 -0.29396325 0.011811024,
  -0.39370079 0.29396325 0.011811024,-0.39370079 0.29396325 0.18582677] }
 coordIndex [
  1,3,2,-1,1,0,3,-1]
  normalPerVertex TRUE
  normal DEF NORM_98 Normal { vector [
  -1 0 0,-1 0 0,
  -1 0 0,-1 0 0] }
}
}
DEF SHAPE_99 Shape {
 appearance USE APP_3
 geometry DEF FACE_99 IndexedFaceSet {
  coord DEF COORD_99 Coordinate { point [
  0.39055118 -0.29420082 0.011811024,0.39159663 -0.29406895 0.011811024,
  0.39264738 -0.2939897 0.011811024,0.39370079 -0.29396325 0.011811024,
  0.39055118 -0.29420082 0.023622047,0.39055118 -0.29420082 0.13582677,
  0.39055118 -0.29420082 0.1476378,0.37294098 -0.31181102 0.1476378,
  0.37439792 -0.30669692 0.1476378,0.37709286 -0.30211281 0.1476378,
  0.38085297 -0.2983527 0.1476378,0.38543707 -0.29565776 0.1476378,
  0.37294098 -0.31181102 0.13582677,0.37294098 -0.31181102 0.023622047,
  0.37294098 -0.31181102 0.011811024,0.37270341 -0.31496063 0.011811024,
  0.37272985 -0.31390723 0.011811024,0.37280911 -0.31285648 0.011811024,
  0.37270341 -0.31496063 0.18582677,0.37341888 -0.30952611 0.18582677,
  0.37551653 -0.30446194 0.18582677,0.3788534 -0.30011324 0.18582677,
  0.3832021 -0.29677637 0.18582677,0.38826627 -0.29467872 0.18582677,
  0.39370079 -0.29396325 0.18582677] }
 coordIndex [
  7,19,18,-1,12,7,18,-1,8,19,7,-1,15,12,18,-1,20,19,8,-1,16,12,15,-1,13,16,17,-1,13,12,16,-1,
  14,13,17,-1,9,20,8,-1,21,20,9,-1,10,21,9,-1,22,21,10,-1,11,22,10,-1,23,22,11,-1,6,23,11,-1,
  24,6,5,-1,24,23,6,-1,1,4,0,-1,2,5,4,-1,2,4,1,-1,3,24,5,-1,3,5,2,-1]
  normalPerVertex TRUE
  normal DEF NORM_99 Normal { vector [
  0 0 1,0.10021011 -0.99496378 -0.0022386162,
  0.073571369 -0.99728978 -0.00058710894,0.065598304 -0.99784608 -0.00024548374,
  0.10021036 -0.99496625 -0.00021320208,0.07456024 -0.9972165 -0.00017506613,
  0.19130883 -0.98152988 -0.00017278187,0.98152988 -0.19130883 -0.00017278187,
  0.92087897 -0.38984638 0.0013126306,0.7917741 -0.61081259 0.001323553,
  0.61081259 -0.7917741 0.001323553,0.38984638 -0.92087897 0.0013126306,
  0.9972165 -0.07456024 -0.00017506613,0.99496625 -0.10021036 -0.00021320208,
  0 0 1,0.99784608 -0.065598304 -0.00024548374,
  0.99728978 -0.073571369 -0.00058710894,0.99496378 -0.10021011 -0.0022386162,
  0.9959608 -0.089780968 -0.001208985,0.96457366 -0.26380818 -0.0017052975,
  0.86472894 -0.5022359 -0.0017230656,0.70710572 -0.70710572 -0.0017289883,
  0.5022359 -0.86472894 -0.0017230656,0.26380818 -0.96457366 -0.0017052975,
  0.089780968 -0.9959608 -0.001208985] }
}
}
DEF SHAPE_100 Shape {
 appearance USE APP_3
 geometry DEF FACE_100 IndexedFaceSet {
  coord DEF COORD_100 Coordinate { point [
  -0.37270341 -0.31496063 0.011811024,-0.37270341 -0.31496063 0.18582677,
  -0.37294098 -0.31181102 0.011811024,-0.37280911 -0.31285648 0.011811024,
  -0.37272985 -0.31390723 0.011811024,-0.37294098 -0.31181102 0.023622047,
  -0.37294098 -0.31181102 0.13582677,-0.37294098 -0.31181102 0.1476378,
  -0.39055118 -0.29420082 0.1476378,-0.38543707 -0.29565776 0.1476378,
  -0.38085297 -0.2983527 0.1476378,-0.37709286 -0.30211281 0.1476378,
  -0.37439792 -0.30669692 0.1476378,-0.39055118 -0.29420082 0.13582677,
  -0.39055118 -0.29420082 0.023622047,-0.39055118 -0.29420082 0.011811024,
  -0.39370079 -0.29396325 0.011811024,-0.39264738 -0.2939897 0.011811024,
  -0.39159663 -0.29406895 0.011811024,-0.39370079 -0.29396325 0.18582677,
  -0.38826627 -0.29467872 0.18582677,-0.3832021 -0.29677637 0.18582677,
  -0.3788534 -0.30011324 0.18582677,-0.37551653 -0.30446194 0.18582677,
  -0.37341888 -0.30952611 0.18582677] }
 coordIndex [
  8,20,19,-1,13,8,19,-1,9,20,8,-1,16,13,19,-1,21,20,9,-1,17,13,16,-1,14,17,18,-1,14,13,17,-1,
  15,14,18,-1,10,21,9,-1,22,21,10,-1,11,22,10,-1,23,22,11,-1,12,23,11,-1,24,23,12,-1,7,24,12,-1,
  1,7,6,-1,1,24,7,-1,3,5,2,-1,4,6,5,-1,4,5,3,-1,0,1,6,-1,0,6,4,-1]
  normalPerVertex TRUE
  normal DEF NORM_100 Normal { vector [
  -0.99784608 -0.065598304 -0.00024548374,-0.9959608 -0.089780968 -0.001208985,
  0 0 1,-0.99496378 -0.10021011 -0.0022386162,
  -0.99728978 -0.073571369 -0.00058710894,-0.99496625 -0.10021036 -0.00021320208,
  -0.9972165 -0.07456024 -0.00017506613,-0.98152988 -0.19130883 -0.00017278187,
  -0.19130883 -0.98152988 -0.00017278187,-0.38984638 -0.92087897 0.0013126306,
  -0.61081259 -0.7917741 0.001323553,-0.7917741 -0.61081259 0.001323553,
  -0.92087897 -0.38984638 0.0013126306,-0.07456024 -0.9972165 -0.00017506613,
  -0.10021036 -0.99496625 -0.00021320208,0 0 1,
  -0.065598304 -0.99784608 -0.00024548374,-0.073571369 -0.99728978 -0.00058710894,
  -0.10021011 -0.99496378 -0.0022386162,-0.089780968 -0.9959608 -0.001208985,
  -0.26380818 -0.96457366 -0.0017052975,-0.5022359 -0.86472894 -0.0017230656,
  -0.70710572 -0.70710572 -0.0017289883,-0.86472894 -0.5022359 -0.0017230656,
  -0.96457366 -0.26380818 -0.0017052975] }
}
}
DEF SHAPE_101 Shape {
 appearance USE APP_3
 geometry DEF FACE_101 IndexedFaceSet {
  coord DEF COORD_101 Coordinate { point [
  0.37270341 -0.31496063 0.18582677,0.37270341 -0.31496063 0.011811024,
  -0.37270341 -0.31496063 0.011811024,-0.37270341 -0.31496063 0.18582677] }
 coordIndex [
  1,3,2,-1,1,0,3,-1]
  normalPerVertex TRUE
  normal DEF NORM_101 Normal { vector [
  0 -1 0,0 -1 0,
  0 -1 0,0 -1 0] }
}
}
DEF SHAPE_102 Shape {
 appearance USE APP_3
 geometry DEF FACE_102 IndexedFaceSet {
  coord DEF COORD_102 Coordinate { point [
  0.37294098 0.31181102 0.011811024,0.37280911 0.31285648 0.011811024,
  0.37272985 0.31390723 0.011811024,0.37270341 0.31496063 0.011811024,
  -0.37270341 0.31496063 0.011811024,-0.37272985 0.31390723 0.011811024,
  -0.37280911 0.31285648 0.011811024,-0.37294098 0.31181102 0.011811024] }
 coordIndex [
  1,7,6,-1,1,0,7,-1,2,5,4,-1,2,6,5,-1,2,1,6,-1,3,2,4,-1]
  normalPerVertex TRUE
  normal DEF NORM_102 Normal { vector [
  0 0 -1,0 0 -1,
  0 0 -1,0 0 -1,
  0 0 -1,0 0 -1,
  0 0 -1,0 0 -1] }
}
}
DEF SHAPE_103 Shape {
 appearance USE APP_2
 geometry DEF FACE_103 IndexedFaceSet {
  coord DEF COORD_103 Coordinate { point [
  0.39055118 0.31181102 0.011811024,0.37294098 0.31181102 0.011811024,
  0.39055118 0.31181102 0.13582677,0.37294098 0.31181102 0.13582677,
  0.37294098 0.31181102 0.023622047] }
 coordIndex [
  4,2,0,-1,4,3,2,-1,1,4,0,-1]
  normalPerVertex TRUE
  normal DEF NORM_103 Normal { vector [
  0 1 0,0 1 0,
  0 1 0,0 1 0,
  0 1 0] }
}
}
DEF SHAPE_104 Shape {
 appearance USE APP_3
 geometry DEF FACE_104 IndexedFaceSet {
  coord DEF COORD_104 Coordinate { point [
  0.37294098 0.31181102 0.13582677,-0.37294098 0.31181102 0.13582677,
  0.37294098 0.31181102 0.1476378,-0.37294098 0.31181102 0.1476378] }
 coordIndex [
  1,0,2,-1,1,2,3,-1]
  normalPerVertex TRUE
  normal DEF NORM_104 Normal { vector [
  0 -1 0,0 -1 0,
  0 -1 0,0 -1 0] }
}
}
DEF SHAPE_105 Shape {
 appearance USE APP_3
 geometry DEF FACE_105 IndexedFaceSet {
  coord DEF COORD_105 Coordinate { point [
  0.37294098 0.31181102 0.1476378,-0.37294098 0.31181102 0.1476378,
  -0.37439792 0.30669692 0.1476378,-0.37709286 0.30211281 0.1476378,
  -0.38085297 0.2983527 0.1476378,-0.38543707 0.29565776 0.1476378,
  -0.39055118 0.29420082 0.1476378,-0.39055118 -0.29420082 0.1476378,
  -0.38543707 -0.29565776 0.1476378,-0.38085297 -0.2983527 0.1476378,
  -0.37709286 -0.30211281 0.1476378,-0.37439792 -0.30669692 0.1476378,
  -0.37294098 -0.31181102 0.1476378,0.37294098 -0.31181102 0.1476378,
  0.37439792 -0.30669692 0.1476378,0.37709286 -0.30211281 0.1476378,
  0.38085297 -0.2983527 0.1476378,0.38543707 -0.29565776 0.1476378,
  0.39055118 -0.29420082 0.1476378,0.39055118 0.29420082 0.1476378,
  0.38543707 0.29565776 0.1476378,0.38085297 0.2983527 0.1476378,
  0.37709286 0.30211281 0.1476378,0.37439792 0.30669692 0.1476378,
  0.3191601 -0.29606299 0.1476378,0.33356158 -0.294167 0.1476378,
  0.34698163 -0.28860824 0.1476378,0.35850568 -0.27976552 0.1476378,
  0.3673484 -0.26824147 0.1476378,0.37290716 -0.25482143 0.1476378,
  0.37480315 -0.24041995 0.1476378,-0.3191601 -0.29606299 0.1476378,
  -0.37480315 -0.24041995 0.1476378,-0.37290716 -0.25482143 0.1476378,
  -0.3673484 -0.26824147 0.1476378,-0.35850568 -0.27976552 0.1476378,
  -0.34698163 -0.28860824 0.1476378,-0.33356158 -0.294167 0.1476378,
  -0.37480315 0.24041995 0.1476378,-0.3191601 0.29606299 0.1476378,
  -0.33356158 0.294167 0.1476378,-0.34698163 0.28860824 0.1476378,
  -0.35850568 0.27976552 0.1476378,-0.3673484 0.26824147 0.1476378,
  -0.37290716 0.25482143 0.1476378,0.3191601 0.29606299 0.1476378,
  0.37480315 0.24041995 0.1476378,0.37290716 0.25482143 0.1476378,
  0.3673484 0.26824147 0.1476378,0.35850568 0.27976552 0.1476378,
  0.34698163 0.28860824 0.1476378,0.33356158 0.294167 0.1476378] }
 coordIndex [
  35,10,9,-1,34,8,7,-1,34,9,8,-1,34,35,9,-1,36,11,10,-1,36,12,11,-1,36,10,35,-1,37,12,36,-1,
  33,34,7,-1,31,12,37,-1,32,33,7,-1,38,32,7,-1,6,43,44,-1,6,44,38,-1,6,38,7,-1,5,43,6,-1,
  4,43,5,-1,42,43,4,-1,3,42,4,-1,41,2,1,-1,41,3,2,-1,41,42,3,-1,40,41,1,-1,39,40,1,-1,
  13,24,25,-1,13,25,26,-1,13,31,24,-1,13,12,31,-1,14,13,26,-1,15,14,26,-1,27,15,26,-1,16,15,27,-1,
  28,17,16,-1,28,18,17,-1,28,16,27,-1,29,18,28,-1,30,18,29,-1,21,48,49,-1,22,21,49,-1,22,49,50,-1,
  20,48,21,-1,23,22,50,-1,0,50,51,-1,0,51,45,-1,0,23,50,-1,19,18,30,-1,19,48,20,-1,19,46,47,-1,
  19,47,48,-1,19,30,46,-1,0,39,1,-1,0,45,39,-1]
  normalPerVertex TRUE
  normal DEF NORM_105 Normal { vector [
  0 0 -1,0 0 -1,
  0 0 -1,0 0 -1,
  0 0 -1,0 0 -1,
  0 0 -1,0 0 -1,
  0 0 -1,0 0 -1,
  0 0 -1,0 0 -1,
  0 0 -1,0 0 -1,
  0 0 -1,0 0 -1,
  0 0 -1,0 0 -1,
  0 0 -1,0 0 -1,
  0 0 -1,0 0 -1,
  0 0 -1,0 0 -1,
  0 0 -1,0 0 -1,
  0 0 -1,0 0 -1,
  0 0 -1,0 0 -1,
  0 0 -1,0 0 -1,
  0 0 -1,0 0 -1,
  0 0 -1,0 0 -1,
  0 0 -1,0 0 -1,
  0 0 -1,0 0 -1,
  0 0 -1,0 0 -1,
  0 0 -1,0 0 -1,
  0 0 -1,0 0 -1,
  0 0 -1,0 0 -1,
  0 0 -1,0 0 -1,
  0 0 -1,0 0 -1] }
}
}
DEF SHAPE_106 Shape {
 appearance USE APP_3
 geometry DEF FACE_106 IndexedFaceSet {
  coord DEF COORD_106 Coordinate { point [
  0.39055118 -0.29420082 0.13582677,0.39055118 0.29420082 0.13582677,
  0.39055118 -0.29420082 0.1476378,0.39055118 0.29420082 0.1476378] }
 coordIndex [
  1,0,2,-1,1,2,3,-1]
  normalPerVertex TRUE
  normal DEF NORM_106 Normal { vector [
  -1 0 0,-1 0 0,
  -1 0 0,-1 0 0] }
}
}
DEF SHAPE_107 Shape {
 appearance USE APP_2
 geometry DEF FACE_107 IndexedFaceSet {
  coord DEF COORD_107 Coordinate { point [
  0.39055118 0.29420082 0.011811024,0.39055118 0.31181102 0.011811024,
  0.39055118 0.29420082 0.023622047,0.39055118 0.29420082 0.13582677,
  0.39055118 0.31181102 0.13582677] }
 coordIndex [
  2,4,3,-1,1,2,0,-1,1,4,2,-1]
  normalPerVertex TRUE
  normal DEF NORM_107 Normal { vector [
  1 0 0,1 0 0,
  1 0 0,1 0 0,
  1 0 0] }
}
}
DEF SHAPE_108 Shape {
 appearance USE APP_3
 geometry DEF FACE_108 IndexedFaceSet {
  coord DEF COORD_108 Coordinate { point [
  0.39370079 0.29396325 0.011811024,0.39264738 0.2939897 0.011811024,
  0.39159663 0.29406895 0.011811024,0.39055118 0.29420082 0.011811024,
  0.39055118 -0.29420082 0.011811024,0.39159663 -0.29406895 0.011811024,
  0.39264738 -0.2939897 0.011811024,0.39370079 -0.29396325 0.011811024] }
 coordIndex [
  2,4,3,-1,2,5,4,-1,1,6,5,-1,1,5,2,-1,0,7,6,-1,0,6,1,-1]
  normalPerVertex TRUE
  normal DEF NORM_108 Normal { vector [
  0 0 -1,0 0 -1,
  0 0 -1,0 0 -1,
  0 0 -1,0 0 -1,
  0 0 -1,0 0 -1] }
}
}
DEF SHAPE_109 Shape {
 appearance USE APP_3
 geometry DEF FACE_109 IndexedFaceSet {
  coord DEF COORD_109 Coordinate { point [
  -0.39055118 0.29420082 0.011811024,-0.39055118 -0.29420082 0.011811024,
  -0.39159663 0.29406895 0.011811024,-0.39264738 0.2939897 0.011811024,
  -0.39370079 0.29396325 0.011811024,-0.39370079 -0.29396325 0.011811024,
  -0.39264738 -0.2939897 0.011811024,-0.39159663 -0.29406895 0.011811024] }
 coordIndex [
  3,5,4,-1,3,6,5,-1,2,7,6,-1,2,6,3,-1,0,1,7,-1,0,7,2,-1]
  normalPerVertex TRUE
  normal DEF NORM_109 Normal { vector [
  0 0 -1,0 0 -1,
  0 0 -1,0 0 -1,
  0 0 -1,0 0 -1,
  0 0 -1,0 0 -1] }
}
}
DEF SHAPE_110 Shape {
 appearance USE APP_2
 geometry DEF FACE_110 IndexedFaceSet {
  coord DEF COORD_110 Coordinate { point [
  -0.39055118 0.31181102 0.011811024,-0.39055118 0.29420082 0.011811024,
  -0.39055118 0.31181102 0.13582677,-0.39055118 0.29420082 0.13582677,
  -0.39055118 0.29420082 0.023622047] }
 coordIndex [
  4,2,0,-1,4,3,2,-1,1,4,0,-1]
  normalPerVertex TRUE
  normal DEF NORM_110 Normal { vector [
  -1 0 0,-1 0 0,
  -1 0 0,-1 0 0,
  -1 0 0] }
}
}
DEF SHAPE_111 Shape {
 appearance USE APP_3
 geometry DEF FACE_111 IndexedFaceSet {
  coord DEF COORD_111 Coordinate { point [
  -0.39055118 0.29420082 0.13582677,-0.39055118 -0.29420082 0.13582677,
  -0.39055118 0.29420082 0.1476378,-0.39055118 -0.29420082 0.1476378] }
 coordIndex [
  1,0,2,-1,1,2,3,-1]
  normalPerVertex TRUE
  normal DEF NORM_111 Normal { vector [
  1 0 0,1 0 0,
  1 0 0,1 0 0] }
}
}
DEF SHAPE_112 Shape {
 appearance USE APP_2
 geometry DEF FACE_112 IndexedFaceSet {
  coord DEF COORD_112 Coordinate { point [
  -0.37294098 0.31181102 0.011811024,-0.39055118 0.31181102 0.011811024,
  -0.37294098 0.31181102 0.023622047,-0.37294098 0.31181102 0.13582677,
  -0.39055118 0.31181102 0.13582677] }
 coordIndex [
  2,4,3,-1,1,2,0,-1,1,4,2,-1]
  normalPerVertex TRUE
  normal DEF NORM_112 Normal { vector [
  0 1 0,0 1 0,
  0 1 0,0 1 0,
  0 1 0] }
}
}
DEF SHAPE_113 Shape {
 appearance USE APP_2
 geometry DEF FACE_113 IndexedFaceSet {
  coord DEF COORD_113 Coordinate { point [
  0.39055118 -0.31181102 0.011811024,0.39055118 -0.29420082 0.011811024,
  0.39055118 -0.31181102 0.13582677,0.39055118 -0.29420082 0.13582677,
  0.39055118 -0.29420082 0.023622047] }
 coordIndex [
  4,2,0,-1,4,3,2,-1,1,4,0,-1]
  normalPerVertex TRUE
  normal DEF NORM_113 Normal { vector [
  1 0 0,1 0 0,
  1 0 0,1 0 0,
  1 0 0] }
}
}
DEF SHAPE_114 Shape {
 appearance USE APP_3
 geometry DEF FACE_114 IndexedFaceSet {
  coord DEF COORD_114 Coordinate { point [
  -0.37294098 -0.31181102 0.13582677,0.37294098 -0.31181102 0.13582677,
  -0.37294098 -0.31181102 0.1476378,0.37294098 -0.31181102 0.1476378] }
 coordIndex [
  1,0,2,-1,1,2,3,-1]
  normalPerVertex TRUE
  normal DEF NORM_114 Normal { vector [
  0 1 0,0 1 0,
  0 1 0,0 1 0] }
}
}
DEF SHAPE_115 Shape {
 appearance USE APP_2
 geometry DEF FACE_115 IndexedFaceSet {
  coord DEF COORD_115 Coordinate { point [
  0.37294098 -0.31181102 0.011811024,0.39055118 -0.31181102 0.011811024,
  0.37294098 -0.31181102 0.023622047,0.37294098 -0.31181102 0.13582677,
  0.39055118 -0.31181102 0.13582677] }
 coordIndex [
  2,4,3,-1,1,2,0,-1,1,4,2,-1]
  normalPerVertex TRUE
  normal DEF NORM_115 Normal { vector [
  0 -1 0,0 -1 0,
  0 -1 0,0 -1 0,
  0 -1 0] }
}
}
DEF SHAPE_116 Shape {
 appearance USE APP_3
 geometry DEF FACE_116 IndexedFaceSet {
  coord DEF COORD_116 Coordinate { point [
  0.37270341 -0.31496063 0.011811024,0.37272985 -0.31390723 0.011811024,
  0.37280911 -0.31285648 0.011811024,0.37294098 -0.31181102 0.011811024,
  -0.37294098 -0.31181102 0.011811024,-0.37280911 -0.31285648 0.011811024,
  -0.37272985 -0.31390723 0.011811024,-0.37270341 -0.31496063 0.011811024] }
 coordIndex [
  1,7,6,-1,1,0,7,-1,2,5,4,-1,2,6,5,-1,2,1,6,-1,3,2,4,-1]
  normalPerVertex TRUE
  normal DEF NORM_116 Normal { vector [
  0 0 -1,0 0 -1,
  0 0 -1,0 0 -1,
  0 0 -1,0 0 -1,
  0 0 -1,0 0 -1] }
}
}
DEF SHAPE_117 Shape {
 appearance USE APP_2
 geometry DEF FACE_117 IndexedFaceSet {
  coord DEF COORD_117 Coordinate { point [
  -0.39055118 -0.31181102 0.011811024,-0.37294098 -0.31181102 0.011811024,
  -0.39055118 -0.31181102 0.13582677,-0.37294098 -0.31181102 0.13582677,
  -0.37294098 -0.31181102 0.023622047] }
 coordIndex [
  4,2,0,-1,4,3,2,-1,1,4,0,-1]
  normalPerVertex TRUE
  normal DEF NORM_117 Normal { vector [
  0 -1 0,0 -1 0,
  0 -1 0,0 -1 0,
  0 -1 0] }
}
}
DEF SHAPE_118 Shape {
 appearance USE APP_2
 geometry DEF FACE_118 IndexedFaceSet {
  coord DEF COORD_118 Coordinate { point [
  -0.39055118 -0.29420082 0.011811024,-0.39055118 -0.31181102 0.011811024,
  -0.39055118 -0.29420082 0.023622047,-0.39055118 -0.29420082 0.13582677,
  -0.39055118 -0.31181102 0.13582677] }
 coordIndex [
  2,4,3,-1,1,2,0,-1,1,4,2,-1]
  normalPerVertex TRUE
  normal DEF NORM_118 Normal { vector [
  -1 0 0,-1 0 0,
  -1 0 0,-1 0 0,
  -1 0 0] }
}
}
DEF SHAPE_119 Shape {
 appearance USE APP_3
 geometry DEF FACE_119 IndexedFaceSet {
  coord DEF COORD_119 Coordinate { point [
  -0.39055118 -0.29420082 0.011811024,-0.38543707 -0.29565776 0.011811024,
  -0.38085297 -0.2983527 0.011811024,-0.37709286 -0.30211281 0.011811024,
  -0.37439792 -0.30669692 0.011811024,-0.37294098 -0.31181102 0.011811024,
  0.37294098 -0.31181102 0.011811024,0.37439792 -0.30669692 0.011811024,
  0.37709286 -0.30211281 0.011811024,0.38085297 -0.2983527 0.011811024,
  0.38543707 -0.29565776 0.011811024,0.39055118 -0.29420082 0.011811024,
  0.39055118 0.29420082 0.011811024,0.38543707 0.29565776 0.011811024,
  0.38085297 0.2983527 0.011811024,0.37709286 0.30211281 0.011811024,
  0.37439792 0.30669692 0.011811024,0.37294098 0.31181102 0.011811024,
  -0.37294098 0.31181102 0.011811024,-0.37439792 0.30669692 0.011811024,
  -0.37709286 0.30211281 0.011811024,-0.38085297 0.2983527 0.011811024,
  -0.38543707 0.29565776 0.011811024,-0.39055118 0.29420082 0.011811024,
  -0.36220472 -0.28543307 0.011811024,-0.13779528 -0.28543307 0.011811024,
  -0.36220472 -0.098425197 0.011811024,-0.13779528 -0.098425197 0.011811024,
  0.13779528 -0.28543307 0.011811024,0.36220472 -0.28543307 0.011811024,
  0.13779528 -0.098425197 0.011811024,0.36220472 -0.098425197 0.011811024,
  -0.36220472 0.098425197 0.011811024,-0.13779528 0.098425197 0.011811024,
  -0.36220472 0.28543307 0.011811024,-0.13779528 0.28543307 0.011811024,
  0.13779528 0.098425197 0.011811024,0.36220472 0.098425197 0.011811024,
  0.13779528 0.28543307 0.011811024,0.36220472 0.28543307 0.011811024] }
 coordIndex [
  24,1,0,-1,24,2,1,-1,24,3,2,-1,24,4,3,-1,24,5,4,-1,26,24,0,-1,25,5,24,-1,34,22,21,-1,
  34,23,22,-1,34,32,23,-1,20,34,21,-1,19,34,20,-1,18,34,19,-1,33,27,26,-1,33,26,32,-1,30,25,27,-1,
  30,28,25,-1,6,25,28,-1,6,5,25,-1,29,7,6,-1,29,8,7,-1,29,6,28,-1,9,8,29,-1,10,9,29,-1,
  11,10,29,-1,35,34,18,-1,36,30,27,-1,36,27,33,-1,31,11,29,-1,38,33,35,-1,38,36,33,-1,37,30,36,-1,
  37,31,30,-1,14,39,15,-1,16,15,39,-1,13,39,14,-1,12,39,13,-1,12,37,39,-1,17,16,39,-1,17,39,38,-1,
  11,37,12,-1,11,31,37,-1,17,35,18,-1,17,38,35,-1,23,26,0,-1,23,32,26,-1]
  normalPerVertex TRUE
  normal DEF NORM_119 Normal { vector [
  0 0 -1,0 0 -1,
  0 0 -1,0 0 -1,
  0 0 -1,0 0 -1,
  0 0 -1,0 0 -1,
  0 0 -1,0 0 -1,
  0 0 -1,0 0 -1,
  0 0 -1,0 0 -1,
  0 0 -1,0 0 -1,
  0 0 -1,0 0 -1,
  0 0 -1,0 0 -1,
  0 0 -1,0 0 -1,
  0 0 -1,0 0 -1,
  0 0 -1,0 0 -1,
  0 0 -1,0 0 -1,
  0 0 -1,0 0 -1,
  0 0 -1,0 0 -1,
  0 0 -1,0 0 -1,
  0 0 -1,0 0 -1,
  0 0 -1,0 0 -1,
  0 0 -1,0 0 -1] }
}
}
DEF SHAPE_120 Shape {
 appearance USE APP_2
 geometry DEF FACE_120 IndexedFaceSet {
  coord DEF COORD_120 Coordinate { point [
  0.39055118 0.29420082 0.011811024,0.38543707 0.29565776 0.011811024,
  0.38085297 0.2983527 0.011811024,0.37709286 0.30211281 0.011811024,
  0.37439792 0.30669692 0.011811024,0.37294098 0.31181102 0.011811024,
  0.39055118 0.31181102 0.011811024] }
 coordIndex [
  6,0,1,-1,6,1,2,-1,6,2,3,-1,6,3,4,-1,6,4,5,-1]
  normalPerVertex TRUE
  normal DEF NORM_120 Normal { vector [
  0 0 -1,0 0 -1,
  0 0 -1,0 0 -1,
  0 0 -1,0 0 -1,
  0 0 -1] }
}
}
DEF SHAPE_121 Shape {
 appearance USE APP_2
 geometry DEF FACE_121 IndexedFaceSet {
  coord DEF COORD_121 Coordinate { point [
  -0.39055118 -0.31181102 0.13582677,-0.37294098 -0.31181102 0.13582677,
  0.37294098 -0.31181102 0.13582677,0.39055118 -0.31181102 0.13582677,
  0.39055118 -0.29420082 0.13582677,0.39055118 0.29420082 0.13582677,
  0.39055118 0.31181102 0.13582677,0.37294098 0.31181102 0.13582677,
  -0.37294098 0.31181102 0.13582677,-0.39055118 0.31181102 0.13582677,
  -0.39055118 0.29420082 0.13582677,-0.39055118 -0.29420082 0.13582677,
  0.3191601 -0.29606299 0.13582677,0.33356158 -0.294167 0.13582677,
  0.34698163 -0.28860824 0.13582677,0.35850568 -0.27976552 0.13582677,
  0.3673484 -0.26824147 0.13582677,0.37290716 -0.25482143 0.13582677,
  0.37480315 -0.24041995 0.13582677,-0.3191601 -0.29606299 0.13582677,
  -0.37480315 -0.24041995 0.13582677,-0.37290716 -0.25482143 0.13582677,
  -0.3673484 -0.26824147 0.13582677,-0.35850568 -0.27976552 0.13582677,
  -0.34698163 -0.28860824 0.13582677,-0.33356158 -0.294167 0.13582677,
  -0.37480315 0.24041995 0.13582677,-0.3191601 0.29606299 0.13582677,
  -0.33356158 0.294167 0.13582677,-0.34698163 0.28860824 0.13582677,
  -0.35850568 0.27976552 0.13582677,-0.3673484 0.26824147 0.13582677,
  -0.37290716 0.25482143 0.13582677,0.3191601 0.29606299 0.13582677,
  0.37480315 0.24041995 0.13582677,0.37290716 0.25482143 0.13582677,
  0.3673484 0.26824147 0.13582677,0.35850568 0.27976552 0.13582677,
  0.34698163 0.28860824 0.13582677,0.33356158 0.294167 0.13582677] }
 coordIndex [
  11,0,1,-1,23,11,1,-1,24,23,1,-1,22,11,23,-1,25,24,1,-1,21,11,22,-1,19,25,1,-1,20,11,21,-1,
  10,20,26,-1,10,32,31,-1,10,26,32,-1,10,11,20,-1,30,10,31,-1,8,9,10,-1,8,10,30,-1,29,8,30,-1,
  28,8,29,-1,27,8,28,-1,2,13,12,-1,2,14,13,-1,2,12,19,-1,2,19,1,-1,15,14,2,-1,4,2,3,-1,
  4,15,2,-1,16,15,4,-1,17,16,4,-1,18,17,4,-1,34,18,4,-1,7,38,37,-1,7,39,38,-1,7,33,39,-1,
  5,7,37,-1,5,35,34,-1,5,36,35,-1,5,37,36,-1,5,34,4,-1,6,7,5,-1,7,8,27,-1,7,27,33,-1]
  normalPerVertex TRUE
  normal DEF NORM_121 Normal { vector [
  0 0 1,0 0 1,
  0 0 1,0 0 1,
  0 0 1,0 0 1,
  0 0 1,0 0 1,
  0 0 1,0 0 1,
  0 0 1,0 0 1,
  0 0 1,0 0 1,
  0 0 1,0 0 1,
  0 0 1,0 0 1,
  0 0 1,0 0 1,
  0 0 1,0 0 1,
  0 0 1,0 0 1,
  0 0 1,0 0 1,
  0 0 1,0 0 1,
  0 0 1,0 0 1,
  0 0 1,0 0 1,
  0 0 1,0 0 1,
  0 0 1,0 0 1,
  0 0 1,0 0 1,
  0 0 1,0 0 1] }
}
}
DEF SHAPE_122 Shape {
 appearance USE APP_3
 geometry DEF FACE_122 IndexedFaceSet {
  coord DEF COORD_122 Coordinate { point [
  0.3191601 -0.29291339 0.1507874,0.33274641 -0.29112472 0.1507874,
  0.34540682 -0.2858806 0.1507874,0.35627857 -0.27753841 0.1507874,
  0.36462076 -0.26666667 0.1507874,0.36986487 -0.25400625 0.1507874,
  0.37165354 -0.24041995 0.1507874,0.37480315 -0.24041995 0.1476378,
  0.37322835 -0.24041995 0.14805976,0.37207551 -0.24041995 0.1492126,
  0.3191601 -0.29606299 0.1476378,0.33356158 -0.294167 0.1476378,
  0.34698163 -0.28860824 0.1476378,0.35850568 -0.27976552 0.1476378,
  0.3673484 -0.26824147 0.1476378,0.37290716 -0.25482143 0.1476378,
  0.3191601 -0.29448819 0.14805976,0.3191601 -0.29333535 0.1492126,
  0.37138602 -0.25441384 0.14805976,0.37027246 -0.25411546 0.1492126,
  0.36598458 -0.26745407 0.14805976,0.36498619 -0.26687765 0.1492126,
  0.35739213 -0.27865197 0.14805976,0.35657695 -0.27783679 0.1492126,
  0.34619423 -0.28724442 0.14805976,0.34561781 -0.28624603 0.1492126,
  0.333154 -0.29264586 0.14805976,0.33285562 -0.2915323 0.1492126] }
 coordIndex [
  18,8,7,-1,18,7,15,-1,19,5,6,-1,19,9,8,-1,19,6,9,-1,19,8,18,-1,20,15,14,-1,20,18,15,-1,
  21,4,5,-1,21,18,20,-1,21,5,19,-1,21,19,18,-1,22,14,13,-1,22,20,14,-1,23,3,4,-1,23,20,22,-1,
  23,21,20,-1,23,4,21,-1,24,13,12,-1,24,22,13,-1,25,2,3,-1,25,3,23,-1,25,22,24,-1,25,23,22,-1,
  26,11,10,-1,26,12,11,-1,26,10,16,-1,26,24,12,-1,27,0,1,-1,27,1,2,-1,27,16,17,-1,27,17,0,-1,
  27,25,24,-1,27,2,25,-1,27,26,16,-1,27,24,26,-1]
  normalPerVertex TRUE
  normal DEF NORM_122 Normal { vector [
  -0.12615063 0.95820914 -0.25675137,-0.25 0.9330127 -0.25881905,
  -0.44565241 0.85704613 -0.25858435,-0.65228703 0.71249966 -0.25858435,
  -0.81446937 0.51939752 -0.25858435,-0.92114697 0.29089929 -0.25858435,
  -0.95820914 0.12615063 -0.25675137,-0.25866892 0.03405441 -0.96536557,
  -0.57239052 0.075356642 -0.81651116,-0.86045084 0.1132805 -0.49678152,
  -0.03405441 0.25866892 -0.96536557,-0.066987298 0.25 -0.96592583,
  -0.11975308 0.22970047 -0.96586588,-0.17512345 0.19087924 -0.96586588,
  -0.21855945 0.1390499 -0.96586588,-0.24710098 0.077744542 -0.96586588,
  -0.075356642 0.57239052 -0.81651116,-0.1132805 0.86045084 -0.49678152,
  -0.4785578 0.13822641 -0.86710777,-0.84512119 0.18704232 -0.50078473,
  -0.42647571 0.25737633 -0.86710777,-0.76791427 0.39940247 -0.50078473,
  -0.34533 0.35898648 -0.86710777,-0.63837526 0.584544 -0.50078473,
  -0.24065063 0.4361323 -0.86710777,-0.46533203 0.72984982 -0.50078473,
  -0.10855592 0.40513621 -0.90778867,-0.22388632 0.83555514 -0.50171957] }
}
}
DEF SHAPE_123 Shape {
 appearance USE APP_3
 geometry DEF FACE_123 IndexedFaceSet {
  coord DEF COORD_123 Coordinate { point [
  -0.3191601 -0.29606299 0.1476378,-0.3191601 -0.29448819 0.14805976,
  -0.3191601 -0.29333535 0.1492126,-0.3191601 -0.29291339 0.1507874,
  0.3191601 -0.29291339 0.1507874,0.3191601 -0.29606299 0.1476378,
  0.3191601 -0.29448819 0.14805976,0.3191601 -0.29333535 0.1492126] }
 coordIndex [
  6,0,1,-1,6,5,0,-1,7,1,2,-1,7,6,1,-1,4,2,3,-1,4,7,2,-1]
  normalPerVertex TRUE
  normal DEF NORM_123 Normal { vector [
  0 0.25881905 -0.96592583,0 0.57506107 -0.81811048,
  0 0.90707274 -0.42097392,0 0.96592583 -0.25881905,
  0 0.96592583 -0.25881905,0 0.25881905 -0.96592583,
  0 0.42097392 -0.90707274,0 0.81811048 -0.57506107] }
}
}
DEF SHAPE_124 Shape {
 appearance USE APP_3
 geometry DEF FACE_124 IndexedFaceSet {
  coord DEF COORD_124 Coordinate { point [
  0.37480315 -0.24041995 0.1476378,0.37322835 -0.24041995 0.14805976,
  0.37207551 -0.24041995 0.1492126,0.37165354 -0.24041995 0.1507874,
  0.37165354 0.24041995 0.1507874,0.37480315 0.24041995 0.1476378,
  0.37322835 0.24041995 0.14805976,0.37207551 0.24041995 0.1492126] }
 coordIndex [
  6,0,1,-1,6,5,0,-1,7,1,2,-1,7,6,1,-1,4,2,3,-1,4,7,2,-1]
  normalPerVertex TRUE
  normal DEF NORM_124 Normal { vector [
  -0.25881905 0 -0.96592583,-0.57506107 0 -0.81811048,
  -0.90707274 0 -0.42097392,-0.96592583 0 -0.25881905,
  -0.96592583 0 -0.25881905,-0.25881905 0 -0.96592583,
  -0.42097392 0 -0.90707274,-0.81811048 0 -0.57506107] }
}
}
DEF SHAPE_125 Shape {
 appearance USE APP_3
 geometry DEF FACE_125 IndexedFaceSet {
  coord DEF COORD_125 Coordinate { point [
  -0.37165354 -0.24041995 0.1507874,-0.36986487 -0.25400625 0.1507874,
  -0.36462076 -0.26666667 0.1507874,-0.35627857 -0.27753841 0.1507874,
  -0.34540682 -0.2858806 0.1507874,-0.33274641 -0.29112472 0.1507874,
  -0.3191601 -0.29291339 0.1507874,-0.3191601 -0.29606299 0.1476378,
  -0.3191601 -0.29448819 0.14805976,-0.3191601 -0.29333535 0.1492126,
  -0.37480315 -0.24041995 0.1476378,-0.37290716 -0.25482143 0.1476378,
  -0.3673484 -0.26824147 0.1476378,-0.35850568 -0.27976552 0.1476378,
  -0.34698163 -0.28860824 0.1476378,-0.33356158 -0.294167 0.1476378,
  -0.37322835 -0.24041995 0.14805976,-0.37207551 -0.24041995 0.1492126,
  -0.333154 -0.29264586 0.14805976,-0.33285562 -0.2915323 0.1492126,
  -0.34619423 -0.28724442 0.14805976,-0.34561781 -0.28624603 0.1492126,
  -0.35739213 -0.27865197 0.14805976,-0.35657695 -0.27783679 0.1492126,
  -0.36598458 -0.26745407 0.14805976,-0.36498619 -0.26687765 0.1492126,
  -0.37138602 -0.25441384 0.14805976,-0.37027246 -0.25411546 0.1492126] }
 coordIndex [
  18,8,7,-1,18,7,15,-1,19,5,6,-1,19,9,8,-1,19,6,9,-1,19,8,18,-1,20,15,14,-1,20,18,15,-1,
  21,4,5,-1,21,18,20,-1,21,5,19,-1,21,19,18,-1,22,14,13,-1,22,20,14,-1,23,3,4,-1,23,20,22,-1,
  23,21,20,-1,23,4,21,-1,24,13,12,-1,24,22,13,-1,25,2,3,-1,25,3,23,-1,25,22,24,-1,25,23,22,-1,
  26,11,10,-1,26,12,11,-1,26,10,16,-1,26,24,12,-1,27,0,1,-1,27,1,2,-1,27,16,17,-1,27,17,0,-1,
  27,25,24,-1,27,2,25,-1,27,26,16,-1,27,24,26,-1]
  normalPerVertex TRUE
  normal DEF NORM_125 Normal { vector [
  0.95820914 0.12615063 -0.25675137,0.9330127 0.25 -0.25881905,
  0.85704613 0.44565241 -0.25858435,0.71249966 0.65228703 -0.25858435,
  0.51939752 0.81446937 -0.25858435,0.29089929 0.92114697 -0.25858435,
  0.12615063 0.95820914 -0.25675137,0.03405441 0.25866892 -0.96536557,
  0.075356642 0.57239052 -0.81651116,0.1132805 0.86045084 -0.49678152,
  0.25866892 0.03405441 -0.96536557,0.25 0.066987298 -0.96592583,
  0.22970047 0.11975308 -0.96586588,0.19087924 0.17512345 -0.96586588,
  0.1390499 0.21855945 -0.96586588,0.077744542 0.24710098 -0.96586588,
  0.57239052 0.075356642 -0.81651116,0.86045084 0.1132805 -0.49678152,
  0.13822641 0.4785578 -0.86710777,0.18704232 0.84512119 -0.50078473,
  0.25737633 0.42647571 -0.86710777,0.39940247 0.76791427 -0.50078473,
  0.35898648 0.34533 -0.86710777,0.584544 0.63837526 -0.50078473,
  0.4361323 0.24065063 -0.86710777,0.72984982 0.46533203 -0.50078473,
  0.40513621 0.10855592 -0.90778867,0.83555514 0.22388632 -0.50171957] }
}
}
DEF SHAPE_126 Shape {
 appearance USE APP_3
 geometry DEF FACE_126 IndexedFaceSet {
  coord DEF COORD_126 Coordinate { point [
  0.37165354 0.24041995 0.1507874,0.36986487 0.25400625 0.1507874,
  0.36462076 0.26666667 0.1507874,0.35627857 0.27753841 0.1507874,
  0.34540682 0.2858806 0.1507874,0.33274641 0.29112472 0.1507874,
  0.3191601 0.29291339 0.1507874,0.3191601 0.29606299 0.1476378,
  0.3191601 0.29448819 0.14805976,0.3191601 0.29333535 0.1492126,
  0.37480315 0.24041995 0.1476378,0.37290716 0.25482143 0.1476378,
  0.3673484 0.26824147 0.1476378,0.35850568 0.27976552 0.1476378,
  0.34698163 0.28860824 0.1476378,0.33356158 0.294167 0.1476378,
  0.37322835 0.24041995 0.14805976,0.37207551 0.24041995 0.1492126,
  0.333154 0.29264586 0.14805976,0.33285562 0.2915323 0.1492126,
  0.34619423 0.28724442 0.14805976,0.34561781 0.28624603 0.1492126,
  0.35739213 0.27865197 0.14805976,0.35657695 0.27783679 0.1492126,
  0.36598458 0.26745407 0.14805976,0.36498619 0.26687765 0.1492126,
  0.37138602 0.25441384 0.14805976,0.37027246 0.25411546 0.1492126] }
 coordIndex [
  18,8,7,-1,18,7,15,-1,19,5,6,-1,19,9,8,-1,19,6,9,-1,19,8,18,-1,20,15,14,-1,20,18,15,-1,
  21,4,5,-1,21,18,20,-1,21,5,19,-1,21,19,18,-1,22,14,13,-1,22,20,14,-1,23,3,4,-1,23,20,22,-1,
  23,21,20,-1,23,4,21,-1,24,13,12,-1,24,22,13,-1,25,2,3,-1,25,3,23,-1,25,22,24,-1,25,23,22,-1,
  26,11,10,-1,26,12,11,-1,26,10,16,-1,26,24,12,-1,27,0,1,-1,27,1,2,-1,27,16,17,-1,27,17,0,-1,
  27,25,24,-1,27,2,25,-1,27,26,16,-1,27,24,26,-1]
  normalPerVertex TRUE
  normal DEF NORM_126 Normal { vector [
  -0.95820914 -0.12615063 -0.25675137,-0.9330127 -0.25 -0.25881905,
  -0.85704613 -0.44565241 -0.25858435,-0.71249966 -0.65228703 -0.25858435,
  -0.51939752 -0.81446937 -0.25858435,-0.29089929 -0.92114697 -0.25858435,
  -0.12615063 -0.95820914 -0.25675137,-0.03405441 -0.25866892 -0.96536557,
  -0.075356642 -0.57239052 -0.81651116,-0.1132805 -0.86045084 -0.49678152,
  -0.25866892 -0.03405441 -0.96536557,-0.25 -0.066987298 -0.96592583,
  -0.22970047 -0.11975308 -0.96586588,-0.19087924 -0.17512345 -0.96586588,
  -0.1390499 -0.21855945 -0.96586588,-0.077744542 -0.24710098 -0.96586588,
  -0.57239052 -0.075356642 -0.81651116,-0.86045084 -0.1132805 -0.49678152,
  -0.13822641 -0.4785578 -0.86710777,-0.18704232 -0.84512119 -0.50078473,
  -0.25737633 -0.42647571 -0.86710777,-0.39940247 -0.76791427 -0.50078473,
  -0.35898648 -0.34533 -0.86710777,-0.584544 -0.63837526 -0.50078473,
  -0.4361323 -0.24065063 -0.86710777,-0.72984982 -0.46533203 -0.50078473,
  -0.40513621 -0.10855592 -0.90778867,-0.83555514 -0.22388632 -0.50171957] }
}
}
DEF SHAPE_127 Shape {
 appearance USE APP_3
 geometry DEF FACE_127 IndexedFaceSet {
  coord DEF COORD_127 Coordinate { point [
  -0.37480315 0.24041995 0.1476378,-0.37322835 0.24041995 0.14805976,
  -0.37207551 0.24041995 0.1492126,-0.37165354 0.24041995 0.1507874,
  -0.37165354 -0.24041995 0.1507874,-0.37480315 -0.24041995 0.1476378,
  -0.37322835 -0.24041995 0.14805976,-0.37207551 -0.24041995 0.1492126] }
 coordIndex [
  6,0,1,-1,6,5,0,-1,7,1,2,-1,7,6,1,-1,4,2,3,-1,4,7,2,-1]
  normalPerVertex TRUE
  normal DEF NORM_127 Normal { vector [
  0.25881905 0 -0.96592583,0.57506107 0 -0.81811048,
  0.90707274 0 -0.42097392,0.96592583 0 -0.25881905,
  0.96592583 0 -0.25881905,0.25881905 0 -0.96592583,
  0.42097392 0 -0.90707274,0.81811048 0 -0.57506107] }
}
}
DEF SHAPE_128 Shape {
 appearance USE APP_3
 geometry DEF FACE_128 IndexedFaceSet {
  coord DEF COORD_128 Coordinate { point [
  0.3191601 0.29606299 0.1476378,0.3191601 0.29448819 0.14805976,
  0.3191601 0.29333535 0.1492126,0.3191601 0.29291339 0.1507874,
  -0.3191601 0.29291339 0.1507874,-0.3191601 0.29606299 0.1476378,
  -0.3191601 0.29448819 0.14805976,-0.3191601 0.29333535 0.1492126] }
 coordIndex [
  6,0,1,-1,6,5,0,-1,7,1,2,-1,7,6,1,-1,4,2,3,-1,4,7,2,-1]
  normalPerVertex TRUE
  normal DEF NORM_128 Normal { vector [
  0 -0.25881905 -0.96592583,0 -0.57506107 -0.81811048,
  0 -0.90707274 -0.42097392,0 -0.96592583 -0.25881905,
  0 -0.96592583 -0.25881905,0 -0.25881905 -0.96592583,
  0 -0.42097392 -0.90707274,0 -0.81811048 -0.57506107] }
}
}
DEF SHAPE_129 Shape {
 appearance USE APP_3
 geometry DEF FACE_129 IndexedFaceSet {
  coord DEF COORD_129 Coordinate { point [
  -0.3191601 0.29291339 0.1507874,-0.33274641 0.29112472 0.1507874,
  -0.34540682 0.2858806 0.1507874,-0.35627857 0.27753841 0.1507874,
  -0.36462076 0.26666667 0.1507874,-0.36986487 0.25400625 0.1507874,
  -0.37165354 0.24041995 0.1507874,-0.37480315 0.24041995 0.1476378,
  -0.37322835 0.24041995 0.14805976,-0.37207551 0.24041995 0.1492126,
  -0.3191601 0.29606299 0.1476378,-0.33356158 0.294167 0.1476378,
  -0.34698163 0.28860824 0.1476378,-0.35850568 0.27976552 0.1476378,
  -0.3673484 0.26824147 0.1476378,-0.37290716 0.25482143 0.1476378,
  -0.3191601 0.29448819 0.14805976,-0.3191601 0.29333535 0.1492126,
  -0.37138602 0.25441384 0.14805976,-0.37027246 0.25411546 0.1492126,
  -0.36598458 0.26745407 0.14805976,-0.36498619 0.26687765 0.1492126,
  -0.35739213 0.27865197 0.14805976,-0.35657695 0.27783679 0.1492126,
  -0.34619423 0.28724442 0.14805976,-0.34561781 0.28624603 0.1492126,
  -0.333154 0.29264586 0.14805976,-0.33285562 0.2915323 0.1492126] }
 coordIndex [
  18,8,7,-1,18,7,15,-1,19,5,6,-1,19,9,8,-1,19,6,9,-1,19,8,18,-1,20,15,14,-1,20,18,15,-1,
  21,4,5,-1,21,18,20,-1,21,5,19,-1,21,19,18,-1,22,14,13,-1,22,20,14,-1,23,3,4,-1,23,20,22,-1,
  23,21,20,-1,23,4,21,-1,24,13,12,-1,24,22,13,-1,25,2,3,-1,25,3,23,-1,25,22,24,-1,25,23,22,-1,
  26,11,10,-1,26,12,11,-1,26,10,16,-1,26,24,12,-1,27,0,1,-1,27,1,2,-1,27,16,17,-1,27,17,0,-1,
  27,25,24,-1,27,2,25,-1,27,26,16,-1,27,24,26,-1]
  normalPerVertex TRUE
  normal DEF NORM_129 Normal { vector [
  0.12615063 -0.95820914 -0.25675137,0.25 -0.9330127 -0.25881905,
  0.44565241 -0.85704613 -0.25858435,0.65228703 -0.71249966 -0.25858435,
  0.81446937 -0.51939752 -0.25858435,0.92114697 -0.29089929 -0.25858435,
  0.95820914 -0.12615063 -0.25675137,0.25866892 -0.03405441 -0.96536557,
  0.57239052 -0.075356642 -0.81651116,0.86045084 -0.1132805 -0.49678152,
  0.03405441 -0.25866892 -0.96536557,0.066987298 -0.25 -0.96592583,
  0.11975308 -0.22970047 -0.96586588,0.17512345 -0.19087924 -0.96586588,
  0.21855945 -0.1390499 -0.96586588,0.24710098 -0.077744542 -0.96586588,
  0.075356642 -0.57239052 -0.81651116,0.1132805 -0.86045084 -0.49678152,
  0.4785578 -0.13822641 -0.86710777,0.84512119 -0.18704232 -0.50078473,
  0.42647571 -0.25737633 -0.86710777,0.76791427 -0.39940247 -0.50078473,
  0.34533 -0.35898648 -0.86710777,0.63837526 -0.584544 -0.50078473,
  0.24065063 -0.4361323 -0.86710777,0.46533203 -0.72984982 -0.50078473,
  0.10855592 -0.40513621 -0.90778867,0.22388632 -0.83555514 -0.50171957] }
}
}
DEF SHAPE_130 Shape {
 appearance USE APP_2
 geometry DEF FACE_130 IndexedFaceSet {
  coord DEF COORD_130 Coordinate { point [
  -0.39055118 0.31181102 0.011811024,-0.39055118 0.29420082 0.011811024,
  -0.37294098 0.31181102 0.011811024,-0.37439792 0.30669692 0.011811024,
  -0.37709286 0.30211281 0.011811024,-0.38085297 0.2983527 0.011811024,
  -0.38543707 0.29565776 0.011811024] }
 coordIndex [
  0,5,6,-1,0,6,1,-1,4,5,0,-1,3,4,0,-1,2,3,0,-1]
  normalPerVertex TRUE
  normal DEF NORM_130 Normal { vector [
  0 0 -1,0 0 -1,
  0 0 -1,0 0 -1,
  0 0 -1,0 0 -1,
  0 0 -1] }
}
}
DEF SHAPE_131 Shape {
 appearance USE APP_2
 geometry DEF FACE_131 IndexedFaceSet {
  coord DEF COORD_131 Coordinate { point [
  0.37294098 -0.31181102 0.011811024,0.37439792 -0.30669692 0.011811024,
  0.37709286 -0.30211281 0.011811024,0.38085297 -0.2983527 0.011811024,
  0.38543707 -0.29565776 0.011811024,0.39055118 -0.29420082 0.011811024,
  0.39055118 -0.31181102 0.011811024] }
 coordIndex [
  6,0,1,-1,6,1,2,-1,3,6,2,-1,4,6,3,-1,5,6,4,-1]
  normalPerVertex TRUE
  normal DEF NORM_131 Normal { vector [
  0 0 -1,0 0 -1,
  0 0 -1,0 0 -1,
  0 0 -1,0 0 -1,
  0 0 -1] }
}
}
DEF SHAPE_132 Shape {
 appearance USE APP_2
 geometry DEF FACE_132 IndexedFaceSet {
  coord DEF COORD_132 Coordinate { point [
  -0.39055118 -0.29420082 0.011811024,-0.39055118 -0.31181102 0.011811024,
  -0.37294098 -0.31181102 0.011811024,-0.38543707 -0.29565776 0.011811024,
  -0.38085297 -0.2983527 0.011811024,-0.37709286 -0.30211281 0.011811024,
  -0.37439792 -0.30669692 0.011811024] }
 coordIndex [
  3,1,0,-1,6,2,1,-1,4,1,3,-1,5,6,1,-1,5,1,4,-1]
  normalPerVertex TRUE
  normal DEF NORM_132 Normal { vector [
  0 0 -1,0 0 -1,
  0 0 -1,0 0 -1,
  0 0 -1,0 0 -1,
  0 0 -1] }
}
}
DEF SHAPE_133 Shape {
 appearance DEF APP_4 Appearance {
  material Material {
   ambientIntensity 0.122244
   diffuseColor 0.824 0.81999999 0.78100002
   emissiveColor 0 0 0
   shininess 0.1
   specularColor 0.12 0.12 0.12
   transparency 0
} }
 geometry DEF FACE_133 IndexedFaceSet {
  coord DEF COORD_133 Coordinate { point [
  -0.36220472 -0.28543307 0,-0.13779528 -0.28543307 0,
  -0.36220472 -0.28543307 0.011811024,-0.13779528 -0.28543307 0.011811024] }
 coordIndex [
  1,2,0,-1,1,3,2,-1]
  normalPerVertex TRUE
  normal DEF NORM_133 Normal { vector [
  0 -1 0,0 -1 0,
  0 -1 0,0 -1 0] }
}
}
DEF SHAPE_134 Shape {
 appearance USE APP_4
 geometry DEF FACE_134 IndexedFaceSet {
  coord DEF COORD_134 Coordinate { point [
  -0.13779528 -0.28543307 0,-0.13779528 -0.098425197 0,
  -0.13779528 -0.28543307 0.011811024,-0.13779528 -0.098425197 0.011811024] }
 coordIndex [
  1,2,0,-1,1,3,2,-1]
  normalPerVertex TRUE
  normal DEF NORM_134 Normal { vector [
  1 0 0,1 0 0,
  1 0 0,1 0 0] }
}
}
DEF SHAPE_135 Shape {
 appearance USE APP_4
 geometry DEF FACE_135 IndexedFaceSet {
  coord DEF COORD_135 Coordinate { point [
  -0.13779528 -0.098425197 0,-0.36220472 -0.098425197 0,
  -0.13779528 -0.098425197 0.011811024,-0.36220472 -0.098425197 0.011811024] }
 coordIndex [
  1,2,0,-1,1,3,2,-1]
  normalPerVertex TRUE
  normal DEF NORM_135 Normal { vector [
  0 1 0,0 1 0,
  0 1 0,0 1 0] }
}
}
DEF SHAPE_136 Shape {
 appearance USE APP_4
 geometry DEF FACE_136 IndexedFaceSet {
  coord DEF COORD_136 Coordinate { point [
  -0.36220472 -0.098425197 0,-0.36220472 -0.28543307 0,
  -0.36220472 -0.098425197 0.011811024,-0.36220472 -0.28543307 0.011811024] }
 coordIndex [
  1,2,0,-1,1,3,2,-1]
  normalPerVertex TRUE
  normal DEF NORM_136 Normal { vector [
  -1 0 0,-1 0 0,
  -1 0 0,-1 0 0] }
}
}
DEF SHAPE_137 Shape {
 appearance USE APP_4
 geometry DEF FACE_137 IndexedFaceSet {
  coord DEF COORD_137 Coordinate { point [
  0.13779528 -0.28543307 0,0.36220472 -0.28543307 0,
  0.13779528 -0.28543307 0.011811024,0.36220472 -0.28543307 0.011811024] }
 coordIndex [
  1,2,0,-1,1,3,2,-1]
  normalPerVertex TRUE
  normal DEF NORM_137 Normal { vector [
  0 -1 0,0 -1 0,
  0 -1 0,0 -1 0] }
}
}
DEF SHAPE_138 Shape {
 appearance USE APP_4
 geometry DEF FACE_138 IndexedFaceSet {
  coord DEF COORD_138 Coordinate { point [
  0.36220472 -0.28543307 0,0.36220472 -0.098425197 0,
  0.36220472 -0.28543307 0.011811024,0.36220472 -0.098425197 0.011811024] }
 coordIndex [
  1,2,0,-1,1,3,2,-1]
  normalPerVertex TRUE
  normal DEF NORM_138 Normal { vector [
  1 0 0,1 0 0,
  1 0 0,1 0 0] }
}
}
DEF SHAPE_139 Shape {
 appearance USE APP_4
 geometry DEF FACE_139 IndexedFaceSet {
  coord DEF COORD_139 Coordinate { point [
  0.36220472 -0.098425197 0,0.13779528 -0.098425197 0,
  0.36220472 -0.098425197 0.011811024,0.13779528 -0.098425197 0.011811024] }
 coordIndex [
  1,2,0,-1,1,3,2,-1]
  normalPerVertex TRUE
  normal DEF NORM_139 Normal { vector [
  0 1 0,0 1 0,
  0 1 0,0 1 0] }
}
}
DEF SHAPE_140 Shape {
 appearance USE APP_4
 geometry DEF FACE_140 IndexedFaceSet {
  coord DEF COORD_140 Coordinate { point [
  0.13779528 -0.098425197 0,0.13779528 -0.28543307 0,
  0.13779528 -0.098425197 0.011811024,0.13779528 -0.28543307 0.011811024] }
 coordIndex [
  1,2,0,-1,1,3,2,-1]
  normalPerVertex TRUE
  normal DEF NORM_140 Normal { vector [
  -1 0 0,-1 0 0,
  -1 0 0,-1 0 0] }
}
}
DEF SHAPE_141 Shape {
 appearance USE APP_4
 geometry DEF FACE_141 IndexedFaceSet {
  coord DEF COORD_141 Coordinate { point [
  -0.36220472 0.098425197 0,-0.13779528 0.098425197 0,
  -0.36220472 0.098425197 0.011811024,-0.13779528 0.098425197 0.011811024] }
 coordIndex [
  1,2,0,-1,1,3,2,-1]
  normalPerVertex TRUE
  normal DEF NORM_141 Normal { vector [
  0 -1 0,0 -1 0,
  0 -1 0,0 -1 0] }
}
}
DEF SHAPE_142 Shape {
 appearance USE APP_4
 geometry DEF FACE_142 IndexedFaceSet {
  coord DEF COORD_142 Coordinate { point [
  -0.13779528 0.098425197 0,-0.13779528 0.28543307 0,
  -0.13779528 0.098425197 0.011811024,-0.13779528 0.28543307 0.011811024] }
 coordIndex [
  1,2,0,-1,1,3,2,-1]
  normalPerVertex TRUE
  normal DEF NORM_142 Normal { vector [
  1 0 0,1 0 0,
  1 0 0,1 0 0] }
}
}
DEF SHAPE_143 Shape {
 appearance USE APP_4
 geometry DEF FACE_143 IndexedFaceSet {
  coord DEF COORD_143 Coordinate { point [
  -0.13779528 0.28543307 0,-0.36220472 0.28543307 0,
  -0.13779528 0.28543307 0.011811024,-0.36220472 0.28543307 0.011811024] }
 coordIndex [
  1,2,0,-1,1,3,2,-1]
  normalPerVertex TRUE
  normal DEF NORM_143 Normal { vector [
  0 1 0,0 1 0,
  0 1 0,0 1 0] }
}
}
DEF SHAPE_144 Shape {
 appearance USE APP_4
 geometry DEF FACE_144 IndexedFaceSet {
  coord DEF COORD_144 Coordinate { point [
  -0.36220472 0.28543307 0,-0.36220472 0.098425197 0,
  -0.36220472 0.28543307 0.011811024,-0.36220472 0.098425197 0.011811024] }
 coordIndex [
  1,2,0,-1,1,3,2,-1]
  normalPerVertex TRUE
  normal DEF NORM_144 Normal { vector [
  -1 0 0,-1 0 0,
  -1 0 0,-1 0 0] }
}
}
DEF SHAPE_145 Shape {
 appearance USE APP_4
 geometry DEF FACE_145 IndexedFaceSet {
  coord DEF COORD_145 Coordinate { point [
  0.13779528 0.098425197 0,0.36220472 0.098425197 0,
  0.13779528 0.098425197 0.011811024,0.36220472 0.098425197 0.011811024] }
 coordIndex [
  1,2,0,-1,1,3,2,-1]
  normalPerVertex TRUE
  normal DEF NORM_145 Normal { vector [
  0 -1 0,0 -1 0,
  0 -1 0,0 -1 0] }
}
}
DEF SHAPE_146 Shape {
 appearance USE APP_4
 geometry DEF FACE_146 IndexedFaceSet {
  coord DEF COORD_146 Coordinate { point [
  0.36220472 0.098425197 0,0.36220472 0.28543307 0,
  0.36220472 0.098425197 0.011811024,0.36220472 0.28543307 0.011811024] }
 coordIndex [
  1,2,0,-1,1,3,2,-1]
  normalPerVertex TRUE
  normal DEF NORM_146 Normal { vector [
  1 0 0,1 0 0,
  1 0 0,1 0 0] }
}
}
DEF SHAPE_147 Shape {
 appearance USE APP_4
 geometry DEF FACE_147 IndexedFaceSet {
  coord DEF COORD_147 Coordinate { point [
  0.36220472 0.28543307 0,0.13779528 0.28543307 0,
  0.36220472 0.28543307 0.011811024,0.13779528 0.28543307 0.011811024] }
 coordIndex [
  1,2,0,-1,1,3,2,-1]
  normalPerVertex TRUE
  normal DEF NORM_147 Normal { vector [
  0 1 0,0 1 0,
  0 1 0,0 1 0] }
}
}
DEF SHAPE_148 Shape {
 appearance USE APP_4
 geometry DEF FACE_148 IndexedFaceSet {
  coord DEF COORD_148 Coordinate { point [
  0.13779528 0.28543307 0,0.13779528 0.098425197 0,
  0.13779528 0.28543307 0.011811024,0.13779528 0.098425197 0.011811024] }
 coordIndex [
  1,2,0,-1,1,3,2,-1]
  normalPerVertex TRUE
  normal DEF NORM_148 Normal { vector [
  -1 0 0,-1 0 0,
  -1 0 0,-1 0 0] }
}
}
DEF SHAPE_149 Shape {
 appearance USE APP_2
 geometry DEF FACE_149 IndexedFaceSet {
  coord DEF COORD_149 Coordinate { point [
  0.3191601 -0.29291339 0.13897638,0.33274641 -0.29112472 0.13897638,
  0.34540682 -0.2858806 0.13897638,0.35627857 -0.27753841 0.13897638,
  0.36462076 -0.26666667 0.13897638,0.36986487 -0.25400625 0.13897638,
  0.37165354 -0.24041995 0.13897638,0.37480315 -0.24041995 0.13582677,
  0.37322835 -0.24041995 0.13624874,0.37207551 -0.24041995 0.13740157,
  0.3191601 -0.29606299 0.13582677,0.33356158 -0.294167 0.13582677,
  0.34698163 -0.28860824 0.13582677,0.35850568 -0.27976552 0.13582677,
  0.3673484 -0.26824147 0.13582677,0.37290716 -0.25482143 0.13582677,
  0.3191601 -0.29448819 0.13624874,0.3191601 -0.29333535 0.13740157,
  0.37138602 -0.25441384 0.13624874,0.37027246 -0.25411546 0.13740157,
  0.36598458 -0.26745407 0.13624874,0.36498619 -0.26687765 0.13740157,
  0.35739213 -0.27865197 0.13624874,0.35657695 -0.27783679 0.13740157,
  0.34619423 -0.28724442 0.13624874,0.34561781 -0.28624603 0.13740157,
  0.333154 -0.29264586 0.13624874,0.33285562 -0.2915323 0.13740157] }
 coordIndex [
  18,7,8,-1,18,15,7,-1,19,6,5,-1,19,8,9,-1,19,9,6,-1,19,18,8,-1,20,14,15,-1,20,15,18,-1,
  21,5,4,-1,21,20,18,-1,21,19,5,-1,21,18,19,-1,22,13,14,-1,22,14,20,-1,23,4,3,-1,23,22,20,-1,
  23,20,21,-1,23,21,4,-1,24,12,13,-1,24,13,22,-1,25,3,2,-1,25,23,3,-1,25,24,22,-1,25,22,23,-1,
  26,10,11,-1,26,11,12,-1,26,16,10,-1,26,12,24,-1,27,1,0,-1,27,2,1,-1,27,17,16,-1,27,0,17,-1,
  27,24,25,-1,27,25,2,-1,27,16,26,-1,27,26,24,-1]
  normalPerVertex TRUE
  normal DEF NORM_149 Normal { vector [
  0.12615063 -0.95820914 0.25675137,0.25 -0.9330127 0.25881905,
  0.44565241 -0.85704613 0.25858435,0.65228703 -0.71249966 0.25858435,
  0.81446937 -0.51939752 0.25858435,0.92114697 -0.29089929 0.25858435,
  0.95820914 -0.12615063 0.25675137,0.25866892 -0.03405441 0.96536557,
  0.57239052 -0.075356642 0.81651116,0.86045084 -0.1132805 0.49678152,
  0.03405441 -0.25866892 0.96536557,0.066987298 -0.25 0.96592583,
  0.11975308 -0.22970047 0.96586588,0.17512345 -0.19087924 0.96586588,
  0.21855945 -0.1390499 0.96586588,0.24710098 -0.077744542 0.96586588,
  0.075356642 -0.57239052 0.81651116,0.1132805 -0.86045084 0.49678152,
  0.4785578 -0.13822641 0.86710777,0.84512119 -0.18704232 0.50078473,
  0.42647571 -0.25737633 0.86710777,0.76791427 -0.39940247 0.50078473,
  0.34533 -0.35898648 0.86710777,0.63837526 -0.584544 0.50078473,
  0.24065063 -0.4361323 0.86710777,0.46533203 -0.72984982 0.50078473,
  0.10855592 -0.40513621 0.90778867,0.22388632 -0.83555514 0.50171957] }
}
}
DEF SHAPE_150 Shape {
 appearance USE APP_2
 geometry DEF FACE_150 IndexedFaceSet {
  coord DEF COORD_150 Coordinate { point [
  -0.3191601 -0.29606299 0.13582677,-0.3191601 -0.29448819 0.13624874,
  -0.3191601 -0.29333535 0.13740157,-0.3191601 -0.29291339 0.13897638,
  0.3191601 -0.29291339 0.13897638,0.3191601 -0.29606299 0.13582677,
  0.3191601 -0.29448819 0.13624874,0.3191601 -0.29333535 0.13740157] }
 coordIndex [
  6,1,0,-1,6,0,5,-1,7,2,1,-1,7,1,6,-1,4,3,2,-1,4,2,7,-1]
  normalPerVertex TRUE
  normal DEF NORM_150 Normal { vector [
  0 -0.25881905 0.96592583,0 -0.57506107 0.81811048,
  0 -0.90707274 0.42097392,0 -0.96592583 0.25881905,
  0 -0.96592583 0.25881905,0 -0.25881905 0.96592583,
  0 -0.42097392 0.90707274,0 -0.81811048 0.57506107] }
}
}
DEF SHAPE_151 Shape {
 appearance USE APP_2
 geometry DEF FACE_151 IndexedFaceSet {
  coord DEF COORD_151 Coordinate { point [
  0.37480315 -0.24041995 0.13582677,0.37322835 -0.24041995 0.13624874,
  0.37207551 -0.24041995 0.13740157,0.37165354 -0.24041995 0.13897638,
  0.37165354 0.24041995 0.13897638,0.37480315 0.24041995 0.13582677,
  0.37322835 0.24041995 0.13624874,0.37207551 0.24041995 0.13740157] }
 coordIndex [
  6,1,0,-1,6,0,5,-1,7,2,1,-1,7,1,6,-1,4,3,2,-1,4,2,7,-1]
  normalPerVertex TRUE
  normal DEF NORM_151 Normal { vector [
  0.25881905 0 0.96592583,0.57506107 0 0.81811048,
  0.90707274 0 0.42097392,0.96592583 0 0.25881905,
  0.96592583 0 0.25881905,0.25881905 0 0.96592583,
  0.42097392 0 0.90707274,0.81811048 0 0.57506107] }
}
}
DEF SHAPE_152 Shape {
 appearance USE APP_2
 geometry DEF FACE_152 IndexedFaceSet {
  coord DEF COORD_152 Coordinate { point [
  -0.37165354 -0.24041995 0.13897638,-0.36986487 -0.25400625 0.13897638,
  -0.36462076 -0.26666667 0.13897638,-0.35627857 -0.27753841 0.13897638,
  -0.34540682 -0.2858806 0.13897638,-0.33274641 -0.29112472 0.13897638,
  -0.3191601 -0.29291339 0.13897638,-0.3191601 -0.29606299 0.13582677,
  -0.3191601 -0.29448819 0.13624874,-0.3191601 -0.29333535 0.13740157,
  -0.37480315 -0.24041995 0.13582677,-0.37290716 -0.25482143 0.13582677,
  -0.3673484 -0.26824147 0.13582677,-0.35850568 -0.27976552 0.13582677,
  -0.34698163 -0.28860824 0.13582677,-0.33356158 -0.294167 0.13582677,
  -0.37322835 -0.24041995 0.13624874,-0.37207551 -0.24041995 0.13740157,
  -0.333154 -0.29264586 0.13624874,-0.33285562 -0.2915323 0.13740157,
  -0.34619423 -0.28724442 0.13624874,-0.34561781 -0.28624603 0.13740157,
  -0.35739213 -0.27865197 0.13624874,-0.35657695 -0.27783679 0.13740157,
  -0.36598458 -0.26745407 0.13624874,-0.36498619 -0.26687765 0.13740157,
  -0.37138602 -0.25441384 0.13624874,-0.37027246 -0.25411546 0.13740157] }
 coordIndex [
  18,7,8,-1,18,15,7,-1,19,6,5,-1,19,8,9,-1,19,9,6,-1,19,18,8,-1,20,14,15,-1,20,15,18,-1,
  21,5,4,-1,21,20,18,-1,21,19,5,-1,21,18,19,-1,22,13,14,-1,22,14,20,-1,23,4,3,-1,23,22,20,-1,
  23,20,21,-1,23,21,4,-1,24,12,13,-1,24,13,22,-1,25,3,2,-1,25,23,3,-1,25,24,22,-1,25,22,23,-1,
  26,10,11,-1,26,11,12,-1,26,16,10,-1,26,12,24,-1,27,1,0,-1,27,2,1,-1,27,17,16,-1,27,0,17,-1,
  27,24,25,-1,27,25,2,-1,27,16,26,-1,27,26,24,-1]
  normalPerVertex TRUE
  normal DEF NORM_152 Normal { vector [
  -0.95820914 -0.12615063 0.25675137,-0.9330127 -0.25 0.25881905,
  -0.85704613 -0.44565241 0.25858435,-0.71249966 -0.65228703 0.25858435,
  -0.51939752 -0.81446937 0.25858435,-0.29089929 -0.92114697 0.25858435,
  -0.12615063 -0.95820914 0.25675137,-0.03405441 -0.25866892 0.96536557,
  -0.075356642 -0.57239052 0.81651116,-0.1132805 -0.86045084 0.49678152,
  -0.25866892 -0.03405441 0.96536557,-0.25 -0.066987298 0.96592583,
  -0.22970047 -0.11975308 0.96586588,-0.19087924 -0.17512345 0.96586588,
  -0.1390499 -0.21855945 0.96586588,-0.077744542 -0.24710098 0.96586588,
  -0.57239052 -0.075356642 0.81651116,-0.86045084 -0.1132805 0.49678152,
  -0.13822641 -0.4785578 0.86710777,-0.18704232 -0.84512119 0.50078473,
  -0.25737633 -0.42647571 0.86710777,-0.39940247 -0.76791427 0.50078473,
  -0.35898648 -0.34533 0.86710777,-0.584544 -0.63837526 0.50078473,
  -0.4361323 -0.24065063 0.86710777,-0.72984982 -0.46533203 0.50078473,
  -0.40513621 -0.10855592 0.90778867,-0.83555514 -0.22388632 0.50171957] }
}
}
DEF SHAPE_153 Shape {
 appearance USE APP_2
 geometry DEF FACE_153 IndexedFaceSet {
  coord DEF COORD_153 Coordinate { point [
  0.37165354 0.24041995 0.13897638,0.36986487 0.25400625 0.13897638,
  0.36462076 0.26666667 0.13897638,0.35627857 0.27753841 0.13897638,
  0.34540682 0.2858806 0.13897638,0.33274641 0.29112472 0.13897638,
  0.3191601 0.29291339 0.13897638,0.3191601 0.29606299 0.13582677,
  0.3191601 0.29448819 0.13624874,0.3191601 0.29333535 0.13740157,
  0.37480315 0.24041995 0.13582677,0.37290716 0.25482143 0.13582677,
  0.3673484 0.26824147 0.13582677,0.35850568 0.27976552 0.13582677,
  0.34698163 0.28860824 0.13582677,0.33356158 0.294167 0.13582677,
  0.37322835 0.24041995 0.13624874,0.37207551 0.24041995 0.13740157,
  0.333154 0.29264586 0.13624874,0.33285562 0.2915323 0.13740157,
  0.34619423 0.28724442 0.13624874,0.34561781 0.28624603 0.13740157,
  0.35739213 0.27865197 0.13624874,0.35657695 0.27783679 0.13740157,
  0.36598458 0.26745407 0.13624874,0.36498619 0.26687765 0.13740157,
  0.37138602 0.25441384 0.13624874,0.37027246 0.25411546 0.13740157] }
 coordIndex [
  18,7,8,-1,18,15,7,-1,19,6,5,-1,19,8,9,-1,19,9,6,-1,19,18,8,-1,20,14,15,-1,20,15,18,-1,
  21,5,4,-1,21,20,18,-1,21,19,5,-1,21,18,19,-1,22,13,14,-1,22,14,20,-1,23,4,3,-1,23,22,20,-1,
  23,20,21,-1,23,21,4,-1,24,12,13,-1,24,13,22,-1,25,3,2,-1,25,23,3,-1,25,24,22,-1,25,22,23,-1,
  26,10,11,-1,26,11,12,-1,26,16,10,-1,26,12,24,-1,27,1,0,-1,27,2,1,-1,27,17,16,-1,27,0,17,-1,
  27,24,25,-1,27,25,2,-1,27,16,26,-1,27,26,24,-1]
  normalPerVertex TRUE
  normal DEF NORM_153 Normal { vector [
  0.95820914 0.12615063 0.25675137,0.9330127 0.25 0.25881905,
  0.85704613 0.44565241 0.25858435,0.71249966 0.65228703 0.25858435,
  0.51939752 0.81446937 0.25858435,0.29089929 0.92114697 0.25858435,
  0.12615063 0.95820914 0.25675137,0.03405441 0.25866892 0.96536557,
  0.075356642 0.57239052 0.81651116,0.1132805 0.86045084 0.49678152,
  0.25866892 0.03405441 0.96536557,0.25 0.066987298 0.96592583,
  0.22970047 0.11975308 0.96586588,0.19087924 0.17512345 0.96586588,
  0.1390499 0.21855945 0.96586588,0.077744542 0.24710098 0.96586588,
  0.57239052 0.075356642 0.81651116,0.86045084 0.1132805 0.49678152,
  0.13822641 0.4785578 0.86710777,0.18704232 0.84512119 0.50078473,
  0.25737633 0.42647571 0.86710777,0.39940247 0.76791427 0.50078473,
  0.35898648 0.34533 0.86710777,0.584544 0.63837526 0.50078473,
  0.4361323 0.24065063 0.86710777,0.72984982 0.46533203 0.50078473,
  0.40513621 0.10855592 0.90778867,0.83555514 0.22388632 0.50171957] }
}
}
DEF SHAPE_154 Shape {
 appearance USE APP_2
 geometry DEF FACE_154 IndexedFaceSet {
  coord DEF COORD_154 Coordinate { point [
  -0.37480315 0.24041995 0.13582677,-0.37322835 0.24041995 0.13624874,
  -0.37207551 0.24041995 0.13740157,-0.37165354 0.24041995 0.13897638,
  -0.37165354 -0.24041995 0.13897638,-0.37480315 -0.24041995 0.13582677,
  -0.37322835 -0.24041995 0.13624874,-0.37207551 -0.24041995 0.13740157] }
 coordIndex [
  6,1,0,-1,6,0,5,-1,7,2,1,-1,7,1,6,-1,4,3,2,-1,4,2,7,-1]
  normalPerVertex TRUE
  normal DEF NORM_154 Normal { vector [
  -0.25881905 0 0.96592583,-0.57506107 0 0.81811048,
  -0.90707274 0 0.42097392,-0.96592583 0 0.25881905,
  -0.96592583 0 0.25881905,-0.25881905 0 0.96592583,
  -0.42097392 0 0.90707274,-0.81811048 0 0.57506107] }
}
}
DEF SHAPE_155 Shape {
 appearance USE APP_2
 geometry DEF FACE_155 IndexedFaceSet {
  coord DEF COORD_155 Coordinate { point [
  0.3191601 0.29606299 0.13582677,0.3191601 0.29448819 0.13624874,
  0.3191601 0.29333535 0.13740157,0.3191601 0.29291339 0.13897638,
  -0.3191601 0.29291339 0.13897638,-0.3191601 0.29606299 0.13582677,
  -0.3191601 0.29448819 0.13624874,-0.3191601 0.29333535 0.13740157] }
 coordIndex [
  6,1,0,-1,6,0,5,-1,7,2,1,-1,7,1,6,-1,4,3,2,-1,4,2,7,-1]
  normalPerVertex TRUE
  normal DEF NORM_155 Normal { vector [
  0 0.25881905 0.96592583,0 0.57506107 0.81811048,
  0 0.90707274 0.42097392,0 0.96592583 0.25881905,
  0 0.96592583 0.25881905,0 0.25881905 0.96592583,
  0 0.42097392 0.90707274,0 0.81811048 0.57506107] }
}
}
DEF SHAPE_156 Shape {
 appearance USE APP_2
 geometry DEF FACE_156 IndexedFaceSet {
  coord DEF COORD_156 Coordinate { point [
  -0.3191601 0.29291339 0.13897638,-0.33274641 0.29112472 0.13897638,
  -0.34540682 0.2858806 0.13897638,-0.35627857 0.27753841 0.13897638,
  -0.36462076 0.26666667 0.13897638,-0.36986487 0.25400625 0.13897638,
  -0.37165354 0.24041995 0.13897638,-0.37480315 0.24041995 0.13582677,
  -0.37322835 0.24041995 0.13624874,-0.37207551 0.24041995 0.13740157,
  -0.3191601 0.29606299 0.13582677,-0.33356158 0.294167 0.13582677,
  -0.34698163 0.28860824 0.13582677,-0.35850568 0.27976552 0.13582677,
  -0.3673484 0.26824147 0.13582677,-0.37290716 0.25482143 0.13582677,
  -0.3191601 0.29448819 0.13624874,-0.3191601 0.29333535 0.13740157,
  -0.37138602 0.25441384 0.13624874,-0.37027246 0.25411546 0.13740157,
  -0.36598458 0.26745407 0.13624874,-0.36498619 0.26687765 0.13740157,
  -0.35739213 0.27865197 0.13624874,-0.35657695 0.27783679 0.13740157,
  -0.34619423 0.28724442 0.13624874,-0.34561781 0.28624603 0.13740157,
  -0.333154 0.29264586 0.13624874,-0.33285562 0.2915323 0.13740157] }
 coordIndex [
  18,7,8,-1,18,15,7,-1,19,6,5,-1,19,8,9,-1,19,9,6,-1,19,18,8,-1,20,14,15,-1,20,15,18,-1,
  21,5,4,-1,21,20,18,-1,21,19,5,-1,21,18,19,-1,22,13,14,-1,22,14,20,-1,23,4,3,-1,23,22,20,-1,
  23,20,21,-1,23,21,4,-1,24,12,13,-1,24,13,22,-1,25,3,2,-1,25,23,3,-1,25,24,22,-1,25,22,23,-1,
  26,10,11,-1,26,11,12,-1,26,16,10,-1,26,12,24,-1,27,1,0,-1,27,2,1,-1,27,17,16,-1,27,0,17,-1,
  27,24,25,-1,27,25,2,-1,27,16,26,-1,27,26,24,-1]
  normalPerVertex TRUE
  normal DEF NORM_156 Normal { vector [
  -0.12615063 0.95820914 0.25675137,-0.25 0.9330127 0.25881905,
  -0.44565241 0.85704613 0.25858435,-0.65228703 0.71249966 0.25858435,
  -0.81446937 0.51939752 0.25858435,-0.92114697 0.29089929 0.25858435,
  -0.95820914 0.12615063 0.25675137,-0.25866892 0.03405441 0.96536557,
  -0.57239052 0.075356642 0.81651116,-0.86045084 0.1132805 0.49678152,
  -0.03405441 0.25866892 0.96536557,-0.066987298 0.25 0.96592583,
  -0.11975308 0.22970047 0.96586588,-0.17512345 0.19087924 0.96586588,
  -0.21855945 0.1390499 0.96586588,-0.24710098 0.077744542 0.96586588,
  -0.075356642 0.57239052 0.81651116,-0.1132805 0.86045084 0.49678152,
  -0.4785578 0.13822641 0.86710777,-0.84512119 0.18704232 0.50078473,
  -0.42647571 0.25737633 0.86710777,-0.76791427 0.39940247 0.50078473,
  -0.34533 0.35898648 0.86710777,-0.63837526 0.584544 0.50078473,
  -0.24065063 0.4361323 0.86710777,-0.46533203 0.72984982 0.50078473,
  -0.10855592 0.40513621 0.90778867,-0.22388632 0.83555514 0.50171957] }
}
}
DEF SHAPE_157 Shape {
 appearance USE APP_2
 geometry DEF FACE_157 IndexedFaceSet {
  coord DEF COORD_157 Coordinate { point [
  0.3191601 -0.29291339 0.13897638,0.3191601 -0.29291339 0.1507874,
  0.33274641 -0.29112472 0.13897638,0.34540682 -0.2858806 0.13897638,
  0.35627857 -0.27753841 0.13897638,0.36462076 -0.26666667 0.13897638,
  0.36986487 -0.25400625 0.13897638,0.37165354 -0.24041995 0.13897638,
  0.37165354 -0.24041995 0.1507874,0.33274641 -0.29112472 0.1507874,
  0.34540682 -0.2858806 0.1507874,0.35627857 -0.27753841 0.1507874,
  0.36462076 -0.26666667 0.1507874,0.36986487 -0.25400625 0.1507874] }
 coordIndex [
  9,1,0,-1,9,0,2,-1,10,2,3,-1,10,9,2,-1,11,3,4,-1,11,10,3,-1,12,4,5,-1,12,11,4,-1,
  13,5,6,-1,13,12,5,-1,8,6,7,-1,8,13,6,-1]
  normalPerVertex TRUE
  normal DEF NORM_157 Normal { vector [
  0.13052619 -0.99144486 0,0.13052619 -0.99144486 0,
  0.30091828 -0.95364993 0,0.5374875 -0.84327172 0,
  0.73742784 -0.67542593 0,0.88711369 -0.46155098 0,
  0.9763442 -0.21622209 0,0.99144486 -0.13052619 0,
  0.99144486 -0.13052619 0,0.21622209 -0.9763442 0,
  0.46155098 -0.88711369 0,0.67542593 -0.73742784 0,
  0.84327172 -0.5374875 0,0.95364993 -0.30091828 0] }
}
}
DEF SHAPE_158 Shape {
 appearance USE APP_2
 geometry DEF FACE_158 IndexedFaceSet {
  coord DEF COORD_158 Coordinate { point [
  0.3191601 -0.29291339 0.13897638,0.3191601 -0.29291339 0.1507874,
  -0.3191601 -0.29291339 0.13897638,-0.3191601 -0.29291339 0.1507874] }
 coordIndex [
  0,3,2,-1,0,1,3,-1]
  normalPerVertex TRUE
  normal DEF NORM_158 Normal { vector [
  0 -1 0,0 -1 0,
  0 -1 0,0 -1 0] }
}
}
DEF SHAPE_159 Shape {
 appearance USE APP_2
 geometry DEF FACE_159 IndexedFaceSet {
  coord DEF COORD_159 Coordinate { point [
  0.37165354 0.24041995 0.13897638,0.37165354 0.24041995 0.1507874,
  0.37165354 -0.24041995 0.13897638,0.37165354 -0.24041995 0.1507874] }
 coordIndex [
  0,3,2,-1,0,1,3,-1]
  normalPerVertex TRUE
  normal DEF NORM_159 Normal { vector [
  1 0 0,1 0 0,
  1 0 0,1 0 0] }
}
}
DEF SHAPE_160 Shape {
 appearance USE APP_2
 geometry DEF FACE_160 IndexedFaceSet {
  coord DEF COORD_160 Coordinate { point [
  -0.37165354 -0.24041995 0.1507874,-0.36986487 -0.25400625 0.1507874,
  -0.36462076 -0.26666667 0.1507874,-0.35627857 -0.27753841 0.1507874,
  -0.34540682 -0.2858806 0.1507874,-0.33274641 -0.29112472 0.1507874,
  -0.3191601 -0.29291339 0.1507874,-0.37165354 -0.24041995 0.13897638,
  -0.36986487 -0.25400625 0.13897638,-0.36462076 -0.26666667 0.13897638,
  -0.35627857 -0.27753841 0.13897638,-0.34540682 -0.2858806 0.13897638,
  -0.33274641 -0.29112472 0.13897638,-0.3191601 -0.29291339 0.13897638] }
 coordIndex [
  1,0,7,-1,1,7,8,-1,2,8,9,-1,2,1,8,-1,3,9,10,-1,3,2,9,-1,4,10,11,-1,4,3,10,-1,
  5,11,12,-1,5,4,11,-1,6,12,13,-1,6,5,12,-1]
  normalPerVertex TRUE
  normal DEF NORM_160 Normal { vector [
  -0.99144486 -0.13052619 0,-0.9763442 -0.21622209 0,
  -0.88711369 -0.46155098 0,-0.73742784 -0.67542593 0,
  -0.5374875 -0.84327172 0,-0.30091828 -0.95364993 0,
  -0.13052619 -0.99144486 0,-0.99144486 -0.13052619 0,
  -0.95364993 -0.30091828 0,-0.84327172 -0.5374875 0,
  -0.67542593 -0.73742784 0,-0.46155098 -0.88711369 0,
  -0.21622209 -0.9763442 0,-0.13052619 -0.99144486 0] }
}
}
DEF SHAPE_161 Shape {
 appearance USE APP_2
 geometry DEF FACE_161 IndexedFaceSet {
  coord DEF COORD_161 Coordinate { point [
  0.37165354 0.24041995 0.13897638,0.37165354 0.24041995 0.1507874,
  0.36986487 0.25400625 0.13897638,0.36462076 0.26666667 0.13897638,
  0.35627857 0.27753841 0.13897638,0.34540682 0.2858806 0.13897638,
  0.33274641 0.29112472 0.13897638,0.3191601 0.29291339 0.13897638,
  0.3191601 0.29291339 0.1507874,0.36986487 0.25400625 0.1507874,
  0.36462076 0.26666667 0.1507874,0.35627857 0.27753841 0.1507874,
  0.34540682 0.2858806 0.1507874,0.33274641 0.29112472 0.1507874] }
 coordIndex [
  9,1,0,-1,9,0,2,-1,10,2,3,-1,10,9,2,-1,11,3,4,-1,11,10,3,-1,12,4,5,-1,12,11,4,-1,
  13,5,6,-1,13,12,5,-1,8,6,7,-1,8,13,6,-1]
  normalPerVertex TRUE
  normal DEF NORM_161 Normal { vector [
  0.99144486 0.13052619 0,0.99144486 0.13052619 0,
  0.95364993 0.30091828 0,0.84327172 0.5374875 0,
  0.67542593 0.73742784 0,0.46155098 0.88711369 0,
  0.21622209 0.9763442 0,0.13052619 0.99144486 0,
  0.13052619 0.99144486 0,0.9763442 0.21622209 0,
  0.88711369 0.46155098 0,0.73742784 0.67542593 0,
  0.5374875 0.84327172 0,0.30091828 0.95364993 0] }
}
}
DEF SHAPE_162 Shape {
 appearance USE APP_2
 geometry DEF FACE_162 IndexedFaceSet {
  coord DEF COORD_162 Coordinate { point [
  -0.37165354 -0.24041995 0.13897638,-0.37165354 -0.24041995 0.1507874,
  -0.37165354 0.24041995 0.13897638,-0.37165354 0.24041995 0.1507874] }
 coordIndex [
  0,3,2,-1,0,1,3,-1]
  normalPerVertex TRUE
  normal DEF NORM_162 Normal { vector [
  -1 0 0,-1 0 0,
  -1 0 0,-1 0 0] }
}
}
DEF SHAPE_163 Shape {
 appearance USE APP_2
 geometry DEF FACE_163 IndexedFaceSet {
  coord DEF COORD_163 Coordinate { point [
  -0.3191601 0.29291339 0.13897638,-0.3191601 0.29291339 0.1507874,
  0.3191601 0.29291339 0.13897638,0.3191601 0.29291339 0.1507874] }
 coordIndex [
  0,3,2,-1,0,1,3,-1]
  normalPerVertex TRUE
  normal DEF NORM_163 Normal { vector [
  0 1 0,0 1 0,
  0 1 0,0 1 0] }
}
}
DEF SHAPE_164 Shape {
 appearance USE APP_2
 geometry DEF FACE_164 IndexedFaceSet {
  coord DEF COORD_164 Coordinate { point [
  -0.3191601 0.29291339 0.1507874,-0.33274641 0.29112472 0.1507874,
  -0.34540682 0.2858806 0.1507874,-0.35627857 0.27753841 0.1507874,
  -0.36462076 0.26666667 0.1507874,-0.36986487 0.25400625 0.1507874,
  -0.37165354 0.24041995 0.1507874,-0.3191601 0.29291339 0.13897638,
  -0.33274641 0.29112472 0.13897638,-0.34540682 0.2858806 0.13897638,
  -0.35627857 0.27753841 0.13897638,-0.36462076 0.26666667 0.13897638,
  -0.36986487 0.25400625 0.13897638,-0.37165354 0.24041995 0.13897638] }
 coordIndex [
  1,0,7,-1,1,7,8,-1,2,8,9,-1,2,1,8,-1,3,9,10,-1,3,2,9,-1,4,10,11,-1,4,3,10,-1,
  5,11,12,-1,5,4,11,-1,6,12,13,-1,6,5,12,-1]
  normalPerVertex TRUE
  normal DEF NORM_164 Normal { vector [
  -0.13052619 0.99144486 0,-0.21622209 0.9763442 0,
  -0.46155098 0.88711369 0,-0.67542593 0.73742784 0,
  -0.84327172 0.5374875 0,-0.95364993 0.30091828 0,
  -0.99144486 0.13052619 0,-0.13052619 0.99144486 0,
  -0.30091828 0.95364993 0,-0.5374875 0.84327172 0,
  -0.73742784 0.67542593 0,-0.88711369 0.46155098 0,
  -0.9763442 0.21622209 0,-0.99144486 0.13052619 0] }
}
}
DEF SHAPE_165 Shape {
 appearance USE APP_4
 geometry DEF FACE_165 IndexedFaceSet {
  coord DEF COORD_165 Coordinate { point [
  -0.36220472 -0.28543307 0,-0.13779528 -0.28543307 0,
  -0.13779528 -0.098425197 0,-0.36220472 -0.098425197 0] }
 coordIndex [
  2,1,0,-1,2,0,3,-1]
  normalPerVertex TRUE
  normal DEF NORM_165 Normal { vector [
  0 0 -1,0 0 -1,
  0 0 -1,0 0 -1] }
}
}
DEF SHAPE_166 Shape {
 appearance USE APP_4
 geometry DEF FACE_166 IndexedFaceSet {
  coord DEF COORD_166 Coordinate { point [
  0.13779528 -0.28543307 0,0.36220472 -0.28543307 0,
  0.36220472 -0.098425197 0,0.13779528 -0.098425197 0] }
 coordIndex [
  2,1,0,-1,2,0,3,-1]
  normalPerVertex TRUE
  normal DEF NORM_166 Normal { vector [
  0 0 -1,0 0 -1,
  0 0 -1,0 0 -1] }
}
}
DEF SHAPE_167 Shape {
 appearance USE APP_4
 geometry DEF FACE_167 IndexedFaceSet {
  coord DEF COORD_167 Coordinate { point [
  -0.36220472 0.098425197 0,-0.13779528 0.098425197 0,
  -0.13779528 0.28543307 0,-0.36220472 0.28543307 0] }
 coordIndex [
  2,1,0,-1,2,0,3,-1]
  normalPerVertex TRUE
  normal DEF NORM_167 Normal { vector [
  0 0 -1,0 0 -1,
  0 0 -1,0 0 -1] }
}
}
DEF SHAPE_168 Shape {
 appearance USE APP_4
 geometry DEF FACE_168 IndexedFaceSet {
  coord DEF COORD_168 Coordinate { point [
  0.13779528 0.098425197 0,0.36220472 0.098425197 0,
  0.36220472 0.28543307 0,0.13779528 0.28543307 0] }
 coordIndex [
  2,1,0,-1,2,0,3,-1]
  normalPerVertex TRUE
  normal DEF NORM_168 Normal { vector [
  0 0 -1,0 0 -1,
  0 0 -1,0 0 -1] }
}
}
] }
] }
] }
