ISO-10303-21;
HEADER;
FILE_DESCRIPTION(('FreeCAD Model'),'2;1');
FILE_NAME('Open CASCADE Shape Model','2026-05-06T21:03:53',('FreeCAD'),(
    'FreeCAD'),'Open CASCADE STEP processor 7.9','FreeCAD','Unknown');
FILE_SCHEMA(('AUTOMOTIVE_DESIGN { 1 0 10303 214 1 1 1 1 }'));
ENDSEC;
DATA;
#1 = APPLICATION_PROTOCOL_DEFINITION('international standard',
  'automotive_design',2000,#2);
#2 = APPLICATION_CONTEXT(
  'core data for automotive mechanical design processes');
#3 = SHAPE_DEFINITION_REPRESENTATION(#4,#10);
#4 = PRODUCT_DEFINITION_SHAPE('','',#5);
#5 = PRODUCT_DEFINITION('design','',#6,#9);
#6 = PRODUCT_DEFINITION_FORMATION('','',#7);
#7 = PRODUCT('Open CASCADE STEP translator 7.9 1',
  'Open CASCADE STEP translator 7.9 1','',(#8));
#8 = PRODUCT_CONTEXT('',#2,'mechanical');
#9 = PRODUCT_DEFINITION_CONTEXT('part definition',#2,'design');
#10 = ADVANCED_BREP_SHAPE_REPRESENTATION('',(#11,#15),#3507);
#11 = AXIS2_PLACEMENT_3D('',#12,#13,#14);
#12 = CARTESIAN_POINT('',(0.,0.,0.));
#13 = DIRECTION('',(0.,0.,1.));
#14 = DIRECTION('',(1.,0.,-0.));
#15 = MANIFOLD_SOLID_BREP('',#16);
#16 = CLOSED_SHELL('',(#17,#49,#72,#104,#127,#150,#180,#201,#217,#240,
    #256,#279,#311,#334,#357,#387,#408,#424,#447,#463,#484,#516,#539,
    #562,#585,#608,#629,#652,#668,#689,#721,#744,#767,#797,#820,#843,
    #864,#887,#910,#933,#954,#977,#1000,#1021,#1053,#1076,#1099,#1122,
    #1152,#1168,#1191,#1214,#1235,#1251,#1267,#1288,#1304,#1327,#1359,
    #1382,#1405,#1428,#1451,#1472,#1495,#1511,#1532,#1564,#1587,#1610,
    #1633,#1656,#1677,#1700,#1716,#1737,#1753,#1769,#1785,#1806,#1817,
    #1833,#1856,#1884,#1900,#1916,#1939,#1962,#1983,#2006,#2022,#2038,
    #2054,#2070,#2091,#2107,#2123,#2139,#2155,#2171,#2187,#2208,#2219,
    #2230,#2246,#2262,#2278,#2299,#2315,#2331,#2347,#2363,#2384,#2395,
    #2416,#2427,#2448,#2459,#2475,#2491,#2507,#2523,#2546,#2562,#2578,
    #2594,#2610,#2621,#2632,#2655,#2676,#2692,#2713,#2729,#2745,#2766,
    #2782,#2798,#2814,#2830,#2851,#2867,#2883,#2904,#2920,#2936,#2947,
    #2963,#2979,#2995,#3006,#3029,#3052,#3068,#3084,#3107,#3123,#3134,
    #3155,#3176,#3192,#3208,#3224,#3240,#3256,#3277,#3293,#3314,#3325,
    #3341,#3357,#3373,#3389,#3405,#3421,#3437,#3453,#3469,#3485,#3496));
#17 = ADVANCED_FACE('',(#18),#44,.T.);
#18 = FACE_BOUND('',#19,.T.);
#19 = EDGE_LOOP('',(#20,#30,#38));
#20 = ORIENTED_EDGE('',*,*,#21,.T.);
#21 = EDGE_CURVE('',#22,#24,#26,.T.);
#22 = VERTEX_POINT('',#23);
#23 = CARTESIAN_POINT('',(50.,-25.,-80.));
#24 = VERTEX_POINT('',#25);
#25 = CARTESIAN_POINT('',(-50.,25.,-80.));
#26 = LINE('',#27,#28);
#27 = CARTESIAN_POINT('',(50.,-25.,-80.));
#28 = VECTOR('',#29,1.);
#29 = DIRECTION('',(-0.894427191,0.4472135955,0.));
#30 = ORIENTED_EDGE('',*,*,#31,.T.);
#31 = EDGE_CURVE('',#24,#32,#34,.T.);
#32 = VERTEX_POINT('',#33);
#33 = CARTESIAN_POINT('',(-42.5,-5.139999866486,-80.));
#34 = LINE('',#35,#36);
#35 = CARTESIAN_POINT('',(-50.,25.,-80.));
#36 = VECTOR('',#37,1.);
#37 = DIRECTION('',(0.241474885537,-0.970407069046,0.));
#38 = ORIENTED_EDGE('',*,*,#39,.T.);
#39 = EDGE_CURVE('',#32,#22,#40,.T.);
#40 = LINE('',#41,#42);
#41 = CARTESIAN_POINT('',(-42.5,-5.139999866486,-80.));
#42 = VECTOR('',#43,1.);
#43 = DIRECTION('',(0.97771880784,-0.209918871938,0.));
#44 = PLANE('',#45);
#45 = AXIS2_PLACEMENT_3D('',#46,#47,#48);
#46 = CARTESIAN_POINT('',(-4.555112458214,-4.705110841713,-80.));
#47 = DIRECTION('',(0.,0.,1.));
#48 = DIRECTION('',(1.,0.,-0.));
#49 = ADVANCED_FACE('',(#50),#67,.T.);
#50 = FACE_BOUND('',#51,.T.);
#51 = EDGE_LOOP('',(#52,#53,#61));
#52 = ORIENTED_EDGE('',*,*,#39,.F.);
#53 = ORIENTED_EDGE('',*,*,#54,.F.);
#54 = EDGE_CURVE('',#55,#32,#57,.T.);
#55 = VERTEX_POINT('',#56);
#56 = CARTESIAN_POINT('',(-42.5,-6.739999771118,-80.));
#57 = LINE('',#58,#59);
#58 = CARTESIAN_POINT('',(-42.5,-6.739999771118,-80.));
#59 = VECTOR('',#60,1.);
#60 = DIRECTION('',(0.,1.,0.));
#61 = ORIENTED_EDGE('',*,*,#62,.F.);
#62 = EDGE_CURVE('',#22,#55,#63,.T.);
#63 = LINE('',#64,#65);
#64 = CARTESIAN_POINT('',(50.,-25.,-80.));
#65 = VECTOR('',#66,1.);
#66 = DIRECTION('',(-0.981067134357,0.193667957815,0.));
#67 = PLANE('',#68);
#68 = AXIS2_PLACEMENT_3D('',#69,#70,#71);
#69 = CARTESIAN_POINT('',(3.361534438493,-15.38927699243,-80.));
#70 = DIRECTION('',(0.,0.,1.));
#71 = DIRECTION('',(1.,0.,-0.));
#72 = ADVANCED_FACE('',(#73),#99,.T.);
#73 = FACE_BOUND('',#74,.T.);
#74 = EDGE_LOOP('',(#75,#85,#93));
#75 = ORIENTED_EDGE('',*,*,#76,.T.);
#76 = EDGE_CURVE('',#77,#79,#81,.T.);
#77 = VERTEX_POINT('',#78);
#78 = CARTESIAN_POINT('',(42.5,-5.139999866486,80.));
#79 = VERTEX_POINT('',#80);
#80 = CARTESIAN_POINT('',(42.5,-5.139999866486,-80.));
#81 = LINE('',#82,#83);
#82 = CARTESIAN_POINT('',(42.5,-5.139999866486,80.));
#83 = VECTOR('',#84,1.);
#84 = DIRECTION('',(0.,0.,-1.));
#85 = ORIENTED_EDGE('',*,*,#86,.T.);
#86 = EDGE_CURVE('',#79,#87,#89,.T.);
#87 = VERTEX_POINT('',#88);
#88 = CARTESIAN_POINT('',(42.5,-6.739999771118,-80.));
#89 = LINE('',#90,#91);
#90 = CARTESIAN_POINT('',(42.5,-5.139999866486,-80.));
#91 = VECTOR('',#92,1.);
#92 = DIRECTION('',(0.,-1.,0.));
#93 = ORIENTED_EDGE('',*,*,#94,.T.);
#94 = EDGE_CURVE('',#87,#77,#95,.T.);
#95 = LINE('',#96,#97);
#96 = CARTESIAN_POINT('',(42.5,-6.739999771118,-80.));
#97 = VECTOR('',#98,1.);
#98 = DIRECTION('',(0.,9.99949944154E-03,0.999950003756));
#99 = PLANE('',#100);
#100 = AXIS2_PLACEMENT_3D('',#101,#102,#103);
#101 = CARTESIAN_POINT('',(42.5,-5.541999792408,-0.398000026394));
#102 = DIRECTION('',(-1.,-0.,-0.));
#103 = DIRECTION('',(0.,0.,-1.));
#104 = ADVANCED_FACE('',(#105),#122,.T.);
#105 = FACE_BOUND('',#106,.T.);
#106 = EDGE_LOOP('',(#107,#108,#116));
#107 = ORIENTED_EDGE('',*,*,#76,.F.);
#108 = ORIENTED_EDGE('',*,*,#109,.T.);
#109 = EDGE_CURVE('',#77,#110,#112,.T.);
#110 = VERTEX_POINT('',#111);
#111 = CARTESIAN_POINT('',(45.,-5.139999866486,-80.));
#112 = LINE('',#113,#114);
#113 = CARTESIAN_POINT('',(42.5,-5.139999866486,80.));
#114 = VECTOR('',#115,1.);
#115 = DIRECTION('',(1.562309300054E-02,0.,-0.999877952035));
#116 = ORIENTED_EDGE('',*,*,#117,.T.);
#117 = EDGE_CURVE('',#110,#79,#118,.T.);
#118 = LINE('',#119,#120);
#119 = CARTESIAN_POINT('',(45.,-5.139999866486,-80.));
#120 = VECTOR('',#121,1.);
#121 = DIRECTION('',(-1.,0.,0.));
#122 = PLANE('',#123);
#123 = AXIS2_PLACEMENT_3D('',#124,#125,#126);
#124 = CARTESIAN_POINT('',(43.129882514513,-5.139999866486,
    -0.620117485487));
#125 = DIRECTION('',(0.,1.,0.));
#126 = DIRECTION('',(0.,-0.,1.));
#127 = ADVANCED_FACE('',(#128),#145,.T.);
#128 = FACE_BOUND('',#129,.T.);
#129 = EDGE_LOOP('',(#130,#131,#139));
#130 = ORIENTED_EDGE('',*,*,#94,.F.);
#131 = ORIENTED_EDGE('',*,*,#132,.F.);
#132 = EDGE_CURVE('',#133,#87,#135,.T.);
#133 = VERTEX_POINT('',#134);
#134 = CARTESIAN_POINT('',(42.5,-6.739999771118,80.));
#135 = LINE('',#136,#137);
#136 = CARTESIAN_POINT('',(42.5,-6.739999771118,80.));
#137 = VECTOR('',#138,1.);
#138 = DIRECTION('',(0.,0.,-1.));
#139 = ORIENTED_EDGE('',*,*,#140,.T.);
#140 = EDGE_CURVE('',#133,#77,#141,.T.);
#141 = LINE('',#142,#143);
#142 = CARTESIAN_POINT('',(42.5,-6.739999771118,80.));
#143 = VECTOR('',#144,1.);
#144 = DIRECTION('',(0.,1.,0.));
#145 = PLANE('',#146);
#146 = AXIS2_PLACEMENT_3D('',#147,#148,#149);
#147 = CARTESIAN_POINT('',(42.5,-6.337999845196,0.398000026394));
#148 = DIRECTION('',(-1.,-0.,-0.));
#149 = DIRECTION('',(0.,0.,-1.));
#150 = ADVANCED_FACE('',(#151),#175,.T.);
#151 = FACE_BOUND('',#152,.T.);
#152 = EDGE_LOOP('',(#153,#163,#169));
#153 = ORIENTED_EDGE('',*,*,#154,.T.);
#154 = EDGE_CURVE('',#155,#157,#159,.T.);
#155 = VERTEX_POINT('',#156);
#156 = CARTESIAN_POINT('',(45.,-6.739999771118,-80.));
#157 = VERTEX_POINT('',#158);
#158 = CARTESIAN_POINT('',(45.,-6.739999771118,80.));
#159 = LINE('',#160,#161);
#160 = CARTESIAN_POINT('',(45.,-6.739999771118,-80.));
#161 = VECTOR('',#162,1.);
#162 = DIRECTION('',(0.,0.,1.));
#163 = ORIENTED_EDGE('',*,*,#164,.T.);
#164 = EDGE_CURVE('',#157,#87,#165,.T.);
#165 = LINE('',#166,#167);
#166 = CARTESIAN_POINT('',(45.,-6.739999771118,80.));
#167 = VECTOR('',#168,1.);
#168 = DIRECTION('',(-1.562309300054E-02,0.,-0.999877952035));
#169 = ORIENTED_EDGE('',*,*,#170,.T.);
#170 = EDGE_CURVE('',#87,#155,#171,.T.);
#171 = LINE('',#172,#173);
#172 = CARTESIAN_POINT('',(42.5,-6.739999771118,-80.));
#173 = VECTOR('',#174,1.);
#174 = DIRECTION('',(1.,0.,0.));
#175 = PLANE('',#176);
#176 = AXIS2_PLACEMENT_3D('',#177,#178,#179);
#177 = CARTESIAN_POINT('',(44.370117485487,-6.739999771118,
    -0.620117485487));
#178 = DIRECTION('',(-0.,-1.,-0.));
#179 = DIRECTION('',(0.,0.,-1.));
#180 = ADVANCED_FACE('',(#181),#196,.T.);
#181 = FACE_BOUND('',#182,.T.);
#182 = EDGE_LOOP('',(#183,#189,#195));
#183 = ORIENTED_EDGE('',*,*,#184,.T.);
#184 = EDGE_CURVE('',#155,#110,#185,.T.);
#185 = LINE('',#186,#187);
#186 = CARTESIAN_POINT('',(45.,-6.739999771118,-80.));
#187 = VECTOR('',#188,1.);
#188 = DIRECTION('',(0.,1.,0.));
#189 = ORIENTED_EDGE('',*,*,#190,.T.);
#190 = EDGE_CURVE('',#110,#157,#191,.T.);
#191 = LINE('',#192,#193);
#192 = CARTESIAN_POINT('',(45.,-5.139999866486,-80.));
#193 = VECTOR('',#194,1.);
#194 = DIRECTION('',(0.,-9.99949944154E-03,0.999950003756));
#195 = ORIENTED_EDGE('',*,*,#154,.F.);
#196 = PLANE('',#197);
#197 = AXIS2_PLACEMENT_3D('',#198,#199,#200);
#198 = CARTESIAN_POINT('',(45.,-6.337999845196,-0.398000026394));
#199 = DIRECTION('',(1.,0.,0.));
#200 = DIRECTION('',(-0.,0.,1.));
#201 = ADVANCED_FACE('',(#202),#212,.T.);
#202 = FACE_BOUND('',#203,.T.);
#203 = EDGE_LOOP('',(#204,#210,#211));
#204 = ORIENTED_EDGE('',*,*,#205,.T.);
#205 = EDGE_CURVE('',#157,#133,#206,.T.);
#206 = LINE('',#207,#208);
#207 = CARTESIAN_POINT('',(45.,-6.739999771118,80.));
#208 = VECTOR('',#209,1.);
#209 = DIRECTION('',(-1.,0.,0.));
#210 = ORIENTED_EDGE('',*,*,#132,.T.);
#211 = ORIENTED_EDGE('',*,*,#164,.F.);
#212 = PLANE('',#213);
#213 = AXIS2_PLACEMENT_3D('',#214,#215,#216);
#214 = CARTESIAN_POINT('',(43.129882514513,-6.739999771118,
    0.620117485487));
#215 = DIRECTION('',(-0.,-1.,-0.));
#216 = DIRECTION('',(0.,0.,-1.));
#217 = ADVANCED_FACE('',(#218),#235,.T.);
#218 = FACE_BOUND('',#219,.T.);
#219 = EDGE_LOOP('',(#220,#228,#234));
#220 = ORIENTED_EDGE('',*,*,#221,.T.);
#221 = EDGE_CURVE('',#77,#222,#224,.T.);
#222 = VERTEX_POINT('',#223);
#223 = CARTESIAN_POINT('',(45.,-5.139999866486,80.));
#224 = LINE('',#225,#226);
#225 = CARTESIAN_POINT('',(42.5,-5.139999866486,80.));
#226 = VECTOR('',#227,1.);
#227 = DIRECTION('',(1.,0.,0.));
#228 = ORIENTED_EDGE('',*,*,#229,.T.);
#229 = EDGE_CURVE('',#222,#110,#230,.T.);
#230 = LINE('',#231,#232);
#231 = CARTESIAN_POINT('',(45.,-5.139999866486,80.));
#232 = VECTOR('',#233,1.);
#233 = DIRECTION('',(0.,0.,-1.));
#234 = ORIENTED_EDGE('',*,*,#109,.F.);
#235 = PLANE('',#236);
#236 = AXIS2_PLACEMENT_3D('',#237,#238,#239);
#237 = CARTESIAN_POINT('',(44.370117485487,-5.139999866486,
    0.620117485487));
#238 = DIRECTION('',(0.,1.,0.));
#239 = DIRECTION('',(0.,-0.,1.));
#240 = ADVANCED_FACE('',(#241),#251,.T.);
#241 = FACE_BOUND('',#242,.T.);
#242 = EDGE_LOOP('',(#243,#244,#245));
#243 = ORIENTED_EDGE('',*,*,#190,.F.);
#244 = ORIENTED_EDGE('',*,*,#229,.F.);
#245 = ORIENTED_EDGE('',*,*,#246,.T.);
#246 = EDGE_CURVE('',#222,#157,#247,.T.);
#247 = LINE('',#248,#249);
#248 = CARTESIAN_POINT('',(45.,-5.139999866486,80.));
#249 = VECTOR('',#250,1.);
#250 = DIRECTION('',(0.,-1.,0.));
#251 = PLANE('',#252);
#252 = AXIS2_PLACEMENT_3D('',#253,#254,#255);
#253 = CARTESIAN_POINT('',(45.,-5.541999792408,0.398000026394));
#254 = DIRECTION('',(1.,0.,0.));
#255 = DIRECTION('',(-0.,0.,1.));
#256 = ADVANCED_FACE('',(#257),#274,.T.);
#257 = FACE_BOUND('',#258,.T.);
#258 = EDGE_LOOP('',(#259,#267,#268));
#259 = ORIENTED_EDGE('',*,*,#260,.T.);
#260 = EDGE_CURVE('',#261,#77,#263,.T.);
#261 = VERTEX_POINT('',#262);
#262 = CARTESIAN_POINT('',(-50.,-25.,80.));
#263 = LINE('',#264,#265);
#264 = CARTESIAN_POINT('',(-50.,-25.,80.));
#265 = VECTOR('',#266,1.);
#266 = DIRECTION('',(0.97771880784,0.209918871938,0.));
#267 = ORIENTED_EDGE('',*,*,#140,.F.);
#268 = ORIENTED_EDGE('',*,*,#269,.F.);
#269 = EDGE_CURVE('',#261,#133,#270,.T.);
#270 = LINE('',#271,#272);
#271 = CARTESIAN_POINT('',(-50.,-25.,80.));
#272 = VECTOR('',#273,1.);
#273 = DIRECTION('',(0.981067134357,0.193667957815,0.));
#274 = PLANE('',#275);
#275 = AXIS2_PLACEMENT_3D('',#276,#277,#278);
#276 = CARTESIAN_POINT('',(-3.361534438493,-15.38927699243,80.));
#277 = DIRECTION('',(-0.,-0.,-1.));
#278 = DIRECTION('',(-1.,0.,0.));
#279 = ADVANCED_FACE('',(#280),#306,.T.);
#280 = FACE_BOUND('',#281,.T.);
#281 = EDGE_LOOP('',(#282,#292,#300));
#282 = ORIENTED_EDGE('',*,*,#283,.T.);
#283 = EDGE_CURVE('',#284,#286,#288,.T.);
#284 = VERTEX_POINT('',#285);
#285 = CARTESIAN_POINT('',(42.5,-10.39000034332,80.));
#286 = VERTEX_POINT('',#287);
#287 = CARTESIAN_POINT('',(42.5,-10.39000034332,-80.));
#288 = LINE('',#289,#290);
#289 = CARTESIAN_POINT('',(42.5,-10.39000034332,80.));
#290 = VECTOR('',#291,1.);
#291 = DIRECTION('',(0.,0.,-1.));
#292 = ORIENTED_EDGE('',*,*,#293,.T.);
#293 = EDGE_CURVE('',#286,#294,#296,.T.);
#294 = VERTEX_POINT('',#295);
#295 = CARTESIAN_POINT('',(42.5,-11.98999977111,-80.));
#296 = LINE('',#297,#298);
#297 = CARTESIAN_POINT('',(42.5,-10.39000034332,-80.));
#298 = VECTOR('',#299,1.);
#299 = DIRECTION('',(0.,-1.,0.));
#300 = ORIENTED_EDGE('',*,*,#301,.T.);
#301 = EDGE_CURVE('',#294,#284,#302,.T.);
#302 = LINE('',#303,#304);
#303 = CARTESIAN_POINT('',(42.5,-11.98999977111,-80.));
#304 = VECTOR('',#305,1.);
#305 = DIRECTION('',(0.,9.999496461755E-03,0.999950003785));
#306 = PLANE('',#307);
#307 = AXIS2_PLACEMENT_3D('',#308,#309,#310);
#308 = CARTESIAN_POINT('',(42.5,-10.79200014884,-0.397999908377));
#309 = DIRECTION('',(-1.,-0.,-0.));
#310 = DIRECTION('',(0.,0.,-1.));
#311 = ADVANCED_FACE('',(#312),#329,.T.);
#312 = FACE_BOUND('',#313,.T.);
#313 = EDGE_LOOP('',(#314,#315,#323));
#314 = ORIENTED_EDGE('',*,*,#283,.F.);
#315 = ORIENTED_EDGE('',*,*,#316,.T.);
#316 = EDGE_CURVE('',#284,#317,#319,.T.);
#317 = VERTEX_POINT('',#318);
#318 = CARTESIAN_POINT('',(45.,-10.39000034332,-80.));
#319 = LINE('',#320,#321);
#320 = CARTESIAN_POINT('',(42.5,-10.39000034332,80.));
#321 = VECTOR('',#322,1.);
#322 = DIRECTION('',(1.562309300054E-02,0.,-0.999877952035));
#323 = ORIENTED_EDGE('',*,*,#324,.T.);
#324 = EDGE_CURVE('',#317,#286,#325,.T.);
#325 = LINE('',#326,#327);
#326 = CARTESIAN_POINT('',(45.,-10.39000034332,-80.));
#327 = VECTOR('',#328,1.);
#328 = DIRECTION('',(-1.,0.,0.));
#329 = PLANE('',#330);
#330 = AXIS2_PLACEMENT_3D('',#331,#332,#333);
#331 = CARTESIAN_POINT('',(43.129882514513,-10.39000034332,
    -0.620117485487));
#332 = DIRECTION('',(0.,1.,0.));
#333 = DIRECTION('',(0.,-0.,1.));
#334 = ADVANCED_FACE('',(#335),#352,.T.);
#335 = FACE_BOUND('',#336,.T.);
#336 = EDGE_LOOP('',(#337,#338,#346));
#337 = ORIENTED_EDGE('',*,*,#301,.F.);
#338 = ORIENTED_EDGE('',*,*,#339,.F.);
#339 = EDGE_CURVE('',#340,#294,#342,.T.);
#340 = VERTEX_POINT('',#341);
#341 = CARTESIAN_POINT('',(42.5,-11.98999977111,80.));
#342 = LINE('',#343,#344);
#343 = CARTESIAN_POINT('',(42.5,-11.98999977111,80.));
#344 = VECTOR('',#345,1.);
#345 = DIRECTION('',(0.,0.,-1.));
#346 = ORIENTED_EDGE('',*,*,#347,.T.);
#347 = EDGE_CURVE('',#340,#284,#348,.T.);
#348 = LINE('',#349,#350);
#349 = CARTESIAN_POINT('',(42.5,-11.98999977111,80.));
#350 = VECTOR('',#351,1.);
#351 = DIRECTION('',(0.,1.,0.));
#352 = PLANE('',#353);
#353 = AXIS2_PLACEMENT_3D('',#354,#355,#356);
#354 = CARTESIAN_POINT('',(42.5,-11.58799996559,0.397999908377));
#355 = DIRECTION('',(-1.,-0.,-0.));
#356 = DIRECTION('',(0.,0.,-1.));
#357 = ADVANCED_FACE('',(#358),#382,.T.);
#358 = FACE_BOUND('',#359,.T.);
#359 = EDGE_LOOP('',(#360,#370,#376));
#360 = ORIENTED_EDGE('',*,*,#361,.T.);
#361 = EDGE_CURVE('',#362,#364,#366,.T.);
#362 = VERTEX_POINT('',#363);
#363 = CARTESIAN_POINT('',(45.,-11.98999977111,-80.));
#364 = VERTEX_POINT('',#365);
#365 = CARTESIAN_POINT('',(45.,-11.98999977111,80.));
#366 = LINE('',#367,#368);
#367 = CARTESIAN_POINT('',(45.,-11.98999977111,-80.));
#368 = VECTOR('',#369,1.);
#369 = DIRECTION('',(0.,0.,1.));
#370 = ORIENTED_EDGE('',*,*,#371,.T.);
#371 = EDGE_CURVE('',#364,#294,#372,.T.);
#372 = LINE('',#373,#374);
#373 = CARTESIAN_POINT('',(45.,-11.98999977111,80.));
#374 = VECTOR('',#375,1.);
#375 = DIRECTION('',(-1.562309300054E-02,0.,-0.999877952035));
#376 = ORIENTED_EDGE('',*,*,#377,.T.);
#377 = EDGE_CURVE('',#294,#362,#378,.T.);
#378 = LINE('',#379,#380);
#379 = CARTESIAN_POINT('',(42.5,-11.98999977111,-80.));
#380 = VECTOR('',#381,1.);
#381 = DIRECTION('',(1.,0.,0.));
#382 = PLANE('',#383);
#383 = AXIS2_PLACEMENT_3D('',#384,#385,#386);
#384 = CARTESIAN_POINT('',(44.370117485487,-11.98999977111,
    -0.620117485487));
#385 = DIRECTION('',(-0.,-1.,-0.));
#386 = DIRECTION('',(0.,0.,-1.));
#387 = ADVANCED_FACE('',(#388),#403,.T.);
#388 = FACE_BOUND('',#389,.T.);
#389 = EDGE_LOOP('',(#390,#396,#402));
#390 = ORIENTED_EDGE('',*,*,#391,.T.);
#391 = EDGE_CURVE('',#362,#317,#392,.T.);
#392 = LINE('',#393,#394);
#393 = CARTESIAN_POINT('',(45.,-11.98999977111,-80.));
#394 = VECTOR('',#395,1.);
#395 = DIRECTION('',(0.,1.,0.));
#396 = ORIENTED_EDGE('',*,*,#397,.T.);
#397 = EDGE_CURVE('',#317,#364,#398,.T.);
#398 = LINE('',#399,#400);
#399 = CARTESIAN_POINT('',(45.,-10.39000034332,-80.));
#400 = VECTOR('',#401,1.);
#401 = DIRECTION('',(0.,-9.999496461755E-03,0.999950003785));
#402 = ORIENTED_EDGE('',*,*,#361,.F.);
#403 = PLANE('',#404);
#404 = AXIS2_PLACEMENT_3D('',#405,#406,#407);
#405 = CARTESIAN_POINT('',(45.,-11.58799996559,-0.397999908377));
#406 = DIRECTION('',(1.,0.,0.));
#407 = DIRECTION('',(-0.,0.,1.));
#408 = ADVANCED_FACE('',(#409),#419,.T.);
#409 = FACE_BOUND('',#410,.T.);
#410 = EDGE_LOOP('',(#411,#417,#418));
#411 = ORIENTED_EDGE('',*,*,#412,.T.);
#412 = EDGE_CURVE('',#364,#340,#413,.T.);
#413 = LINE('',#414,#415);
#414 = CARTESIAN_POINT('',(45.,-11.98999977111,80.));
#415 = VECTOR('',#416,1.);
#416 = DIRECTION('',(-1.,0.,0.));
#417 = ORIENTED_EDGE('',*,*,#339,.T.);
#418 = ORIENTED_EDGE('',*,*,#371,.F.);
#419 = PLANE('',#420);
#420 = AXIS2_PLACEMENT_3D('',#421,#422,#423);
#421 = CARTESIAN_POINT('',(43.129882514513,-11.98999977111,
    0.620117485487));
#422 = DIRECTION('',(-0.,-1.,-0.));
#423 = DIRECTION('',(0.,0.,-1.));
#424 = ADVANCED_FACE('',(#425),#442,.T.);
#425 = FACE_BOUND('',#426,.T.);
#426 = EDGE_LOOP('',(#427,#428,#436));
#427 = ORIENTED_EDGE('',*,*,#397,.F.);
#428 = ORIENTED_EDGE('',*,*,#429,.T.);
#429 = EDGE_CURVE('',#317,#430,#432,.T.);
#430 = VERTEX_POINT('',#431);
#431 = CARTESIAN_POINT('',(45.,-10.39000034332,80.));
#432 = LINE('',#433,#434);
#433 = CARTESIAN_POINT('',(45.,-10.39000034332,-80.));
#434 = VECTOR('',#435,1.);
#435 = DIRECTION('',(0.,0.,1.));
#436 = ORIENTED_EDGE('',*,*,#437,.T.);
#437 = EDGE_CURVE('',#430,#364,#438,.T.);
#438 = LINE('',#439,#440);
#439 = CARTESIAN_POINT('',(45.,-10.39000034332,80.));
#440 = VECTOR('',#441,1.);
#441 = DIRECTION('',(0.,-1.,0.));
#442 = PLANE('',#443);
#443 = AXIS2_PLACEMENT_3D('',#444,#445,#446);
#444 = CARTESIAN_POINT('',(45.,-10.79200014884,0.397999908377));
#445 = DIRECTION('',(1.,0.,0.));
#446 = DIRECTION('',(-0.,0.,1.));
#447 = ADVANCED_FACE('',(#448),#458,.T.);
#448 = FACE_BOUND('',#449,.T.);
#449 = EDGE_LOOP('',(#450,#451,#452));
#450 = ORIENTED_EDGE('',*,*,#429,.F.);
#451 = ORIENTED_EDGE('',*,*,#316,.F.);
#452 = ORIENTED_EDGE('',*,*,#453,.T.);
#453 = EDGE_CURVE('',#284,#430,#454,.T.);
#454 = LINE('',#455,#456);
#455 = CARTESIAN_POINT('',(42.5,-10.39000034332,80.));
#456 = VECTOR('',#457,1.);
#457 = DIRECTION('',(1.,0.,0.));
#458 = PLANE('',#459);
#459 = AXIS2_PLACEMENT_3D('',#460,#461,#462);
#460 = CARTESIAN_POINT('',(44.370117485487,-10.39000034332,
    0.620117485487));
#461 = DIRECTION('',(0.,1.,0.));
#462 = DIRECTION('',(0.,-0.,1.));
#463 = ADVANCED_FACE('',(#464),#479,.T.);
#464 = FACE_BOUND('',#465,.T.);
#465 = EDGE_LOOP('',(#466,#472,#473));
#466 = ORIENTED_EDGE('',*,*,#467,.T.);
#467 = EDGE_CURVE('',#261,#284,#468,.T.);
#468 = LINE('',#469,#470);
#469 = CARTESIAN_POINT('',(-50.,-25.,80.));
#470 = VECTOR('',#471,1.);
#471 = DIRECTION('',(0.98775517229,0.156011921384,0.));
#472 = ORIENTED_EDGE('',*,*,#347,.F.);
#473 = ORIENTED_EDGE('',*,*,#474,.F.);
#474 = EDGE_CURVE('',#261,#340,#475,.T.);
#475 = LINE('',#476,#477);
#476 = CARTESIAN_POINT('',(-50.,-25.,80.));
#477 = VECTOR('',#478,1.);
#478 = DIRECTION('',(0.990253348917,0.139277797795,0.));
#479 = PLANE('',#480);
#480 = AXIS2_PLACEMENT_3D('',#481,#482,#483);
#481 = CARTESIAN_POINT('',(-3.357754156291,-18.03593787893,80.));
#482 = DIRECTION('',(-0.,-0.,-1.));
#483 = DIRECTION('',(-1.,0.,0.));
#484 = ADVANCED_FACE('',(#485),#511,.T.);
#485 = FACE_BOUND('',#486,.T.);
#486 = EDGE_LOOP('',(#487,#497,#505));
#487 = ORIENTED_EDGE('',*,*,#488,.T.);
#488 = EDGE_CURVE('',#489,#491,#493,.T.);
#489 = VERTEX_POINT('',#490);
#490 = CARTESIAN_POINT('',(42.5,-15.64000034332,80.));
#491 = VERTEX_POINT('',#492);
#492 = CARTESIAN_POINT('',(42.5,-15.64000034332,-80.));
#493 = LINE('',#494,#495);
#494 = CARTESIAN_POINT('',(42.5,-15.64000034332,80.));
#495 = VECTOR('',#496,1.);
#496 = DIRECTION('',(0.,0.,-1.));
#497 = ORIENTED_EDGE('',*,*,#498,.T.);
#498 = EDGE_CURVE('',#491,#499,#501,.T.);
#499 = VERTEX_POINT('',#500);
#500 = CARTESIAN_POINT('',(42.5,-17.23999977111,-80.));
#501 = LINE('',#502,#503);
#502 = CARTESIAN_POINT('',(42.5,-15.64000034332,-80.));
#503 = VECTOR('',#504,1.);
#504 = DIRECTION('',(0.,-1.,0.));
#505 = ORIENTED_EDGE('',*,*,#506,.T.);
#506 = EDGE_CURVE('',#499,#489,#507,.T.);
#507 = LINE('',#508,#509);
#508 = CARTESIAN_POINT('',(42.5,-17.23999977111,-80.));
#509 = VECTOR('',#510,1.);
#510 = DIRECTION('',(0.,9.999496461755E-03,0.999950003785));
#511 = PLANE('',#512);
#512 = AXIS2_PLACEMENT_3D('',#513,#514,#515);
#513 = CARTESIAN_POINT('',(42.5,-16.04200014884,-0.397999908377));
#514 = DIRECTION('',(-1.,-0.,-0.));
#515 = DIRECTION('',(0.,0.,-1.));
#516 = ADVANCED_FACE('',(#517),#534,.T.);
#517 = FACE_BOUND('',#518,.T.);
#518 = EDGE_LOOP('',(#519,#520,#528));
#519 = ORIENTED_EDGE('',*,*,#488,.F.);
#520 = ORIENTED_EDGE('',*,*,#521,.T.);
#521 = EDGE_CURVE('',#489,#522,#524,.T.);
#522 = VERTEX_POINT('',#523);
#523 = CARTESIAN_POINT('',(45.,-15.64000034332,-80.));
#524 = LINE('',#525,#526);
#525 = CARTESIAN_POINT('',(42.5,-15.64000034332,80.));
#526 = VECTOR('',#527,1.);
#527 = DIRECTION('',(1.562309300054E-02,0.,-0.999877952035));
#528 = ORIENTED_EDGE('',*,*,#529,.T.);
#529 = EDGE_CURVE('',#522,#491,#530,.T.);
#530 = LINE('',#531,#532);
#531 = CARTESIAN_POINT('',(45.,-15.64000034332,-80.));
#532 = VECTOR('',#533,1.);
#533 = DIRECTION('',(-1.,0.,0.));
#534 = PLANE('',#535);
#535 = AXIS2_PLACEMENT_3D('',#536,#537,#538);
#536 = CARTESIAN_POINT('',(43.129882514513,-15.64000034332,
    -0.620117485487));
#537 = DIRECTION('',(0.,1.,0.));
#538 = DIRECTION('',(0.,-0.,1.));
#539 = ADVANCED_FACE('',(#540),#557,.T.);
#540 = FACE_BOUND('',#541,.T.);
#541 = EDGE_LOOP('',(#542,#543,#551));
#542 = ORIENTED_EDGE('',*,*,#506,.F.);
#543 = ORIENTED_EDGE('',*,*,#544,.T.);
#544 = EDGE_CURVE('',#499,#545,#547,.T.);
#545 = VERTEX_POINT('',#546);
#546 = CARTESIAN_POINT('',(42.5,-17.23999977111,80.));
#547 = LINE('',#548,#549);
#548 = CARTESIAN_POINT('',(42.5,-17.23999977111,-80.));
#549 = VECTOR('',#550,1.);
#550 = DIRECTION('',(0.,0.,1.));
#551 = ORIENTED_EDGE('',*,*,#552,.T.);
#552 = EDGE_CURVE('',#545,#489,#553,.T.);
#553 = LINE('',#554,#555);
#554 = CARTESIAN_POINT('',(42.5,-17.23999977111,80.));
#555 = VECTOR('',#556,1.);
#556 = DIRECTION('',(0.,1.,0.));
#557 = PLANE('',#558);
#558 = AXIS2_PLACEMENT_3D('',#559,#560,#561);
#559 = CARTESIAN_POINT('',(42.5,-16.83799996559,0.397999908377));
#560 = DIRECTION('',(-1.,-0.,-0.));
#561 = DIRECTION('',(0.,0.,-1.));
#562 = ADVANCED_FACE('',(#563),#580,.T.);
#563 = FACE_BOUND('',#564,.T.);
#564 = EDGE_LOOP('',(#565,#566,#574));
#565 = ORIENTED_EDGE('',*,*,#544,.F.);
#566 = ORIENTED_EDGE('',*,*,#567,.F.);
#567 = EDGE_CURVE('',#568,#499,#570,.T.);
#568 = VERTEX_POINT('',#569);
#569 = CARTESIAN_POINT('',(45.,-17.23999977111,80.));
#570 = LINE('',#571,#572);
#571 = CARTESIAN_POINT('',(45.,-17.23999977111,80.));
#572 = VECTOR('',#573,1.);
#573 = DIRECTION('',(-1.562309300054E-02,0.,-0.999877952035));
#574 = ORIENTED_EDGE('',*,*,#575,.T.);
#575 = EDGE_CURVE('',#568,#545,#576,.T.);
#576 = LINE('',#577,#578);
#577 = CARTESIAN_POINT('',(45.,-17.23999977111,80.));
#578 = VECTOR('',#579,1.);
#579 = DIRECTION('',(-1.,0.,0.));
#580 = PLANE('',#581);
#581 = AXIS2_PLACEMENT_3D('',#582,#583,#584);
#582 = CARTESIAN_POINT('',(43.129882514513,-17.23999977111,
    0.620117485487));
#583 = DIRECTION('',(-0.,-1.,-0.));
#584 = DIRECTION('',(0.,0.,-1.));
#585 = ADVANCED_FACE('',(#586),#603,.T.);
#586 = FACE_BOUND('',#587,.T.);
#587 = EDGE_LOOP('',(#588,#596,#597));
#588 = ORIENTED_EDGE('',*,*,#589,.T.);
#589 = EDGE_CURVE('',#590,#568,#592,.T.);
#590 = VERTEX_POINT('',#591);
#591 = CARTESIAN_POINT('',(45.,-17.23999977111,-80.));
#592 = LINE('',#593,#594);
#593 = CARTESIAN_POINT('',(45.,-17.23999977111,-80.));
#594 = VECTOR('',#595,1.);
#595 = DIRECTION('',(0.,0.,1.));
#596 = ORIENTED_EDGE('',*,*,#567,.T.);
#597 = ORIENTED_EDGE('',*,*,#598,.T.);
#598 = EDGE_CURVE('',#499,#590,#599,.T.);
#599 = LINE('',#600,#601);
#600 = CARTESIAN_POINT('',(42.5,-17.23999977111,-80.));
#601 = VECTOR('',#602,1.);
#602 = DIRECTION('',(1.,0.,0.));
#603 = PLANE('',#604);
#604 = AXIS2_PLACEMENT_3D('',#605,#606,#607);
#605 = CARTESIAN_POINT('',(44.370117485487,-17.23999977111,
    -0.620117485487));
#606 = DIRECTION('',(-0.,-1.,-0.));
#607 = DIRECTION('',(0.,0.,-1.));
#608 = ADVANCED_FACE('',(#609),#624,.T.);
#609 = FACE_BOUND('',#610,.T.);
#610 = EDGE_LOOP('',(#611,#617,#623));
#611 = ORIENTED_EDGE('',*,*,#612,.T.);
#612 = EDGE_CURVE('',#590,#522,#613,.T.);
#613 = LINE('',#614,#615);
#614 = CARTESIAN_POINT('',(45.,-17.23999977111,-80.));
#615 = VECTOR('',#616,1.);
#616 = DIRECTION('',(0.,1.,0.));
#617 = ORIENTED_EDGE('',*,*,#618,.T.);
#618 = EDGE_CURVE('',#522,#568,#619,.T.);
#619 = LINE('',#620,#621);
#620 = CARTESIAN_POINT('',(45.,-15.64000034332,-80.));
#621 = VECTOR('',#622,1.);
#622 = DIRECTION('',(0.,-9.999496461755E-03,0.999950003785));
#623 = ORIENTED_EDGE('',*,*,#589,.F.);
#624 = PLANE('',#625);
#625 = AXIS2_PLACEMENT_3D('',#626,#627,#628);
#626 = CARTESIAN_POINT('',(45.,-16.83799996559,-0.397999908377));
#627 = DIRECTION('',(1.,0.,0.));
#628 = DIRECTION('',(-0.,0.,1.));
#629 = ADVANCED_FACE('',(#630),#647,.T.);
#630 = FACE_BOUND('',#631,.T.);
#631 = EDGE_LOOP('',(#632,#633,#641));
#632 = ORIENTED_EDGE('',*,*,#618,.F.);
#633 = ORIENTED_EDGE('',*,*,#634,.T.);
#634 = EDGE_CURVE('',#522,#635,#637,.T.);
#635 = VERTEX_POINT('',#636);
#636 = CARTESIAN_POINT('',(45.,-15.64000034332,80.));
#637 = LINE('',#638,#639);
#638 = CARTESIAN_POINT('',(45.,-15.64000034332,-80.));
#639 = VECTOR('',#640,1.);
#640 = DIRECTION('',(0.,0.,1.));
#641 = ORIENTED_EDGE('',*,*,#642,.T.);
#642 = EDGE_CURVE('',#635,#568,#643,.T.);
#643 = LINE('',#644,#645);
#644 = CARTESIAN_POINT('',(45.,-15.64000034332,80.));
#645 = VECTOR('',#646,1.);
#646 = DIRECTION('',(0.,-1.,0.));
#647 = PLANE('',#648);
#648 = AXIS2_PLACEMENT_3D('',#649,#650,#651);
#649 = CARTESIAN_POINT('',(45.,-16.04200014884,0.397999908377));
#650 = DIRECTION('',(1.,0.,0.));
#651 = DIRECTION('',(-0.,0.,1.));
#652 = ADVANCED_FACE('',(#653),#663,.T.);
#653 = FACE_BOUND('',#654,.T.);
#654 = EDGE_LOOP('',(#655,#656,#657));
#655 = ORIENTED_EDGE('',*,*,#634,.F.);
#656 = ORIENTED_EDGE('',*,*,#521,.F.);
#657 = ORIENTED_EDGE('',*,*,#658,.T.);
#658 = EDGE_CURVE('',#489,#635,#659,.T.);
#659 = LINE('',#660,#661);
#660 = CARTESIAN_POINT('',(42.5,-15.64000034332,80.));
#661 = VECTOR('',#662,1.);
#662 = DIRECTION('',(1.,0.,0.));
#663 = PLANE('',#664);
#664 = AXIS2_PLACEMENT_3D('',#665,#666,#667);
#665 = CARTESIAN_POINT('',(44.370117485487,-15.64000034332,
    0.620117485487));
#666 = DIRECTION('',(0.,1.,0.));
#667 = DIRECTION('',(0.,-0.,1.));
#668 = ADVANCED_FACE('',(#669),#684,.T.);
#669 = FACE_BOUND('',#670,.T.);
#670 = EDGE_LOOP('',(#671,#677,#678));
#671 = ORIENTED_EDGE('',*,*,#672,.T.);
#672 = EDGE_CURVE('',#261,#489,#673,.T.);
#673 = LINE('',#674,#675);
#674 = CARTESIAN_POINT('',(-50.,-25.,80.));
#675 = VECTOR('',#676,1.);
#676 = DIRECTION('',(0.994919357728,0.100675079424,0.));
#677 = ORIENTED_EDGE('',*,*,#552,.F.);
#678 = ORIENTED_EDGE('',*,*,#679,.F.);
#679 = EDGE_CURVE('',#261,#545,#680,.T.);
#680 = LINE('',#681,#682);
#681 = CARTESIAN_POINT('',(-50.,-25.,80.));
#682 = VECTOR('',#683,1.);
#683 = DIRECTION('',(0.99649954101,8.359823423048E-02,0.));
#684 = PLANE('',#685);
#685 = AXIS2_PLACEMENT_3D('',#686,#687,#688);
#686 = CARTESIAN_POINT('',(-3.355117159946,-20.68314266897,80.));
#687 = DIRECTION('',(-0.,-0.,-1.));
#688 = DIRECTION('',(-1.,0.,0.));
#689 = ADVANCED_FACE('',(#690),#716,.T.);
#690 = FACE_BOUND('',#691,.T.);
#691 = EDGE_LOOP('',(#692,#702,#710));
#692 = ORIENTED_EDGE('',*,*,#693,.T.);
#693 = EDGE_CURVE('',#694,#696,#698,.T.);
#694 = VERTEX_POINT('',#695);
#695 = CARTESIAN_POINT('',(-51.5,-26.5,80.));
#696 = VERTEX_POINT('',#697);
#697 = CARTESIAN_POINT('',(-51.5,-26.5,81.5));
#698 = LINE('',#699,#700);
#699 = CARTESIAN_POINT('',(-51.5,-26.5,80.));
#700 = VECTOR('',#701,1.);
#701 = DIRECTION('',(0.,0.,1.));
#702 = ORIENTED_EDGE('',*,*,#703,.T.);
#703 = EDGE_CURVE('',#696,#704,#706,.T.);
#704 = VERTEX_POINT('',#705);
#705 = CARTESIAN_POINT('',(-51.5,26.5,81.5));
#706 = LINE('',#707,#708);
#707 = CARTESIAN_POINT('',(-51.5,-26.5,81.5));
#708 = VECTOR('',#709,1.);
#709 = DIRECTION('',(0.,1.,0.));
#710 = ORIENTED_EDGE('',*,*,#711,.T.);
#711 = EDGE_CURVE('',#704,#694,#712,.T.);
#712 = LINE('',#713,#714);
#713 = CARTESIAN_POINT('',(-51.5,26.5,81.5));
#714 = VECTOR('',#715,1.);
#715 = DIRECTION('',(0.,-0.99959974204,-2.829055873698E-02));
#716 = PLANE('',#717);
#717 = AXIS2_PLACEMENT_3D('',#718,#719,#720);
#718 = CARTESIAN_POINT('',(-51.5,-0.369694458444,81.119694458444));
#719 = DIRECTION('',(-1.,-0.,-0.));
#720 = DIRECTION('',(0.,0.,-1.));
#721 = ADVANCED_FACE('',(#722),#739,.T.);
#722 = FACE_BOUND('',#723,.T.);
#723 = EDGE_LOOP('',(#724,#732,#738));
#724 = ORIENTED_EDGE('',*,*,#725,.T.);
#725 = EDGE_CURVE('',#694,#726,#728,.T.);
#726 = VERTEX_POINT('',#727);
#727 = CARTESIAN_POINT('',(51.5,-26.5,81.5));
#728 = LINE('',#729,#730);
#729 = CARTESIAN_POINT('',(-51.5,-26.5,80.));
#730 = VECTOR('',#731,1.);
#731 = DIRECTION('',(0.999893974825,0.,1.456156274016E-02));
#732 = ORIENTED_EDGE('',*,*,#733,.T.);
#733 = EDGE_CURVE('',#726,#696,#734,.T.);
#734 = LINE('',#735,#736);
#735 = CARTESIAN_POINT('',(51.5,-26.5,81.5));
#736 = VECTOR('',#737,1.);
#737 = DIRECTION('',(-1.,0.,0.));
#738 = ORIENTED_EDGE('',*,*,#693,.F.);
#739 = PLANE('',#740);
#740 = AXIS2_PLACEMENT_3D('',#741,#742,#743);
#741 = CARTESIAN_POINT('',(-0.372269562239,-26.5,81.122269562239));
#742 = DIRECTION('',(-0.,-1.,-0.));
#743 = DIRECTION('',(0.,0.,-1.));
#744 = ADVANCED_FACE('',(#745),#762,.T.);
#745 = FACE_BOUND('',#746,.T.);
#746 = EDGE_LOOP('',(#747,#748,#756));
#747 = ORIENTED_EDGE('',*,*,#725,.F.);
#748 = ORIENTED_EDGE('',*,*,#749,.F.);
#749 = EDGE_CURVE('',#750,#694,#752,.T.);
#750 = VERTEX_POINT('',#751);
#751 = CARTESIAN_POINT('',(-46.,-26.5,80.));
#752 = LINE('',#753,#754);
#753 = CARTESIAN_POINT('',(-46.,-26.5,80.));
#754 = VECTOR('',#755,1.);
#755 = DIRECTION('',(-1.,0.,0.));
#756 = ORIENTED_EDGE('',*,*,#757,.T.);
#757 = EDGE_CURVE('',#750,#726,#758,.T.);
#758 = LINE('',#759,#760);
#759 = CARTESIAN_POINT('',(-46.,-26.5,80.));
#760 = VECTOR('',#761,1.);
#761 = DIRECTION('',(0.999881677808,0.,1.53827950432E-02));
#762 = PLANE('',#763);
#763 = AXIS2_PLACEMENT_3D('',#764,#765,#766);
#764 = CARTESIAN_POINT('',(1.540069561596E-04,-26.5,80.729977911101));
#765 = DIRECTION('',(-0.,-1.,-0.));
#766 = DIRECTION('',(0.,0.,-1.));
#767 = ADVANCED_FACE('',(#768),#792,.T.);
#768 = FACE_BOUND('',#769,.T.);
#769 = EDGE_LOOP('',(#770,#778,#786));
#770 = ORIENTED_EDGE('',*,*,#771,.T.);
#771 = EDGE_CURVE('',#772,#261,#774,.T.);
#772 = VERTEX_POINT('',#773);
#773 = CARTESIAN_POINT('',(-50.,-25.,-80.));
#774 = LINE('',#775,#776);
#775 = CARTESIAN_POINT('',(-50.,-25.,-80.));
#776 = VECTOR('',#777,1.);
#777 = DIRECTION('',(0.,0.,1.));
#778 = ORIENTED_EDGE('',*,*,#779,.T.);
#779 = EDGE_CURVE('',#261,#780,#782,.T.);
#780 = VERTEX_POINT('',#781);
#781 = CARTESIAN_POINT('',(-46.,-25.,-80.));
#782 = LINE('',#783,#784);
#783 = CARTESIAN_POINT('',(-50.,-25.,80.));
#784 = VECTOR('',#785,1.);
#785 = DIRECTION('',(2.49921911602E-02,0.,-0.999687646408));
#786 = ORIENTED_EDGE('',*,*,#787,.T.);
#787 = EDGE_CURVE('',#780,#772,#788,.T.);
#788 = LINE('',#789,#790);
#789 = CARTESIAN_POINT('',(-46.,-25.,-80.));
#790 = VECTOR('',#791,1.);
#791 = DIRECTION('',(-1.,0.,0.));
#792 = PLANE('',#793);
#793 = AXIS2_PLACEMENT_3D('',#794,#795,#796);
#794 = CARTESIAN_POINT('',(-48.98750195251,-25.,-0.987501952515));
#795 = DIRECTION('',(0.,1.,0.));
#796 = DIRECTION('',(0.,-0.,1.));
#797 = ADVANCED_FACE('',(#798),#815,.T.);
#798 = FACE_BOUND('',#799,.T.);
#799 = EDGE_LOOP('',(#800,#808,#814));
#800 = ORIENTED_EDGE('',*,*,#801,.T.);
#801 = EDGE_CURVE('',#261,#802,#804,.T.);
#802 = VERTEX_POINT('',#803);
#803 = CARTESIAN_POINT('',(-46.,-25.,80.));
#804 = LINE('',#805,#806);
#805 = CARTESIAN_POINT('',(-50.,-25.,80.));
#806 = VECTOR('',#807,1.);
#807 = DIRECTION('',(1.,0.,0.));
#808 = ORIENTED_EDGE('',*,*,#809,.T.);
#809 = EDGE_CURVE('',#802,#780,#810,.T.);
#810 = LINE('',#811,#812);
#811 = CARTESIAN_POINT('',(-46.,-25.,80.));
#812 = VECTOR('',#813,1.);
#813 = DIRECTION('',(0.,0.,-1.));
#814 = ORIENTED_EDGE('',*,*,#779,.F.);
#815 = PLANE('',#816);
#816 = AXIS2_PLACEMENT_3D('',#817,#818,#819);
#817 = CARTESIAN_POINT('',(-47.01249804748,-25.,0.987501952515));
#818 = DIRECTION('',(0.,1.,0.));
#819 = DIRECTION('',(0.,-0.,1.));
#820 = ADVANCED_FACE('',(#821),#838,.T.);
#821 = FACE_BOUND('',#822,.T.);
#822 = EDGE_LOOP('',(#823,#824,#832));
#823 = ORIENTED_EDGE('',*,*,#771,.F.);
#824 = ORIENTED_EDGE('',*,*,#825,.T.);
#825 = EDGE_CURVE('',#772,#826,#828,.T.);
#826 = VERTEX_POINT('',#827);
#827 = CARTESIAN_POINT('',(-50.,25.,80.));
#828 = LINE('',#829,#830);
#829 = CARTESIAN_POINT('',(-50.,-25.,-80.));
#830 = VECTOR('',#831,1.);
#831 = DIRECTION('',(0.,0.298274993136,0.954479978035));
#832 = ORIENTED_EDGE('',*,*,#833,.T.);
#833 = EDGE_CURVE('',#826,#261,#834,.T.);
#834 = LINE('',#835,#836);
#835 = CARTESIAN_POINT('',(-50.,25.,80.));
#836 = VECTOR('',#837,1.);
#837 = DIRECTION('',(0.,-1.,0.));
#838 = PLANE('',#839);
#839 = AXIS2_PLACEMENT_3D('',#840,#841,#842);
#840 = CARTESIAN_POINT('',(-50.,-10.59236346439,10.592363464399));
#841 = DIRECTION('',(1.,0.,0.));
#842 = DIRECTION('',(-0.,0.,1.));
#843 = ADVANCED_FACE('',(#844),#859,.T.);
#844 = FACE_BOUND('',#845,.T.);
#845 = EDGE_LOOP('',(#846,#852,#858));
#846 = ORIENTED_EDGE('',*,*,#847,.T.);
#847 = EDGE_CURVE('',#772,#24,#848,.T.);
#848 = LINE('',#849,#850);
#849 = CARTESIAN_POINT('',(-50.,-25.,-80.));
#850 = VECTOR('',#851,1.);
#851 = DIRECTION('',(0.,1.,0.));
#852 = ORIENTED_EDGE('',*,*,#853,.T.);
#853 = EDGE_CURVE('',#24,#826,#854,.T.);
#854 = LINE('',#855,#856);
#855 = CARTESIAN_POINT('',(-50.,25.,-80.));
#856 = VECTOR('',#857,1.);
#857 = DIRECTION('',(0.,0.,1.));
#858 = ORIENTED_EDGE('',*,*,#825,.F.);
#859 = PLANE('',#860);
#860 = AXIS2_PLACEMENT_3D('',#861,#862,#863);
#861 = CARTESIAN_POINT('',(-50.,10.592363464399,-10.59236346439));
#862 = DIRECTION('',(1.,0.,0.));
#863 = DIRECTION('',(-0.,0.,1.));
#864 = ADVANCED_FACE('',(#865),#882,.T.);
#865 = FACE_BOUND('',#866,.T.);
#866 = EDGE_LOOP('',(#867,#875,#876));
#867 = ORIENTED_EDGE('',*,*,#868,.T.);
#868 = EDGE_CURVE('',#869,#826,#871,.T.);
#869 = VERTEX_POINT('',#870);
#870 = CARTESIAN_POINT('',(50.,25.,80.));
#871 = LINE('',#872,#873);
#872 = CARTESIAN_POINT('',(50.,25.,80.));
#873 = VECTOR('',#874,1.);
#874 = DIRECTION('',(-1.,0.,0.));
#875 = ORIENTED_EDGE('',*,*,#853,.F.);
#876 = ORIENTED_EDGE('',*,*,#877,.T.);
#877 = EDGE_CURVE('',#24,#869,#878,.T.);
#878 = LINE('',#879,#880);
#879 = CARTESIAN_POINT('',(-50.,25.,-80.));
#880 = VECTOR('',#881,1.);
#881 = DIRECTION('',(0.529998940003,0.,0.847998304005));
#882 = PLANE('',#883);
#883 = AXIS2_PLACEMENT_3D('',#884,#885,#886);
#884 = CARTESIAN_POINT('',(-17.83009433971,25.,17.830094339717));
#885 = DIRECTION('',(-0.,-1.,-0.));
#886 = DIRECTION('',(0.,0.,-1.));
#887 = ADVANCED_FACE('',(#888),#905,.T.);
#888 = FACE_BOUND('',#889,.T.);
#889 = EDGE_LOOP('',(#890,#898,#904));
#890 = ORIENTED_EDGE('',*,*,#891,.T.);
#891 = EDGE_CURVE('',#24,#892,#894,.T.);
#892 = VERTEX_POINT('',#893);
#893 = CARTESIAN_POINT('',(50.,25.,-80.));
#894 = LINE('',#895,#896);
#895 = CARTESIAN_POINT('',(-50.,25.,-80.));
#896 = VECTOR('',#897,1.);
#897 = DIRECTION('',(1.,0.,0.));
#898 = ORIENTED_EDGE('',*,*,#899,.T.);
#899 = EDGE_CURVE('',#892,#869,#900,.T.);
#900 = LINE('',#901,#902);
#901 = CARTESIAN_POINT('',(50.,25.,-80.));
#902 = VECTOR('',#903,1.);
#903 = DIRECTION('',(0.,0.,1.));
#904 = ORIENTED_EDGE('',*,*,#877,.F.);
#905 = PLANE('',#906);
#906 = AXIS2_PLACEMENT_3D('',#907,#908,#909);
#907 = CARTESIAN_POINT('',(17.830094339717,25.,-17.83009433971));
#908 = DIRECTION('',(-0.,-1.,-0.));
#909 = DIRECTION('',(0.,0.,-1.));
#910 = ADVANCED_FACE('',(#911),#928,.T.);
#911 = FACE_BOUND('',#912,.T.);
#912 = EDGE_LOOP('',(#913,#921,#922));
#913 = ORIENTED_EDGE('',*,*,#914,.T.);
#914 = EDGE_CURVE('',#915,#869,#917,.T.);
#915 = VERTEX_POINT('',#916);
#916 = CARTESIAN_POINT('',(50.,-25.,80.));
#917 = LINE('',#918,#919);
#918 = CARTESIAN_POINT('',(50.,-25.,80.));
#919 = VECTOR('',#920,1.);
#920 = DIRECTION('',(0.,1.,0.));
#921 = ORIENTED_EDGE('',*,*,#899,.F.);
#922 = ORIENTED_EDGE('',*,*,#923,.F.);
#923 = EDGE_CURVE('',#915,#892,#924,.T.);
#924 = LINE('',#925,#926);
#925 = CARTESIAN_POINT('',(50.,-25.,80.));
#926 = VECTOR('',#927,1.);
#927 = DIRECTION('',(0.,0.298274993136,-0.954479978035));
#928 = PLANE('',#929);
#929 = AXIS2_PLACEMENT_3D('',#930,#931,#932);
#930 = CARTESIAN_POINT('',(50.,10.592363464399,10.592363464399));
#931 = DIRECTION('',(-1.,-0.,-0.));
#932 = DIRECTION('',(0.,0.,-1.));
#933 = ADVANCED_FACE('',(#934),#949,.T.);
#934 = FACE_BOUND('',#935,.T.);
#935 = EDGE_LOOP('',(#936,#942,#943));
#936 = ORIENTED_EDGE('',*,*,#937,.T.);
#937 = EDGE_CURVE('',#22,#915,#938,.T.);
#938 = LINE('',#939,#940);
#939 = CARTESIAN_POINT('',(50.,-25.,-80.));
#940 = VECTOR('',#941,1.);
#941 = DIRECTION('',(0.,0.,1.));
#942 = ORIENTED_EDGE('',*,*,#923,.T.);
#943 = ORIENTED_EDGE('',*,*,#944,.T.);
#944 = EDGE_CURVE('',#892,#22,#945,.T.);
#945 = LINE('',#946,#947);
#946 = CARTESIAN_POINT('',(50.,25.,-80.));
#947 = VECTOR('',#948,1.);
#948 = DIRECTION('',(0.,-1.,0.));
#949 = PLANE('',#950);
#950 = AXIS2_PLACEMENT_3D('',#951,#952,#953);
#951 = CARTESIAN_POINT('',(50.,-10.59236346439,-10.59236346439));
#952 = DIRECTION('',(-1.,-0.,-0.));
#953 = DIRECTION('',(0.,0.,-1.));
#954 = ADVANCED_FACE('',(#955),#972,.T.);
#955 = FACE_BOUND('',#956,.T.);
#956 = EDGE_LOOP('',(#957,#958,#966));
#957 = ORIENTED_EDGE('',*,*,#937,.F.);
#958 = ORIENTED_EDGE('',*,*,#959,.F.);
#959 = EDGE_CURVE('',#960,#22,#962,.T.);
#960 = VERTEX_POINT('',#961);
#961 = CARTESIAN_POINT('',(46.,-25.,80.));
#962 = LINE('',#963,#964);
#963 = CARTESIAN_POINT('',(46.,-25.,80.));
#964 = VECTOR('',#965,1.);
#965 = DIRECTION('',(2.49921911602E-02,0.,-0.999687646408));
#966 = ORIENTED_EDGE('',*,*,#967,.T.);
#967 = EDGE_CURVE('',#960,#915,#968,.T.);
#968 = LINE('',#969,#970);
#969 = CARTESIAN_POINT('',(46.,-25.,80.));
#970 = VECTOR('',#971,1.);
#971 = DIRECTION('',(1.,0.,0.));
#972 = PLANE('',#973);
#973 = AXIS2_PLACEMENT_3D('',#974,#975,#976);
#974 = CARTESIAN_POINT('',(48.987501952515,-25.,0.987501952515));
#975 = DIRECTION('',(0.,1.,0.));
#976 = DIRECTION('',(0.,-0.,1.));
#977 = ADVANCED_FACE('',(#978),#995,.T.);
#978 = FACE_BOUND('',#979,.T.);
#979 = EDGE_LOOP('',(#980,#988,#994));
#980 = ORIENTED_EDGE('',*,*,#981,.T.);
#981 = EDGE_CURVE('',#22,#982,#984,.T.);
#982 = VERTEX_POINT('',#983);
#983 = CARTESIAN_POINT('',(46.,-25.,-80.));
#984 = LINE('',#985,#986);
#985 = CARTESIAN_POINT('',(50.,-25.,-80.));
#986 = VECTOR('',#987,1.);
#987 = DIRECTION('',(-1.,0.,0.));
#988 = ORIENTED_EDGE('',*,*,#989,.T.);
#989 = EDGE_CURVE('',#982,#960,#990,.T.);
#990 = LINE('',#991,#992);
#991 = CARTESIAN_POINT('',(46.,-25.,-80.));
#992 = VECTOR('',#993,1.);
#993 = DIRECTION('',(0.,0.,1.));
#994 = ORIENTED_EDGE('',*,*,#959,.T.);
#995 = PLANE('',#996);
#996 = AXIS2_PLACEMENT_3D('',#997,#998,#999);
#997 = CARTESIAN_POINT('',(47.012498047485,-25.,-0.987501952515));
#998 = DIRECTION('',(0.,1.,0.));
#999 = DIRECTION('',(0.,-0.,1.));
#1000 = ADVANCED_FACE('',(#1001),#1016,.T.);
#1001 = FACE_BOUND('',#1002,.T.);
#1002 = EDGE_LOOP('',(#1003,#1004,#1010));
#1003 = ORIENTED_EDGE('',*,*,#809,.F.);
#1004 = ORIENTED_EDGE('',*,*,#1005,.T.);
#1005 = EDGE_CURVE('',#802,#750,#1006,.T.);
#1006 = LINE('',#1007,#1008);
#1007 = CARTESIAN_POINT('',(-46.,-25.,80.));
#1008 = VECTOR('',#1009,1.);
#1009 = DIRECTION('',(0.,-1.,0.));
#1010 = ORIENTED_EDGE('',*,*,#1011,.F.);
#1011 = EDGE_CURVE('',#780,#750,#1012,.T.);
#1012 = LINE('',#1013,#1014);
#1013 = CARTESIAN_POINT('',(-46.,-25.,-80.));
#1014 = VECTOR('',#1015,1.);
#1015 = DIRECTION('',(0.,-9.374588039851E-03,0.999956057584));
#1016 = PLANE('',#1017);
#1017 = AXIS2_PLACEMENT_3D('',#1018,#1019,#1020);
#1018 = CARTESIAN_POINT('',(-46.,-25.37675777387,0.373242226122));
#1019 = DIRECTION('',(1.,0.,0.));
#1020 = DIRECTION('',(-0.,0.,1.));
#1021 = ADVANCED_FACE('',(#1022),#1048,.T.);
#1022 = FACE_BOUND('',#1023,.T.);
#1023 = EDGE_LOOP('',(#1024,#1034,#1042));
#1024 = ORIENTED_EDGE('',*,*,#1025,.T.);
#1025 = EDGE_CURVE('',#1026,#1028,#1030,.T.);
#1026 = VERTEX_POINT('',#1027);
#1027 = CARTESIAN_POINT('',(51.5,-26.5,80.));
#1028 = VERTEX_POINT('',#1029);
#1029 = CARTESIAN_POINT('',(46.,-26.5,-80.));
#1030 = LINE('',#1031,#1032);
#1031 = CARTESIAN_POINT('',(51.5,-26.5,80.));
#1032 = VECTOR('',#1033,1.);
#1033 = DIRECTION('',(-3.43547085329E-02,0.,-0.999409702775));
#1034 = ORIENTED_EDGE('',*,*,#1035,.T.);
#1035 = EDGE_CURVE('',#1028,#1036,#1038,.T.);
#1036 = VERTEX_POINT('',#1037);
#1037 = CARTESIAN_POINT('',(51.5,-26.5,-80.));
#1038 = LINE('',#1039,#1040);
#1039 = CARTESIAN_POINT('',(46.,-26.5,-80.));
#1040 = VECTOR('',#1041,1.);
#1041 = DIRECTION('',(1.,0.,0.));
#1042 = ORIENTED_EDGE('',*,*,#1043,.T.);
#1043 = EDGE_CURVE('',#1036,#1026,#1044,.T.);
#1044 = LINE('',#1045,#1046);
#1045 = CARTESIAN_POINT('',(51.5,-26.5,-80.));
#1046 = VECTOR('',#1047,1.);
#1047 = DIRECTION('',(0.,0.,1.));
#1048 = PLANE('',#1049);
#1049 = AXIS2_PLACEMENT_3D('',#1050,#1051,#1052);
#1050 = CARTESIAN_POINT('',(50.101374164751,-26.5,-1.351374164751));
#1051 = DIRECTION('',(-0.,-1.,-0.));
#1052 = DIRECTION('',(0.,0.,-1.));
#1053 = ADVANCED_FACE('',(#1054),#1071,.T.);
#1054 = FACE_BOUND('',#1055,.T.);
#1055 = EDGE_LOOP('',(#1056,#1057,#1065));
#1056 = ORIENTED_EDGE('',*,*,#1043,.F.);
#1057 = ORIENTED_EDGE('',*,*,#1058,.T.);
#1058 = EDGE_CURVE('',#1036,#1059,#1061,.T.);
#1059 = VERTEX_POINT('',#1060);
#1060 = CARTESIAN_POINT('',(51.5,26.5,-80.));
#1061 = LINE('',#1062,#1063);
#1062 = CARTESIAN_POINT('',(51.5,-26.5,-80.));
#1063 = VECTOR('',#1064,1.);
#1064 = DIRECTION('',(0.,1.,0.));
#1065 = ORIENTED_EDGE('',*,*,#1066,.T.);
#1066 = EDGE_CURVE('',#1059,#1026,#1067,.T.);
#1067 = LINE('',#1068,#1069);
#1068 = CARTESIAN_POINT('',(51.5,26.5,-80.));
#1069 = VECTOR('',#1070,1.);
#1070 = DIRECTION('',(0.,-0.314447318969,0.949274925189));
#1071 = PLANE('',#1072);
#1072 = AXIS2_PLACEMENT_3D('',#1073,#1074,#1075);
#1073 = CARTESIAN_POINT('',(51.5,-11.11257601608,-11.11257601608));
#1074 = DIRECTION('',(1.,0.,0.));
#1075 = DIRECTION('',(-0.,0.,1.));
#1076 = ADVANCED_FACE('',(#1077),#1094,.T.);
#1077 = FACE_BOUND('',#1078,.T.);
#1078 = EDGE_LOOP('',(#1079,#1087,#1093));
#1079 = ORIENTED_EDGE('',*,*,#1080,.T.);
#1080 = EDGE_CURVE('',#1026,#1081,#1083,.T.);
#1081 = VERTEX_POINT('',#1082);
#1082 = CARTESIAN_POINT('',(46.,-26.5,80.));
#1083 = LINE('',#1084,#1085);
#1084 = CARTESIAN_POINT('',(51.5,-26.5,80.));
#1085 = VECTOR('',#1086,1.);
#1086 = DIRECTION('',(-1.,0.,0.));
#1087 = ORIENTED_EDGE('',*,*,#1088,.T.);
#1088 = EDGE_CURVE('',#1081,#1028,#1089,.T.);
#1089 = LINE('',#1090,#1091);
#1090 = CARTESIAN_POINT('',(46.,-26.5,80.));
#1091 = VECTOR('',#1092,1.);
#1092 = DIRECTION('',(0.,0.,-1.));
#1093 = ORIENTED_EDGE('',*,*,#1025,.F.);
#1094 = PLANE('',#1095);
#1095 = AXIS2_PLACEMENT_3D('',#1096,#1097,#1098);
#1096 = CARTESIAN_POINT('',(47.398625835249,-26.5,1.351374164751));
#1097 = DIRECTION('',(-0.,-1.,-0.));
#1098 = DIRECTION('',(0.,0.,-1.));
#1099 = ADVANCED_FACE('',(#1100),#1117,.T.);
#1100 = FACE_BOUND('',#1101,.T.);
#1101 = EDGE_LOOP('',(#1102,#1103,#1111));
#1102 = ORIENTED_EDGE('',*,*,#1066,.F.);
#1103 = ORIENTED_EDGE('',*,*,#1104,.F.);
#1104 = EDGE_CURVE('',#1105,#1059,#1107,.T.);
#1105 = VERTEX_POINT('',#1106);
#1106 = CARTESIAN_POINT('',(51.5,26.5,80.));
#1107 = LINE('',#1108,#1109);
#1108 = CARTESIAN_POINT('',(51.5,26.5,80.));
#1109 = VECTOR('',#1110,1.);
#1110 = DIRECTION('',(0.,0.,-1.));
#1111 = ORIENTED_EDGE('',*,*,#1112,.T.);
#1112 = EDGE_CURVE('',#1105,#1026,#1113,.T.);
#1113 = LINE('',#1114,#1115);
#1114 = CARTESIAN_POINT('',(51.5,26.5,80.));
#1115 = VECTOR('',#1116,1.);
#1116 = DIRECTION('',(0.,-1.,0.));
#1117 = PLANE('',#1118);
#1118 = AXIS2_PLACEMENT_3D('',#1119,#1120,#1121);
#1119 = CARTESIAN_POINT('',(51.5,11.112576016088,11.112576016088));
#1120 = DIRECTION('',(1.,0.,0.));
#1121 = DIRECTION('',(-0.,0.,1.));
#1122 = ADVANCED_FACE('',(#1123),#1147,.T.);
#1123 = FACE_BOUND('',#1124,.T.);
#1124 = EDGE_LOOP('',(#1125,#1135,#1141));
#1125 = ORIENTED_EDGE('',*,*,#1126,.T.);
#1126 = EDGE_CURVE('',#1127,#1129,#1131,.T.);
#1127 = VERTEX_POINT('',#1128);
#1128 = CARTESIAN_POINT('',(-51.5,-26.5,-80.));
#1129 = VERTEX_POINT('',#1130);
#1130 = CARTESIAN_POINT('',(-46.,-26.5,-80.));
#1131 = LINE('',#1132,#1133);
#1132 = CARTESIAN_POINT('',(-51.5,-26.5,-80.));
#1133 = VECTOR('',#1134,1.);
#1134 = DIRECTION('',(1.,0.,0.));
#1135 = ORIENTED_EDGE('',*,*,#1136,.T.);
#1136 = EDGE_CURVE('',#1129,#750,#1137,.T.);
#1137 = LINE('',#1138,#1139);
#1138 = CARTESIAN_POINT('',(-46.,-26.5,-80.));
#1139 = VECTOR('',#1140,1.);
#1140 = DIRECTION('',(0.,0.,1.));
#1141 = ORIENTED_EDGE('',*,*,#1142,.T.);
#1142 = EDGE_CURVE('',#750,#1127,#1143,.T.);
#1143 = LINE('',#1144,#1145);
#1144 = CARTESIAN_POINT('',(-46.,-26.5,80.));
#1145 = VECTOR('',#1146,1.);
#1146 = DIRECTION('',(-3.43547085329E-02,0.,-0.999409702775));
#1147 = PLANE('',#1148);
#1148 = AXIS2_PLACEMENT_3D('',#1149,#1150,#1151);
#1149 = CARTESIAN_POINT('',(-47.39862583524,-26.5,-1.351374164751));
#1150 = DIRECTION('',(-0.,-1.,-0.));
#1151 = DIRECTION('',(0.,0.,-1.));
#1152 = ADVANCED_FACE('',(#1153),#1163,.T.);
#1153 = FACE_BOUND('',#1154,.T.);
#1154 = EDGE_LOOP('',(#1155,#1156,#1157));
#1155 = ORIENTED_EDGE('',*,*,#1142,.F.);
#1156 = ORIENTED_EDGE('',*,*,#749,.T.);
#1157 = ORIENTED_EDGE('',*,*,#1158,.T.);
#1158 = EDGE_CURVE('',#694,#1127,#1159,.T.);
#1159 = LINE('',#1160,#1161);
#1160 = CARTESIAN_POINT('',(-51.5,-26.5,80.));
#1161 = VECTOR('',#1162,1.);
#1162 = DIRECTION('',(0.,0.,-1.));
#1163 = PLANE('',#1164);
#1164 = AXIS2_PLACEMENT_3D('',#1165,#1166,#1167);
#1165 = CARTESIAN_POINT('',(-50.10137416475,-26.5,1.351374164751));
#1166 = DIRECTION('',(-0.,-1.,-0.));
#1167 = DIRECTION('',(0.,0.,-1.));
#1168 = ADVANCED_FACE('',(#1169),#1186,.T.);
#1169 = FACE_BOUND('',#1170,.T.);
#1170 = EDGE_LOOP('',(#1171,#1172,#1180));
#1171 = ORIENTED_EDGE('',*,*,#1158,.F.);
#1172 = ORIENTED_EDGE('',*,*,#1173,.T.);
#1173 = EDGE_CURVE('',#694,#1174,#1176,.T.);
#1174 = VERTEX_POINT('',#1175);
#1175 = CARTESIAN_POINT('',(-51.5,26.5,80.));
#1176 = LINE('',#1177,#1178);
#1177 = CARTESIAN_POINT('',(-51.5,-26.5,80.));
#1178 = VECTOR('',#1179,1.);
#1179 = DIRECTION('',(0.,1.,0.));
#1180 = ORIENTED_EDGE('',*,*,#1181,.T.);
#1181 = EDGE_CURVE('',#1174,#1127,#1182,.T.);
#1182 = LINE('',#1183,#1184);
#1183 = CARTESIAN_POINT('',(-51.5,26.5,80.));
#1184 = VECTOR('',#1185,1.);
#1185 = DIRECTION('',(0.,-0.314447318969,-0.949274925189));
#1186 = PLANE('',#1187);
#1187 = AXIS2_PLACEMENT_3D('',#1188,#1189,#1190);
#1188 = CARTESIAN_POINT('',(-51.5,-11.11257601608,11.112576016088));
#1189 = DIRECTION('',(-1.,-0.,-0.));
#1190 = DIRECTION('',(0.,0.,-1.));
#1191 = ADVANCED_FACE('',(#1192),#1209,.T.);
#1192 = FACE_BOUND('',#1193,.T.);
#1193 = EDGE_LOOP('',(#1194,#1195,#1203));
#1194 = ORIENTED_EDGE('',*,*,#1181,.F.);
#1195 = ORIENTED_EDGE('',*,*,#1196,.T.);
#1196 = EDGE_CURVE('',#1174,#1197,#1199,.T.);
#1197 = VERTEX_POINT('',#1198);
#1198 = CARTESIAN_POINT('',(-51.5,26.5,-80.));
#1199 = LINE('',#1200,#1201);
#1200 = CARTESIAN_POINT('',(-51.5,26.5,80.));
#1201 = VECTOR('',#1202,1.);
#1202 = DIRECTION('',(0.,0.,-1.));
#1203 = ORIENTED_EDGE('',*,*,#1204,.T.);
#1204 = EDGE_CURVE('',#1197,#1127,#1205,.T.);
#1205 = LINE('',#1206,#1207);
#1206 = CARTESIAN_POINT('',(-51.5,26.5,-80.));
#1207 = VECTOR('',#1208,1.);
#1208 = DIRECTION('',(0.,-1.,0.));
#1209 = PLANE('',#1210);
#1210 = AXIS2_PLACEMENT_3D('',#1211,#1212,#1213);
#1211 = CARTESIAN_POINT('',(-51.5,11.112576016088,-11.11257601608));
#1212 = DIRECTION('',(-1.,-0.,-0.));
#1213 = DIRECTION('',(0.,0.,-1.));
#1214 = ADVANCED_FACE('',(#1215),#1230,.T.);
#1215 = FACE_BOUND('',#1216,.T.);
#1216 = EDGE_LOOP('',(#1217,#1218,#1224));
#1217 = ORIENTED_EDGE('',*,*,#1196,.F.);
#1218 = ORIENTED_EDGE('',*,*,#1219,.T.);
#1219 = EDGE_CURVE('',#1174,#1059,#1220,.T.);
#1220 = LINE('',#1221,#1222);
#1221 = CARTESIAN_POINT('',(-51.5,26.5,80.));
#1222 = VECTOR('',#1223,1.);
#1223 = DIRECTION('',(0.541288698077,0.,-0.840836812547));
#1224 = ORIENTED_EDGE('',*,*,#1225,.T.);
#1225 = EDGE_CURVE('',#1059,#1197,#1226,.T.);
#1226 = LINE('',#1227,#1228);
#1227 = CARTESIAN_POINT('',(51.5,26.5,-80.));
#1228 = VECTOR('',#1229,1.);
#1229 = DIRECTION('',(-1.,0.,0.));
#1230 = PLANE('',#1231);
#1231 = AXIS2_PLACEMENT_3D('',#1232,#1233,#1234);
#1232 = CARTESIAN_POINT('',(-18.17834352263,26.5,-18.17834352263));
#1233 = DIRECTION('',(0.,1.,0.));
#1234 = DIRECTION('',(0.,-0.,1.));
#1235 = ADVANCED_FACE('',(#1236),#1246,.T.);
#1236 = FACE_BOUND('',#1237,.T.);
#1237 = EDGE_LOOP('',(#1238,#1244,#1245));
#1238 = ORIENTED_EDGE('',*,*,#1239,.T.);
#1239 = EDGE_CURVE('',#1174,#1105,#1240,.T.);
#1240 = LINE('',#1241,#1242);
#1241 = CARTESIAN_POINT('',(-51.5,26.5,80.));
#1242 = VECTOR('',#1243,1.);
#1243 = DIRECTION('',(1.,0.,0.));
#1244 = ORIENTED_EDGE('',*,*,#1104,.T.);
#1245 = ORIENTED_EDGE('',*,*,#1219,.F.);
#1246 = PLANE('',#1247);
#1247 = AXIS2_PLACEMENT_3D('',#1248,#1249,#1250);
#1248 = CARTESIAN_POINT('',(18.178343522639,26.5,18.178343522639));
#1249 = DIRECTION('',(0.,1.,0.));
#1250 = DIRECTION('',(0.,-0.,1.));
#1251 = ADVANCED_FACE('',(#1252),#1262,.T.);
#1252 = FACE_BOUND('',#1253,.T.);
#1253 = EDGE_LOOP('',(#1254,#1260,#1261));
#1254 = ORIENTED_EDGE('',*,*,#1255,.T.);
#1255 = EDGE_CURVE('',#1129,#780,#1256,.T.);
#1256 = LINE('',#1257,#1258);
#1257 = CARTESIAN_POINT('',(-46.,-26.5,-80.));
#1258 = VECTOR('',#1259,1.);
#1259 = DIRECTION('',(0.,1.,0.));
#1260 = ORIENTED_EDGE('',*,*,#1011,.T.);
#1261 = ORIENTED_EDGE('',*,*,#1136,.F.);
#1262 = PLANE('',#1263);
#1263 = AXIS2_PLACEMENT_3D('',#1264,#1265,#1266);
#1264 = CARTESIAN_POINT('',(-46.,-26.12324222612,-0.373242226122));
#1265 = DIRECTION('',(1.,0.,0.));
#1266 = DIRECTION('',(-0.,0.,1.));
#1267 = ADVANCED_FACE('',(#1268),#1283,.T.);
#1268 = FACE_BOUND('',#1269,.T.);
#1269 = EDGE_LOOP('',(#1270,#1276,#1277));
#1270 = ORIENTED_EDGE('',*,*,#1271,.T.);
#1271 = EDGE_CURVE('',#1028,#960,#1272,.T.);
#1272 = LINE('',#1273,#1274);
#1273 = CARTESIAN_POINT('',(46.,-26.5,-80.));
#1274 = VECTOR('',#1275,1.);
#1275 = DIRECTION('',(0.,9.374588039851E-03,0.999956057584));
#1276 = ORIENTED_EDGE('',*,*,#989,.F.);
#1277 = ORIENTED_EDGE('',*,*,#1278,.T.);
#1278 = EDGE_CURVE('',#982,#1028,#1279,.T.);
#1279 = LINE('',#1280,#1281);
#1280 = CARTESIAN_POINT('',(46.,-25.,-80.));
#1281 = VECTOR('',#1282,1.);
#1282 = DIRECTION('',(0.,-1.,0.));
#1283 = PLANE('',#1284);
#1284 = AXIS2_PLACEMENT_3D('',#1285,#1286,#1287);
#1285 = CARTESIAN_POINT('',(46.,-25.37675777387,-0.373242226122));
#1286 = DIRECTION('',(-1.,-0.,-0.));
#1287 = DIRECTION('',(0.,0.,-1.));
#1288 = ADVANCED_FACE('',(#1289),#1299,.T.);
#1289 = FACE_BOUND('',#1290,.T.);
#1290 = EDGE_LOOP('',(#1291,#1292,#1298));
#1291 = ORIENTED_EDGE('',*,*,#1088,.F.);
#1292 = ORIENTED_EDGE('',*,*,#1293,.T.);
#1293 = EDGE_CURVE('',#1081,#960,#1294,.T.);
#1294 = LINE('',#1295,#1296);
#1295 = CARTESIAN_POINT('',(46.,-26.5,80.));
#1296 = VECTOR('',#1297,1.);
#1297 = DIRECTION('',(0.,1.,0.));
#1298 = ORIENTED_EDGE('',*,*,#1271,.F.);
#1299 = PLANE('',#1300);
#1300 = AXIS2_PLACEMENT_3D('',#1301,#1302,#1303);
#1301 = CARTESIAN_POINT('',(46.,-26.12324222612,0.373242226122));
#1302 = DIRECTION('',(-1.,-0.,-0.));
#1303 = DIRECTION('',(0.,0.,-1.));
#1304 = ADVANCED_FACE('',(#1305),#1322,.T.);
#1305 = FACE_BOUND('',#1306,.T.);
#1306 = EDGE_LOOP('',(#1307,#1308,#1316));
#1307 = ORIENTED_EDGE('',*,*,#833,.F.);
#1308 = ORIENTED_EDGE('',*,*,#1309,.T.);
#1309 = EDGE_CURVE('',#826,#1310,#1312,.T.);
#1310 = VERTEX_POINT('',#1311);
#1311 = CARTESIAN_POINT('',(-45.,-6.739999771118,80.));
#1312 = LINE('',#1313,#1314);
#1313 = CARTESIAN_POINT('',(-50.,25.,80.));
#1314 = VECTOR('',#1315,1.);
#1315 = DIRECTION('',(0.155610968016,-0.987818417845,0.));
#1316 = ORIENTED_EDGE('',*,*,#1317,.F.);
#1317 = EDGE_CURVE('',#261,#1310,#1318,.T.);
#1318 = LINE('',#1319,#1320);
#1319 = CARTESIAN_POINT('',(-50.,-25.,80.));
#1320 = VECTOR('',#1321,1.);
#1321 = DIRECTION('',(0.264100532669,0.964495157398,0.));
#1322 = PLANE('',#1323);
#1323 = AXIS2_PLACEMENT_3D('',#1324,#1325,#1326);
#1324 = CARTESIAN_POINT('',(-48.73684497063,-7.019320101155E-02,80.));
#1325 = DIRECTION('',(-0.,-0.,-1.));
#1326 = DIRECTION('',(-1.,0.,0.));
#1327 = ADVANCED_FACE('',(#1328),#1354,.T.);
#1328 = FACE_BOUND('',#1329,.T.);
#1329 = EDGE_LOOP('',(#1330,#1340,#1348));
#1330 = ORIENTED_EDGE('',*,*,#1331,.T.);
#1331 = EDGE_CURVE('',#1332,#1334,#1336,.T.);
#1332 = VERTEX_POINT('',#1333);
#1333 = CARTESIAN_POINT('',(-42.5,-11.98999977111,-80.));
#1334 = VERTEX_POINT('',#1335);
#1335 = CARTESIAN_POINT('',(-42.5,-11.98999977111,80.));
#1336 = LINE('',#1337,#1338);
#1337 = CARTESIAN_POINT('',(-42.5,-11.98999977111,-80.));
#1338 = VECTOR('',#1339,1.);
#1339 = DIRECTION('',(0.,0.,1.));
#1340 = ORIENTED_EDGE('',*,*,#1341,.T.);
#1341 = EDGE_CURVE('',#1334,#1342,#1344,.T.);
#1342 = VERTEX_POINT('',#1343);
#1343 = CARTESIAN_POINT('',(-45.,-11.98999977111,-80.));
#1344 = LINE('',#1345,#1346);
#1345 = CARTESIAN_POINT('',(-42.5,-11.98999977111,80.));
#1346 = VECTOR('',#1347,1.);
#1347 = DIRECTION('',(-1.562309300054E-02,0.,-0.999877952035));
#1348 = ORIENTED_EDGE('',*,*,#1349,.T.);
#1349 = EDGE_CURVE('',#1342,#1332,#1350,.T.);
#1350 = LINE('',#1351,#1352);
#1351 = CARTESIAN_POINT('',(-45.,-11.98999977111,-80.));
#1352 = VECTOR('',#1353,1.);
#1353 = DIRECTION('',(1.,0.,0.));
#1354 = PLANE('',#1355);
#1355 = AXIS2_PLACEMENT_3D('',#1356,#1357,#1358);
#1356 = CARTESIAN_POINT('',(-43.12988251451,-11.98999977111,
    -0.620117485487));
#1357 = DIRECTION('',(-0.,-1.,-0.));
#1358 = DIRECTION('',(0.,0.,-1.));
#1359 = ADVANCED_FACE('',(#1360),#1377,.T.);
#1360 = FACE_BOUND('',#1361,.T.);
#1361 = EDGE_LOOP('',(#1362,#1370,#1376));
#1362 = ORIENTED_EDGE('',*,*,#1363,.T.);
#1363 = EDGE_CURVE('',#1332,#1364,#1366,.T.);
#1364 = VERTEX_POINT('',#1365);
#1365 = CARTESIAN_POINT('',(-42.5,-10.39000034332,-80.));
#1366 = LINE('',#1367,#1368);
#1367 = CARTESIAN_POINT('',(-42.5,-11.98999977111,-80.));
#1368 = VECTOR('',#1369,1.);
#1369 = DIRECTION('',(0.,1.,0.));
#1370 = ORIENTED_EDGE('',*,*,#1371,.T.);
#1371 = EDGE_CURVE('',#1364,#1334,#1372,.T.);
#1372 = LINE('',#1373,#1374);
#1373 = CARTESIAN_POINT('',(-42.5,-10.39000034332,-80.));
#1374 = VECTOR('',#1375,1.);
#1375 = DIRECTION('',(0.,-9.999496461755E-03,0.999950003785));
#1376 = ORIENTED_EDGE('',*,*,#1331,.F.);
#1377 = PLANE('',#1378);
#1378 = AXIS2_PLACEMENT_3D('',#1379,#1380,#1381);
#1379 = CARTESIAN_POINT('',(-42.5,-11.58799996559,-0.397999908377));
#1380 = DIRECTION('',(1.,0.,0.));
#1381 = DIRECTION('',(-0.,0.,1.));
#1382 = ADVANCED_FACE('',(#1383),#1400,.T.);
#1383 = FACE_BOUND('',#1384,.T.);
#1384 = EDGE_LOOP('',(#1385,#1386,#1394));
#1385 = ORIENTED_EDGE('',*,*,#1341,.F.);
#1386 = ORIENTED_EDGE('',*,*,#1387,.T.);
#1387 = EDGE_CURVE('',#1334,#1388,#1390,.T.);
#1388 = VERTEX_POINT('',#1389);
#1389 = CARTESIAN_POINT('',(-45.,-11.98999977111,80.));
#1390 = LINE('',#1391,#1392);
#1391 = CARTESIAN_POINT('',(-42.5,-11.98999977111,80.));
#1392 = VECTOR('',#1393,1.);
#1393 = DIRECTION('',(-1.,0.,0.));
#1394 = ORIENTED_EDGE('',*,*,#1395,.T.);
#1395 = EDGE_CURVE('',#1388,#1342,#1396,.T.);
#1396 = LINE('',#1397,#1398);
#1397 = CARTESIAN_POINT('',(-45.,-11.98999977111,80.));
#1398 = VECTOR('',#1399,1.);
#1399 = DIRECTION('',(0.,0.,-1.));
#1400 = PLANE('',#1401);
#1401 = AXIS2_PLACEMENT_3D('',#1402,#1403,#1404);
#1402 = CARTESIAN_POINT('',(-44.37011748548,-11.98999977111,
    0.620117485487));
#1403 = DIRECTION('',(-0.,-1.,-0.));
#1404 = DIRECTION('',(0.,0.,-1.));
#1405 = ADVANCED_FACE('',(#1406),#1423,.T.);
#1406 = FACE_BOUND('',#1407,.T.);
#1407 = EDGE_LOOP('',(#1408,#1409,#1417));
#1408 = ORIENTED_EDGE('',*,*,#1395,.F.);
#1409 = ORIENTED_EDGE('',*,*,#1410,.T.);
#1410 = EDGE_CURVE('',#1388,#1411,#1413,.T.);
#1411 = VERTEX_POINT('',#1412);
#1412 = CARTESIAN_POINT('',(-45.,-10.39000034332,80.));
#1413 = LINE('',#1414,#1415);
#1414 = CARTESIAN_POINT('',(-45.,-11.98999977111,80.));
#1415 = VECTOR('',#1416,1.);
#1416 = DIRECTION('',(0.,1.,0.));
#1417 = ORIENTED_EDGE('',*,*,#1418,.F.);
#1418 = EDGE_CURVE('',#1342,#1411,#1419,.T.);
#1419 = LINE('',#1420,#1421);
#1420 = CARTESIAN_POINT('',(-45.,-11.98999977111,-80.));
#1421 = VECTOR('',#1422,1.);
#1422 = DIRECTION('',(0.,9.999496461755E-03,0.999950003785));
#1423 = PLANE('',#1424);
#1424 = AXIS2_PLACEMENT_3D('',#1425,#1426,#1427);
#1425 = CARTESIAN_POINT('',(-45.,-11.58799996559,0.397999908377));
#1426 = DIRECTION('',(-1.,-0.,-0.));
#1427 = DIRECTION('',(0.,0.,-1.));
#1428 = ADVANCED_FACE('',(#1429),#1446,.T.);
#1429 = FACE_BOUND('',#1430,.T.);
#1430 = EDGE_LOOP('',(#1431,#1432,#1440));
#1431 = ORIENTED_EDGE('',*,*,#1418,.T.);
#1432 = ORIENTED_EDGE('',*,*,#1433,.T.);
#1433 = EDGE_CURVE('',#1411,#1434,#1436,.T.);
#1434 = VERTEX_POINT('',#1435);
#1435 = CARTESIAN_POINT('',(-45.,-10.39000034332,-80.));
#1436 = LINE('',#1437,#1438);
#1437 = CARTESIAN_POINT('',(-45.,-10.39000034332,80.));
#1438 = VECTOR('',#1439,1.);
#1439 = DIRECTION('',(0.,0.,-1.));
#1440 = ORIENTED_EDGE('',*,*,#1441,.T.);
#1441 = EDGE_CURVE('',#1434,#1342,#1442,.T.);
#1442 = LINE('',#1443,#1444);
#1443 = CARTESIAN_POINT('',(-45.,-10.39000034332,-80.));
#1444 = VECTOR('',#1445,1.);
#1445 = DIRECTION('',(0.,-1.,0.));
#1446 = PLANE('',#1447);
#1447 = AXIS2_PLACEMENT_3D('',#1448,#1449,#1450);
#1448 = CARTESIAN_POINT('',(-45.,-10.79200014884,-0.397999908377));
#1449 = DIRECTION('',(-1.,-0.,-0.));
#1450 = DIRECTION('',(0.,0.,-1.));
#1451 = ADVANCED_FACE('',(#1452),#1467,.T.);
#1452 = FACE_BOUND('',#1453,.T.);
#1453 = EDGE_LOOP('',(#1454,#1455,#1461));
#1454 = ORIENTED_EDGE('',*,*,#1433,.F.);
#1455 = ORIENTED_EDGE('',*,*,#1456,.T.);
#1456 = EDGE_CURVE('',#1411,#1364,#1457,.T.);
#1457 = LINE('',#1458,#1459);
#1458 = CARTESIAN_POINT('',(-45.,-10.39000034332,80.));
#1459 = VECTOR('',#1460,1.);
#1460 = DIRECTION('',(1.562309300054E-02,0.,-0.999877952035));
#1461 = ORIENTED_EDGE('',*,*,#1462,.T.);
#1462 = EDGE_CURVE('',#1364,#1434,#1463,.T.);
#1463 = LINE('',#1464,#1465);
#1464 = CARTESIAN_POINT('',(-42.5,-10.39000034332,-80.));
#1465 = VECTOR('',#1466,1.);
#1466 = DIRECTION('',(-1.,0.,0.));
#1467 = PLANE('',#1468);
#1468 = AXIS2_PLACEMENT_3D('',#1469,#1470,#1471);
#1469 = CARTESIAN_POINT('',(-44.37011748548,-10.39000034332,
    -0.620117485487));
#1470 = DIRECTION('',(0.,1.,0.));
#1471 = DIRECTION('',(0.,-0.,1.));
#1472 = ADVANCED_FACE('',(#1473),#1490,.T.);
#1473 = FACE_BOUND('',#1474,.T.);
#1474 = EDGE_LOOP('',(#1475,#1483,#1489));
#1475 = ORIENTED_EDGE('',*,*,#1476,.T.);
#1476 = EDGE_CURVE('',#1364,#1477,#1479,.T.);
#1477 = VERTEX_POINT('',#1478);
#1478 = CARTESIAN_POINT('',(-42.5,-10.39000034332,80.));
#1479 = LINE('',#1480,#1481);
#1480 = CARTESIAN_POINT('',(-42.5,-10.39000034332,-80.));
#1481 = VECTOR('',#1482,1.);
#1482 = DIRECTION('',(0.,0.,1.));
#1483 = ORIENTED_EDGE('',*,*,#1484,.T.);
#1484 = EDGE_CURVE('',#1477,#1334,#1485,.T.);
#1485 = LINE('',#1486,#1487);
#1486 = CARTESIAN_POINT('',(-42.5,-10.39000034332,80.));
#1487 = VECTOR('',#1488,1.);
#1488 = DIRECTION('',(0.,-1.,0.));
#1489 = ORIENTED_EDGE('',*,*,#1371,.F.);
#1490 = PLANE('',#1491);
#1491 = AXIS2_PLACEMENT_3D('',#1492,#1493,#1494);
#1492 = CARTESIAN_POINT('',(-42.5,-10.79200014884,0.397999908377));
#1493 = DIRECTION('',(1.,0.,0.));
#1494 = DIRECTION('',(-0.,0.,1.));
#1495 = ADVANCED_FACE('',(#1496),#1506,.T.);
#1496 = FACE_BOUND('',#1497,.T.);
#1497 = EDGE_LOOP('',(#1498,#1499,#1500));
#1498 = ORIENTED_EDGE('',*,*,#1476,.F.);
#1499 = ORIENTED_EDGE('',*,*,#1456,.F.);
#1500 = ORIENTED_EDGE('',*,*,#1501,.T.);
#1501 = EDGE_CURVE('',#1411,#1477,#1502,.T.);
#1502 = LINE('',#1503,#1504);
#1503 = CARTESIAN_POINT('',(-45.,-10.39000034332,80.));
#1504 = VECTOR('',#1505,1.);
#1505 = DIRECTION('',(1.,0.,0.));
#1506 = PLANE('',#1507);
#1507 = AXIS2_PLACEMENT_3D('',#1508,#1509,#1510);
#1508 = CARTESIAN_POINT('',(-43.12988251451,-10.39000034332,
    0.620117485487));
#1509 = DIRECTION('',(0.,1.,0.));
#1510 = DIRECTION('',(0.,-0.,1.));
#1511 = ADVANCED_FACE('',(#1512),#1527,.T.);
#1512 = FACE_BOUND('',#1513,.T.);
#1513 = EDGE_LOOP('',(#1514,#1520,#1521));
#1514 = ORIENTED_EDGE('',*,*,#1515,.T.);
#1515 = EDGE_CURVE('',#261,#1411,#1516,.T.);
#1516 = LINE('',#1517,#1518);
#1517 = CARTESIAN_POINT('',(-50.,-25.,80.));
#1518 = VECTOR('',#1519,1.);
#1519 = DIRECTION('',(0.323794477773,0.946127441819,0.));
#1520 = ORIENTED_EDGE('',*,*,#1410,.F.);
#1521 = ORIENTED_EDGE('',*,*,#1522,.F.);
#1522 = EDGE_CURVE('',#261,#1388,#1523,.T.);
#1523 = LINE('',#1524,#1525);
#1524 = CARTESIAN_POINT('',(-50.,-25.,80.));
#1525 = VECTOR('',#1526,1.);
#1526 = DIRECTION('',(0.358738670007,0.93343803578,0.));
#1527 = PLANE('',#1528);
#1528 = AXIS2_PLACEMENT_3D('',#1529,#1530,#1531);
#1529 = CARTESIAN_POINT('',(-47.3708828866,-17.71895713365,80.));
#1530 = DIRECTION('',(-0.,-0.,-1.));
#1531 = DIRECTION('',(-1.,0.,0.));
#1532 = ADVANCED_FACE('',(#1533),#1559,.T.);
#1533 = FACE_BOUND('',#1534,.T.);
#1534 = EDGE_LOOP('',(#1535,#1545,#1553));
#1535 = ORIENTED_EDGE('',*,*,#1536,.T.);
#1536 = EDGE_CURVE('',#1537,#1539,#1541,.T.);
#1537 = VERTEX_POINT('',#1538);
#1538 = CARTESIAN_POINT('',(-45.,-17.23999977111,-80.));
#1539 = VERTEX_POINT('',#1540);
#1540 = CARTESIAN_POINT('',(-45.,-15.64000034332,80.));
#1541 = LINE('',#1542,#1543);
#1542 = CARTESIAN_POINT('',(-45.,-17.23999977111,-80.));
#1543 = VECTOR('',#1544,1.);
#1544 = DIRECTION('',(0.,9.999496461755E-03,0.999950003785));
#1545 = ORIENTED_EDGE('',*,*,#1546,.T.);
#1546 = EDGE_CURVE('',#1539,#1547,#1549,.T.);
#1547 = VERTEX_POINT('',#1548);
#1548 = CARTESIAN_POINT('',(-45.,-15.64000034332,-80.));
#1549 = LINE('',#1550,#1551);
#1550 = CARTESIAN_POINT('',(-45.,-15.64000034332,80.));
#1551 = VECTOR('',#1552,1.);
#1552 = DIRECTION('',(0.,0.,-1.));
#1553 = ORIENTED_EDGE('',*,*,#1554,.T.);
#1554 = EDGE_CURVE('',#1547,#1537,#1555,.T.);
#1555 = LINE('',#1556,#1557);
#1556 = CARTESIAN_POINT('',(-45.,-15.64000034332,-80.));
#1557 = VECTOR('',#1558,1.);
#1558 = DIRECTION('',(0.,-1.,0.));
#1559 = PLANE('',#1560);
#1560 = AXIS2_PLACEMENT_3D('',#1561,#1562,#1563);
#1561 = CARTESIAN_POINT('',(-45.,-16.04200014884,-0.397999908377));
#1562 = DIRECTION('',(-1.,-0.,-0.));
#1563 = DIRECTION('',(0.,0.,-1.));
#1564 = ADVANCED_FACE('',(#1565),#1582,.T.);
#1565 = FACE_BOUND('',#1566,.T.);
#1566 = EDGE_LOOP('',(#1567,#1568,#1576));
#1567 = ORIENTED_EDGE('',*,*,#1546,.F.);
#1568 = ORIENTED_EDGE('',*,*,#1569,.T.);
#1569 = EDGE_CURVE('',#1539,#1570,#1572,.T.);
#1570 = VERTEX_POINT('',#1571);
#1571 = CARTESIAN_POINT('',(-42.5,-15.64000034332,-80.));
#1572 = LINE('',#1573,#1574);
#1573 = CARTESIAN_POINT('',(-45.,-15.64000034332,80.));
#1574 = VECTOR('',#1575,1.);
#1575 = DIRECTION('',(1.562309300054E-02,0.,-0.999877952035));
#1576 = ORIENTED_EDGE('',*,*,#1577,.T.);
#1577 = EDGE_CURVE('',#1570,#1547,#1578,.T.);
#1578 = LINE('',#1579,#1580);
#1579 = CARTESIAN_POINT('',(-42.5,-15.64000034332,-80.));
#1580 = VECTOR('',#1581,1.);
#1581 = DIRECTION('',(-1.,0.,0.));
#1582 = PLANE('',#1583);
#1583 = AXIS2_PLACEMENT_3D('',#1584,#1585,#1586);
#1584 = CARTESIAN_POINT('',(-44.37011748548,-15.64000034332,
    -0.620117485487));
#1585 = DIRECTION('',(0.,1.,0.));
#1586 = DIRECTION('',(0.,-0.,1.));
#1587 = ADVANCED_FACE('',(#1588),#1605,.T.);
#1588 = FACE_BOUND('',#1589,.T.);
#1589 = EDGE_LOOP('',(#1590,#1598,#1604));
#1590 = ORIENTED_EDGE('',*,*,#1591,.T.);
#1591 = EDGE_CURVE('',#1537,#1592,#1594,.T.);
#1592 = VERTEX_POINT('',#1593);
#1593 = CARTESIAN_POINT('',(-45.,-17.23999977111,80.));
#1594 = LINE('',#1595,#1596);
#1595 = CARTESIAN_POINT('',(-45.,-17.23999977111,-80.));
#1596 = VECTOR('',#1597,1.);
#1597 = DIRECTION('',(0.,0.,1.));
#1598 = ORIENTED_EDGE('',*,*,#1599,.T.);
#1599 = EDGE_CURVE('',#1592,#1539,#1600,.T.);
#1600 = LINE('',#1601,#1602);
#1601 = CARTESIAN_POINT('',(-45.,-17.23999977111,80.));
#1602 = VECTOR('',#1603,1.);
#1603 = DIRECTION('',(0.,1.,0.));
#1604 = ORIENTED_EDGE('',*,*,#1536,.F.);
#1605 = PLANE('',#1606);
#1606 = AXIS2_PLACEMENT_3D('',#1607,#1608,#1609);
#1607 = CARTESIAN_POINT('',(-45.,-16.83799996559,0.397999908377));
#1608 = DIRECTION('',(-1.,-0.,-0.));
#1609 = DIRECTION('',(0.,0.,-1.));
#1610 = ADVANCED_FACE('',(#1611),#1628,.T.);
#1611 = FACE_BOUND('',#1612,.T.);
#1612 = EDGE_LOOP('',(#1613,#1614,#1622));
#1613 = ORIENTED_EDGE('',*,*,#1591,.F.);
#1614 = ORIENTED_EDGE('',*,*,#1615,.F.);
#1615 = EDGE_CURVE('',#1616,#1537,#1618,.T.);
#1616 = VERTEX_POINT('',#1617);
#1617 = CARTESIAN_POINT('',(-42.5,-17.23999977111,80.));
#1618 = LINE('',#1619,#1620);
#1619 = CARTESIAN_POINT('',(-42.5,-17.23999977111,80.));
#1620 = VECTOR('',#1621,1.);
#1621 = DIRECTION('',(-1.562309300054E-02,0.,-0.999877952035));
#1622 = ORIENTED_EDGE('',*,*,#1623,.T.);
#1623 = EDGE_CURVE('',#1616,#1592,#1624,.T.);
#1624 = LINE('',#1625,#1626);
#1625 = CARTESIAN_POINT('',(-42.5,-17.23999977111,80.));
#1626 = VECTOR('',#1627,1.);
#1627 = DIRECTION('',(-1.,0.,0.));
#1628 = PLANE('',#1629);
#1629 = AXIS2_PLACEMENT_3D('',#1630,#1631,#1632);
#1630 = CARTESIAN_POINT('',(-44.37011748548,-17.23999977111,
    0.620117485487));
#1631 = DIRECTION('',(-0.,-1.,-0.));
#1632 = DIRECTION('',(0.,0.,-1.));
#1633 = ADVANCED_FACE('',(#1634),#1651,.T.);
#1634 = FACE_BOUND('',#1635,.T.);
#1635 = EDGE_LOOP('',(#1636,#1644,#1645));
#1636 = ORIENTED_EDGE('',*,*,#1637,.T.);
#1637 = EDGE_CURVE('',#1638,#1616,#1640,.T.);
#1638 = VERTEX_POINT('',#1639);
#1639 = CARTESIAN_POINT('',(-42.5,-17.23999977111,-80.));
#1640 = LINE('',#1641,#1642);
#1641 = CARTESIAN_POINT('',(-42.5,-17.23999977111,-80.));
#1642 = VECTOR('',#1643,1.);
#1643 = DIRECTION('',(0.,0.,1.));
#1644 = ORIENTED_EDGE('',*,*,#1615,.T.);
#1645 = ORIENTED_EDGE('',*,*,#1646,.T.);
#1646 = EDGE_CURVE('',#1537,#1638,#1647,.T.);
#1647 = LINE('',#1648,#1649);
#1648 = CARTESIAN_POINT('',(-45.,-17.23999977111,-80.));
#1649 = VECTOR('',#1650,1.);
#1650 = DIRECTION('',(1.,0.,0.));
#1651 = PLANE('',#1652);
#1652 = AXIS2_PLACEMENT_3D('',#1653,#1654,#1655);
#1653 = CARTESIAN_POINT('',(-43.12988251451,-17.23999977111,
    -0.620117485487));
#1654 = DIRECTION('',(-0.,-1.,-0.));
#1655 = DIRECTION('',(0.,0.,-1.));
#1656 = ADVANCED_FACE('',(#1657),#1672,.T.);
#1657 = FACE_BOUND('',#1658,.T.);
#1658 = EDGE_LOOP('',(#1659,#1665,#1671));
#1659 = ORIENTED_EDGE('',*,*,#1660,.T.);
#1660 = EDGE_CURVE('',#1638,#1570,#1661,.T.);
#1661 = LINE('',#1662,#1663);
#1662 = CARTESIAN_POINT('',(-42.5,-17.23999977111,-80.));
#1663 = VECTOR('',#1664,1.);
#1664 = DIRECTION('',(0.,1.,0.));
#1665 = ORIENTED_EDGE('',*,*,#1666,.T.);
#1666 = EDGE_CURVE('',#1570,#1616,#1667,.T.);
#1667 = LINE('',#1668,#1669);
#1668 = CARTESIAN_POINT('',(-42.5,-15.64000034332,-80.));
#1669 = VECTOR('',#1670,1.);
#1670 = DIRECTION('',(0.,-9.999496461755E-03,0.999950003785));
#1671 = ORIENTED_EDGE('',*,*,#1637,.F.);
#1672 = PLANE('',#1673);
#1673 = AXIS2_PLACEMENT_3D('',#1674,#1675,#1676);
#1674 = CARTESIAN_POINT('',(-42.5,-16.83799996559,-0.397999908377));
#1675 = DIRECTION('',(1.,0.,0.));
#1676 = DIRECTION('',(-0.,0.,1.));
#1677 = ADVANCED_FACE('',(#1678),#1695,.T.);
#1678 = FACE_BOUND('',#1679,.T.);
#1679 = EDGE_LOOP('',(#1680,#1688,#1694));
#1680 = ORIENTED_EDGE('',*,*,#1681,.T.);
#1681 = EDGE_CURVE('',#1570,#1682,#1684,.T.);
#1682 = VERTEX_POINT('',#1683);
#1683 = CARTESIAN_POINT('',(-42.5,-15.64000034332,80.));
#1684 = LINE('',#1685,#1686);
#1685 = CARTESIAN_POINT('',(-42.5,-15.64000034332,-80.));
#1686 = VECTOR('',#1687,1.);
#1687 = DIRECTION('',(0.,0.,1.));
#1688 = ORIENTED_EDGE('',*,*,#1689,.T.);
#1689 = EDGE_CURVE('',#1682,#1616,#1690,.T.);
#1690 = LINE('',#1691,#1692);
#1691 = CARTESIAN_POINT('',(-42.5,-15.64000034332,80.));
#1692 = VECTOR('',#1693,1.);
#1693 = DIRECTION('',(0.,-1.,0.));
#1694 = ORIENTED_EDGE('',*,*,#1666,.F.);
#1695 = PLANE('',#1696);
#1696 = AXIS2_PLACEMENT_3D('',#1697,#1698,#1699);
#1697 = CARTESIAN_POINT('',(-42.5,-16.04200014884,0.397999908377));
#1698 = DIRECTION('',(1.,0.,0.));
#1699 = DIRECTION('',(-0.,0.,1.));
#1700 = ADVANCED_FACE('',(#1701),#1711,.T.);
#1701 = FACE_BOUND('',#1702,.T.);
#1702 = EDGE_LOOP('',(#1703,#1704,#1705));
#1703 = ORIENTED_EDGE('',*,*,#1681,.F.);
#1704 = ORIENTED_EDGE('',*,*,#1569,.F.);
#1705 = ORIENTED_EDGE('',*,*,#1706,.T.);
#1706 = EDGE_CURVE('',#1539,#1682,#1707,.T.);
#1707 = LINE('',#1708,#1709);
#1708 = CARTESIAN_POINT('',(-45.,-15.64000034332,80.));
#1709 = VECTOR('',#1710,1.);
#1710 = DIRECTION('',(1.,0.,0.));
#1711 = PLANE('',#1712);
#1712 = AXIS2_PLACEMENT_3D('',#1713,#1714,#1715);
#1713 = CARTESIAN_POINT('',(-43.12988251451,-15.64000034332,
    0.620117485487));
#1714 = DIRECTION('',(0.,1.,0.));
#1715 = DIRECTION('',(0.,-0.,1.));
#1716 = ADVANCED_FACE('',(#1717),#1732,.T.);
#1717 = FACE_BOUND('',#1718,.T.);
#1718 = EDGE_LOOP('',(#1719,#1725,#1726));
#1719 = ORIENTED_EDGE('',*,*,#1720,.T.);
#1720 = EDGE_CURVE('',#261,#1539,#1721,.T.);
#1721 = LINE('',#1722,#1723);
#1722 = CARTESIAN_POINT('',(-50.,-25.,80.));
#1723 = VECTOR('',#1724,1.);
#1724 = DIRECTION('',(0.471175075501,0.882039708985,0.));
#1725 = ORIENTED_EDGE('',*,*,#1599,.F.);
#1726 = ORIENTED_EDGE('',*,*,#1727,.T.);
#1727 = EDGE_CURVE('',#1592,#261,#1728,.T.);
#1728 = LINE('',#1729,#1730);
#1729 = CARTESIAN_POINT('',(-45.,-17.23999977111,80.));
#1730 = VECTOR('',#1731,1.);
#1731 = DIRECTION('',(-0.541633285777,-0.840614884319,0.));
#1732 = PLANE('',#1733);
#1733 = AXIS2_PLACEMENT_3D('',#1734,#1735,#1736);
#1734 = CARTESIAN_POINT('',(-47.31345991172,-20.37489287181,80.));
#1735 = DIRECTION('',(-0.,-0.,-1.));
#1736 = DIRECTION('',(-1.,0.,0.));
#1737 = ADVANCED_FACE('',(#1738),#1748,.T.);
#1738 = FACE_BOUND('',#1739,.T.);
#1739 = EDGE_LOOP('',(#1740,#1741,#1742));
#1740 = ORIENTED_EDGE('',*,*,#1727,.F.);
#1741 = ORIENTED_EDGE('',*,*,#1623,.F.);
#1742 = ORIENTED_EDGE('',*,*,#1743,.T.);
#1743 = EDGE_CURVE('',#1616,#261,#1744,.T.);
#1744 = LINE('',#1745,#1746);
#1745 = CARTESIAN_POINT('',(-42.5,-17.23999977111,80.));
#1746 = VECTOR('',#1747,1.);
#1747 = DIRECTION('',(-0.694958216008,-0.719050122038,0.));
#1748 = PLANE('',#1749);
#1749 = AXIS2_PLACEMENT_3D('',#1750,#1751,#1752);
#1750 = CARTESIAN_POINT('',(-46.48483059798,-20.68933576917,80.));
#1751 = DIRECTION('',(-0.,-0.,-1.));
#1752 = DIRECTION('',(-1.,0.,0.));
#1753 = ADVANCED_FACE('',(#1754),#1764,.T.);
#1754 = FACE_BOUND('',#1755,.T.);
#1755 = EDGE_LOOP('',(#1756,#1757,#1763));
#1756 = ORIENTED_EDGE('',*,*,#1522,.T.);
#1757 = ORIENTED_EDGE('',*,*,#1758,.T.);
#1758 = EDGE_CURVE('',#1388,#1539,#1759,.T.);
#1759 = LINE('',#1760,#1761);
#1760 = CARTESIAN_POINT('',(-45.,-11.98999977111,80.));
#1761 = VECTOR('',#1762,1.);
#1762 = DIRECTION('',(0.,-1.,0.));
#1763 = ORIENTED_EDGE('',*,*,#1720,.F.);
#1764 = PLANE('',#1765);
#1765 = AXIS2_PLACEMENT_3D('',#1766,#1767,#1768);
#1766 = CARTESIAN_POINT('',(-47.1764125338,-18.576011114,80.));
#1767 = DIRECTION('',(-0.,-0.,-1.));
#1768 = DIRECTION('',(-1.,0.,0.));
#1769 = ADVANCED_FACE('',(#1770),#1780,.T.);
#1770 = FACE_BOUND('',#1771,.T.);
#1771 = EDGE_LOOP('',(#1772,#1773,#1779));
#1772 = ORIENTED_EDGE('',*,*,#1317,.T.);
#1773 = ORIENTED_EDGE('',*,*,#1774,.T.);
#1774 = EDGE_CURVE('',#1310,#1411,#1775,.T.);
#1775 = LINE('',#1776,#1777);
#1776 = CARTESIAN_POINT('',(-45.,-6.739999771118,80.));
#1777 = VECTOR('',#1778,1.);
#1778 = DIRECTION('',(0.,-1.,0.));
#1779 = ORIENTED_EDGE('',*,*,#1515,.F.);
#1780 = PLANE('',#1781);
#1781 = AXIS2_PLACEMENT_3D('',#1782,#1783,#1784);
#1782 = CARTESIAN_POINT('',(-47.26002044846,-15.90992741131,80.));
#1783 = DIRECTION('',(-0.,-0.,-1.));
#1784 = DIRECTION('',(-1.,0.,0.));
#1785 = ADVANCED_FACE('',(#1786),#1801,.T.);
#1786 = FACE_BOUND('',#1787,.T.);
#1787 = EDGE_LOOP('',(#1788,#1794,#1800));
#1788 = ORIENTED_EDGE('',*,*,#1789,.T.);
#1789 = EDGE_CURVE('',#1539,#1334,#1790,.T.);
#1790 = LINE('',#1791,#1792);
#1791 = CARTESIAN_POINT('',(-45.,-15.64000034332,80.));
#1792 = VECTOR('',#1793,1.);
#1793 = DIRECTION('',(0.565088945403,0.825029989627,0.));
#1794 = ORIENTED_EDGE('',*,*,#1795,.T.);
#1795 = EDGE_CURVE('',#1334,#1682,#1796,.T.);
#1796 = LINE('',#1797,#1798);
#1797 = CARTESIAN_POINT('',(-42.5,-11.98999977111,80.));
#1798 = VECTOR('',#1799,1.);
#1799 = DIRECTION('',(0.,-1.,0.));
#1800 = ORIENTED_EDGE('',*,*,#1706,.F.);
#1801 = PLANE('',#1802);
#1802 = AXIS2_PLACEMENT_3D('',#1803,#1804,#1805);
#1803 = CARTESIAN_POINT('',(-43.31852043138,-14.24647962583,80.));
#1804 = DIRECTION('',(-0.,-0.,-1.));
#1805 = DIRECTION('',(-1.,0.,0.));
#1806 = ADVANCED_FACE('',(#1807),#1812,.T.);
#1807 = FACE_BOUND('',#1808,.T.);
#1808 = EDGE_LOOP('',(#1809,#1810,#1811));
#1809 = ORIENTED_EDGE('',*,*,#1758,.F.);
#1810 = ORIENTED_EDGE('',*,*,#1387,.F.);
#1811 = ORIENTED_EDGE('',*,*,#1789,.F.);
#1812 = PLANE('',#1813);
#1813 = AXIS2_PLACEMENT_3D('',#1814,#1815,#1816);
#1814 = CARTESIAN_POINT('',(-44.18147956861,-13.3835204886,80.));
#1815 = DIRECTION('',(-0.,-0.,-1.));
#1816 = DIRECTION('',(-1.,0.,0.));
#1817 = ADVANCED_FACE('',(#1818),#1828,.T.);
#1818 = FACE_BOUND('',#1819,.T.);
#1819 = EDGE_LOOP('',(#1820,#1821,#1827));
#1820 = ORIENTED_EDGE('',*,*,#1774,.F.);
#1821 = ORIENTED_EDGE('',*,*,#1822,.T.);
#1822 = EDGE_CURVE('',#1310,#1477,#1823,.T.);
#1823 = LINE('',#1824,#1825);
#1824 = CARTESIAN_POINT('',(-45.,-6.739999771118,80.));
#1825 = VECTOR('',#1826,1.);
#1826 = DIRECTION('',(0.565088945403,-0.825029989627,0.));
#1827 = ORIENTED_EDGE('',*,*,#1501,.F.);
#1828 = PLANE('',#1829);
#1829 = AXIS2_PLACEMENT_3D('',#1830,#1831,#1832);
#1830 = CARTESIAN_POINT('',(-44.18147956861,-8.996479625839,80.));
#1831 = DIRECTION('',(-0.,-0.,-1.));
#1832 = DIRECTION('',(-1.,0.,0.));
#1833 = ADVANCED_FACE('',(#1834),#1851,.T.);
#1834 = FACE_BOUND('',#1835,.T.);
#1835 = EDGE_LOOP('',(#1836,#1844,#1845));
#1836 = ORIENTED_EDGE('',*,*,#1837,.T.);
#1837 = EDGE_CURVE('',#1838,#1477,#1840,.T.);
#1838 = VERTEX_POINT('',#1839);
#1839 = CARTESIAN_POINT('',(-42.5,-6.739999771118,80.));
#1840 = LINE('',#1841,#1842);
#1841 = CARTESIAN_POINT('',(-42.5,-6.739999771118,80.));
#1842 = VECTOR('',#1843,1.);
#1843 = DIRECTION('',(0.,-1.,0.));
#1844 = ORIENTED_EDGE('',*,*,#1822,.F.);
#1845 = ORIENTED_EDGE('',*,*,#1846,.F.);
#1846 = EDGE_CURVE('',#1838,#1310,#1847,.T.);
#1847 = LINE('',#1848,#1849);
#1848 = CARTESIAN_POINT('',(-42.5,-6.739999771118,80.));
#1849 = VECTOR('',#1850,1.);
#1850 = DIRECTION('',(-1.,0.,0.));
#1851 = PLANE('',#1852);
#1852 = AXIS2_PLACEMENT_3D('',#1853,#1854,#1855);
#1853 = CARTESIAN_POINT('',(-43.31852043138,-8.133520488602,80.));
#1854 = DIRECTION('',(-0.,-0.,-1.));
#1855 = DIRECTION('',(-1.,0.,0.));
#1856 = ADVANCED_FACE('',(#1857),#1879,.T.);
#1857 = FACE_BOUND('',#1858,.T.);
#1858 = EDGE_LOOP('',(#1859,#1865,#1873));
#1859 = ORIENTED_EDGE('',*,*,#1860,.T.);
#1860 = EDGE_CURVE('',#55,#1838,#1861,.T.);
#1861 = LINE('',#1862,#1863);
#1862 = CARTESIAN_POINT('',(-42.5,-6.739999771118,-80.));
#1863 = VECTOR('',#1864,1.);
#1864 = DIRECTION('',(0.,0.,1.));
#1865 = ORIENTED_EDGE('',*,*,#1866,.T.);
#1866 = EDGE_CURVE('',#1838,#1867,#1869,.T.);
#1867 = VERTEX_POINT('',#1868);
#1868 = CARTESIAN_POINT('',(-45.,-6.739999771118,-80.));
#1869 = LINE('',#1870,#1871);
#1870 = CARTESIAN_POINT('',(-42.5,-6.739999771118,80.));
#1871 = VECTOR('',#1872,1.);
#1872 = DIRECTION('',(-1.562309300054E-02,0.,-0.999877952035));
#1873 = ORIENTED_EDGE('',*,*,#1874,.T.);
#1874 = EDGE_CURVE('',#1867,#55,#1875,.T.);
#1875 = LINE('',#1876,#1877);
#1876 = CARTESIAN_POINT('',(-45.,-6.739999771118,-80.));
#1877 = VECTOR('',#1878,1.);
#1878 = DIRECTION('',(1.,0.,0.));
#1879 = PLANE('',#1880);
#1880 = AXIS2_PLACEMENT_3D('',#1881,#1882,#1883);
#1881 = CARTESIAN_POINT('',(-43.12988251451,-6.739999771118,
    -0.620117485487));
#1882 = DIRECTION('',(-0.,-1.,-0.));
#1883 = DIRECTION('',(0.,0.,-1.));
#1884 = ADVANCED_FACE('',(#1885),#1895,.T.);
#1885 = FACE_BOUND('',#1886,.T.);
#1886 = EDGE_LOOP('',(#1887,#1888,#1894));
#1887 = ORIENTED_EDGE('',*,*,#54,.T.);
#1888 = ORIENTED_EDGE('',*,*,#1889,.T.);
#1889 = EDGE_CURVE('',#32,#1838,#1890,.T.);
#1890 = LINE('',#1891,#1892);
#1891 = CARTESIAN_POINT('',(-42.5,-5.139999866486,-80.));
#1892 = VECTOR('',#1893,1.);
#1893 = DIRECTION('',(0.,-9.99949944154E-03,0.999950003756));
#1894 = ORIENTED_EDGE('',*,*,#1860,.F.);
#1895 = PLANE('',#1896);
#1896 = AXIS2_PLACEMENT_3D('',#1897,#1898,#1899);
#1897 = CARTESIAN_POINT('',(-42.5,-6.337999845196,-0.398000026394));
#1898 = DIRECTION('',(1.,0.,0.));
#1899 = DIRECTION('',(-0.,0.,1.));
#1900 = ADVANCED_FACE('',(#1901),#1911,.T.);
#1901 = FACE_BOUND('',#1902,.T.);
#1902 = EDGE_LOOP('',(#1903,#1904,#1905));
#1903 = ORIENTED_EDGE('',*,*,#1866,.F.);
#1904 = ORIENTED_EDGE('',*,*,#1846,.T.);
#1905 = ORIENTED_EDGE('',*,*,#1906,.T.);
#1906 = EDGE_CURVE('',#1310,#1867,#1907,.T.);
#1907 = LINE('',#1908,#1909);
#1908 = CARTESIAN_POINT('',(-45.,-6.739999771118,80.));
#1909 = VECTOR('',#1910,1.);
#1910 = DIRECTION('',(0.,0.,-1.));
#1911 = PLANE('',#1912);
#1912 = AXIS2_PLACEMENT_3D('',#1913,#1914,#1915);
#1913 = CARTESIAN_POINT('',(-44.37011748548,-6.739999771118,
    0.620117485487));
#1914 = DIRECTION('',(-0.,-1.,-0.));
#1915 = DIRECTION('',(0.,0.,-1.));
#1916 = ADVANCED_FACE('',(#1917),#1934,.T.);
#1917 = FACE_BOUND('',#1918,.T.);
#1918 = EDGE_LOOP('',(#1919,#1920,#1928));
#1919 = ORIENTED_EDGE('',*,*,#1906,.F.);
#1920 = ORIENTED_EDGE('',*,*,#1921,.T.);
#1921 = EDGE_CURVE('',#1310,#1922,#1924,.T.);
#1922 = VERTEX_POINT('',#1923);
#1923 = CARTESIAN_POINT('',(-45.,-5.139999866486,80.));
#1924 = LINE('',#1925,#1926);
#1925 = CARTESIAN_POINT('',(-45.,-6.739999771118,80.));
#1926 = VECTOR('',#1927,1.);
#1927 = DIRECTION('',(0.,1.,0.));
#1928 = ORIENTED_EDGE('',*,*,#1929,.F.);
#1929 = EDGE_CURVE('',#1867,#1922,#1930,.T.);
#1930 = LINE('',#1931,#1932);
#1931 = CARTESIAN_POINT('',(-45.,-6.739999771118,-80.));
#1932 = VECTOR('',#1933,1.);
#1933 = DIRECTION('',(0.,9.99949944154E-03,0.999950003756));
#1934 = PLANE('',#1935);
#1935 = AXIS2_PLACEMENT_3D('',#1936,#1937,#1938);
#1936 = CARTESIAN_POINT('',(-45.,-6.337999845196,0.398000026394));
#1937 = DIRECTION('',(-1.,-0.,-0.));
#1938 = DIRECTION('',(0.,0.,-1.));
#1939 = ADVANCED_FACE('',(#1940),#1957,.T.);
#1940 = FACE_BOUND('',#1941,.T.);
#1941 = EDGE_LOOP('',(#1942,#1943,#1951));
#1942 = ORIENTED_EDGE('',*,*,#1929,.T.);
#1943 = ORIENTED_EDGE('',*,*,#1944,.T.);
#1944 = EDGE_CURVE('',#1922,#1945,#1947,.T.);
#1945 = VERTEX_POINT('',#1946);
#1946 = CARTESIAN_POINT('',(-45.,-5.139999866486,-80.));
#1947 = LINE('',#1948,#1949);
#1948 = CARTESIAN_POINT('',(-45.,-5.139999866486,80.));
#1949 = VECTOR('',#1950,1.);
#1950 = DIRECTION('',(0.,0.,-1.));
#1951 = ORIENTED_EDGE('',*,*,#1952,.T.);
#1952 = EDGE_CURVE('',#1945,#1867,#1953,.T.);
#1953 = LINE('',#1954,#1955);
#1954 = CARTESIAN_POINT('',(-45.,-5.139999866486,-80.));
#1955 = VECTOR('',#1956,1.);
#1956 = DIRECTION('',(0.,-1.,0.));
#1957 = PLANE('',#1958);
#1958 = AXIS2_PLACEMENT_3D('',#1959,#1960,#1961);
#1959 = CARTESIAN_POINT('',(-45.,-5.541999792408,-0.398000026394));
#1960 = DIRECTION('',(-1.,-0.,-0.));
#1961 = DIRECTION('',(0.,0.,-1.));
#1962 = ADVANCED_FACE('',(#1963),#1978,.T.);
#1963 = FACE_BOUND('',#1964,.T.);
#1964 = EDGE_LOOP('',(#1965,#1966,#1972));
#1965 = ORIENTED_EDGE('',*,*,#1944,.F.);
#1966 = ORIENTED_EDGE('',*,*,#1967,.T.);
#1967 = EDGE_CURVE('',#1922,#32,#1968,.T.);
#1968 = LINE('',#1969,#1970);
#1969 = CARTESIAN_POINT('',(-45.,-5.139999866486,80.));
#1970 = VECTOR('',#1971,1.);
#1971 = DIRECTION('',(1.562309300054E-02,0.,-0.999877952035));
#1972 = ORIENTED_EDGE('',*,*,#1973,.T.);
#1973 = EDGE_CURVE('',#32,#1945,#1974,.T.);
#1974 = LINE('',#1975,#1976);
#1975 = CARTESIAN_POINT('',(-42.5,-5.139999866486,-80.));
#1976 = VECTOR('',#1977,1.);
#1977 = DIRECTION('',(-1.,0.,0.));
#1978 = PLANE('',#1979);
#1979 = AXIS2_PLACEMENT_3D('',#1980,#1981,#1982);
#1980 = CARTESIAN_POINT('',(-44.37011748548,-5.139999866486,
    -0.620117485487));
#1981 = DIRECTION('',(0.,1.,0.));
#1982 = DIRECTION('',(0.,-0.,1.));
#1983 = ADVANCED_FACE('',(#1984),#2001,.T.);
#1984 = FACE_BOUND('',#1985,.T.);
#1985 = EDGE_LOOP('',(#1986,#1987,#1995));
#1986 = ORIENTED_EDGE('',*,*,#1967,.F.);
#1987 = ORIENTED_EDGE('',*,*,#1988,.T.);
#1988 = EDGE_CURVE('',#1922,#1989,#1991,.T.);
#1989 = VERTEX_POINT('',#1990);
#1990 = CARTESIAN_POINT('',(-42.5,-5.139999866486,80.));
#1991 = LINE('',#1992,#1993);
#1992 = CARTESIAN_POINT('',(-45.,-5.139999866486,80.));
#1993 = VECTOR('',#1994,1.);
#1994 = DIRECTION('',(1.,0.,0.));
#1995 = ORIENTED_EDGE('',*,*,#1996,.T.);
#1996 = EDGE_CURVE('',#1989,#32,#1997,.T.);
#1997 = LINE('',#1998,#1999);
#1998 = CARTESIAN_POINT('',(-42.5,-5.139999866486,80.));
#1999 = VECTOR('',#2000,1.);
#2000 = DIRECTION('',(0.,0.,-1.));
#2001 = PLANE('',#2002);
#2002 = AXIS2_PLACEMENT_3D('',#2003,#2004,#2005);
#2003 = CARTESIAN_POINT('',(-43.12988251451,-5.139999866486,
    0.620117485487));
#2004 = DIRECTION('',(0.,1.,0.));
#2005 = DIRECTION('',(0.,-0.,1.));
#2006 = ADVANCED_FACE('',(#2007),#2017,.T.);
#2007 = FACE_BOUND('',#2008,.T.);
#2008 = EDGE_LOOP('',(#2009,#2010,#2016));
#2009 = ORIENTED_EDGE('',*,*,#1996,.F.);
#2010 = ORIENTED_EDGE('',*,*,#2011,.T.);
#2011 = EDGE_CURVE('',#1989,#1838,#2012,.T.);
#2012 = LINE('',#2013,#2014);
#2013 = CARTESIAN_POINT('',(-42.5,-5.139999866486,80.));
#2014 = VECTOR('',#2015,1.);
#2015 = DIRECTION('',(0.,-1.,0.));
#2016 = ORIENTED_EDGE('',*,*,#1889,.F.);
#2017 = PLANE('',#2018);
#2018 = AXIS2_PLACEMENT_3D('',#2019,#2020,#2021);
#2019 = CARTESIAN_POINT('',(-42.5,-5.541999792408,0.398000026394));
#2020 = DIRECTION('',(1.,0.,0.));
#2021 = DIRECTION('',(-0.,0.,1.));
#2022 = ADVANCED_FACE('',(#2023),#2033,.T.);
#2023 = FACE_BOUND('',#2024,.T.);
#2024 = EDGE_LOOP('',(#2025,#2026,#2032));
#2025 = ORIENTED_EDGE('',*,*,#679,.T.);
#2026 = ORIENTED_EDGE('',*,*,#2027,.T.);
#2027 = EDGE_CURVE('',#545,#802,#2028,.T.);
#2028 = LINE('',#2029,#2030);
#2029 = CARTESIAN_POINT('',(42.5,-17.23999977111,80.));
#2030 = VECTOR('',#2031,1.);
#2031 = DIRECTION('',(-0.996177817365,-8.73484756018E-02,0.));
#2032 = ORIENTED_EDGE('',*,*,#801,.F.);
#2033 = PLANE('',#2034);
#2034 = AXIS2_PLACEMENT_3D('',#2035,#2036,#2037);
#2035 = CARTESIAN_POINT('',(-3.746342208186,-21.20359153188,80.));
#2036 = DIRECTION('',(-0.,-0.,-1.));
#2037 = DIRECTION('',(-1.,0.,0.));
#2038 = ADVANCED_FACE('',(#2039),#2049,.T.);
#2039 = FACE_BOUND('',#2040,.T.);
#2040 = EDGE_LOOP('',(#2041,#2042,#2043));
#2041 = ORIENTED_EDGE('',*,*,#1005,.F.);
#2042 = ORIENTED_EDGE('',*,*,#2027,.F.);
#2043 = ORIENTED_EDGE('',*,*,#2044,.T.);
#2044 = EDGE_CURVE('',#545,#750,#2045,.T.);
#2045 = LINE('',#2046,#2047);
#2046 = CARTESIAN_POINT('',(42.5,-17.23999977111,80.));
#2047 = VECTOR('',#2048,1.);
#2048 = DIRECTION('',(-0.994570532595,-0.104064670728,0.));
#2049 = PLANE('',#2050);
#2050 = AXIS2_PLACEMENT_3D('',#2051,#2052,#2053);
#2051 = CARTESIAN_POINT('',(-2.120142781407,-21.53089238104,80.));
#2052 = DIRECTION('',(-0.,-0.,-1.));
#2053 = DIRECTION('',(-1.,0.,0.));
#2054 = ADVANCED_FACE('',(#2055),#2065,.T.);
#2055 = FACE_BOUND('',#2056,.T.);
#2056 = EDGE_LOOP('',(#2057,#2058,#2064));
#2057 = ORIENTED_EDGE('',*,*,#733,.F.);
#2058 = ORIENTED_EDGE('',*,*,#2059,.T.);
#2059 = EDGE_CURVE('',#726,#704,#2060,.T.);
#2060 = LINE('',#2061,#2062);
#2061 = CARTESIAN_POINT('',(51.5,-26.5,81.5));
#2062 = VECTOR('',#2063,1.);
#2063 = DIRECTION('',(-0.889187463311,0.457543063646,0.));
#2064 = ORIENTED_EDGE('',*,*,#703,.F.);
#2065 = PLANE('',#2066);
#2066 = AXIS2_PLACEMENT_3D('',#2067,#2068,#2069);
#2067 = CARTESIAN_POINT('',(-10.04097722643,-10.04097722643,81.5));
#2068 = DIRECTION('',(0.,0.,1.));
#2069 = DIRECTION('',(1.,0.,-0.));
#2070 = ADVANCED_FACE('',(#2071),#2086,.T.);
#2071 = FACE_BOUND('',#2072,.T.);
#2072 = EDGE_LOOP('',(#2073,#2074,#2080));
#2073 = ORIENTED_EDGE('',*,*,#1743,.F.);
#2074 = ORIENTED_EDGE('',*,*,#2075,.T.);
#2075 = EDGE_CURVE('',#1616,#869,#2076,.T.);
#2076 = LINE('',#2077,#2078);
#2077 = CARTESIAN_POINT('',(-42.5,-17.23999977111,80.));
#2078 = VECTOR('',#2079,1.);
#2079 = DIRECTION('',(0.909644387071,0.415387877856,0.));
#2080 = ORIENTED_EDGE('',*,*,#2081,.T.);
#2081 = EDGE_CURVE('',#869,#261,#2082,.T.);
#2082 = LINE('',#2083,#2084);
#2083 = CARTESIAN_POINT('',(50.,25.,80.));
#2084 = VECTOR('',#2085,1.);
#2085 = DIRECTION('',(-0.894427191,-0.4472135955,0.));
#2086 = PLANE('',#2087);
#2087 = AXIS2_PLACEMENT_3D('',#2088,#2089,#2090);
#2088 = CARTESIAN_POINT('',(-0.525229850086,0.742909867918,80.));
#2089 = DIRECTION('',(-0.,-0.,-1.));
#2090 = DIRECTION('',(-1.,0.,0.));
#2091 = ADVANCED_FACE('',(#2092),#2102,.T.);
#2092 = FACE_BOUND('',#2093,.T.);
#2093 = EDGE_LOOP('',(#2094,#2095,#2096));
#2094 = ORIENTED_EDGE('',*,*,#2075,.F.);
#2095 = ORIENTED_EDGE('',*,*,#1689,.F.);
#2096 = ORIENTED_EDGE('',*,*,#2097,.T.);
#2097 = EDGE_CURVE('',#1682,#869,#2098,.T.);
#2098 = LINE('',#2099,#2100);
#2099 = CARTESIAN_POINT('',(-42.5,-15.64000034332,80.));
#2100 = VECTOR('',#2101,1.);
#2101 = DIRECTION('',(0.915533812084,0.402241020945,0.));
#2102 = PLANE('',#2103);
#2103 = AXIS2_PLACEMENT_3D('',#2104,#2105,#2106);
#2104 = CARTESIAN_POINT('',(3.387826771741,4.116465765745,80.));
#2105 = DIRECTION('',(-0.,-0.,-1.));
#2106 = DIRECTION('',(-1.,0.,0.));
#2107 = ADVANCED_FACE('',(#2108),#2118,.T.);
#2108 = FACE_BOUND('',#2109,.T.);
#2109 = EDGE_LOOP('',(#2110,#2111,#2112));
#2110 = ORIENTED_EDGE('',*,*,#2097,.F.);
#2111 = ORIENTED_EDGE('',*,*,#1795,.F.);
#2112 = ORIENTED_EDGE('',*,*,#2113,.T.);
#2113 = EDGE_CURVE('',#1334,#869,#2114,.T.);
#2114 = LINE('',#2115,#2116);
#2115 = CARTESIAN_POINT('',(-42.5,-11.98999977111,80.));
#2116 = VECTOR('',#2117,1.);
#2117 = DIRECTION('',(0.9285113013,0.371304138622,0.));
#2118 = PLANE('',#2119);
#2119 = AXIS2_PLACEMENT_3D('',#2120,#2121,#2122);
#2120 = CARTESIAN_POINT('',(2.923726170646,5.239470602848,80.));
#2121 = DIRECTION('',(-0.,-0.,-1.));
#2122 = DIRECTION('',(-1.,0.,0.));
#2123 = ADVANCED_FACE('',(#2124),#2134,.T.);
#2124 = FACE_BOUND('',#2125,.T.);
#2125 = EDGE_LOOP('',(#2126,#2127,#2128));
#2126 = ORIENTED_EDGE('',*,*,#1921,.F.);
#2127 = ORIENTED_EDGE('',*,*,#1309,.F.);
#2128 = ORIENTED_EDGE('',*,*,#2129,.T.);
#2129 = EDGE_CURVE('',#826,#1922,#2130,.T.);
#2130 = LINE('',#2131,#2132);
#2131 = CARTESIAN_POINT('',(-50.,25.,80.));
#2132 = VECTOR('',#2133,1.);
#2133 = DIRECTION('',(0.163655855319,-0.986517491492,0.));
#2134 = PLANE('',#2135);
#2135 = AXIS2_PLACEMENT_3D('',#2136,#2137,#2138);
#2136 = CARTESIAN_POINT('',(-47.43777547116,9.135126376118,80.));
#2137 = DIRECTION('',(-0.,-0.,-1.));
#2138 = DIRECTION('',(-1.,0.,0.));
#2139 = ADVANCED_FACE('',(#2140),#2150,.T.);
#2140 = FACE_BOUND('',#2141,.T.);
#2141 = EDGE_LOOP('',(#2142,#2143,#2149));
#2142 = ORIENTED_EDGE('',*,*,#711,.F.);
#2143 = ORIENTED_EDGE('',*,*,#2144,.T.);
#2144 = EDGE_CURVE('',#704,#1174,#2145,.T.);
#2145 = LINE('',#2146,#2147);
#2146 = CARTESIAN_POINT('',(-51.5,26.5,81.5));
#2147 = VECTOR('',#2148,1.);
#2148 = DIRECTION('',(0.,0.,-1.));
#2149 = ORIENTED_EDGE('',*,*,#1173,.F.);
#2150 = PLANE('',#2151);
#2151 = AXIS2_PLACEMENT_3D('',#2152,#2153,#2154);
#2152 = CARTESIAN_POINT('',(-51.5,0.369694458444,80.380305541556));
#2153 = DIRECTION('',(-1.,-0.,-0.));
#2154 = DIRECTION('',(0.,0.,-1.));
#2155 = ADVANCED_FACE('',(#2156),#2166,.T.);
#2156 = FACE_BOUND('',#2157,.T.);
#2157 = EDGE_LOOP('',(#2158,#2159,#2160));
#2158 = ORIENTED_EDGE('',*,*,#2113,.F.);
#2159 = ORIENTED_EDGE('',*,*,#1484,.F.);
#2160 = ORIENTED_EDGE('',*,*,#2161,.T.);
#2161 = EDGE_CURVE('',#1477,#869,#2162,.T.);
#2162 = LINE('',#2163,#2164);
#2163 = CARTESIAN_POINT('',(-42.5,-10.39000034332,80.));
#2164 = VECTOR('',#2165,1.);
#2165 = DIRECTION('',(0.933976523286,0.357334372754,0.));
#2166 = PLANE('',#2167);
#2167 = AXIS2_PLACEMENT_3D('',#2168,#2169,#2170);
#2168 = CARTESIAN_POINT('',(3.380481848709,6.759264122751,80.));
#2169 = DIRECTION('',(-0.,-0.,-1.));
#2170 = DIRECTION('',(-1.,0.,0.));
#2171 = ADVANCED_FACE('',(#2172),#2182,.T.);
#2172 = FACE_BOUND('',#2173,.T.);
#2173 = EDGE_LOOP('',(#2174,#2175,#2176));
#2174 = ORIENTED_EDGE('',*,*,#2161,.F.);
#2175 = ORIENTED_EDGE('',*,*,#1837,.F.);
#2176 = ORIENTED_EDGE('',*,*,#2177,.T.);
#2177 = EDGE_CURVE('',#1838,#869,#2178,.T.);
#2178 = LINE('',#2179,#2180);
#2179 = CARTESIAN_POINT('',(-42.5,-6.739999771118,80.));
#2180 = VECTOR('',#2181,1.);
#2181 = DIRECTION('',(0.945865248186,0.324559597415,0.));
#2182 = PLANE('',#2183);
#2183 = AXIS2_PLACEMENT_3D('',#2184,#2185,#2186);
#2184 = CARTESIAN_POINT('',(2.907970656164,7.906291228017,80.));
#2185 = DIRECTION('',(-0.,-0.,-1.));
#2186 = DIRECTION('',(-1.,0.,0.));
#2187 = ADVANCED_FACE('',(#2188),#2203,.T.);
#2188 = FACE_BOUND('',#2189,.T.);
#2189 = EDGE_LOOP('',(#2190,#2196,#2197));
#2190 = ORIENTED_EDGE('',*,*,#2191,.T.);
#2191 = EDGE_CURVE('',#869,#1989,#2192,.T.);
#2192 = LINE('',#2193,#2194);
#2193 = CARTESIAN_POINT('',(50.,25.,80.));
#2194 = VECTOR('',#2195,1.);
#2195 = DIRECTION('',(-0.950799629853,-0.309806494236,0.));
#2196 = ORIENTED_EDGE('',*,*,#1988,.F.);
#2197 = ORIENTED_EDGE('',*,*,#2198,.T.);
#2198 = EDGE_CURVE('',#1922,#869,#2199,.T.);
#2199 = LINE('',#2200,#2201);
#2200 = CARTESIAN_POINT('',(-45.,-5.139999866486,80.));
#2201 = VECTOR('',#2202,1.);
#2202 = DIRECTION('',(0.953178449905,0.302408403714,0.));
#2203 = PLANE('',#2204);
#2204 = AXIS2_PLACEMENT_3D('',#2205,#2206,#2207);
#2205 = CARTESIAN_POINT('',(2.529997866952,9.741108520467,80.));
#2206 = DIRECTION('',(-0.,-0.,-1.));
#2207 = DIRECTION('',(-1.,0.,0.));
#2208 = ADVANCED_FACE('',(#2209),#2214,.T.);
#2209 = FACE_BOUND('',#2210,.T.);
#2210 = EDGE_LOOP('',(#2211,#2212,#2213));
#2211 = ORIENTED_EDGE('',*,*,#2177,.F.);
#2212 = ORIENTED_EDGE('',*,*,#2011,.F.);
#2213 = ORIENTED_EDGE('',*,*,#2191,.F.);
#2214 = PLANE('',#2215);
#2215 = AXIS2_PLACEMENT_3D('',#2216,#2217,#2218);
#2216 = CARTESIAN_POINT('',(3.373755473524,9.403119203468,80.));
#2217 = DIRECTION('',(-0.,-0.,-1.));
#2218 = DIRECTION('',(-1.,0.,0.));
#2219 = ADVANCED_FACE('',(#2220),#2225,.T.);
#2220 = FACE_BOUND('',#2221,.T.);
#2221 = EDGE_LOOP('',(#2222,#2223,#2224));
#2222 = ORIENTED_EDGE('',*,*,#2198,.F.);
#2223 = ORIENTED_EDGE('',*,*,#2129,.F.);
#2224 = ORIENTED_EDGE('',*,*,#868,.F.);
#2225 = PLANE('',#2226);
#2226 = AXIS2_PLACEMENT_3D('',#2227,#2228,#2229);
#2227 = CARTESIAN_POINT('',(-5.22134358748,16.475956478227,80.));
#2228 = DIRECTION('',(-0.,-0.,-1.));
#2229 = DIRECTION('',(-1.,0.,0.));
#2230 = ADVANCED_FACE('',(#2231),#2241,.T.);
#2231 = FACE_BOUND('',#2232,.T.);
#2232 = EDGE_LOOP('',(#2233,#2234,#2240));
#2233 = ORIENTED_EDGE('',*,*,#2144,.F.);
#2234 = ORIENTED_EDGE('',*,*,#2235,.T.);
#2235 = EDGE_CURVE('',#704,#1105,#2236,.T.);
#2236 = LINE('',#2237,#2238);
#2237 = CARTESIAN_POINT('',(-51.5,26.5,81.5));
#2238 = VECTOR('',#2239,1.);
#2239 = DIRECTION('',(0.999893974825,0.,-1.456156274016E-02));
#2240 = ORIENTED_EDGE('',*,*,#1239,.F.);
#2241 = PLANE('',#2242);
#2242 = AXIS2_PLACEMENT_3D('',#2243,#2244,#2245);
#2243 = CARTESIAN_POINT('',(-0.372269562239,26.5,80.377730437761));
#2244 = DIRECTION('',(0.,1.,0.));
#2245 = DIRECTION('',(0.,-0.,1.));
#2246 = ADVANCED_FACE('',(#2247),#2257,.T.);
#2247 = FACE_BOUND('',#2248,.T.);
#2248 = EDGE_LOOP('',(#2249,#2250,#2256));
#2249 = ORIENTED_EDGE('',*,*,#474,.T.);
#2250 = ORIENTED_EDGE('',*,*,#2251,.T.);
#2251 = EDGE_CURVE('',#340,#489,#2252,.T.);
#2252 = LINE('',#2253,#2254);
#2253 = CARTESIAN_POINT('',(42.5,-11.98999977111,80.));
#2254 = VECTOR('',#2255,1.);
#2255 = DIRECTION('',(0.,-1.,0.));
#2256 = ORIENTED_EDGE('',*,*,#672,.F.);
#2257 = PLANE('',#2258);
#2258 = AXIS2_PLACEMENT_3D('',#2259,#2260,#2261);
#2259 = CARTESIAN_POINT('',(-2.861666367561,-19.29798011429,80.));
#2260 = DIRECTION('',(-0.,-0.,-1.));
#2261 = DIRECTION('',(-1.,0.,0.));
#2262 = ADVANCED_FACE('',(#2263),#2273,.T.);
#2263 = FACE_BOUND('',#2264,.T.);
#2264 = EDGE_LOOP('',(#2265,#2266,#2272));
#2265 = ORIENTED_EDGE('',*,*,#269,.T.);
#2266 = ORIENTED_EDGE('',*,*,#2267,.T.);
#2267 = EDGE_CURVE('',#133,#284,#2268,.T.);
#2268 = LINE('',#2269,#2270);
#2269 = CARTESIAN_POINT('',(42.5,-6.739999771118,80.));
#2270 = VECTOR('',#2271,1.);
#2271 = DIRECTION('',(0.,-1.,0.));
#2272 = ORIENTED_EDGE('',*,*,#467,.F.);
#2273 = PLANE('',#2274);
#2274 = AXIS2_PLACEMENT_3D('',#2275,#2276,#2277);
#2275 = CARTESIAN_POINT('',(-2.868848719005,-16.62290019676,80.));
#2276 = DIRECTION('',(-0.,-0.,-1.));
#2277 = DIRECTION('',(-1.,0.,0.));
#2278 = ADVANCED_FACE('',(#2279),#2294,.T.);
#2279 = FACE_BOUND('',#2280,.T.);
#2280 = EDGE_LOOP('',(#2281,#2287,#2293));
#2281 = ORIENTED_EDGE('',*,*,#2282,.T.);
#2282 = EDGE_CURVE('',#1081,#750,#2283,.T.);
#2283 = LINE('',#2284,#2285);
#2284 = CARTESIAN_POINT('',(46.,-26.5,80.));
#2285 = VECTOR('',#2286,1.);
#2286 = DIRECTION('',(-1.,0.,0.));
#2287 = ORIENTED_EDGE('',*,*,#2288,.T.);
#2288 = EDGE_CURVE('',#750,#960,#2289,.T.);
#2289 = LINE('',#2290,#2291);
#2290 = CARTESIAN_POINT('',(-46.,-26.5,80.));
#2291 = VECTOR('',#2292,1.);
#2292 = DIRECTION('',(0.999867110615,1.630218115133E-02,0.));
#2293 = ORIENTED_EDGE('',*,*,#1293,.F.);
#2294 = PLANE('',#2295);
#2295 = AXIS2_PLACEMENT_3D('',#2296,#2297,#2298);
#2296 = CARTESIAN_POINT('',(0.371943137922,-26.12194313792,80.));
#2297 = DIRECTION('',(-0.,-0.,-1.));
#2298 = DIRECTION('',(-1.,0.,0.));
#2299 = ADVANCED_FACE('',(#2300),#2310,.T.);
#2300 = FACE_BOUND('',#2301,.T.);
#2301 = EDGE_LOOP('',(#2302,#2303,#2309));
#2302 = ORIENTED_EDGE('',*,*,#2282,.F.);
#2303 = ORIENTED_EDGE('',*,*,#2304,.T.);
#2304 = EDGE_CURVE('',#1081,#726,#2305,.T.);
#2305 = LINE('',#2306,#2307);
#2306 = CARTESIAN_POINT('',(46.,-26.5,80.));
#2307 = VECTOR('',#2308,1.);
#2308 = DIRECTION('',(0.964763821238,0.,0.263117405792));
#2309 = ORIENTED_EDGE('',*,*,#757,.F.);
#2310 = PLANE('',#2311);
#2311 = AXIS2_PLACEMENT_3D('',#2312,#2313,#2314);
#2312 = CARTESIAN_POINT('',(2.797334836656,-26.5,80.396538873904));
#2313 = DIRECTION('',(-0.,-1.,-0.));
#2314 = DIRECTION('',(0.,0.,-1.));
#2315 = ADVANCED_FACE('',(#2316),#2326,.T.);
#2316 = FACE_BOUND('',#2317,.T.);
#2317 = EDGE_LOOP('',(#2318,#2319,#2325));
#2318 = ORIENTED_EDGE('',*,*,#2044,.F.);
#2319 = ORIENTED_EDGE('',*,*,#2320,.T.);
#2320 = EDGE_CURVE('',#545,#960,#2321,.T.);
#2321 = LINE('',#2322,#2323);
#2322 = CARTESIAN_POINT('',(42.5,-17.23999977111,80.));
#2323 = VECTOR('',#2324,1.);
#2324 = DIRECTION('',(0.411146023722,-0.911569496625,0.));
#2325 = ORIENTED_EDGE('',*,*,#2288,.F.);
#2326 = PLANE('',#2327);
#2327 = AXIS2_PLACEMENT_3D('',#2328,#2329,#2330);
#2328 = CARTESIAN_POINT('',(1.166021119707,-23.72017288266,80.));
#2329 = DIRECTION('',(-0.,-0.,-1.));
#2330 = DIRECTION('',(-1.,0.,0.));
#2331 = ADVANCED_FACE('',(#2332),#2342,.T.);
#2332 = FACE_BOUND('',#2333,.T.);
#2333 = EDGE_LOOP('',(#2334,#2335,#2341));
#2334 = ORIENTED_EDGE('',*,*,#2081,.F.);
#2335 = ORIENTED_EDGE('',*,*,#2336,.T.);
#2336 = EDGE_CURVE('',#869,#77,#2337,.T.);
#2337 = LINE('',#2338,#2339);
#2338 = CARTESIAN_POINT('',(50.,25.,80.));
#2339 = VECTOR('',#2340,1.);
#2340 = DIRECTION('',(-0.241474885537,-0.970407069046,0.));
#2341 = ORIENTED_EDGE('',*,*,#260,.F.);
#2342 = PLANE('',#2343);
#2343 = AXIS2_PLACEMENT_3D('',#2344,#2345,#2346);
#2344 = CARTESIAN_POINT('',(4.555112458214,-4.705110841713,80.));
#2345 = DIRECTION('',(-0.,-0.,-1.));
#2346 = DIRECTION('',(-1.,0.,0.));
#2347 = ADVANCED_FACE('',(#2348),#2358,.T.);
#2348 = FACE_BOUND('',#2349,.T.);
#2349 = EDGE_LOOP('',(#2350,#2356,#2357));
#2350 = ORIENTED_EDGE('',*,*,#2351,.T.);
#2351 = EDGE_CURVE('',#1026,#726,#2352,.T.);
#2352 = LINE('',#2353,#2354);
#2353 = CARTESIAN_POINT('',(51.5,-26.5,80.));
#2354 = VECTOR('',#2355,1.);
#2355 = DIRECTION('',(0.,0.,1.));
#2356 = ORIENTED_EDGE('',*,*,#2304,.F.);
#2357 = ORIENTED_EDGE('',*,*,#1080,.F.);
#2358 = PLANE('',#2359);
#2359 = AXIS2_PLACEMENT_3D('',#2360,#2361,#2362);
#2360 = CARTESIAN_POINT('',(49.074780718626,-26.5,80.425219281374));
#2361 = DIRECTION('',(-0.,-1.,-0.));
#2362 = DIRECTION('',(0.,0.,-1.));
#2363 = ADVANCED_FACE('',(#2364),#2379,.T.);
#2364 = FACE_BOUND('',#2365,.T.);
#2365 = EDGE_LOOP('',(#2366,#2372,#2378));
#2366 = ORIENTED_EDGE('',*,*,#2367,.T.);
#2367 = EDGE_CURVE('',#960,#568,#2368,.T.);
#2368 = LINE('',#2369,#2370);
#2369 = CARTESIAN_POINT('',(46.,-25.,80.));
#2370 = VECTOR('',#2371,1.);
#2371 = DIRECTION('',(-0.127809117972,0.991798784716,0.));
#2372 = ORIENTED_EDGE('',*,*,#2373,.T.);
#2373 = EDGE_CURVE('',#568,#915,#2374,.T.);
#2374 = LINE('',#2375,#2376);
#2375 = CARTESIAN_POINT('',(45.,-17.23999977111,80.));
#2376 = VECTOR('',#2377,1.);
#2377 = DIRECTION('',(0.541633285777,-0.840614884319,0.));
#2378 = ORIENTED_EDGE('',*,*,#967,.F.);
#2379 = PLANE('',#2380);
#2380 = AXIS2_PLACEMENT_3D('',#2381,#2382,#2383);
#2381 = CARTESIAN_POINT('',(46.851792552308,-21.85709926611,80.));
#2382 = DIRECTION('',(-0.,-0.,-1.));
#2383 = DIRECTION('',(-1.,0.,0.));
#2384 = ADVANCED_FACE('',(#2385),#2390,.T.);
#2385 = FACE_BOUND('',#2386,.T.);
#2386 = EDGE_LOOP('',(#2387,#2388,#2389));
#2387 = ORIENTED_EDGE('',*,*,#2320,.F.);
#2388 = ORIENTED_EDGE('',*,*,#575,.F.);
#2389 = ORIENTED_EDGE('',*,*,#2367,.F.);
#2390 = PLANE('',#2391);
#2391 = AXIS2_PLACEMENT_3D('',#2392,#2393,#2394);
#2392 = CARTESIAN_POINT('',(44.702844332222,-20.60505474268,80.));
#2393 = DIRECTION('',(-0.,-0.,-1.));
#2394 = DIRECTION('',(-1.,0.,0.));
#2395 = ADVANCED_FACE('',(#2396),#2411,.T.);
#2396 = FACE_BOUND('',#2397,.T.);
#2397 = EDGE_LOOP('',(#2398,#2404,#2410));
#2398 = ORIENTED_EDGE('',*,*,#2399,.T.);
#2399 = EDGE_CURVE('',#489,#364,#2400,.T.);
#2400 = LINE('',#2401,#2402);
#2401 = CARTESIAN_POINT('',(42.5,-15.64000034332,80.));
#2402 = VECTOR('',#2403,1.);
#2403 = DIRECTION('',(0.565088945403,0.825029989627,0.));
#2404 = ORIENTED_EDGE('',*,*,#2405,.T.);
#2405 = EDGE_CURVE('',#364,#635,#2406,.T.);
#2406 = LINE('',#2407,#2408);
#2407 = CARTESIAN_POINT('',(45.,-11.98999977111,80.));
#2408 = VECTOR('',#2409,1.);
#2409 = DIRECTION('',(0.,-1.,0.));
#2410 = ORIENTED_EDGE('',*,*,#658,.F.);
#2411 = PLANE('',#2412);
#2412 = AXIS2_PLACEMENT_3D('',#2413,#2414,#2415);
#2413 = CARTESIAN_POINT('',(44.181479568618,-14.24647962583,80.));
#2414 = DIRECTION('',(-0.,-0.,-1.));
#2415 = DIRECTION('',(-1.,0.,0.));
#2416 = ADVANCED_FACE('',(#2417),#2422,.T.);
#2417 = FACE_BOUND('',#2418,.T.);
#2418 = EDGE_LOOP('',(#2419,#2420,#2421));
#2419 = ORIENTED_EDGE('',*,*,#2251,.F.);
#2420 = ORIENTED_EDGE('',*,*,#412,.F.);
#2421 = ORIENTED_EDGE('',*,*,#2399,.F.);
#2422 = PLANE('',#2423);
#2423 = AXIS2_PLACEMENT_3D('',#2424,#2425,#2426);
#2424 = CARTESIAN_POINT('',(43.318520431382,-13.3835204886,80.));
#2425 = DIRECTION('',(-0.,-0.,-1.));
#2426 = DIRECTION('',(-1.,0.,0.));
#2427 = ADVANCED_FACE('',(#2428),#2443,.T.);
#2428 = FACE_BOUND('',#2429,.T.);
#2429 = EDGE_LOOP('',(#2430,#2436,#2442));
#2430 = ORIENTED_EDGE('',*,*,#2431,.T.);
#2431 = EDGE_CURVE('',#284,#157,#2432,.T.);
#2432 = LINE('',#2433,#2434);
#2433 = CARTESIAN_POINT('',(42.5,-10.39000034332,80.));
#2434 = VECTOR('',#2435,1.);
#2435 = DIRECTION('',(0.565088945403,0.825029989627,0.));
#2436 = ORIENTED_EDGE('',*,*,#2437,.T.);
#2437 = EDGE_CURVE('',#157,#430,#2438,.T.);
#2438 = LINE('',#2439,#2440);
#2439 = CARTESIAN_POINT('',(45.,-6.739999771118,80.));
#2440 = VECTOR('',#2441,1.);
#2441 = DIRECTION('',(0.,-1.,0.));
#2442 = ORIENTED_EDGE('',*,*,#453,.F.);
#2443 = PLANE('',#2444);
#2444 = AXIS2_PLACEMENT_3D('',#2445,#2446,#2447);
#2445 = CARTESIAN_POINT('',(44.181479568618,-8.996479625839,80.));
#2446 = DIRECTION('',(-0.,-0.,-1.));
#2447 = DIRECTION('',(-1.,0.,0.));
#2448 = ADVANCED_FACE('',(#2449),#2454,.T.);
#2449 = FACE_BOUND('',#2450,.T.);
#2450 = EDGE_LOOP('',(#2451,#2452,#2453));
#2451 = ORIENTED_EDGE('',*,*,#2267,.F.);
#2452 = ORIENTED_EDGE('',*,*,#205,.F.);
#2453 = ORIENTED_EDGE('',*,*,#2431,.F.);
#2454 = PLANE('',#2455);
#2455 = AXIS2_PLACEMENT_3D('',#2456,#2457,#2458);
#2456 = CARTESIAN_POINT('',(43.318520431382,-8.133520488602,80.));
#2457 = DIRECTION('',(-0.,-0.,-1.));
#2458 = DIRECTION('',(-1.,0.,0.));
#2459 = ADVANCED_FACE('',(#2460),#2470,.T.);
#2460 = FACE_BOUND('',#2461,.T.);
#2461 = EDGE_LOOP('',(#2462,#2463,#2469));
#2462 = ORIENTED_EDGE('',*,*,#1112,.F.);
#2463 = ORIENTED_EDGE('',*,*,#2464,.T.);
#2464 = EDGE_CURVE('',#1105,#726,#2465,.T.);
#2465 = LINE('',#2466,#2467);
#2466 = CARTESIAN_POINT('',(51.5,26.5,80.));
#2467 = VECTOR('',#2468,1.);
#2468 = DIRECTION('',(0.,-0.99959974204,2.829055873698E-02));
#2469 = ORIENTED_EDGE('',*,*,#2351,.F.);
#2470 = PLANE('',#2471);
#2471 = AXIS2_PLACEMENT_3D('',#2472,#2473,#2474);
#2472 = CARTESIAN_POINT('',(51.5,-0.369694458444,80.380305541556));
#2473 = DIRECTION('',(1.,0.,0.));
#2474 = DIRECTION('',(-0.,0.,1.));
#2475 = ADVANCED_FACE('',(#2476),#2486,.T.);
#2476 = FACE_BOUND('',#2477,.T.);
#2477 = EDGE_LOOP('',(#2478,#2484,#2485));
#2478 = ORIENTED_EDGE('',*,*,#2479,.T.);
#2479 = EDGE_CURVE('',#568,#869,#2480,.T.);
#2480 = LINE('',#2481,#2482);
#2481 = CARTESIAN_POINT('',(45.,-17.23999977111,80.));
#2482 = VECTOR('',#2483,1.);
#2483 = DIRECTION('',(0.117550533557,0.993066902107,0.));
#2484 = ORIENTED_EDGE('',*,*,#914,.F.);
#2485 = ORIENTED_EDGE('',*,*,#2373,.F.);
#2486 = PLANE('',#2487);
#2487 = AXIS2_PLACEMENT_3D('',#2488,#2489,#2490);
#2488 = CARTESIAN_POINT('',(48.728305224679,-0.294109820086,80.));
#2489 = DIRECTION('',(-0.,-0.,-1.));
#2490 = DIRECTION('',(-1.,0.,0.));
#2491 = ADVANCED_FACE('',(#2492),#2502,.T.);
#2492 = FACE_BOUND('',#2493,.T.);
#2493 = EDGE_LOOP('',(#2494,#2495,#2501));
#2494 = ORIENTED_EDGE('',*,*,#642,.F.);
#2495 = ORIENTED_EDGE('',*,*,#2496,.T.);
#2496 = EDGE_CURVE('',#635,#869,#2497,.T.);
#2497 = LINE('',#2498,#2499);
#2498 = CARTESIAN_POINT('',(45.,-15.64000034332,80.));
#2499 = VECTOR('',#2500,1.);
#2500 = DIRECTION('',(0.122110785929,0.992516476417,0.));
#2501 = ORIENTED_EDGE('',*,*,#2479,.F.);
#2502 = PLANE('',#2503);
#2503 = AXIS2_PLACEMENT_3D('',#2504,#2505,#2506);
#2504 = CARTESIAN_POINT('',(47.452986172637,3.882881343016,80.));
#2505 = DIRECTION('',(-0.,-0.,-1.));
#2506 = DIRECTION('',(-1.,0.,0.));
#2507 = ADVANCED_FACE('',(#2508),#2518,.T.);
#2508 = FACE_BOUND('',#2509,.T.);
#2509 = EDGE_LOOP('',(#2510,#2516,#2517));
#2510 = ORIENTED_EDGE('',*,*,#2511,.T.);
#2511 = EDGE_CURVE('',#364,#869,#2512,.T.);
#2512 = LINE('',#2513,#2514);
#2513 = CARTESIAN_POINT('',(45.,-11.98999977111,80.));
#2514 = VECTOR('',#2515,1.);
#2515 = DIRECTION('',(0.133953451088,0.990987625019,0.));
#2516 = ORIENTED_EDGE('',*,*,#2496,.F.);
#2517 = ORIENTED_EDGE('',*,*,#2405,.F.);
#2518 = PLANE('',#2519);
#2519 = AXIS2_PLACEMENT_3D('',#2520,#2521,#2522);
#2520 = CARTESIAN_POINT('',(47.388614661752,4.687493822913,80.));
#2521 = DIRECTION('',(-0.,-0.,-1.));
#2522 = DIRECTION('',(-1.,0.,0.));
#2523 = ADVANCED_FACE('',(#2524),#2541,.T.);
#2524 = FACE_BOUND('',#2525,.T.);
#2525 = EDGE_LOOP('',(#2526,#2527,#2535));
#2526 = ORIENTED_EDGE('',*,*,#2059,.F.);
#2527 = ORIENTED_EDGE('',*,*,#2528,.T.);
#2528 = EDGE_CURVE('',#726,#2529,#2531,.T.);
#2529 = VERTEX_POINT('',#2530);
#2530 = CARTESIAN_POINT('',(51.5,26.5,81.5));
#2531 = LINE('',#2532,#2533);
#2532 = CARTESIAN_POINT('',(51.5,-26.5,81.5));
#2533 = VECTOR('',#2534,1.);
#2534 = DIRECTION('',(0.,1.,0.));
#2535 = ORIENTED_EDGE('',*,*,#2536,.T.);
#2536 = EDGE_CURVE('',#2529,#704,#2537,.T.);
#2537 = LINE('',#2538,#2539);
#2538 = CARTESIAN_POINT('',(51.5,26.5,81.5));
#2539 = VECTOR('',#2540,1.);
#2540 = DIRECTION('',(-1.,0.,0.));
#2541 = PLANE('',#2542);
#2542 = AXIS2_PLACEMENT_3D('',#2543,#2544,#2545);
#2543 = CARTESIAN_POINT('',(10.040977226433,10.040977226433,81.5));
#2544 = DIRECTION('',(0.,0.,1.));
#2545 = DIRECTION('',(1.,0.,-0.));
#2546 = ADVANCED_FACE('',(#2547),#2557,.T.);
#2547 = FACE_BOUND('',#2548,.T.);
#2548 = EDGE_LOOP('',(#2549,#2550,#2556));
#2549 = ORIENTED_EDGE('',*,*,#2536,.F.);
#2550 = ORIENTED_EDGE('',*,*,#2551,.T.);
#2551 = EDGE_CURVE('',#2529,#1105,#2552,.T.);
#2552 = LINE('',#2553,#2554);
#2553 = CARTESIAN_POINT('',(51.5,26.5,81.5));
#2554 = VECTOR('',#2555,1.);
#2555 = DIRECTION('',(0.,0.,-1.));
#2556 = ORIENTED_EDGE('',*,*,#2235,.F.);
#2557 = PLANE('',#2558);
#2558 = AXIS2_PLACEMENT_3D('',#2559,#2560,#2561);
#2559 = CARTESIAN_POINT('',(0.372269562239,26.5,81.122269562239));
#2560 = DIRECTION('',(0.,1.,0.));
#2561 = DIRECTION('',(0.,-0.,1.));
#2562 = ADVANCED_FACE('',(#2563),#2573,.T.);
#2563 = FACE_BOUND('',#2564,.T.);
#2564 = EDGE_LOOP('',(#2565,#2566,#2572));
#2565 = ORIENTED_EDGE('',*,*,#437,.F.);
#2566 = ORIENTED_EDGE('',*,*,#2567,.T.);
#2567 = EDGE_CURVE('',#430,#869,#2568,.T.);
#2568 = LINE('',#2569,#2570);
#2569 = CARTESIAN_POINT('',(45.,-10.39000034332,80.));
#2570 = VECTOR('',#2571,1.);
#2571 = DIRECTION('',(0.139893548954,0.990166549102,0.));
#2572 = ORIENTED_EDGE('',*,*,#2511,.F.);
#2573 = PLANE('',#2574);
#2574 = AXIS2_PLACEMENT_3D('',#2575,#2576,#2577);
#2575 = CARTESIAN_POINT('',(47.446429447451,6.508765716229,80.));
#2576 = DIRECTION('',(-0.,-0.,-1.));
#2577 = DIRECTION('',(-1.,0.,0.));
#2578 = ADVANCED_FACE('',(#2579),#2589,.T.);
#2579 = FACE_BOUND('',#2580,.T.);
#2580 = EDGE_LOOP('',(#2581,#2587,#2588));
#2581 = ORIENTED_EDGE('',*,*,#2582,.T.);
#2582 = EDGE_CURVE('',#157,#869,#2583,.T.);
#2583 = LINE('',#2584,#2585);
#2584 = CARTESIAN_POINT('',(45.,-6.739999771118,80.));
#2585 = VECTOR('',#2586,1.);
#2586 = DIRECTION('',(0.155610968016,0.987818417845,0.));
#2587 = ORIENTED_EDGE('',*,*,#2567,.F.);
#2588 = ORIENTED_EDGE('',*,*,#2437,.F.);
#2589 = PLANE('',#2590);
#2590 = AXIS2_PLACEMENT_3D('',#2591,#2592,#2593);
#2591 = CARTESIAN_POINT('',(47.372418417817,7.314987206122,80.));
#2592 = DIRECTION('',(-0.,-0.,-1.));
#2593 = DIRECTION('',(-1.,0.,0.));
#2594 = ADVANCED_FACE('',(#2595),#2605,.T.);
#2595 = FACE_BOUND('',#2596,.T.);
#2596 = EDGE_LOOP('',(#2597,#2603,#2604));
#2597 = ORIENTED_EDGE('',*,*,#2598,.T.);
#2598 = EDGE_CURVE('',#869,#222,#2599,.T.);
#2599 = LINE('',#2600,#2601);
#2600 = CARTESIAN_POINT('',(50.,25.,80.));
#2601 = VECTOR('',#2602,1.);
#2602 = DIRECTION('',(-0.163655855319,-0.986517491492,0.));
#2603 = ORIENTED_EDGE('',*,*,#221,.F.);
#2604 = ORIENTED_EDGE('',*,*,#2336,.F.);
#2605 = PLANE('',#2606);
#2606 = AXIS2_PLACEMENT_3D('',#2607,#2608,#2609);
#2607 = CARTESIAN_POINT('',(46.748196441359,9.34234783445,80.));
#2608 = DIRECTION('',(-0.,-0.,-1.));
#2609 = DIRECTION('',(-1.,0.,0.));
#2610 = ADVANCED_FACE('',(#2611),#2616,.T.);
#2611 = FACE_BOUND('',#2612,.T.);
#2612 = EDGE_LOOP('',(#2613,#2614,#2615));
#2613 = ORIENTED_EDGE('',*,*,#246,.F.);
#2614 = ORIENTED_EDGE('',*,*,#2598,.F.);
#2615 = ORIENTED_EDGE('',*,*,#2582,.F.);
#2616 = PLANE('',#2617);
#2617 = AXIS2_PLACEMENT_3D('',#2618,#2619,#2620);
#2618 = CARTESIAN_POINT('',(47.437775471169,9.135126376118,80.));
#2619 = DIRECTION('',(-0.,-0.,-1.));
#2620 = DIRECTION('',(-1.,0.,0.));
#2621 = ADVANCED_FACE('',(#2622),#2627,.T.);
#2622 = FACE_BOUND('',#2623,.T.);
#2623 = EDGE_LOOP('',(#2624,#2625,#2626));
#2624 = ORIENTED_EDGE('',*,*,#2464,.F.);
#2625 = ORIENTED_EDGE('',*,*,#2551,.F.);
#2626 = ORIENTED_EDGE('',*,*,#2528,.F.);
#2627 = PLANE('',#2628);
#2628 = AXIS2_PLACEMENT_3D('',#2629,#2630,#2631);
#2629 = CARTESIAN_POINT('',(51.5,0.369694458444,81.119694458444));
#2630 = DIRECTION('',(1.,0.,0.));
#2631 = DIRECTION('',(-0.,0.,1.));
#2632 = ADVANCED_FACE('',(#2633),#2650,.T.);
#2633 = FACE_BOUND('',#2634,.T.);
#2634 = EDGE_LOOP('',(#2635,#2643,#2644));
#2635 = ORIENTED_EDGE('',*,*,#2636,.T.);
#2636 = EDGE_CURVE('',#2637,#1129,#2639,.T.);
#2637 = VERTEX_POINT('',#2638);
#2638 = CARTESIAN_POINT('',(-51.5,-26.5,-81.5));
#2639 = LINE('',#2640,#2641);
#2640 = CARTESIAN_POINT('',(-51.5,-26.5,-81.5));
#2641 = VECTOR('',#2642,1.);
#2642 = DIRECTION('',(0.964763821238,0.,0.263117405792));
#2643 = ORIENTED_EDGE('',*,*,#1126,.F.);
#2644 = ORIENTED_EDGE('',*,*,#2645,.T.);
#2645 = EDGE_CURVE('',#1127,#2637,#2646,.T.);
#2646 = LINE('',#2647,#2648);
#2647 = CARTESIAN_POINT('',(-51.5,-26.5,-80.));
#2648 = VECTOR('',#2649,1.);
#2649 = DIRECTION('',(0.,0.,-1.));
#2650 = PLANE('',#2651);
#2651 = AXIS2_PLACEMENT_3D('',#2652,#2653,#2654);
#2652 = CARTESIAN_POINT('',(-49.07478071862,-26.5,-80.42521928137));
#2653 = DIRECTION('',(-0.,-1.,-0.));
#2654 = DIRECTION('',(0.,0.,-1.));
#2655 = ADVANCED_FACE('',(#2656),#2671,.T.);
#2656 = FACE_BOUND('',#2657,.T.);
#2657 = EDGE_LOOP('',(#2658,#2659,#2665));
#2658 = ORIENTED_EDGE('',*,*,#787,.F.);
#2659 = ORIENTED_EDGE('',*,*,#2660,.T.);
#2660 = EDGE_CURVE('',#780,#1537,#2661,.T.);
#2661 = LINE('',#2662,#2663);
#2662 = CARTESIAN_POINT('',(-46.,-25.,-80.));
#2663 = VECTOR('',#2664,1.);
#2664 = DIRECTION('',(0.127809117972,0.991798784716,0.));
#2665 = ORIENTED_EDGE('',*,*,#2666,.T.);
#2666 = EDGE_CURVE('',#1537,#772,#2667,.T.);
#2667 = LINE('',#2668,#2669);
#2668 = CARTESIAN_POINT('',(-45.,-17.23999977111,-80.));
#2669 = VECTOR('',#2670,1.);
#2670 = DIRECTION('',(-0.541633285777,-0.840614884319,0.));
#2671 = PLANE('',#2672);
#2672 = AXIS2_PLACEMENT_3D('',#2673,#2674,#2675);
#2673 = CARTESIAN_POINT('',(-46.8517925523,-21.85709926611,-80.));
#2674 = DIRECTION('',(0.,0.,1.));
#2675 = DIRECTION('',(1.,0.,-0.));
#2676 = ADVANCED_FACE('',(#2677),#2687,.T.);
#2677 = FACE_BOUND('',#2678,.T.);
#2678 = EDGE_LOOP('',(#2679,#2685,#2686));
#2679 = ORIENTED_EDGE('',*,*,#2680,.T.);
#2680 = EDGE_CURVE('',#780,#1638,#2681,.T.);
#2681 = LINE('',#2682,#2683);
#2682 = CARTESIAN_POINT('',(-46.,-25.,-80.));
#2683 = VECTOR('',#2684,1.);
#2684 = DIRECTION('',(0.411146023722,0.911569496625,0.));
#2685 = ORIENTED_EDGE('',*,*,#1646,.F.);
#2686 = ORIENTED_EDGE('',*,*,#2660,.F.);
#2687 = PLANE('',#2688);
#2688 = AXIS2_PLACEMENT_3D('',#2689,#2690,#2691);
#2689 = CARTESIAN_POINT('',(-44.70284433222,-20.60505474268,-80.));
#2690 = DIRECTION('',(0.,0.,1.));
#2691 = DIRECTION('',(1.,0.,-0.));
#2692 = ADVANCED_FACE('',(#2693),#2708,.T.);
#2693 = FACE_BOUND('',#2694,.T.);
#2694 = EDGE_LOOP('',(#2695,#2701,#2707));
#2695 = ORIENTED_EDGE('',*,*,#2696,.T.);
#2696 = EDGE_CURVE('',#1570,#1342,#2697,.T.);
#2697 = LINE('',#2698,#2699);
#2698 = CARTESIAN_POINT('',(-42.5,-15.64000034332,-80.));
#2699 = VECTOR('',#2700,1.);
#2700 = DIRECTION('',(-0.565088945403,0.825029989627,0.));
#2701 = ORIENTED_EDGE('',*,*,#2702,.T.);
#2702 = EDGE_CURVE('',#1342,#1547,#2703,.T.);
#2703 = LINE('',#2704,#2705);
#2704 = CARTESIAN_POINT('',(-45.,-11.98999977111,-80.));
#2705 = VECTOR('',#2706,1.);
#2706 = DIRECTION('',(0.,-1.,0.));
#2707 = ORIENTED_EDGE('',*,*,#1577,.F.);
#2708 = PLANE('',#2709);
#2709 = AXIS2_PLACEMENT_3D('',#2710,#2711,#2712);
#2710 = CARTESIAN_POINT('',(-44.18147956861,-14.24647962583,-80.));
#2711 = DIRECTION('',(0.,0.,1.));
#2712 = DIRECTION('',(1.,0.,-0.));
#2713 = ADVANCED_FACE('',(#2714),#2724,.T.);
#2714 = FACE_BOUND('',#2715,.T.);
#2715 = EDGE_LOOP('',(#2716,#2717,#2718));
#2716 = ORIENTED_EDGE('',*,*,#2645,.F.);
#2717 = ORIENTED_EDGE('',*,*,#1204,.F.);
#2718 = ORIENTED_EDGE('',*,*,#2719,.T.);
#2719 = EDGE_CURVE('',#1197,#2637,#2720,.T.);
#2720 = LINE('',#2721,#2722);
#2721 = CARTESIAN_POINT('',(-51.5,26.5,-80.));
#2722 = VECTOR('',#2723,1.);
#2723 = DIRECTION('',(0.,-0.99959974204,-2.829055873698E-02));
#2724 = PLANE('',#2725);
#2725 = AXIS2_PLACEMENT_3D('',#2726,#2727,#2728);
#2726 = CARTESIAN_POINT('',(-51.5,-0.369694458444,-80.38030554155));
#2727 = DIRECTION('',(-1.,-0.,-0.));
#2728 = DIRECTION('',(0.,0.,-1.));
#2729 = ADVANCED_FACE('',(#2730),#2740,.T.);
#2730 = FACE_BOUND('',#2731,.T.);
#2731 = EDGE_LOOP('',(#2732,#2738,#2739));
#2732 = ORIENTED_EDGE('',*,*,#2733,.T.);
#2733 = EDGE_CURVE('',#1570,#1332,#2734,.T.);
#2734 = LINE('',#2735,#2736);
#2735 = CARTESIAN_POINT('',(-42.5,-15.64000034332,-80.));
#2736 = VECTOR('',#2737,1.);
#2737 = DIRECTION('',(0.,1.,0.));
#2738 = ORIENTED_EDGE('',*,*,#1349,.F.);
#2739 = ORIENTED_EDGE('',*,*,#2696,.F.);
#2740 = PLANE('',#2741);
#2741 = AXIS2_PLACEMENT_3D('',#2742,#2743,#2744);
#2742 = CARTESIAN_POINT('',(-43.31852043138,-13.3835204886,-80.));
#2743 = DIRECTION('',(0.,0.,1.));
#2744 = DIRECTION('',(1.,0.,-0.));
#2745 = ADVANCED_FACE('',(#2746),#2761,.T.);
#2746 = FACE_BOUND('',#2747,.T.);
#2747 = EDGE_LOOP('',(#2748,#2749,#2755));
#2748 = ORIENTED_EDGE('',*,*,#1462,.F.);
#2749 = ORIENTED_EDGE('',*,*,#2750,.T.);
#2750 = EDGE_CURVE('',#1364,#1867,#2751,.T.);
#2751 = LINE('',#2752,#2753);
#2752 = CARTESIAN_POINT('',(-42.5,-10.39000034332,-80.));
#2753 = VECTOR('',#2754,1.);
#2754 = DIRECTION('',(-0.565088945403,0.825029989627,0.));
#2755 = ORIENTED_EDGE('',*,*,#2756,.T.);
#2756 = EDGE_CURVE('',#1867,#1434,#2757,.T.);
#2757 = LINE('',#2758,#2759);
#2758 = CARTESIAN_POINT('',(-45.,-6.739999771118,-80.));
#2759 = VECTOR('',#2760,1.);
#2760 = DIRECTION('',(0.,-1.,0.));
#2761 = PLANE('',#2762);
#2762 = AXIS2_PLACEMENT_3D('',#2763,#2764,#2765);
#2763 = CARTESIAN_POINT('',(-44.18147956861,-8.996479625839,-80.));
#2764 = DIRECTION('',(0.,0.,1.));
#2765 = DIRECTION('',(1.,0.,-0.));
#2766 = ADVANCED_FACE('',(#2767),#2777,.T.);
#2767 = FACE_BOUND('',#2768,.T.);
#2768 = EDGE_LOOP('',(#2769,#2775,#2776));
#2769 = ORIENTED_EDGE('',*,*,#2770,.T.);
#2770 = EDGE_CURVE('',#1364,#55,#2771,.T.);
#2771 = LINE('',#2772,#2773);
#2772 = CARTESIAN_POINT('',(-42.5,-10.39000034332,-80.));
#2773 = VECTOR('',#2774,1.);
#2774 = DIRECTION('',(0.,1.,0.));
#2775 = ORIENTED_EDGE('',*,*,#1874,.F.);
#2776 = ORIENTED_EDGE('',*,*,#2750,.F.);
#2777 = PLANE('',#2778);
#2778 = AXIS2_PLACEMENT_3D('',#2779,#2780,#2781);
#2779 = CARTESIAN_POINT('',(-43.31852043138,-8.133520488602,-80.));
#2780 = DIRECTION('',(0.,0.,1.));
#2781 = DIRECTION('',(1.,0.,-0.));
#2782 = ADVANCED_FACE('',(#2783),#2793,.T.);
#2783 = FACE_BOUND('',#2784,.T.);
#2784 = EDGE_LOOP('',(#2785,#2786,#2792));
#2785 = ORIENTED_EDGE('',*,*,#2666,.F.);
#2786 = ORIENTED_EDGE('',*,*,#2787,.T.);
#2787 = EDGE_CURVE('',#1537,#24,#2788,.T.);
#2788 = LINE('',#2789,#2790);
#2789 = CARTESIAN_POINT('',(-45.,-17.23999977111,-80.));
#2790 = VECTOR('',#2791,1.);
#2791 = DIRECTION('',(-0.117550533557,0.993066902107,0.));
#2792 = ORIENTED_EDGE('',*,*,#847,.F.);
#2793 = PLANE('',#2794);
#2794 = AXIS2_PLACEMENT_3D('',#2795,#2796,#2797);
#2795 = CARTESIAN_POINT('',(-48.72830522467,-0.294109820086,-80.));
#2796 = DIRECTION('',(0.,0.,1.));
#2797 = DIRECTION('',(1.,0.,-0.));
#2798 = ADVANCED_FACE('',(#2799),#2809,.T.);
#2799 = FACE_BOUND('',#2800,.T.);
#2800 = EDGE_LOOP('',(#2801,#2802,#2808));
#2801 = ORIENTED_EDGE('',*,*,#1554,.F.);
#2802 = ORIENTED_EDGE('',*,*,#2803,.T.);
#2803 = EDGE_CURVE('',#1547,#24,#2804,.T.);
#2804 = LINE('',#2805,#2806);
#2805 = CARTESIAN_POINT('',(-45.,-15.64000034332,-80.));
#2806 = VECTOR('',#2807,1.);
#2807 = DIRECTION('',(-0.122110785929,0.992516476417,0.));
#2808 = ORIENTED_EDGE('',*,*,#2787,.F.);
#2809 = PLANE('',#2810);
#2810 = AXIS2_PLACEMENT_3D('',#2811,#2812,#2813);
#2811 = CARTESIAN_POINT('',(-47.45298617263,3.882881343016,-80.));
#2812 = DIRECTION('',(0.,0.,1.));
#2813 = DIRECTION('',(1.,0.,-0.));
#2814 = ADVANCED_FACE('',(#2815),#2825,.T.);
#2815 = FACE_BOUND('',#2816,.T.);
#2816 = EDGE_LOOP('',(#2817,#2818,#2824));
#2817 = ORIENTED_EDGE('',*,*,#2702,.F.);
#2818 = ORIENTED_EDGE('',*,*,#2819,.T.);
#2819 = EDGE_CURVE('',#1342,#24,#2820,.T.);
#2820 = LINE('',#2821,#2822);
#2821 = CARTESIAN_POINT('',(-45.,-11.98999977111,-80.));
#2822 = VECTOR('',#2823,1.);
#2823 = DIRECTION('',(-0.133953451088,0.990987625019,0.));
#2824 = ORIENTED_EDGE('',*,*,#2803,.F.);
#2825 = PLANE('',#2826);
#2826 = AXIS2_PLACEMENT_3D('',#2827,#2828,#2829);
#2827 = CARTESIAN_POINT('',(-47.38861466175,4.687493822913,-80.));
#2828 = DIRECTION('',(0.,0.,1.));
#2829 = DIRECTION('',(1.,0.,-0.));
#2830 = ADVANCED_FACE('',(#2831),#2846,.T.);
#2831 = FACE_BOUND('',#2832,.T.);
#2832 = EDGE_LOOP('',(#2833,#2839,#2845));
#2833 = ORIENTED_EDGE('',*,*,#2834,.T.);
#2834 = EDGE_CURVE('',#2637,#1028,#2835,.T.);
#2835 = LINE('',#2836,#2837);
#2836 = CARTESIAN_POINT('',(-51.5,-26.5,-81.5));
#2837 = VECTOR('',#2838,1.);
#2838 = DIRECTION('',(0.999881677808,0.,1.53827950432E-02));
#2839 = ORIENTED_EDGE('',*,*,#2840,.T.);
#2840 = EDGE_CURVE('',#1028,#1129,#2841,.T.);
#2841 = LINE('',#2842,#2843);
#2842 = CARTESIAN_POINT('',(46.,-26.5,-80.));
#2843 = VECTOR('',#2844,1.);
#2844 = DIRECTION('',(-1.,0.,0.));
#2845 = ORIENTED_EDGE('',*,*,#2636,.F.);
#2846 = PLANE('',#2847);
#2847 = AXIS2_PLACEMENT_3D('',#2848,#2849,#2850);
#2848 = CARTESIAN_POINT('',(-2.797334836656,-26.5,-80.3965388739));
#2849 = DIRECTION('',(-0.,-1.,-0.));
#2850 = DIRECTION('',(0.,0.,-1.));
#2851 = ADVANCED_FACE('',(#2852),#2862,.T.);
#2852 = FACE_BOUND('',#2853,.T.);
#2853 = EDGE_LOOP('',(#2854,#2855,#2861));
#2854 = ORIENTED_EDGE('',*,*,#2840,.F.);
#2855 = ORIENTED_EDGE('',*,*,#2856,.T.);
#2856 = EDGE_CURVE('',#1028,#780,#2857,.T.);
#2857 = LINE('',#2858,#2859);
#2858 = CARTESIAN_POINT('',(46.,-26.5,-80.));
#2859 = VECTOR('',#2860,1.);
#2860 = DIRECTION('',(-0.999867110615,1.630218115133E-02,0.));
#2861 = ORIENTED_EDGE('',*,*,#1255,.F.);
#2862 = PLANE('',#2863);
#2863 = AXIS2_PLACEMENT_3D('',#2864,#2865,#2866);
#2864 = CARTESIAN_POINT('',(-0.371943137922,-26.12194313792,-80.));
#2865 = DIRECTION('',(0.,0.,1.));
#2866 = DIRECTION('',(1.,0.,-0.));
#2867 = ADVANCED_FACE('',(#2868),#2878,.T.);
#2868 = FACE_BOUND('',#2869,.T.);
#2869 = EDGE_LOOP('',(#2870,#2871,#2877));
#2870 = ORIENTED_EDGE('',*,*,#2856,.F.);
#2871 = ORIENTED_EDGE('',*,*,#2872,.T.);
#2872 = EDGE_CURVE('',#1028,#1638,#2873,.T.);
#2873 = LINE('',#2874,#2875);
#2874 = CARTESIAN_POINT('',(46.,-26.5,-80.));
#2875 = VECTOR('',#2876,1.);
#2876 = DIRECTION('',(-0.994570532595,0.104064670728,0.));
#2877 = ORIENTED_EDGE('',*,*,#2680,.F.);
#2878 = PLANE('',#2879);
#2879 = AXIS2_PLACEMENT_3D('',#2880,#2881,#2882);
#2880 = CARTESIAN_POINT('',(-1.166021119707,-23.72017288266,-80.));
#2881 = DIRECTION('',(0.,0.,1.));
#2882 = DIRECTION('',(1.,0.,-0.));
#2883 = ADVANCED_FACE('',(#2884),#2899,.T.);
#2884 = FACE_BOUND('',#2885,.T.);
#2885 = EDGE_LOOP('',(#2886,#2892,#2893));
#2886 = ORIENTED_EDGE('',*,*,#2887,.T.);
#2887 = EDGE_CURVE('',#22,#1570,#2888,.T.);
#2888 = LINE('',#2889,#2890);
#2889 = CARTESIAN_POINT('',(50.,-25.,-80.));
#2890 = VECTOR('',#2891,1.);
#2891 = DIRECTION('',(-0.994919357728,0.100675079424,0.));
#2892 = ORIENTED_EDGE('',*,*,#1660,.F.);
#2893 = ORIENTED_EDGE('',*,*,#2894,.T.);
#2894 = EDGE_CURVE('',#1638,#22,#2895,.T.);
#2895 = LINE('',#2896,#2897);
#2896 = CARTESIAN_POINT('',(-42.5,-17.23999977111,-80.));
#2897 = VECTOR('',#2898,1.);
#2898 = DIRECTION('',(0.99649954101,-8.359823423048E-02,0.));
#2899 = PLANE('',#2900);
#2900 = AXIS2_PLACEMENT_3D('',#2901,#2902,#2903);
#2901 = CARTESIAN_POINT('',(3.355117159946,-20.68314266897,-80.));
#2902 = DIRECTION('',(0.,0.,1.));
#2903 = DIRECTION('',(1.,0.,-0.));
#2904 = ADVANCED_FACE('',(#2905),#2915,.T.);
#2905 = FACE_BOUND('',#2906,.T.);
#2906 = EDGE_LOOP('',(#2907,#2913,#2914));
#2907 = ORIENTED_EDGE('',*,*,#2908,.T.);
#2908 = EDGE_CURVE('',#22,#1332,#2909,.T.);
#2909 = LINE('',#2910,#2911);
#2910 = CARTESIAN_POINT('',(50.,-25.,-80.));
#2911 = VECTOR('',#2912,1.);
#2912 = DIRECTION('',(-0.990253348917,0.139277797795,0.));
#2913 = ORIENTED_EDGE('',*,*,#2733,.F.);
#2914 = ORIENTED_EDGE('',*,*,#2887,.F.);
#2915 = PLANE('',#2916);
#2916 = AXIS2_PLACEMENT_3D('',#2917,#2918,#2919);
#2917 = CARTESIAN_POINT('',(2.861666367561,-19.29798011429,-80.));
#2918 = DIRECTION('',(0.,0.,1.));
#2919 = DIRECTION('',(1.,0.,-0.));
#2920 = ADVANCED_FACE('',(#2921),#2931,.T.);
#2921 = FACE_BOUND('',#2922,.T.);
#2922 = EDGE_LOOP('',(#2923,#2929,#2930));
#2923 = ORIENTED_EDGE('',*,*,#2924,.T.);
#2924 = EDGE_CURVE('',#22,#1364,#2925,.T.);
#2925 = LINE('',#2926,#2927);
#2926 = CARTESIAN_POINT('',(50.,-25.,-80.));
#2927 = VECTOR('',#2928,1.);
#2928 = DIRECTION('',(-0.98775517229,0.156011921384,0.));
#2929 = ORIENTED_EDGE('',*,*,#1363,.F.);
#2930 = ORIENTED_EDGE('',*,*,#2908,.F.);
#2931 = PLANE('',#2932);
#2932 = AXIS2_PLACEMENT_3D('',#2933,#2934,#2935);
#2933 = CARTESIAN_POINT('',(3.357754156291,-18.03593787893,-80.));
#2934 = DIRECTION('',(0.,0.,1.));
#2935 = DIRECTION('',(1.,0.,-0.));
#2936 = ADVANCED_FACE('',(#2937),#2942,.T.);
#2937 = FACE_BOUND('',#2938,.T.);
#2938 = EDGE_LOOP('',(#2939,#2940,#2941));
#2939 = ORIENTED_EDGE('',*,*,#62,.T.);
#2940 = ORIENTED_EDGE('',*,*,#2770,.F.);
#2941 = ORIENTED_EDGE('',*,*,#2924,.F.);
#2942 = PLANE('',#2943);
#2943 = AXIS2_PLACEMENT_3D('',#2944,#2945,#2946);
#2944 = CARTESIAN_POINT('',(2.868848719005,-16.62290019676,-80.));
#2945 = DIRECTION('',(0.,0.,1.));
#2946 = DIRECTION('',(1.,0.,-0.));
#2947 = ADVANCED_FACE('',(#2948),#2958,.T.);
#2948 = FACE_BOUND('',#2949,.T.);
#2949 = EDGE_LOOP('',(#2950,#2951,#2957));
#2950 = ORIENTED_EDGE('',*,*,#1441,.F.);
#2951 = ORIENTED_EDGE('',*,*,#2952,.T.);
#2952 = EDGE_CURVE('',#1434,#24,#2953,.T.);
#2953 = LINE('',#2954,#2955);
#2954 = CARTESIAN_POINT('',(-45.,-10.39000034332,-80.));
#2955 = VECTOR('',#2956,1.);
#2956 = DIRECTION('',(-0.139893548954,0.990166549102,0.));
#2957 = ORIENTED_EDGE('',*,*,#2819,.F.);
#2958 = PLANE('',#2959);
#2959 = AXIS2_PLACEMENT_3D('',#2960,#2961,#2962);
#2960 = CARTESIAN_POINT('',(-47.44642944745,6.508765716229,-80.));
#2961 = DIRECTION('',(0.,0.,1.));
#2962 = DIRECTION('',(1.,0.,-0.));
#2963 = ADVANCED_FACE('',(#2964),#2974,.T.);
#2964 = FACE_BOUND('',#2965,.T.);
#2965 = EDGE_LOOP('',(#2966,#2967,#2973));
#2966 = ORIENTED_EDGE('',*,*,#2756,.F.);
#2967 = ORIENTED_EDGE('',*,*,#2968,.T.);
#2968 = EDGE_CURVE('',#1867,#24,#2969,.T.);
#2969 = LINE('',#2970,#2971);
#2970 = CARTESIAN_POINT('',(-45.,-6.739999771118,-80.));
#2971 = VECTOR('',#2972,1.);
#2972 = DIRECTION('',(-0.155610968016,0.987818417845,0.));
#2973 = ORIENTED_EDGE('',*,*,#2952,.F.);
#2974 = PLANE('',#2975);
#2975 = AXIS2_PLACEMENT_3D('',#2976,#2977,#2978);
#2976 = CARTESIAN_POINT('',(-47.37241841781,7.314987206122,-80.));
#2977 = DIRECTION('',(0.,0.,1.));
#2978 = DIRECTION('',(1.,0.,-0.));
#2979 = ADVANCED_FACE('',(#2980),#2990,.T.);
#2980 = FACE_BOUND('',#2981,.T.);
#2981 = EDGE_LOOP('',(#2982,#2983,#2989));
#2982 = ORIENTED_EDGE('',*,*,#1952,.F.);
#2983 = ORIENTED_EDGE('',*,*,#2984,.T.);
#2984 = EDGE_CURVE('',#1945,#24,#2985,.T.);
#2985 = LINE('',#2986,#2987);
#2986 = CARTESIAN_POINT('',(-45.,-5.139999866486,-80.));
#2987 = VECTOR('',#2988,1.);
#2988 = DIRECTION('',(-0.163655855319,0.986517491492,0.));
#2989 = ORIENTED_EDGE('',*,*,#2968,.F.);
#2990 = PLANE('',#2991);
#2991 = AXIS2_PLACEMENT_3D('',#2992,#2993,#2994);
#2992 = CARTESIAN_POINT('',(-47.43777547116,9.135126376118,-80.));
#2993 = DIRECTION('',(0.,0.,1.));
#2994 = DIRECTION('',(1.,0.,-0.));
#2995 = ADVANCED_FACE('',(#2996),#3001,.T.);
#2996 = FACE_BOUND('',#2997,.T.);
#2997 = EDGE_LOOP('',(#2998,#2999,#3000));
#2998 = ORIENTED_EDGE('',*,*,#2984,.F.);
#2999 = ORIENTED_EDGE('',*,*,#1973,.F.);
#3000 = ORIENTED_EDGE('',*,*,#31,.F.);
#3001 = PLANE('',#3002);
#3002 = AXIS2_PLACEMENT_3D('',#3003,#3004,#3005);
#3003 = CARTESIAN_POINT('',(-46.74819644135,9.34234783445,-80.));
#3004 = DIRECTION('',(0.,0.,1.));
#3005 = DIRECTION('',(1.,0.,-0.));
#3006 = ADVANCED_FACE('',(#3007),#3024,.T.);
#3007 = FACE_BOUND('',#3008,.T.);
#3008 = EDGE_LOOP('',(#3009,#3010,#3018));
#3009 = ORIENTED_EDGE('',*,*,#2719,.F.);
#3010 = ORIENTED_EDGE('',*,*,#3011,.T.);
#3011 = EDGE_CURVE('',#1197,#3012,#3014,.T.);
#3012 = VERTEX_POINT('',#3013);
#3013 = CARTESIAN_POINT('',(-51.5,26.5,-81.5));
#3014 = LINE('',#3015,#3016);
#3015 = CARTESIAN_POINT('',(-51.5,26.5,-80.));
#3016 = VECTOR('',#3017,1.);
#3017 = DIRECTION('',(0.,0.,-1.));
#3018 = ORIENTED_EDGE('',*,*,#3019,.T.);
#3019 = EDGE_CURVE('',#3012,#2637,#3020,.T.);
#3020 = LINE('',#3021,#3022);
#3021 = CARTESIAN_POINT('',(-51.5,26.5,-81.5));
#3022 = VECTOR('',#3023,1.);
#3023 = DIRECTION('',(0.,-1.,0.));
#3024 = PLANE('',#3025);
#3025 = AXIS2_PLACEMENT_3D('',#3026,#3027,#3028);
#3026 = CARTESIAN_POINT('',(-51.5,0.369694458444,-81.11969445844));
#3027 = DIRECTION('',(-1.,-0.,-0.));
#3028 = DIRECTION('',(0.,0.,-1.));
#3029 = ADVANCED_FACE('',(#3030),#3047,.T.);
#3030 = FACE_BOUND('',#3031,.T.);
#3031 = EDGE_LOOP('',(#3032,#3033,#3041));
#3032 = ORIENTED_EDGE('',*,*,#3019,.F.);
#3033 = ORIENTED_EDGE('',*,*,#3034,.T.);
#3034 = EDGE_CURVE('',#3012,#3035,#3037,.T.);
#3035 = VERTEX_POINT('',#3036);
#3036 = CARTESIAN_POINT('',(51.5,26.5,-81.5));
#3037 = LINE('',#3038,#3039);
#3038 = CARTESIAN_POINT('',(-51.5,26.5,-81.5));
#3039 = VECTOR('',#3040,1.);
#3040 = DIRECTION('',(1.,0.,0.));
#3041 = ORIENTED_EDGE('',*,*,#3042,.T.);
#3042 = EDGE_CURVE('',#3035,#2637,#3043,.T.);
#3043 = LINE('',#3044,#3045);
#3044 = CARTESIAN_POINT('',(51.5,26.5,-81.5));
#3045 = VECTOR('',#3046,1.);
#3046 = DIRECTION('',(-0.889187463311,-0.457543063646,0.));
#3047 = PLANE('',#3048);
#3048 = AXIS2_PLACEMENT_3D('',#3049,#3050,#3051);
#3049 = CARTESIAN_POINT('',(-10.04097722643,10.040977226433,-81.5));
#3050 = DIRECTION('',(-0.,-0.,-1.));
#3051 = DIRECTION('',(-1.,0.,0.));
#3052 = ADVANCED_FACE('',(#3053),#3063,.T.);
#3053 = FACE_BOUND('',#3054,.T.);
#3054 = EDGE_LOOP('',(#3055,#3056,#3062));
#3055 = ORIENTED_EDGE('',*,*,#3011,.F.);
#3056 = ORIENTED_EDGE('',*,*,#3057,.T.);
#3057 = EDGE_CURVE('',#1197,#3035,#3058,.T.);
#3058 = LINE('',#3059,#3060);
#3059 = CARTESIAN_POINT('',(-51.5,26.5,-80.));
#3060 = VECTOR('',#3061,1.);
#3061 = DIRECTION('',(0.999893974825,0.,-1.456156274016E-02));
#3062 = ORIENTED_EDGE('',*,*,#3034,.F.);
#3063 = PLANE('',#3064);
#3064 = AXIS2_PLACEMENT_3D('',#3065,#3066,#3067);
#3065 = CARTESIAN_POINT('',(-0.372269562239,26.5,-81.12226956223));
#3066 = DIRECTION('',(0.,1.,0.));
#3067 = DIRECTION('',(0.,-0.,1.));
#3068 = ADVANCED_FACE('',(#3069),#3079,.T.);
#3069 = FACE_BOUND('',#3070,.T.);
#3070 = EDGE_LOOP('',(#3071,#3077,#3078));
#3071 = ORIENTED_EDGE('',*,*,#3072,.T.);
#3072 = EDGE_CURVE('',#2637,#1036,#3073,.T.);
#3073 = LINE('',#3074,#3075);
#3074 = CARTESIAN_POINT('',(-51.5,-26.5,-81.5));
#3075 = VECTOR('',#3076,1.);
#3076 = DIRECTION('',(0.999893974825,0.,1.456156274016E-02));
#3077 = ORIENTED_EDGE('',*,*,#1035,.F.);
#3078 = ORIENTED_EDGE('',*,*,#2834,.F.);
#3079 = PLANE('',#3080);
#3080 = AXIS2_PLACEMENT_3D('',#3081,#3082,#3083);
#3081 = CARTESIAN_POINT('',(-1.540069561596E-04,-26.5,-80.7299779111));
#3082 = DIRECTION('',(-0.,-1.,-0.));
#3083 = DIRECTION('',(0.,0.,-1.));
#3084 = ADVANCED_FACE('',(#3085),#3102,.T.);
#3085 = FACE_BOUND('',#3086,.T.);
#3086 = EDGE_LOOP('',(#3087,#3095,#3101));
#3087 = ORIENTED_EDGE('',*,*,#3088,.T.);
#3088 = EDGE_CURVE('',#2637,#3089,#3091,.T.);
#3089 = VERTEX_POINT('',#3090);
#3090 = CARTESIAN_POINT('',(51.5,-26.5,-81.5));
#3091 = LINE('',#3092,#3093);
#3092 = CARTESIAN_POINT('',(-51.5,-26.5,-81.5));
#3093 = VECTOR('',#3094,1.);
#3094 = DIRECTION('',(1.,0.,0.));
#3095 = ORIENTED_EDGE('',*,*,#3096,.T.);
#3096 = EDGE_CURVE('',#3089,#1036,#3097,.T.);
#3097 = LINE('',#3098,#3099);
#3098 = CARTESIAN_POINT('',(51.5,-26.5,-81.5));
#3099 = VECTOR('',#3100,1.);
#3100 = DIRECTION('',(0.,0.,1.));
#3101 = ORIENTED_EDGE('',*,*,#3072,.F.);
#3102 = PLANE('',#3103);
#3103 = AXIS2_PLACEMENT_3D('',#3104,#3105,#3106);
#3104 = CARTESIAN_POINT('',(0.372269562239,-26.5,-81.12226956223));
#3105 = DIRECTION('',(-0.,-1.,-0.));
#3106 = DIRECTION('',(0.,0.,-1.));
#3107 = ADVANCED_FACE('',(#3108),#3118,.T.);
#3108 = FACE_BOUND('',#3109,.T.);
#3109 = EDGE_LOOP('',(#3110,#3111,#3112));
#3110 = ORIENTED_EDGE('',*,*,#2872,.F.);
#3111 = ORIENTED_EDGE('',*,*,#1278,.F.);
#3112 = ORIENTED_EDGE('',*,*,#3113,.T.);
#3113 = EDGE_CURVE('',#982,#1638,#3114,.T.);
#3114 = LINE('',#3115,#3116);
#3115 = CARTESIAN_POINT('',(46.,-25.,-80.));
#3116 = VECTOR('',#3117,1.);
#3117 = DIRECTION('',(-0.996177817365,8.73484756018E-02,0.));
#3118 = PLANE('',#3119);
#3119 = AXIS2_PLACEMENT_3D('',#3120,#3121,#3122);
#3120 = CARTESIAN_POINT('',(2.120142781407,-21.53089238104,-80.));
#3121 = DIRECTION('',(0.,0.,1.));
#3122 = DIRECTION('',(1.,0.,-0.));
#3123 = ADVANCED_FACE('',(#3124),#3129,.T.);
#3124 = FACE_BOUND('',#3125,.T.);
#3125 = EDGE_LOOP('',(#3126,#3127,#3128));
#3126 = ORIENTED_EDGE('',*,*,#2894,.F.);
#3127 = ORIENTED_EDGE('',*,*,#3113,.F.);
#3128 = ORIENTED_EDGE('',*,*,#981,.F.);
#3129 = PLANE('',#3130);
#3130 = AXIS2_PLACEMENT_3D('',#3131,#3132,#3133);
#3131 = CARTESIAN_POINT('',(3.746342208186,-21.20359153188,-80.));
#3132 = DIRECTION('',(0.,0.,1.));
#3133 = DIRECTION('',(1.,0.,-0.));
#3134 = ADVANCED_FACE('',(#3135),#3150,.T.);
#3135 = FACE_BOUND('',#3136,.T.);
#3136 = EDGE_LOOP('',(#3137,#3143,#3144));
#3137 = ORIENTED_EDGE('',*,*,#3138,.T.);
#3138 = EDGE_CURVE('',#24,#499,#3139,.T.);
#3139 = LINE('',#3140,#3141);
#3140 = CARTESIAN_POINT('',(-50.,25.,-80.));
#3141 = VECTOR('',#3142,1.);
#3142 = DIRECTION('',(0.909644387071,-0.415387877856,0.));
#3143 = ORIENTED_EDGE('',*,*,#498,.F.);
#3144 = ORIENTED_EDGE('',*,*,#3145,.T.);
#3145 = EDGE_CURVE('',#491,#24,#3146,.T.);
#3146 = LINE('',#3147,#3148);
#3147 = CARTESIAN_POINT('',(42.5,-15.64000034332,-80.));
#3148 = VECTOR('',#3149,1.);
#3149 = DIRECTION('',(-0.915533812084,0.402241020945,0.));
#3150 = PLANE('',#3151);
#3151 = AXIS2_PLACEMENT_3D('',#3152,#3153,#3154);
#3152 = CARTESIAN_POINT('',(-3.387826771741,4.116465765745,-80.));
#3153 = DIRECTION('',(0.,0.,1.));
#3154 = DIRECTION('',(1.,0.,-0.));
#3155 = ADVANCED_FACE('',(#3156),#3171,.T.);
#3156 = FACE_BOUND('',#3157,.T.);
#3157 = EDGE_LOOP('',(#3158,#3159,#3165));
#3158 = ORIENTED_EDGE('',*,*,#3145,.F.);
#3159 = ORIENTED_EDGE('',*,*,#3160,.T.);
#3160 = EDGE_CURVE('',#491,#294,#3161,.T.);
#3161 = LINE('',#3162,#3163);
#3162 = CARTESIAN_POINT('',(42.5,-15.64000034332,-80.));
#3163 = VECTOR('',#3164,1.);
#3164 = DIRECTION('',(0.,1.,0.));
#3165 = ORIENTED_EDGE('',*,*,#3166,.T.);
#3166 = EDGE_CURVE('',#294,#24,#3167,.T.);
#3167 = LINE('',#3168,#3169);
#3168 = CARTESIAN_POINT('',(42.5,-11.98999977111,-80.));
#3169 = VECTOR('',#3170,1.);
#3170 = DIRECTION('',(-0.9285113013,0.371304138622,0.));
#3171 = PLANE('',#3172);
#3172 = AXIS2_PLACEMENT_3D('',#3173,#3174,#3175);
#3173 = CARTESIAN_POINT('',(-2.923726170646,5.239470602848,-80.));
#3174 = DIRECTION('',(0.,0.,1.));
#3175 = DIRECTION('',(1.,0.,-0.));
#3176 = ADVANCED_FACE('',(#3177),#3187,.T.);
#3177 = FACE_BOUND('',#3178,.T.);
#3178 = EDGE_LOOP('',(#3179,#3180,#3186));
#3179 = ORIENTED_EDGE('',*,*,#3042,.F.);
#3180 = ORIENTED_EDGE('',*,*,#3181,.T.);
#3181 = EDGE_CURVE('',#3035,#3089,#3182,.T.);
#3182 = LINE('',#3183,#3184);
#3183 = CARTESIAN_POINT('',(51.5,26.5,-81.5));
#3184 = VECTOR('',#3185,1.);
#3185 = DIRECTION('',(0.,-1.,0.));
#3186 = ORIENTED_EDGE('',*,*,#3088,.F.);
#3187 = PLANE('',#3188);
#3188 = AXIS2_PLACEMENT_3D('',#3189,#3190,#3191);
#3189 = CARTESIAN_POINT('',(10.040977226433,-10.04097722643,-81.5));
#3190 = DIRECTION('',(-0.,-0.,-1.));
#3191 = DIRECTION('',(-1.,0.,0.));
#3192 = ADVANCED_FACE('',(#3193),#3203,.T.);
#3193 = FACE_BOUND('',#3194,.T.);
#3194 = EDGE_LOOP('',(#3195,#3201,#3202));
#3195 = ORIENTED_EDGE('',*,*,#3196,.T.);
#3196 = EDGE_CURVE('',#22,#499,#3197,.T.);
#3197 = LINE('',#3198,#3199);
#3198 = CARTESIAN_POINT('',(50.,-25.,-80.));
#3199 = VECTOR('',#3200,1.);
#3200 = DIRECTION('',(-0.694958216008,0.719050122038,0.));
#3201 = ORIENTED_EDGE('',*,*,#3138,.F.);
#3202 = ORIENTED_EDGE('',*,*,#21,.F.);
#3203 = PLANE('',#3204);
#3204 = AXIS2_PLACEMENT_3D('',#3205,#3206,#3207);
#3205 = CARTESIAN_POINT('',(0.525229850086,0.742909867918,-80.));
#3206 = DIRECTION('',(0.,0.,1.));
#3207 = DIRECTION('',(1.,0.,-0.));
#3208 = ADVANCED_FACE('',(#3209),#3219,.T.);
#3209 = FACE_BOUND('',#3210,.T.);
#3210 = EDGE_LOOP('',(#3211,#3217,#3218));
#3211 = ORIENTED_EDGE('',*,*,#3212,.T.);
#3212 = EDGE_CURVE('',#522,#294,#3213,.T.);
#3213 = LINE('',#3214,#3215);
#3214 = CARTESIAN_POINT('',(45.,-15.64000034332,-80.));
#3215 = VECTOR('',#3216,1.);
#3216 = DIRECTION('',(-0.565088945403,0.825029989627,0.));
#3217 = ORIENTED_EDGE('',*,*,#3160,.F.);
#3218 = ORIENTED_EDGE('',*,*,#529,.F.);
#3219 = PLANE('',#3220);
#3220 = AXIS2_PLACEMENT_3D('',#3221,#3222,#3223);
#3221 = CARTESIAN_POINT('',(43.318520431382,-14.24647962583,-80.));
#3222 = DIRECTION('',(0.,0.,1.));
#3223 = DIRECTION('',(1.,0.,-0.));
#3224 = ADVANCED_FACE('',(#3225),#3235,.T.);
#3225 = FACE_BOUND('',#3226,.T.);
#3226 = EDGE_LOOP('',(#3227,#3233,#3234));
#3227 = ORIENTED_EDGE('',*,*,#3228,.T.);
#3228 = EDGE_CURVE('',#22,#590,#3229,.T.);
#3229 = LINE('',#3230,#3231);
#3230 = CARTESIAN_POINT('',(50.,-25.,-80.));
#3231 = VECTOR('',#3232,1.);
#3232 = DIRECTION('',(-0.541633285777,0.840614884319,0.));
#3233 = ORIENTED_EDGE('',*,*,#598,.F.);
#3234 = ORIENTED_EDGE('',*,*,#3196,.F.);
#3235 = PLANE('',#3236);
#3236 = AXIS2_PLACEMENT_3D('',#3237,#3238,#3239);
#3237 = CARTESIAN_POINT('',(46.484830597987,-20.68933576917,-80.));
#3238 = DIRECTION('',(0.,0.,1.));
#3239 = DIRECTION('',(1.,0.,-0.));
#3240 = ADVANCED_FACE('',(#3241),#3251,.T.);
#3241 = FACE_BOUND('',#3242,.T.);
#3242 = EDGE_LOOP('',(#3243,#3244,#3250));
#3243 = ORIENTED_EDGE('',*,*,#3228,.F.);
#3244 = ORIENTED_EDGE('',*,*,#3245,.T.);
#3245 = EDGE_CURVE('',#22,#522,#3246,.T.);
#3246 = LINE('',#3247,#3248);
#3247 = CARTESIAN_POINT('',(50.,-25.,-80.));
#3248 = VECTOR('',#3249,1.);
#3249 = DIRECTION('',(-0.471175075501,0.882039708985,0.));
#3250 = ORIENTED_EDGE('',*,*,#612,.F.);
#3251 = PLANE('',#3252);
#3252 = AXIS2_PLACEMENT_3D('',#3253,#3254,#3255);
#3253 = CARTESIAN_POINT('',(47.313459911722,-20.37489287181,-80.));
#3254 = DIRECTION('',(0.,0.,1.));
#3255 = DIRECTION('',(1.,0.,-0.));
#3256 = ADVANCED_FACE('',(#3257),#3272,.T.);
#3257 = FACE_BOUND('',#3258,.T.);
#3258 = EDGE_LOOP('',(#3259,#3260,#3266));
#3259 = ORIENTED_EDGE('',*,*,#3245,.F.);
#3260 = ORIENTED_EDGE('',*,*,#3261,.T.);
#3261 = EDGE_CURVE('',#22,#362,#3262,.T.);
#3262 = LINE('',#3263,#3264);
#3263 = CARTESIAN_POINT('',(50.,-25.,-80.));
#3264 = VECTOR('',#3265,1.);
#3265 = DIRECTION('',(-0.358738670007,0.93343803578,0.));
#3266 = ORIENTED_EDGE('',*,*,#3267,.T.);
#3267 = EDGE_CURVE('',#362,#522,#3268,.T.);
#3268 = LINE('',#3269,#3270);
#3269 = CARTESIAN_POINT('',(45.,-11.98999977111,-80.));
#3270 = VECTOR('',#3271,1.);
#3271 = DIRECTION('',(0.,-1.,0.));
#3272 = PLANE('',#3273);
#3273 = AXIS2_PLACEMENT_3D('',#3274,#3275,#3276);
#3274 = CARTESIAN_POINT('',(47.176412533802,-18.576011114,-80.));
#3275 = DIRECTION('',(0.,0.,1.));
#3276 = DIRECTION('',(1.,0.,-0.));
#3277 = ADVANCED_FACE('',(#3278),#3288,.T.);
#3278 = FACE_BOUND('',#3279,.T.);
#3279 = EDGE_LOOP('',(#3280,#3281,#3287));
#3280 = ORIENTED_EDGE('',*,*,#3261,.F.);
#3281 = ORIENTED_EDGE('',*,*,#3282,.T.);
#3282 = EDGE_CURVE('',#22,#317,#3283,.T.);
#3283 = LINE('',#3284,#3285);
#3284 = CARTESIAN_POINT('',(50.,-25.,-80.));
#3285 = VECTOR('',#3286,1.);
#3286 = DIRECTION('',(-0.323794477773,0.946127441819,0.));
#3287 = ORIENTED_EDGE('',*,*,#391,.F.);
#3288 = PLANE('',#3289);
#3289 = AXIS2_PLACEMENT_3D('',#3290,#3291,#3292);
#3290 = CARTESIAN_POINT('',(47.370882886607,-17.71895713365,-80.));
#3291 = DIRECTION('',(0.,0.,1.));
#3292 = DIRECTION('',(1.,0.,-0.));
#3293 = ADVANCED_FACE('',(#3294),#3309,.T.);
#3294 = FACE_BOUND('',#3295,.T.);
#3295 = EDGE_LOOP('',(#3296,#3297,#3303));
#3296 = ORIENTED_EDGE('',*,*,#3282,.F.);
#3297 = ORIENTED_EDGE('',*,*,#3298,.T.);
#3298 = EDGE_CURVE('',#22,#155,#3299,.T.);
#3299 = LINE('',#3300,#3301);
#3300 = CARTESIAN_POINT('',(50.,-25.,-80.));
#3301 = VECTOR('',#3302,1.);
#3302 = DIRECTION('',(-0.264100532669,0.964495157398,0.));
#3303 = ORIENTED_EDGE('',*,*,#3304,.T.);
#3304 = EDGE_CURVE('',#155,#317,#3305,.T.);
#3305 = LINE('',#3306,#3307);
#3306 = CARTESIAN_POINT('',(45.,-6.739999771118,-80.));
#3307 = VECTOR('',#3308,1.);
#3308 = DIRECTION('',(0.,-1.,0.));
#3309 = PLANE('',#3310);
#3310 = AXIS2_PLACEMENT_3D('',#3311,#3312,#3313);
#3311 = CARTESIAN_POINT('',(47.260020448468,-15.90992741131,-80.));
#3312 = DIRECTION('',(0.,0.,1.));
#3313 = DIRECTION('',(1.,0.,-0.));
#3314 = ADVANCED_FACE('',(#3315),#3320,.T.);
#3315 = FACE_BOUND('',#3316,.T.);
#3316 = EDGE_LOOP('',(#3317,#3318,#3319));
#3317 = ORIENTED_EDGE('',*,*,#3267,.F.);
#3318 = ORIENTED_EDGE('',*,*,#377,.F.);
#3319 = ORIENTED_EDGE('',*,*,#3212,.F.);
#3320 = PLANE('',#3321);
#3321 = AXIS2_PLACEMENT_3D('',#3322,#3323,#3324);
#3322 = CARTESIAN_POINT('',(44.181479568618,-13.3835204886,-80.));
#3323 = DIRECTION('',(0.,0.,1.));
#3324 = DIRECTION('',(1.,0.,-0.));
#3325 = ADVANCED_FACE('',(#3326),#3336,.T.);
#3326 = FACE_BOUND('',#3327,.T.);
#3327 = EDGE_LOOP('',(#3328,#3329,#3330));
#3328 = ORIENTED_EDGE('',*,*,#324,.F.);
#3329 = ORIENTED_EDGE('',*,*,#3304,.F.);
#3330 = ORIENTED_EDGE('',*,*,#3331,.T.);
#3331 = EDGE_CURVE('',#155,#286,#3332,.T.);
#3332 = LINE('',#3333,#3334);
#3333 = CARTESIAN_POINT('',(45.,-6.739999771118,-80.));
#3334 = VECTOR('',#3335,1.);
#3335 = DIRECTION('',(-0.565088945403,-0.825029989627,0.));
#3336 = PLANE('',#3337);
#3337 = AXIS2_PLACEMENT_3D('',#3338,#3339,#3340);
#3338 = CARTESIAN_POINT('',(44.181479568618,-8.996479625839,-80.));
#3339 = DIRECTION('',(0.,0.,1.));
#3340 = DIRECTION('',(1.,0.,-0.));
#3341 = ADVANCED_FACE('',(#3342),#3352,.T.);
#3342 = FACE_BOUND('',#3343,.T.);
#3343 = EDGE_LOOP('',(#3344,#3345,#3346));
#3344 = ORIENTED_EDGE('',*,*,#3331,.F.);
#3345 = ORIENTED_EDGE('',*,*,#170,.F.);
#3346 = ORIENTED_EDGE('',*,*,#3347,.T.);
#3347 = EDGE_CURVE('',#87,#286,#3348,.T.);
#3348 = LINE('',#3349,#3350);
#3349 = CARTESIAN_POINT('',(42.5,-6.739999771118,-80.));
#3350 = VECTOR('',#3351,1.);
#3351 = DIRECTION('',(0.,-1.,0.));
#3352 = PLANE('',#3353);
#3353 = AXIS2_PLACEMENT_3D('',#3354,#3355,#3356);
#3354 = CARTESIAN_POINT('',(43.318520431382,-8.133520488602,-80.));
#3355 = DIRECTION('',(0.,0.,1.));
#3356 = DIRECTION('',(1.,0.,-0.));
#3357 = ADVANCED_FACE('',(#3358),#3368,.T.);
#3358 = FACE_BOUND('',#3359,.T.);
#3359 = EDGE_LOOP('',(#3360,#3361,#3367));
#3360 = ORIENTED_EDGE('',*,*,#3181,.F.);
#3361 = ORIENTED_EDGE('',*,*,#3362,.T.);
#3362 = EDGE_CURVE('',#3035,#1036,#3363,.T.);
#3363 = LINE('',#3364,#3365);
#3364 = CARTESIAN_POINT('',(51.5,26.5,-81.5));
#3365 = VECTOR('',#3366,1.);
#3366 = DIRECTION('',(0.,-0.99959974204,2.829055873698E-02));
#3367 = ORIENTED_EDGE('',*,*,#3096,.F.);
#3368 = PLANE('',#3369);
#3369 = AXIS2_PLACEMENT_3D('',#3370,#3371,#3372);
#3370 = CARTESIAN_POINT('',(51.5,-0.369694458444,-81.11969445844));
#3371 = DIRECTION('',(1.,0.,0.));
#3372 = DIRECTION('',(-0.,0.,1.));
#3373 = ADVANCED_FACE('',(#3374),#3384,.T.);
#3374 = FACE_BOUND('',#3375,.T.);
#3375 = EDGE_LOOP('',(#3376,#3377,#3378));
#3376 = ORIENTED_EDGE('',*,*,#3298,.F.);
#3377 = ORIENTED_EDGE('',*,*,#944,.F.);
#3378 = ORIENTED_EDGE('',*,*,#3379,.T.);
#3379 = EDGE_CURVE('',#892,#155,#3380,.T.);
#3380 = LINE('',#3381,#3382);
#3381 = CARTESIAN_POINT('',(50.,25.,-80.));
#3382 = VECTOR('',#3383,1.);
#3383 = DIRECTION('',(-0.155610968016,-0.987818417845,0.));
#3384 = PLANE('',#3385);
#3385 = AXIS2_PLACEMENT_3D('',#3386,#3387,#3388);
#3386 = CARTESIAN_POINT('',(48.736844970639,-7.019320101155E-02,-80.));
#3387 = DIRECTION('',(0.,0.,1.));
#3388 = DIRECTION('',(1.,0.,-0.));
#3389 = ADVANCED_FACE('',(#3390),#3400,.T.);
#3390 = FACE_BOUND('',#3391,.T.);
#3391 = EDGE_LOOP('',(#3392,#3393,#3394));
#3392 = ORIENTED_EDGE('',*,*,#3166,.F.);
#3393 = ORIENTED_EDGE('',*,*,#293,.F.);
#3394 = ORIENTED_EDGE('',*,*,#3395,.T.);
#3395 = EDGE_CURVE('',#286,#24,#3396,.T.);
#3396 = LINE('',#3397,#3398);
#3397 = CARTESIAN_POINT('',(42.5,-10.39000034332,-80.));
#3398 = VECTOR('',#3399,1.);
#3399 = DIRECTION('',(-0.933976523286,0.357334372754,0.));
#3400 = PLANE('',#3401);
#3401 = AXIS2_PLACEMENT_3D('',#3402,#3403,#3404);
#3402 = CARTESIAN_POINT('',(-3.380481848709,6.759264122751,-80.));
#3403 = DIRECTION('',(0.,0.,1.));
#3404 = DIRECTION('',(1.,0.,-0.));
#3405 = ADVANCED_FACE('',(#3406),#3416,.T.);
#3406 = FACE_BOUND('',#3407,.T.);
#3407 = EDGE_LOOP('',(#3408,#3409,#3410));
#3408 = ORIENTED_EDGE('',*,*,#3395,.F.);
#3409 = ORIENTED_EDGE('',*,*,#3347,.F.);
#3410 = ORIENTED_EDGE('',*,*,#3411,.T.);
#3411 = EDGE_CURVE('',#87,#24,#3412,.T.);
#3412 = LINE('',#3413,#3414);
#3413 = CARTESIAN_POINT('',(42.5,-6.739999771118,-80.));
#3414 = VECTOR('',#3415,1.);
#3415 = DIRECTION('',(-0.945865248186,0.324559597415,0.));
#3416 = PLANE('',#3417);
#3417 = AXIS2_PLACEMENT_3D('',#3418,#3419,#3420);
#3418 = CARTESIAN_POINT('',(-2.907970656164,7.906291228017,-80.));
#3419 = DIRECTION('',(0.,0.,1.));
#3420 = DIRECTION('',(1.,0.,-0.));
#3421 = ADVANCED_FACE('',(#3422),#3432,.T.);
#3422 = FACE_BOUND('',#3423,.T.);
#3423 = EDGE_LOOP('',(#3424,#3425,#3426));
#3424 = ORIENTED_EDGE('',*,*,#3411,.F.);
#3425 = ORIENTED_EDGE('',*,*,#86,.F.);
#3426 = ORIENTED_EDGE('',*,*,#3427,.T.);
#3427 = EDGE_CURVE('',#79,#24,#3428,.T.);
#3428 = LINE('',#3429,#3430);
#3429 = CARTESIAN_POINT('',(42.5,-5.139999866486,-80.));
#3430 = VECTOR('',#3431,1.);
#3431 = DIRECTION('',(-0.950799629853,0.309806494236,0.));
#3432 = PLANE('',#3433);
#3433 = AXIS2_PLACEMENT_3D('',#3434,#3435,#3436);
#3434 = CARTESIAN_POINT('',(-3.373755473524,9.403119203468,-80.));
#3435 = DIRECTION('',(0.,0.,1.));
#3436 = DIRECTION('',(1.,0.,-0.));
#3437 = ADVANCED_FACE('',(#3438),#3448,.T.);
#3438 = FACE_BOUND('',#3439,.T.);
#3439 = EDGE_LOOP('',(#3440,#3441,#3442));
#3440 = ORIENTED_EDGE('',*,*,#3427,.F.);
#3441 = ORIENTED_EDGE('',*,*,#117,.F.);
#3442 = ORIENTED_EDGE('',*,*,#3443,.T.);
#3443 = EDGE_CURVE('',#110,#24,#3444,.T.);
#3444 = LINE('',#3445,#3446);
#3445 = CARTESIAN_POINT('',(45.,-5.139999866486,-80.));
#3446 = VECTOR('',#3447,1.);
#3447 = DIRECTION('',(-0.953178449905,0.302408403714,0.));
#3448 = PLANE('',#3449);
#3449 = AXIS2_PLACEMENT_3D('',#3450,#3451,#3452);
#3450 = CARTESIAN_POINT('',(-2.529997866952,9.741108520467,-80.));
#3451 = DIRECTION('',(0.,0.,1.));
#3452 = DIRECTION('',(1.,0.,-0.));
#3453 = ADVANCED_FACE('',(#3454),#3464,.T.);
#3454 = FACE_BOUND('',#3455,.T.);
#3455 = EDGE_LOOP('',(#3456,#3457,#3463));
#3456 = ORIENTED_EDGE('',*,*,#3443,.F.);
#3457 = ORIENTED_EDGE('',*,*,#3458,.T.);
#3458 = EDGE_CURVE('',#110,#892,#3459,.T.);
#3459 = LINE('',#3460,#3461);
#3460 = CARTESIAN_POINT('',(45.,-5.139999866486,-80.));
#3461 = VECTOR('',#3462,1.);
#3462 = DIRECTION('',(0.163655855319,0.986517491492,0.));
#3463 = ORIENTED_EDGE('',*,*,#891,.F.);
#3464 = PLANE('',#3465);
#3465 = AXIS2_PLACEMENT_3D('',#3466,#3467,#3468);
#3466 = CARTESIAN_POINT('',(5.22134358748,16.475956478227,-80.));
#3467 = DIRECTION('',(0.,0.,1.));
#3468 = DIRECTION('',(1.,0.,-0.));
#3469 = ADVANCED_FACE('',(#3470),#3480,.T.);
#3470 = FACE_BOUND('',#3471,.T.);
#3471 = EDGE_LOOP('',(#3472,#3473,#3479));
#3472 = ORIENTED_EDGE('',*,*,#1225,.F.);
#3473 = ORIENTED_EDGE('',*,*,#3474,.T.);
#3474 = EDGE_CURVE('',#1059,#3035,#3475,.T.);
#3475 = LINE('',#3476,#3477);
#3476 = CARTESIAN_POINT('',(51.5,26.5,-80.));
#3477 = VECTOR('',#3478,1.);
#3478 = DIRECTION('',(0.,0.,-1.));
#3479 = ORIENTED_EDGE('',*,*,#3057,.F.);
#3480 = PLANE('',#3481);
#3481 = AXIS2_PLACEMENT_3D('',#3482,#3483,#3484);
#3482 = CARTESIAN_POINT('',(0.372269562239,26.5,-80.37773043776));
#3483 = DIRECTION('',(0.,1.,0.));
#3484 = DIRECTION('',(0.,-0.,1.));
#3485 = ADVANCED_FACE('',(#3486),#3491,.T.);
#3486 = FACE_BOUND('',#3487,.T.);
#3487 = EDGE_LOOP('',(#3488,#3489,#3490));
#3488 = ORIENTED_EDGE('',*,*,#3379,.F.);
#3489 = ORIENTED_EDGE('',*,*,#3458,.F.);
#3490 = ORIENTED_EDGE('',*,*,#184,.F.);
#3491 = PLANE('',#3492);
#3492 = AXIS2_PLACEMENT_3D('',#3493,#3494,#3495);
#3493 = CARTESIAN_POINT('',(47.437775471169,9.135126376118,-80.));
#3494 = DIRECTION('',(0.,0.,1.));
#3495 = DIRECTION('',(1.,0.,-0.));
#3496 = ADVANCED_FACE('',(#3497),#3502,.T.);
#3497 = FACE_BOUND('',#3498,.T.);
#3498 = EDGE_LOOP('',(#3499,#3500,#3501));
#3499 = ORIENTED_EDGE('',*,*,#3362,.F.);
#3500 = ORIENTED_EDGE('',*,*,#3474,.F.);
#3501 = ORIENTED_EDGE('',*,*,#1058,.F.);
#3502 = PLANE('',#3503);
#3503 = AXIS2_PLACEMENT_3D('',#3504,#3505,#3506);
#3504 = CARTESIAN_POINT('',(51.5,0.369694458444,-80.38030554155));
#3505 = DIRECTION('',(1.,0.,0.));
#3506 = DIRECTION('',(-0.,0.,1.));
#3507 = ( GEOMETRIC_REPRESENTATION_CONTEXT(3) 
GLOBAL_UNCERTAINTY_ASSIGNED_CONTEXT((#3511)) 
GLOBAL_UNIT_ASSIGNED_CONTEXT((#3508,#3509,#3510)) REPRESENTATION_CONTEXT
('Context #1','3D Context with UNIT and UNCERTAINTY') );
#3508 = ( LENGTH_UNIT() NAMED_UNIT(*) SI_UNIT(.MILLI.,.METRE.) );
#3509 = ( NAMED_UNIT(*) PLANE_ANGLE_UNIT() SI_UNIT($,.RADIAN.) );
#3510 = ( NAMED_UNIT(*) SI_UNIT($,.STERADIAN.) SOLID_ANGLE_UNIT() );
#3511 = UNCERTAINTY_MEASURE_WITH_UNIT(LENGTH_MEASURE(1.E-07),#3508,
  'distance_accuracy_value','confusion accuracy');
#3512 = PRODUCT_RELATED_PRODUCT_CATEGORY('part',$,(#7));
ENDSEC;
END-ISO-10303-21;
