solid OpenSCAD_Model
  facet normal -0.4275550904055492 -0.9039892945540355 0
    outer loop
      vertex -80.00277272611856 -25.435085356235504 -80.75
      vertex -80.00277272611856 -25.435085356235504 -80
      vertex -80.35230314731598 -25.26976978033781 -80.75
    endloop
  endfacet
  facet normal -0.5141027442848138 -0.8577286099453738 0
    outer loop
      vertex -80.68394672125578 -25.07099027186632 -80.75
      vertex -80.35230314731598 -25.26976978033781 -80
      vertex -80.68394672125578 -25.07099027186632 -80
    endloop
  endfacet
  facet normal -0.5956992900553765 -0.8032075421878958 0
    outer loop
      vertex -80.68394672125578 -25.07099027186632 -80.75
      vertex -80.68394672125578 -25.07099027186632 -80
      vertex -80.99450954794884 -24.84066119045019 -80.75
    endloop
  endfacet
  facet normal -0.5141027442848138 -0.8577286099453738 0
    outer loop
      vertex -80.68394672125578 -25.07099027186632 -80.75
      vertex -80.35230314731598 -25.26976978033781 -80.75
      vertex -80.35230314731598 -25.26976978033781 -80
    endloop
  endfacet
  facet normal -0.4275550904055492 -0.9039892945540355 0
    outer loop
      vertex -80.00277272611856 -25.435085356235504 -80
      vertex -80.35230314731598 -25.26976978033781 -80
      vertex -80.35230314731598 -25.26976978033781 -80.75
    endloop
  endfacet
  facet normal -0.7409511261299075 -0.6715589539919945 0
    outer loop
      vertex -81.28100072592497 -24.581000722944736 -80.75
      vertex -81.28100072592497 -24.581000722944736 -80
      vertex -81.54066119343042 -24.294509544968605 -80.75
    endloop
  endfacet
  facet normal -0.7409511261299075 -0.6715589539919945 0
    outer loop
      vertex -81.28100072592497 -24.581000722944736 -80
      vertex -81.54066119343042 -24.294509544968605 -80
      vertex -81.54066119343042 -24.294509544968605 -80.75
    endloop
  endfacet
  facet normal -0.8032075421878958 -0.5956992900553765 0
    outer loop
      vertex -81.54066119343042 -24.294509544968605 -80.75
      vertex -81.54066119343042 -24.294509544968605 -80
      vertex -81.77099027484655 -23.983946718275547 -80.75
    endloop
  endfacet
  facet normal -0.5956992900553765 -0.8032075421878958 0
    outer loop
      vertex -80.68394672125578 -25.07099027186632 -80
      vertex -80.99450954794884 -24.84066119045019 -80
      vertex -80.99450954794884 -24.84066119045019 -80.75
    endloop
  endfacet
  facet normal -0.6715589539919945 -0.7409511261299075 0
    outer loop
      vertex -81.28100072592497 -24.581000722944736 -80.75
      vertex -80.99450954794884 -24.84066119045019 -80.75
      vertex -80.99450954794884 -24.84066119045019 -80
    endloop
  endfacet
  facet normal -0.6715589539919945 -0.7409511261299075 0
    outer loop
      vertex -81.28100072592497 -24.581000722944736 -80.75
      vertex -80.99450954794884 -24.84066119045019 -80
      vertex -81.28100072592497 -24.581000722944736 -80
    endloop
  endfacet
  facet normal -0.24298019247130095 -0.9700312500464147 0
    outer loop
      vertex -79.63872162997723 -25.56534492224455 -80.75
      vertex -79.26365587115288 -25.65929400920868 -80.75
      vertex -79.26365587115288 -25.65929400920868 -80
    endloop
  endfacet
  facet normal -0.24298019247130095 -0.9700312500464147 0
    outer loop
      vertex -79.63872162997723 -25.56534492224455 -80.75
      vertex -79.26365587115288 -25.65929400920868 -80
      vertex -79.63872162997723 -25.56534492224455 -80
    endloop
  endfacet
  facet normal -0.3368898555906379 -0.9415440643964144 0
    outer loop
      vertex -80.00277272611856 -25.435085356235504 -80.75
      vertex -79.63872162997723 -25.56534492224455 -80.75
      vertex -79.63872162997723 -25.56534492224455 -80
    endloop
  endfacet
  facet normal -0.3368898555906379 -0.9415440643964144 0
    outer loop
      vertex -80.00277272611856 -25.435085356235504 -80.75
      vertex -79.63872162997723 -25.56534492224455 -80
      vertex -80.00277272611856 -25.435085356235504 -80
    endloop
  endfacet
  facet normal -0.14673047101046435 -0.9891765104757831 0
    outer loop
      vertex -79.26365587115288 -25.65929400920868 -80.75
      vertex -78.88118753582239 -25.716027826070786 -80.75
      vertex -78.88118753582239 -25.716027826070786 -80
    endloop
  endfacet
  facet normal -0.14673047101046435 -0.9891765104757831 0
    outer loop
      vertex -79.26365587115288 -25.65929400920868 -80.75
      vertex -78.88118753582239 -25.716027826070786 -80
      vertex -79.26365587115288 -25.65929400920868 -80
    endloop
  endfacet
  facet normal -0.04906766532874333 -0.9987954566472489 0
    outer loop
      vertex -78.88118753582239 -25.716027826070786 -80.75
      vertex -78.49500000476837 -25.734999999403954 -80
      vertex -78.88118753582239 -25.716027826070786 -80
    endloop
  endfacet
  facet normal -0.04906766532874333 -0.9987954566472489 0
    outer loop
      vertex -78.88118753582239 -25.716027826070786 -80.75
      vertex -78.49500000476837 -25.734999999403954 -80.75
      vertex -78.49500000476837 -25.734999999403954 -80
    endloop
  endfacet
  facet normal 0 -1 0
    outer loop
      vertex -78.49500000476837 -25.734999999403954 -80.75
      vertex -75.10000000149012 -25.734999999403954 -80
      vertex -78.49500000476837 -25.734999999403954 -80
    endloop
  endfacet
  facet normal -0.8577286099453738 -0.5141027442848138 0
    outer loop
      vertex -81.77099027484655 -23.983946718275547 -80
      vertex -81.96976978331804 -23.652303144335747 -80
      vertex -81.96976978331804 -23.652303144335747 -80.75
    endloop
  endfacet
  facet normal -0.8032075421878958 -0.5956992900553765 0
    outer loop
      vertex -81.54066119343042 -24.294509544968605 -80
      vertex -81.77099027484655 -23.983946718275547 -80
      vertex -81.77099027484655 -23.983946718275547 -80.75
    endloop
  endfacet
  facet normal -0.8577286099453738 -0.5141027442848138 0
    outer loop
      vertex -81.77099027484655 -23.983946718275547 -80.75
      vertex -81.77099027484655 -23.983946718275547 -80
      vertex -81.96976978331804 -23.652303144335747 -80.75
    endloop
  endfacet
  facet normal -0.9039892945540355 -0.4275550904055492 0
    outer loop
      vertex -81.96976978331804 -23.652303144335747 -80.75
      vertex -81.96976978331804 -23.652303144335747 -80
      vertex -82.13508535921574 -23.302772723138332 -80.75
    endloop
  endfacet
  facet normal -0.9039892945540355 -0.4275550904055492 0
    outer loop
      vertex -81.96976978331804 -23.652303144335747 -80
      vertex -82.13508535921574 -23.302772723138332 -80
      vertex -82.13508535921574 -23.302772723138332 -80.75
    endloop
  endfacet
  facet normal 0 0 -1
    outer loop
      vertex -81.96976978331804 -23.652303144335747 -80.75
      vertex -82.13508535921574 -23.302772723138332 -80.75
      vertex -78.8879333289294 -23.42537019600587 -80.75
    endloop
  endfacet
  facet normal -0.9415440643964144 -0.3368898555906379 0
    outer loop
      vertex -82.13508535921574 -23.302772723138332 -80.75
      vertex -82.13508535921574 -23.302772723138332 -80
      vertex -82.26534492522478 -22.938721626996994 -80.75
    endloop
  endfacet
  facet normal -0.9415440643964144 -0.3368898555906379 0
    outer loop
      vertex -82.13508535921574 -23.302772723138332 -80
      vertex -82.26534492522478 -22.938721626996994 -80
      vertex -82.26534492522478 -22.938721626996994 -80.75
    endloop
  endfacet
  facet normal 0 0 -1
    outer loop
      vertex -82.13508535921574 -23.302772723138332 -80.75
      vertex -82.26534492522478 -22.938721626996994 -80.75
      vertex -79.67243686707646 -22.972436867076457 -80.75
    endloop
  endfacet
  facet normal -0.9700312500464147 -0.24298019247130095 0
    outer loop
      vertex -82.26534492522478 -22.938721626996994 -80.75
      vertex -82.26534492522478 -22.938721626996994 -80
      vertex -82.35929401218891 -22.563655868172646 -80.75
    endloop
  endfacet
  facet normal -0.9700312500464147 -0.24298019247130095 0
    outer loop
      vertex -82.26534492522478 -22.938721626996994 -80
      vertex -82.35929401218891 -22.563655868172646 -80
      vertex -82.35929401218891 -22.563655868172646 -80.75
    endloop
  endfacet
  facet normal 0 0 -1
    outer loop
      vertex -82.26534492522478 -22.938721626996994 -80.75
      vertex -82.35929401218891 -22.563655868172646 -80.75
      vertex -79.95054445662277 -22.61 -80.75
    endloop
  endfacet
  facet normal 0 0 -1
    outer loop
      vertex -82.13508535921574 -23.302772723138332 -80.75
      vertex -79.67243686707646 -22.972436867076457 -80.75
      vertex -79.31 -23.250544456622766 -80.75
    endloop
  endfacet
  facet normal 0 0 -1
    outer loop
      vertex -82.13508535921574 -23.302772723138332 -80.75
      vertex -79.31 -23.250544456622766 -80.75
      vertex -78.8879333289294 -23.42537019600587 -80.75
    endloop
  endfacet
  facet normal 0 0 -1
    outer loop
      vertex -82.26534492522478 -22.938721626996994 -80.75
      vertex -79.95054445662277 -22.61 -80.75
      vertex -79.67243686707646 -22.972436867076457 -80.75
    endloop
  endfacet
  facet normal 0 0 -1
    outer loop
      vertex -81.96976978331804 -23.652303144335747 -80.75
      vertex -78.8879333289294 -23.42537019600587 -80.75
      vertex -78.435 -23.485 -80.75
    endloop
  endfacet
  facet normal 0.1305261922200546 0.99144486137381 0
    outer loop
      vertex -78.8879333289294 -23.42537019600587 -80.75
      vertex -78.8879333289294 -23.42537019600587 -79.25
      vertex -78.435 -23.485 -80.75
    endloop
  endfacet
  facet normal 0.3826834323650856 0.9238795325112884 0
    outer loop
      vertex -78.8879333289294 -23.42537019600587 -80.75
      vertex -79.31 -23.250544456622766 -79.25
      vertex -78.8879333289294 -23.42537019600587 -79.25
    endloop
  endfacet
  facet normal 0 0 1
    outer loop
      vertex -78.95293332636356 -23.440370194613934 -79.25
      vertex -78.8879333289294 -23.42537019600587 -79.25
      vertex -79.375 -23.265544459223747 -79.25
    endloop
  endfacet
  facet normal 0 0 1
    outer loop
      vertex -78.95293332636356 -23.440370194613934 -79.25
      vertex -78.435 -23.485 -79.25
      vertex -78.8879333289294 -23.42537019600587 -79.25
    endloop
  endfacet
  facet normal -0.1305261922200546 0.99144486137381 0
    outer loop
      vertex -78.435 -23.485 -80.75
      vertex -78.435 -23.485 -79.25
      vertex -77.9820666710706 -23.42537019600587 -80.75
    endloop
  endfacet
  facet normal -0.130526192219992 0.9914448613738182 0
    outer loop
      vertex -78.02426598733138 -23.430925841388078 -80
      vertex -77.9820666710706 -23.42537019600587 -80
      vertex -77.9820666710706 -23.42537019600587 -80.75
    endloop
  endfacet
  facet normal 0.1305261922200546 0.99144486137381 0
    outer loop
      vertex -78.8879333289294 -23.42537019600587 -79.25
      vertex -78.435 -23.485 -79.25
      vertex -78.435 -23.485 -80.75
    endloop
  endfacet
  facet normal -0.13052619222006892 0.9914448613738082 -4.402360683159088e-15
    outer loop
      vertex -78.02426598733138 -23.430925841388078 -80
      vertex -77.9820666710706 -23.42537019600587 -80.75
      vertex -78.435 -23.485 -79.25
    endloop
  endfacet
  facet normal -0.130526192220061 0.991444861373809 0
    outer loop
      vertex -78.02426598733138 -23.430925841388078 -80
      vertex -78.435 -23.485 -79.25
      vertex -78.02426598733138 -23.430925841388078 -79.25
    endloop
  endfacet
  facet normal -0.3826834323650856 0.9238795325112884 0
    outer loop
      vertex -77.9820666710706 -23.42537019600587 -80.75
      vertex -77.9820666710706 -23.42537019600587 -80
      vertex -77.56 -23.250544456622766 -80.75
    endloop
  endfacet
  facet normal 0 0 1
    outer loop
      vertex -78.95293332636356 -23.440370194613934 -79.25
      vertex -78.5 -23.5 -79.25
      vertex -78.435 -23.485 -79.25
    endloop
  endfacet
  facet normal 0 0 1
    outer loop
      vertex -78.5 -23.5 -79.25
      vertex -78.02426598733138 -23.430925841388078 -79.25
      vertex -78.435 -23.485 -79.25
    endloop
  endfacet
  facet normal 0 0 1
    outer loop
      vertex -78.5 -23.5 -79.25
      vertex -78.04706667363644 -23.440370194613934 -79.25
      vertex -78.02426598733138 -23.430925841388078 -79.25
    endloop
  endfacet
  facet normal 0.6087614290087244 0.7933533402912322 0
    outer loop
      vertex -79.31 -23.250544456622766 -80.75
      vertex -79.67243686707646 -22.972436867076457 -79.25
      vertex -79.31 -23.250544456622766 -79.25
    endloop
  endfacet
  facet normal 0.6087614290087244 0.7933533402912322 0
    outer loop
      vertex -79.31 -23.250544456622766 -80.75
      vertex -79.67243686707646 -22.972436867076457 -80.75
      vertex -79.67243686707646 -22.972436867076457 -79.25
    endloop
  endfacet
  facet normal 0.3826834323650856 0.9238795325112884 0
    outer loop
      vertex -78.8879333289294 -23.42537019600587 -80.75
      vertex -79.31 -23.250544456622766 -80.75
      vertex -79.31 -23.250544456622766 -79.25
    endloop
  endfacet
  facet normal 0 0 1
    outer loop
      vertex -79.31 -23.250544456622766 -79.25
      vertex -79.73743686825037 -22.98743686825037 -79.25
      vertex -79.375 -23.265544459223747 -79.25
    endloop
  endfacet
  facet normal 0 0 1
    outer loop
      vertex -79.31 -23.250544456622766 -79.25
      vertex -79.67243686707646 -22.972436867076457 -79.25
      vertex -79.73743686825037 -22.98743686825037 -79.25
    endloop
  endfacet
  facet normal 0 0 1
    outer loop
      vertex -78.8879333289294 -23.42537019600587 -79.25
      vertex -79.31 -23.250544456622766 -79.25
      vertex -79.375 -23.265544459223747 -79.25
    endloop
  endfacet
  facet normal 0.793353340291235 0.6087614290087207 0
    outer loop
      vertex -79.95054445662277 -22.61 -79.25
      vertex -79.67243686707646 -22.972436867076457 -79.25
      vertex -79.67243686707646 -22.972436867076457 -80.75
    endloop
  endfacet
  facet normal 0.793353340291235 0.6087614290087207 0
    outer loop
      vertex -79.95054445662277 -22.61 -80.75
      vertex -79.95054445662277 -22.61 -79.25
      vertex -79.67243686707646 -22.972436867076457 -80.75
    endloop
  endfacet
  facet normal 0 0 1
    outer loop
      vertex -80.01554445922375 -22.625 -79.25
      vertex -79.73743686825037 -22.98743686825037 -79.25
      vertex -79.67243686707646 -22.972436867076457 -79.25
    endloop
  endfacet
  facet normal 0 0 1
    outer loop
      vertex -79.95054445662277 -22.61 -79.25
      vertex -80.01554445922375 -22.625 -79.25
      vertex -79.67243686707646 -22.972436867076457 -79.25
    endloop
  endfacet
  facet normal -0.3826834323650856 0.9238795325112884 0
    outer loop
      vertex -77.9820666710706 -23.42537019600587 -80
      vertex -77.56 -23.250544456622766 -80
      vertex -77.56 -23.250544456622766 -80.75
    endloop
  endfacet
  facet normal -0.6087614290087244 0.7933533402912322 0
    outer loop
      vertex -77.56 -23.250544456622766 -80.75
      vertex -77.56 -23.250544456622766 -80
      vertex -77.19756313292355 -22.972436867076457 -80.75
    endloop
  endfacet
  facet normal -0.6087614290087244 0.7933533402912322 0
    outer loop
      vertex -77.56 -23.250544456622766 -80
      vertex -77.19756313292355 -22.972436867076457 -80
      vertex -77.19756313292355 -22.972436867076457 -80.75
    endloop
  endfacet
  facet normal -0.793353340291235 0.6087614290087207 0
    outer loop
      vertex -77.19756313292355 -22.972436867076457 -80.75
      vertex -77.19756313292355 -22.972436867076457 -80
      vertex -76.91945554337724 -22.61 -80.75
    endloop
  endfacet
  facet normal -0.793353340291235 0.6087614290087207 0
    outer loop
      vertex -77.19756313292355 -22.972436867076457 -80
      vertex -76.91945554337724 -22.61 -80
      vertex -76.91945554337724 -22.61 -80.75
    endloop
  endfacet
  facet normal -0.9238795325113125 0.3826834323650277 0
    outer loop
      vertex -76.91945554337724 -22.61 -80.75
      vertex -76.91945554337724 -22.61 -80
      vertex -76.91531340837074 -22.600000001490116 -80
    endloop
  endfacet
  facet normal -0.9891765104757831 -0.14673047101046435 0
    outer loop
      vertex -82.35929401218891 -22.563655868172646 -80.75
      vertex -82.35929401218891 -22.563655868172646 -80
      vertex -82.41602782905102 -22.18118753284216 -80.75
    endloop
  endfacet
  facet normal -0.9891765104757831 -0.14673047101046435 0
    outer loop
      vertex -82.35929401218891 -22.563655868172646 -80
      vertex -82.41602782905102 -22.18118753284216 -80
      vertex -82.41602782905102 -22.18118753284216 -80.75
    endloop
  endfacet
  facet normal 0 0 -1
    outer loop
      vertex -82.35929401218891 -22.563655868172646 -80.75
      vertex -82.41602782905102 -22.18118753284216 -80.75
      vertex -80.12537019600587 -22.18793332892941 -80.75
    endloop
  endfacet
  facet normal -0.9987954566472489 -0.04906766532874333 0
    outer loop
      vertex -82.41602782905102 -22.18118753284216 -80.75
      vertex -82.41602782905102 -22.18118753284216 -80
      vertex -82.43500000238419 -21.79500000178814 -80.75
    endloop
  endfacet
  facet normal -0.9987954566472489 -0.04906766532874333 0
    outer loop
      vertex -82.41602782905102 -22.18118753284216 -80
      vertex -82.43500000238419 -21.79500000178814 -80
      vertex -82.43500000238419 -21.79500000178814 -80.75
    endloop
  endfacet
  facet normal 0 0 -1
    outer loop
      vertex -82.41602782905102 -22.18118753284216 -80.75
      vertex -82.43500000238419 -21.79500000178814 -80.75
      vertex -80.185 -21.735 -80.75
    endloop
  endfacet
  facet normal 0 0 -1
    outer loop
      vertex -82.35929401218891 -22.563655868172646 -80.75
      vertex -80.12537019600587 -22.18793332892941 -80.75
      vertex -79.95054445662277 -22.61 -80.75
    endloop
  endfacet
  facet normal 0.9238795325112806 0.3826834323651044 0
    outer loop
      vertex -79.95054445662277 -22.61 -80.75
      vertex -80.12537019600587 -22.18793332892941 -79.25
      vertex -79.95054445662277 -22.61 -79.25
    endloop
  endfacet
  facet normal 0.9238795325112806 0.3826834323651044 0
    outer loop
      vertex -79.95054445662277 -22.61 -80.75
      vertex -80.12537019600587 -22.18793332892941 -80.75
      vertex -80.12537019600587 -22.18793332892941 -79.25
    endloop
  endfacet
  facet normal 0 0 1
    outer loop
      vertex -79.95054445662277 -22.61 -79.25
      vertex -80.19037019461393 -22.202933326363564 -79.25
      vertex -80.01554445922375 -22.625 -79.25
    endloop
  endfacet
  facet normal 0 0 1
    outer loop
      vertex -79.95054445662277 -22.61 -79.25
      vertex -80.12537019600587 -22.18793332892941 -79.25
      vertex -80.19037019461393 -22.202933326363564 -79.25
    endloop
  endfacet
  facet normal 0 0 -1
    outer loop
      vertex -82.41602782905102 -22.18118753284216 -80.75
      vertex -80.185 -21.735 -80.75
      vertex -80.12537019600587 -22.18793332892941 -80.75
    endloop
  endfacet
  facet normal 0.9914448613738113 0.13052619222004494 0
    outer loop
      vertex -80.12537019600587 -22.18793332892941 -80.75
      vertex -80.185 -21.735 -79.25
      vertex -80.12537019600587 -22.18793332892941 -79.25
    endloop
  endfacet
  facet normal 0.9914448613738113 0.13052619222004494 0
    outer loop
      vertex -80.12537019600587 -22.18793332892941 -80.75
      vertex -80.185 -21.735 -80.75
      vertex -80.185 -21.735 -79.25
    endloop
  endfacet
  facet normal 0 0 1
    outer loop
      vertex -80.12537019600587 -22.18793332892941 -79.25
      vertex -80.25 -21.75 -79.25
      vertex -80.19037019461393 -22.202933326363564 -79.25
    endloop
  endfacet
  facet normal 0 0 1
    outer loop
      vertex -80.12537019600587 -22.18793332892941 -79.25
      vertex -80.185 -21.735 -79.25
      vertex -80.25 -21.75 -79.25
    endloop
  endfacet
  facet normal -1 0 0
    outer loop
      vertex -82.43500000238419 -21.79500000178814 -80.75
      vertex -82.43500000238419 -21.79500000178814 -80
      vertex -82.43500000238419 -20.277070696010558 -80
    endloop
  endfacet
  facet normal 0 0 -1
    outer loop
      vertex -82.43500000238419 -21.79500000178814 -80.75
      vertex -80.12537019600587 -21.282066671070588 -80.75
      vertex -80.185 -21.735 -80.75
    endloop
  endfacet
  facet normal 0.9914448613738113 -0.13052619222004494 0
    outer loop
      vertex -80.185 -21.735 -80.75
      vertex -80.12537019600587 -21.282066671070588 -79.25
      vertex -80.185 -21.735 -79.25
    endloop
  endfacet
  facet normal 0.9914448613738113 -0.13052619222004494 0
    outer loop
      vertex -80.185 -21.735 -80.75
      vertex -80.12537019600587 -21.282066671070588 -80.75
      vertex -80.12537019600587 -21.282066671070588 -79.25
    endloop
  endfacet
  facet normal 0 0 1
    outer loop
      vertex -80.25 -21.75 -79.25
      vertex -80.185 -21.735 -79.25
      vertex -80.19037019461393 -21.297066673636436 -79.25
    endloop
  endfacet
  facet normal 0 0 1
    outer loop
      vertex -80.185 -21.735 -79.25
      vertex -80.12537019600587 -21.282066671070588 -79.25
      vertex -80.19037019461393 -21.297066673636436 -79.25
    endloop
  endfacet
  facet normal 0.9238795325112806 -0.3826834323651044 0
    outer loop
      vertex -80.12537019600587 -21.282066671070588 -80.75
      vertex -79.95054445662277 -20.86 -79.25
      vertex -80.12537019600587 -21.282066671070588 -79.25
    endloop
  endfacet
  facet normal 0.9238795325112806 -0.3826834323651044 0
    outer loop
      vertex -80.12537019600587 -21.282066671070588 -80.75
      vertex -79.95054445662277 -20.86 -80.75
      vertex -79.95054445662277 -20.86 -79.25
    endloop
  endfacet
  facet normal 0 0 1
    outer loop
      vertex -80.12537019600587 -21.282066671070588 -79.25
      vertex -80.01554445922375 -20.875 -79.25
      vertex -80.19037019461393 -21.297066673636436 -79.25
    endloop
  endfacet
  facet normal 0 0 1
    outer loop
      vertex -80.12537019600587 -21.282066671070588 -79.25
      vertex -79.95054445662277 -20.86 -79.25
      vertex -80.01554445922375 -20.875 -79.25
    endloop
  endfacet
  facet normal -1 0 0
    outer loop
      vertex -82.43500000238419 -21.79500000178814 -80.75
      vertex -82.43500000238419 -20.277070696010558 -80
      vertex -82.43500000238419 -19.542929304287465 -80
    endloop
  endfacet
  facet normal -1 0 0
    outer loop
      vertex -82.43500000238419 -20.277070696010558 -80
      vertex -82.43500000238419 -20.277070696010558 -79.25
      vertex -82.43500000238419 -19.542929304287465 -79.25
    endloop
  endfacet
  facet normal -1 0 0
    outer loop
      vertex -82.43500000238419 -20.277070696010558 -80
      vertex -82.43500000238419 -19.542929304287465 -79.25
      vertex -82.43500000238419 -19.542929304287465 -80
    endloop
  endfacet
  facet normal 0 0 1
    outer loop
      vertex -82.43500000238419 -20.277070696010558 -79.25
      vertex -82.35458029806614 -20.261074222624302 -79.25
      vertex -82.23129942268133 -19.641299426555634 -79.25
    endloop
  endfacet
  facet normal 0 0 1
    outer loop
      vertex -82.35458029806614 -20.261074222624302 -79.25
      vertex -82.23129942268133 -20.17870057374239 -79.25
      vertex -82.14892578125 -19.76458029448986 -79.25
    endloop
  endfacet
  facet normal 0 0 1
    outer loop
      vertex -82.23129942268133 -20.17870057374239 -79.25
      vertex -82.14892578125 -20.055419705808163 -79.25
      vertex -82.11999999731779 -19.90999999642372 -79.25
    endloop
  endfacet
  facet normal 0 0 1
    outer loop
      vertex -82.23129942268133 -20.17870057374239 -79.25
      vertex -82.11999999731779 -19.90999999642372 -79.25
      vertex -82.14892578125 -19.76458029448986 -79.25
    endloop
  endfacet
  facet normal 0 0 1
    outer loop
      vertex -82.43500000238419 -20.277070696010558 -79.25
      vertex -82.23129942268133 -19.641299426555634 -79.25
      vertex -82.35458029806614 -19.55892577767372 -79.25
    endloop
  endfacet
  facet normal 0 0 1
    outer loop
      vertex -82.35458029806614 -20.261074222624302 -79.25
      vertex -82.14892578125 -19.76458029448986 -79.25
      vertex -82.23129942268133 -19.641299426555634 -79.25
    endloop
  endfacet
  facet normal 0 0 1
    outer loop
      vertex -82.43500000238419 -20.277070696010558 -79.25
      vertex -82.35458029806614 -19.55892577767372 -79.25
      vertex -82.43500000238419 -19.542929304287465 -79.25
    endloop
  endfacet
  facet normal 0.793353340291235 -0.6087614290087207 0
    outer loop
      vertex -79.95054445662277 -20.86 -80.75
      vertex -79.67243686707646 -20.497563132923542 -79.25
      vertex -79.95054445662277 -20.86 -79.25
    endloop
  endfacet
  facet normal 0.793353340291235 -0.6087614290087207 0
    outer loop
      vertex -79.95054445662277 -20.86 -80.75
      vertex -79.67243686707646 -20.497563132923542 -80.75
      vertex -79.67243686707646 -20.497563132923542 -79.25
    endloop
  endfacet
  facet normal 0 0 1
    outer loop
      vertex -80.01554445922375 -20.875 -79.25
      vertex -79.95054445662277 -20.86 -79.25
      vertex -79.73743686825037 -20.51256313174963 -79.25
    endloop
  endfacet
  facet normal 0 0 1
    outer loop
      vertex -79.95054445662277 -20.86 -79.25
      vertex -79.67243686707646 -20.497563132923542 -79.25
      vertex -79.73743686825037 -20.51256313174963 -79.25
    endloop
  endfacet
  facet normal 0.6087614290087244 -0.7933533402912322 0
    outer loop
      vertex -79.67243686707646 -20.497563132923542 -80.75
      vertex -79.31 -20.219455543377233 -79.25
      vertex -79.67243686707646 -20.497563132923542 -79.25
    endloop
  endfacet
  facet normal 0.6087614290087244 -0.7933533402912322 0
    outer loop
      vertex -79.67243686707646 -20.497563132923542 -80.75
      vertex -79.31 -20.219455543377233 -80.75
      vertex -79.31 -20.219455543377233 -79.25
    endloop
  endfacet
  facet normal 0.3826834323650905 -0.9238795325112864 0
    outer loop
      vertex -79.31 -20.219455543377233 -80.75
      vertex -78.91073402594081 -20.05407416192781 -80
      vertex -79.31 -20.219455543377233 -79.25
    endloop
  endfacet
  facet normal 0 0 1
    outer loop
      vertex -79.67243686707646 -20.497563132923542 -79.25
      vertex -79.375 -20.234455540776253 -79.25
      vertex -79.73743686825037 -20.51256313174963 -79.25
    endloop
  endfacet
  facet normal 0 0 1
    outer loop
      vertex -79.67243686707646 -20.497563132923542 -79.25
      vertex -79.31 -20.219455543377233 -79.25
      vertex -79.375 -20.234455540776253 -79.25
    endloop
  endfacet
  facet normal 0 0 1
    outer loop
      vertex -79.31 -20.219455543377233 -79.25
      vertex -78.95293332636356 -20.059629805386066 -79.25
      vertex -79.375 -20.234455540776253 -79.25
    endloop
  endfacet
  facet normal -0.3826834323650856 -0.9238795325112884 0
    outer loop
      vertex -77.56 -20.219455543377233 -80.75
      vertex -77.56 -20.219455543377233 -80
      vertex -77.9820666710706 -20.04462980399413 -80.75
    endloop
  endfacet
  facet normal -0.6087614290087244 -0.7933533402912322 0
    outer loop
      vertex -77.56 -20.219455543377233 -80.75
      vertex -77.19756313292355 -20.497563132923542 -80
      vertex -77.56 -20.219455543377233 -80
    endloop
  endfacet
  facet normal 0.3826834323650856 -0.9238795325112884 2.9972639216588485e-15
    outer loop
      vertex -79.31 -20.219455543377233 -80.75
      vertex -78.8879333289294 -20.04462980399413 -80.75
      vertex -78.91073402594081 -20.05407416192781 -80
    endloop
  endfacet
  facet normal 0.3826834323650006 -0.9238795325113237 0
    outer loop
      vertex -78.8879333289294 -20.04462980399413 -80.75
      vertex -78.8879333289294 -20.04462980399413 -80
      vertex -78.91073402594081 -20.05407416192781 -80
    endloop
  endfacet
  facet normal 0.1305261922200546 -0.99144486137381 0
    outer loop
      vertex -78.8879333289294 -20.04462980399413 -80.75
      vertex -78.435 -19.985 -80
      vertex -78.8879333289294 -20.04462980399413 -80
    endloop
  endfacet
  facet normal 0.3826834323650905 -0.9238795325112864 0
    outer loop
      vertex -79.31 -20.219455543377233 -79.25
      vertex -78.91073402594081 -20.05407416192781 -80
      vertex -78.91073402594081 -20.05407416192781 -79.25
    endloop
  endfacet
  facet normal 0 0 1
    outer loop
      vertex -79.31 -20.219455543377233 -79.25
      vertex -78.91073402594081 -20.05407416192781 -79.25
      vertex -78.95293332636356 -20.059629805386066 -79.25
    endloop
  endfacet
  facet normal 0.1305261922200546 -0.99144486137381 0
    outer loop
      vertex -78.8879333289294 -20.04462980399413 -80.75
      vertex -78.435 -19.985 -80.75
      vertex -78.435 -19.985 -80
    endloop
  endfacet
  facet normal -0.1305261922200546 -0.99144486137381 0
    outer loop
      vertex -78.435 -19.985 -80.75
      vertex -77.9820666710706 -20.04462980399413 -80.75
      vertex -77.9820666710706 -20.04462980399413 -80
    endloop
  endfacet
  facet normal -0.1305261922200546 -0.99144486137381 0
    outer loop
      vertex -78.435 -19.985 -80.75
      vertex -77.9820666710706 -20.04462980399413 -80
      vertex -78.435 -19.985 -80
    endloop
  endfacet
  facet normal -0.3826834323650856 -0.9238795325112884 0
    outer loop
      vertex -77.56 -20.219455543377233 -80
      vertex -77.9820666710706 -20.04462980399413 -80
      vertex -77.9820666710706 -20.04462980399413 -80.75
    endloop
  endfacet
  facet normal -0.9238795325112806 0.3826834323651044 -1.1980195531461672e-15
    outer loop
      vertex -76.91945554337724 -22.61 -80.75
      vertex -76.91531340837074 -22.600000001490116 -80
      vertex -76.74462980399413 -22.18793332892941 -80.75
    endloop
  endfacet
  facet normal -0.9238795325112906 0.38268343236508046 -1.664747379260122e-14
    outer loop
      vertex -76.91531340837074 -22.600000001490116 -80
      vertex -76.82832855965516 -22.39 -80
      vertex -76.74462980399413 -22.18793332892941 -80.75
    endloop
  endfacet
  facet normal -0.9238795325112906 0.38268343236508046 0
    outer loop
      vertex -76.91531340837074 -22.600000001490116 -80
      vertex -76.91531340837074 -22.600000001490116 -79.25
      vertex -76.82832855965516 -22.39 -80
    endloop
  endfacet
  facet normal -0.9238795325112906 0.38268343236508046 0
    outer loop
      vertex -76.91531340837074 -22.600000001490116 -79.25
      vertex -76.82832855965516 -22.39 -79.25
      vertex -76.82832855965516 -22.39 -80
    endloop
  endfacet
  facet normal -0.9238795325112688 0.3826834323651331 0
    outer loop
      vertex -76.74462980399413 -22.18793332892941 -80.75
      vertex -76.82832855965516 -22.39 -80
      vertex -76.74462980399413 -22.18793332892941 -80
    endloop
  endfacet
  facet normal -0.9914448613738113 0.13052619222004494 0
    outer loop
      vertex -76.74462980399413 -22.18793332892941 -80.75
      vertex -76.74462980399413 -22.18793332892941 -80
      vertex -76.685 -21.735 -80
    endloop
  endfacet
  facet normal -0.9914448613738113 0.13052619222004494 0
    outer loop
      vertex -76.74462980399413 -22.18793332892941 -80.75
      vertex -76.685 -21.735 -80
      vertex -76.685 -21.735 -80.75
    endloop
  endfacet
  facet normal -0.9914448613738113 -0.13052619222004494 0
    outer loop
      vertex -76.685 -21.735 -80.75
      vertex -76.685 -21.735 -80
      vertex -76.74462980399413 -21.282066671070588 -80
    endloop
  endfacet
  facet normal -0.9914448613738113 -0.13052619222004494 0
    outer loop
      vertex -76.685 -21.735 -80.75
      vertex -76.74462980399413 -21.282066671070588 -80
      vertex -76.74462980399413 -21.282066671070588 -80.75
    endloop
  endfacet
  facet normal -0.923879532511281 -0.38268343236510377 0
    outer loop
      vertex -76.74462980399413 -21.282066671070588 -80.75
      vertex -76.74462980399413 -21.282066671070588 -80
      vertex -76.82418642279697 -21.090000002980233 -80
    endloop
  endfacet
  facet normal -0.9238795325112806 -0.3826834323651044 2.0251783254451848e-16
    outer loop
      vertex -76.74462980399413 -21.282066671070588 -80.75
      vertex -76.82418642279697 -21.090000002980233 -80
      vertex -76.91945554337724 -20.86 -80.75
    endloop
  endfacet
  facet normal -0.9238795325113004 -0.382683432365057 8.625955423815048e-15
    outer loop
      vertex -76.91945554337724 -20.86 -80.75
      vertex -76.82418642279697 -21.090000002980233 -79.25
      vertex -76.90288700149954 -20.899999998509884 -80
    endloop
  endfacet
  facet normal -0.9238795325112805 -0.382683432365105 0
    outer loop
      vertex -76.91945554337724 -20.86 -80.75
      vertex -76.82418642279697 -21.090000002980233 -80
      vertex -76.82418642279697 -21.090000002980233 -79.25
    endloop
  endfacet
  facet normal -0.9238795325112883 -0.38268343236508595 0
    outer loop
      vertex -76.90288700149954 -20.899999998509884 -80
      vertex -76.82418642279697 -21.090000002980233 -79.25
      vertex -76.90288700149954 -20.899999998509884 -79.25
    endloop
  endfacet
  facet normal -0.9238795325112432 -0.38268343236519503 0
    outer loop
      vertex -76.91945554337724 -20.86 -80.75
      vertex -76.90288700149954 -20.899999998509884 -80
      vertex -76.91945554337724 -20.86 -80
    endloop
  endfacet
  facet normal -0.793353340291235 -0.6087614290087207 0
    outer loop
      vertex -76.91945554337724 -20.86 -80.75
      vertex -76.91945554337724 -20.86 -80
      vertex -77.19756313292355 -20.497563132923542 -80.75
    endloop
  endfacet
  facet normal -0.793353340291235 -0.6087614290087207 0
    outer loop
      vertex -76.91945554337724 -20.86 -80
      vertex -77.19756313292355 -20.497563132923542 -80
      vertex -77.19756313292355 -20.497563132923542 -80.75
    endloop
  endfacet
  facet normal -0.6087614290087244 -0.7933533402912322 0
    outer loop
      vertex -77.56 -20.219455543377233 -80.75
      vertex -77.19756313292355 -20.497563132923542 -80.75
      vertex -77.19756313292355 -20.497563132923542 -80
    endloop
  endfacet
  facet normal 0 -1 0
    outer loop
      vertex -75.10000000149012 -25.734999999403954 -80
      vertex -43 -25.734999999403954 -79.25
      vertex -75.10000000149012 -25.734999999403954 -79.25
    endloop
  endfacet
  facet normal 0 0 1
    outer loop
      vertex -75.10000000149012 -25.734999999403954 -79.25
      vertex -43 -22.39 -79.25
      vertex -75.10000000149012 -22.600000001490116 -79.25
    endloop
  endfacet
  facet normal 0 0 1
    outer loop
      vertex -76.91531340837074 -22.600000001490116 -79.25
      vertex -43 -22.39 -79.25
      vertex -76.82832855965516 -22.39 -79.25
    endloop
  endfacet
  facet normal 0 0 1
    outer loop
      vertex -76.91531340837074 -22.600000001490116 -79.25
      vertex -75.10000000149012 -22.600000001490116 -79.25
      vertex -43 -22.39 -79.25
    endloop
  endfacet
  facet normal 0 0 1
    outer loop
      vertex -76.90288700149954 -20.899999998509884 -79.25
      vertex -76.82418642279697 -21.090000002980233 -79.25
      vertex -41.70000000298023 -21.090000002980233 -79.25
    endloop
  endfacet
  facet normal 0 0 1
    outer loop
      vertex -76.90288700149954 -20.899999998509884 -79.25
      vertex -41.70000000298023 -21.090000002980233 -79.25
      vertex -75.10000000149012 -20.899999998509884 -79.25
    endloop
  endfacet
  facet normal -1 0 0
    outer loop
      vertex -82.43500000238419 -21.79500000178814 -80.75
      vertex -82.43500000238419 -19.542929304287465 -80
      vertex -82.43500000238419 -15.29957069690463 -80
    endloop
  endfacet
  facet normal 0 0 1
    outer loop
      vertex -78.5 -18.350000001490116 -79.25
      vertex -75.10000000149012 -18.350000001490116 -79.25
      vertex -78.5 -18.179999999701977 -79.25
    endloop
  endfacet
  facet normal 0 0 1
    outer loop
      vertex -78.5 -18.179999999701977 -79.25
      vertex -75.10000000149012 -18.350000001490116 -79.25
      vertex -78.5 -16.679999999701977 -79.25
    endloop
  endfacet
  facet normal -1 0 0
    outer loop
      vertex -82.43500000238419 -21.79500000178814 -80.75
      vertex -82.43500000238419 -15.29957069690463 -80
      vertex -82.43500000238419 -14.565429305181533 -80
    endloop
  endfacet
  facet normal 0 0 1
    outer loop
      vertex -81.00500000268221 -18.179999999701977 -79.25
      vertex -78.5 -16.679999999701977 -79.25
      vertex -81.00500000268221 -16.679999999701977 -79.25
    endloop
  endfacet
  facet normal 0 0 1
    outer loop
      vertex -81.00500000268221 -18.179999999701977 -79.25
      vertex -78.5 -18.179999999701977 -79.25
      vertex -78.5 -16.679999999701977 -79.25
    endloop
  endfacet
  facet normal 0 0 1
    outer loop
      vertex -78.5 -16.679999999701977 -79.25
      vertex -75.10000000149012 -18.350000001490116 -79.25
      vertex -78.5 -14.679999999701977 -79.25
    endloop
  endfacet
  facet normal -1 0 0
    outer loop
      vertex -82.43500000238419 -21.79500000178814 -80.75
      vertex -82.43500000238419 -14.565429305181533 -80
      vertex -82.43500000238419 -10.322070697798699 -80
    endloop
  endfacet
  facet normal -1 0 0
    outer loop
      vertex -82.43500000238419 -15.29957069690463 -80
      vertex -82.43500000238419 -15.29957069690463 -79.25
      vertex -82.43500000238419 -14.565429305181533 -79.25
    endloop
  endfacet
  facet normal 0 0 1
    outer loop
      vertex -82.35458029806614 -15.283574223518372 -79.25
      vertex -82.23129942268133 -15.20120057463646 -79.25
      vertex -82.14892578125 -14.78708029538393 -79.25
    endloop
  endfacet
  facet normal 0 0 1
    outer loop
      vertex -82.43500000238419 -15.29957069690463 -79.25
      vertex -82.35458029806614 -15.283574223518372 -79.25
      vertex -82.35458029806614 -14.581425778567791 -79.25
    endloop
  endfacet
  facet normal 0 0 1
    outer loop
      vertex -82.35458029806614 -15.283574223518372 -79.25
      vertex -82.14892578125 -14.78708029538393 -79.25
      vertex -82.23129942268133 -14.663799419999123 -79.25
    endloop
  endfacet
  facet normal 0 0 1
    outer loop
      vertex -82.23129942268133 -15.20120057463646 -79.25
      vertex -82.14892578125 -15.077919706702232 -79.25
      vertex -82.11999999731779 -14.932499997317791 -79.25
    endloop
  endfacet
  facet normal 0 0 1
    outer loop
      vertex -82.23129942268133 -15.20120057463646 -79.25
      vertex -82.11999999731779 -14.932499997317791 -79.25
      vertex -82.14892578125 -14.78708029538393 -79.25
    endloop
  endfacet
  facet normal -1 0 0
    outer loop
      vertex -82.43500000238419 -15.29957069690463 -80
      vertex -82.43500000238419 -14.565429305181533 -79.25
      vertex -82.43500000238419 -14.565429305181533 -80
    endloop
  endfacet
  facet normal 0 0 1
    outer loop
      vertex -82.43500000238419 -15.29957069690463 -79.25
      vertex -82.35458029806614 -14.581425778567791 -79.25
      vertex -82.43500000238419 -14.565429305181533 -79.25
    endloop
  endfacet
  facet normal 0 0 1
    outer loop
      vertex -82.35458029806614 -15.283574223518372 -79.25
      vertex -82.23129942268133 -14.663799419999123 -79.25
      vertex -82.35458029806614 -14.581425778567791 -79.25
    endloop
  endfacet
  facet normal 0 0 1
    outer loop
      vertex -75.10000000149012 -18.350000001490116 -79.25
      vertex -78.5 -13.179999999701977 -79.25
      vertex -78.5 -14.679999999701977 -79.25
    endloop
  endfacet
  facet normal -1 0 0
    outer loop
      vertex -82.43500000238419 -21.79500000178814 -80.75
      vertex -82.43500000238419 -10.322070697798699 -80
      vertex -82.43500000238419 -9.587929306075603 -80
    endloop
  endfacet
  facet normal 0 0 1
    outer loop
      vertex -81.00500000268221 -14.679999999701977 -79.25
      vertex -78.5 -13.179999999701977 -79.25
      vertex -81.00500000268221 -13.179999999701977 -79.25
    endloop
  endfacet
  facet normal 0 0 1
    outer loop
      vertex -81.00500000268221 -14.679999999701977 -79.25
      vertex -78.5 -14.679999999701977 -79.25
      vertex -78.5 -13.179999999701977 -79.25
    endloop
  endfacet
  facet normal 0 0 1
    outer loop
      vertex -75.10000000149012 -18.350000001490116 -79.25
      vertex -78.5 -11.179999999701977 -79.25
      vertex -78.5 -13.179999999701977 -79.25
    endloop
  endfacet
  facet normal 0 0 1
    outer loop
      vertex -75.10000000149012 -18.350000001490116 -79.25
      vertex -78.5 -9.679999999701977 -79.25
      vertex -78.5 -11.179999999701977 -79.25
    endloop
  endfacet
  facet normal 0 -1 0
    outer loop
      vertex -75.10000000149012 -25.734999999403954 -80
      vertex -43 -25.734999999403954 -80
      vertex -43 -25.734999999403954 -79.25
    endloop
  endfacet
  facet normal 0 0 1
    outer loop
      vertex -75.10000000149012 -25.734999999403954 -79.25
      vertex -43 -25.734999999403954 -79.25
      vertex -43 -22.39 -79.25
    endloop
  endfacet
  facet normal -1 0 0
    outer loop
      vertex -82.43500000238419 -21.79500000178814 -80.75
      vertex -82.43500000238419 -9.587929306075603 -80
      vertex -82.43500000238419 -5.344570698692769 -80
    endloop
  endfacet
  facet normal 0 0 1
    outer loop
      vertex -75.10000000149012 -18.350000001490116 -79.25
      vertex -78.5 -7.679999999701977 -79.25
      vertex -78.5 -9.679999999701977 -79.25
    endloop
  endfacet
  facet normal -1 0 0
    outer loop
      vertex -82.43500000238419 -21.79500000178814 -80.75
      vertex -82.43500000238419 -5.344570698692769 -80
      vertex -82.43500000238419 -4.610429302849369 -80
    endloop
  endfacet
  facet normal -1 0 0
    outer loop
      vertex -82.43500000238419 -10.322070697798699 -80
      vertex -82.43500000238419 -10.322070697798699 -79.25
      vertex -82.43500000238419 -9.587929306075603 -79.25
    endloop
  endfacet
  facet normal 0 0 1
    outer loop
      vertex -82.43500000238419 -10.322070697798699 -79.25
      vertex -82.35458029806614 -10.306074224412441 -79.25
      vertex -82.35458029806614 -9.60392577946186 -79.25
    endloop
  endfacet
  facet normal 0 0 1
    outer loop
      vertex -82.35458029806614 -10.306074224412441 -79.25
      vertex -82.23129942268133 -10.223700575530529 -79.25
      vertex -82.14892578125 -9.809580296278 -79.25
    endloop
  endfacet
  facet normal 0 0 1
    outer loop
      vertex -82.23129942268133 -10.223700575530529 -79.25
      vertex -82.14892578125 -10.100419707596302 -79.25
      vertex -82.11999999731779 -9.95499999821186 -79.25
    endloop
  endfacet
  facet normal -1 0 0
    outer loop
      vertex -82.43500000238419 -10.322070697798699 -80
      vertex -82.43500000238419 -9.587929306075603 -79.25
      vertex -82.43500000238419 -9.587929306075603 -80
    endloop
  endfacet
  facet normal 0 0 1
    outer loop
      vertex -82.35458029806614 -10.306074224412441 -79.25
      vertex -82.14892578125 -9.809580296278 -79.25
      vertex -82.23129942268133 -9.686299420893192 -79.25
    endloop
  endfacet
  facet normal 0 0 1
    outer loop
      vertex -82.35458029806614 -10.306074224412441 -79.25
      vertex -82.23129942268133 -9.686299420893192 -79.25
      vertex -82.35458029806614 -9.60392577946186 -79.25
    endloop
  endfacet
  facet normal 0 0 1
    outer loop
      vertex -82.23129942268133 -10.223700575530529 -79.25
      vertex -82.11999999731779 -9.95499999821186 -79.25
      vertex -82.14892578125 -9.809580296278 -79.25
    endloop
  endfacet
  facet normal 0 0 1
    outer loop
      vertex -82.43500000238419 -10.322070697798699 -79.25
      vertex -82.35458029806614 -9.60392577946186 -79.25
      vertex -82.43500000238419 -9.587929306075603 -79.25
    endloop
  endfacet
  facet normal 0 0 1
    outer loop
      vertex -81.00500000268221 -11.179999999701977 -79.25
      vertex -78.5 -9.679999999701977 -79.25
      vertex -81.00500000268221 -9.679999999701977 -79.25
    endloop
  endfacet
  facet normal 0 0 1
    outer loop
      vertex -81.00500000268221 -11.179999999701977 -79.25
      vertex -78.5 -11.179999999701977 -79.25
      vertex -78.5 -9.679999999701977 -79.25
    endloop
  endfacet
  facet normal 0 0 1
    outer loop
      vertex -75.10000000149012 -18.350000001490116 -79.25
      vertex -78.5 -6.179999999701977 -79.25
      vertex -78.5 -7.679999999701977 -79.25
    endloop
  endfacet
  facet normal -1 0 0
    outer loop
      vertex -82.43500000238419 -21.79500000178814 -80.75
      vertex -82.43500000238419 -4.610429302849369 -80
      vertex -82.43500000238419 -0.36707069625656197 -80
    endloop
  endfacet
  facet normal 0 0 1
    outer loop
      vertex -75.10000000149012 -18.350000001490116 -79.25
      vertex -78.5 -4.179999999701977 -79.25
      vertex -78.5 -6.179999999701977 -79.25
    endloop
  endfacet
  facet normal 0 0 1
    outer loop
      vertex -75.10000000149012 -18.350000001490116 -79.25
      vertex -78.5 -2.6799999997019768 -79.25
      vertex -78.5 -4.179999999701977 -79.25
    endloop
  endfacet
  facet normal -1 0 0
    outer loop
      vertex -82.43500000238419 -21.79500000178814 -80.75
      vertex -82.43500000238419 -0.36707069625656197 -80
      vertex -82.43500000238419 0.36707069625656197 -80
    endloop
  endfacet
  facet normal 0 0 -1
    outer loop
      vertex -82.43500000238419 -21.79500000178814 -80.75
      vertex -80.12537019600587 21.282066671070588 -80.75
      vertex -80.12537019600587 -21.282066671070588 -80.75
    endloop
  endfacet
  facet normal 0 0 -1
    outer loop
      vertex -80.12537019600587 -21.282066671070588 -80.75
      vertex -79.95054445662277 20.86 -80.75
      vertex -79.95054445662277 -20.86 -80.75
    endloop
  endfacet
  facet normal 0 0 1
    outer loop
      vertex -81.00500000268221 -7.679999999701977 -79.25
      vertex -78.5 -6.179999999701977 -79.25
      vertex -81.00500000268221 -6.179999999701977 -79.25
    endloop
  endfacet
  facet normal 0 0 -1
    outer loop
      vertex -79.95054445662277 -20.86 -80.75
      vertex -79.67243686707646 20.497563132923542 -80.75
      vertex -79.67243686707646 -20.497563132923542 -80.75
    endloop
  endfacet
  facet normal 0 0 1
    outer loop
      vertex -81.00500000268221 -7.679999999701977 -79.25
      vertex -78.5 -7.679999999701977 -79.25
      vertex -78.5 -6.179999999701977 -79.25
    endloop
  endfacet
  facet normal 0 0 -1
    outer loop
      vertex -79.67243686707646 -20.497563132923542 -80.75
      vertex -79.31 20.219455543377233 -80.75
      vertex -79.31 -20.219455543377233 -80.75
    endloop
  endfacet
  facet normal 0 0 -1
    outer loop
      vertex -79.31 -20.219455543377233 -80.75
      vertex -78.8879333289294 20.04462980399413 -80.75
      vertex -78.8879333289294 -20.04462980399413 -80.75
    endloop
  endfacet
  facet normal 0 0 1
    outer loop
      vertex -75.10000000149012 -18.350000001490116 -79.25
      vertex -78.5 -0.6799999997019768 -79.25
      vertex -78.5 -2.6799999997019768 -79.25
    endloop
  endfacet
  facet normal 0 0 -1
    outer loop
      vertex -78.8879333289294 -20.04462980399413 -80.75
      vertex -78.435 19.985 -80.75
      vertex -78.435 -19.985 -80.75
    endloop
  endfacet
  facet normal 0 0 -1
    outer loop
      vertex -78.435 -19.985 -80.75
      vertex -77.9820666710706 20.04462980399413 -80.75
      vertex -77.9820666710706 -20.04462980399413 -80.75
    endloop
  endfacet
  facet normal 0 0 -1
    outer loop
      vertex -77.56 -20.219455543377233 -80.75
      vertex -77.9820666710706 -20.04462980399413 -80.75
      vertex -77.56 20.219455543377233 -80.75
    endloop
  endfacet
  facet normal -1 0 0
    outer loop
      vertex -82.43500000238419 -21.79500000178814 -80.75
      vertex -82.43500000238419 0.36707069625656197 -80
      vertex -82.43500000238419 4.610429302849369 -80
    endloop
  endfacet
  facet normal -1 0 0
    outer loop
      vertex -82.43500000238419 -5.344570698692769 -80
      vertex -82.43500000238419 -5.344570698692769 -79.25
      vertex -82.43500000238419 -4.610429302849369 -79.25
    endloop
  endfacet
  facet normal -1 0 0
    outer loop
      vertex -82.43500000238419 -5.344570698692769 -80
      vertex -82.43500000238419 -4.610429302849369 -79.25
      vertex -82.43500000238419 -4.610429302849369 -80
    endloop
  endfacet
  facet normal 0 0 1
    outer loop
      vertex -82.35458029806614 -5.328574225306511 -79.25
      vertex -82.23129942268133 -5.246200576424599 -79.25
      vertex -82.14892578125 -4.8320802971720695 -79.25
    endloop
  endfacet
  facet normal 0 0 1
    outer loop
      vertex -82.43500000238419 -5.344570698692769 -79.25
      vertex -82.35458029806614 -5.328574225306511 -79.25
      vertex -82.35458029806614 -4.62642578035593 -79.25
    endloop
  endfacet
  facet normal 0 0 1
    outer loop
      vertex -82.23129942268133 -5.246200576424599 -79.25
      vertex -82.14892578125 -5.122919701039791 -79.25
      vertex -82.11999999731779 -4.97749999910593 -79.25
    endloop
  endfacet
  facet normal 0 0 1
    outer loop
      vertex -82.35458029806614 -5.328574225306511 -79.25
      vertex -82.14892578125 -4.8320802971720695 -79.25
      vertex -82.23129942268133 -4.708799421787262 -79.25
    endloop
  endfacet
  facet normal 0 0 1
    outer loop
      vertex -82.43500000238419 -5.344570698692769 -79.25
      vertex -82.35458029806614 -4.62642578035593 -79.25
      vertex -82.43500000238419 -4.610429302849369 -79.25
    endloop
  endfacet
  facet normal 0 0 1
    outer loop
      vertex -82.35458029806614 -5.328574225306511 -79.25
      vertex -82.23129942268133 -4.708799421787262 -79.25
      vertex -82.35458029806614 -4.62642578035593 -79.25
    endloop
  endfacet
  facet normal 0 0 1
    outer loop
      vertex -82.23129942268133 -5.246200576424599 -79.25
      vertex -82.11999999731779 -4.97749999910593 -79.25
      vertex -82.14892578125 -4.8320802971720695 -79.25
    endloop
  endfacet
  facet normal 0 0 1
    outer loop
      vertex -75.10000000149012 -18.350000001490116 -79.25
      vertex -78.5 0.8200000002980232 -79.25
      vertex -78.5 -0.6799999997019768 -79.25
    endloop
  endfacet
  facet normal 0 0 1
    outer loop
      vertex -75.10000000149012 -18.350000001490116 -79.25
      vertex -78.5 2.8200000002980232 -79.25
      vertex -78.5 0.8200000002980232 -79.25
    endloop
  endfacet
  facet normal -1 0 0
    outer loop
      vertex -82.43500000238419 -21.79500000178814 -80.75
      vertex -82.43500000238419 4.610429302849369 -80
      vertex -82.43500000238419 5.344570698692769 -80
    endloop
  endfacet
  facet normal 0 0 1
    outer loop
      vertex -81.00500000268221 -4.179999999701977 -79.25
      vertex -78.5 -4.179999999701977 -79.25
      vertex -78.5 -2.6799999997019768 -79.25
    endloop
  endfacet
  facet normal 0 0 1
    outer loop
      vertex -75.10000000149012 -18.350000001490116 -79.25
      vertex -78.5 4.320000000298023 -79.25
      vertex -78.5 2.8200000002980232 -79.25
    endloop
  endfacet
  facet normal 0 0 1
    outer loop
      vertex -81.00500000268221 -4.179999999701977 -79.25
      vertex -78.5 -2.6799999997019768 -79.25
      vertex -81.00500000268221 -2.6799999997019768 -79.25
    endloop
  endfacet
  facet normal -1 0 0
    outer loop
      vertex -82.43500000238419 -21.79500000178814 -80.75
      vertex -82.43500000238419 5.344570698692769 -80
      vertex -82.43500000238419 9.587929306075603 -80
    endloop
  endfacet
  facet normal 0 0 1
    outer loop
      vertex -75.10000000149012 -18.350000001490116 -79.25
      vertex -78.5 6.320000000298023 -79.25
      vertex -78.5 4.320000000298023 -79.25
    endloop
  endfacet
  facet normal -1 0 0
    outer loop
      vertex -82.43500000238419 -21.79500000178814 -80.75
      vertex -82.43500000238419 9.587929306075603 -80
      vertex -82.43500000238419 10.322070697798699 -80
    endloop
  endfacet
  facet normal -1 0 0
    outer loop
      vertex -82.43500000238419 -0.36707069625656197 -80
      vertex -82.43500000238419 -0.36707069625656197 -79.25
      vertex -82.43500000238419 0.36707069625656197 -80
    endloop
  endfacet
  facet normal 0 0 1
    outer loop
      vertex -82.43500000238419 -0.36707069625656197 -79.25
      vertex -82.35458029806614 -0.35107421875 -79.25
      vertex -82.35458029806614 0.35107421875 -79.25
    endloop
  endfacet
  facet normal 0 0 1
    outer loop
      vertex -82.35458029806614 -0.35107421875 -79.25
      vertex -82.23129942268133 -0.26870057731866837 -79.25
      vertex -82.14892578125 0.14541970193386078 -79.25
    endloop
  endfacet
  facet normal 0 0 1
    outer loop
      vertex -82.23129942268133 -0.26870057731866837 -79.25
      vertex -82.14892578125 -0.14541970193386078 -79.25
      vertex -82.11999999731779 0 -79.25
    endloop
  endfacet
  facet normal 0 0 1
    outer loop
      vertex -82.23129942268133 -0.26870057731866837 -79.25
      vertex -82.11999999731779 0 -79.25
      vertex -82.14892578125 0.14541970193386078 -79.25
    endloop
  endfacet
  facet normal 0 0 1
    outer loop
      vertex -75.10000000149012 -18.350000001490116 -79.25
      vertex -78.5 7.820000000298023 -79.25
      vertex -78.5 6.320000000298023 -79.25
    endloop
  endfacet
  facet normal 0 0 1
    outer loop
      vertex -81.00500000268221 -0.6799999997019768 -79.25
      vertex -78.5 -0.6799999997019768 -79.25
      vertex -78.5 0.8200000002980232 -79.25
    endloop
  endfacet
  facet normal 0 0 1
    outer loop
      vertex -75.10000000149012 -18.350000001490116 -79.25
      vertex -78.5 9.820000000298023 -79.25
      vertex -78.5 7.820000000298023 -79.25
    endloop
  endfacet
  facet normal 0 0 -1
    outer loop
      vertex -78.88118753582239 -25.716027826070786 -80.75
      vertex 79.63872162997723 -25.56534492224455 -80.75
      vertex -78.49500000476837 -25.734999999403954 -80.75
    endloop
  endfacet
  facet normal 0 0 -1
    outer loop
      vertex -79.26365587115288 -25.65929400920868 -80.75
      vertex 80.00277272611856 -25.435085356235504 -80.75
      vertex -78.88118753582239 -25.716027826070786 -80.75
    endloop
  endfacet
  facet normal 0 0 -1
    outer loop
      vertex -79.63872162997723 -25.56534492224455 -80.75
      vertex 80.35230314731598 -25.26976978033781 -80.75
      vertex -79.26365587115288 -25.65929400920868 -80.75
    endloop
  endfacet
  facet normal 0 0 -1
    outer loop
      vertex -80.00277272611856 -25.435085356235504 -80.75
      vertex 80.68394672125578 -25.07099027186632 -80.75
      vertex -79.63872162997723 -25.56534492224455 -80.75
    endloop
  endfacet
  facet normal 0 0 -1
    outer loop
      vertex -80.00277272611856 -25.435085356235504 -80.75
      vertex -80.35230314731598 -25.26976978033781 -80.75
      vertex 80.99450954794884 -24.84066119045019 -80.75
    endloop
  endfacet
  facet normal 0 0 -1
    outer loop
      vertex -80.68394672125578 -25.07099027186632 -80.75
      vertex 81.28100072592497 -24.581000722944736 -80.75
      vertex -80.35230314731598 -25.26976978033781 -80.75
    endloop
  endfacet
  facet normal 0 0 -1
    outer loop
      vertex -80.68394672125578 -25.07099027186632 -80.75
      vertex -80.99450954794884 -24.84066119045019 -80.75
      vertex 81.54066119343042 -24.294509544968605 -80.75
    endloop
  endfacet
  facet normal 0 0 -1
    outer loop
      vertex -81.28100072592497 -24.581000722944736 -80.75
      vertex 81.77099027484655 -23.983946718275547 -80.75
      vertex -80.99450954794884 -24.84066119045019 -80.75
    endloop
  endfacet
  facet normal 0 0 -1
    outer loop
      vertex -81.28100072592497 -24.581000722944736 -80.75
      vertex -81.54066119343042 -24.294509544968605 -80.75
      vertex 81.96976978331804 -23.652303144335747 -80.75
    endloop
  endfacet
  facet normal 0 0 -1
    outer loop
      vertex -81.54066119343042 -24.294509544968605 -80.75
      vertex -81.77099027484655 -23.983946718275547 -80.75
      vertex 77.9820666710706 -23.42537019600587 -80.75
    endloop
  endfacet
  facet normal 0 0 -1
    outer loop
      vertex -81.77099027484655 -23.983946718275547 -80.75
      vertex -81.96976978331804 -23.652303144335747 -80.75
      vertex 77.19756313292355 -22.972436867076457 -80.75
    endloop
  endfacet
  facet normal 0 0 -1
    outer loop
      vertex -81.96976978331804 -23.652303144335747 -80.75
      vertex -78.435 -23.485 -80.75
      vertex 76.91945554337724 -22.61 -80.75
    endloop
  endfacet
  facet normal 0 0 -1
    outer loop
      vertex -78.435 -23.485 -80.75
      vertex -77.9820666710706 -23.42537019600587 -80.75
      vertex 76.91945554337724 -22.61 -80.75
    endloop
  endfacet
  facet normal 0 0 -1
    outer loop
      vertex -77.9820666710706 -23.42537019600587 -80.75
      vertex -77.56 -23.250544456622766 -80.75
      vertex 76.91945554337724 -22.61 -80.75
    endloop
  endfacet
  facet normal 0 0 -1
    outer loop
      vertex -77.56 -23.250544456622766 -80.75
      vertex -77.19756313292355 -22.972436867076457 -80.75
      vertex 76.91945554337724 -22.61 -80.75
    endloop
  endfacet
  facet normal 0 -1 0
    outer loop
      vertex -78.49500000476837 -25.734999999403954 -80.75
      vertex 78.49500000476837 -25.734999999403954 -80.75
      vertex -75.10000000149012 -25.734999999403954 -80
    endloop
  endfacet
  facet normal 0 0 -1
    outer loop
      vertex -77.19756313292355 -22.972436867076457 -80.75
      vertex -76.91945554337724 -22.61 -80.75
      vertex 76.91945554337724 -22.61 -80.75
    endloop
  endfacet
  facet normal 0 0 -1
    outer loop
      vertex -76.91945554337724 -22.61 -80.75
      vertex -76.74462980399413 -22.18793332892941 -80.75
      vertex 76.74462980399413 -22.18793332892941 -80.75
    endloop
  endfacet
  facet normal 0 0 -1
    outer loop
      vertex -76.74462980399413 -22.18793332892941 -80.75
      vertex -76.685 -21.735 -80.75
      vertex 76.74462980399413 -22.18793332892941 -80.75
    endloop
  endfacet
  facet normal 0 0 -1
    outer loop
      vertex -76.685 -21.735 -80.75
      vertex -76.74462980399413 -21.282066671070588 -80.75
      vertex 76.685 -21.735 -80.75
    endloop
  endfacet
  facet normal 0 0 1
    outer loop
      vertex -75.10000000149012 -20.899999998509884 -79.25
      vertex -41.70000000298023 -21.090000002980233 -79.25
      vertex 41.70000000298023 -21.090000002980233 -79.25
    endloop
  endfacet
  facet normal 0 0 1
    outer loop
      vertex -75.10000000149012 -20.899999998509884 -79.25
      vertex 75.10000000149012 -20.899999998509884 -79.25
      vertex -75.10000000149012 -18.350000001490116 -79.25
    endloop
  endfacet
  facet normal 0 -1 0
    outer loop
      vertex -75.10000000149012 -25.734999999403954 -80
      vertex 78.49500000476837 -25.734999999403954 -80.75
      vertex -43 -25.734999999403954 -80
    endloop
  endfacet
  facet normal 0 0 1
    outer loop
      vertex 41.70000000298023 -21.090000002980233 -79.25
      vertex -41.70000000298023 -21.090000002980233 -79.25
      vertex -41.70000000298023 -24.450000002384186 -79.25
    endloop
  endfacet
  facet normal 0 0 -1
    outer loop
      vertex -77.56 -20.219455543377233 -80.75
      vertex 77.19756313292355 20.497563132923542 -80.75
      vertex -77.19756313292355 -20.497563132923542 -80.75
    endloop
  endfacet
  facet normal 0 0 -1
    outer loop
      vertex -76.74462980399413 -21.282066671070588 -80.75
      vertex -76.91945554337724 -20.86 -80.75
      vertex 77.56 20.219455543377233 -80.75
    endloop
  endfacet
  facet normal 0 0 -1
    outer loop
      vertex -76.91945554337724 -20.86 -80.75
      vertex -77.19756313292355 -20.497563132923542 -80.75
      vertex 77.56 20.219455543377233 -80.75
    endloop
  endfacet
  facet normal -1 0 0
    outer loop
      vertex -82.43500000238419 -0.36707069625656197 -79.25
      vertex -82.43500000238419 0.36707069625656197 -79.25
      vertex -82.43500000238419 0.36707069625656197 -80
    endloop
  endfacet
  facet normal 0 0 1
    outer loop
      vertex -82.35458029806614 -0.35107421875 -79.25
      vertex -82.14892578125 0.14541970193386078 -79.25
      vertex -82.23129942268133 0.26870057731866837 -79.25
    endloop
  endfacet
  facet normal 0 0 1
    outer loop
      vertex -82.35458029806614 -0.35107421875 -79.25
      vertex -82.23129942268133 0.26870057731866837 -79.25
      vertex -82.35458029806614 0.35107421875 -79.25
    endloop
  endfacet
  facet normal 0 0 1
    outer loop
      vertex -82.43500000238419 -0.36707069625656197 -79.25
      vertex -82.35458029806614 0.35107421875 -79.25
      vertex -82.43500000238419 0.36707069625656197 -79.25
    endloop
  endfacet
  facet normal 0 0 1
    outer loop
      vertex -81.00500000268221 -0.6799999997019768 -79.25
      vertex -78.5 0.8200000002980232 -79.25
      vertex -81.00500000268221 0.8200000002980232 -79.25
    endloop
  endfacet
  facet normal -1 0 0
    outer loop
      vertex -82.43500000238419 -21.79500000178814 -80.75
      vertex -82.43500000238419 10.322070697798699 -80
      vertex -82.43500000238419 14.565429305181533 -80
    endloop
  endfacet
  facet normal 0 0 1
    outer loop
      vertex -75.10000000149012 -18.350000001490116 -79.25
      vertex -78.5 11.320000000298023 -79.25
      vertex -78.5 9.820000000298023 -79.25
    endloop
  endfacet
  facet normal -1 0 0
    outer loop
      vertex -82.43500000238419 -21.79500000178814 -80.75
      vertex -82.43500000238419 14.565429305181533 -80
      vertex -82.43500000238419 15.29957069690463 -80
    endloop
  endfacet
  facet normal 0 0 1
    outer loop
      vertex -75.10000000149012 -18.350000001490116 -79.25
      vertex -78.5 13.320000000298023 -79.25
      vertex -78.5 11.320000000298023 -79.25
    endloop
  endfacet
  facet normal 0 0 1
    outer loop
      vertex -81.00500000268221 2.8200000002980232 -79.25
      vertex -78.5 4.320000000298023 -79.25
      vertex -81.00500000268221 4.320000000298023 -79.25
    endloop
  endfacet
  facet normal 0 0 1
    outer loop
      vertex -82.35458029806614 4.62642578035593 -79.25
      vertex -82.23129942268133 4.708799421787262 -79.25
      vertex -82.14892578125 5.122919701039791 -79.25
    endloop
  endfacet
  facet normal 0 0 1
    outer loop
      vertex -81.00500000268221 2.8200000002980232 -79.25
      vertex -78.5 2.8200000002980232 -79.25
      vertex -78.5 4.320000000298023 -79.25
    endloop
  endfacet
  facet normal 0 0 1
    outer loop
      vertex -75.10000000149012 -18.350000001490116 -79.25
      vertex -78.5 14.820000000298023 -79.25
      vertex -78.5 13.320000000298023 -79.25
    endloop
  endfacet
  facet normal -1 0 0
    outer loop
      vertex -82.43500000238419 4.610429302849369 -80
      vertex -82.43500000238419 4.610429302849369 -79.25
      vertex -82.43500000238419 5.344570698692769 -79.25
    endloop
  endfacet
  facet normal -1 0 0
    outer loop
      vertex -82.43500000238419 -21.79500000178814 -80.75
      vertex -82.43500000238419 15.29957069690463 -80
      vertex -82.43500000238419 21.79500000178814 -80.75
    endloop
  endfacet
  facet normal -1 0 0
    outer loop
      vertex -82.43500000238419 4.610429302849369 -80
      vertex -82.43500000238419 5.344570698692769 -79.25
      vertex -82.43500000238419 5.344570698692769 -80
    endloop
  endfacet
  facet normal 0 0 1
    outer loop
      vertex -82.35458029806614 4.62642578035593 -79.25
      vertex -82.35458029806614 5.328574225306511 -79.25
      vertex -82.43500000238419 4.610429302849369 -79.25
    endloop
  endfacet
  facet normal 0 0 1
    outer loop
      vertex -82.35458029806614 4.62642578035593 -79.25
      vertex -82.14892578125 5.122919701039791 -79.25
      vertex -82.23129942268133 5.246200576424599 -79.25
    endloop
  endfacet
  facet normal 0 0 1
    outer loop
      vertex -82.23129942268133 4.708799421787262 -79.25
      vertex -82.14892578125 4.8320802971720695 -79.25
      vertex -82.11999999731779 4.97749999910593 -79.25
    endloop
  endfacet
  facet normal 0 0 1
    outer loop
      vertex -82.23129942268133 4.708799421787262 -79.25
      vertex -82.11999999731779 4.97749999910593 -79.25
      vertex -82.14892578125 5.122919701039791 -79.25
    endloop
  endfacet
  facet normal 0 0 1
    outer loop
      vertex -82.43500000238419 4.610429302849369 -79.25
      vertex -82.35458029806614 5.328574225306511 -79.25
      vertex -82.43500000238419 5.344570698692769 -79.25
    endloop
  endfacet
  facet normal 0 0 1
    outer loop
      vertex -82.35458029806614 4.62642578035593 -79.25
      vertex -82.23129942268133 5.246200576424599 -79.25
      vertex -82.35458029806614 5.328574225306511 -79.25
    endloop
  endfacet
  facet normal 0 0 1
    outer loop
      vertex -75.10000000149012 -18.350000001490116 -79.25
      vertex -77.57487373799086 18.350000001490116 -79.25
      vertex -78.5 14.820000000298023 -79.25
    endloop
  endfacet
  facet normal 0 0 -1
    outer loop
      vertex -82.43500000238419 -21.79500000178814 -80.75
      vertex -80.185 21.735 -80.75
      vertex -80.12537019600587 21.282066671070588 -80.75
    endloop
  endfacet
  facet normal 0 0 -1
    outer loop
      vertex -80.12537019600587 -21.282066671070588 -80.75
      vertex -80.12537019600587 21.282066671070588 -80.75
      vertex -79.95054445662277 20.86 -80.75
    endloop
  endfacet
  facet normal 0 0 -1
    outer loop
      vertex -82.43500000238419 -21.79500000178814 -80.75
      vertex -82.43500000238419 21.79500000178814 -80.75
      vertex -80.185 21.735 -80.75
    endloop
  endfacet
  facet normal 0 0 1
    outer loop
      vertex -81.00500000268221 6.320000000298023 -79.25
      vertex -78.5 7.820000000298023 -79.25
      vertex -81.00500000268221 7.820000000298023 -79.25
    endloop
  endfacet
  facet normal 0 0 -1
    outer loop
      vertex -79.95054445662277 -20.86 -80.75
      vertex -79.95054445662277 20.86 -80.75
      vertex -79.67243686707646 20.497563132923542 -80.75
    endloop
  endfacet
  facet normal 0 0 -1
    outer loop
      vertex -79.67243686707646 -20.497563132923542 -80.75
      vertex -79.67243686707646 20.497563132923542 -80.75
      vertex -79.31 20.219455543377233 -80.75
    endloop
  endfacet
  facet normal 0 0 -1
    outer loop
      vertex -79.31 -20.219455543377233 -80.75
      vertex -79.31 20.219455543377233 -80.75
      vertex -78.8879333289294 20.04462980399413 -80.75
    endloop
  endfacet
  facet normal 0 0 -1
    outer loop
      vertex -78.8879333289294 -20.04462980399413 -80.75
      vertex -78.8879333289294 20.04462980399413 -80.75
      vertex -78.435 19.985 -80.75
    endloop
  endfacet
  facet normal 0 0 1
    outer loop
      vertex -81.00500000268221 6.320000000298023 -79.25
      vertex -78.5 6.320000000298023 -79.25
      vertex -78.5 7.820000000298023 -79.25
    endloop
  endfacet
  facet normal 0 0 -1
    outer loop
      vertex -78.435 -19.985 -80.75
      vertex -78.435 19.985 -80.75
      vertex -77.9820666710706 20.04462980399413 -80.75
    endloop
  endfacet
  facet normal 0 0 -1
    outer loop
      vertex -77.9820666710706 -20.04462980399413 -80.75
      vertex -77.9820666710706 20.04462980399413 -80.75
      vertex -77.56 20.219455543377233 -80.75
    endloop
  endfacet
  facet normal 0 0 -1
    outer loop
      vertex -77.56 -20.219455543377233 -80.75
      vertex -77.56 20.219455543377233 -80.75
      vertex -77.19756313292355 20.497563132923542 -80.75
    endloop
  endfacet
  facet normal 0 0 1
    outer loop
      vertex -75.10000000149012 -18.350000001490116 -79.25
      vertex -77.56 20.219455543377233 -79.25
      vertex -77.57487373799086 18.350000001490116 -79.25
    endloop
  endfacet
  facet normal 0 0 -1
    outer loop
      vertex -77.56 -20.219455543377233 -80.75
      vertex -77.19756313292355 20.497563132923542 -80.75
      vertex -76.91945554337724 20.86 -80.75
    endloop
  endfacet
  facet normal 0 0 -1
    outer loop
      vertex -77.56 -20.219455543377233 -80.75
      vertex -76.91945554337724 20.86 -80.75
      vertex -76.74462980399413 21.282066671070588 -80.75
    endloop
  endfacet
  facet normal 0 0 1
    outer loop
      vertex -75.10000000149012 -18.350000001490116 -79.25
      vertex -77.19756313292355 20.497563132923542 -79.25
      vertex -77.56 20.219455543377233 -79.25
    endloop
  endfacet
  facet normal 0 0 1
    outer loop
      vertex -75.10000000149012 -18.350000001490116 -79.25
      vertex -76.91945554337724 20.86 -79.25
      vertex -77.19756313292355 20.497563132923542 -79.25
    endloop
  endfacet
  facet normal 0 0 1
    outer loop
      vertex -75.10000000149012 -18.350000001490116 -79.25
      vertex -76.74462980399413 21.282066671070588 -79.25
      vertex -76.91945554337724 20.86 -79.25
    endloop
  endfacet
  facet normal 0 0 1
    outer loop
      vertex -75.10000000149012 -18.350000001490116 -79.25
      vertex -75.10000000149012 20.824873737990856 -79.25
      vertex -76.74462980399413 21.282066671070588 -79.25
    endloop
  endfacet
  facet normal -1 0 0
    outer loop
      vertex -82.43500000238419 9.587929306075603 -80
      vertex -82.43500000238419 9.587929306075603 -79.25
      vertex -82.43500000238419 10.322070697798699 -79.25
    endloop
  endfacet
  facet normal 0 0 1
    outer loop
      vertex -82.35458029806614 9.60392577946186 -79.25
      vertex -82.35458029806614 10.306074224412441 -79.25
      vertex -82.43500000238419 9.587929306075603 -79.25
    endloop
  endfacet
  facet normal 0 0 1
    outer loop
      vertex -82.35458029806614 9.60392577946186 -79.25
      vertex -82.23129942268133 9.686299420893192 -79.25
      vertex -82.14892578125 10.100419707596302 -79.25
    endloop
  endfacet
  facet normal 0 0 1
    outer loop
      vertex -82.23129942268133 9.686299420893192 -79.25
      vertex -82.14892578125 9.809580296278 -79.25
      vertex -82.11999999731779 9.95499999821186 -79.25
    endloop
  endfacet
  facet normal 0 0 1
    outer loop
      vertex -82.35458029806614 9.60392577946186 -79.25
      vertex -82.14892578125 10.100419707596302 -79.25
      vertex -82.23129942268133 10.223700575530529 -79.25
    endloop
  endfacet
  facet normal 0 0 1
    outer loop
      vertex -82.35458029806614 9.60392577946186 -79.25
      vertex -82.23129942268133 10.223700575530529 -79.25
      vertex -82.35458029806614 10.306074224412441 -79.25
    endloop
  endfacet
  facet normal 0 0 1
    outer loop
      vertex -82.23129942268133 9.686299420893192 -79.25
      vertex -82.11999999731779 9.95499999821186 -79.25
      vertex -82.14892578125 10.100419707596302 -79.25
    endloop
  endfacet
  facet normal -1 0 0
    outer loop
      vertex -82.43500000238419 9.587929306075603 -80
      vertex -82.43500000238419 10.322070697798699 -79.25
      vertex -82.43500000238419 10.322070697798699 -80
    endloop
  endfacet
  facet normal 0 0 1
    outer loop
      vertex -82.43500000238419 9.587929306075603 -79.25
      vertex -82.35458029806614 10.306074224412441 -79.25
      vertex -82.43500000238419 10.322070697798699 -79.25
    endloop
  endfacet
  facet normal 0 0 1
    outer loop
      vertex -81.00500000268221 9.820000000298023 -79.25
      vertex -78.5 11.320000000298023 -79.25
      vertex -81.00500000268221 11.320000000298023 -79.25
    endloop
  endfacet
  facet normal 0 0 1
    outer loop
      vertex -81.00500000268221 9.820000000298023 -79.25
      vertex -78.5 9.820000000298023 -79.25
      vertex -78.5 11.320000000298023 -79.25
    endloop
  endfacet
  facet normal 0 0 1
    outer loop
      vertex -81.00500000268221 13.320000000298023 -79.25
      vertex -78.5 14.820000000298023 -79.25
      vertex -81.00500000268221 14.820000000298023 -79.25
    endloop
  endfacet
  facet normal 0 0 1
    outer loop
      vertex -81.00500000268221 13.320000000298023 -79.25
      vertex -78.5 13.320000000298023 -79.25
      vertex -78.5 14.820000000298023 -79.25
    endloop
  endfacet
  facet normal -1 0 0
    outer loop
      vertex -82.43500000238419 14.565429305181533 -80
      vertex -82.43500000238419 14.565429305181533 -79.25
      vertex -82.43500000238419 15.29957069690463 -79.25
    endloop
  endfacet
  facet normal 0 0 1
    outer loop
      vertex -82.35458029806614 14.581425778567791 -79.25
      vertex -82.23129942268133 14.663799419999123 -79.25
      vertex -82.14892578125 15.077919706702232 -79.25
    endloop
  endfacet
  facet normal 0 0 1
    outer loop
      vertex -82.35458029806614 14.581425778567791 -79.25
      vertex -82.35458029806614 15.283574223518372 -79.25
      vertex -82.43500000238419 14.565429305181533 -79.25
    endloop
  endfacet
  facet normal 0 0 1
    outer loop
      vertex -82.23129942268133 14.663799419999123 -79.25
      vertex -82.14892578125 14.78708029538393 -79.25
      vertex -82.11999999731779 14.932499997317791 -79.25
    endloop
  endfacet
  facet normal -1 0 0
    outer loop
      vertex -82.43500000238419 14.565429305181533 -80
      vertex -82.43500000238419 15.29957069690463 -79.25
      vertex -82.43500000238419 15.29957069690463 -80
    endloop
  endfacet
  facet normal 0 0 1
    outer loop
      vertex -82.35458029806614 14.581425778567791 -79.25
      vertex -82.14892578125 15.077919706702232 -79.25
      vertex -82.23129942268133 15.20120057463646 -79.25
    endloop
  endfacet
  facet normal 0 0 1
    outer loop
      vertex -82.43500000238419 14.565429305181533 -79.25
      vertex -82.35458029806614 15.283574223518372 -79.25
      vertex -82.43500000238419 15.29957069690463 -79.25
    endloop
  endfacet
  facet normal 0 0 1
    outer loop
      vertex -82.35458029806614 14.581425778567791 -79.25
      vertex -82.23129942268133 15.20120057463646 -79.25
      vertex -82.35458029806614 15.283574223518372 -79.25
    endloop
  endfacet
  facet normal 0 0 1
    outer loop
      vertex -82.23129942268133 14.663799419999123 -79.25
      vertex -82.11999999731779 14.932499997317791 -79.25
      vertex -82.14892578125 15.077919706702232 -79.25
    endloop
  endfacet
  facet normal 0 0 1
    outer loop
      vertex -78.5 14.820000000298023 -79.25
      vertex -77.57487373799086 18.350000001490116 -79.25
      vertex -78.5 16.820000000298023 -79.25
    endloop
  endfacet
  facet normal 0 0 1
    outer loop
      vertex -81.00500000268221 16.820000000298023 -79.25
      vertex -78.5 16.820000000298023 -79.25
      vertex -78.5 18.320000000298023 -79.25
    endloop
  endfacet
  facet normal 0 0 1
    outer loop
      vertex -81.00500000268221 16.820000000298023 -79.25
      vertex -78.5 18.320000000298023 -79.25
      vertex -81.00500000268221 18.320000000298023 -79.25
    endloop
  endfacet
  facet normal -1 0 0
    outer loop
      vertex -82.43500000238419 15.29957069690463 -80
      vertex -82.43500000238419 19.542929304287465 -80
      vertex -82.43500000238419 21.79500000178814 -80.75
    endloop
  endfacet
  facet normal 0 0 1
    outer loop
      vertex -78.5 16.820000000298023 -79.25
      vertex -77.57487373799086 18.350000001490116 -79.25
      vertex -78.5 18.320000000298023 -79.25
    endloop
  endfacet
  facet normal 0 0 1
    outer loop
      vertex -78.5 18.320000000298023 -79.25
      vertex -77.57487373799086 18.350000001490116 -79.25
      vertex -78.5 18.350000001490116 -79.25
    endloop
  endfacet
  facet normal -1 0 0
    outer loop
      vertex -82.43500000238419 19.542929304287465 -80
      vertex -82.43500000238419 19.542929304287465 -79.25
      vertex -82.43500000238419 20.277070696010558 -79.25
    endloop
  endfacet
  facet normal -1 0 0
    outer loop
      vertex -82.43500000238419 19.542929304287465 -80
      vertex -82.43500000238419 20.277070696010558 -79.25
      vertex -82.43500000238419 20.277070696010558 -80
    endloop
  endfacet
  facet normal 0 0 1
    outer loop
      vertex -82.35458029806614 19.55892577767372 -79.25
      vertex -82.35458029806614 20.261074222624302 -79.25
      vertex -82.43500000238419 19.542929304287465 -79.25
    endloop
  endfacet
  facet normal 0 0 1
    outer loop
      vertex -82.35458029806614 19.55892577767372 -79.25
      vertex -82.23129942268133 19.641299426555634 -79.25
      vertex -82.14892578125 20.055419705808163 -79.25
    endloop
  endfacet
  facet normal 0 0 1
    outer loop
      vertex -82.23129942268133 19.641299426555634 -79.25
      vertex -82.14892578125 19.76458029448986 -79.25
      vertex -82.11999999731779 19.90999999642372 -79.25
    endloop
  endfacet
  facet normal 0 0 1
    outer loop
      vertex -82.23129942268133 19.641299426555634 -79.25
      vertex -82.11999999731779 19.90999999642372 -79.25
      vertex -82.14892578125 20.055419705808163 -79.25
    endloop
  endfacet
  facet normal 0 0 1
    outer loop
      vertex -82.35458029806614 19.55892577767372 -79.25
      vertex -82.14892578125 20.055419705808163 -79.25
      vertex -82.23129942268133 20.17870057374239 -79.25
    endloop
  endfacet
  facet normal 0 0 1
    outer loop
      vertex -82.35458029806614 19.55892577767372 -79.25
      vertex -82.23129942268133 20.17870057374239 -79.25
      vertex -82.35458029806614 20.261074222624302 -79.25
    endloop
  endfacet
  facet normal 0 0 1
    outer loop
      vertex -82.43500000238419 19.542929304287465 -79.25
      vertex -82.35458029806614 20.261074222624302 -79.25
      vertex -82.43500000238419 20.277070696010558 -79.25
    endloop
  endfacet
  facet normal -1 0 0
    outer loop
      vertex -82.43500000238419 19.542929304287465 -80
      vertex -82.43500000238419 20.277070696010558 -80
      vertex -82.43500000238419 21.79500000178814 -80.75
    endloop
  endfacet
  facet normal 0 0 1
    outer loop
      vertex -77.57487373799086 18.350000001490116 -79.25
      vertex -79.31 20.219455543377233 -79.25
      vertex -79.73743686825037 20.51256313174963 -79.25
    endloop
  endfacet
  facet normal 0.1305261922200546 0.99144486137381 0
    outer loop
      vertex -78.8879333289294 20.04462980399413 -80.75
      vertex -78.8879333289294 20.04462980399413 -79.25
      vertex -78.435 19.985 -80.75
    endloop
  endfacet
  facet normal 0.3826834323650856 0.9238795325112884 0
    outer loop
      vertex -78.8879333289294 20.04462980399413 -80.75
      vertex -79.31 20.219455543377233 -79.25
      vertex -78.8879333289294 20.04462980399413 -79.25
    endloop
  endfacet
  facet normal 0 0 1
    outer loop
      vertex -77.57487373799086 18.350000001490116 -79.25
      vertex -78.435 19.985 -79.25
      vertex -78.8879333289294 20.04462980399413 -79.25
    endloop
  endfacet
  facet normal 0 0 1
    outer loop
      vertex -77.57487373799086 18.350000001490116 -79.25
      vertex -77.9820666710706 20.04462980399413 -79.25
      vertex -78.435 19.985 -79.25
    endloop
  endfacet
  facet normal 0 0 1
    outer loop
      vertex -77.57487373799086 18.350000001490116 -79.25
      vertex -78.8879333289294 20.04462980399413 -79.25
      vertex -79.31 20.219455543377233 -79.25
    endloop
  endfacet
  facet normal 0 0 1
    outer loop
      vertex -77.57487373799086 18.350000001490116 -79.25
      vertex -77.56 20.219455543377233 -79.25
      vertex -77.9820666710706 20.04462980399413 -79.25
    endloop
  endfacet
  facet normal -0.1305261922200546 0.99144486137381 0
    outer loop
      vertex -78.435 19.985 -80.75
      vertex -78.435 19.985 -79.25
      vertex -77.9820666710706 20.04462980399413 -80.75
    endloop
  endfacet
  facet normal 0.1305261922200546 0.99144486137381 0
    outer loop
      vertex -78.8879333289294 20.04462980399413 -79.25
      vertex -78.435 19.985 -79.25
      vertex -78.435 19.985 -80.75
    endloop
  endfacet
  facet normal -0.1305261922200546 0.99144486137381 0
    outer loop
      vertex -77.9820666710706 20.04462980399413 -80.75
      vertex -78.435 19.985 -79.25
      vertex -77.9820666710706 20.04462980399413 -79.25
    endloop
  endfacet
  facet normal -0.3826834323650856 0.9238795325112884 0
    outer loop
      vertex -77.9820666710706 20.04462980399413 -80.75
      vertex -77.9820666710706 20.04462980399413 -79.25
      vertex -77.56 20.219455543377233 -80.75
    endloop
  endfacet
  facet normal 0.6087614290087244 0.7933533402912322 0
    outer loop
      vertex -79.31 20.219455543377233 -80.75
      vertex -79.67243686707646 20.497563132923542 -79.25
      vertex -79.31 20.219455543377233 -79.25
    endloop
  endfacet
  facet normal 0.6087614290087244 0.7933533402912322 0
    outer loop
      vertex -79.31 20.219455543377233 -80.75
      vertex -79.67243686707646 20.497563132923542 -80.75
      vertex -79.67243686707646 20.497563132923542 -79.25
    endloop
  endfacet
  facet normal 0.3826834323650856 0.9238795325112884 0
    outer loop
      vertex -78.8879333289294 20.04462980399413 -80.75
      vertex -79.31 20.219455543377233 -80.75
      vertex -79.31 20.219455543377233 -79.25
    endloop
  endfacet
  facet normal 0 0 1
    outer loop
      vertex -79.31 20.219455543377233 -79.25
      vertex -79.67243686707646 20.497563132923542 -79.25
      vertex -79.73743686825037 20.51256313174963 -79.25
    endloop
  endfacet
  facet normal 0.793353340291235 0.6087614290087207 0
    outer loop
      vertex -79.95054445662277 20.86 -79.25
      vertex -79.67243686707646 20.497563132923542 -79.25
      vertex -79.67243686707646 20.497563132923542 -80.75
    endloop
  endfacet
  facet normal 0.793353340291235 0.6087614290087207 0
    outer loop
      vertex -79.95054445662277 20.86 -80.75
      vertex -79.95054445662277 20.86 -79.25
      vertex -79.67243686707646 20.497563132923542 -80.75
    endloop
  endfacet
  facet normal 0 0 1
    outer loop
      vertex -80.01554445922375 20.875 -79.25
      vertex -79.73743686825037 20.51256313174963 -79.25
      vertex -79.67243686707646 20.497563132923542 -79.25
    endloop
  endfacet
  facet normal 0 0 1
    outer loop
      vertex -79.95054445662277 20.86 -79.25
      vertex -80.01554445922375 20.875 -79.25
      vertex -79.67243686707646 20.497563132923542 -79.25
    endloop
  endfacet
  facet normal -0.6087614290087244 0.7933533402912322 0
    outer loop
      vertex -77.56 20.219455543377233 -80.75
      vertex -77.56 20.219455543377233 -79.25
      vertex -77.19756313292355 20.497563132923542 -80.75
    endloop
  endfacet
  facet normal -0.3826834323650856 0.9238795325112884 0
    outer loop
      vertex -77.9820666710706 20.04462980399413 -79.25
      vertex -77.56 20.219455543377233 -79.25
      vertex -77.56 20.219455543377233 -80.75
    endloop
  endfacet
  facet normal -1 0 0
    outer loop
      vertex -82.43500000238419 20.277070696010558 -80
      vertex -82.43500000238419 21.79500000178814 -80
      vertex -82.43500000238419 21.79500000178814 -80.75
    endloop
  endfacet
  facet normal 0.9238795325112806 0.3826834323651044 0
    outer loop
      vertex -79.95054445662277 20.86 -80.75
      vertex -80.12537019600587 21.282066671070588 -79.25
      vertex -79.95054445662277 20.86 -79.25
    endloop
  endfacet
  facet normal 0.9238795325112806 0.3826834323651044 0
    outer loop
      vertex -79.95054445662277 20.86 -80.75
      vertex -80.12537019600587 21.282066671070588 -80.75
      vertex -80.12537019600587 21.282066671070588 -79.25
    endloop
  endfacet
  facet normal 0 0 1
    outer loop
      vertex -79.95054445662277 20.86 -79.25
      vertex -80.19037019461393 21.297066673636436 -79.25
      vertex -80.01554445922375 20.875 -79.25
    endloop
  endfacet
  facet normal 0 0 1
    outer loop
      vertex -79.95054445662277 20.86 -79.25
      vertex -80.12537019600587 21.282066671070588 -79.25
      vertex -80.19037019461393 21.297066673636436 -79.25
    endloop
  endfacet
  facet normal 0.9914448613738113 0.13052619222004494 0
    outer loop
      vertex -80.12537019600587 21.282066671070588 -80.75
      vertex -80.185 21.735 -79.25
      vertex -80.12537019600587 21.282066671070588 -79.25
    endloop
  endfacet
  facet normal 0.9914448613738113 0.13052619222004494 0
    outer loop
      vertex -80.12537019600587 21.282066671070588 -80.75
      vertex -80.185 21.735 -80.75
      vertex -80.185 21.735 -79.25
    endloop
  endfacet
  facet normal 0 0 1
    outer loop
      vertex -80.12537019600587 21.282066671070588 -79.25
      vertex -80.185 21.735 -79.25
      vertex -80.19037019461393 21.297066673636436 -79.25
    endloop
  endfacet
  facet normal 0 0 1
    outer loop
      vertex -80.19037019461393 21.297066673636436 -79.25
      vertex -80.185 21.735 -79.25
      vertex -80.25 21.75 -79.25
    endloop
  endfacet
  facet normal -0.9987954566472489 0.04906766532874333 0
    outer loop
      vertex -82.43500000238419 21.79500000178814 -80.75
      vertex -82.43500000238419 21.79500000178814 -80
      vertex -82.41602782905102 22.18118753284216 -80.75
    endloop
  endfacet
  facet normal -0.9987954566472489 0.04906766532874333 0
    outer loop
      vertex -82.43500000238419 21.79500000178814 -80
      vertex -82.41602782905102 22.18118753284216 -80
      vertex -82.41602782905102 22.18118753284216 -80.75
    endloop
  endfacet
  facet normal 0 0 -1
    outer loop
      vertex -82.43500000238419 21.79500000178814 -80.75
      vertex -82.41602782905102 22.18118753284216 -80.75
      vertex -80.185 21.735 -80.75
    endloop
  endfacet
  facet normal -0.9891765104757831 0.14673047101046435 0
    outer loop
      vertex -82.41602782905102 22.18118753284216 -80.75
      vertex -82.41602782905102 22.18118753284216 -80
      vertex -82.35929401218891 22.563655868172646 -80.75
    endloop
  endfacet
  facet normal -0.9891765104757831 0.14673047101046435 0
    outer loop
      vertex -82.41602782905102 22.18118753284216 -80
      vertex -82.35929401218891 22.563655868172646 -80
      vertex -82.35929401218891 22.563655868172646 -80.75
    endloop
  endfacet
  facet normal 0 0 -1
    outer loop
      vertex -82.41602782905102 22.18118753284216 -80.75
      vertex -82.35929401218891 22.563655868172646 -80.75
      vertex -80.12537019600587 22.18793332892941 -80.75
    endloop
  endfacet
  facet normal 0 0 -1
    outer loop
      vertex -82.41602782905102 22.18118753284216 -80.75
      vertex -80.12537019600587 22.18793332892941 -80.75
      vertex -80.185 21.735 -80.75
    endloop
  endfacet
  facet normal 0.9914448613738113 -0.13052619222004494 0
    outer loop
      vertex -80.185 21.735 -80.75
      vertex -80.12537019600587 22.18793332892941 -79.25
      vertex -80.185 21.735 -79.25
    endloop
  endfacet
  facet normal 0.9914448613738113 -0.13052619222004494 0
    outer loop
      vertex -80.185 21.735 -80.75
      vertex -80.12537019600587 22.18793332892941 -80.75
      vertex -80.12537019600587 22.18793332892941 -79.25
    endloop
  endfacet
  facet normal 0 0 1
    outer loop
      vertex -80.25 21.75 -79.25
      vertex -80.185 21.735 -79.25
      vertex -80.19037019461393 22.202933326363564 -79.25
    endloop
  endfacet
  facet normal 0 0 1
    outer loop
      vertex -80.185 21.735 -79.25
      vertex -80.12537019600587 22.18793332892941 -79.25
      vertex -80.19037019461393 22.202933326363564 -79.25
    endloop
  endfacet
  facet normal 0.9238795325112806 -0.3826834323651044 0
    outer loop
      vertex -80.12537019600587 22.18793332892941 -80.75
      vertex -79.95054445662277 22.61 -79.25
      vertex -80.12537019600587 22.18793332892941 -79.25
    endloop
  endfacet
  facet normal 0.9238795325112806 -0.3826834323651044 0
    outer loop
      vertex -80.12537019600587 22.18793332892941 -80.75
      vertex -79.95054445662277 22.61 -80.75
      vertex -79.95054445662277 22.61 -79.25
    endloop
  endfacet
  facet normal 0 0 1
    outer loop
      vertex -80.12537019600587 22.18793332892941 -79.25
      vertex -80.01554445922375 22.625 -79.25
      vertex -80.19037019461393 22.202933326363564 -79.25
    endloop
  endfacet
  facet normal 0 0 1
    outer loop
      vertex -80.12537019600587 22.18793332892941 -79.25
      vertex -79.95054445662277 22.61 -79.25
      vertex -80.01554445922375 22.625 -79.25
    endloop
  endfacet
  facet normal -0.6087614290087244 0.7933533402912322 0
    outer loop
      vertex -77.56 20.219455543377233 -79.25
      vertex -77.19756313292355 20.497563132923542 -79.25
      vertex -77.19756313292355 20.497563132923542 -80.75
    endloop
  endfacet
  facet normal -0.793353340291235 0.6087614290087207 0
    outer loop
      vertex -77.19756313292355 20.497563132923542 -80.75
      vertex -77.19756313292355 20.497563132923542 -79.25
      vertex -76.91945554337724 20.86 -80.75
    endloop
  endfacet
  facet normal -0.793353340291235 0.6087614290087207 0
    outer loop
      vertex -77.19756313292355 20.497563132923542 -79.25
      vertex -76.91945554337724 20.86 -79.25
      vertex -76.91945554337724 20.86 -80.75
    endloop
  endfacet
  facet normal -0.9238795325112806 0.3826834323651044 0
    outer loop
      vertex -76.91945554337724 20.86 -80.75
      vertex -76.91945554337724 20.86 -79.25
      vertex -76.74462980399413 21.282066671070588 -80.75
    endloop
  endfacet
  facet normal -0.9238795325112806 0.3826834323651044 0
    outer loop
      vertex -76.91945554337724 20.86 -79.25
      vertex -76.74462980399413 21.282066671070588 -79.25
      vertex -76.74462980399413 21.282066671070588 -80.75
    endloop
  endfacet
  facet normal 0 0 1
    outer loop
      vertex -75.10000000149012 20.824873737990856 -79.25
      vertex -76.685 21.735 -79.25
      vertex -76.74462980399413 21.282066671070588 -79.25
    endloop
  endfacet
  facet normal -0.9914448613738113 0.13052619222004494 0
    outer loop
      vertex -76.74462980399413 21.282066671070588 -80.75
      vertex -76.74462980399413 21.282066671070588 -79.25
      vertex -76.685 21.735 -80.75
    endloop
  endfacet
  facet normal -0.9914448613738113 0.13052619222004494 0
    outer loop
      vertex -76.74462980399413 21.282066671070588 -79.25
      vertex -76.685 21.735 -79.25
      vertex -76.685 21.735 -80.75
    endloop
  endfacet
  facet normal 0 0 1
    outer loop
      vertex -75.10000000149012 20.824873737990856 -79.25
      vertex -76.74462980399413 22.18793332892941 -79.25
      vertex -76.685 21.735 -79.25
    endloop
  endfacet
  facet normal -0.9914448613738113 -0.13052619222004494 0
    outer loop
      vertex -76.685 21.735 -80.75
      vertex -76.685 21.735 -79.25
      vertex -76.74462980399413 22.18793332892941 -80.75
    endloop
  endfacet
  facet normal -0.9914448613738113 -0.13052619222004494 0
    outer loop
      vertex -76.685 21.735 -79.25
      vertex -76.74462980399413 22.18793332892941 -79.25
      vertex -76.74462980399413 22.18793332892941 -80.75
    endloop
  endfacet
  facet normal 0 0 1
    outer loop
      vertex -75.10000000149012 20.824873737990856 -79.25
      vertex -76.91945554337724 22.61 -79.25
      vertex -76.74462980399413 22.18793332892941 -79.25
    endloop
  endfacet
  facet normal 0 0 1
    outer loop
      vertex -75.10000000149012 20.824873737990856 -79.25
      vertex -77.03266928784828 22.75754302434902 -79.25
      vertex -76.91945554337724 22.61 -79.25
    endloop
  endfacet
  facet normal -0.9238795325112806 -0.3826834323651044 0
    outer loop
      vertex -76.74462980399413 22.18793332892941 -80.75
      vertex -76.74462980399413 22.18793332892941 -79.25
      vertex -76.91945554337724 22.61 -80.75
    endloop
  endfacet
  facet normal -0.9238795325112806 -0.3826834323651044 0
    outer loop
      vertex -76.74462980399413 22.18793332892941 -79.25
      vertex -76.91945554337724 22.61 -79.25
      vertex -76.91945554337724 22.61 -80.75
    endloop
  endfacet
  facet normal -0.9700312500464147 0.24298019247130095 0
    outer loop
      vertex -82.35929401218891 22.563655868172646 -80.75
      vertex -82.35929401218891 22.563655868172646 -80
      vertex -82.26534492522478 22.938721626996994 -80.75
    endloop
  endfacet
  facet normal -0.9700312500464147 0.24298019247130095 0
    outer loop
      vertex -82.35929401218891 22.563655868172646 -80
      vertex -82.26534492522478 22.938721626996994 -80
      vertex -82.26534492522478 22.938721626996994 -80.75
    endloop
  endfacet
  facet normal 0 0 -1
    outer loop
      vertex -80.12537019600587 22.18793332892941 -80.75
      vertex -82.35929401218891 22.563655868172646 -80.75
      vertex -82.26534492522478 22.938721626996994 -80.75
    endloop
  endfacet
  facet normal -0.9415440643964144 0.3368898555906379 0
    outer loop
      vertex -82.26534492522478 22.938721626996994 -80.75
      vertex -82.26534492522478 22.938721626996994 -80
      vertex -82.13508535921574 23.302772723138332 -80.75
    endloop
  endfacet
  facet normal -0.9415440643964144 0.3368898555906379 0
    outer loop
      vertex -82.26534492522478 22.938721626996994 -80
      vertex -82.13508535921574 23.302772723138332 -80
      vertex -82.13508535921574 23.302772723138332 -80.75
    endloop
  endfacet
  facet normal 0 0 -1
    outer loop
      vertex -82.26534492522478 22.938721626996994 -80.75
      vertex -82.13508535921574 23.302772723138332 -80.75
      vertex -79.95054445662277 22.61 -80.75
    endloop
  endfacet
  facet normal 0 0 -1
    outer loop
      vertex -80.12537019600587 22.18793332892941 -80.75
      vertex -82.26534492522478 22.938721626996994 -80.75
      vertex -79.95054445662277 22.61 -80.75
    endloop
  endfacet
  facet normal 0 0 -1
    outer loop
      vertex -82.13508535921574 23.302772723138332 -80.75
      vertex -79.67243686707646 22.972436867076457 -80.75
      vertex -79.95054445662277 22.61 -80.75
    endloop
  endfacet
  facet normal 0 0 -1
    outer loop
      vertex -82.13508535921574 23.302772723138332 -80.75
      vertex -79.31 23.250544456622766 -80.75
      vertex -79.67243686707646 22.972436867076457 -80.75
    endloop
  endfacet
  facet normal -0.9039892945540355 0.4275550904055492 0
    outer loop
      vertex -82.13508535921574 23.302772723138332 -80.75
      vertex -82.13508535921574 23.302772723138332 -80
      vertex -81.96976978331804 23.652303144335747 -80.75
    endloop
  endfacet
  facet normal -0.9039892945540355 0.4275550904055492 0
    outer loop
      vertex -82.13508535921574 23.302772723138332 -80
      vertex -81.96976978331804 23.652303144335747 -80
      vertex -81.96976978331804 23.652303144335747 -80.75
    endloop
  endfacet
  facet normal -0.8577286099453738 0.5141027442848138 0
    outer loop
      vertex -81.96976978331804 23.652303144335747 -80.75
      vertex -81.96976978331804 23.652303144335747 -80
      vertex -81.77099027484655 23.983946718275547 -80.75
    endloop
  endfacet
  facet normal -0.8577286099453738 0.5141027442848138 0
    outer loop
      vertex -81.96976978331804 23.652303144335747 -80
      vertex -81.77099027484655 23.983946718275547 -80
      vertex -81.77099027484655 23.983946718275547 -80.75
    endloop
  endfacet
  facet normal -0.8032075421878958 0.5956992900553765 0
    outer loop
      vertex -81.77099027484655 23.983946718275547 -80.75
      vertex -81.77099027484655 23.983946718275547 -80
      vertex -81.54066119343042 24.294509544968605 -80.75
    endloop
  endfacet
  facet normal 0 0 -1
    outer loop
      vertex -82.13508535921574 23.302772723138332 -80.75
      vertex -81.96976978331804 23.652303144335747 -80.75
      vertex -79.31 23.250544456622766 -80.75
    endloop
  endfacet
  facet normal 0 0 -1
    outer loop
      vertex -81.96976978331804 23.652303144335747 -80.75
      vertex -78.8879333289294 23.42537019600587 -80.75
      vertex -79.31 23.250544456622766 -80.75
    endloop
  endfacet
  facet normal 0.793353340291235 -0.6087614290087207 0
    outer loop
      vertex -79.95054445662277 22.61 -80.75
      vertex -79.67243686707646 22.972436867076457 -79.25
      vertex -79.95054445662277 22.61 -79.25
    endloop
  endfacet
  facet normal 0.793353340291235 -0.6087614290087207 0
    outer loop
      vertex -79.95054445662277 22.61 -80.75
      vertex -79.67243686707646 22.972436867076457 -80.75
      vertex -79.67243686707646 22.972436867076457 -79.25
    endloop
  endfacet
  facet normal 0 0 1
    outer loop
      vertex -79.95054445662277 22.61 -79.25
      vertex -79.73743686825037 22.98743686825037 -79.25
      vertex -80.01554445922375 22.625 -79.25
    endloop
  endfacet
  facet normal 0 0 1
    outer loop
      vertex -79.95054445662277 22.61 -79.25
      vertex -79.67243686707646 22.972436867076457 -79.25
      vertex -79.73743686825037 22.98743686825037 -79.25
    endloop
  endfacet
  facet normal 0.6087614290087244 -0.7933533402912322 0
    outer loop
      vertex -79.67243686707646 22.972436867076457 -80.75
      vertex -79.31 23.250544456622766 -79.25
      vertex -79.67243686707646 22.972436867076457 -79.25
    endloop
  endfacet
  facet normal 0.6087614290087244 -0.7933533402912322 0
    outer loop
      vertex -79.67243686707646 22.972436867076457 -80.75
      vertex -79.31 23.250544456622766 -80.75
      vertex -79.31 23.250544456622766 -79.25
    endloop
  endfacet
  facet normal 0.3826834323650856 -0.9238795325112884 0
    outer loop
      vertex -79.31 23.250544456622766 -80.75
      vertex -78.8879333289294 23.42537019600587 -79.25
      vertex -79.31 23.250544456622766 -79.25
    endloop
  endfacet
  facet normal 0 0 1
    outer loop
      vertex -79.67243686707646 22.972436867076457 -79.25
      vertex -79.375 23.265544459223747 -79.25
      vertex -79.73743686825037 22.98743686825037 -79.25
    endloop
  endfacet
  facet normal 0 0 1
    outer loop
      vertex -79.67243686707646 22.972436867076457 -79.25
      vertex -79.31 23.250544456622766 -79.25
      vertex -79.375 23.265544459223747 -79.25
    endloop
  endfacet
  facet normal 0 0 1
    outer loop
      vertex -79.31 23.250544456622766 -79.25
      vertex -78.95293332636356 23.440370194613934 -79.25
      vertex -79.375 23.265544459223747 -79.25
    endloop
  endfacet
  facet normal -0.3826834323650856 -0.9238795325112884 0
    outer loop
      vertex -77.56 23.250544456622766 -80.75
      vertex -77.56 23.250544456622766 -80
      vertex -77.9820666710706 23.42537019600587 -80.75
    endloop
  endfacet
  facet normal -0.6087614290087244 -0.7933533402912322 0
    outer loop
      vertex -77.56 23.250544456622766 -80.75
      vertex -77.19756313292355 22.972436867076457 -80
      vertex -77.56 23.250544456622766 -80
    endloop
  endfacet
  facet normal 0 0 -1
    outer loop
      vertex -81.96976978331804 23.652303144335747 -80.75
      vertex -78.435 23.485 -80.75
      vertex -78.8879333289294 23.42537019600587 -80.75
    endloop
  endfacet
  facet normal 0.3826834323650856 -0.9238795325112884 0
    outer loop
      vertex -79.31 23.250544456622766 -80.75
      vertex -78.8879333289294 23.42537019600587 -80.75
      vertex -78.8879333289294 23.42537019600587 -79.25
    endloop
  endfacet
  facet normal 0.1305261922200546 -0.99144486137381 0
    outer loop
      vertex -78.8879333289294 23.42537019600587 -80.75
      vertex -78.435 23.485 -79.25
      vertex -78.8879333289294 23.42537019600587 -79.25
    endloop
  endfacet
  facet normal 0 0 1
    outer loop
      vertex -79.31 23.250544456622766 -79.25
      vertex -78.8879333289294 23.42537019600587 -79.25
      vertex -78.95293332636356 23.440370194613934 -79.25
    endloop
  endfacet
  facet normal 0 0 1
    outer loop
      vertex -78.8879333289294 23.42537019600587 -79.25
      vertex -78.5 23.5 -79.25
      vertex -78.95293332636356 23.440370194613934 -79.25
    endloop
  endfacet
  facet normal 0.1305261922200546 -0.99144486137381 0
    outer loop
      vertex -78.8879333289294 23.42537019600587 -80.75
      vertex -78.435 23.485 -80.75
      vertex -78.435 23.485 -79.25
    endloop
  endfacet
  facet normal -0.130526192219992 -0.9914448613738182 0
    outer loop
      vertex -78.02426598733138 23.430925841388078 -80
      vertex -77.9820666710706 23.42537019600587 -80.75
      vertex -77.9820666710706 23.42537019600587 -80
    endloop
  endfacet
  facet normal -0.1305261922200546 -0.99144486137381 -3.584565636038052e-15
    outer loop
      vertex -78.435 23.485 -80.75
      vertex -77.9820666710706 23.42537019600587 -80.75
      vertex -78.02426598733138 23.430925841388078 -80
    endloop
  endfacet
  facet normal -0.130526192220061 -0.991444861373809 0
    outer loop
      vertex -78.435 23.485 -80.75
      vertex -78.02426598733138 23.430925841388078 -80
      vertex -78.435 23.485 -79.25
    endloop
  endfacet
  facet normal -0.130526192220061 -0.991444861373809 0
    outer loop
      vertex -78.02426598733138 23.430925841388078 -80
      vertex -78.02426598733138 23.430925841388078 -79.25
      vertex -78.435 23.485 -79.25
    endloop
  endfacet
  facet normal -0.3826834323650856 -0.9238795325112884 0
    outer loop
      vertex -77.56 23.250544456622766 -80
      vertex -77.9820666710706 23.42537019600587 -80
      vertex -77.9820666710706 23.42537019600587 -80.75
    endloop
  endfacet
  facet normal 0 0 1
    outer loop
      vertex -78.8879333289294 23.42537019600587 -79.25
      vertex -78.435 23.485 -79.25
      vertex -78.5 23.5 -79.25
    endloop
  endfacet
  facet normal 0 0 1
    outer loop
      vertex -78.5 23.5 -79.25
      vertex -78.435 23.485 -79.25
      vertex -78.04706667363644 23.440370194613934 -79.25
    endloop
  endfacet
  facet normal 0 0 1
    outer loop
      vertex -78.435 23.485 -79.25
      vertex -78.02426598733138 23.430925841388078 -79.25
      vertex -78.04706667363644 23.440370194613934 -79.25
    endloop
  endfacet
  facet normal -0.8032075421878958 0.5956992900553765 0
    outer loop
      vertex -81.77099027484655 23.983946718275547 -80
      vertex -81.54066119343042 24.294509544968605 -80
      vertex -81.54066119343042 24.294509544968605 -80.75
    endloop
  endfacet
  facet normal -0.7409511261299075 0.6715589539919945 0
    outer loop
      vertex -81.54066119343042 24.294509544968605 -80.75
      vertex -81.54066119343042 24.294509544968605 -80
      vertex -81.28100072592497 24.581000722944736 -80.75
    endloop
  endfacet
  facet normal -0.7409511261299075 0.6715589539919945 0
    outer loop
      vertex -81.54066119343042 24.294509544968605 -80
      vertex -81.28100072592497 24.581000722944736 -80
      vertex -81.28100072592497 24.581000722944736 -80.75
    endloop
  endfacet
  facet normal -0.6715589539919945 0.7409511261299075 0
    outer loop
      vertex -81.28100072592497 24.581000722944736 -80.75
      vertex -81.28100072592497 24.581000722944736 -80
      vertex -80.99450954794884 24.84066119045019 -80.75
    endloop
  endfacet
  facet normal -0.6715589539919945 0.7409511261299075 0
    outer loop
      vertex -81.28100072592497 24.581000722944736 -80
      vertex -80.99450954794884 24.84066119045019 -80
      vertex -80.99450954794884 24.84066119045019 -80.75
    endloop
  endfacet
  facet normal -0.5956992900553765 0.8032075421878958 0
    outer loop
      vertex -80.99450954794884 24.84066119045019 -80.75
      vertex -80.99450954794884 24.84066119045019 -80
      vertex -80.68394672125578 25.07099027186632 -80.75
    endloop
  endfacet
  facet normal -0.5956992900553765 0.8032075421878958 0
    outer loop
      vertex -80.99450954794884 24.84066119045019 -80
      vertex -80.68394672125578 25.07099027186632 -80
      vertex -80.68394672125578 25.07099027186632 -80.75
    endloop
  endfacet
  facet normal -0.5141027442848138 0.8577286099453738 0
    outer loop
      vertex -80.68394672125578 25.07099027186632 -80.75
      vertex -80.68394672125578 25.07099027186632 -80
      vertex -80.35230314731598 25.26976978033781 -80.75
    endloop
  endfacet
  facet normal -0.5141027442848138 0.8577286099453738 0
    outer loop
      vertex -80.68394672125578 25.07099027186632 -80
      vertex -80.35230314731598 25.26976978033781 -80
      vertex -80.35230314731598 25.26976978033781 -80.75
    endloop
  endfacet
  facet normal -0.4275550904055492 0.9039892945540355 0
    outer loop
      vertex -80.35230314731598 25.26976978033781 -80.75
      vertex -80.35230314731598 25.26976978033781 -80
      vertex -80.00277272611856 25.435085356235504 -80.75
    endloop
  endfacet
  facet normal -0.4275550904055492 0.9039892945540355 0
    outer loop
      vertex -80.35230314731598 25.26976978033781 -80
      vertex -80.00277272611856 25.435085356235504 -80
      vertex -80.00277272611856 25.435085356235504 -80.75
    endloop
  endfacet
  facet normal -0.3368898555906379 0.9415440643964144 0
    outer loop
      vertex -80.00277272611856 25.435085356235504 -80.75
      vertex -80.00277272611856 25.435085356235504 -80
      vertex -79.63872162997723 25.56534492224455 -80.75
    endloop
  endfacet
  facet normal -0.3368898555906379 0.9415440643964144 0
    outer loop
      vertex -80.00277272611856 25.435085356235504 -80
      vertex -79.63872162997723 25.56534492224455 -80
      vertex -79.63872162997723 25.56534492224455 -80.75
    endloop
  endfacet
  facet normal -0.24298019247130095 0.9700312500464147 0
    outer loop
      vertex -79.63872162997723 25.56534492224455 -80.75
      vertex -79.63872162997723 25.56534492224455 -80
      vertex -79.26365587115288 25.65929400920868 -80.75
    endloop
  endfacet
  facet normal -0.24298019247130095 0.9700312500464147 0
    outer loop
      vertex -79.63872162997723 25.56534492224455 -80
      vertex -79.26365587115288 25.65929400920868 -80
      vertex -79.26365587115288 25.65929400920868 -80.75
    endloop
  endfacet
  facet normal -0.14673047101046435 0.9891765104757831 0
    outer loop
      vertex -79.26365587115288 25.65929400920868 -80.75
      vertex -79.26365587115288 25.65929400920868 -80
      vertex -78.88118753582239 25.716027826070786 -80.75
    endloop
  endfacet
  facet normal -0.14673047101046435 0.9891765104757831 0
    outer loop
      vertex -78.88118753582239 25.716027826070786 -80.75
      vertex -79.26365587115288 25.65929400920868 -80
      vertex -78.88118753582239 25.716027826070786 -80
    endloop
  endfacet
  facet normal 0 0 -1
    outer loop
      vertex -79.26365587115288 25.65929400920868 -80.75
      vertex -78.88118753582239 25.716027826070786 -80.75
      vertex -78.49500000476837 25.734999999403954 -80.75
    endloop
  endfacet
  facet normal -0.04906766532874333 0.9987954566472489 0
    outer loop
      vertex -78.88118753582239 25.716027826070786 -80.75
      vertex -78.88118753582239 25.716027826070786 -80
      vertex -78.49500000476837 25.734999999403954 -80.75
    endloop
  endfacet
  facet normal -0.04906766532874333 0.9987954566472489 0
    outer loop
      vertex -78.88118753582239 25.716027826070786 -80
      vertex -78.49500000476837 25.734999999403954 -80
      vertex -78.49500000476837 25.734999999403954 -80.75
    endloop
  endfacet
  facet normal -0.7933533402912353 -0.6087614290087207 0
    outer loop
      vertex -76.91945554337724 22.61 -80.75
      vertex -77.03266928784828 22.75754302434902 -79.25
      vertex -77.03266928784828 22.75754302434902 -80
    endloop
  endfacet
  facet normal -0.7933533402912353 -0.6087614290087207 0
    outer loop
      vertex -76.91945554337724 22.61 -80.75
      vertex -76.91945554337724 22.61 -79.25
      vertex -77.03266928784828 22.75754302434902 -79.25
    endloop
  endfacet
  facet normal -0.793353340291235 -0.6087614290087207 2.025178325445201e-17
    outer loop
      vertex -76.91945554337724 22.61 -80.75
      vertex -77.03266928784828 22.75754302434902 -80
      vertex -77.19756313292355 22.972436867076457 -80.75
    endloop
  endfacet
  facet normal -0.7933533402912352 -0.6087614290087208 0
    outer loop
      vertex -77.03266928784828 22.75754302434902 -80
      vertex -77.19756313292355 22.972436867076457 -80
      vertex -77.19756313292355 22.972436867076457 -80.75
    endloop
  endfacet
  facet normal -0.6087614290087244 -0.7933533402912322 0
    outer loop
      vertex -77.56 23.250544456622766 -80.75
      vertex -77.19756313292355 22.972436867076457 -80.75
      vertex -77.19756313292355 22.972436867076457 -80
    endloop
  endfacet
  facet normal 0 0 -1
    outer loop
      vertex -77.56 -20.219455543377233 -80.75
      vertex -76.74462980399413 21.282066671070588 -80.75
      vertex 76.74462980399413 21.282066671070588 -80.75
    endloop
  endfacet
  facet normal 0 0 1
    outer loop
      vertex -75.10000000149012 -18.350000001490116 -79.25
      vertex 75.10000000149012 20.824873737990856 -79.25
      vertex -75.10000000149012 20.824873737990856 -79.25
    endloop
  endfacet
  facet normal 0 0 -1
    outer loop
      vertex -76.74462980399413 21.282066671070588 -80.75
      vertex -76.685 21.735 -80.75
      vertex 76.74462980399413 21.282066671070588 -80.75
    endloop
  endfacet
  facet normal 0 0 -1
    outer loop
      vertex -76.685 21.735 -80.75
      vertex -76.74462980399413 22.18793332892941 -80.75
      vertex 76.685 21.735 -80.75
    endloop
  endfacet
  facet normal 0 0 1
    outer loop
      vertex -75.10000000149012 20.824873737990856 -79.25
      vertex 75.10000000149012 20.824873737990856 -79.25
      vertex -75.10000000149012 24.25500000268221 -79.25
    endloop
  endfacet
  facet normal 0 0 -1
    outer loop
      vertex -76.74462980399413 22.18793332892941 -80.75
      vertex -76.91945554337724 22.61 -80.75
      vertex 76.91945554337724 22.61 -80.75
    endloop
  endfacet
  facet normal 0 0 -1
    outer loop
      vertex -81.96976978331804 23.652303144335747 -80.75
      vertex -81.77099027484655 23.983946718275547 -80.75
      vertex 81.28100072592497 24.581000722944736 -80.75
    endloop
  endfacet
  facet normal 0 0 -1
    outer loop
      vertex -81.96976978331804 23.652303144335747 -80.75
      vertex 81.54066119343042 24.294509544968605 -80.75
      vertex -78.435 23.485 -80.75
    endloop
  endfacet
  facet normal 0 0 -1
    outer loop
      vertex -81.77099027484655 23.983946718275547 -80.75
      vertex -81.54066119343042 24.294509544968605 -80.75
      vertex 80.99450954794884 24.84066119045019 -80.75
    endloop
  endfacet
  facet normal 0 0 -1
    outer loop
      vertex -81.54066119343042 24.294509544968605 -80.75
      vertex -81.28100072592497 24.581000722944736 -80.75
      vertex 80.68394672125578 25.07099027186632 -80.75
    endloop
  endfacet
  facet normal 0 0 -1
    outer loop
      vertex -81.28100072592497 24.581000722944736 -80.75
      vertex -80.99450954794884 24.84066119045019 -80.75
      vertex 80.35230314731598 25.26976978033781 -80.75
    endloop
  endfacet
  facet normal 0 0 -1
    outer loop
      vertex -80.99450954794884 24.84066119045019 -80.75
      vertex -80.68394672125578 25.07099027186632 -80.75
      vertex 80.00277272611856 25.435085356235504 -80.75
    endloop
  endfacet
  facet normal 0 0 -1
    outer loop
      vertex -80.68394672125578 25.07099027186632 -80.75
      vertex -80.35230314731598 25.26976978033781 -80.75
      vertex 79.63872162997723 25.56534492224455 -80.75
    endloop
  endfacet
  facet normal 0 0 -1
    outer loop
      vertex -80.35230314731598 25.26976978033781 -80.75
      vertex -80.00277272611856 25.435085356235504 -80.75
      vertex 79.26365587115288 25.65929400920868 -80.75
    endloop
  endfacet
  facet normal 0 0 -1
    outer loop
      vertex -80.00277272611856 25.435085356235504 -80.75
      vertex -79.63872162997723 25.56534492224455 -80.75
      vertex 78.88118753582239 25.716027826070786 -80.75
    endloop
  endfacet
  facet normal 0 0 -1
    outer loop
      vertex -79.63872162997723 25.56534492224455 -80.75
      vertex -79.26365587115288 25.65929400920868 -80.75
      vertex 78.49500000476837 25.734999999403954 -80.75
    endloop
  endfacet
  facet normal 0 0 -1
    outer loop
      vertex -79.26365587115288 25.65929400920868 -80.75
      vertex -78.49500000476837 25.734999999403954 -80.75
      vertex 78.49500000476837 25.734999999403954 -80.75
    endloop
  endfacet
  facet normal 0 1 0
    outer loop
      vertex -78.49500000476837 25.734999999403954 -80.75
      vertex -78.49500000476837 25.734999999403954 -80
      vertex 78.49500000476837 25.734999999403954 -80.75
    endloop
  endfacet
  facet normal 0 0 -1
    outer loop
      vertex -76.91945554337724 22.61 -80.75
      vertex -77.19756313292355 22.972436867076457 -80.75
      vertex 81.96976978331804 23.652303144335747 -80.75
    endloop
  endfacet
  facet normal 0 0 -1
    outer loop
      vertex -78.435 23.485 -80.75
      vertex 81.54066119343042 24.294509544968605 -80.75
      vertex -77.9820666710706 23.42537019600587 -80.75
    endloop
  endfacet
  facet normal 0 0 -1
    outer loop
      vertex -77.56 23.250544456622766 -80.75
      vertex -77.9820666710706 23.42537019600587 -80.75
      vertex 81.77099027484655 23.983946718275547 -80.75
    endloop
  endfacet
  facet normal 0 0 -1
    outer loop
      vertex -77.56 23.250544456622766 -80.75
      vertex 81.77099027484655 23.983946718275547 -80.75
      vertex -77.19756313292355 22.972436867076457 -80.75
    endloop
  endfacet
  facet normal 0 0 1
    outer loop
      vertex 41.70000000298023 -24.450000002384186 -79.25
      vertex 41.70000000298023 -21.090000002980233 -79.25
      vertex -41.70000000298023 -24.450000002384186 -79.25
    endloop
  endfacet
  facet normal 0 0 1
    outer loop
      vertex -75.10000000149012 -20.899999998509884 -79.25
      vertex 41.70000000298023 -21.090000002980233 -79.25
      vertex 76.82418642279697 -21.090000002980233 -79.25
    endloop
  endfacet
  facet normal 0 0 -1
    outer loop
      vertex -81.77099027484655 -23.983946718275547 -80.75
      vertex 77.19756313292355 -22.972436867076457 -80.75
      vertex 77.56 -23.250544456622766 -80.75
    endloop
  endfacet
  facet normal 0 0 -1
    outer loop
      vertex -81.77099027484655 -23.983946718275547 -80.75
      vertex 77.56 -23.250544456622766 -80.75
      vertex 77.9820666710706 -23.42537019600587 -80.75
    endloop
  endfacet
  facet normal 0 0 -1
    outer loop
      vertex -81.54066119343042 -24.294509544968605 -80.75
      vertex 77.9820666710706 -23.42537019600587 -80.75
      vertex 78.435 -23.485 -80.75
    endloop
  endfacet
  facet normal 0 0 -1
    outer loop
      vertex -81.96976978331804 -23.652303144335747 -80.75
      vertex 76.91945554337724 -22.61 -80.75
      vertex 77.19756313292355 -22.972436867076457 -80.75
    endloop
  endfacet
  facet normal 0 0 -1
    outer loop
      vertex -78.49500000476837 -25.734999999403954 -80.75
      vertex 79.26365587115288 -25.65929400920868 -80.75
      vertex 78.49500000476837 -25.734999999403954 -80.75
    endloop
  endfacet
  facet normal 0 -1 0
    outer loop
      vertex 78.49500000476837 -25.734999999403954 -80.75
      vertex 43 -25.734999999403954 -80
      vertex -43 -25.734999999403954 -80
    endloop
  endfacet
  facet normal 0 0 -1
    outer loop
      vertex -78.49500000476837 -25.734999999403954 -80.75
      vertex 79.63872162997723 -25.56534492224455 -80.75
      vertex 79.26365587115288 -25.65929400920868 -80.75
    endloop
  endfacet
  facet normal 0 0 -1
    outer loop
      vertex -78.88118753582239 -25.716027826070786 -80.75
      vertex 80.00277272611856 -25.435085356235504 -80.75
      vertex 79.63872162997723 -25.56534492224455 -80.75
    endloop
  endfacet
  facet normal 0 0 -1
    outer loop
      vertex -79.26365587115288 -25.65929400920868 -80.75
      vertex 80.35230314731598 -25.26976978033781 -80.75
      vertex 80.00277272611856 -25.435085356235504 -80.75
    endloop
  endfacet
  facet normal 0 0 -1
    outer loop
      vertex -79.63872162997723 -25.56534492224455 -80.75
      vertex 80.68394672125578 -25.07099027186632 -80.75
      vertex 80.35230314731598 -25.26976978033781 -80.75
    endloop
  endfacet
  facet normal 0 0 -1
    outer loop
      vertex -80.00277272611856 -25.435085356235504 -80.75
      vertex 80.99450954794884 -24.84066119045019 -80.75
      vertex 80.68394672125578 -25.07099027186632 -80.75
    endloop
  endfacet
  facet normal 0 0 -1
    outer loop
      vertex -80.35230314731598 -25.26976978033781 -80.75
      vertex 81.28100072592497 -24.581000722944736 -80.75
      vertex 80.99450954794884 -24.84066119045019 -80.75
    endloop
  endfacet
  facet normal 0 0 -1
    outer loop
      vertex -80.68394672125578 -25.07099027186632 -80.75
      vertex 81.54066119343042 -24.294509544968605 -80.75
      vertex 81.28100072592497 -24.581000722944736 -80.75
    endloop
  endfacet
  facet normal 0 0 -1
    outer loop
      vertex -80.99450954794884 -24.84066119045019 -80.75
      vertex 81.77099027484655 -23.983946718275547 -80.75
      vertex 81.54066119343042 -24.294509544968605 -80.75
    endloop
  endfacet
  facet normal 0 0 -1
    outer loop
      vertex -81.54066119343042 -24.294509544968605 -80.75
      vertex 78.435 -23.485 -80.75
      vertex 81.96976978331804 -23.652303144335747 -80.75
    endloop
  endfacet
  facet normal 0 0 -1
    outer loop
      vertex -81.28100072592497 -24.581000722944736 -80.75
      vertex 81.96976978331804 -23.652303144335747 -80.75
      vertex 81.77099027484655 -23.983946718275547 -80.75
    endloop
  endfacet
  facet normal 0 0 -1
    outer loop
      vertex -76.91945554337724 -22.61 -80.75
      vertex 76.74462980399413 -22.18793332892941 -80.75
      vertex 76.91945554337724 -22.61 -80.75
    endloop
  endfacet
  facet normal 0 0 -1
    outer loop
      vertex -76.685 -21.735 -80.75
      vertex 76.685 -21.735 -80.75
      vertex 76.74462980399413 -22.18793332892941 -80.75
    endloop
  endfacet
  facet normal 0 0 -1
    outer loop
      vertex -76.74462980399413 -21.282066671070588 -80.75
      vertex 76.74462980399413 -21.282066671070588 -80.75
      vertex 76.685 -21.735 -80.75
    endloop
  endfacet
  facet normal 0 0 1
    outer loop
      vertex -75.10000000149012 -20.899999998509884 -79.25
      vertex 76.82418642279697 -21.090000002980233 -79.25
      vertex 75.10000000149012 -20.899999998509884 -79.25
    endloop
  endfacet
  facet normal 0 0 1
    outer loop
      vertex -75.10000000149012 -18.350000001490116 -79.25
      vertex 75.10000000149012 -20.899999998509884 -79.25
      vertex 75.10000000149012 -18.350000001490116 -79.25
    endloop
  endfacet
  facet normal 0 0 -1
    outer loop
      vertex -76.74462980399413 -21.282066671070588 -80.75
      vertex 77.56 20.219455543377233 -80.75
      vertex 76.74462980399413 -21.282066671070588 -80.75
    endloop
  endfacet
  facet normal 0 0 1
    outer loop
      vertex -75.10000000149012 -18.350000001490116 -79.25
      vertex 75.10000000149012 -18.350000001490116 -79.25
      vertex 77.19756313292355 20.497563132923542 -79.25
    endloop
  endfacet
  facet normal 0 -1 0
    outer loop
      vertex 75.10000000149012 -25.734999999403954 -79.25
      vertex 43 -25.734999999403954 -79.25
      vertex 43 -25.734999999403954 -80
    endloop
  endfacet
  facet normal 0 0 1
    outer loop
      vertex 75.10000000149012 -22.600000001490116 -79.25
      vertex 43 -22.39 -79.25
      vertex 43 -25.734999999403954 -79.25
    endloop
  endfacet
  facet normal 0 -1 0
    outer loop
      vertex 75.10000000149012 -25.734999999403954 -80
      vertex 75.10000000149012 -25.734999999403954 -79.25
      vertex 43 -25.734999999403954 -80
    endloop
  endfacet
  facet normal 0 0 1
    outer loop
      vertex 75.10000000149012 -25.734999999403954 -79.25
      vertex 75.10000000149012 -22.600000001490116 -79.25
      vertex 43 -25.734999999403954 -79.25
    endloop
  endfacet
  facet normal 0 -1 0
    outer loop
      vertex 75.10000000149012 -25.734999999403954 -80
      vertex 43 -25.734999999403954 -80
      vertex 78.49500000476837 -25.734999999403954 -80.75
    endloop
  endfacet
  facet normal 0 0 1
    outer loop
      vertex 75.10000000149012 -22.600000001490116 -79.25
      vertex 76.91531340837074 -22.600000001490116 -79.25
      vertex 43 -22.39 -79.25
    endloop
  endfacet
  facet normal 0 0 1
    outer loop
      vertex 76.91531340837074 -22.600000001490116 -79.25
      vertex 76.82832855965516 -22.39 -79.25
      vertex 43 -22.39 -79.25
    endloop
  endfacet
  facet normal 0.6087614290087244 0.7933533402912322 0
    outer loop
      vertex 77.19756313292355 -22.972436867076457 -80.75
      vertex 77.19756313292355 -22.972436867076457 -80
      vertex 77.56 -23.250544456622766 -80.75
    endloop
  endfacet
  facet normal 0.793353340291235 0.6087614290087207 0
    outer loop
      vertex 77.19756313292355 -22.972436867076457 -80.75
      vertex 76.91945554337724 -22.61 -80
      vertex 77.19756313292355 -22.972436867076457 -80
    endloop
  endfacet
  facet normal 0.793353340291235 0.6087614290087207 0
    outer loop
      vertex 77.19756313292355 -22.972436867076457 -80.75
      vertex 76.91945554337724 -22.61 -80.75
      vertex 76.91945554337724 -22.61 -80
    endloop
  endfacet
  facet normal 0.9238795325113125 0.3826834323650277 0
    outer loop
      vertex 76.91945554337724 -22.61 -80.75
      vertex 76.91531340837074 -22.600000001490116 -80
      vertex 76.91945554337724 -22.61 -80
    endloop
  endfacet
  facet normal 0.9238795325112895 0.38268343236508306 -8.647769832214214e-16
    outer loop
      vertex 76.91945554337724 -22.61 -80.75
      vertex 76.82832855965516 -22.39 -79.25
      vertex 76.91531340837074 -22.600000001490116 -80
    endloop
  endfacet
  facet normal 0 -1 0
    outer loop
      vertex 75.10000000149012 -25.734999999403954 -80
      vertex 78.49500000476837 -25.734999999403954 -80.75
      vertex 78.49500000476837 -25.734999999403954 -80
    endloop
  endfacet
  facet normal 0.04906766532874333 -0.9987954566472489 0
    outer loop
      vertex 78.49500000476837 -25.734999999403954 -80.75
      vertex 78.88118753582239 -25.716027826070786 -80
      vertex 78.49500000476837 -25.734999999403954 -80
    endloop
  endfacet
  facet normal 0.04906766532874333 -0.9987954566472489 0
    outer loop
      vertex 78.49500000476837 -25.734999999403954 -80.75
      vertex 78.88118753582239 -25.716027826070786 -80.75
      vertex 78.88118753582239 -25.716027826070786 -80
    endloop
  endfacet
  facet normal 0 0 -1
    outer loop
      vertex 78.49500000476837 -25.734999999403954 -80.75
      vertex 79.26365587115288 -25.65929400920868 -80.75
      vertex 78.88118753582239 -25.716027826070786 -80.75
    endloop
  endfacet
  facet normal 0.14673047101046435 -0.9891765104757831 0
    outer loop
      vertex 78.88118753582239 -25.716027826070786 -80.75
      vertex 79.26365587115288 -25.65929400920868 -80.75
      vertex 79.26365587115288 -25.65929400920868 -80
    endloop
  endfacet
  facet normal 0.14673047101046435 -0.9891765104757831 0
    outer loop
      vertex 78.88118753582239 -25.716027826070786 -80.75
      vertex 79.26365587115288 -25.65929400920868 -80
      vertex 78.88118753582239 -25.716027826070786 -80
    endloop
  endfacet
  facet normal 0.24298019247130095 -0.9700312500464147 0
    outer loop
      vertex 79.26365587115288 -25.65929400920868 -80.75
      vertex 79.63872162997723 -25.56534492224455 -80.75
      vertex 79.63872162997723 -25.56534492224455 -80
    endloop
  endfacet
  facet normal 0.24298019247130095 -0.9700312500464147 0
    outer loop
      vertex 79.26365587115288 -25.65929400920868 -80.75
      vertex 79.63872162997723 -25.56534492224455 -80
      vertex 79.26365587115288 -25.65929400920868 -80
    endloop
  endfacet
  facet normal 0.3368898555906379 -0.9415440643964144 0
    outer loop
      vertex 79.63872162997723 -25.56534492224455 -80.75
      vertex 80.00277272611856 -25.435085356235504 -80.75
      vertex 80.00277272611856 -25.435085356235504 -80
    endloop
  endfacet
  facet normal 0.3368898555906379 -0.9415440643964144 0
    outer loop
      vertex 79.63872162997723 -25.56534492224455 -80.75
      vertex 80.00277272611856 -25.435085356235504 -80
      vertex 79.63872162997723 -25.56534492224455 -80
    endloop
  endfacet
  facet normal 0.4275550904055492 -0.9039892945540355 0
    outer loop
      vertex 80.00277272611856 -25.435085356235504 -80.75
      vertex 80.35230314731598 -25.26976978033781 -80
      vertex 80.00277272611856 -25.435085356235504 -80
    endloop
  endfacet
  facet normal 0.4275550904055492 -0.9039892945540355 0
    outer loop
      vertex 80.00277272611856 -25.435085356235504 -80.75
      vertex 80.35230314731598 -25.26976978033781 -80.75
      vertex 80.35230314731598 -25.26976978033781 -80
    endloop
  endfacet
  facet normal 0.5141027442848138 -0.8577286099453738 0
    outer loop
      vertex 80.35230314731598 -25.26976978033781 -80.75
      vertex 80.68394672125578 -25.07099027186632 -80
      vertex 80.35230314731598 -25.26976978033781 -80
    endloop
  endfacet
  facet normal 0.5141027442848138 -0.8577286099453738 0
    outer loop
      vertex 80.35230314731598 -25.26976978033781 -80.75
      vertex 80.68394672125578 -25.07099027186632 -80.75
      vertex 80.68394672125578 -25.07099027186632 -80
    endloop
  endfacet
  facet normal 0.5956992900553765 -0.8032075421878958 0
    outer loop
      vertex 80.68394672125578 -25.07099027186632 -80.75
      vertex 80.99450954794884 -24.84066119045019 -80
      vertex 80.68394672125578 -25.07099027186632 -80
    endloop
  endfacet
  facet normal 0.5956992900553765 -0.8032075421878958 0
    outer loop
      vertex 80.68394672125578 -25.07099027186632 -80.75
      vertex 80.99450954794884 -24.84066119045019 -80.75
      vertex 80.99450954794884 -24.84066119045019 -80
    endloop
  endfacet
  facet normal 0.6715589539919945 -0.7409511261299075 0
    outer loop
      vertex 80.99450954794884 -24.84066119045019 -80.75
      vertex 81.28100072592497 -24.581000722944736 -80
      vertex 80.99450954794884 -24.84066119045019 -80
    endloop
  endfacet
  facet normal 0.6715589539919945 -0.7409511261299075 0
    outer loop
      vertex 80.99450954794884 -24.84066119045019 -80.75
      vertex 81.28100072592497 -24.581000722944736 -80.75
      vertex 81.28100072592497 -24.581000722944736 -80
    endloop
  endfacet
  facet normal 0.7409511261299075 -0.6715589539919945 0
    outer loop
      vertex 81.28100072592497 -24.581000722944736 -80.75
      vertex 81.54066119343042 -24.294509544968605 -80
      vertex 81.28100072592497 -24.581000722944736 -80
    endloop
  endfacet
  facet normal 0.7409511261299075 -0.6715589539919945 0
    outer loop
      vertex 81.28100072592497 -24.581000722944736 -80.75
      vertex 81.54066119343042 -24.294509544968605 -80.75
      vertex 81.54066119343042 -24.294509544968605 -80
    endloop
  endfacet
  facet normal 0.8032075421878958 -0.5956992900553765 0
    outer loop
      vertex 81.54066119343042 -24.294509544968605 -80.75
      vertex 81.77099027484655 -23.983946718275547 -80
      vertex 81.54066119343042 -24.294509544968605 -80
    endloop
  endfacet
  facet normal 0.3826834323650856 0.9238795325112884 0
    outer loop
      vertex 77.9820666710706 -23.42537019600587 -80.75
      vertex 77.56 -23.250544456622766 -80
      vertex 77.9820666710706 -23.42537019600587 -80
    endloop
  endfacet
  facet normal 0.1305261922200546 0.99144486137381 -3.5820341631312465e-15
    outer loop
      vertex 77.9820666710706 -23.42537019600587 -80.75
      vertex 78.02426598733138 -23.430925841388078 -80
      vertex 78.435 -23.485 -80.75
    endloop
  endfacet
  facet normal 0.130526192219992 0.9914448613738182 0
    outer loop
      vertex 77.9820666710706 -23.42537019600587 -80.75
      vertex 77.9820666710706 -23.42537019600587 -80
      vertex 78.02426598733138 -23.430925841388078 -80
    endloop
  endfacet
  facet normal -0.1305261922200546 0.99144486137381 0
    outer loop
      vertex 78.435 -23.485 -80.75
      vertex 78.435 -23.485 -79.25
      vertex 78.8879333289294 -23.42537019600587 -80.75
    endloop
  endfacet
  facet normal 0.130526192220061 0.991444861373809 0
    outer loop
      vertex 78.435 -23.485 -80.75
      vertex 78.02426598733138 -23.430925841388078 -80
      vertex 78.435 -23.485 -79.25
    endloop
  endfacet
  facet normal 0.130526192220061 0.991444861373809 0
    outer loop
      vertex 78.02426598733138 -23.430925841388078 -80
      vertex 78.02426598733138 -23.430925841388078 -79.25
      vertex 78.435 -23.485 -79.25
    endloop
  endfacet
  facet normal 0 0 1
    outer loop
      vertex 78.04706667363644 -23.440370194613934 -79.25
      vertex 78.435 -23.485 -79.25
      vertex 78.02426598733138 -23.430925841388078 -79.25
    endloop
  endfacet
  facet normal 0 0 1
    outer loop
      vertex 78.04706667363644 -23.440370194613934 -79.25
      vertex 78.5 -23.5 -79.25
      vertex 78.435 -23.485 -79.25
    endloop
  endfacet
  facet normal 0 0 1
    outer loop
      vertex 78.435 -23.485 -79.25
      vertex 78.5 -23.5 -79.25
      vertex 78.8879333289294 -23.42537019600587 -79.25
    endloop
  endfacet
  facet normal -0.3826834323650856 0.9238795325112884 0
    outer loop
      vertex 78.8879333289294 -23.42537019600587 -80.75
      vertex 78.8879333289294 -23.42537019600587 -79.25
      vertex 79.31 -23.250544456622766 -80.75
    endloop
  endfacet
  facet normal -0.1305261922200546 0.99144486137381 0
    outer loop
      vertex 78.435 -23.485 -79.25
      vertex 78.8879333289294 -23.42537019600587 -79.25
      vertex 78.8879333289294 -23.42537019600587 -80.75
    endloop
  endfacet
  facet normal 0 0 -1
    outer loop
      vertex 78.435 -23.485 -80.75
      vertex 78.8879333289294 -23.42537019600587 -80.75
      vertex 81.96976978331804 -23.652303144335747 -80.75
    endloop
  endfacet
  facet normal 0 0 1
    outer loop
      vertex 78.5 -23.5 -79.25
      vertex 78.95293332636356 -23.440370194613934 -79.25
      vertex 78.8879333289294 -23.42537019600587 -79.25
    endloop
  endfacet
  facet normal 0 0 1
    outer loop
      vertex 78.95293332636356 -23.440370194613934 -79.25
      vertex 79.31 -23.250544456622766 -79.25
      vertex 78.8879333289294 -23.42537019600587 -79.25
    endloop
  endfacet
  facet normal 0.6087614290087244 0.7933533402912322 0
    outer loop
      vertex 77.19756313292355 -22.972436867076457 -80
      vertex 77.56 -23.250544456622766 -80
      vertex 77.56 -23.250544456622766 -80.75
    endloop
  endfacet
  facet normal 0.3826834323650856 0.9238795325112884 0
    outer loop
      vertex 77.9820666710706 -23.42537019600587 -80.75
      vertex 77.56 -23.250544456622766 -80.75
      vertex 77.56 -23.250544456622766 -80
    endloop
  endfacet
  facet normal -0.3826834323650856 0.9238795325112884 0
    outer loop
      vertex 78.8879333289294 -23.42537019600587 -79.25
      vertex 79.31 -23.250544456622766 -79.25
      vertex 79.31 -23.250544456622766 -80.75
    endloop
  endfacet
  facet normal -0.6087614290087244 0.7933533402912322 0
    outer loop
      vertex 79.31 -23.250544456622766 -80.75
      vertex 79.31 -23.250544456622766 -79.25
      vertex 79.67243686707646 -22.972436867076457 -80.75
    endloop
  endfacet
  facet normal -0.6087614290087244 0.7933533402912322 0
    outer loop
      vertex 79.67243686707646 -22.972436867076457 -80.75
      vertex 79.31 -23.250544456622766 -79.25
      vertex 79.67243686707646 -22.972436867076457 -79.25
    endloop
  endfacet
  facet normal 0 0 1
    outer loop
      vertex 78.95293332636356 -23.440370194613934 -79.25
      vertex 79.375 -23.265544459223747 -79.25
      vertex 79.31 -23.250544456622766 -79.25
    endloop
  endfacet
  facet normal 0 0 1
    outer loop
      vertex 79.31 -23.250544456622766 -79.25
      vertex 79.375 -23.265544459223747 -79.25
      vertex 79.67243686707646 -22.972436867076457 -79.25
    endloop
  endfacet
  facet normal 0 0 1
    outer loop
      vertex 79.375 -23.265544459223747 -79.25
      vertex 79.73743686825037 -22.98743686825037 -79.25
      vertex 79.67243686707646 -22.972436867076457 -79.25
    endloop
  endfacet
  facet normal -0.793353340291235 0.6087614290087207 0
    outer loop
      vertex 79.67243686707646 -22.972436867076457 -80.75
      vertex 79.67243686707646 -22.972436867076457 -79.25
      vertex 79.95054445662277 -22.61 -80.75
    endloop
  endfacet
  facet normal -0.793353340291235 0.6087614290087207 0
    outer loop
      vertex 79.67243686707646 -22.972436867076457 -79.25
      vertex 79.95054445662277 -22.61 -79.25
      vertex 79.95054445662277 -22.61 -80.75
    endloop
  endfacet
  facet normal 0 0 1
    outer loop
      vertex 79.73743686825037 -22.98743686825037 -79.25
      vertex 79.95054445662277 -22.61 -79.25
      vertex 79.67243686707646 -22.972436867076457 -79.25
    endloop
  endfacet
  facet normal 0 0 1
    outer loop
      vertex 79.73743686825037 -22.98743686825037 -79.25
      vertex 80.01554445922375 -22.625 -79.25
      vertex 79.95054445662277 -22.61 -79.25
    endloop
  endfacet
  facet normal 0 0 -1
    outer loop
      vertex 78.8879333289294 -23.42537019600587 -80.75
      vertex 79.31 -23.250544456622766 -80.75
      vertex 81.96976978331804 -23.652303144335747 -80.75
    endloop
  endfacet
  facet normal 0 0 -1
    outer loop
      vertex 79.31 -23.250544456622766 -80.75
      vertex 82.13508535921574 -23.302772723138332 -80.75
      vertex 81.96976978331804 -23.652303144335747 -80.75
    endloop
  endfacet
  facet normal 0.8032075421878958 -0.5956992900553765 0
    outer loop
      vertex 81.54066119343042 -24.294509544968605 -80.75
      vertex 81.77099027484655 -23.983946718275547 -80.75
      vertex 81.77099027484655 -23.983946718275547 -80
    endloop
  endfacet
  facet normal 0.8577286099453738 -0.5141027442848138 0
    outer loop
      vertex 81.77099027484655 -23.983946718275547 -80.75
      vertex 81.96976978331804 -23.652303144335747 -80
      vertex 81.77099027484655 -23.983946718275547 -80
    endloop
  endfacet
  facet normal 0.8577286099453738 -0.5141027442848138 0
    outer loop
      vertex 81.77099027484655 -23.983946718275547 -80.75
      vertex 81.96976978331804 -23.652303144335747 -80.75
      vertex 81.96976978331804 -23.652303144335747 -80
    endloop
  endfacet
  facet normal 0.9039892945540355 -0.4275550904055492 0
    outer loop
      vertex 81.96976978331804 -23.652303144335747 -80.75
      vertex 82.13508535921574 -23.302772723138332 -80
      vertex 81.96976978331804 -23.652303144335747 -80
    endloop
  endfacet
  facet normal 0.9039892945540355 -0.4275550904055492 0
    outer loop
      vertex 81.96976978331804 -23.652303144335747 -80.75
      vertex 82.13508535921574 -23.302772723138332 -80.75
      vertex 82.13508535921574 -23.302772723138332 -80
    endloop
  endfacet
  facet normal 0 0 -1
    outer loop
      vertex 79.31 -23.250544456622766 -80.75
      vertex 79.67243686707646 -22.972436867076457 -80.75
      vertex 82.13508535921574 -23.302772723138332 -80.75
    endloop
  endfacet
  facet normal 0 0 -1
    outer loop
      vertex 79.67243686707646 -22.972436867076457 -80.75
      vertex 79.95054445662277 -22.61 -80.75
      vertex 82.13508535921574 -23.302772723138332 -80.75
    endloop
  endfacet
  facet normal 0 0 -1
    outer loop
      vertex 79.95054445662277 -22.61 -80.75
      vertex 80.12537019600587 -22.18793332892941 -80.75
      vertex 82.26534492522478 -22.938721626996994 -80.75
    endloop
  endfacet
  facet normal 0 0 -1
    outer loop
      vertex 79.95054445662277 -22.61 -80.75
      vertex 82.26534492522478 -22.938721626996994 -80.75
      vertex 82.13508535921574 -23.302772723138332 -80.75
    endloop
  endfacet
  facet normal 0.9415440643964144 -0.3368898555906379 0
    outer loop
      vertex 82.13508535921574 -23.302772723138332 -80.75
      vertex 82.26534492522478 -22.938721626996994 -80
      vertex 82.13508535921574 -23.302772723138332 -80
    endloop
  endfacet
  facet normal 0.9415440643964144 -0.3368898555906379 0
    outer loop
      vertex 82.13508535921574 -23.302772723138332 -80.75
      vertex 82.26534492522478 -22.938721626996994 -80.75
      vertex 82.26534492522478 -22.938721626996994 -80
    endloop
  endfacet
  facet normal 0 0 -1
    outer loop
      vertex 82.26534492522478 -22.938721626996994 -80.75
      vertex 80.12537019600587 -22.18793332892941 -80.75
      vertex 82.35929401218891 -22.563655868172646 -80.75
    endloop
  endfacet
  facet normal 0.9700312500464147 -0.24298019247130095 0
    outer loop
      vertex 82.26534492522478 -22.938721626996994 -80.75
      vertex 82.35929401218891 -22.563655868172646 -80
      vertex 82.26534492522478 -22.938721626996994 -80
    endloop
  endfacet
  facet normal 0.9700312500464147 -0.24298019247130095 0
    outer loop
      vertex 82.26534492522478 -22.938721626996994 -80.75
      vertex 82.35929401218891 -22.563655868172646 -80.75
      vertex 82.35929401218891 -22.563655868172646 -80
    endloop
  endfacet
  facet normal 0.9238795325112806 0.3826834323651044 8.44499361710642e-15
    outer loop
      vertex 76.91945554337724 -22.61 -80.75
      vertex 76.74462980399413 -22.18793332892941 -80.75
      vertex 76.82832855965515 -22.39 -80
    endloop
  endfacet
  facet normal 0.9238795325112495 0.38268343236518 -1.750315925010421e-14
    outer loop
      vertex 76.91945554337724 -22.61 -80.75
      vertex 76.82832855965515 -22.39 -80
      vertex 76.82832855965516 -22.39 -79.25
    endloop
  endfacet
  facet normal 0.9238795325112906 0.38268343236508046 0
    outer loop
      vertex 76.91531340837074 -22.600000001490116 -80
      vertex 76.82832855965516 -22.39 -79.25
      vertex 76.91531340837074 -22.600000001490116 -79.25
    endloop
  endfacet
  facet normal 0.9238795325112917 0.3826834323650776 0
    outer loop
      vertex 76.74462980399413 -22.18793332892941 -80.75
      vertex 76.74462980399413 -22.18793332892941 -80
      vertex 76.82832855965515 -22.39 -80
    endloop
  endfacet
  facet normal 0.9914448613738113 0.13052619222004494 0
    outer loop
      vertex 76.74462980399413 -22.18793332892941 -80.75
      vertex 76.685 -21.735 -80.75
      vertex 76.74462980399413 -22.18793332892941 -80
    endloop
  endfacet
  facet normal 0.9914448613738113 0.13052619222004494 0
    outer loop
      vertex 76.685 -21.735 -80.75
      vertex 76.685 -21.735 -80
      vertex 76.74462980399413 -22.18793332892941 -80
    endloop
  endfacet
  facet normal 0.9914448613738113 -0.13052619222004494 0
    outer loop
      vertex 76.685 -21.735 -80.75
      vertex 76.74462980399413 -21.282066671070588 -80.75
      vertex 76.685 -21.735 -80
    endloop
  endfacet
  facet normal 0.9914448613738113 -0.13052619222004494 0
    outer loop
      vertex 76.74462980399413 -21.282066671070588 -80.75
      vertex 76.74462980399413 -21.282066671070588 -80
      vertex 76.685 -21.735 -80
    endloop
  endfacet
  facet normal 0.923879532511281 -0.38268343236510377 0
    outer loop
      vertex 76.74462980399413 -21.282066671070588 -80.75
      vertex 76.82418642279697 -21.090000002980233 -80
      vertex 76.74462980399413 -21.282066671070588 -80
    endloop
  endfacet
  facet normal 0.9238795325112883 -0.38268343236508595 -5.331004742264907e-15
    outer loop
      vertex 76.74462980399413 -21.282066671070588 -80.75
      vertex 76.90288700149954 -20.899999998509884 -80
      vertex 76.82418642279697 -21.090000002980233 -80
    endloop
  endfacet
  facet normal 0.9238795325112806 -0.3826834323651044 5.670499311246518e-15
    outer loop
      vertex 76.74462980399413 -21.282066671070588 -80.75
      vertex 76.91945554337724 -20.86 -80.75
      vertex 76.90288700149954 -20.899999998509884 -80
    endloop
  endfacet
  facet normal 0.9238795325112883 -0.38268343236508595 0
    outer loop
      vertex 76.90288700149954 -20.899999998509884 -79.25
      vertex 76.82418642279697 -21.090000002980233 -79.25
      vertex 76.82418642279697 -21.090000002980233 -80
    endloop
  endfacet
  facet normal 0.9238795325112883 -0.38268343236508595 0
    outer loop
      vertex 76.90288700149954 -20.899999998509884 -80
      vertex 76.90288700149954 -20.899999998509884 -79.25
      vertex 76.82418642279697 -21.090000002980233 -80
    endloop
  endfacet
  facet normal 0 0 1
    outer loop
      vertex 75.10000000149012 -20.899999998509884 -79.25
      vertex 76.82418642279697 -21.090000002980233 -79.25
      vertex 76.90288700149954 -20.899999998509884 -79.25
    endloop
  endfacet
  facet normal 0.9238795325112432 -0.38268343236519503 0
    outer loop
      vertex 76.91945554337724 -20.86 -80.75
      vertex 76.91945554337724 -20.86 -80
      vertex 76.90288700149954 -20.899999998509884 -80
    endloop
  endfacet
  facet normal 0.793353340291235 -0.6087614290087207 0
    outer loop
      vertex 76.91945554337724 -20.86 -80.75
      vertex 77.19756313292355 -20.497563132923542 -80.75
      vertex 76.91945554337724 -20.86 -80
    endloop
  endfacet
  facet normal 0.793353340291235 -0.6087614290087207 0
    outer loop
      vertex 76.91945554337724 -20.86 -80
      vertex 77.19756313292355 -20.497563132923542 -80.75
      vertex 77.19756313292355 -20.497563132923542 -80
    endloop
  endfacet
  facet normal 0.6087614290087244 -0.7933533402912322 0
    outer loop
      vertex 77.19756313292355 -20.497563132923542 -80.75
      vertex 77.56 -20.219455543377233 -80
      vertex 77.19756313292355 -20.497563132923542 -80
    endloop
  endfacet
  facet normal -0.9238795325112806 0.3826834323651044 0
    outer loop
      vertex 79.95054445662277 -22.61 -80.75
      vertex 79.95054445662277 -22.61 -79.25
      vertex 80.12537019600587 -22.18793332892941 -80.75
    endloop
  endfacet
  facet normal -0.9238795325112806 0.3826834323651044 0
    outer loop
      vertex 79.95054445662277 -22.61 -79.25
      vertex 80.12537019600587 -22.18793332892941 -79.25
      vertex 80.12537019600587 -22.18793332892941 -80.75
    endloop
  endfacet
  facet normal 0 0 1
    outer loop
      vertex 79.95054445662277 -22.61 -79.25
      vertex 80.01554445922375 -22.625 -79.25
      vertex 80.12537019600587 -22.18793332892941 -79.25
    endloop
  endfacet
  facet normal 0 0 1
    outer loop
      vertex 80.01554445922375 -22.625 -79.25
      vertex 80.19037019461393 -22.202933326363564 -79.25
      vertex 80.12537019600587 -22.18793332892941 -79.25
    endloop
  endfacet
  facet normal -0.9914448613738113 0.13052619222004494 0
    outer loop
      vertex 80.12537019600587 -22.18793332892941 -80.75
      vertex 80.12537019600587 -22.18793332892941 -79.25
      vertex 80.185 -21.735 -80.75
    endloop
  endfacet
  facet normal -0.9914448613738113 0.13052619222004494 0
    outer loop
      vertex 80.12537019600587 -22.18793332892941 -79.25
      vertex 80.185 -21.735 -79.25
      vertex 80.185 -21.735 -80.75
    endloop
  endfacet
  facet normal 0 0 -1
    outer loop
      vertex 80.12537019600587 -22.18793332892941 -80.75
      vertex 80.185 -21.735 -80.75
      vertex 82.41602782905102 -22.18118753284216 -80.75
    endloop
  endfacet
  facet normal 0 0 1
    outer loop
      vertex 80.12537019600587 -22.18793332892941 -79.25
      vertex 80.19037019461393 -22.202933326363564 -79.25
      vertex 80.185 -21.735 -79.25
    endloop
  endfacet
  facet normal 0 0 1
    outer loop
      vertex 80.19037019461393 -22.202933326363564 -79.25
      vertex 80.25 -21.75 -79.25
      vertex 80.185 -21.735 -79.25
    endloop
  endfacet
  facet normal 0 0 -1
    outer loop
      vertex 82.35929401218891 -22.563655868172646 -80.75
      vertex 80.12537019600587 -22.18793332892941 -80.75
      vertex 82.41602782905102 -22.18118753284216 -80.75
    endloop
  endfacet
  facet normal 0.9891765104757831 -0.14673047101046435 0
    outer loop
      vertex 82.35929401218891 -22.563655868172646 -80.75
      vertex 82.41602782905102 -22.18118753284216 -80
      vertex 82.35929401218891 -22.563655868172646 -80
    endloop
  endfacet
  facet normal 0.9891765104757831 -0.14673047101046435 0
    outer loop
      vertex 82.35929401218891 -22.563655868172646 -80.75
      vertex 82.41602782905102 -22.18118753284216 -80.75
      vertex 82.41602782905102 -22.18118753284216 -80
    endloop
  endfacet
  facet normal 0 0 -1
    outer loop
      vertex 80.185 -21.735 -80.75
      vertex 82.43500000238419 -21.79500000178814 -80.75
      vertex 82.41602782905102 -22.18118753284216 -80.75
    endloop
  endfacet
  facet normal 0.9987954566472489 -0.04906766532874333 0
    outer loop
      vertex 82.41602782905102 -22.18118753284216 -80.75
      vertex 82.43500000238419 -21.79500000178814 -80
      vertex 82.41602782905102 -22.18118753284216 -80
    endloop
  endfacet
  facet normal 0.9987954566472489 -0.04906766532874333 0
    outer loop
      vertex 82.41602782905102 -22.18118753284216 -80.75
      vertex 82.43500000238419 -21.79500000178814 -80.75
      vertex 82.43500000238419 -21.79500000178814 -80
    endloop
  endfacet
  facet normal -0.9914448613738113 -0.13052619222004494 0
    outer loop
      vertex 80.185 -21.735 -80.75
      vertex 80.185 -21.735 -79.25
      vertex 80.12537019600587 -21.282066671070588 -80.75
    endloop
  endfacet
  facet normal -0.9914448613738113 -0.13052619222004494 0
    outer loop
      vertex 80.185 -21.735 -79.25
      vertex 80.12537019600587 -21.282066671070588 -79.25
      vertex 80.12537019600587 -21.282066671070588 -80.75
    endloop
  endfacet
  facet normal 0 0 1
    outer loop
      vertex 80.185 -21.735 -79.25
      vertex 80.25 -21.75 -79.25
      vertex 80.19037019461393 -21.297066673636436 -79.25
    endloop
  endfacet
  facet normal 0 0 1
    outer loop
      vertex 80.185 -21.735 -79.25
      vertex 80.19037019461393 -21.297066673636436 -79.25
      vertex 80.12537019600587 -21.282066671070588 -79.25
    endloop
  endfacet
  facet normal -0.9238795325112806 -0.3826834323651044 0
    outer loop
      vertex 80.12537019600587 -21.282066671070588 -80.75
      vertex 80.12537019600587 -21.282066671070588 -79.25
      vertex 79.95054445662277 -20.86 -80.75
    endloop
  endfacet
  facet normal -0.9238795325112806 -0.3826834323651044 0
    outer loop
      vertex 80.12537019600587 -21.282066671070588 -79.25
      vertex 79.95054445662277 -20.86 -79.25
      vertex 79.95054445662277 -20.86 -80.75
    endloop
  endfacet
  facet normal 0 0 1
    outer loop
      vertex 80.12537019600587 -21.282066671070588 -79.25
      vertex 80.19037019461393 -21.297066673636436 -79.25
      vertex 79.95054445662277 -20.86 -79.25
    endloop
  endfacet
  facet normal 0 0 1
    outer loop
      vertex 80.19037019461393 -21.297066673636436 -79.25
      vertex 80.01554445922375 -20.875 -79.25
      vertex 79.95054445662277 -20.86 -79.25
    endloop
  endfacet
  facet normal 1 0 0
    outer loop
      vertex 82.43500000238419 -21.79500000178814 -80.75
      vertex 82.43500000238419 -20.277070696010558 -80
      vertex 82.43500000238419 -21.79500000178814 -80
    endloop
  endfacet
  facet normal 0.6087614290087244 -0.7933533402912322 0
    outer loop
      vertex 77.19756313292355 -20.497563132923542 -80.75
      vertex 77.56 -20.219455543377233 -80.75
      vertex 77.56 -20.219455543377233 -80
    endloop
  endfacet
  facet normal 0.3826834323650856 -0.9238795325112884 0
    outer loop
      vertex 77.56 -20.219455543377233 -80.75
      vertex 77.9820666710706 -20.04462980399413 -80
      vertex 77.56 -20.219455543377233 -80
    endloop
  endfacet
  facet normal -0.793353340291235 -0.6087614290087207 0
    outer loop
      vertex 79.67243686707646 -20.497563132923542 -80.75
      vertex 79.95054445662277 -20.86 -80.75
      vertex 79.95054445662277 -20.86 -79.25
    endloop
  endfacet
  facet normal -0.793353340291235 -0.6087614290087207 0
    outer loop
      vertex 79.67243686707646 -20.497563132923542 -80.75
      vertex 79.95054445662277 -20.86 -79.25
      vertex 79.67243686707646 -20.497563132923542 -79.25
    endloop
  endfacet
  facet normal 0 0 1
    outer loop
      vertex 79.67243686707646 -20.497563132923542 -79.25
      vertex 79.95054445662277 -20.86 -79.25
      vertex 80.01554445922375 -20.875 -79.25
    endloop
  endfacet
  facet normal 0 0 1
    outer loop
      vertex 79.67243686707646 -20.497563132923542 -79.25
      vertex 80.01554445922375 -20.875 -79.25
      vertex 79.73743686825037 -20.51256313174963 -79.25
    endloop
  endfacet
  facet normal -0.3826834323650856 -0.9238795325112884 0
    outer loop
      vertex 79.31 -20.219455543377233 -80.75
      vertex 79.31 -20.219455543377233 -79.25
      vertex 78.8879333289294 -20.04462980399413 -80.75
    endloop
  endfacet
  facet normal -0.6087614290087244 -0.7933533402912322 0
    outer loop
      vertex 79.67243686707646 -20.497563132923542 -80.75
      vertex 79.67243686707646 -20.497563132923542 -79.25
      vertex 79.31 -20.219455543377233 -80.75
    endloop
  endfacet
  facet normal -0.6087614290087244 -0.7933533402912322 0
    outer loop
      vertex 79.31 -20.219455543377233 -80.75
      vertex 79.67243686707646 -20.497563132923542 -79.25
      vertex 79.31 -20.219455543377233 -79.25
    endloop
  endfacet
  facet normal 0 0 1
    outer loop
      vertex 79.31 -20.219455543377233 -79.25
      vertex 79.375 -20.234455540776253 -79.25
      vertex 78.95293332636356 -20.059629805386066 -79.25
    endloop
  endfacet
  facet normal 0 0 1
    outer loop
      vertex 79.67243686707646 -20.497563132923542 -79.25
      vertex 79.73743686825037 -20.51256313174963 -79.25
      vertex 79.375 -20.234455540776253 -79.25
    endloop
  endfacet
  facet normal 0 0 1
    outer loop
      vertex 79.67243686707646 -20.497563132923542 -79.25
      vertex 79.375 -20.234455540776253 -79.25
      vertex 79.31 -20.219455543377233 -79.25
    endloop
  endfacet
  facet normal 0.3826834323650856 -0.9238795325112884 0
    outer loop
      vertex 77.56 -20.219455543377233 -80.75
      vertex 77.9820666710706 -20.04462980399413 -80.75
      vertex 77.9820666710706 -20.04462980399413 -80
    endloop
  endfacet
  facet normal 0.1305261922200546 -0.99144486137381 0
    outer loop
      vertex 77.9820666710706 -20.04462980399413 -80.75
      vertex 78.435 -19.985 -80
      vertex 77.9820666710706 -20.04462980399413 -80
    endloop
  endfacet
  facet normal 0.1305261922200546 -0.99144486137381 0
    outer loop
      vertex 77.9820666710706 -20.04462980399413 -80.75
      vertex 78.435 -19.985 -80.75
      vertex 78.435 -19.985 -80
    endloop
  endfacet
  facet normal -0.1305261922200546 -0.99144486137381 0
    outer loop
      vertex 78.435 -19.985 -80.75
      vertex 78.8879333289294 -20.04462980399413 -80
      vertex 78.435 -19.985 -80
    endloop
  endfacet
  facet normal -0.1305261922200546 -0.99144486137381 0
    outer loop
      vertex 78.435 -19.985 -80.75
      vertex 78.8879333289294 -20.04462980399413 -80.75
      vertex 78.8879333289294 -20.04462980399413 -80
    endloop
  endfacet
  facet normal -0.3826834323650006 -0.9238795325113237 0
    outer loop
      vertex 78.8879333289294 -20.04462980399413 -80.75
      vertex 78.91073402594081 -20.05407416192781 -80
      vertex 78.8879333289294 -20.04462980399413 -80
    endloop
  endfacet
  facet normal -0.38268343236509594 -0.9238795325112842 3.3603237346480934e-15
    outer loop
      vertex 79.31 -20.219455543377233 -79.25
      vertex 78.91073402594081 -20.05407416192781 -80
      vertex 78.8879333289294 -20.04462980399413 -80.75
    endloop
  endfacet
  facet normal -0.3826834323650905 -0.9238795325112864 0
    outer loop
      vertex 79.31 -20.219455543377233 -79.25
      vertex 78.91073402594081 -20.05407416192781 -79.25
      vertex 78.91073402594081 -20.05407416192781 -80
    endloop
  endfacet
  facet normal 0 0 1
    outer loop
      vertex 79.31 -20.219455543377233 -79.25
      vertex 78.95293332636356 -20.059629805386066 -79.25
      vertex 78.91073402594081 -20.05407416192781 -79.25
    endloop
  endfacet
  facet normal 1 0 0
    outer loop
      vertex 82.43500000238419 -21.79500000178814 -80.75
      vertex 82.43500000238419 -19.542929304287465 -80
      vertex 82.43500000238419 -20.277070696010558 -80
    endloop
  endfacet
  facet normal 1 0 0
    outer loop
      vertex 82.43500000238419 -20.277070696010558 -80
      vertex 82.43500000238419 -19.542929304287465 -80
      vertex 82.43500000238419 -20.277070696010558 -79.25
    endloop
  endfacet
  facet normal 1 0 0
    outer loop
      vertex 82.43500000238419 -20.277070696010558 -79.25
      vertex 82.43500000238419 -19.542929304287465 -80
      vertex 82.43500000238419 -19.542929304287465 -79.25
    endloop
  endfacet
  facet normal 0 0 1
    outer loop
      vertex 82.43500000238419 -20.277070696010558 -79.25
      vertex 82.43500000238419 -19.542929304287465 -79.25
      vertex 82.35458029806614 -20.261074222624302 -79.25
    endloop
  endfacet
  facet normal 0 0 1
    outer loop
      vertex 82.35458029806614 -20.261074222624302 -79.25
      vertex 82.35458029806614 -19.55892577767372 -79.25
      vertex 82.23129942268133 -20.17870057374239 -79.25
    endloop
  endfacet
  facet normal 0 0 1
    outer loop
      vertex 82.23129942268133 -20.17870057374239 -79.25
      vertex 82.35458029806614 -19.55892577767372 -79.25
      vertex 82.14892578125 -20.055419705808163 -79.25
    endloop
  endfacet
  facet normal 0 0 1
    outer loop
      vertex 82.14892578125 -20.055419705808163 -79.25
      vertex 82.23129942268133 -19.641299426555634 -79.25
      vertex 82.11999999731779 -19.90999999642372 -79.25
    endloop
  endfacet
  facet normal 0 0 1
    outer loop
      vertex 82.11999999731779 -19.90999999642372 -79.25
      vertex 82.23129942268133 -19.641299426555634 -79.25
      vertex 82.14892578125 -19.76458029448986 -79.25
    endloop
  endfacet
  facet normal 0 0 1
    outer loop
      vertex 82.14892578125 -20.055419705808163 -79.25
      vertex 82.35458029806614 -19.55892577767372 -79.25
      vertex 82.23129942268133 -19.641299426555634 -79.25
    endloop
  endfacet
  facet normal 0 0 1
    outer loop
      vertex 82.35458029806614 -20.261074222624302 -79.25
      vertex 82.43500000238419 -19.542929304287465 -79.25
      vertex 82.35458029806614 -19.55892577767372 -79.25
    endloop
  endfacet
  facet normal 0 0 1
    outer loop
      vertex 75.10000000149012 -18.350000001490116 -79.25
      vertex 78.5 -18.350000001490116 -79.25
      vertex 78.5 -18.179999999701977 -79.25
    endloop
  endfacet
  facet normal 0 0 1
    outer loop
      vertex 75.10000000149012 -18.350000001490116 -79.25
      vertex 78.5 -18.179999999701977 -79.25
      vertex 78.5 -16.679999999701977 -79.25
    endloop
  endfacet
  facet normal 1 0 0
    outer loop
      vertex 82.43500000238419 -21.79500000178814 -80.75
      vertex 82.43500000238419 -15.29957069690463 -80
      vertex 82.43500000238419 -19.542929304287465 -80
    endloop
  endfacet
  facet normal 0 0 1
    outer loop
      vertex 78.5 -18.179999999701977 -79.25
      vertex 81.00500000268221 -16.679999999701977 -79.25
      vertex 78.5 -16.679999999701977 -79.25
    endloop
  endfacet
  facet normal 0 0 1
    outer loop
      vertex 75.10000000149012 -18.350000001490116 -79.25
      vertex 78.5 -16.679999999701977 -79.25
      vertex 78.5 -14.679999999701977 -79.25
    endloop
  endfacet
  facet normal 0 0 1
    outer loop
      vertex 78.5 -18.179999999701977 -79.25
      vertex 81.00500000268221 -18.179999999701977 -79.25
      vertex 81.00500000268221 -16.679999999701977 -79.25
    endloop
  endfacet
  facet normal 1 0 0
    outer loop
      vertex 82.43500000238419 -15.29957069690463 -80
      vertex 82.43500000238419 -14.565429305181533 -80
      vertex 82.43500000238419 -15.29957069690463 -79.25
    endloop
  endfacet
  facet normal 0 0 1
    outer loop
      vertex 82.14892578125 -15.077919706702232 -79.25
      vertex 82.23129942268133 -14.663799419999123 -79.25
      vertex 82.11999999731779 -14.932499997317791 -79.25
    endloop
  endfacet
  facet normal 0 0 1
    outer loop
      vertex 82.23129942268133 -15.20120057463646 -79.25
      vertex 82.35458029806614 -15.283574223518372 -79.25
      vertex 82.35458029806614 -14.581425778567791 -79.25
    endloop
  endfacet
  facet normal 0 0 1
    outer loop
      vertex 82.43500000238419 -15.29957069690463 -79.25
      vertex 82.43500000238419 -14.565429305181533 -79.25
      vertex 82.35458029806614 -15.283574223518372 -79.25
    endloop
  endfacet
  facet normal 0 0 1
    outer loop
      vertex 82.23129942268133 -15.20120057463646 -79.25
      vertex 82.35458029806614 -14.581425778567791 -79.25
      vertex 82.14892578125 -15.077919706702232 -79.25
    endloop
  endfacet
  facet normal 1 0 0
    outer loop
      vertex 82.43500000238419 -15.29957069690463 -79.25
      vertex 82.43500000238419 -14.565429305181533 -80
      vertex 82.43500000238419 -14.565429305181533 -79.25
    endloop
  endfacet
  facet normal 0 0 1
    outer loop
      vertex 82.11999999731779 -14.932499997317791 -79.25
      vertex 82.23129942268133 -14.663799419999123 -79.25
      vertex 82.14892578125 -14.78708029538393 -79.25
    endloop
  endfacet
  facet normal 0 0 1
    outer loop
      vertex 82.35458029806614 -15.283574223518372 -79.25
      vertex 82.43500000238419 -14.565429305181533 -79.25
      vertex 82.35458029806614 -14.581425778567791 -79.25
    endloop
  endfacet
  facet normal 0 0 1
    outer loop
      vertex 82.14892578125 -15.077919706702232 -79.25
      vertex 82.35458029806614 -14.581425778567791 -79.25
      vertex 82.23129942268133 -14.663799419999123 -79.25
    endloop
  endfacet
  facet normal 0 0 1
    outer loop
      vertex 78.5 -14.679999999701977 -79.25
      vertex 81.00500000268221 -13.179999999701977 -79.25
      vertex 78.5 -13.179999999701977 -79.25
    endloop
  endfacet
  facet normal 0 0 1
    outer loop
      vertex 78.5 -14.679999999701977 -79.25
      vertex 81.00500000268221 -14.679999999701977 -79.25
      vertex 81.00500000268221 -13.179999999701977 -79.25
    endloop
  endfacet
  facet normal 0 0 1
    outer loop
      vertex 78.5 -11.179999999701977 -79.25
      vertex 81.00500000268221 -9.679999999701977 -79.25
      vertex 78.5 -9.679999999701977 -79.25
    endloop
  endfacet
  facet normal 0 0 1
    outer loop
      vertex 78.5 -11.179999999701977 -79.25
      vertex 81.00500000268221 -11.179999999701977 -79.25
      vertex 81.00500000268221 -9.679999999701977 -79.25
    endloop
  endfacet
  facet normal 1 0 0
    outer loop
      vertex 82.43500000238419 -10.322070697798699 -80
      vertex 82.43500000238419 -9.587929306075603 -80
      vertex 82.43500000238419 -10.322070697798699 -79.25
    endloop
  endfacet
  facet normal 0 0 1
    outer loop
      vertex 82.43500000238419 -10.322070697798699 -79.25
      vertex 82.43500000238419 -9.587929306075603 -79.25
      vertex 82.35458029806614 -10.306074224412441 -79.25
    endloop
  endfacet
  facet normal 1 0 0
    outer loop
      vertex 82.43500000238419 -10.322070697798699 -79.25
      vertex 82.43500000238419 -9.587929306075603 -80
      vertex 82.43500000238419 -9.587929306075603 -79.25
    endloop
  endfacet
  facet normal 0 0 1
    outer loop
      vertex 82.14892578125 -10.100419707596302 -79.25
      vertex 82.23129942268133 -9.686299420893192 -79.25
      vertex 82.11999999731779 -9.95499999821186 -79.25
    endloop
  endfacet
  facet normal 0 0 1
    outer loop
      vertex 82.35458029806614 -10.306074224412441 -79.25
      vertex 82.35458029806614 -9.60392577946186 -79.25
      vertex 82.23129942268133 -10.223700575530529 -79.25
    endloop
  endfacet
  facet normal 0 0 1
    outer loop
      vertex 82.14892578125 -10.100419707596302 -79.25
      vertex 82.23129942268133 -10.223700575530529 -79.25
      vertex 82.35458029806614 -9.60392577946186 -79.25
    endloop
  endfacet
  facet normal 0 0 1
    outer loop
      vertex 82.11999999731779 -9.95499999821186 -79.25
      vertex 82.23129942268133 -9.686299420893192 -79.25
      vertex 82.14892578125 -9.809580296278 -79.25
    endloop
  endfacet
  facet normal 0 0 1
    outer loop
      vertex 82.14892578125 -10.100419707596302 -79.25
      vertex 82.35458029806614 -9.60392577946186 -79.25
      vertex 82.23129942268133 -9.686299420893192 -79.25
    endloop
  endfacet
  facet normal 0 0 1
    outer loop
      vertex 82.35458029806614 -10.306074224412441 -79.25
      vertex 82.43500000238419 -9.587929306075603 -79.25
      vertex 82.35458029806614 -9.60392577946186 -79.25
    endloop
  endfacet
  facet normal 0 0 -1
    outer loop
      vertex 76.74462980399413 -21.282066671070588 -80.75
      vertex 77.56 20.219455543377233 -80.75
      vertex 76.91945554337724 -20.86 -80.75
    endloop
  endfacet
  facet normal 0 0 -1
    outer loop
      vertex 76.91945554337724 -20.86 -80.75
      vertex 77.56 20.219455543377233 -80.75
      vertex 77.19756313292355 -20.497563132923542 -80.75
    endloop
  endfacet
  facet normal 0 0 -1
    outer loop
      vertex 77.19756313292355 -20.497563132923542 -80.75
      vertex 77.56 20.219455543377233 -80.75
      vertex 77.56 -20.219455543377233 -80.75
    endloop
  endfacet
  facet normal 0 0 -1
    outer loop
      vertex 77.56 -20.219455543377233 -80.75
      vertex 77.9820666710706 20.04462980399413 -80.75
      vertex 77.9820666710706 -20.04462980399413 -80.75
    endloop
  endfacet
  facet normal 0 0 -1
    outer loop
      vertex 77.9820666710706 -20.04462980399413 -80.75
      vertex 78.435 19.985 -80.75
      vertex 78.435 -19.985 -80.75
    endloop
  endfacet
  facet normal 0 0 -1
    outer loop
      vertex 78.435 -19.985 -80.75
      vertex 78.8879333289294 20.04462980399413 -80.75
      vertex 78.8879333289294 -20.04462980399413 -80.75
    endloop
  endfacet
  facet normal 0 0 -1
    outer loop
      vertex 79.31 -20.219455543377233 -80.75
      vertex 78.8879333289294 -20.04462980399413 -80.75
      vertex 79.31 20.219455543377233 -80.75
    endloop
  endfacet
  facet normal 0 0 -1
    outer loop
      vertex 79.67243686707646 -20.497563132923542 -80.75
      vertex 79.31 -20.219455543377233 -80.75
      vertex 79.67243686707646 20.497563132923542 -80.75
    endloop
  endfacet
  facet normal 0 0 -1
    outer loop
      vertex 79.67243686707646 -20.497563132923542 -80.75
      vertex 79.95054445662277 20.86 -80.75
      vertex 79.95054445662277 -20.86 -80.75
    endloop
  endfacet
  facet normal 0 0 1
    outer loop
      vertex 78.5 -7.679999999701977 -79.25
      vertex 81.00500000268221 -6.179999999701977 -79.25
      vertex 78.5 -6.179999999701977 -79.25
    endloop
  endfacet
  facet normal 0 0 -1
    outer loop
      vertex 80.185 -21.735 -80.75
      vertex 82.43500000238419 21.79500000178814 -80.75
      vertex 82.43500000238419 -21.79500000178814 -80.75
    endloop
  endfacet
  facet normal 0 0 -1
    outer loop
      vertex 80.12537019600587 -21.282066671070588 -80.75
      vertex 79.95054445662277 -20.86 -80.75
      vertex 80.12537019600587 21.282066671070588 -80.75
    endloop
  endfacet
  facet normal 0 0 -1
    outer loop
      vertex 80.185 -21.735 -80.75
      vertex 80.12537019600587 -21.282066671070588 -80.75
      vertex 82.43500000238419 21.79500000178814 -80.75
    endloop
  endfacet
  facet normal 0 0 1
    outer loop
      vertex 78.5 -7.679999999701977 -79.25
      vertex 81.00500000268221 -7.679999999701977 -79.25
      vertex 81.00500000268221 -6.179999999701977 -79.25
    endloop
  endfacet
  facet normal 0 0 1
    outer loop
      vertex 75.10000000149012 -18.350000001490116 -79.25
      vertex 78.5 -14.679999999701977 -79.25
      vertex 77.57487373799086 18.350000001490116 -79.25
    endloop
  endfacet
  facet normal 1 0 0
    outer loop
      vertex 82.43500000238419 -21.79500000178814 -80.75
      vertex 82.43500000238419 21.79500000178814 -80.75
      vertex 82.43500000238419 -15.29957069690463 -80
    endloop
  endfacet
  facet normal 1 0 0
    outer loop
      vertex 82.43500000238419 -5.344570698692769 -80
      vertex 82.43500000238419 -4.610429302849369 -80
      vertex 82.43500000238419 -5.344570698692769 -79.25
    endloop
  endfacet
  facet normal 1 0 0
    outer loop
      vertex 82.43500000238419 -5.344570698692769 -79.25
      vertex 82.43500000238419 -4.610429302849369 -80
      vertex 82.43500000238419 -4.610429302849369 -79.25
    endloop
  endfacet
  facet normal 0 0 1
    outer loop
      vertex 82.23129942268133 -5.246200576424599 -79.25
      vertex 82.35458029806614 -5.328574225306511 -79.25
      vertex 82.35458029806614 -4.62642578035593 -79.25
    endloop
  endfacet
  facet normal 0 0 1
    outer loop
      vertex 82.43500000238419 -5.344570698692769 -79.25
      vertex 82.43500000238419 -4.610429302849369 -79.25
      vertex 82.35458029806614 -5.328574225306511 -79.25
    endloop
  endfacet
  facet normal 0 0 1
    outer loop
      vertex 82.14892578125 -5.122919701039791 -79.25
      vertex 82.23129942268133 -4.708799421787262 -79.25
      vertex 82.11999999731779 -4.97749999910593 -79.25
    endloop
  endfacet
  facet normal 0 0 1
    outer loop
      vertex 82.11999999731779 -4.97749999910593 -79.25
      vertex 82.23129942268133 -4.708799421787262 -79.25
      vertex 82.14892578125 -4.8320802971720695 -79.25
    endloop
  endfacet
  facet normal 0 0 1
    outer loop
      vertex 82.23129942268133 -5.246200576424599 -79.25
      vertex 82.35458029806614 -4.62642578035593 -79.25
      vertex 82.14892578125 -5.122919701039791 -79.25
    endloop
  endfacet
  facet normal 0 0 1
    outer loop
      vertex 82.35458029806614 -5.328574225306511 -79.25
      vertex 82.43500000238419 -4.610429302849369 -79.25
      vertex 82.35458029806614 -4.62642578035593 -79.25
    endloop
  endfacet
  facet normal 0 0 1
    outer loop
      vertex 82.14892578125 -5.122919701039791 -79.25
      vertex 82.35458029806614 -4.62642578035593 -79.25
      vertex 82.23129942268133 -4.708799421787262 -79.25
    endloop
  endfacet
  facet normal 0 0 1
    outer loop
      vertex 78.5 -4.179999999701977 -79.25
      vertex 81.00500000268221 -4.179999999701977 -79.25
      vertex 81.00500000268221 -2.6799999997019768 -79.25
    endloop
  endfacet
  facet normal 0 0 1
    outer loop
      vertex 78.5 -14.679999999701977 -79.25
      vertex 78.5 -13.179999999701977 -79.25
      vertex 77.57487373799086 18.350000001490116 -79.25
    endloop
  endfacet
  facet normal 0 0 1
    outer loop
      vertex 78.5 -4.179999999701977 -79.25
      vertex 81.00500000268221 -2.6799999997019768 -79.25
      vertex 78.5 -2.6799999997019768 -79.25
    endloop
  endfacet
  facet normal 0 0 1
    outer loop
      vertex 78.5 -13.179999999701977 -79.25
      vertex 78.5 -11.179999999701977 -79.25
      vertex 77.57487373799086 18.350000001490116 -79.25
    endloop
  endfacet
  facet normal 1 0 0
    outer loop
      vertex 82.43500000238419 -15.29957069690463 -80
      vertex 82.43500000238419 21.79500000178814 -80.75
      vertex 82.43500000238419 -14.565429305181533 -80
    endloop
  endfacet
  facet normal 0 0 1
    outer loop
      vertex 78.5 -11.179999999701977 -79.25
      vertex 78.5 -9.679999999701977 -79.25
      vertex 77.57487373799086 18.350000001490116 -79.25
    endloop
  endfacet
  facet normal 1 0 0
    outer loop
      vertex 82.43500000238419 -14.565429305181533 -80
      vertex 82.43500000238419 21.79500000178814 -80.75
      vertex 82.43500000238419 -10.322070697798699 -80
    endloop
  endfacet
  facet normal 0 0 1
    outer loop
      vertex 78.5 -0.6799999997019768 -79.25
      vertex 81.00500000268221 -0.6799999997019768 -79.25
      vertex 81.00500000268221 0.8200000002980232 -79.25
    endloop
  endfacet
  facet normal 1 0 0
    outer loop
      vertex 82.43500000238419 -0.36707069625656197 -80
      vertex 82.43500000238419 0.36707069625656197 -79.25
      vertex 82.43500000238419 -0.36707069625656197 -79.25
    endloop
  endfacet
  facet normal 0 0 1
    outer loop
      vertex 82.43500000238419 -0.36707069625656197 -79.25
      vertex 82.43500000238419 0.36707069625656197 -79.25
      vertex 82.35458029806614 -0.35107421875 -79.25
    endloop
  endfacet
  facet normal 0 0 1
    outer loop
      vertex 82.35458029806614 -0.35107421875 -79.25
      vertex 82.35458029806614 0.35107421875 -79.25
      vertex 82.23129942268133 -0.26870057731866837 -79.25
    endloop
  endfacet
  facet normal 0 0 1
    outer loop
      vertex 82.23129942268133 -0.26870057731866837 -79.25
      vertex 82.35458029806614 0.35107421875 -79.25
      vertex 82.14892578125 -0.14541970193386078 -79.25
    endloop
  endfacet
  facet normal 0 0 -1
    outer loop
      vertex -77.56 -20.219455543377233 -80.75
      vertex 76.91945554337724 20.86 -80.75
      vertex 77.19756313292355 20.497563132923542 -80.75
    endloop
  endfacet
  facet normal 0 0 -1
    outer loop
      vertex -77.56 -20.219455543377233 -80.75
      vertex 76.74462980399413 21.282066671070588 -80.75
      vertex 76.91945554337724 20.86 -80.75
    endloop
  endfacet
  facet normal 0 0 1
    outer loop
      vertex -75.10000000149012 -18.350000001490116 -79.25
      vertex 76.91945554337724 20.86 -79.25
      vertex 75.10000000149012 20.824873737990856 -79.25
    endloop
  endfacet
  facet normal 0 0 -1
    outer loop
      vertex -77.19756313292355 -20.497563132923542 -80.75
      vertex 77.19756313292355 20.497563132923542 -80.75
      vertex 77.56 20.219455543377233 -80.75
    endloop
  endfacet
  facet normal 0 0 1
    outer loop
      vertex -75.10000000149012 -18.350000001490116 -79.25
      vertex 77.19756313292355 20.497563132923542 -79.25
      vertex 76.91945554337724 20.86 -79.25
    endloop
  endfacet
  facet normal 0 0 -1
    outer loop
      vertex -76.685 21.735 -80.75
      vertex 76.685 21.735 -80.75
      vertex 76.74462980399413 21.282066671070588 -80.75
    endloop
  endfacet
  facet normal 0 0 -1
    outer loop
      vertex -76.74462980399413 22.18793332892941 -80.75
      vertex 76.74462980399413 22.18793332892941 -80.75
      vertex 76.685 21.735 -80.75
    endloop
  endfacet
  facet normal 0 0 -1
    outer loop
      vertex -76.74462980399413 22.18793332892941 -80.75
      vertex 76.91945554337724 22.61 -80.75
      vertex 76.74462980399413 22.18793332892941 -80.75
    endloop
  endfacet
  facet normal 0 0 -1
    outer loop
      vertex -76.91945554337724 22.61 -80.75
      vertex 77.19756313292355 22.972436867076457 -80.75
      vertex 76.91945554337724 22.61 -80.75
    endloop
  endfacet
  facet normal 0 0 1
    outer loop
      vertex -75.10000000149012 24.25500000268221 -79.25
      vertex 75.10000000149012 20.824873737990856 -79.25
      vertex 75.10000000149012 24.25500000268221 -79.25
    endloop
  endfacet
  facet normal 0 0 -1
    outer loop
      vertex -76.91945554337724 22.61 -80.75
      vertex 77.56 23.250544456622766 -80.75
      vertex 77.19756313292355 22.972436867076457 -80.75
    endloop
  endfacet
  facet normal 0 0 -1
    outer loop
      vertex -76.91945554337724 22.61 -80.75
      vertex 77.9820666710706 23.42537019600587 -80.75
      vertex 77.56 23.250544456622766 -80.75
    endloop
  endfacet
  facet normal 0 0 -1
    outer loop
      vertex -76.91945554337724 22.61 -80.75
      vertex 78.435 23.485 -80.75
      vertex 77.9820666710706 23.42537019600587 -80.75
    endloop
  endfacet
  facet normal 0 0 -1
    outer loop
      vertex -76.91945554337724 22.61 -80.75
      vertex 81.96976978331804 23.652303144335747 -80.75
      vertex 78.435 23.485 -80.75
    endloop
  endfacet
  facet normal 0 0 -1
    outer loop
      vertex -77.19756313292355 22.972436867076457 -80.75
      vertex 81.77099027484655 23.983946718275547 -80.75
      vertex 81.96976978331804 23.652303144335747 -80.75
    endloop
  endfacet
  facet normal 0 0 -1
    outer loop
      vertex -77.9820666710706 23.42537019600587 -80.75
      vertex 81.54066119343042 24.294509544968605 -80.75
      vertex 81.77099027484655 23.983946718275547 -80.75
    endloop
  endfacet
  facet normal 0 0 -1
    outer loop
      vertex -81.96976978331804 23.652303144335747 -80.75
      vertex 81.28100072592497 24.581000722944736 -80.75
      vertex 81.54066119343042 24.294509544968605 -80.75
    endloop
  endfacet
  facet normal 0 0 -1
    outer loop
      vertex -81.77099027484655 23.983946718275547 -80.75
      vertex 80.99450954794884 24.84066119045019 -80.75
      vertex 81.28100072592497 24.581000722944736 -80.75
    endloop
  endfacet
  facet normal 0 0 -1
    outer loop
      vertex -81.54066119343042 24.294509544968605 -80.75
      vertex 80.68394672125578 25.07099027186632 -80.75
      vertex 80.99450954794884 24.84066119045019 -80.75
    endloop
  endfacet
  facet normal 0 0 -1
    outer loop
      vertex -81.28100072592497 24.581000722944736 -80.75
      vertex 80.35230314731598 25.26976978033781 -80.75
      vertex 80.68394672125578 25.07099027186632 -80.75
    endloop
  endfacet
  facet normal 0 0 -1
    outer loop
      vertex -80.99450954794884 24.84066119045019 -80.75
      vertex 80.00277272611856 25.435085356235504 -80.75
      vertex 80.35230314731598 25.26976978033781 -80.75
    endloop
  endfacet
  facet normal 0 0 -1
    outer loop
      vertex -80.68394672125578 25.07099027186632 -80.75
      vertex 79.63872162997723 25.56534492224455 -80.75
      vertex 80.00277272611856 25.435085356235504 -80.75
    endloop
  endfacet
  facet normal 0 0 -1
    outer loop
      vertex -80.35230314731598 25.26976978033781 -80.75
      vertex 79.26365587115288 25.65929400920868 -80.75
      vertex 79.63872162997723 25.56534492224455 -80.75
    endloop
  endfacet
  facet normal 0 0 -1
    outer loop
      vertex -80.00277272611856 25.435085356235504 -80.75
      vertex 78.88118753582239 25.716027826070786 -80.75
      vertex 79.26365587115288 25.65929400920868 -80.75
    endloop
  endfacet
  facet normal 0 0 -1
    outer loop
      vertex -79.63872162997723 25.56534492224455 -80.75
      vertex 78.49500000476837 25.734999999403954 -80.75
      vertex 78.88118753582239 25.716027826070786 -80.75
    endloop
  endfacet
  facet normal 0 1 0
    outer loop
      vertex -78.49500000476837 25.734999999403954 -80
      vertex 78.49500000476837 25.734999999403954 -80
      vertex 78.49500000476837 25.734999999403954 -80.75
    endloop
  endfacet
  facet normal 0 0 1
    outer loop
      vertex 78.5 -9.679999999701977 -79.25
      vertex 78.5 -7.679999999701977 -79.25
      vertex 77.57487373799086 18.350000001490116 -79.25
    endloop
  endfacet
  facet normal 0 0 1
    outer loop
      vertex 78.5 -0.6799999997019768 -79.25
      vertex 81.00500000268221 0.8200000002980232 -79.25
      vertex 78.5 0.8200000002980232 -79.25
    endloop
  endfacet
  facet normal 0 0 1
    outer loop
      vertex 78.5 -7.679999999701977 -79.25
      vertex 78.5 -6.179999999701977 -79.25
      vertex 77.57487373799086 18.350000001490116 -79.25
    endloop
  endfacet
  facet normal 1 0 0
    outer loop
      vertex 82.43500000238419 -0.36707069625656197 -80
      vertex 82.43500000238419 0.36707069625656197 -80
      vertex 82.43500000238419 0.36707069625656197 -79.25
    endloop
  endfacet
  facet normal 0 0 1
    outer loop
      vertex 82.14892578125 -0.14541970193386078 -79.25
      vertex 82.23129942268133 0.26870057731866837 -79.25
      vertex 82.11999999731779 0 -79.25
    endloop
  endfacet
  facet normal 0 0 1
    outer loop
      vertex 82.11999999731779 0 -79.25
      vertex 82.23129942268133 0.26870057731866837 -79.25
      vertex 82.14892578125 0.14541970193386078 -79.25
    endloop
  endfacet
  facet normal 0 0 1
    outer loop
      vertex 82.14892578125 -0.14541970193386078 -79.25
      vertex 82.35458029806614 0.35107421875 -79.25
      vertex 82.23129942268133 0.26870057731866837 -79.25
    endloop
  endfacet
  facet normal 0 0 1
    outer loop
      vertex 82.35458029806614 -0.35107421875 -79.25
      vertex 82.43500000238419 0.36707069625656197 -79.25
      vertex 82.35458029806614 0.35107421875 -79.25
    endloop
  endfacet
  facet normal 1 0 0
    outer loop
      vertex 82.43500000238419 -10.322070697798699 -80
      vertex 82.43500000238419 21.79500000178814 -80.75
      vertex 82.43500000238419 -9.587929306075603 -80
    endloop
  endfacet
  facet normal 0 0 1
    outer loop
      vertex 78.5 -6.179999999701977 -79.25
      vertex 78.5 -4.179999999701977 -79.25
      vertex 77.57487373799086 18.350000001490116 -79.25
    endloop
  endfacet
  facet normal 1 0 0
    outer loop
      vertex 82.43500000238419 -9.587929306075603 -80
      vertex 82.43500000238419 21.79500000178814 -80.75
      vertex 82.43500000238419 -5.344570698692769 -80
    endloop
  endfacet
  facet normal 0 0 1
    outer loop
      vertex 78.5 -4.179999999701977 -79.25
      vertex 78.5 -2.6799999997019768 -79.25
      vertex 77.57487373799086 18.350000001490116 -79.25
    endloop
  endfacet
  facet normal 0 0 1
    outer loop
      vertex 78.5 2.8200000002980232 -79.25
      vertex 81.00500000268221 4.320000000298023 -79.25
      vertex 78.5 4.320000000298023 -79.25
    endloop
  endfacet
  facet normal 0 0 1
    outer loop
      vertex 78.5 2.8200000002980232 -79.25
      vertex 81.00500000268221 2.8200000002980232 -79.25
      vertex 81.00500000268221 4.320000000298023 -79.25
    endloop
  endfacet
  facet normal 1 0 0
    outer loop
      vertex 82.43500000238419 -5.344570698692769 -80
      vertex 82.43500000238419 21.79500000178814 -80.75
      vertex 82.43500000238419 -4.610429302849369 -80
    endloop
  endfacet
  facet normal 0 0 1
    outer loop
      vertex 78.5 -2.6799999997019768 -79.25
      vertex 78.5 -0.6799999997019768 -79.25
      vertex 77.57487373799086 18.350000001490116 -79.25
    endloop
  endfacet
  facet normal 0 0 1
    outer loop
      vertex 78.5 -0.6799999997019768 -79.25
      vertex 78.5 0.8200000002980232 -79.25
      vertex 77.57487373799086 18.350000001490116 -79.25
    endloop
  endfacet
  facet normal 1 0 0
    outer loop
      vertex 82.43500000238419 4.610429302849369 -80
      vertex 82.43500000238419 5.344570698692769 -80
      vertex 82.43500000238419 4.610429302849369 -79.25
    endloop
  endfacet
  facet normal 1 0 0
    outer loop
      vertex 82.43500000238419 4.610429302849369 -79.25
      vertex 82.43500000238419 5.344570698692769 -80
      vertex 82.43500000238419 5.344570698692769 -79.25
    endloop
  endfacet
  facet normal 0 0 1
    outer loop
      vertex 82.14892578125 4.8320802971720695 -79.25
      vertex 82.23129942268133 5.246200576424599 -79.25
      vertex 82.11999999731779 4.97749999910593 -79.25
    endloop
  endfacet
  facet normal 0 0 1
    outer loop
      vertex 82.35458029806614 4.62642578035593 -79.25
      vertex 82.35458029806614 5.328574225306511 -79.25
      vertex 82.23129942268133 4.708799421787262 -79.25
    endloop
  endfacet
  facet normal 0 0 1
    outer loop
      vertex 82.35458029806614 4.62642578035593 -79.25
      vertex 82.43500000238419 4.610429302849369 -79.25
      vertex 82.43500000238419 5.344570698692769 -79.25
    endloop
  endfacet
  facet normal 0 0 1
    outer loop
      vertex 82.23129942268133 4.708799421787262 -79.25
      vertex 82.35458029806614 5.328574225306511 -79.25
      vertex 82.14892578125 4.8320802971720695 -79.25
    endloop
  endfacet
  facet normal 0 0 1
    outer loop
      vertex 82.11999999731779 4.97749999910593 -79.25
      vertex 82.23129942268133 5.246200576424599 -79.25
      vertex 82.14892578125 5.122919701039791 -79.25
    endloop
  endfacet
  facet normal 0 0 1
    outer loop
      vertex 82.35458029806614 4.62642578035593 -79.25
      vertex 82.43500000238419 5.344570698692769 -79.25
      vertex 82.35458029806614 5.328574225306511 -79.25
    endloop
  endfacet
  facet normal 0 0 1
    outer loop
      vertex 82.14892578125 4.8320802971720695 -79.25
      vertex 82.35458029806614 5.328574225306511 -79.25
      vertex 82.23129942268133 5.246200576424599 -79.25
    endloop
  endfacet
  facet normal 1 0 0
    outer loop
      vertex 82.43500000238419 -4.610429302849369 -80
      vertex 82.43500000238419 21.79500000178814 -80.75
      vertex 82.43500000238419 -0.36707069625656197 -80
    endloop
  endfacet
  facet normal 0 0 1
    outer loop
      vertex 75.10000000149012 -18.350000001490116 -79.25
      vertex 77.57487373799086 18.350000001490116 -79.25
      vertex 77.56 20.219455543377233 -79.25
    endloop
  endfacet
  facet normal 0 0 1
    outer loop
      vertex 75.10000000149012 -18.350000001490116 -79.25
      vertex 77.56 20.219455543377233 -79.25
      vertex 77.19756313292355 20.497563132923542 -79.25
    endloop
  endfacet
  facet normal 0 0 -1
    outer loop
      vertex 77.56 -20.219455543377233 -80.75
      vertex 77.56 20.219455543377233 -80.75
      vertex 77.9820666710706 20.04462980399413 -80.75
    endloop
  endfacet
  facet normal 0 0 -1
    outer loop
      vertex 77.9820666710706 -20.04462980399413 -80.75
      vertex 77.9820666710706 20.04462980399413 -80.75
      vertex 78.435 19.985 -80.75
    endloop
  endfacet
  facet normal 0 0 -1
    outer loop
      vertex 78.435 -19.985 -80.75
      vertex 78.435 19.985 -80.75
      vertex 78.8879333289294 20.04462980399413 -80.75
    endloop
  endfacet
  facet normal 0 0 -1
    outer loop
      vertex 78.8879333289294 -20.04462980399413 -80.75
      vertex 78.8879333289294 20.04462980399413 -80.75
      vertex 79.31 20.219455543377233 -80.75
    endloop
  endfacet
  facet normal 0 0 -1
    outer loop
      vertex 79.31 -20.219455543377233 -80.75
      vertex 79.31 20.219455543377233 -80.75
      vertex 79.67243686707646 20.497563132923542 -80.75
    endloop
  endfacet
  facet normal 0 0 -1
    outer loop
      vertex 79.67243686707646 -20.497563132923542 -80.75
      vertex 79.67243686707646 20.497563132923542 -80.75
      vertex 79.95054445662277 20.86 -80.75
    endloop
  endfacet
  facet normal 0 0 1
    outer loop
      vertex 78.5 0.8200000002980232 -79.25
      vertex 78.5 2.8200000002980232 -79.25
      vertex 77.57487373799086 18.350000001490116 -79.25
    endloop
  endfacet
  facet normal 0 0 1
    outer loop
      vertex 78.5 6.320000000298023 -79.25
      vertex 81.00500000268221 7.820000000298023 -79.25
      vertex 78.5 7.820000000298023 -79.25
    endloop
  endfacet
  facet normal 0 0 1
    outer loop
      vertex 78.5 6.320000000298023 -79.25
      vertex 81.00500000268221 6.320000000298023 -79.25
      vertex 81.00500000268221 7.820000000298023 -79.25
    endloop
  endfacet
  facet normal 0 0 -1
    outer loop
      vertex 79.95054445662277 -20.86 -80.75
      vertex 79.95054445662277 20.86 -80.75
      vertex 80.12537019600587 21.282066671070588 -80.75
    endloop
  endfacet
  facet normal 0 0 -1
    outer loop
      vertex 80.12537019600587 -21.282066671070588 -80.75
      vertex 80.12537019600587 21.282066671070588 -80.75
      vertex 82.43500000238419 21.79500000178814 -80.75
    endloop
  endfacet
  facet normal 1 0 0
    outer loop
      vertex 82.43500000238419 -0.36707069625656197 -80
      vertex 82.43500000238419 21.79500000178814 -80.75
      vertex 82.43500000238419 0.36707069625656197 -80
    endloop
  endfacet
  facet normal 0 0 1
    outer loop
      vertex 78.5 2.8200000002980232 -79.25
      vertex 78.5 4.320000000298023 -79.25
      vertex 77.57487373799086 18.350000001490116 -79.25
    endloop
  endfacet
  facet normal 1 0 0
    outer loop
      vertex 82.43500000238419 0.36707069625656197 -80
      vertex 82.43500000238419 21.79500000178814 -80.75
      vertex 82.43500000238419 4.610429302849369 -80
    endloop
  endfacet
  facet normal 0 0 1
    outer loop
      vertex 78.5 4.320000000298023 -79.25
      vertex 78.5 6.320000000298023 -79.25
      vertex 77.57487373799086 18.350000001490116 -79.25
    endloop
  endfacet
  facet normal 0 0 1
    outer loop
      vertex 78.5 6.320000000298023 -79.25
      vertex 78.5 7.820000000298023 -79.25
      vertex 77.57487373799086 18.350000001490116 -79.25
    endloop
  endfacet
  facet normal 0 0 1
    outer loop
      vertex 78.5 9.820000000298023 -79.25
      vertex 81.00500000268221 11.320000000298023 -79.25
      vertex 78.5 11.320000000298023 -79.25
    endloop
  endfacet
  facet normal 0 0 1
    outer loop
      vertex 78.5 9.820000000298023 -79.25
      vertex 81.00500000268221 9.820000000298023 -79.25
      vertex 81.00500000268221 11.320000000298023 -79.25
    endloop
  endfacet
  facet normal 1 0 0
    outer loop
      vertex 82.43500000238419 9.587929306075603 -80
      vertex 82.43500000238419 10.322070697798699 -80
      vertex 82.43500000238419 9.587929306075603 -79.25
    endloop
  endfacet
  facet normal 0 0 1
    outer loop
      vertex 82.35458029806614 9.60392577946186 -79.25
      vertex 82.43500000238419 9.587929306075603 -79.25
      vertex 82.43500000238419 10.322070697798699 -79.25
    endloop
  endfacet
  facet normal 0 0 1
    outer loop
      vertex 82.14892578125 9.809580296278 -79.25
      vertex 82.23129942268133 10.223700575530529 -79.25
      vertex 82.11999999731779 9.95499999821186 -79.25
    endloop
  endfacet
  facet normal 0 0 1
    outer loop
      vertex 82.35458029806614 9.60392577946186 -79.25
      vertex 82.35458029806614 10.306074224412441 -79.25
      vertex 82.23129942268133 9.686299420893192 -79.25
    endloop
  endfacet
  facet normal 0 0 1
    outer loop
      vertex 82.14892578125 9.809580296278 -79.25
      vertex 82.23129942268133 9.686299420893192 -79.25
      vertex 82.35458029806614 10.306074224412441 -79.25
    endloop
  endfacet
  facet normal 1 0 0
    outer loop
      vertex 82.43500000238419 9.587929306075603 -79.25
      vertex 82.43500000238419 10.322070697798699 -80
      vertex 82.43500000238419 10.322070697798699 -79.25
    endloop
  endfacet
  facet normal 0 0 1
    outer loop
      vertex 82.11999999731779 9.95499999821186 -79.25
      vertex 82.23129942268133 10.223700575530529 -79.25
      vertex 82.14892578125 10.100419707596302 -79.25
    endloop
  endfacet
  facet normal 0 0 1
    outer loop
      vertex 82.14892578125 9.809580296278 -79.25
      vertex 82.35458029806614 10.306074224412441 -79.25
      vertex 82.23129942268133 10.223700575530529 -79.25
    endloop
  endfacet
  facet normal 0 0 1
    outer loop
      vertex 82.35458029806614 9.60392577946186 -79.25
      vertex 82.43500000238419 10.322070697798699 -79.25
      vertex 82.35458029806614 10.306074224412441 -79.25
    endloop
  endfacet
  facet normal 1 0 0
    outer loop
      vertex 82.43500000238419 4.610429302849369 -80
      vertex 82.43500000238419 21.79500000178814 -80.75
      vertex 82.43500000238419 5.344570698692769 -80
    endloop
  endfacet
  facet normal 0 0 1
    outer loop
      vertex 78.5 7.820000000298023 -79.25
      vertex 78.5 9.820000000298023 -79.25
      vertex 77.57487373799086 18.350000001490116 -79.25
    endloop
  endfacet
  facet normal 1 0 0
    outer loop
      vertex 82.43500000238419 5.344570698692769 -80
      vertex 82.43500000238419 21.79500000178814 -80.75
      vertex 82.43500000238419 9.587929306075603 -80
    endloop
  endfacet
  facet normal 0 0 1
    outer loop
      vertex 78.5 9.820000000298023 -79.25
      vertex 78.5 11.320000000298023 -79.25
      vertex 77.57487373799086 18.350000001490116 -79.25
    endloop
  endfacet
  facet normal 0 0 1
    outer loop
      vertex 78.5 11.320000000298023 -79.25
      vertex 78.5 13.320000000298023 -79.25
      vertex 77.57487373799086 18.350000001490116 -79.25
    endloop
  endfacet
  facet normal 0 0 1
    outer loop
      vertex 78.5 13.320000000298023 -79.25
      vertex 81.00500000268221 14.820000000298023 -79.25
      vertex 78.5 14.820000000298023 -79.25
    endloop
  endfacet
  facet normal 0 0 1
    outer loop
      vertex 78.5 13.320000000298023 -79.25
      vertex 81.00500000268221 13.320000000298023 -79.25
      vertex 81.00500000268221 14.820000000298023 -79.25
    endloop
  endfacet
  facet normal 1 0 0
    outer loop
      vertex 82.43500000238419 9.587929306075603 -80
      vertex 82.43500000238419 21.79500000178814 -80.75
      vertex 82.43500000238419 10.322070697798699 -80
    endloop
  endfacet
  facet normal 0 0 1
    outer loop
      vertex 78.5 13.320000000298023 -79.25
      vertex 78.5 14.820000000298023 -79.25
      vertex 77.57487373799086 18.350000001490116 -79.25
    endloop
  endfacet
  facet normal 1 0 0
    outer loop
      vertex 82.43500000238419 14.565429305181533 -80
      vertex 82.43500000238419 15.29957069690463 -80
      vertex 82.43500000238419 14.565429305181533 -79.25
    endloop
  endfacet
  facet normal 0 0 1
    outer loop
      vertex 82.35458029806614 14.581425778567791 -79.25
      vertex 82.35458029806614 15.283574223518372 -79.25
      vertex 82.23129942268133 14.663799419999123 -79.25
    endloop
  endfacet
  facet normal 0 0 1
    outer loop
      vertex 82.35458029806614 14.581425778567791 -79.25
      vertex 82.43500000238419 14.565429305181533 -79.25
      vertex 82.43500000238419 15.29957069690463 -79.25
    endloop
  endfacet
  facet normal 1 0 0
    outer loop
      vertex 82.43500000238419 14.565429305181533 -79.25
      vertex 82.43500000238419 15.29957069690463 -80
      vertex 82.43500000238419 15.29957069690463 -79.25
    endloop
  endfacet
  facet normal 0 0 1
    outer loop
      vertex 82.14892578125 14.78708029538393 -79.25
      vertex 82.23129942268133 15.20120057463646 -79.25
      vertex 82.11999999731779 14.932499997317791 -79.25
    endloop
  endfacet
  facet normal 0 0 1
    outer loop
      vertex 82.11999999731779 14.932499997317791 -79.25
      vertex 82.23129942268133 15.20120057463646 -79.25
      vertex 82.14892578125 15.077919706702232 -79.25
    endloop
  endfacet
  facet normal 0 0 1
    outer loop
      vertex 82.23129942268133 14.663799419999123 -79.25
      vertex 82.35458029806614 15.283574223518372 -79.25
      vertex 82.14892578125 14.78708029538393 -79.25
    endloop
  endfacet
  facet normal 0 0 1
    outer loop
      vertex 82.35458029806614 14.581425778567791 -79.25
      vertex 82.43500000238419 15.29957069690463 -79.25
      vertex 82.35458029806614 15.283574223518372 -79.25
    endloop
  endfacet
  facet normal 0 0 1
    outer loop
      vertex 82.14892578125 14.78708029538393 -79.25
      vertex 82.35458029806614 15.283574223518372 -79.25
      vertex 82.23129942268133 15.20120057463646 -79.25
    endloop
  endfacet
  facet normal 1 0 0
    outer loop
      vertex 82.43500000238419 10.322070697798699 -80
      vertex 82.43500000238419 21.79500000178814 -80.75
      vertex 82.43500000238419 14.565429305181533 -80
    endloop
  endfacet
  facet normal 0 0 1
    outer loop
      vertex 78.5 14.820000000298023 -79.25
      vertex 78.5 16.820000000298023 -79.25
      vertex 77.57487373799086 18.350000001490116 -79.25
    endloop
  endfacet
  facet normal 0 0 1
    outer loop
      vertex 78.5 16.820000000298023 -79.25
      vertex 81.00500000268221 16.820000000298023 -79.25
      vertex 81.00500000268221 18.320000000298023 -79.25
    endloop
  endfacet
  facet normal 1 0 0
    outer loop
      vertex 82.43500000238419 14.565429305181533 -80
      vertex 82.43500000238419 21.79500000178814 -80.75
      vertex 82.43500000238419 15.29957069690463 -80
    endloop
  endfacet
  facet normal 0 0 1
    outer loop
      vertex 78.5 16.820000000298023 -79.25
      vertex 78.5 18.320000000298023 -79.25
      vertex 77.57487373799086 18.350000001490116 -79.25
    endloop
  endfacet
  facet normal 0 0 1
    outer loop
      vertex 77.57487373799086 18.350000001490116 -79.25
      vertex 78.5 18.320000000298023 -79.25
      vertex 78.5 18.350000001490116 -79.25
    endloop
  endfacet
  facet normal 0 0 1
    outer loop
      vertex 78.5 16.820000000298023 -79.25
      vertex 81.00500000268221 18.320000000298023 -79.25
      vertex 78.5 18.320000000298023 -79.25
    endloop
  endfacet
  facet normal 1 0 0
    outer loop
      vertex 82.43500000238419 15.29957069690463 -80
      vertex 82.43500000238419 21.79500000178814 -80.75
      vertex 82.43500000238419 19.542929304287465 -80
    endloop
  endfacet
  facet normal 0.6087614290087244 0.7933533402912322 0
    outer loop
      vertex 77.19756313292355 20.497563132923542 -80.75
      vertex 77.19756313292355 20.497563132923542 -79.25
      vertex 77.56 20.219455543377233 -80.75
    endloop
  endfacet
  facet normal 0.793353340291235 0.6087614290087207 0
    outer loop
      vertex 77.19756313292355 20.497563132923542 -80.75
      vertex 76.91945554337724 20.86 -79.25
      vertex 77.19756313292355 20.497563132923542 -79.25
    endloop
  endfacet
  facet normal 0.793353340291235 0.6087614290087207 0
    outer loop
      vertex 77.19756313292355 20.497563132923542 -80.75
      vertex 76.91945554337724 20.86 -80.75
      vertex 76.91945554337724 20.86 -79.25
    endloop
  endfacet
  facet normal 0.9238795325112806 0.3826834323651044 0
    outer loop
      vertex 76.91945554337724 20.86 -80.75
      vertex 76.74462980399413 21.282066671070588 -79.25
      vertex 76.91945554337724 20.86 -79.25
    endloop
  endfacet
  facet normal 0.9238795325112806 0.3826834323651044 0
    outer loop
      vertex 76.91945554337724 20.86 -80.75
      vertex 76.74462980399413 21.282066671070588 -80.75
      vertex 76.74462980399413 21.282066671070588 -79.25
    endloop
  endfacet
  facet normal 0 0 1
    outer loop
      vertex 75.10000000149012 20.824873737990856 -79.25
      vertex 76.91945554337724 20.86 -79.25
      vertex 76.74462980399413 21.282066671070588 -79.25
    endloop
  endfacet
  facet normal 0 0 1
    outer loop
      vertex 75.10000000149012 20.824873737990856 -79.25
      vertex 76.74462980399413 21.282066671070588 -79.25
      vertex 76.685 21.735 -79.25
    endloop
  endfacet
  facet normal 0.9914448613738113 0.13052619222004494 0
    outer loop
      vertex 76.74462980399413 21.282066671070588 -80.75
      vertex 76.685 21.735 -79.25
      vertex 76.74462980399413 21.282066671070588 -79.25
    endloop
  endfacet
  facet normal 0.9914448613738113 0.13052619222004494 0
    outer loop
      vertex 76.74462980399413 21.282066671070588 -80.75
      vertex 76.685 21.735 -80.75
      vertex 76.685 21.735 -79.25
    endloop
  endfacet
  facet normal 0 0 1
    outer loop
      vertex 75.10000000149012 20.824873737990856 -79.25
      vertex 76.685 21.735 -79.25
      vertex 76.74462980399413 22.18793332892941 -79.25
    endloop
  endfacet
  facet normal 0.9914448613738113 -0.13052619222004494 0
    outer loop
      vertex 76.685 21.735 -80.75
      vertex 76.74462980399413 22.18793332892941 -79.25
      vertex 76.685 21.735 -79.25
    endloop
  endfacet
  facet normal 0.9914448613738113 -0.13052619222004494 0
    outer loop
      vertex 76.685 21.735 -80.75
      vertex 76.74462980399413 22.18793332892941 -80.75
      vertex 76.74462980399413 22.18793332892941 -79.25
    endloop
  endfacet
  facet normal 0 0 1
    outer loop
      vertex 75.10000000149012 20.824873737990856 -79.25
      vertex 76.74462980399413 22.18793332892941 -79.25
      vertex 76.91945554337724 22.61 -79.25
    endloop
  endfacet
  facet normal 0 0 1
    outer loop
      vertex 75.10000000149012 20.824873737990856 -79.25
      vertex 76.91945554337724 22.61 -79.25
      vertex 77.03266928784828 22.75754302434902 -79.25
    endloop
  endfacet
  facet normal 0.9238795325112806 -0.3826834323651044 0
    outer loop
      vertex 76.74462980399413 22.18793332892941 -80.75
      vertex 76.91945554337724 22.61 -79.25
      vertex 76.74462980399413 22.18793332892941 -79.25
    endloop
  endfacet
  facet normal 0.9238795325112806 -0.3826834323651044 0
    outer loop
      vertex 76.74462980399413 22.18793332892941 -80.75
      vertex 76.91945554337724 22.61 -80.75
      vertex 76.91945554337724 22.61 -79.25
    endloop
  endfacet
  facet normal 0 0 1
    outer loop
      vertex 77.57487373799086 18.350000001490116 -79.25
      vertex 77.9820666710706 20.04462980399413 -79.25
      vertex 77.56 20.219455543377233 -79.25
    endloop
  endfacet
  facet normal 0 0 1
    outer loop
      vertex 77.57487373799086 18.350000001490116 -79.25
      vertex 78.435 19.985 -79.25
      vertex 77.9820666710706 20.04462980399413 -79.25
    endloop
  endfacet
  facet normal 0 0 1
    outer loop
      vertex 77.57487373799086 18.350000001490116 -79.25
      vertex 78.8879333289294 20.04462980399413 -79.25
      vertex 78.435 19.985 -79.25
    endloop
  endfacet
  facet normal 0 0 1
    outer loop
      vertex 77.57487373799086 18.350000001490116 -79.25
      vertex 79.31 20.219455543377233 -79.25
      vertex 78.8879333289294 20.04462980399413 -79.25
    endloop
  endfacet
  facet normal 0.3826834323650856 0.9238795325112884 0
    outer loop
      vertex 77.9820666710706 20.04462980399413 -80.75
      vertex 77.56 20.219455543377233 -79.25
      vertex 77.9820666710706 20.04462980399413 -79.25
    endloop
  endfacet
  facet normal 0.1305261922200546 0.99144486137381 0
    outer loop
      vertex 77.9820666710706 20.04462980399413 -80.75
      vertex 77.9820666710706 20.04462980399413 -79.25
      vertex 78.435 19.985 -80.75
    endloop
  endfacet
  facet normal -0.1305261922200546 0.99144486137381 0
    outer loop
      vertex 78.435 19.985 -80.75
      vertex 78.435 19.985 -79.25
      vertex 78.8879333289294 20.04462980399413 -80.75
    endloop
  endfacet
  facet normal 0.1305261922200546 0.99144486137381 0
    outer loop
      vertex 78.435 19.985 -80.75
      vertex 77.9820666710706 20.04462980399413 -79.25
      vertex 78.435 19.985 -79.25
    endloop
  endfacet
  facet normal 0 0 1
    outer loop
      vertex 77.57487373799086 18.350000001490116 -79.25
      vertex 79.67243686707646 20.497563132923542 -79.25
      vertex 79.31 20.219455543377233 -79.25
    endloop
  endfacet
  facet normal -0.3826834323650856 0.9238795325112884 0
    outer loop
      vertex 78.8879333289294 20.04462980399413 -80.75
      vertex 78.8879333289294 20.04462980399413 -79.25
      vertex 79.31 20.219455543377233 -80.75
    endloop
  endfacet
  facet normal -0.1305261922200546 0.99144486137381 0
    outer loop
      vertex 78.435 19.985 -79.25
      vertex 78.8879333289294 20.04462980399413 -79.25
      vertex 78.8879333289294 20.04462980399413 -80.75
    endloop
  endfacet
  facet normal 0 0 1
    outer loop
      vertex 77.57487373799086 18.350000001490116 -79.25
      vertex 79.73743686825037 20.51256313174963 -79.25
      vertex 79.67243686707646 20.497563132923542 -79.25
    endloop
  endfacet
  facet normal 0.3826834323650856 0.9238795325112884 0
    outer loop
      vertex 77.9820666710706 20.04462980399413 -80.75
      vertex 77.56 20.219455543377233 -80.75
      vertex 77.56 20.219455543377233 -79.25
    endloop
  endfacet
  facet normal 0.6087614290087244 0.7933533402912322 0
    outer loop
      vertex 77.19756313292355 20.497563132923542 -79.25
      vertex 77.56 20.219455543377233 -79.25
      vertex 77.56 20.219455543377233 -80.75
    endloop
  endfacet
  facet normal -0.3826834323650856 0.9238795325112884 0
    outer loop
      vertex 78.8879333289294 20.04462980399413 -79.25
      vertex 79.31 20.219455543377233 -79.25
      vertex 79.31 20.219455543377233 -80.75
    endloop
  endfacet
  facet normal -0.6087614290087244 0.7933533402912322 0
    outer loop
      vertex 79.31 20.219455543377233 -80.75
      vertex 79.31 20.219455543377233 -79.25
      vertex 79.67243686707646 20.497563132923542 -80.75
    endloop
  endfacet
  facet normal -0.6087614290087244 0.7933533402912322 0
    outer loop
      vertex 79.67243686707646 20.497563132923542 -80.75
      vertex 79.31 20.219455543377233 -79.25
      vertex 79.67243686707646 20.497563132923542 -79.25
    endloop
  endfacet
  facet normal -0.793353340291235 0.6087614290087207 0
    outer loop
      vertex 79.67243686707646 20.497563132923542 -80.75
      vertex 79.67243686707646 20.497563132923542 -79.25
      vertex 79.95054445662277 20.86 -80.75
    endloop
  endfacet
  facet normal -0.793353340291235 0.6087614290087207 0
    outer loop
      vertex 79.67243686707646 20.497563132923542 -79.25
      vertex 79.95054445662277 20.86 -79.25
      vertex 79.95054445662277 20.86 -80.75
    endloop
  endfacet
  facet normal 0 0 1
    outer loop
      vertex 79.67243686707646 20.497563132923542 -79.25
      vertex 79.73743686825037 20.51256313174963 -79.25
      vertex 79.95054445662277 20.86 -79.25
    endloop
  endfacet
  facet normal 0 0 1
    outer loop
      vertex 79.73743686825037 20.51256313174963 -79.25
      vertex 80.01554445922375 20.875 -79.25
      vertex 79.95054445662277 20.86 -79.25
    endloop
  endfacet
  facet normal 1 0 0
    outer loop
      vertex 82.43500000238419 19.542929304287465 -80
      vertex 82.43500000238419 20.277070696010558 -80
      vertex 82.43500000238419 19.542929304287465 -79.25
    endloop
  endfacet
  facet normal 1 0 0
    outer loop
      vertex 82.43500000238419 19.542929304287465 -79.25
      vertex 82.43500000238419 20.277070696010558 -80
      vertex 82.43500000238419 20.277070696010558 -79.25
    endloop
  endfacet
  facet normal 0 0 1
    outer loop
      vertex 82.35458029806614 19.55892577767372 -79.25
      vertex 82.43500000238419 19.542929304287465 -79.25
      vertex 82.43500000238419 20.277070696010558 -79.25
    endloop
  endfacet
  facet normal 0 0 1
    outer loop
      vertex 82.23129942268133 19.641299426555634 -79.25
      vertex 82.35458029806614 20.261074222624302 -79.25
      vertex 82.14892578125 19.76458029448986 -79.25
    endloop
  endfacet
  facet normal 0 0 1
    outer loop
      vertex 82.35458029806614 19.55892577767372 -79.25
      vertex 82.43500000238419 20.277070696010558 -79.25
      vertex 82.23129942268133 19.641299426555634 -79.25
    endloop
  endfacet
  facet normal 0 0 1
    outer loop
      vertex 82.14892578125 19.76458029448986 -79.25
      vertex 82.23129942268133 20.17870057374239 -79.25
      vertex 82.11999999731779 19.90999999642372 -79.25
    endloop
  endfacet
  facet normal 0 0 1
    outer loop
      vertex 82.11999999731779 19.90999999642372 -79.25
      vertex 82.23129942268133 20.17870057374239 -79.25
      vertex 82.14892578125 20.055419705808163 -79.25
    endloop
  endfacet
  facet normal 0 0 1
    outer loop
      vertex 82.14892578125 19.76458029448986 -79.25
      vertex 82.35458029806614 20.261074222624302 -79.25
      vertex 82.23129942268133 20.17870057374239 -79.25
    endloop
  endfacet
  facet normal 0 0 1
    outer loop
      vertex 82.23129942268133 19.641299426555634 -79.25
      vertex 82.43500000238419 20.277070696010558 -79.25
      vertex 82.35458029806614 20.261074222624302 -79.25
    endloop
  endfacet
  facet normal 1 0 0
    outer loop
      vertex 82.43500000238419 19.542929304287465 -80
      vertex 82.43500000238419 21.79500000178814 -80.75
      vertex 82.43500000238419 20.277070696010558 -80
    endloop
  endfacet
  facet normal -0.9238795325112806 0.3826834323651044 0
    outer loop
      vertex 79.95054445662277 20.86 -80.75
      vertex 79.95054445662277 20.86 -79.25
      vertex 80.12537019600587 21.282066671070588 -80.75
    endloop
  endfacet
  facet normal -0.9238795325112806 0.3826834323651044 0
    outer loop
      vertex 79.95054445662277 20.86 -79.25
      vertex 80.12537019600587 21.282066671070588 -79.25
      vertex 80.12537019600587 21.282066671070588 -80.75
    endloop
  endfacet
  facet normal 0 0 1
    outer loop
      vertex 79.95054445662277 20.86 -79.25
      vertex 80.01554445922375 20.875 -79.25
      vertex 80.12537019600587 21.282066671070588 -79.25
    endloop
  endfacet
  facet normal 0 0 1
    outer loop
      vertex 80.01554445922375 20.875 -79.25
      vertex 80.19037019461393 21.297066673636436 -79.25
      vertex 80.12537019600587 21.282066671070588 -79.25
    endloop
  endfacet
  facet normal -0.9914448613738113 0.13052619222004494 0
    outer loop
      vertex 80.12537019600587 21.282066671070588 -80.75
      vertex 80.12537019600587 21.282066671070588 -79.25
      vertex 80.185 21.735 -80.75
    endloop
  endfacet
  facet normal -0.9914448613738113 0.13052619222004494 0
    outer loop
      vertex 80.12537019600587 21.282066671070588 -79.25
      vertex 80.185 21.735 -79.25
      vertex 80.185 21.735 -80.75
    endloop
  endfacet
  facet normal 0 0 -1
    outer loop
      vertex 80.12537019600587 21.282066671070588 -80.75
      vertex 80.185 21.735 -80.75
      vertex 82.43500000238419 21.79500000178814 -80.75
    endloop
  endfacet
  facet normal 0 0 1
    outer loop
      vertex 80.12537019600587 21.282066671070588 -79.25
      vertex 80.19037019461393 21.297066673636436 -79.25
      vertex 80.185 21.735 -79.25
    endloop
  endfacet
  facet normal 0 0 1
    outer loop
      vertex 80.19037019461393 21.297066673636436 -79.25
      vertex 80.25 21.75 -79.25
      vertex 80.185 21.735 -79.25
    endloop
  endfacet
  facet normal 1 0 0
    outer loop
      vertex 82.43500000238419 20.277070696010558 -80
      vertex 82.43500000238419 21.79500000178814 -80.75
      vertex 82.43500000238419 21.79500000178814 -80
    endloop
  endfacet
  facet normal -0.9914448613738113 -0.13052619222004494 0
    outer loop
      vertex 80.185 21.735 -80.75
      vertex 80.185 21.735 -79.25
      vertex 80.12537019600587 22.18793332892941 -80.75
    endloop
  endfacet
  facet normal -0.9914448613738113 -0.13052619222004494 0
    outer loop
      vertex 80.185 21.735 -79.25
      vertex 80.12537019600587 22.18793332892941 -79.25
      vertex 80.12537019600587 22.18793332892941 -80.75
    endloop
  endfacet
  facet normal 0 0 -1
    outer loop
      vertex 80.185 21.735 -80.75
      vertex 80.12537019600587 22.18793332892941 -80.75
      vertex 82.41602782905102 22.18118753284216 -80.75
    endloop
  endfacet
  facet normal 0 0 1
    outer loop
      vertex 80.185 21.735 -79.25
      vertex 80.25 21.75 -79.25
      vertex 80.12537019600587 22.18793332892941 -79.25
    endloop
  endfacet
  facet normal 0 0 1
    outer loop
      vertex 80.25 21.75 -79.25
      vertex 80.19037019461393 22.202933326363564 -79.25
      vertex 80.12537019600587 22.18793332892941 -79.25
    endloop
  endfacet
  facet normal -0.9238795325112806 -0.3826834323651044 0
    outer loop
      vertex 80.12537019600587 22.18793332892941 -80.75
      vertex 80.12537019600587 22.18793332892941 -79.25
      vertex 79.95054445662277 22.61 -80.75
    endloop
  endfacet
  facet normal -0.9238795325112806 -0.3826834323651044 0
    outer loop
      vertex 80.12537019600587 22.18793332892941 -79.25
      vertex 79.95054445662277 22.61 -79.25
      vertex 79.95054445662277 22.61 -80.75
    endloop
  endfacet
  facet normal 0 0 -1
    outer loop
      vertex 80.12537019600587 22.18793332892941 -80.75
      vertex 79.95054445662277 22.61 -80.75
      vertex 82.35929401218891 22.563655868172646 -80.75
    endloop
  endfacet
  facet normal 0 0 1
    outer loop
      vertex 80.12537019600587 22.18793332892941 -79.25
      vertex 80.19037019461393 22.202933326363564 -79.25
      vertex 79.95054445662277 22.61 -79.25
    endloop
  endfacet
  facet normal 0 0 1
    outer loop
      vertex 80.19037019461393 22.202933326363564 -79.25
      vertex 80.01554445922375 22.625 -79.25
      vertex 79.95054445662277 22.61 -79.25
    endloop
  endfacet
  facet normal 0 0 -1
    outer loop
      vertex 80.185 21.735 -80.75
      vertex 82.41602782905102 22.18118753284216 -80.75
      vertex 82.43500000238419 21.79500000178814 -80.75
    endloop
  endfacet
  facet normal 0.9987954566472489 0.04906766532874333 0
    outer loop
      vertex 82.43500000238419 21.79500000178814 -80.75
      vertex 82.41602782905102 22.18118753284216 -80
      vertex 82.43500000238419 21.79500000178814 -80
    endloop
  endfacet
  facet normal 0.9987954566472489 0.04906766532874333 0
    outer loop
      vertex 82.43500000238419 21.79500000178814 -80.75
      vertex 82.41602782905102 22.18118753284216 -80.75
      vertex 82.41602782905102 22.18118753284216 -80
    endloop
  endfacet
  facet normal 0 0 -1
    outer loop
      vertex 80.12537019600587 22.18793332892941 -80.75
      vertex 82.35929401218891 22.563655868172646 -80.75
      vertex 82.41602782905102 22.18118753284216 -80.75
    endloop
  endfacet
  facet normal 0.9891765104757831 0.14673047101046435 0
    outer loop
      vertex 82.41602782905102 22.18118753284216 -80.75
      vertex 82.35929401218891 22.563655868172646 -80
      vertex 82.41602782905102 22.18118753284216 -80
    endloop
  endfacet
  facet normal 0.9891765104757831 0.14673047101046435 0
    outer loop
      vertex 82.41602782905102 22.18118753284216 -80.75
      vertex 82.35929401218891 22.563655868172646 -80.75
      vertex 82.35929401218891 22.563655868172646 -80
    endloop
  endfacet
  facet normal 0.7933533402912353 -0.6087614290087207 0
    outer loop
      vertex 76.91945554337724 22.61 -80.75
      vertex 77.03266928784828 22.75754302434902 -80
      vertex 76.91945554337724 22.61 -79.25
    endloop
  endfacet
  facet normal 0.7933533402912353 -0.6087614290087207 0
    outer loop
      vertex 77.03266928784828 22.75754302434902 -80
      vertex 77.03266928784828 22.75754302434902 -79.25
      vertex 76.91945554337724 22.61 -79.25
    endloop
  endfacet
  facet normal 0.7933533402912352 -0.6087614290087208 3.4156366614769774e-17
    outer loop
      vertex 76.91945554337724 22.61 -80.75
      vertex 77.19756313292355 22.972436867076457 -80
      vertex 77.03266928784828 22.75754302434902 -80
    endloop
  endfacet
  facet normal 0.793353340291235 -0.6087614290087207 0
    outer loop
      vertex 76.91945554337724 22.61 -80.75
      vertex 77.19756313292355 22.972436867076457 -80.75
      vertex 77.19756313292355 22.972436867076457 -80
    endloop
  endfacet
  facet normal 0.6087614290087244 -0.7933533402912322 0
    outer loop
      vertex 77.19756313292355 22.972436867076457 -80.75
      vertex 77.56 23.250544456622766 -80
      vertex 77.19756313292355 22.972436867076457 -80
    endloop
  endfacet
  facet normal 0.6087614290087244 -0.7933533402912322 0
    outer loop
      vertex 77.19756313292355 22.972436867076457 -80.75
      vertex 77.56 23.250544456622766 -80.75
      vertex 77.56 23.250544456622766 -80
    endloop
  endfacet
  facet normal 0.3826834323650856 -0.9238795325112884 0
    outer loop
      vertex 77.56 23.250544456622766 -80.75
      vertex 77.9820666710706 23.42537019600587 -80
      vertex 77.56 23.250544456622766 -80
    endloop
  endfacet
  facet normal -0.793353340291235 -0.6087614290087207 0
    outer loop
      vertex 79.67243686707646 22.972436867076457 -80.75
      vertex 79.95054445662277 22.61 -80.75
      vertex 79.95054445662277 22.61 -79.25
    endloop
  endfacet
  facet normal -0.793353340291235 -0.6087614290087207 0
    outer loop
      vertex 79.67243686707646 22.972436867076457 -80.75
      vertex 79.95054445662277 22.61 -79.25
      vertex 79.67243686707646 22.972436867076457 -79.25
    endloop
  endfacet
  facet normal 0 0 1
    outer loop
      vertex 79.67243686707646 22.972436867076457 -79.25
      vertex 79.95054445662277 22.61 -79.25
      vertex 80.01554445922375 22.625 -79.25
    endloop
  endfacet
  facet normal 0 0 1
    outer loop
      vertex 79.67243686707646 22.972436867076457 -79.25
      vertex 80.01554445922375 22.625 -79.25
      vertex 79.73743686825037 22.98743686825037 -79.25
    endloop
  endfacet
  facet normal -0.3826834323650856 -0.9238795325112884 0
    outer loop
      vertex 79.31 23.250544456622766 -80.75
      vertex 79.31 23.250544456622766 -79.25
      vertex 78.8879333289294 23.42537019600587 -80.75
    endloop
  endfacet
  facet normal -0.6087614290087244 -0.7933533402912322 0
    outer loop
      vertex 79.67243686707646 22.972436867076457 -80.75
      vertex 79.67243686707646 22.972436867076457 -79.25
      vertex 79.31 23.250544456622766 -80.75
    endloop
  endfacet
  facet normal -0.6087614290087244 -0.7933533402912322 0
    outer loop
      vertex 79.31 23.250544456622766 -80.75
      vertex 79.67243686707646 22.972436867076457 -79.25
      vertex 79.31 23.250544456622766 -79.25
    endloop
  endfacet
  facet normal 0 0 1
    outer loop
      vertex 79.31 23.250544456622766 -79.25
      vertex 79.375 23.265544459223747 -79.25
      vertex 78.8879333289294 23.42537019600587 -79.25
    endloop
  endfacet
  facet normal 0 0 1
    outer loop
      vertex 79.67243686707646 22.972436867076457 -79.25
      vertex 79.73743686825037 22.98743686825037 -79.25
      vertex 79.31 23.250544456622766 -79.25
    endloop
  endfacet
  facet normal 0 0 1
    outer loop
      vertex 79.73743686825037 22.98743686825037 -79.25
      vertex 79.375 23.265544459223747 -79.25
      vertex 79.31 23.250544456622766 -79.25
    endloop
  endfacet
  facet normal 0.3826834323650856 -0.9238795325112884 0
    outer loop
      vertex 77.56 23.250544456622766 -80.75
      vertex 77.9820666710706 23.42537019600587 -80.75
      vertex 77.9820666710706 23.42537019600587 -80
    endloop
  endfacet
  facet normal 0.130526192219992 -0.9914448613738182 0
    outer loop
      vertex 77.9820666710706 23.42537019600587 -80.75
      vertex 78.02426598733138 23.430925841388078 -80
      vertex 77.9820666710706 23.42537019600587 -80
    endloop
  endfacet
  facet normal 0.1305261922200546 -0.99144486137381 0
    outer loop
      vertex 77.9820666710706 23.42537019600587 -80.75
      vertex 78.435 23.485 -80.75
      vertex 78.435 23.485 -79.25
    endloop
  endfacet
  facet normal 0.13052619222006892 -0.9914448613738082 -4.402360683159088e-15
    outer loop
      vertex 77.9820666710706 23.42537019600587 -80.75
      vertex 78.435 23.485 -79.25
      vertex 78.02426598733138 23.430925841388078 -80
    endloop
  endfacet
  facet normal 0.130526192220061 -0.991444861373809 0
    outer loop
      vertex 78.02426598733138 23.430925841388078 -80
      vertex 78.435 23.485 -79.25
      vertex 78.02426598733138 23.430925841388078 -79.25
    endloop
  endfacet
  facet normal -0.1305261922200546 -0.99144486137381 0
    outer loop
      vertex 78.435 23.485 -80.75
      vertex 78.8879333289294 23.42537019600587 -79.25
      vertex 78.435 23.485 -79.25
    endloop
  endfacet
  facet normal 0 0 1
    outer loop
      vertex 78.02426598733138 23.430925841388078 -79.25
      vertex 78.5 23.5 -79.25
      vertex 78.04706667363644 23.440370194613934 -79.25
    endloop
  endfacet
  facet normal 0 0 1
    outer loop
      vertex 78.02426598733138 23.430925841388078 -79.25
      vertex 78.435 23.485 -79.25
      vertex 78.5 23.5 -79.25
    endloop
  endfacet
  facet normal 0 0 1
    outer loop
      vertex 78.435 23.485 -79.25
      vertex 78.95293332636356 23.440370194613934 -79.25
      vertex 78.5 23.5 -79.25
    endloop
  endfacet
  facet normal -0.1305261922200546 -0.99144486137381 0
    outer loop
      vertex 78.435 23.485 -80.75
      vertex 78.8879333289294 23.42537019600587 -80.75
      vertex 78.8879333289294 23.42537019600587 -79.25
    endloop
  endfacet
  facet normal -0.3826834323650856 -0.9238795325112884 0
    outer loop
      vertex 79.31 23.250544456622766 -79.25
      vertex 78.8879333289294 23.42537019600587 -79.25
      vertex 78.8879333289294 23.42537019600587 -80.75
    endloop
  endfacet
  facet normal 0 0 -1
    outer loop
      vertex 78.435 23.485 -80.75
      vertex 81.96976978331804 23.652303144335747 -80.75
      vertex 78.8879333289294 23.42537019600587 -80.75
    endloop
  endfacet
  facet normal 0 0 1
    outer loop
      vertex 78.435 23.485 -79.25
      vertex 78.8879333289294 23.42537019600587 -79.25
      vertex 78.95293332636356 23.440370194613934 -79.25
    endloop
  endfacet
  facet normal 0 0 1
    outer loop
      vertex 79.375 23.265544459223747 -79.25
      vertex 78.95293332636356 23.440370194613934 -79.25
      vertex 78.8879333289294 23.42537019600587 -79.25
    endloop
  endfacet
  facet normal 0 0 -1
    outer loop
      vertex 79.67243686707646 22.972436867076457 -80.75
      vertex 82.26534492522478 22.938721626996994 -80.75
      vertex 79.95054445662277 22.61 -80.75
    endloop
  endfacet
  facet normal 0 0 -1
    outer loop
      vertex 79.31 23.250544456622766 -80.75
      vertex 78.8879333289294 23.42537019600587 -80.75
      vertex 82.13508535921574 23.302772723138332 -80.75
    endloop
  endfacet
  facet normal 0 0 -1
    outer loop
      vertex 79.67243686707646 22.972436867076457 -80.75
      vertex 79.31 23.250544456622766 -80.75
      vertex 82.13508535921574 23.302772723138332 -80.75
    endloop
  endfacet
  facet normal 0 0 -1
    outer loop
      vertex 79.95054445662277 22.61 -80.75
      vertex 82.26534492522478 22.938721626996994 -80.75
      vertex 82.35929401218891 22.563655868172646 -80.75
    endloop
  endfacet
  facet normal 0.9700312500464147 0.24298019247130095 0
    outer loop
      vertex 82.35929401218891 22.563655868172646 -80.75
      vertex 82.26534492522478 22.938721626996994 -80
      vertex 82.35929401218891 22.563655868172646 -80
    endloop
  endfacet
  facet normal 0.9700312500464147 0.24298019247130095 0
    outer loop
      vertex 82.35929401218891 22.563655868172646 -80.75
      vertex 82.26534492522478 22.938721626996994 -80.75
      vertex 82.26534492522478 22.938721626996994 -80
    endloop
  endfacet
  facet normal 0 0 -1
    outer loop
      vertex 79.67243686707646 22.972436867076457 -80.75
      vertex 82.13508535921574 23.302772723138332 -80.75
      vertex 82.26534492522478 22.938721626996994 -80.75
    endloop
  endfacet
  facet normal 0.9415440643964144 0.3368898555906379 0
    outer loop
      vertex 82.26534492522478 22.938721626996994 -80.75
      vertex 82.13508535921574 23.302772723138332 -80
      vertex 82.26534492522478 22.938721626996994 -80
    endloop
  endfacet
  facet normal 0.9415440643964144 0.3368898555906379 0
    outer loop
      vertex 82.26534492522478 22.938721626996994 -80.75
      vertex 82.13508535921574 23.302772723138332 -80.75
      vertex 82.13508535921574 23.302772723138332 -80
    endloop
  endfacet
  facet normal 0 0 -1
    outer loop
      vertex 78.8879333289294 23.42537019600587 -80.75
      vertex 81.96976978331804 23.652303144335747 -80.75
      vertex 82.13508535921574 23.302772723138332 -80.75
    endloop
  endfacet
  facet normal 0.9039892945540355 0.4275550904055492 0
    outer loop
      vertex 82.13508535921574 23.302772723138332 -80.75
      vertex 81.96976978331804 23.652303144335747 -80
      vertex 82.13508535921574 23.302772723138332 -80
    endloop
  endfacet
  facet normal 0.9039892945540355 0.4275550904055492 0
    outer loop
      vertex 82.13508535921574 23.302772723138332 -80.75
      vertex 81.96976978331804 23.652303144335747 -80.75
      vertex 81.96976978331804 23.652303144335747 -80
    endloop
  endfacet
  facet normal 0.8577286099453738 0.5141027442848138 0
    outer loop
      vertex 81.96976978331804 23.652303144335747 -80.75
      vertex 81.77099027484655 23.983946718275547 -80.75
      vertex 81.77099027484655 23.983946718275547 -80
    endloop
  endfacet
  facet normal 0.8032075421878958 0.5956992900553765 0
    outer loop
      vertex 81.77099027484655 23.983946718275547 -80.75
      vertex 81.54066119343042 24.294509544968605 -80
      vertex 81.77099027484655 23.983946718275547 -80
    endloop
  endfacet
  facet normal 0.8577286099453738 0.5141027442848138 0
    outer loop
      vertex 81.96976978331804 23.652303144335747 -80.75
      vertex 81.77099027484655 23.983946718275547 -80
      vertex 81.96976978331804 23.652303144335747 -80
    endloop
  endfacet
  facet normal 0.04906766532874333 0.9987954566472489 0
    outer loop
      vertex 78.49500000476837 25.734999999403954 -80.75
      vertex 78.49500000476837 25.734999999403954 -80
      vertex 78.88118753582239 25.716027826070786 -80.75
    endloop
  endfacet
  facet normal 0.04906766532874333 0.9987954566472489 0
    outer loop
      vertex 78.49500000476837 25.734999999403954 -80
      vertex 78.88118753582239 25.716027826070786 -80
      vertex 78.88118753582239 25.716027826070786 -80.75
    endloop
  endfacet
  facet normal 0.14673047101046435 0.9891765104757831 0
    outer loop
      vertex 78.88118753582239 25.716027826070786 -80.75
      vertex 78.88118753582239 25.716027826070786 -80
      vertex 79.26365587115288 25.65929400920868 -80.75
    endloop
  endfacet
  facet normal 0.14673047101046435 0.9891765104757831 0
    outer loop
      vertex 79.26365587115288 25.65929400920868 -80.75
      vertex 78.88118753582239 25.716027826070786 -80
      vertex 79.26365587115288 25.65929400920868 -80
    endloop
  endfacet
  facet normal 0.3368898555906379 0.9415440643964144 0
    outer loop
      vertex 79.63872162997723 25.56534492224455 -80.75
      vertex 79.63872162997723 25.56534492224455 -80
      vertex 80.00277272611856 25.435085356235504 -80.75
    endloop
  endfacet
  facet normal 0.3368898555906379 0.9415440643964144 0
    outer loop
      vertex 79.63872162997723 25.56534492224455 -80
      vertex 80.00277272611856 25.435085356235504 -80
      vertex 80.00277272611856 25.435085356235504 -80.75
    endloop
  endfacet
  facet normal 0.24298019247130095 0.9700312500464147 0
    outer loop
      vertex 79.26365587115288 25.65929400920868 -80.75
      vertex 79.26365587115288 25.65929400920868 -80
      vertex 79.63872162997723 25.56534492224455 -80.75
    endloop
  endfacet
  facet normal 0.24298019247130095 0.9700312500464147 0
    outer loop
      vertex 79.26365587115288 25.65929400920868 -80
      vertex 79.63872162997723 25.56534492224455 -80
      vertex 79.63872162997723 25.56534492224455 -80.75
    endloop
  endfacet
  facet normal 0.6715589539919945 0.7409511261299075 0
    outer loop
      vertex 80.99450954794884 24.84066119045019 -80
      vertex 81.28100072592497 24.581000722944736 -80
      vertex 81.28100072592497 24.581000722944736 -80.75
    endloop
  endfacet
  facet normal 0.6715589539919945 0.7409511261299075 0
    outer loop
      vertex 80.99450954794884 24.84066119045019 -80.75
      vertex 80.99450954794884 24.84066119045019 -80
      vertex 81.28100072592497 24.581000722944736 -80.75
    endloop
  endfacet
  facet normal 0.5956992900553765 0.8032075421878958 0
    outer loop
      vertex 80.99450954794884 24.84066119045019 -80.75
      vertex 80.68394672125578 25.07099027186632 -80
      vertex 80.99450954794884 24.84066119045019 -80
    endloop
  endfacet
  facet normal 0.8032075421878958 0.5956992900553765 0
    outer loop
      vertex 81.77099027484655 23.983946718275547 -80.75
      vertex 81.54066119343042 24.294509544968605 -80.75
      vertex 81.54066119343042 24.294509544968605 -80
    endloop
  endfacet
  facet normal 0.7409511261299075 0.6715589539919945 0
    outer loop
      vertex 81.54066119343042 24.294509544968605 -80.75
      vertex 81.28100072592497 24.581000722944736 -80
      vertex 81.54066119343042 24.294509544968605 -80
    endloop
  endfacet
  facet normal 0.7409511261299075 0.6715589539919945 0
    outer loop
      vertex 81.54066119343042 24.294509544968605 -80.75
      vertex 81.28100072592497 24.581000722944736 -80.75
      vertex 81.28100072592497 24.581000722944736 -80
    endloop
  endfacet
  facet normal 0.4275550904055492 0.9039892945540355 0
    outer loop
      vertex 80.35230314731598 25.26976978033781 -80.75
      vertex 80.00277272611856 25.435085356235504 -80
      vertex 80.35230314731598 25.26976978033781 -80
    endloop
  endfacet
  facet normal 0.5141027442848138 0.8577286099453738 0
    outer loop
      vertex 80.35230314731598 25.26976978033781 -80.75
      vertex 80.35230314731598 25.26976978033781 -80
      vertex 80.68394672125578 25.07099027186632 -80.75
    endloop
  endfacet
  facet normal 0.5956992900553765 0.8032075421878958 0
    outer loop
      vertex 80.99450954794884 24.84066119045019 -80.75
      vertex 80.68394672125578 25.07099027186632 -80.75
      vertex 80.68394672125578 25.07099027186632 -80
    endloop
  endfacet
  facet normal 0.5141027442848138 0.8577286099453738 0
    outer loop
      vertex 80.35230314731598 25.26976978033781 -80
      vertex 80.68394672125578 25.07099027186632 -80
      vertex 80.68394672125578 25.07099027186632 -80.75
    endloop
  endfacet
  facet normal 0.4275550904055492 0.9039892945540355 0
    outer loop
      vertex 80.35230314731598 25.26976978033781 -80.75
      vertex 80.00277272611856 25.435085356235504 -80.75
      vertex 80.00277272611856 25.435085356235504 -80
    endloop
  endfacet
  facet normal -0.4275550904055492 -0.9039892945540355 0
    outer loop
      vertex -80.00277272611856 -25.435085356235504 80.75
      vertex -80.00277272611856 -25.435085356235504 82.25
      vertex -80.35230314731598 -25.26976978033781 82.25
    endloop
  endfacet
  facet normal -0.5141027442848138 -0.8577286099453738 0
    outer loop
      vertex -80.68394672125578 -25.07099027186632 80.75
      vertex -80.35230314731598 -25.26976978033781 80.75
      vertex -80.68394672125578 -25.07099027186632 82.25
    endloop
  endfacet
  facet normal -0.5956992900553765 -0.8032075421878958 0
    outer loop
      vertex -80.68394672125578 -25.07099027186632 80.75
      vertex -80.68394672125578 -25.07099027186632 82.25
      vertex -80.99450954794884 -24.84066119045019 82.25
    endloop
  endfacet
  facet normal -0.4275550904055492 -0.9039892945540355 0
    outer loop
      vertex -80.00277272611856 -25.435085356235504 80.75
      vertex -80.35230314731598 -25.26976978033781 82.25
      vertex -80.35230314731598 -25.26976978033781 80.75
    endloop
  endfacet
  facet normal -0.5141027442848138 -0.8577286099453738 0
    outer loop
      vertex -80.35230314731598 -25.26976978033781 80.75
      vertex -80.35230314731598 -25.26976978033781 82.25
      vertex -80.68394672125578 -25.07099027186632 82.25
    endloop
  endfacet
  facet normal -0.7409511261299075 -0.6715589539919945 0
    outer loop
      vertex -81.28100072592497 -24.581000722944736 80.75
      vertex -81.54066119343042 -24.294509544968605 82.25
      vertex -81.54066119343042 -24.294509544968605 80.75
    endloop
  endfacet
  facet normal -0.7409511261299075 -0.6715589539919945 0
    outer loop
      vertex -81.28100072592497 -24.581000722944736 80.75
      vertex -81.28100072592497 -24.581000722944736 82.25
      vertex -81.54066119343042 -24.294509544968605 82.25
    endloop
  endfacet
  facet normal -0.8032075421878958 -0.5956992900553765 0
    outer loop
      vertex -81.54066119343042 -24.294509544968605 80.75
      vertex -81.54066119343042 -24.294509544968605 82.25
      vertex -81.77099027484655 -23.983946718275547 82.25
    endloop
  endfacet
  facet normal -0.5956992900553765 -0.8032075421878958 0
    outer loop
      vertex -80.68394672125578 -25.07099027186632 80.75
      vertex -80.99450954794884 -24.84066119045019 82.25
      vertex -80.99450954794884 -24.84066119045019 80.75
    endloop
  endfacet
  facet normal -0.6715589539919945 -0.7409511261299075 0
    outer loop
      vertex -81.28100072592497 -24.581000722944736 82.25
      vertex -80.99450954794884 -24.84066119045019 80.75
      vertex -80.99450954794884 -24.84066119045019 82.25
    endloop
  endfacet
  facet normal -0.6715589539919945 -0.7409511261299075 0
    outer loop
      vertex -81.28100072592497 -24.581000722944736 80.75
      vertex -80.99450954794884 -24.84066119045019 80.75
      vertex -81.28100072592497 -24.581000722944736 82.25
    endloop
  endfacet
  facet normal -0.24298019247130095 -0.9700312500464147 0
    outer loop
      vertex -79.63872162997723 -25.56534492224455 80.75
      vertex -79.26365587115288 -25.65929400920868 80.75
      vertex -79.63872162997723 -25.56534492224455 82.25
    endloop
  endfacet
  facet normal -0.24298019247130095 -0.9700312500464147 0
    outer loop
      vertex -79.26365587115288 -25.65929400920868 80.75
      vertex -79.26365587115288 -25.65929400920868 82.25
      vertex -79.63872162997723 -25.56534492224455 82.25
    endloop
  endfacet
  facet normal -0.3368898555906379 -0.9415440643964144 0
    outer loop
      vertex -80.00277272611856 -25.435085356235504 80.75
      vertex -79.63872162997723 -25.56534492224455 80.75
      vertex -80.00277272611856 -25.435085356235504 82.25
    endloop
  endfacet
  facet normal -0.3368898555906379 -0.9415440643964144 0
    outer loop
      vertex -80.00277272611856 -25.435085356235504 82.25
      vertex -79.63872162997723 -25.56534492224455 80.75
      vertex -79.63872162997723 -25.56534492224455 82.25
    endloop
  endfacet
  facet normal -0.14673047101046435 -0.9891765104757831 0
    outer loop
      vertex -79.26365587115288 -25.65929400920868 80.75
      vertex -78.88118753582239 -25.716027826070786 80.75
      vertex -79.26365587115288 -25.65929400920868 82.25
    endloop
  endfacet
  facet normal -0.04906766532874333 -0.9987954566472489 0
    outer loop
      vertex -78.88118753582239 -25.716027826070786 80.75
      vertex -78.49500000476837 -25.734999999403954 80.75
      vertex -78.88118753582239 -25.716027826070786 82.25
    endloop
  endfacet
  facet normal -0.14673047101046435 -0.9891765104757831 0
    outer loop
      vertex -78.88118753582239 -25.716027826070786 80.75
      vertex -78.88118753582239 -25.716027826070786 82.25
      vertex -79.26365587115288 -25.65929400920868 82.25
    endloop
  endfacet
  facet normal -0.04906766532874333 -0.9987954566472489 0
    outer loop
      vertex -78.88118753582239 -25.716027826070786 82.25
      vertex -78.49500000476837 -25.734999999403954 80.75
      vertex -78.49500000476837 -25.734999999403954 82.25
    endloop
  endfacet
  facet normal -0.8577286099453738 -0.5141027442848138 0
    outer loop
      vertex -81.77099027484655 -23.983946718275547 80.75
      vertex -81.96976978331804 -23.652303144335747 82.25
      vertex -81.96976978331804 -23.652303144335747 80.75
    endloop
  endfacet
  facet normal -0.8032075421878958 -0.5956992900553765 0
    outer loop
      vertex -81.54066119343042 -24.294509544968605 80.75
      vertex -81.77099027484655 -23.983946718275547 82.25
      vertex -81.77099027484655 -23.983946718275547 80.75
    endloop
  endfacet
  facet normal -0.8577286099453738 -0.5141027442848138 0
    outer loop
      vertex -81.77099027484655 -23.983946718275547 80.75
      vertex -81.77099027484655 -23.983946718275547 82.25
      vertex -81.96976978331804 -23.652303144335747 82.25
    endloop
  endfacet
  facet normal -0.9039892945540355 -0.4275550904055492 0
    outer loop
      vertex -81.96976978331804 -23.652303144335747 80.75
      vertex -82.13508535921574 -23.302772723138332 82.25
      vertex -82.13508535921574 -23.302772723138332 80.75
    endloop
  endfacet
  facet normal -0.9039892945540355 -0.4275550904055492 0
    outer loop
      vertex -81.96976978331804 -23.652303144335747 80.75
      vertex -81.96976978331804 -23.652303144335747 82.25
      vertex -82.13508535921574 -23.302772723138332 82.25
    endloop
  endfacet
  facet normal 0 0 -1
    outer loop
      vertex -81.96976978331804 -23.652303144335747 80.75
      vertex -82.13508535921574 -23.302772723138332 80.75
      vertex -78.8879333289294 -23.42537019600587 80.75
    endloop
  endfacet
  facet normal 0 0 1
    outer loop
      vertex -81.96976978331804 -23.652303144335747 82.25
      vertex -79.31 -23.250544456622766 82.25
      vertex -82.13508535921574 -23.302772723138332 82.25
    endloop
  endfacet
  facet normal 0 0 1
    outer loop
      vertex -81.96976978331804 -23.652303144335747 82.25
      vertex -78.8879333289294 -23.42537019600587 82.25
      vertex -79.31 -23.250544456622766 82.25
    endloop
  endfacet
  facet normal 0 0 -1
    outer loop
      vertex -82.13508535921574 -23.302772723138332 80.75
      vertex -82.26534492522478 -22.938721626996994 80.75
      vertex -79.67243686707646 -22.972436867076457 80.75
    endloop
  endfacet
  facet normal -0.9415440643964144 -0.3368898555906379 0
    outer loop
      vertex -82.13508535921574 -23.302772723138332 80.75
      vertex -82.13508535921574 -23.302772723138332 82.25
      vertex -82.26534492522478 -22.938721626996994 82.25
    endloop
  endfacet
  facet normal -0.9415440643964144 -0.3368898555906379 0
    outer loop
      vertex -82.13508535921574 -23.302772723138332 80.75
      vertex -82.26534492522478 -22.938721626996994 82.25
      vertex -82.26534492522478 -22.938721626996994 80.75
    endloop
  endfacet
  facet normal 0 0 1
    outer loop
      vertex -82.13508535921574 -23.302772723138332 82.25
      vertex -79.95054445662277 -22.61 82.25
      vertex -82.26534492522478 -22.938721626996994 82.25
    endloop
  endfacet
  facet normal 0 0 -1
    outer loop
      vertex -82.26534492522478 -22.938721626996994 80.75
      vertex -82.35929401218891 -22.563655868172646 80.75
      vertex -79.95054445662277 -22.61 80.75
    endloop
  endfacet
  facet normal -0.9700312500464147 -0.24298019247130095 0
    outer loop
      vertex -82.26534492522478 -22.938721626996994 80.75
      vertex -82.26534492522478 -22.938721626996994 82.25
      vertex -82.35929401218891 -22.563655868172646 82.25
    endloop
  endfacet
  facet normal -0.9700312500464147 -0.24298019247130095 0
    outer loop
      vertex -82.26534492522478 -22.938721626996994 80.75
      vertex -82.35929401218891 -22.563655868172646 82.25
      vertex -82.35929401218891 -22.563655868172646 80.75
    endloop
  endfacet
  facet normal 0 0 1
    outer loop
      vertex -82.26534492522478 -22.938721626996994 82.25
      vertex -80.12537019600587 -22.18793332892941 82.25
      vertex -82.35929401218891 -22.563655868172646 82.25
    endloop
  endfacet
  facet normal 0 0 -1
    outer loop
      vertex -82.13508535921574 -23.302772723138332 80.75
      vertex -79.67243686707646 -22.972436867076457 80.75
      vertex -79.31 -23.250544456622766 80.75
    endloop
  endfacet
  facet normal 0 0 -1
    outer loop
      vertex -82.13508535921574 -23.302772723138332 80.75
      vertex -79.31 -23.250544456622766 80.75
      vertex -78.8879333289294 -23.42537019600587 80.75
    endloop
  endfacet
  facet normal 0 0 1
    outer loop
      vertex -82.13508535921574 -23.302772723138332 82.25
      vertex -79.67243686707646 -22.972436867076457 82.25
      vertex -79.95054445662277 -22.61 82.25
    endloop
  endfacet
  facet normal 0 0 1
    outer loop
      vertex -82.13508535921574 -23.302772723138332 82.25
      vertex -79.31 -23.250544456622766 82.25
      vertex -79.67243686707646 -22.972436867076457 82.25
    endloop
  endfacet
  facet normal 0 0 -1
    outer loop
      vertex -82.26534492522478 -22.938721626996994 80.75
      vertex -79.95054445662277 -22.61 80.75
      vertex -79.67243686707646 -22.972436867076457 80.75
    endloop
  endfacet
  facet normal 0 0 1
    outer loop
      vertex -82.26534492522478 -22.938721626996994 82.25
      vertex -79.95054445662277 -22.61 82.25
      vertex -80.12537019600587 -22.18793332892941 82.25
    endloop
  endfacet
  facet normal 0 0 -1
    outer loop
      vertex -81.96976978331804 -23.652303144335747 80.75
      vertex -78.8879333289294 -23.42537019600587 80.75
      vertex -78.435 -23.485 80.75
    endloop
  endfacet
  facet normal 0 0 1
    outer loop
      vertex -81.96976978331804 -23.652303144335747 82.25
      vertex -78.435 -23.485 82.25
      vertex -78.8879333289294 -23.42537019600587 82.25
    endloop
  endfacet
  facet normal 0.1305261922200546 0.99144486137381 0
    outer loop
      vertex -78.8879333289294 -23.42537019600587 80.75
      vertex -78.8879333289294 -23.42537019600587 82.25
      vertex -78.435 -23.485 80.75
    endloop
  endfacet
  facet normal 0.3826834323650856 0.9238795325112884 0
    outer loop
      vertex -78.8879333289294 -23.42537019600587 80.75
      vertex -79.31 -23.250544456622766 82.25
      vertex -78.8879333289294 -23.42537019600587 82.25
    endloop
  endfacet
  facet normal -0.1305261922200546 0.99144486137381 0
    outer loop
      vertex -78.435 -23.485 80.75
      vertex -78.435 -23.485 82.25
      vertex -77.9820666710706 -23.42537019600587 80.75
    endloop
  endfacet
  facet normal 0.1305261922200546 0.99144486137381 0
    outer loop
      vertex -78.8879333289294 -23.42537019600587 82.25
      vertex -78.435 -23.485 82.25
      vertex -78.435 -23.485 80.75
    endloop
  endfacet
  facet normal -0.1305261922200546 0.99144486137381 0
    outer loop
      vertex -77.9820666710706 -23.42537019600587 80.75
      vertex -78.435 -23.485 82.25
      vertex -77.9820666710706 -23.42537019600587 82.25
    endloop
  endfacet
  facet normal -0.3826834323650856 0.9238795325112884 0
    outer loop
      vertex -77.9820666710706 -23.42537019600587 80.75
      vertex -77.9820666710706 -23.42537019600587 82.25
      vertex -77.56 -23.250544456622766 80.75
    endloop
  endfacet
  facet normal 0.6087614290087244 0.7933533402912322 0
    outer loop
      vertex -79.31 -23.250544456622766 80.75
      vertex -79.67243686707646 -22.972436867076457 82.25
      vertex -79.31 -23.250544456622766 82.25
    endloop
  endfacet
  facet normal 0.6087614290087244 0.7933533402912322 0
    outer loop
      vertex -79.31 -23.250544456622766 80.75
      vertex -79.67243686707646 -22.972436867076457 80.75
      vertex -79.67243686707646 -22.972436867076457 82.25
    endloop
  endfacet
  facet normal 0.3826834323650856 0.9238795325112884 0
    outer loop
      vertex -78.8879333289294 -23.42537019600587 80.75
      vertex -79.31 -23.250544456622766 80.75
      vertex -79.31 -23.250544456622766 82.25
    endloop
  endfacet
  facet normal 0.793353340291235 0.6087614290087207 0
    outer loop
      vertex -79.95054445662277 -22.61 82.25
      vertex -79.67243686707646 -22.972436867076457 82.25
      vertex -79.67243686707646 -22.972436867076457 80.75
    endloop
  endfacet
  facet normal 0.793353340291235 0.6087614290087207 0
    outer loop
      vertex -79.95054445662277 -22.61 80.75
      vertex -79.95054445662277 -22.61 82.25
      vertex -79.67243686707646 -22.972436867076457 80.75
    endloop
  endfacet
  facet normal -0.6087614290087244 0.7933533402912322 0
    outer loop
      vertex -77.56 -23.250544456622766 80.75
      vertex -77.56 -23.250544456622766 82.25
      vertex -77.19756313292355 -22.972436867076457 80.75
    endloop
  endfacet
  facet normal -0.3826834323650856 0.9238795325112884 0
    outer loop
      vertex -77.9820666710706 -23.42537019600587 82.25
      vertex -77.56 -23.250544456622766 82.25
      vertex -77.56 -23.250544456622766 80.75
    endloop
  endfacet
  facet normal -0.6087614290087244 0.7933533402912322 0
    outer loop
      vertex -77.56 -23.250544456622766 82.25
      vertex -77.19756313292355 -22.972436867076457 82.25
      vertex -77.19756313292355 -22.972436867076457 80.75
    endloop
  endfacet
  facet normal -0.793353340291235 0.6087614290087207 0
    outer loop
      vertex -77.19756313292355 -22.972436867076457 80.75
      vertex -77.19756313292355 -22.972436867076457 82.25
      vertex -76.91945554337724 -22.61 80.75
    endloop
  endfacet
  facet normal -0.793353340291235 0.6087614290087207 0
    outer loop
      vertex -77.19756313292355 -22.972436867076457 82.25
      vertex -76.91945554337724 -22.61 82.25
      vertex -76.91945554337724 -22.61 80.75
    endloop
  endfacet
  facet normal 0 0 -1
    outer loop
      vertex -82.35929401218891 -22.563655868172646 80.75
      vertex -82.41602782905102 -22.18118753284216 80.75
      vertex -80.12537019600587 -22.18793332892941 80.75
    endloop
  endfacet
  facet normal -0.9891765104757831 -0.14673047101046435 0
    outer loop
      vertex -82.35929401218891 -22.563655868172646 80.75
      vertex -82.35929401218891 -22.563655868172646 82.25
      vertex -82.41602782905102 -22.18118753284216 82.25
    endloop
  endfacet
  facet normal -0.9891765104757831 -0.14673047101046435 0
    outer loop
      vertex -82.35929401218891 -22.563655868172646 80.75
      vertex -82.41602782905102 -22.18118753284216 82.25
      vertex -82.41602782905102 -22.18118753284216 80.75
    endloop
  endfacet
  facet normal 0 0 1
    outer loop
      vertex -82.35929401218891 -22.563655868172646 82.25
      vertex -80.185 -21.735 82.25
      vertex -82.41602782905102 -22.18118753284216 82.25
    endloop
  endfacet
  facet normal 0 0 -1
    outer loop
      vertex -82.41602782905102 -22.18118753284216 80.75
      vertex -82.43500000238419 -21.79500000178814 80.75
      vertex -80.185 -21.735 80.75
    endloop
  endfacet
  facet normal -0.9987954566472489 -0.04906766532874333 0
    outer loop
      vertex -82.41602782905102 -22.18118753284216 80.75
      vertex -82.41602782905102 -22.18118753284216 82.25
      vertex -82.43500000238419 -21.79500000178814 82.25
    endloop
  endfacet
  facet normal -0.9987954566472489 -0.04906766532874333 0
    outer loop
      vertex -82.41602782905102 -22.18118753284216 80.75
      vertex -82.43500000238419 -21.79500000178814 82.25
      vertex -82.43500000238419 -21.79500000178814 80.75
    endloop
  endfacet
  facet normal 0 0 1
    outer loop
      vertex -82.41602782905102 -22.18118753284216 82.25
      vertex -80.12537019600587 -21.282066671070588 82.25
      vertex -82.43500000238419 -21.79500000178814 82.25
    endloop
  endfacet
  facet normal 0 0 -1
    outer loop
      vertex -82.35929401218891 -22.563655868172646 80.75
      vertex -80.12537019600587 -22.18793332892941 80.75
      vertex -79.95054445662277 -22.61 80.75
    endloop
  endfacet
  facet normal 0 0 1
    outer loop
      vertex -82.35929401218891 -22.563655868172646 82.25
      vertex -80.12537019600587 -22.18793332892941 82.25
      vertex -80.185 -21.735 82.25
    endloop
  endfacet
  facet normal 0.9238795325112806 0.3826834323651044 0
    outer loop
      vertex -79.95054445662277 -22.61 80.75
      vertex -80.12537019600587 -22.18793332892941 82.25
      vertex -79.95054445662277 -22.61 82.25
    endloop
  endfacet
  facet normal 0.9238795325112806 0.3826834323651044 0
    outer loop
      vertex -79.95054445662277 -22.61 80.75
      vertex -80.12537019600587 -22.18793332892941 80.75
      vertex -80.12537019600587 -22.18793332892941 82.25
    endloop
  endfacet
  facet normal 0 0 -1
    outer loop
      vertex -82.41602782905102 -22.18118753284216 80.75
      vertex -80.185 -21.735 80.75
      vertex -80.12537019600587 -22.18793332892941 80.75
    endloop
  endfacet
  facet normal 0 0 1
    outer loop
      vertex -82.41602782905102 -22.18118753284216 82.25
      vertex -80.185 -21.735 82.25
      vertex -80.12537019600587 -21.282066671070588 82.25
    endloop
  endfacet
  facet normal 0.9914448613738113 0.13052619222004494 0
    outer loop
      vertex -80.12537019600587 -22.18793332892941 80.75
      vertex -80.185 -21.735 82.25
      vertex -80.12537019600587 -22.18793332892941 82.25
    endloop
  endfacet
  facet normal 0.9914448613738113 0.13052619222004494 0
    outer loop
      vertex -80.12537019600587 -22.18793332892941 80.75
      vertex -80.185 -21.735 80.75
      vertex -80.185 -21.735 82.25
    endloop
  endfacet
  facet normal 0 0 -1
    outer loop
      vertex -82.43500000238419 -21.79500000178814 80.75
      vertex -80.12537019600587 -21.282066671070588 80.75
      vertex -80.185 -21.735 80.75
    endloop
  endfacet
  facet normal 0.9914448613738113 -0.13052619222004494 0
    outer loop
      vertex -80.185 -21.735 80.75
      vertex -80.12537019600587 -21.282066671070588 82.25
      vertex -80.185 -21.735 82.25
    endloop
  endfacet
  facet normal 0.9914448613738113 -0.13052619222004494 0
    outer loop
      vertex -80.185 -21.735 80.75
      vertex -80.12537019600587 -21.282066671070588 80.75
      vertex -80.12537019600587 -21.282066671070588 82.25
    endloop
  endfacet
  facet normal 0 0 1
    outer loop
      vertex -82.43500000238419 -21.79500000178814 82.25
      vertex -80.12537019600587 -21.282066671070588 82.25
      vertex -79.95054445662277 -20.86 82.25
    endloop
  endfacet
  facet normal 0.9238795325112806 -0.3826834323651044 0
    outer loop
      vertex -80.12537019600587 -21.282066671070588 80.75
      vertex -79.95054445662277 -20.86 82.25
      vertex -80.12537019600587 -21.282066671070588 82.25
    endloop
  endfacet
  facet normal 0.9238795325112806 -0.3826834323651044 0
    outer loop
      vertex -80.12537019600587 -21.282066671070588 80.75
      vertex -79.95054445662277 -20.86 80.75
      vertex -79.95054445662277 -20.86 82.25
    endloop
  endfacet
  facet normal 0.793353340291235 -0.6087614290087207 0
    outer loop
      vertex -79.95054445662277 -20.86 80.75
      vertex -79.67243686707646 -20.497563132923542 82.25
      vertex -79.95054445662277 -20.86 82.25
    endloop
  endfacet
  facet normal 0.793353340291235 -0.6087614290087207 0
    outer loop
      vertex -79.95054445662277 -20.86 80.75
      vertex -79.67243686707646 -20.497563132923542 80.75
      vertex -79.67243686707646 -20.497563132923542 82.25
    endloop
  endfacet
  facet normal 0.6087614290087244 -0.7933533402912322 0
    outer loop
      vertex -79.67243686707646 -20.497563132923542 80.75
      vertex -79.31 -20.219455543377233 82.25
      vertex -79.67243686707646 -20.497563132923542 82.25
    endloop
  endfacet
  facet normal 0.6087614290087244 -0.7933533402912322 0
    outer loop
      vertex -79.67243686707646 -20.497563132923542 80.75
      vertex -79.31 -20.219455543377233 80.75
      vertex -79.31 -20.219455543377233 82.25
    endloop
  endfacet
  facet normal 0.3826834323650856 -0.9238795325112884 0
    outer loop
      vertex -79.31 -20.219455543377233 80.75
      vertex -78.8879333289294 -20.04462980399413 82.25
      vertex -79.31 -20.219455543377233 82.25
    endloop
  endfacet
  facet normal -0.3826834323650856 -0.9238795325112884 0
    outer loop
      vertex -77.56 -20.219455543377233 80.75
      vertex -77.56 -20.219455543377233 82.25
      vertex -77.9820666710706 -20.04462980399413 80.75
    endloop
  endfacet
  facet normal -0.6087614290087244 -0.7933533402912322 0
    outer loop
      vertex -77.56 -20.219455543377233 80.75
      vertex -77.19756313292355 -20.497563132923542 82.25
      vertex -77.56 -20.219455543377233 82.25
    endloop
  endfacet
  facet normal 0.3826834323650856 -0.9238795325112884 0
    outer loop
      vertex -79.31 -20.219455543377233 80.75
      vertex -78.8879333289294 -20.04462980399413 80.75
      vertex -78.8879333289294 -20.04462980399413 82.25
    endloop
  endfacet
  facet normal 0.1305261922200546 -0.99144486137381 0
    outer loop
      vertex -78.8879333289294 -20.04462980399413 80.75
      vertex -78.435 -19.985 82.25
      vertex -78.8879333289294 -20.04462980399413 82.25
    endloop
  endfacet
  facet normal 0.1305261922200546 -0.99144486137381 0
    outer loop
      vertex -78.8879333289294 -20.04462980399413 80.75
      vertex -78.435 -19.985 80.75
      vertex -78.435 -19.985 82.25
    endloop
  endfacet
  facet normal -0.1305261922200546 -0.99144486137381 0
    outer loop
      vertex -78.435 -19.985 80.75
      vertex -77.9820666710706 -20.04462980399413 80.75
      vertex -77.9820666710706 -20.04462980399413 82.25
    endloop
  endfacet
  facet normal -0.1305261922200546 -0.99144486137381 0
    outer loop
      vertex -78.435 -19.985 80.75
      vertex -77.9820666710706 -20.04462980399413 82.25
      vertex -78.435 -19.985 82.25
    endloop
  endfacet
  facet normal -0.3826834323650856 -0.9238795325112884 0
    outer loop
      vertex -77.56 -20.219455543377233 82.25
      vertex -77.9820666710706 -20.04462980399413 82.25
      vertex -77.9820666710706 -20.04462980399413 80.75
    endloop
  endfacet
  facet normal -0.9238795325112806 0.3826834323651044 0
    outer loop
      vertex -76.91945554337724 -22.61 80.75
      vertex -76.91945554337724 -22.61 82.25
      vertex -76.74462980399413 -22.18793332892941 80.75
    endloop
  endfacet
  facet normal -0.9238795325112806 0.3826834323651044 0
    outer loop
      vertex -76.91945554337724 -22.61 82.25
      vertex -76.74462980399413 -22.18793332892941 82.25
      vertex -76.74462980399413 -22.18793332892941 80.75
    endloop
  endfacet
  facet normal -0.9914448613738113 0.13052619222004494 0
    outer loop
      vertex -76.74462980399413 -22.18793332892941 80.75
      vertex -76.74462980399413 -22.18793332892941 82.25
      vertex -76.685 -21.735 80.75
    endloop
  endfacet
  facet normal -0.9914448613738113 0.13052619222004494 0
    outer loop
      vertex -76.74462980399413 -22.18793332892941 82.25
      vertex -76.685 -21.735 82.25
      vertex -76.685 -21.735 80.75
    endloop
  endfacet
  facet normal -0.9914448613738113 -0.13052619222004494 0
    outer loop
      vertex -76.685 -21.735 80.75
      vertex -76.685 -21.735 82.25
      vertex -76.74462980399413 -21.282066671070588 80.75
    endloop
  endfacet
  facet normal -0.9914448613738113 -0.13052619222004494 0
    outer loop
      vertex -76.685 -21.735 82.25
      vertex -76.74462980399413 -21.282066671070588 82.25
      vertex -76.74462980399413 -21.282066671070588 80.75
    endloop
  endfacet
  facet normal -0.9238795325112806 -0.3826834323651044 0
    outer loop
      vertex -76.74462980399413 -21.282066671070588 80.75
      vertex -76.74462980399413 -21.282066671070588 82.25
      vertex -76.91945554337724 -20.86 80.75
    endloop
  endfacet
  facet normal -0.9238795325112806 -0.3826834323651044 0
    outer loop
      vertex -76.74462980399413 -21.282066671070588 82.25
      vertex -76.91945554337724 -20.86 82.25
      vertex -76.91945554337724 -20.86 80.75
    endloop
  endfacet
  facet normal -0.793353340291235 -0.6087614290087207 0
    outer loop
      vertex -76.91945554337724 -20.86 80.75
      vertex -76.91945554337724 -20.86 82.25
      vertex -77.19756313292355 -20.497563132923542 80.75
    endloop
  endfacet
  facet normal -0.793353340291235 -0.6087614290087207 0
    outer loop
      vertex -76.91945554337724 -20.86 82.25
      vertex -77.19756313292355 -20.497563132923542 82.25
      vertex -77.19756313292355 -20.497563132923542 80.75
    endloop
  endfacet
  facet normal -0.6087614290087244 -0.7933533402912322 0
    outer loop
      vertex -77.56 -20.219455543377233 80.75
      vertex -77.19756313292355 -20.497563132923542 80.75
      vertex -77.19756313292355 -20.497563132923542 82.25
    endloop
  endfacet
  facet normal -1 0 0
    outer loop
      vertex -82.43500000238419 -21.79500000178814 80.75
      vertex -82.43500000238419 -21.79500000178814 82.25
      vertex -82.43500000238419 21.79500000178814 82.25
    endloop
  endfacet
  facet normal 0 0 -1
    outer loop
      vertex -82.43500000238419 -21.79500000178814 80.75
      vertex -80.12537019600587 21.282066671070588 80.75
      vertex -80.12537019600587 -21.282066671070588 80.75
    endloop
  endfacet
  facet normal 0 0 -1
    outer loop
      vertex -80.12537019600587 -21.282066671070588 80.75
      vertex -79.95054445662277 20.86 80.75
      vertex -79.95054445662277 -20.86 80.75
    endloop
  endfacet
  facet normal 0 0 1
    outer loop
      vertex -82.43500000238419 -21.79500000178814 82.25
      vertex -79.95054445662277 -20.86 82.25
      vertex -80.185 21.735 82.25
    endloop
  endfacet
  facet normal 0 0 -1
    outer loop
      vertex -79.95054445662277 -20.86 80.75
      vertex -79.67243686707646 20.497563132923542 80.75
      vertex -79.67243686707646 -20.497563132923542 80.75
    endloop
  endfacet
  facet normal 0 0 -1
    outer loop
      vertex -79.67243686707646 -20.497563132923542 80.75
      vertex -79.31 20.219455543377233 80.75
      vertex -79.31 -20.219455543377233 80.75
    endloop
  endfacet
  facet normal 0 0 -1
    outer loop
      vertex -79.31 -20.219455543377233 80.75
      vertex -78.8879333289294 20.04462980399413 80.75
      vertex -78.8879333289294 -20.04462980399413 80.75
    endloop
  endfacet
  facet normal 0 0 1
    outer loop
      vertex -79.95054445662277 -20.86 82.25
      vertex -79.67243686707646 -20.497563132923542 82.25
      vertex -79.95054445662277 20.86 82.25
    endloop
  endfacet
  facet normal 0 0 1
    outer loop
      vertex -79.67243686707646 -20.497563132923542 82.25
      vertex -79.31 -20.219455543377233 82.25
      vertex -79.67243686707646 20.497563132923542 82.25
    endloop
  endfacet
  facet normal 0 0 1
    outer loop
      vertex -79.31 -20.219455543377233 82.25
      vertex -78.8879333289294 -20.04462980399413 82.25
      vertex -79.31 20.219455543377233 82.25
    endloop
  endfacet
  facet normal 0 0 1
    outer loop
      vertex -78.8879333289294 -20.04462980399413 82.25
      vertex -78.435 -19.985 82.25
      vertex -78.8879333289294 20.04462980399413 82.25
    endloop
  endfacet
  facet normal 0 0 -1
    outer loop
      vertex -78.8879333289294 -20.04462980399413 80.75
      vertex -78.435 19.985 80.75
      vertex -78.435 -19.985 80.75
    endloop
  endfacet
  facet normal 0 0 -1
    outer loop
      vertex -78.435 -19.985 80.75
      vertex -77.9820666710706 20.04462980399413 80.75
      vertex -77.9820666710706 -20.04462980399413 80.75
    endloop
  endfacet
  facet normal 0 0 -1
    outer loop
      vertex -77.56 -20.219455543377233 80.75
      vertex -77.9820666710706 -20.04462980399413 80.75
      vertex -77.56 20.219455543377233 80.75
    endloop
  endfacet
  facet normal 0 0 1
    outer loop
      vertex -78.435 -19.985 82.25
      vertex -77.9820666710706 -20.04462980399413 82.25
      vertex -78.435 19.985 82.25
    endloop
  endfacet
  facet normal 0 0 1
    outer loop
      vertex -77.56 -20.219455543377233 82.25
      vertex -77.9820666710706 20.04462980399413 82.25
      vertex -77.9820666710706 -20.04462980399413 82.25
    endloop
  endfacet
  facet normal 0 0 1
    outer loop
      vertex -77.56 -20.219455543377233 82.25
      vertex -77.19756313292355 -20.497563132923542 82.25
      vertex -77.56 20.219455543377233 82.25
    endloop
  endfacet
  facet normal 0 0 -1
    outer loop
      vertex -78.88118753582239 -25.716027826070786 80.75
      vertex 79.63872162997723 -25.56534492224455 80.75
      vertex -78.49500000476837 -25.734999999403954 80.75
    endloop
  endfacet
  facet normal 0 0 -1
    outer loop
      vertex -79.26365587115288 -25.65929400920868 80.75
      vertex 80.00277272611856 -25.435085356235504 80.75
      vertex -78.88118753582239 -25.716027826070786 80.75
    endloop
  endfacet
  facet normal 0 0 -1
    outer loop
      vertex -79.63872162997723 -25.56534492224455 80.75
      vertex 80.35230314731598 -25.26976978033781 80.75
      vertex -79.26365587115288 -25.65929400920868 80.75
    endloop
  endfacet
  facet normal 0 0 -1
    outer loop
      vertex -80.00277272611856 -25.435085356235504 80.75
      vertex 80.68394672125578 -25.07099027186632 80.75
      vertex -79.63872162997723 -25.56534492224455 80.75
    endloop
  endfacet
  facet normal 0 -1 0
    outer loop
      vertex -78.49500000476837 -25.734999999403954 80.75
      vertex 78.49500000476837 -25.734999999403954 80.75
      vertex -78.49500000476837 -25.734999999403954 82.25
    endloop
  endfacet
  facet normal 0 0 1
    outer loop
      vertex -78.88118753582239 -25.716027826070786 82.25
      vertex -78.49500000476837 -25.734999999403954 82.25
      vertex 79.63872162997723 -25.56534492224455 82.25
    endloop
  endfacet
  facet normal 0 0 1
    outer loop
      vertex -79.26365587115288 -25.65929400920868 82.25
      vertex -78.88118753582239 -25.716027826070786 82.25
      vertex 80.00277272611856 -25.435085356235504 82.25
    endloop
  endfacet
  facet normal 0 0 1
    outer loop
      vertex -79.63872162997723 -25.56534492224455 82.25
      vertex -79.26365587115288 -25.65929400920868 82.25
      vertex 80.35230314731598 -25.26976978033781 82.25
    endloop
  endfacet
  facet normal 0 0 1
    outer loop
      vertex -80.00277272611856 -25.435085356235504 82.25
      vertex -79.63872162997723 -25.56534492224455 82.25
      vertex 80.68394672125578 -25.07099027186632 82.25
    endloop
  endfacet
  facet normal 0 0 -1
    outer loop
      vertex -80.00277272611856 -25.435085356235504 80.75
      vertex -80.35230314731598 -25.26976978033781 80.75
      vertex 80.99450954794884 -24.84066119045019 80.75
    endloop
  endfacet
  facet normal 0 0 -1
    outer loop
      vertex -80.68394672125578 -25.07099027186632 80.75
      vertex 81.28100072592497 -24.581000722944736 80.75
      vertex -80.35230314731598 -25.26976978033781 80.75
    endloop
  endfacet
  facet normal 0 0 1
    outer loop
      vertex -80.00277272611856 -25.435085356235504 82.25
      vertex 80.99450954794884 -24.84066119045019 82.25
      vertex -80.35230314731598 -25.26976978033781 82.25
    endloop
  endfacet
  facet normal 0 0 1
    outer loop
      vertex -80.68394672125578 -25.07099027186632 82.25
      vertex -80.35230314731598 -25.26976978033781 82.25
      vertex 81.28100072592497 -24.581000722944736 82.25
    endloop
  endfacet
  facet normal 0 0 -1
    outer loop
      vertex -80.68394672125578 -25.07099027186632 80.75
      vertex -80.99450954794884 -24.84066119045019 80.75
      vertex 81.54066119343042 -24.294509544968605 80.75
    endloop
  endfacet
  facet normal 0 0 1
    outer loop
      vertex -80.68394672125578 -25.07099027186632 82.25
      vertex 81.54066119343042 -24.294509544968605 82.25
      vertex -80.99450954794884 -24.84066119045019 82.25
    endloop
  endfacet
  facet normal 0 0 -1
    outer loop
      vertex -81.28100072592497 -24.581000722944736 80.75
      vertex 81.77099027484655 -23.983946718275547 80.75
      vertex -80.99450954794884 -24.84066119045019 80.75
    endloop
  endfacet
  facet normal 0 0 -1
    outer loop
      vertex -81.28100072592497 -24.581000722944736 80.75
      vertex -81.54066119343042 -24.294509544968605 80.75
      vertex 81.96976978331804 -23.652303144335747 80.75
    endloop
  endfacet
  facet normal 0 0 1
    outer loop
      vertex -81.28100072592497 -24.581000722944736 82.25
      vertex -80.99450954794884 -24.84066119045019 82.25
      vertex 81.77099027484655 -23.983946718275547 82.25
    endloop
  endfacet
  facet normal 0 0 1
    outer loop
      vertex -81.28100072592497 -24.581000722944736 82.25
      vertex 81.96976978331804 -23.652303144335747 82.25
      vertex -81.54066119343042 -24.294509544968605 82.25
    endloop
  endfacet
  facet normal 0 0 -1
    outer loop
      vertex -81.54066119343042 -24.294509544968605 80.75
      vertex -81.77099027484655 -23.983946718275547 80.75
      vertex 77.9820666710706 -23.42537019600587 80.75
    endloop
  endfacet
  facet normal 0 0 1
    outer loop
      vertex -81.54066119343042 -24.294509544968605 82.25
      vertex 77.56 -23.250544456622766 82.25
      vertex -81.77099027484655 -23.983946718275547 82.25
    endloop
  endfacet
  facet normal 0 0 -1
    outer loop
      vertex -81.77099027484655 -23.983946718275547 80.75
      vertex -81.96976978331804 -23.652303144335747 80.75
      vertex 77.19756313292355 -22.972436867076457 80.75
    endloop
  endfacet
  facet normal 0 0 1
    outer loop
      vertex -81.77099027484655 -23.983946718275547 82.25
      vertex 76.91945554337724 -22.61 82.25
      vertex -81.96976978331804 -23.652303144335747 82.25
    endloop
  endfacet
  facet normal 0 0 -1
    outer loop
      vertex -81.96976978331804 -23.652303144335747 80.75
      vertex -78.435 -23.485 80.75
      vertex 76.91945554337724 -22.61 80.75
    endloop
  endfacet
  facet normal 0 0 1
    outer loop
      vertex -81.96976978331804 -23.652303144335747 82.25
      vertex 76.74462980399413 -22.18793332892941 82.25
      vertex -78.435 -23.485 82.25
    endloop
  endfacet
  facet normal 0 0 -1
    outer loop
      vertex -78.435 -23.485 80.75
      vertex -77.9820666710706 -23.42537019600587 80.75
      vertex 76.91945554337724 -22.61 80.75
    endloop
  endfacet
  facet normal 0 0 -1
    outer loop
      vertex -77.9820666710706 -23.42537019600587 80.75
      vertex -77.56 -23.250544456622766 80.75
      vertex 76.91945554337724 -22.61 80.75
    endloop
  endfacet
  facet normal 0 0 -1
    outer loop
      vertex -77.56 -23.250544456622766 80.75
      vertex -77.19756313292355 -22.972436867076457 80.75
      vertex 76.91945554337724 -22.61 80.75
    endloop
  endfacet
  facet normal 0 0 1
    outer loop
      vertex -78.435 -23.485 82.25
      vertex 76.74462980399413 -22.18793332892941 82.25
      vertex -77.9820666710706 -23.42537019600587 82.25
    endloop
  endfacet
  facet normal 0 0 1
    outer loop
      vertex -77.9820666710706 -23.42537019600587 82.25
      vertex 76.74462980399413 -22.18793332892941 82.25
      vertex -77.56 -23.250544456622766 82.25
    endloop
  endfacet
  facet normal 0 0 1
    outer loop
      vertex -77.56 -23.250544456622766 82.25
      vertex 76.74462980399413 -22.18793332892941 82.25
      vertex -77.19756313292355 -22.972436867076457 82.25
    endloop
  endfacet
  facet normal 0 0 -1
    outer loop
      vertex -77.19756313292355 -22.972436867076457 80.75
      vertex -76.91945554337724 -22.61 80.75
      vertex 76.91945554337724 -22.61 80.75
    endloop
  endfacet
  facet normal 0 0 1
    outer loop
      vertex -77.19756313292355 -22.972436867076457 82.25
      vertex 76.685 -21.735 82.25
      vertex -76.91945554337724 -22.61 82.25
    endloop
  endfacet
  facet normal 0 0 -1
    outer loop
      vertex -76.91945554337724 -22.61 80.75
      vertex -76.74462980399413 -22.18793332892941 80.75
      vertex 76.74462980399413 -22.18793332892941 80.75
    endloop
  endfacet
  facet normal 0 0 1
    outer loop
      vertex -76.91945554337724 -22.61 82.25
      vertex 76.685 -21.735 82.25
      vertex -76.74462980399413 -22.18793332892941 82.25
    endloop
  endfacet
  facet normal 0 0 -1
    outer loop
      vertex -76.74462980399413 -22.18793332892941 80.75
      vertex -76.685 -21.735 80.75
      vertex 76.74462980399413 -22.18793332892941 80.75
    endloop
  endfacet
  facet normal 0 0 1
    outer loop
      vertex -76.74462980399413 -22.18793332892941 82.25
      vertex 76.685 -21.735 82.25
      vertex -76.685 -21.735 82.25
    endloop
  endfacet
  facet normal 0 0 -1
    outer loop
      vertex -76.685 -21.735 80.75
      vertex -76.74462980399413 -21.282066671070588 80.75
      vertex 76.685 -21.735 80.75
    endloop
  endfacet
  facet normal 0 0 1
    outer loop
      vertex -76.685 -21.735 82.25
      vertex 76.74462980399413 -21.282066671070588 82.25
      vertex -76.74462980399413 -21.282066671070588 82.25
    endloop
  endfacet
  facet normal 0 0 -1
    outer loop
      vertex -77.56 -20.219455543377233 80.75
      vertex 77.19756313292355 20.497563132923542 80.75
      vertex -77.19756313292355 -20.497563132923542 80.75
    endloop
  endfacet
  facet normal 0 0 -1
    outer loop
      vertex -76.74462980399413 -21.282066671070588 80.75
      vertex -76.91945554337724 -20.86 80.75
      vertex 77.56 20.219455543377233 80.75
    endloop
  endfacet
  facet normal 0 0 -1
    outer loop
      vertex -76.91945554337724 -20.86 80.75
      vertex -77.19756313292355 -20.497563132923542 80.75
      vertex 77.56 20.219455543377233 80.75
    endloop
  endfacet
  facet normal 0 0 1
    outer loop
      vertex -76.74462980399413 -21.282066671070588 82.25
      vertex 77.19756313292355 20.497563132923542 82.25
      vertex -76.91945554337724 -20.86 82.25
    endloop
  endfacet
  facet normal 0 0 1
    outer loop
      vertex -76.91945554337724 -20.86 82.25
      vertex 76.91945554337724 20.86 82.25
      vertex -77.19756313292355 -20.497563132923542 82.25
    endloop
  endfacet
  facet normal 0 0 -1
    outer loop
      vertex -82.43500000238419 -21.79500000178814 80.75
      vertex -80.185 21.735 80.75
      vertex -80.12537019600587 21.282066671070588 80.75
    endloop
  endfacet
  facet normal 0 0 -1
    outer loop
      vertex -80.12537019600587 -21.282066671070588 80.75
      vertex -80.12537019600587 21.282066671070588 80.75
      vertex -79.95054445662277 20.86 80.75
    endloop
  endfacet
  facet normal 0 0 1
    outer loop
      vertex -79.95054445662277 -20.86 82.25
      vertex -79.95054445662277 20.86 82.25
      vertex -80.12537019600587 21.282066671070588 82.25
    endloop
  endfacet
  facet normal 0 0 -1
    outer loop
      vertex -82.43500000238419 -21.79500000178814 80.75
      vertex -82.43500000238419 21.79500000178814 80.75
      vertex -80.185 21.735 80.75
    endloop
  endfacet
  facet normal -1 0 0
    outer loop
      vertex -82.43500000238419 -21.79500000178814 80.75
      vertex -82.43500000238419 21.79500000178814 82.25
      vertex -82.43500000238419 21.79500000178814 80.75
    endloop
  endfacet
  facet normal 0 0 1
    outer loop
      vertex -82.43500000238419 -21.79500000178814 82.25
      vertex -80.185 21.735 82.25
      vertex -82.43500000238419 21.79500000178814 82.25
    endloop
  endfacet
  facet normal 0 0 1
    outer loop
      vertex -79.95054445662277 -20.86 82.25
      vertex -80.12537019600587 21.282066671070588 82.25
      vertex -80.185 21.735 82.25
    endloop
  endfacet
  facet normal 0 0 -1
    outer loop
      vertex -79.95054445662277 -20.86 80.75
      vertex -79.95054445662277 20.86 80.75
      vertex -79.67243686707646 20.497563132923542 80.75
    endloop
  endfacet
  facet normal 0 0 -1
    outer loop
      vertex -79.67243686707646 -20.497563132923542 80.75
      vertex -79.67243686707646 20.497563132923542 80.75
      vertex -79.31 20.219455543377233 80.75
    endloop
  endfacet
  facet normal 0 0 -1
    outer loop
      vertex -79.31 -20.219455543377233 80.75
      vertex -79.31 20.219455543377233 80.75
      vertex -78.8879333289294 20.04462980399413 80.75
    endloop
  endfacet
  facet normal 0 0 -1
    outer loop
      vertex -78.8879333289294 -20.04462980399413 80.75
      vertex -78.8879333289294 20.04462980399413 80.75
      vertex -78.435 19.985 80.75
    endloop
  endfacet
  facet normal 0 0 1
    outer loop
      vertex -79.31 -20.219455543377233 82.25
      vertex -79.31 20.219455543377233 82.25
      vertex -79.67243686707646 20.497563132923542 82.25
    endloop
  endfacet
  facet normal 0 0 1
    outer loop
      vertex -78.8879333289294 -20.04462980399413 82.25
      vertex -78.8879333289294 20.04462980399413 82.25
      vertex -79.31 20.219455543377233 82.25
    endloop
  endfacet
  facet normal 0 0 1
    outer loop
      vertex -79.67243686707646 -20.497563132923542 82.25
      vertex -79.67243686707646 20.497563132923542 82.25
      vertex -79.95054445662277 20.86 82.25
    endloop
  endfacet
  facet normal 0 0 -1
    outer loop
      vertex -78.435 -19.985 80.75
      vertex -78.435 19.985 80.75
      vertex -77.9820666710706 20.04462980399413 80.75
    endloop
  endfacet
  facet normal 0 0 -1
    outer loop
      vertex -77.9820666710706 -20.04462980399413 80.75
      vertex -77.9820666710706 20.04462980399413 80.75
      vertex -77.56 20.219455543377233 80.75
    endloop
  endfacet
  facet normal 0 0 -1
    outer loop
      vertex -77.56 -20.219455543377233 80.75
      vertex -77.56 20.219455543377233 80.75
      vertex -77.19756313292355 20.497563132923542 80.75
    endloop
  endfacet
  facet normal 0 0 1
    outer loop
      vertex -78.435 -19.985 82.25
      vertex -78.435 19.985 82.25
      vertex -78.8879333289294 20.04462980399413 82.25
    endloop
  endfacet
  facet normal 0 0 1
    outer loop
      vertex -77.9820666710706 -20.04462980399413 82.25
      vertex -77.9820666710706 20.04462980399413 82.25
      vertex -78.435 19.985 82.25
    endloop
  endfacet
  facet normal 0 0 1
    outer loop
      vertex -77.56 -20.219455543377233 82.25
      vertex -77.56 20.219455543377233 82.25
      vertex -77.9820666710706 20.04462980399413 82.25
    endloop
  endfacet
  facet normal 0 0 1
    outer loop
      vertex -77.19756313292355 -20.497563132923542 82.25
      vertex -77.19756313292355 20.497563132923542 82.25
      vertex -77.56 20.219455543377233 82.25
    endloop
  endfacet
  facet normal 0 0 -1
    outer loop
      vertex -77.56 -20.219455543377233 80.75
      vertex -77.19756313292355 20.497563132923542 80.75
      vertex -76.91945554337724 20.86 80.75
    endloop
  endfacet
  facet normal 0 0 1
    outer loop
      vertex -77.19756313292355 -20.497563132923542 82.25
      vertex -76.91945554337724 20.86 82.25
      vertex -77.19756313292355 20.497563132923542 82.25
    endloop
  endfacet
  facet normal 0 0 1
    outer loop
      vertex -77.19756313292355 -20.497563132923542 82.25
      vertex -76.74462980399413 21.282066671070588 82.25
      vertex -76.91945554337724 20.86 82.25
    endloop
  endfacet
  facet normal 0 0 -1
    outer loop
      vertex -77.56 -20.219455543377233 80.75
      vertex -76.91945554337724 20.86 80.75
      vertex -76.74462980399413 21.282066671070588 80.75
    endloop
  endfacet
  facet normal 0.1305261922200546 0.99144486137381 0
    outer loop
      vertex -78.8879333289294 20.04462980399413 80.75
      vertex -78.8879333289294 20.04462980399413 82.25
      vertex -78.435 19.985 80.75
    endloop
  endfacet
  facet normal 0.3826834323650856 0.9238795325112884 0
    outer loop
      vertex -78.8879333289294 20.04462980399413 80.75
      vertex -79.31 20.219455543377233 82.25
      vertex -78.8879333289294 20.04462980399413 82.25
    endloop
  endfacet
  facet normal -0.1305261922200546 0.99144486137381 0
    outer loop
      vertex -78.435 19.985 80.75
      vertex -78.435 19.985 82.25
      vertex -77.9820666710706 20.04462980399413 80.75
    endloop
  endfacet
  facet normal 0.1305261922200546 0.99144486137381 0
    outer loop
      vertex -78.8879333289294 20.04462980399413 82.25
      vertex -78.435 19.985 82.25
      vertex -78.435 19.985 80.75
    endloop
  endfacet
  facet normal -0.1305261922200546 0.99144486137381 0
    outer loop
      vertex -77.9820666710706 20.04462980399413 80.75
      vertex -78.435 19.985 82.25
      vertex -77.9820666710706 20.04462980399413 82.25
    endloop
  endfacet
  facet normal -0.3826834323650856 0.9238795325112884 0
    outer loop
      vertex -77.9820666710706 20.04462980399413 80.75
      vertex -77.9820666710706 20.04462980399413 82.25
      vertex -77.56 20.219455543377233 80.75
    endloop
  endfacet
  facet normal 0.6087614290087244 0.7933533402912322 0
    outer loop
      vertex -79.31 20.219455543377233 80.75
      vertex -79.67243686707646 20.497563132923542 82.25
      vertex -79.31 20.219455543377233 82.25
    endloop
  endfacet
  facet normal 0.6087614290087244 0.7933533402912322 0
    outer loop
      vertex -79.31 20.219455543377233 80.75
      vertex -79.67243686707646 20.497563132923542 80.75
      vertex -79.67243686707646 20.497563132923542 82.25
    endloop
  endfacet
  facet normal 0.3826834323650856 0.9238795325112884 0
    outer loop
      vertex -78.8879333289294 20.04462980399413 80.75
      vertex -79.31 20.219455543377233 80.75
      vertex -79.31 20.219455543377233 82.25
    endloop
  endfacet
  facet normal 0.793353340291235 0.6087614290087207 0
    outer loop
      vertex -79.95054445662277 20.86 82.25
      vertex -79.67243686707646 20.497563132923542 82.25
      vertex -79.67243686707646 20.497563132923542 80.75
    endloop
  endfacet
  facet normal 0.793353340291235 0.6087614290087207 0
    outer loop
      vertex -79.95054445662277 20.86 80.75
      vertex -79.95054445662277 20.86 82.25
      vertex -79.67243686707646 20.497563132923542 80.75
    endloop
  endfacet
  facet normal -0.6087614290087244 0.7933533402912322 0
    outer loop
      vertex -77.56 20.219455543377233 80.75
      vertex -77.56 20.219455543377233 82.25
      vertex -77.19756313292355 20.497563132923542 80.75
    endloop
  endfacet
  facet normal -0.3826834323650856 0.9238795325112884 0
    outer loop
      vertex -77.9820666710706 20.04462980399413 82.25
      vertex -77.56 20.219455543377233 82.25
      vertex -77.56 20.219455543377233 80.75
    endloop
  endfacet
  facet normal 0.9238795325112806 0.3826834323651044 0
    outer loop
      vertex -79.95054445662277 20.86 80.75
      vertex -80.12537019600587 21.282066671070588 82.25
      vertex -79.95054445662277 20.86 82.25
    endloop
  endfacet
  facet normal 0.9238795325112806 0.3826834323651044 0
    outer loop
      vertex -79.95054445662277 20.86 80.75
      vertex -80.12537019600587 21.282066671070588 80.75
      vertex -80.12537019600587 21.282066671070588 82.25
    endloop
  endfacet
  facet normal 0.9914448613738113 0.13052619222004494 0
    outer loop
      vertex -80.12537019600587 21.282066671070588 80.75
      vertex -80.185 21.735 82.25
      vertex -80.12537019600587 21.282066671070588 82.25
    endloop
  endfacet
  facet normal 0.9914448613738113 0.13052619222004494 0
    outer loop
      vertex -80.12537019600587 21.282066671070588 80.75
      vertex -80.185 21.735 80.75
      vertex -80.185 21.735 82.25
    endloop
  endfacet
  facet normal 0 0 -1
    outer loop
      vertex -82.43500000238419 21.79500000178814 80.75
      vertex -82.41602782905102 22.18118753284216 80.75
      vertex -80.185 21.735 80.75
    endloop
  endfacet
  facet normal -0.9987954566472489 0.04906766532874333 0
    outer loop
      vertex -82.43500000238419 21.79500000178814 80.75
      vertex -82.43500000238419 21.79500000178814 82.25
      vertex -82.41602782905102 22.18118753284216 82.25
    endloop
  endfacet
  facet normal -0.9987954566472489 0.04906766532874333 0
    outer loop
      vertex -82.43500000238419 21.79500000178814 80.75
      vertex -82.41602782905102 22.18118753284216 82.25
      vertex -82.41602782905102 22.18118753284216 80.75
    endloop
  endfacet
  facet normal 0 0 1
    outer loop
      vertex -82.43500000238419 21.79500000178814 82.25
      vertex -80.12537019600587 22.18793332892941 82.25
      vertex -82.41602782905102 22.18118753284216 82.25
    endloop
  endfacet
  facet normal 0 0 -1
    outer loop
      vertex -82.41602782905102 22.18118753284216 80.75
      vertex -82.35929401218891 22.563655868172646 80.75
      vertex -80.12537019600587 22.18793332892941 80.75
    endloop
  endfacet
  facet normal -0.9891765104757831 0.14673047101046435 0
    outer loop
      vertex -82.41602782905102 22.18118753284216 80.75
      vertex -82.41602782905102 22.18118753284216 82.25
      vertex -82.35929401218891 22.563655868172646 82.25
    endloop
  endfacet
  facet normal -0.9891765104757831 0.14673047101046435 0
    outer loop
      vertex -82.41602782905102 22.18118753284216 80.75
      vertex -82.35929401218891 22.563655868172646 82.25
      vertex -82.35929401218891 22.563655868172646 80.75
    endloop
  endfacet
  facet normal 0 0 1
    outer loop
      vertex -82.41602782905102 22.18118753284216 82.25
      vertex -79.95054445662277 22.61 82.25
      vertex -82.35929401218891 22.563655868172646 82.25
    endloop
  endfacet
  facet normal 0 0 -1
    outer loop
      vertex -82.41602782905102 22.18118753284216 80.75
      vertex -80.12537019600587 22.18793332892941 80.75
      vertex -80.185 21.735 80.75
    endloop
  endfacet
  facet normal 0 0 1
    outer loop
      vertex -82.43500000238419 21.79500000178814 82.25
      vertex -80.185 21.735 82.25
      vertex -80.12537019600587 22.18793332892941 82.25
    endloop
  endfacet
  facet normal 0.9914448613738113 -0.13052619222004494 0
    outer loop
      vertex -80.185 21.735 80.75
      vertex -80.12537019600587 22.18793332892941 82.25
      vertex -80.185 21.735 82.25
    endloop
  endfacet
  facet normal 0.9914448613738113 -0.13052619222004494 0
    outer loop
      vertex -80.185 21.735 80.75
      vertex -80.12537019600587 22.18793332892941 80.75
      vertex -80.12537019600587 22.18793332892941 82.25
    endloop
  endfacet
  facet normal 0 0 1
    outer loop
      vertex -82.41602782905102 22.18118753284216 82.25
      vertex -80.12537019600587 22.18793332892941 82.25
      vertex -79.95054445662277 22.61 82.25
    endloop
  endfacet
  facet normal 0.9238795325112806 -0.3826834323651044 0
    outer loop
      vertex -80.12537019600587 22.18793332892941 80.75
      vertex -79.95054445662277 22.61 82.25
      vertex -80.12537019600587 22.18793332892941 82.25
    endloop
  endfacet
  facet normal 0.9238795325112806 -0.3826834323651044 0
    outer loop
      vertex -80.12537019600587 22.18793332892941 80.75
      vertex -79.95054445662277 22.61 80.75
      vertex -79.95054445662277 22.61 82.25
    endloop
  endfacet
  facet normal -0.6087614290087244 0.7933533402912322 0
    outer loop
      vertex -77.56 20.219455543377233 82.25
      vertex -77.19756313292355 20.497563132923542 82.25
      vertex -77.19756313292355 20.497563132923542 80.75
    endloop
  endfacet
  facet normal -0.793353340291235 0.6087614290087207 0
    outer loop
      vertex -77.19756313292355 20.497563132923542 80.75
      vertex -77.19756313292355 20.497563132923542 82.25
      vertex -76.91945554337724 20.86 80.75
    endloop
  endfacet
  facet normal -0.793353340291235 0.6087614290087207 0
    outer loop
      vertex -77.19756313292355 20.497563132923542 82.25
      vertex -76.91945554337724 20.86 82.25
      vertex -76.91945554337724 20.86 80.75
    endloop
  endfacet
  facet normal -0.9238795325112806 0.3826834323651044 0
    outer loop
      vertex -76.91945554337724 20.86 80.75
      vertex -76.91945554337724 20.86 82.25
      vertex -76.74462980399413 21.282066671070588 80.75
    endloop
  endfacet
  facet normal -0.9238795325112806 0.3826834323651044 0
    outer loop
      vertex -76.91945554337724 20.86 82.25
      vertex -76.74462980399413 21.282066671070588 82.25
      vertex -76.74462980399413 21.282066671070588 80.75
    endloop
  endfacet
  facet normal -0.9914448613738113 0.13052619222004494 0
    outer loop
      vertex -76.74462980399413 21.282066671070588 80.75
      vertex -76.74462980399413 21.282066671070588 82.25
      vertex -76.685 21.735 80.75
    endloop
  endfacet
  facet normal -0.9914448613738113 0.13052619222004494 0
    outer loop
      vertex -76.74462980399413 21.282066671070588 82.25
      vertex -76.685 21.735 82.25
      vertex -76.685 21.735 80.75
    endloop
  endfacet
  facet normal -0.9914448613738113 -0.13052619222004494 0
    outer loop
      vertex -76.685 21.735 80.75
      vertex -76.685 21.735 82.25
      vertex -76.74462980399413 22.18793332892941 80.75
    endloop
  endfacet
  facet normal -0.9914448613738113 -0.13052619222004494 0
    outer loop
      vertex -76.685 21.735 82.25
      vertex -76.74462980399413 22.18793332892941 82.25
      vertex -76.74462980399413 22.18793332892941 80.75
    endloop
  endfacet
  facet normal -0.9238795325112806 -0.3826834323651044 0
    outer loop
      vertex -76.74462980399413 22.18793332892941 80.75
      vertex -76.74462980399413 22.18793332892941 82.25
      vertex -76.91945554337724 22.61 80.75
    endloop
  endfacet
  facet normal -0.9238795325112806 -0.3826834323651044 0
    outer loop
      vertex -76.74462980399413 22.18793332892941 82.25
      vertex -76.91945554337724 22.61 82.25
      vertex -76.91945554337724 22.61 80.75
    endloop
  endfacet
  facet normal 0 0 -1
    outer loop
      vertex -80.12537019600587 22.18793332892941 80.75
      vertex -82.35929401218891 22.563655868172646 80.75
      vertex -82.26534492522478 22.938721626996994 80.75
    endloop
  endfacet
  facet normal -0.9700312500464147 0.24298019247130095 0
    outer loop
      vertex -82.35929401218891 22.563655868172646 80.75
      vertex -82.35929401218891 22.563655868172646 82.25
      vertex -82.26534492522478 22.938721626996994 82.25
    endloop
  endfacet
  facet normal -0.9700312500464147 0.24298019247130095 0
    outer loop
      vertex -82.35929401218891 22.563655868172646 80.75
      vertex -82.26534492522478 22.938721626996994 82.25
      vertex -82.26534492522478 22.938721626996994 80.75
    endloop
  endfacet
  facet normal 0 0 1
    outer loop
      vertex -82.35929401218891 22.563655868172646 82.25
      vertex -79.95054445662277 22.61 82.25
      vertex -82.26534492522478 22.938721626996994 82.25
    endloop
  endfacet
  facet normal 0 0 -1
    outer loop
      vertex -82.26534492522478 22.938721626996994 80.75
      vertex -82.13508535921574 23.302772723138332 80.75
      vertex -79.95054445662277 22.61 80.75
    endloop
  endfacet
  facet normal -0.9415440643964144 0.3368898555906379 0
    outer loop
      vertex -82.26534492522478 22.938721626996994 80.75
      vertex -82.26534492522478 22.938721626996994 82.25
      vertex -82.13508535921574 23.302772723138332 82.25
    endloop
  endfacet
  facet normal -0.9415440643964144 0.3368898555906379 0
    outer loop
      vertex -82.26534492522478 22.938721626996994 80.75
      vertex -82.13508535921574 23.302772723138332 82.25
      vertex -82.13508535921574 23.302772723138332 80.75
    endloop
  endfacet
  facet normal 0 0 1
    outer loop
      vertex -82.26534492522478 22.938721626996994 82.25
      vertex -79.67243686707646 22.972436867076457 82.25
      vertex -82.13508535921574 23.302772723138332 82.25
    endloop
  endfacet
  facet normal 0 0 -1
    outer loop
      vertex -80.12537019600587 22.18793332892941 80.75
      vertex -82.26534492522478 22.938721626996994 80.75
      vertex -79.95054445662277 22.61 80.75
    endloop
  endfacet
  facet normal 0 0 1
    outer loop
      vertex -82.26534492522478 22.938721626996994 82.25
      vertex -79.95054445662277 22.61 82.25
      vertex -79.67243686707646 22.972436867076457 82.25
    endloop
  endfacet
  facet normal 0 0 -1
    outer loop
      vertex -82.13508535921574 23.302772723138332 80.75
      vertex -79.67243686707646 22.972436867076457 80.75
      vertex -79.95054445662277 22.61 80.75
    endloop
  endfacet
  facet normal 0 0 -1
    outer loop
      vertex -82.13508535921574 23.302772723138332 80.75
      vertex -79.31 23.250544456622766 80.75
      vertex -79.67243686707646 22.972436867076457 80.75
    endloop
  endfacet
  facet normal 0 0 1
    outer loop
      vertex -82.13508535921574 23.302772723138332 82.25
      vertex -79.67243686707646 22.972436867076457 82.25
      vertex -79.31 23.250544456622766 82.25
    endloop
  endfacet
  facet normal 0 0 1
    outer loop
      vertex -82.13508535921574 23.302772723138332 82.25
      vertex -79.31 23.250544456622766 82.25
      vertex -78.8879333289294 23.42537019600587 82.25
    endloop
  endfacet
  facet normal -0.9039892945540355 0.4275550904055492 0
    outer loop
      vertex -82.13508535921574 23.302772723138332 80.75
      vertex -81.96976978331804 23.652303144335747 82.25
      vertex -81.96976978331804 23.652303144335747 80.75
    endloop
  endfacet
  facet normal -0.9039892945540355 0.4275550904055492 0
    outer loop
      vertex -82.13508535921574 23.302772723138332 80.75
      vertex -82.13508535921574 23.302772723138332 82.25
      vertex -81.96976978331804 23.652303144335747 82.25
    endloop
  endfacet
  facet normal -0.8577286099453738 0.5141027442848138 0
    outer loop
      vertex -81.96976978331804 23.652303144335747 80.75
      vertex -81.96976978331804 23.652303144335747 82.25
      vertex -81.77099027484655 23.983946718275547 82.25
    endloop
  endfacet
  facet normal -0.8577286099453738 0.5141027442848138 0
    outer loop
      vertex -81.96976978331804 23.652303144335747 80.75
      vertex -81.77099027484655 23.983946718275547 82.25
      vertex -81.77099027484655 23.983946718275547 80.75
    endloop
  endfacet
  facet normal -0.8032075421878958 0.5956992900553765 0
    outer loop
      vertex -81.77099027484655 23.983946718275547 80.75
      vertex -81.77099027484655 23.983946718275547 82.25
      vertex -81.54066119343042 24.294509544968605 82.25
    endloop
  endfacet
  facet normal 0 0 -1
    outer loop
      vertex -82.13508535921574 23.302772723138332 80.75
      vertex -81.96976978331804 23.652303144335747 80.75
      vertex -79.31 23.250544456622766 80.75
    endloop
  endfacet
  facet normal 0 0 -1
    outer loop
      vertex -81.96976978331804 23.652303144335747 80.75
      vertex -78.8879333289294 23.42537019600587 80.75
      vertex -79.31 23.250544456622766 80.75
    endloop
  endfacet
  facet normal 0 0 1
    outer loop
      vertex -82.13508535921574 23.302772723138332 82.25
      vertex -78.8879333289294 23.42537019600587 82.25
      vertex -81.96976978331804 23.652303144335747 82.25
    endloop
  endfacet
  facet normal 0.793353340291235 -0.6087614290087207 0
    outer loop
      vertex -79.95054445662277 22.61 80.75
      vertex -79.67243686707646 22.972436867076457 82.25
      vertex -79.95054445662277 22.61 82.25
    endloop
  endfacet
  facet normal 0.793353340291235 -0.6087614290087207 0
    outer loop
      vertex -79.95054445662277 22.61 80.75
      vertex -79.67243686707646 22.972436867076457 80.75
      vertex -79.67243686707646 22.972436867076457 82.25
    endloop
  endfacet
  facet normal 0.6087614290087244 -0.7933533402912322 0
    outer loop
      vertex -79.67243686707646 22.972436867076457 80.75
      vertex -79.31 23.250544456622766 82.25
      vertex -79.67243686707646 22.972436867076457 82.25
    endloop
  endfacet
  facet normal 0.6087614290087244 -0.7933533402912322 0
    outer loop
      vertex -79.67243686707646 22.972436867076457 80.75
      vertex -79.31 23.250544456622766 80.75
      vertex -79.31 23.250544456622766 82.25
    endloop
  endfacet
  facet normal 0.3826834323650856 -0.9238795325112884 0
    outer loop
      vertex -79.31 23.250544456622766 80.75
      vertex -78.8879333289294 23.42537019600587 82.25
      vertex -79.31 23.250544456622766 82.25
    endloop
  endfacet
  facet normal -0.3826834323650856 -0.9238795325112884 0
    outer loop
      vertex -77.56 23.250544456622766 80.75
      vertex -77.56 23.250544456622766 82.25
      vertex -77.9820666710706 23.42537019600587 80.75
    endloop
  endfacet
  facet normal -0.6087614290087244 -0.7933533402912322 0
    outer loop
      vertex -77.56 23.250544456622766 80.75
      vertex -77.19756313292355 22.972436867076457 82.25
      vertex -77.56 23.250544456622766 82.25
    endloop
  endfacet
  facet normal 0 0 -1
    outer loop
      vertex -81.96976978331804 23.652303144335747 80.75
      vertex -78.435 23.485 80.75
      vertex -78.8879333289294 23.42537019600587 80.75
    endloop
  endfacet
  facet normal 0 0 1
    outer loop
      vertex -81.96976978331804 23.652303144335747 82.25
      vertex -78.8879333289294 23.42537019600587 82.25
      vertex -78.435 23.485 82.25
    endloop
  endfacet
  facet normal 0.3826834323650856 -0.9238795325112884 0
    outer loop
      vertex -79.31 23.250544456622766 80.75
      vertex -78.8879333289294 23.42537019600587 80.75
      vertex -78.8879333289294 23.42537019600587 82.25
    endloop
  endfacet
  facet normal 0.1305261922200546 -0.99144486137381 0
    outer loop
      vertex -78.8879333289294 23.42537019600587 80.75
      vertex -78.435 23.485 82.25
      vertex -78.8879333289294 23.42537019600587 82.25
    endloop
  endfacet
  facet normal 0.1305261922200546 -0.99144486137381 0
    outer loop
      vertex -78.8879333289294 23.42537019600587 80.75
      vertex -78.435 23.485 80.75
      vertex -78.435 23.485 82.25
    endloop
  endfacet
  facet normal -0.1305261922200546 -0.99144486137381 0
    outer loop
      vertex -78.435 23.485 80.75
      vertex -77.9820666710706 23.42537019600587 80.75
      vertex -77.9820666710706 23.42537019600587 82.25
    endloop
  endfacet
  facet normal -0.1305261922200546 -0.99144486137381 0
    outer loop
      vertex -78.435 23.485 80.75
      vertex -77.9820666710706 23.42537019600587 82.25
      vertex -78.435 23.485 82.25
    endloop
  endfacet
  facet normal -0.3826834323650856 -0.9238795325112884 0
    outer loop
      vertex -77.56 23.250544456622766 82.25
      vertex -77.9820666710706 23.42537019600587 82.25
      vertex -77.9820666710706 23.42537019600587 80.75
    endloop
  endfacet
  facet normal -0.8032075421878958 0.5956992900553765 0
    outer loop
      vertex -81.77099027484655 23.983946718275547 80.75
      vertex -81.54066119343042 24.294509544968605 82.25
      vertex -81.54066119343042 24.294509544968605 80.75
    endloop
  endfacet
  facet normal -0.7409511261299075 0.6715589539919945 0
    outer loop
      vertex -81.54066119343042 24.294509544968605 80.75
      vertex -81.28100072592497 24.581000722944736 82.25
      vertex -81.28100072592497 24.581000722944736 80.75
    endloop
  endfacet
  facet normal -0.7409511261299075 0.6715589539919945 0
    outer loop
      vertex -81.54066119343042 24.294509544968605 80.75
      vertex -81.54066119343042 24.294509544968605 82.25
      vertex -81.28100072592497 24.581000722944736 82.25
    endloop
  endfacet
  facet normal -0.6715589539919945 0.7409511261299075 0
    outer loop
      vertex -81.28100072592497 24.581000722944736 80.75
      vertex -81.28100072592497 24.581000722944736 82.25
      vertex -80.99450954794884 24.84066119045019 82.25
    endloop
  endfacet
  facet normal -0.6715589539919945 0.7409511261299075 0
    outer loop
      vertex -81.28100072592497 24.581000722944736 80.75
      vertex -80.99450954794884 24.84066119045019 82.25
      vertex -80.99450954794884 24.84066119045019 80.75
    endloop
  endfacet
  facet normal -0.5956992900553765 0.8032075421878958 0
    outer loop
      vertex -80.99450954794884 24.84066119045019 80.75
      vertex -80.99450954794884 24.84066119045019 82.25
      vertex -80.68394672125578 25.07099027186632 82.25
    endloop
  endfacet
  facet normal -0.5956992900553765 0.8032075421878958 0
    outer loop
      vertex -80.99450954794884 24.84066119045019 80.75
      vertex -80.68394672125578 25.07099027186632 82.25
      vertex -80.68394672125578 25.07099027186632 80.75
    endloop
  endfacet
  facet normal -0.5141027442848138 0.8577286099453738 0
    outer loop
      vertex -80.68394672125578 25.07099027186632 80.75
      vertex -80.68394672125578 25.07099027186632 82.25
      vertex -80.35230314731598 25.26976978033781 82.25
    endloop
  endfacet
  facet normal -0.5141027442848138 0.8577286099453738 0
    outer loop
      vertex -80.68394672125578 25.07099027186632 80.75
      vertex -80.35230314731598 25.26976978033781 82.25
      vertex -80.35230314731598 25.26976978033781 80.75
    endloop
  endfacet
  facet normal -0.4275550904055492 0.9039892945540355 0
    outer loop
      vertex -80.35230314731598 25.26976978033781 80.75
      vertex -80.35230314731598 25.26976978033781 82.25
      vertex -80.00277272611856 25.435085356235504 82.25
    endloop
  endfacet
  facet normal -0.4275550904055492 0.9039892945540355 0
    outer loop
      vertex -80.35230314731598 25.26976978033781 80.75
      vertex -80.00277272611856 25.435085356235504 82.25
      vertex -80.00277272611856 25.435085356235504 80.75
    endloop
  endfacet
  facet normal 0 0 -1
    outer loop
      vertex -79.26365587115288 25.65929400920868 80.75
      vertex -78.88118753582239 25.716027826070786 80.75
      vertex -78.49500000476837 25.734999999403954 80.75
    endloop
  endfacet
  facet normal -0.3368898555906379 0.9415440643964144 0
    outer loop
      vertex -80.00277272611856 25.435085356235504 80.75
      vertex -79.63872162997723 25.56534492224455 82.25
      vertex -79.63872162997723 25.56534492224455 80.75
    endloop
  endfacet
  facet normal -0.3368898555906379 0.9415440643964144 0
    outer loop
      vertex -80.00277272611856 25.435085356235504 80.75
      vertex -80.00277272611856 25.435085356235504 82.25
      vertex -79.63872162997723 25.56534492224455 82.25
    endloop
  endfacet
  facet normal -0.24298019247130095 0.9700312500464147 0
    outer loop
      vertex -79.63872162997723 25.56534492224455 80.75
      vertex -79.26365587115288 25.65929400920868 82.25
      vertex -79.26365587115288 25.65929400920868 80.75
    endloop
  endfacet
  facet normal -0.24298019247130095 0.9700312500464147 0
    outer loop
      vertex -79.63872162997723 25.56534492224455 80.75
      vertex -79.63872162997723 25.56534492224455 82.25
      vertex -79.26365587115288 25.65929400920868 82.25
    endloop
  endfacet
  facet normal -0.14673047101046435 0.9891765104757831 0
    outer loop
      vertex -79.26365587115288 25.65929400920868 80.75
      vertex -78.88118753582239 25.716027826070786 82.25
      vertex -78.88118753582239 25.716027826070786 80.75
    endloop
  endfacet
  facet normal -0.14673047101046435 0.9891765104757831 0
    outer loop
      vertex -79.26365587115288 25.65929400920868 80.75
      vertex -79.26365587115288 25.65929400920868 82.25
      vertex -78.88118753582239 25.716027826070786 82.25
    endloop
  endfacet
  facet normal -0.04906766532874333 0.9987954566472489 0
    outer loop
      vertex -78.88118753582239 25.716027826070786 80.75
      vertex -78.88118753582239 25.716027826070786 82.25
      vertex -78.49500000476837 25.734999999403954 82.25
    endloop
  endfacet
  facet normal 0 0 1
    outer loop
      vertex -79.26365587115288 25.65929400920868 82.25
      vertex -78.49500000476837 25.734999999403954 82.25
      vertex -78.88118753582239 25.716027826070786 82.25
    endloop
  endfacet
  facet normal -0.04906766532874333 0.9987954566472489 0
    outer loop
      vertex -78.88118753582239 25.716027826070786 80.75
      vertex -78.49500000476837 25.734999999403954 82.25
      vertex -78.49500000476837 25.734999999403954 80.75
    endloop
  endfacet
  facet normal -0.793353340291235 -0.6087614290087207 0
    outer loop
      vertex -76.91945554337724 22.61 80.75
      vertex -76.91945554337724 22.61 82.25
      vertex -77.19756313292355 22.972436867076457 80.75
    endloop
  endfacet
  facet normal -0.793353340291235 -0.6087614290087207 0
    outer loop
      vertex -76.91945554337724 22.61 82.25
      vertex -77.19756313292355 22.972436867076457 82.25
      vertex -77.19756313292355 22.972436867076457 80.75
    endloop
  endfacet
  facet normal -0.6087614290087244 -0.7933533402912322 0
    outer loop
      vertex -77.56 23.250544456622766 80.75
      vertex -77.19756313292355 22.972436867076457 80.75
      vertex -77.19756313292355 22.972436867076457 82.25
    endloop
  endfacet
  facet normal 0 0 -1
    outer loop
      vertex -77.56 -20.219455543377233 80.75
      vertex -76.74462980399413 21.282066671070588 80.75
      vertex 76.74462980399413 21.282066671070588 80.75
    endloop
  endfacet
  facet normal 0 0 1
    outer loop
      vertex -77.19756313292355 -20.497563132923542 82.25
      vertex 76.74462980399413 21.282066671070588 82.25
      vertex -76.74462980399413 21.282066671070588 82.25
    endloop
  endfacet
  facet normal 0 0 -1
    outer loop
      vertex -76.74462980399413 21.282066671070588 80.75
      vertex -76.685 21.735 80.75
      vertex 76.74462980399413 21.282066671070588 80.75
    endloop
  endfacet
  facet normal 0 0 1
    outer loop
      vertex -76.74462980399413 21.282066671070588 82.25
      vertex 76.685 21.735 82.25
      vertex -76.685 21.735 82.25
    endloop
  endfacet
  facet normal 0 0 -1
    outer loop
      vertex -76.685 21.735 80.75
      vertex -76.74462980399413 22.18793332892941 80.75
      vertex 76.685 21.735 80.75
    endloop
  endfacet
  facet normal 0 0 -1
    outer loop
      vertex -76.74462980399413 22.18793332892941 80.75
      vertex -76.91945554337724 22.61 80.75
      vertex 76.91945554337724 22.61 80.75
    endloop
  endfacet
  facet normal 0 0 1
    outer loop
      vertex -76.685 21.735 82.25
      vertex 77.19756313292355 22.972436867076457 82.25
      vertex -76.74462980399413 22.18793332892941 82.25
    endloop
  endfacet
  facet normal 0 0 -1
    outer loop
      vertex -81.96976978331804 23.652303144335747 80.75
      vertex -81.77099027484655 23.983946718275547 80.75
      vertex 81.28100072592497 24.581000722944736 80.75
    endloop
  endfacet
  facet normal 0 0 1
    outer loop
      vertex -81.96976978331804 23.652303144335747 82.25
      vertex 81.28100072592497 24.581000722944736 82.25
      vertex -81.77099027484655 23.983946718275547 82.25
    endloop
  endfacet
  facet normal 0 0 -1
    outer loop
      vertex -81.96976978331804 23.652303144335747 80.75
      vertex 81.54066119343042 24.294509544968605 80.75
      vertex -78.435 23.485 80.75
    endloop
  endfacet
  facet normal 0 0 1
    outer loop
      vertex -81.96976978331804 23.652303144335747 82.25
      vertex -78.435 23.485 82.25
      vertex 81.54066119343042 24.294509544968605 82.25
    endloop
  endfacet
  facet normal 0 0 -1
    outer loop
      vertex -81.77099027484655 23.983946718275547 80.75
      vertex -81.54066119343042 24.294509544968605 80.75
      vertex 80.99450954794884 24.84066119045019 80.75
    endloop
  endfacet
  facet normal 0 0 1
    outer loop
      vertex -81.77099027484655 23.983946718275547 82.25
      vertex 80.99450954794884 24.84066119045019 82.25
      vertex -81.54066119343042 24.294509544968605 82.25
    endloop
  endfacet
  facet normal 0 0 -1
    outer loop
      vertex -81.54066119343042 24.294509544968605 80.75
      vertex -81.28100072592497 24.581000722944736 80.75
      vertex 80.68394672125578 25.07099027186632 80.75
    endloop
  endfacet
  facet normal 0 0 -1
    outer loop
      vertex -81.28100072592497 24.581000722944736 80.75
      vertex -80.99450954794884 24.84066119045019 80.75
      vertex 80.35230314731598 25.26976978033781 80.75
    endloop
  endfacet
  facet normal 0 0 1
    outer loop
      vertex -81.54066119343042 24.294509544968605 82.25
      vertex 80.68394672125578 25.07099027186632 82.25
      vertex -81.28100072592497 24.581000722944736 82.25
    endloop
  endfacet
  facet normal 0 0 1
    outer loop
      vertex -81.28100072592497 24.581000722944736 82.25
      vertex 80.35230314731598 25.26976978033781 82.25
      vertex -80.99450954794884 24.84066119045019 82.25
    endloop
  endfacet
  facet normal 0 0 -1
    outer loop
      vertex -80.99450954794884 24.84066119045019 80.75
      vertex -80.68394672125578 25.07099027186632 80.75
      vertex 80.00277272611856 25.435085356235504 80.75
    endloop
  endfacet
  facet normal 0 0 -1
    outer loop
      vertex -80.68394672125578 25.07099027186632 80.75
      vertex -80.35230314731598 25.26976978033781 80.75
      vertex 79.63872162997723 25.56534492224455 80.75
    endloop
  endfacet
  facet normal 0 0 1
    outer loop
      vertex -80.99450954794884 24.84066119045019 82.25
      vertex 80.00277272611856 25.435085356235504 82.25
      vertex -80.68394672125578 25.07099027186632 82.25
    endloop
  endfacet
  facet normal 0 0 1
    outer loop
      vertex -80.68394672125578 25.07099027186632 82.25
      vertex 79.63872162997723 25.56534492224455 82.25
      vertex -80.35230314731598 25.26976978033781 82.25
    endloop
  endfacet
  facet normal 0 0 -1
    outer loop
      vertex -80.35230314731598 25.26976978033781 80.75
      vertex -80.00277272611856 25.435085356235504 80.75
      vertex 79.26365587115288 25.65929400920868 80.75
    endloop
  endfacet
  facet normal 0 0 -1
    outer loop
      vertex -80.00277272611856 25.435085356235504 80.75
      vertex -79.63872162997723 25.56534492224455 80.75
      vertex 78.88118753582239 25.716027826070786 80.75
    endloop
  endfacet
  facet normal 0 0 -1
    outer loop
      vertex -79.63872162997723 25.56534492224455 80.75
      vertex -79.26365587115288 25.65929400920868 80.75
      vertex 78.49500000476837 25.734999999403954 80.75
    endloop
  endfacet
  facet normal 0 0 -1
    outer loop
      vertex -79.26365587115288 25.65929400920868 80.75
      vertex -78.49500000476837 25.734999999403954 80.75
      vertex 78.49500000476837 25.734999999403954 80.75
    endloop
  endfacet
  facet normal 0 0 1
    outer loop
      vertex -80.35230314731598 25.26976978033781 82.25
      vertex 79.26365587115288 25.65929400920868 82.25
      vertex -80.00277272611856 25.435085356235504 82.25
    endloop
  endfacet
  facet normal 0 0 1
    outer loop
      vertex -80.00277272611856 25.435085356235504 82.25
      vertex 78.88118753582239 25.716027826070786 82.25
      vertex -79.63872162997723 25.56534492224455 82.25
    endloop
  endfacet
  facet normal 0 0 1
    outer loop
      vertex -79.63872162997723 25.56534492224455 82.25
      vertex 78.49500000476837 25.734999999403954 82.25
      vertex -79.26365587115288 25.65929400920868 82.25
    endloop
  endfacet
  facet normal 0 1 0
    outer loop
      vertex -78.49500000476837 25.734999999403954 80.75
      vertex -78.49500000476837 25.734999999403954 82.25
      vertex 78.49500000476837 25.734999999403954 82.25
    endloop
  endfacet
  facet normal 0 0 1
    outer loop
      vertex -79.26365587115288 25.65929400920868 82.25
      vertex 78.49500000476837 25.734999999403954 82.25
      vertex -78.49500000476837 25.734999999403954 82.25
    endloop
  endfacet
  facet normal 0 0 1
    outer loop
      vertex -76.74462980399413 22.18793332892941 82.25
      vertex 81.96976978331804 23.652303144335747 82.25
      vertex -76.91945554337724 22.61 82.25
    endloop
  endfacet
  facet normal 0 0 -1
    outer loop
      vertex -76.91945554337724 22.61 80.75
      vertex -77.19756313292355 22.972436867076457 80.75
      vertex 81.96976978331804 23.652303144335747 80.75
    endloop
  endfacet
  facet normal 0 0 1
    outer loop
      vertex -76.91945554337724 22.61 82.25
      vertex 81.77099027484655 23.983946718275547 82.25
      vertex -77.19756313292355 22.972436867076457 82.25
    endloop
  endfacet
  facet normal 0 0 -1
    outer loop
      vertex -78.435 23.485 80.75
      vertex 81.54066119343042 24.294509544968605 80.75
      vertex -77.9820666710706 23.42537019600587 80.75
    endloop
  endfacet
  facet normal 0 0 -1
    outer loop
      vertex -77.56 23.250544456622766 80.75
      vertex -77.9820666710706 23.42537019600587 80.75
      vertex 81.77099027484655 23.983946718275547 80.75
    endloop
  endfacet
  facet normal 0 0 1
    outer loop
      vertex -78.435 23.485 82.25
      vertex -77.9820666710706 23.42537019600587 82.25
      vertex 81.54066119343042 24.294509544968605 82.25
    endloop
  endfacet
  facet normal 0 0 1
    outer loop
      vertex -77.56 23.250544456622766 82.25
      vertex 81.54066119343042 24.294509544968605 82.25
      vertex -77.9820666710706 23.42537019600587 82.25
    endloop
  endfacet
  facet normal 0 0 -1
    outer loop
      vertex -77.56 23.250544456622766 80.75
      vertex 81.77099027484655 23.983946718275547 80.75
      vertex -77.19756313292355 22.972436867076457 80.75
    endloop
  endfacet
  facet normal 0 0 1
    outer loop
      vertex -77.56 23.250544456622766 82.25
      vertex -77.19756313292355 22.972436867076457 82.25
      vertex 81.77099027484655 23.983946718275547 82.25
    endloop
  endfacet
  facet normal 0 0 -1
    outer loop
      vertex -81.77099027484655 -23.983946718275547 80.75
      vertex 77.19756313292355 -22.972436867076457 80.75
      vertex 77.56 -23.250544456622766 80.75
    endloop
  endfacet
  facet normal 0 0 1
    outer loop
      vertex -81.77099027484655 -23.983946718275547 82.25
      vertex 77.56 -23.250544456622766 82.25
      vertex 77.19756313292355 -22.972436867076457 82.25
    endloop
  endfacet
  facet normal 0 0 -1
    outer loop
      vertex -81.77099027484655 -23.983946718275547 80.75
      vertex 77.56 -23.250544456622766 80.75
      vertex 77.9820666710706 -23.42537019600587 80.75
    endloop
  endfacet
  facet normal 0 0 -1
    outer loop
      vertex -81.54066119343042 -24.294509544968605 80.75
      vertex 77.9820666710706 -23.42537019600587 80.75
      vertex 78.435 -23.485 80.75
    endloop
  endfacet
  facet normal 0 0 1
    outer loop
      vertex -81.54066119343042 -24.294509544968605 82.25
      vertex 77.9820666710706 -23.42537019600587 82.25
      vertex 77.56 -23.250544456622766 82.25
    endloop
  endfacet
  facet normal 0 0 1
    outer loop
      vertex -81.54066119343042 -24.294509544968605 82.25
      vertex 78.435 -23.485 82.25
      vertex 77.9820666710706 -23.42537019600587 82.25
    endloop
  endfacet
  facet normal 0 0 -1
    outer loop
      vertex -81.96976978331804 -23.652303144335747 80.75
      vertex 76.91945554337724 -22.61 80.75
      vertex 77.19756313292355 -22.972436867076457 80.75
    endloop
  endfacet
  facet normal 0 0 1
    outer loop
      vertex -81.77099027484655 -23.983946718275547 82.25
      vertex 77.19756313292355 -22.972436867076457 82.25
      vertex 76.91945554337724 -22.61 82.25
    endloop
  endfacet
  facet normal 0 0 1
    outer loop
      vertex -81.96976978331804 -23.652303144335747 82.25
      vertex 76.91945554337724 -22.61 82.25
      vertex 76.74462980399413 -22.18793332892941 82.25
    endloop
  endfacet
  facet normal 0 0 -1
    outer loop
      vertex -78.49500000476837 -25.734999999403954 80.75
      vertex 79.26365587115288 -25.65929400920868 80.75
      vertex 78.49500000476837 -25.734999999403954 80.75
    endloop
  endfacet
  facet normal 0 0 -1
    outer loop
      vertex -78.49500000476837 -25.734999999403954 80.75
      vertex 79.63872162997723 -25.56534492224455 80.75
      vertex 79.26365587115288 -25.65929400920868 80.75
    endloop
  endfacet
  facet normal 0 0 -1
    outer loop
      vertex -78.88118753582239 -25.716027826070786 80.75
      vertex 80.00277272611856 -25.435085356235504 80.75
      vertex 79.63872162997723 -25.56534492224455 80.75
    endloop
  endfacet
  facet normal 0 0 -1
    outer loop
      vertex -79.26365587115288 -25.65929400920868 80.75
      vertex 80.35230314731598 -25.26976978033781 80.75
      vertex 80.00277272611856 -25.435085356235504 80.75
    endloop
  endfacet
  facet normal 0 -1 0
    outer loop
      vertex -78.49500000476837 -25.734999999403954 82.25
      vertex 78.49500000476837 -25.734999999403954 80.75
      vertex 78.49500000476837 -25.734999999403954 82.25
    endloop
  endfacet
  facet normal 0 0 1
    outer loop
      vertex -78.49500000476837 -25.734999999403954 82.25
      vertex 78.49500000476837 -25.734999999403954 82.25
      vertex 79.26365587115288 -25.65929400920868 82.25
    endloop
  endfacet
  facet normal 0 0 1
    outer loop
      vertex -78.49500000476837 -25.734999999403954 82.25
      vertex 79.26365587115288 -25.65929400920868 82.25
      vertex 79.63872162997723 -25.56534492224455 82.25
    endloop
  endfacet
  facet normal 0 0 1
    outer loop
      vertex -78.88118753582239 -25.716027826070786 82.25
      vertex 79.63872162997723 -25.56534492224455 82.25
      vertex 80.00277272611856 -25.435085356235504 82.25
    endloop
  endfacet
  facet normal 0 0 1
    outer loop
      vertex -79.26365587115288 -25.65929400920868 82.25
      vertex 80.00277272611856 -25.435085356235504 82.25
      vertex 80.35230314731598 -25.26976978033781 82.25
    endloop
  endfacet
  facet normal 0 0 -1
    outer loop
      vertex -79.63872162997723 -25.56534492224455 80.75
      vertex 80.68394672125578 -25.07099027186632 80.75
      vertex 80.35230314731598 -25.26976978033781 80.75
    endloop
  endfacet
  facet normal 0 0 -1
    outer loop
      vertex -80.00277272611856 -25.435085356235504 80.75
      vertex 80.99450954794884 -24.84066119045019 80.75
      vertex 80.68394672125578 -25.07099027186632 80.75
    endloop
  endfacet
  facet normal 0 0 1
    outer loop
      vertex -79.63872162997723 -25.56534492224455 82.25
      vertex 80.35230314731598 -25.26976978033781 82.25
      vertex 80.68394672125578 -25.07099027186632 82.25
    endloop
  endfacet
  facet normal 0 0 1
    outer loop
      vertex -80.00277272611856 -25.435085356235504 82.25
      vertex 80.68394672125578 -25.07099027186632 82.25
      vertex 80.99450954794884 -24.84066119045019 82.25
    endloop
  endfacet
  facet normal 0 0 -1
    outer loop
      vertex -80.35230314731598 -25.26976978033781 80.75
      vertex 81.28100072592497 -24.581000722944736 80.75
      vertex 80.99450954794884 -24.84066119045019 80.75
    endloop
  endfacet
  facet normal 0 0 -1
    outer loop
      vertex -80.68394672125578 -25.07099027186632 80.75
      vertex 81.54066119343042 -24.294509544968605 80.75
      vertex 81.28100072592497 -24.581000722944736 80.75
    endloop
  endfacet
  facet normal 0 0 1
    outer loop
      vertex -80.35230314731598 -25.26976978033781 82.25
      vertex 80.99450954794884 -24.84066119045019 82.25
      vertex 81.28100072592497 -24.581000722944736 82.25
    endloop
  endfacet
  facet normal 0 0 1
    outer loop
      vertex -80.68394672125578 -25.07099027186632 82.25
      vertex 81.28100072592497 -24.581000722944736 82.25
      vertex 81.54066119343042 -24.294509544968605 82.25
    endloop
  endfacet
  facet normal 0 0 -1
    outer loop
      vertex -80.99450954794884 -24.84066119045019 80.75
      vertex 81.77099027484655 -23.983946718275547 80.75
      vertex 81.54066119343042 -24.294509544968605 80.75
    endloop
  endfacet
  facet normal 0 0 1
    outer loop
      vertex -80.99450954794884 -24.84066119045019 82.25
      vertex 81.54066119343042 -24.294509544968605 82.25
      vertex 81.77099027484655 -23.983946718275547 82.25
    endloop
  endfacet
  facet normal 0 0 -1
    outer loop
      vertex -81.54066119343042 -24.294509544968605 80.75
      vertex 78.435 -23.485 80.75
      vertex 81.96976978331804 -23.652303144335747 80.75
    endloop
  endfacet
  facet normal 0 0 1
    outer loop
      vertex -81.54066119343042 -24.294509544968605 82.25
      vertex 81.96976978331804 -23.652303144335747 82.25
      vertex 78.435 -23.485 82.25
    endloop
  endfacet
  facet normal 0 0 -1
    outer loop
      vertex -81.28100072592497 -24.581000722944736 80.75
      vertex 81.96976978331804 -23.652303144335747 80.75
      vertex 81.77099027484655 -23.983946718275547 80.75
    endloop
  endfacet
  facet normal 0 0 1
    outer loop
      vertex -81.28100072592497 -24.581000722944736 82.25
      vertex 81.77099027484655 -23.983946718275547 82.25
      vertex 81.96976978331804 -23.652303144335747 82.25
    endloop
  endfacet
  facet normal 0 0 -1
    outer loop
      vertex -76.91945554337724 -22.61 80.75
      vertex 76.74462980399413 -22.18793332892941 80.75
      vertex 76.91945554337724 -22.61 80.75
    endloop
  endfacet
  facet normal 0 0 1
    outer loop
      vertex -77.19756313292355 -22.972436867076457 82.25
      vertex 76.74462980399413 -22.18793332892941 82.25
      vertex 76.685 -21.735 82.25
    endloop
  endfacet
  facet normal 0 0 -1
    outer loop
      vertex -76.685 -21.735 80.75
      vertex 76.685 -21.735 80.75
      vertex 76.74462980399413 -22.18793332892941 80.75
    endloop
  endfacet
  facet normal 0 0 -1
    outer loop
      vertex -76.74462980399413 -21.282066671070588 80.75
      vertex 76.74462980399413 -21.282066671070588 80.75
      vertex 76.685 -21.735 80.75
    endloop
  endfacet
  facet normal 0 0 1
    outer loop
      vertex -76.685 -21.735 82.25
      vertex 76.685 -21.735 82.25
      vertex 76.74462980399413 -21.282066671070588 82.25
    endloop
  endfacet
  facet normal 0 0 1
    outer loop
      vertex -76.74462980399413 -21.282066671070588 82.25
      vertex 76.74462980399413 -21.282066671070588 82.25
      vertex 77.19756313292355 20.497563132923542 82.25
    endloop
  endfacet
  facet normal 0 0 -1
    outer loop
      vertex -76.74462980399413 -21.282066671070588 80.75
      vertex 77.56 20.219455543377233 80.75
      vertex 76.74462980399413 -21.282066671070588 80.75
    endloop
  endfacet
  facet normal 0.6087614290087244 0.7933533402912322 0
    outer loop
      vertex 77.19756313292355 -22.972436867076457 80.75
      vertex 77.19756313292355 -22.972436867076457 82.25
      vertex 77.56 -23.250544456622766 80.75
    endloop
  endfacet
  facet normal 0.793353340291235 0.6087614290087207 0
    outer loop
      vertex 77.19756313292355 -22.972436867076457 80.75
      vertex 76.91945554337724 -22.61 82.25
      vertex 77.19756313292355 -22.972436867076457 82.25
    endloop
  endfacet
  facet normal 0.793353340291235 0.6087614290087207 0
    outer loop
      vertex 77.19756313292355 -22.972436867076457 80.75
      vertex 76.91945554337724 -22.61 80.75
      vertex 76.91945554337724 -22.61 82.25
    endloop
  endfacet
  facet normal 0.04906766532874333 -0.9987954566472489 0
    outer loop
      vertex 78.49500000476837 -25.734999999403954 80.75
      vertex 78.88118753582239 -25.716027826070786 80.75
      vertex 78.49500000476837 -25.734999999403954 82.25
    endloop
  endfacet
  facet normal 0 0 -1
    outer loop
      vertex 78.49500000476837 -25.734999999403954 80.75
      vertex 79.26365587115288 -25.65929400920868 80.75
      vertex 78.88118753582239 -25.716027826070786 80.75
    endloop
  endfacet
  facet normal 0.14673047101046435 -0.9891765104757831 0
    outer loop
      vertex 78.88118753582239 -25.716027826070786 80.75
      vertex 79.26365587115288 -25.65929400920868 80.75
      vertex 78.88118753582239 -25.716027826070786 82.25
    endloop
  endfacet
  facet normal 0.04906766532874333 -0.9987954566472489 0
    outer loop
      vertex 78.49500000476837 -25.734999999403954 82.25
      vertex 78.88118753582239 -25.716027826070786 80.75
      vertex 78.88118753582239 -25.716027826070786 82.25
    endloop
  endfacet
  facet normal 0 0 1
    outer loop
      vertex 78.49500000476837 -25.734999999403954 82.25
      vertex 78.88118753582239 -25.716027826070786 82.25
      vertex 79.26365587115288 -25.65929400920868 82.25
    endloop
  endfacet
  facet normal 0.14673047101046435 -0.9891765104757831 0
    outer loop
      vertex 79.26365587115288 -25.65929400920868 80.75
      vertex 79.26365587115288 -25.65929400920868 82.25
      vertex 78.88118753582239 -25.716027826070786 82.25
    endloop
  endfacet
  facet normal 0.24298019247130095 -0.9700312500464147 0
    outer loop
      vertex 79.26365587115288 -25.65929400920868 80.75
      vertex 79.63872162997723 -25.56534492224455 80.75
      vertex 79.26365587115288 -25.65929400920868 82.25
    endloop
  endfacet
  facet normal 0.24298019247130095 -0.9700312500464147 0
    outer loop
      vertex 79.63872162997723 -25.56534492224455 80.75
      vertex 79.63872162997723 -25.56534492224455 82.25
      vertex 79.26365587115288 -25.65929400920868 82.25
    endloop
  endfacet
  facet normal 0.3368898555906379 -0.9415440643964144 0
    outer loop
      vertex 79.63872162997723 -25.56534492224455 80.75
      vertex 80.00277272611856 -25.435085356235504 80.75
      vertex 79.63872162997723 -25.56534492224455 82.25
    endloop
  endfacet
  facet normal 0.3368898555906379 -0.9415440643964144 0
    outer loop
      vertex 79.63872162997723 -25.56534492224455 82.25
      vertex 80.00277272611856 -25.435085356235504 80.75
      vertex 80.00277272611856 -25.435085356235504 82.25
    endloop
  endfacet
  facet normal 0.4275550904055492 -0.9039892945540355 0
    outer loop
      vertex 80.00277272611856 -25.435085356235504 80.75
      vertex 80.35230314731598 -25.26976978033781 80.75
      vertex 80.00277272611856 -25.435085356235504 82.25
    endloop
  endfacet
  facet normal 0.5141027442848138 -0.8577286099453738 0
    outer loop
      vertex 80.35230314731598 -25.26976978033781 80.75
      vertex 80.68394672125578 -25.07099027186632 80.75
      vertex 80.35230314731598 -25.26976978033781 82.25
    endloop
  endfacet
  facet normal 0.4275550904055492 -0.9039892945540355 0
    outer loop
      vertex 80.00277272611856 -25.435085356235504 82.25
      vertex 80.35230314731598 -25.26976978033781 80.75
      vertex 80.35230314731598 -25.26976978033781 82.25
    endloop
  endfacet
  facet normal 0.5956992900553765 -0.8032075421878958 0
    outer loop
      vertex 80.68394672125578 -25.07099027186632 80.75
      vertex 80.99450954794884 -24.84066119045019 80.75
      vertex 80.68394672125578 -25.07099027186632 82.25
    endloop
  endfacet
  facet normal 0.5141027442848138 -0.8577286099453738 0
    outer loop
      vertex 80.68394672125578 -25.07099027186632 80.75
      vertex 80.68394672125578 -25.07099027186632 82.25
      vertex 80.35230314731598 -25.26976978033781 82.25
    endloop
  endfacet
  facet normal 0.6715589539919945 -0.7409511261299075 0
    outer loop
      vertex 80.99450954794884 -24.84066119045019 80.75
      vertex 81.28100072592497 -24.581000722944736 80.75
      vertex 80.99450954794884 -24.84066119045019 82.25
    endloop
  endfacet
  facet normal 0.5956992900553765 -0.8032075421878958 0
    outer loop
      vertex 80.68394672125578 -25.07099027186632 82.25
      vertex 80.99450954794884 -24.84066119045019 80.75
      vertex 80.99450954794884 -24.84066119045019 82.25
    endloop
  endfacet
  facet normal 0.6715589539919945 -0.7409511261299075 0
    outer loop
      vertex 80.99450954794884 -24.84066119045019 82.25
      vertex 81.28100072592497 -24.581000722944736 80.75
      vertex 81.28100072592497 -24.581000722944736 82.25
    endloop
  endfacet
  facet normal 0.7409511261299075 -0.6715589539919945 0
    outer loop
      vertex 81.28100072592497 -24.581000722944736 80.75
      vertex 81.54066119343042 -24.294509544968605 80.75
      vertex 81.28100072592497 -24.581000722944736 82.25
    endloop
  endfacet
  facet normal 0.7409511261299075 -0.6715589539919945 0
    outer loop
      vertex 81.28100072592497 -24.581000722944736 82.25
      vertex 81.54066119343042 -24.294509544968605 80.75
      vertex 81.54066119343042 -24.294509544968605 82.25
    endloop
  endfacet
  facet normal 0.8032075421878958 -0.5956992900553765 0
    outer loop
      vertex 81.54066119343042 -24.294509544968605 80.75
      vertex 81.77099027484655 -23.983946718275547 80.75
      vertex 81.54066119343042 -24.294509544968605 82.25
    endloop
  endfacet
  facet normal 0.3826834323650856 0.9238795325112884 0
    outer loop
      vertex 77.9820666710706 -23.42537019600587 80.75
      vertex 77.56 -23.250544456622766 82.25
      vertex 77.9820666710706 -23.42537019600587 82.25
    endloop
  endfacet
  facet normal 0.1305261922200546 0.99144486137381 0
    outer loop
      vertex 77.9820666710706 -23.42537019600587 80.75
      vertex 77.9820666710706 -23.42537019600587 82.25
      vertex 78.435 -23.485 80.75
    endloop
  endfacet
  facet normal -0.1305261922200546 0.99144486137381 0
    outer loop
      vertex 78.435 -23.485 80.75
      vertex 78.435 -23.485 82.25
      vertex 78.8879333289294 -23.42537019600587 80.75
    endloop
  endfacet
  facet normal 0.1305261922200546 0.99144486137381 0
    outer loop
      vertex 78.435 -23.485 80.75
      vertex 77.9820666710706 -23.42537019600587 82.25
      vertex 78.435 -23.485 82.25
    endloop
  endfacet
  facet normal 0 0 -1
    outer loop
      vertex 78.435 -23.485 80.75
      vertex 78.8879333289294 -23.42537019600587 80.75
      vertex 81.96976978331804 -23.652303144335747 80.75
    endloop
  endfacet
  facet normal -0.3826834323650856 0.9238795325112884 0
    outer loop
      vertex 78.8879333289294 -23.42537019600587 80.75
      vertex 78.8879333289294 -23.42537019600587 82.25
      vertex 79.31 -23.250544456622766 80.75
    endloop
  endfacet
  facet normal -0.1305261922200546 0.99144486137381 0
    outer loop
      vertex 78.435 -23.485 82.25
      vertex 78.8879333289294 -23.42537019600587 82.25
      vertex 78.8879333289294 -23.42537019600587 80.75
    endloop
  endfacet
  facet normal 0 0 1
    outer loop
      vertex 78.435 -23.485 82.25
      vertex 81.96976978331804 -23.652303144335747 82.25
      vertex 78.8879333289294 -23.42537019600587 82.25
    endloop
  endfacet
  facet normal 0.3826834323650856 0.9238795325112884 0
    outer loop
      vertex 77.9820666710706 -23.42537019600587 80.75
      vertex 77.56 -23.250544456622766 80.75
      vertex 77.56 -23.250544456622766 82.25
    endloop
  endfacet
  facet normal 0.6087614290087244 0.7933533402912322 0
    outer loop
      vertex 77.19756313292355 -22.972436867076457 82.25
      vertex 77.56 -23.250544456622766 82.25
      vertex 77.56 -23.250544456622766 80.75
    endloop
  endfacet
  facet normal -0.3826834323650856 0.9238795325112884 0
    outer loop
      vertex 78.8879333289294 -23.42537019600587 82.25
      vertex 79.31 -23.250544456622766 82.25
      vertex 79.31 -23.250544456622766 80.75
    endloop
  endfacet
  facet normal -0.6087614290087244 0.7933533402912322 0
    outer loop
      vertex 79.31 -23.250544456622766 80.75
      vertex 79.31 -23.250544456622766 82.25
      vertex 79.67243686707646 -22.972436867076457 80.75
    endloop
  endfacet
  facet normal -0.6087614290087244 0.7933533402912322 0
    outer loop
      vertex 79.67243686707646 -22.972436867076457 80.75
      vertex 79.31 -23.250544456622766 82.25
      vertex 79.67243686707646 -22.972436867076457 82.25
    endloop
  endfacet
  facet normal -0.793353340291235 0.6087614290087207 0
    outer loop
      vertex 79.67243686707646 -22.972436867076457 80.75
      vertex 79.67243686707646 -22.972436867076457 82.25
      vertex 79.95054445662277 -22.61 80.75
    endloop
  endfacet
  facet normal -0.793353340291235 0.6087614290087207 0
    outer loop
      vertex 79.67243686707646 -22.972436867076457 82.25
      vertex 79.95054445662277 -22.61 82.25
      vertex 79.95054445662277 -22.61 80.75
    endloop
  endfacet
  facet normal 0 0 -1
    outer loop
      vertex 78.8879333289294 -23.42537019600587 80.75
      vertex 79.31 -23.250544456622766 80.75
      vertex 81.96976978331804 -23.652303144335747 80.75
    endloop
  endfacet
  facet normal 0 0 -1
    outer loop
      vertex 79.31 -23.250544456622766 80.75
      vertex 82.13508535921574 -23.302772723138332 80.75
      vertex 81.96976978331804 -23.652303144335747 80.75
    endloop
  endfacet
  facet normal 0 0 1
    outer loop
      vertex 78.8879333289294 -23.42537019600587 82.25
      vertex 81.96976978331804 -23.652303144335747 82.25
      vertex 82.13508535921574 -23.302772723138332 82.25
    endloop
  endfacet
  facet normal 0.8032075421878958 -0.5956992900553765 0
    outer loop
      vertex 81.54066119343042 -24.294509544968605 82.25
      vertex 81.77099027484655 -23.983946718275547 80.75
      vertex 81.77099027484655 -23.983946718275547 82.25
    endloop
  endfacet
  facet normal 0.8577286099453738 -0.5141027442848138 0
    outer loop
      vertex 81.77099027484655 -23.983946718275547 80.75
      vertex 81.96976978331804 -23.652303144335747 80.75
      vertex 81.77099027484655 -23.983946718275547 82.25
    endloop
  endfacet
  facet normal 0.8577286099453738 -0.5141027442848138 0
    outer loop
      vertex 81.77099027484655 -23.983946718275547 82.25
      vertex 81.96976978331804 -23.652303144335747 80.75
      vertex 81.96976978331804 -23.652303144335747 82.25
    endloop
  endfacet
  facet normal 0.9039892945540355 -0.4275550904055492 0
    outer loop
      vertex 81.96976978331804 -23.652303144335747 80.75
      vertex 82.13508535921574 -23.302772723138332 80.75
      vertex 81.96976978331804 -23.652303144335747 82.25
    endloop
  endfacet
  facet normal 0.9039892945540355 -0.4275550904055492 0
    outer loop
      vertex 81.96976978331804 -23.652303144335747 82.25
      vertex 82.13508535921574 -23.302772723138332 80.75
      vertex 82.13508535921574 -23.302772723138332 82.25
    endloop
  endfacet
  facet normal 0 0 -1
    outer loop
      vertex 79.31 -23.250544456622766 80.75
      vertex 79.67243686707646 -22.972436867076457 80.75
      vertex 82.13508535921574 -23.302772723138332 80.75
    endloop
  endfacet
  facet normal 0 0 -1
    outer loop
      vertex 79.67243686707646 -22.972436867076457 80.75
      vertex 79.95054445662277 -22.61 80.75
      vertex 82.13508535921574 -23.302772723138332 80.75
    endloop
  endfacet
  facet normal 0 0 1
    outer loop
      vertex 78.8879333289294 -23.42537019600587 82.25
      vertex 82.13508535921574 -23.302772723138332 82.25
      vertex 79.31 -23.250544456622766 82.25
    endloop
  endfacet
  facet normal 0 0 1
    outer loop
      vertex 79.31 -23.250544456622766 82.25
      vertex 82.13508535921574 -23.302772723138332 82.25
      vertex 79.67243686707646 -22.972436867076457 82.25
    endloop
  endfacet
  facet normal 0 0 -1
    outer loop
      vertex 79.95054445662277 -22.61 80.75
      vertex 80.12537019600587 -22.18793332892941 80.75
      vertex 82.26534492522478 -22.938721626996994 80.75
    endloop
  endfacet
  facet normal 0 0 1
    outer loop
      vertex 79.67243686707646 -22.972436867076457 82.25
      vertex 82.26534492522478 -22.938721626996994 82.25
      vertex 79.95054445662277 -22.61 82.25
    endloop
  endfacet
  facet normal 0 0 -1
    outer loop
      vertex 79.95054445662277 -22.61 80.75
      vertex 82.26534492522478 -22.938721626996994 80.75
      vertex 82.13508535921574 -23.302772723138332 80.75
    endloop
  endfacet
  facet normal 0 0 1
    outer loop
      vertex 79.67243686707646 -22.972436867076457 82.25
      vertex 82.13508535921574 -23.302772723138332 82.25
      vertex 82.26534492522478 -22.938721626996994 82.25
    endloop
  endfacet
  facet normal 0.9415440643964144 -0.3368898555906379 0
    outer loop
      vertex 82.13508535921574 -23.302772723138332 80.75
      vertex 82.26534492522478 -22.938721626996994 80.75
      vertex 82.13508535921574 -23.302772723138332 82.25
    endloop
  endfacet
  facet normal 0.9415440643964144 -0.3368898555906379 0
    outer loop
      vertex 82.26534492522478 -22.938721626996994 80.75
      vertex 82.26534492522478 -22.938721626996994 82.25
      vertex 82.13508535921574 -23.302772723138332 82.25
    endloop
  endfacet
  facet normal 0 0 -1
    outer loop
      vertex 82.26534492522478 -22.938721626996994 80.75
      vertex 80.12537019600587 -22.18793332892941 80.75
      vertex 82.35929401218891 -22.563655868172646 80.75
    endloop
  endfacet
  facet normal 0 0 1
    outer loop
      vertex 79.95054445662277 -22.61 82.25
      vertex 82.26534492522478 -22.938721626996994 82.25
      vertex 82.35929401218891 -22.563655868172646 82.25
    endloop
  endfacet
  facet normal 0.9700312500464147 -0.24298019247130095 0
    outer loop
      vertex 82.26534492522478 -22.938721626996994 80.75
      vertex 82.35929401218891 -22.563655868172646 80.75
      vertex 82.26534492522478 -22.938721626996994 82.25
    endloop
  endfacet
  facet normal 0.9700312500464147 -0.24298019247130095 0
    outer loop
      vertex 82.26534492522478 -22.938721626996994 82.25
      vertex 82.35929401218891 -22.563655868172646 80.75
      vertex 82.35929401218891 -22.563655868172646 82.25
    endloop
  endfacet
  facet normal 0.9238795325112806 0.3826834323651044 0
    outer loop
      vertex 76.91945554337724 -22.61 80.75
      vertex 76.74462980399413 -22.18793332892941 82.25
      vertex 76.91945554337724 -22.61 82.25
    endloop
  endfacet
  facet normal 0.9238795325112806 0.3826834323651044 0
    outer loop
      vertex 76.91945554337724 -22.61 80.75
      vertex 76.74462980399413 -22.18793332892941 80.75
      vertex 76.74462980399413 -22.18793332892941 82.25
    endloop
  endfacet
  facet normal 0.9914448613738113 0.13052619222004494 0
    outer loop
      vertex 76.74462980399413 -22.18793332892941 80.75
      vertex 76.685 -21.735 82.25
      vertex 76.74462980399413 -22.18793332892941 82.25
    endloop
  endfacet
  facet normal 0.9914448613738113 0.13052619222004494 0
    outer loop
      vertex 76.74462980399413 -22.18793332892941 80.75
      vertex 76.685 -21.735 80.75
      vertex 76.685 -21.735 82.25
    endloop
  endfacet
  facet normal 0.9914448613738113 -0.13052619222004494 0
    outer loop
      vertex 76.685 -21.735 80.75
      vertex 76.74462980399413 -21.282066671070588 82.25
      vertex 76.685 -21.735 82.25
    endloop
  endfacet
  facet normal 0.9914448613738113 -0.13052619222004494 0
    outer loop
      vertex 76.685 -21.735 80.75
      vertex 76.74462980399413 -21.282066671070588 80.75
      vertex 76.74462980399413 -21.282066671070588 82.25
    endloop
  endfacet
  facet normal 0.9238795325112806 -0.3826834323651044 0
    outer loop
      vertex 76.74462980399413 -21.282066671070588 80.75
      vertex 76.91945554337724 -20.86 82.25
      vertex 76.74462980399413 -21.282066671070588 82.25
    endloop
  endfacet
  facet normal 0.9238795325112806 -0.3826834323651044 0
    outer loop
      vertex 76.74462980399413 -21.282066671070588 80.75
      vertex 76.91945554337724 -20.86 80.75
      vertex 76.91945554337724 -20.86 82.25
    endloop
  endfacet
  facet normal 0.793353340291235 -0.6087614290087207 0
    outer loop
      vertex 76.91945554337724 -20.86 80.75
      vertex 77.19756313292355 -20.497563132923542 82.25
      vertex 76.91945554337724 -20.86 82.25
    endloop
  endfacet
  facet normal 0.793353340291235 -0.6087614290087207 0
    outer loop
      vertex 76.91945554337724 -20.86 80.75
      vertex 77.19756313292355 -20.497563132923542 80.75
      vertex 77.19756313292355 -20.497563132923542 82.25
    endloop
  endfacet
  facet normal 0.6087614290087244 -0.7933533402912322 0
    outer loop
      vertex 77.19756313292355 -20.497563132923542 80.75
      vertex 77.56 -20.219455543377233 82.25
      vertex 77.19756313292355 -20.497563132923542 82.25
    endloop
  endfacet
  facet normal -0.9238795325112806 0.3826834323651044 0
    outer loop
      vertex 79.95054445662277 -22.61 80.75
      vertex 79.95054445662277 -22.61 82.25
      vertex 80.12537019600587 -22.18793332892941 80.75
    endloop
  endfacet
  facet normal -0.9238795325112806 0.3826834323651044 0
    outer loop
      vertex 79.95054445662277 -22.61 82.25
      vertex 80.12537019600587 -22.18793332892941 82.25
      vertex 80.12537019600587 -22.18793332892941 80.75
    endloop
  endfacet
  facet normal 0 0 1
    outer loop
      vertex 79.95054445662277 -22.61 82.25
      vertex 82.41602782905102 -22.18118753284216 82.25
      vertex 80.12537019600587 -22.18793332892941 82.25
    endloop
  endfacet
  facet normal 0 0 -1
    outer loop
      vertex 80.12537019600587 -22.18793332892941 80.75
      vertex 80.185 -21.735 80.75
      vertex 82.41602782905102 -22.18118753284216 80.75
    endloop
  endfacet
  facet normal -0.9914448613738113 0.13052619222004494 0
    outer loop
      vertex 80.12537019600587 -22.18793332892941 80.75
      vertex 80.12537019600587 -22.18793332892941 82.25
      vertex 80.185 -21.735 80.75
    endloop
  endfacet
  facet normal -0.9914448613738113 0.13052619222004494 0
    outer loop
      vertex 80.12537019600587 -22.18793332892941 82.25
      vertex 80.185 -21.735 82.25
      vertex 80.185 -21.735 80.75
    endloop
  endfacet
  facet normal 0 0 1
    outer loop
      vertex 80.12537019600587 -22.18793332892941 82.25
      vertex 82.43500000238419 -21.79500000178814 82.25
      vertex 80.185 -21.735 82.25
    endloop
  endfacet
  facet normal 0 0 -1
    outer loop
      vertex 82.35929401218891 -22.563655868172646 80.75
      vertex 80.12537019600587 -22.18793332892941 80.75
      vertex 82.41602782905102 -22.18118753284216 80.75
    endloop
  endfacet
  facet normal 0 0 1
    outer loop
      vertex 79.95054445662277 -22.61 82.25
      vertex 82.35929401218891 -22.563655868172646 82.25
      vertex 82.41602782905102 -22.18118753284216 82.25
    endloop
  endfacet
  facet normal 0.9891765104757831 -0.14673047101046435 0
    outer loop
      vertex 82.35929401218891 -22.563655868172646 80.75
      vertex 82.41602782905102 -22.18118753284216 80.75
      vertex 82.35929401218891 -22.563655868172646 82.25
    endloop
  endfacet
  facet normal 0.9891765104757831 -0.14673047101046435 0
    outer loop
      vertex 82.35929401218891 -22.563655868172646 82.25
      vertex 82.41602782905102 -22.18118753284216 80.75
      vertex 82.41602782905102 -22.18118753284216 82.25
    endloop
  endfacet
  facet normal 0 0 -1
    outer loop
      vertex 80.185 -21.735 80.75
      vertex 82.43500000238419 -21.79500000178814 80.75
      vertex 82.41602782905102 -22.18118753284216 80.75
    endloop
  endfacet
  facet normal 0 0 1
    outer loop
      vertex 80.12537019600587 -22.18793332892941 82.25
      vertex 82.41602782905102 -22.18118753284216 82.25
      vertex 82.43500000238419 -21.79500000178814 82.25
    endloop
  endfacet
  facet normal 0.9987954566472489 -0.04906766532874333 0
    outer loop
      vertex 82.41602782905102 -22.18118753284216 80.75
      vertex 82.43500000238419 -21.79500000178814 80.75
      vertex 82.41602782905102 -22.18118753284216 82.25
    endloop
  endfacet
  facet normal 0.9987954566472489 -0.04906766532874333 0
    outer loop
      vertex 82.41602782905102 -22.18118753284216 82.25
      vertex 82.43500000238419 -21.79500000178814 80.75
      vertex 82.43500000238419 -21.79500000178814 82.25
    endloop
  endfacet
  facet normal -0.9914448613738113 -0.13052619222004494 0
    outer loop
      vertex 80.185 -21.735 80.75
      vertex 80.185 -21.735 82.25
      vertex 80.12537019600587 -21.282066671070588 80.75
    endloop
  endfacet
  facet normal -0.9914448613738113 -0.13052619222004494 0
    outer loop
      vertex 80.185 -21.735 82.25
      vertex 80.12537019600587 -21.282066671070588 82.25
      vertex 80.12537019600587 -21.282066671070588 80.75
    endloop
  endfacet
  facet normal -0.9238795325112806 -0.3826834323651044 0
    outer loop
      vertex 80.12537019600587 -21.282066671070588 80.75
      vertex 80.12537019600587 -21.282066671070588 82.25
      vertex 79.95054445662277 -20.86 80.75
    endloop
  endfacet
  facet normal -0.9238795325112806 -0.3826834323651044 0
    outer loop
      vertex 80.12537019600587 -21.282066671070588 82.25
      vertex 79.95054445662277 -20.86 82.25
      vertex 79.95054445662277 -20.86 80.75
    endloop
  endfacet
  facet normal 0.6087614290087244 -0.7933533402912322 0
    outer loop
      vertex 77.19756313292355 -20.497563132923542 80.75
      vertex 77.56 -20.219455543377233 80.75
      vertex 77.56 -20.219455543377233 82.25
    endloop
  endfacet
  facet normal 0.3826834323650856 -0.9238795325112884 0
    outer loop
      vertex 77.56 -20.219455543377233 80.75
      vertex 77.9820666710706 -20.04462980399413 82.25
      vertex 77.56 -20.219455543377233 82.25
    endloop
  endfacet
  facet normal -0.793353340291235 -0.6087614290087207 0
    outer loop
      vertex 79.67243686707646 -20.497563132923542 80.75
      vertex 79.95054445662277 -20.86 80.75
      vertex 79.95054445662277 -20.86 82.25
    endloop
  endfacet
  facet normal -0.793353340291235 -0.6087614290087207 0
    outer loop
      vertex 79.67243686707646 -20.497563132923542 80.75
      vertex 79.95054445662277 -20.86 82.25
      vertex 79.67243686707646 -20.497563132923542 82.25
    endloop
  endfacet
  facet normal -0.3826834323650856 -0.9238795325112884 0
    outer loop
      vertex 79.31 -20.219455543377233 80.75
      vertex 79.31 -20.219455543377233 82.25
      vertex 78.8879333289294 -20.04462980399413 80.75
    endloop
  endfacet
  facet normal -0.6087614290087244 -0.7933533402912322 0
    outer loop
      vertex 79.67243686707646 -20.497563132923542 80.75
      vertex 79.67243686707646 -20.497563132923542 82.25
      vertex 79.31 -20.219455543377233 80.75
    endloop
  endfacet
  facet normal -0.6087614290087244 -0.7933533402912322 0
    outer loop
      vertex 79.31 -20.219455543377233 80.75
      vertex 79.67243686707646 -20.497563132923542 82.25
      vertex 79.31 -20.219455543377233 82.25
    endloop
  endfacet
  facet normal 0.3826834323650856 -0.9238795325112884 0
    outer loop
      vertex 77.56 -20.219455543377233 80.75
      vertex 77.9820666710706 -20.04462980399413 80.75
      vertex 77.9820666710706 -20.04462980399413 82.25
    endloop
  endfacet
  facet normal 0.1305261922200546 -0.99144486137381 0
    outer loop
      vertex 77.9820666710706 -20.04462980399413 80.75
      vertex 78.435 -19.985 80.75
      vertex 78.435 -19.985 82.25
    endloop
  endfacet
  facet normal 0.1305261922200546 -0.99144486137381 0
    outer loop
      vertex 77.9820666710706 -20.04462980399413 80.75
      vertex 78.435 -19.985 82.25
      vertex 77.9820666710706 -20.04462980399413 82.25
    endloop
  endfacet
  facet normal -0.1305261922200546 -0.99144486137381 0
    outer loop
      vertex 78.435 -19.985 80.75
      vertex 78.8879333289294 -20.04462980399413 82.25
      vertex 78.435 -19.985 82.25
    endloop
  endfacet
  facet normal -0.1305261922200546 -0.99144486137381 0
    outer loop
      vertex 78.435 -19.985 80.75
      vertex 78.8879333289294 -20.04462980399413 80.75
      vertex 78.8879333289294 -20.04462980399413 82.25
    endloop
  endfacet
  facet normal -0.3826834323650856 -0.9238795325112884 0
    outer loop
      vertex 79.31 -20.219455543377233 82.25
      vertex 78.8879333289294 -20.04462980399413 82.25
      vertex 78.8879333289294 -20.04462980399413 80.75
    endloop
  endfacet
  facet normal 0 0 -1
    outer loop
      vertex 76.74462980399413 -21.282066671070588 80.75
      vertex 77.56 20.219455543377233 80.75
      vertex 76.91945554337724 -20.86 80.75
    endloop
  endfacet
  facet normal 0 0 -1
    outer loop
      vertex 76.91945554337724 -20.86 80.75
      vertex 77.56 20.219455543377233 80.75
      vertex 77.19756313292355 -20.497563132923542 80.75
    endloop
  endfacet
  facet normal 0 0 1
    outer loop
      vertex 76.74462980399413 -21.282066671070588 82.25
      vertex 76.91945554337724 -20.86 82.25
      vertex 77.19756313292355 20.497563132923542 82.25
    endloop
  endfacet
  facet normal 0 0 1
    outer loop
      vertex 76.91945554337724 -20.86 82.25
      vertex 77.19756313292355 -20.497563132923542 82.25
      vertex 77.19756313292355 20.497563132923542 82.25
    endloop
  endfacet
  facet normal 0 0 1
    outer loop
      vertex 77.19756313292355 -20.497563132923542 82.25
      vertex 77.56 -20.219455543377233 82.25
      vertex 77.19756313292355 20.497563132923542 82.25
    endloop
  endfacet
  facet normal 0 0 -1
    outer loop
      vertex 77.19756313292355 -20.497563132923542 80.75
      vertex 77.56 20.219455543377233 80.75
      vertex 77.56 -20.219455543377233 80.75
    endloop
  endfacet
  facet normal 0 0 -1
    outer loop
      vertex 77.56 -20.219455543377233 80.75
      vertex 77.9820666710706 20.04462980399413 80.75
      vertex 77.9820666710706 -20.04462980399413 80.75
    endloop
  endfacet
  facet normal 0 0 -1
    outer loop
      vertex 77.9820666710706 -20.04462980399413 80.75
      vertex 78.435 19.985 80.75
      vertex 78.435 -19.985 80.75
    endloop
  endfacet
  facet normal 0 0 1
    outer loop
      vertex 77.56 -20.219455543377233 82.25
      vertex 77.9820666710706 -20.04462980399413 82.25
      vertex 77.56 20.219455543377233 82.25
    endloop
  endfacet
  facet normal 0 0 1
    outer loop
      vertex 77.9820666710706 -20.04462980399413 82.25
      vertex 78.435 -19.985 82.25
      vertex 77.9820666710706 20.04462980399413 82.25
    endloop
  endfacet
  facet normal 0 0 1
    outer loop
      vertex 78.435 -19.985 82.25
      vertex 78.8879333289294 -20.04462980399413 82.25
      vertex 78.435 19.985 82.25
    endloop
  endfacet
  facet normal 0 0 1
    outer loop
      vertex 79.67243686707646 -20.497563132923542 82.25
      vertex 79.95054445662277 -20.86 82.25
      vertex 79.67243686707646 20.497563132923542 82.25
    endloop
  endfacet
  facet normal 0 0 -1
    outer loop
      vertex 78.435 -19.985 80.75
      vertex 78.8879333289294 20.04462980399413 80.75
      vertex 78.8879333289294 -20.04462980399413 80.75
    endloop
  endfacet
  facet normal 0 0 -1
    outer loop
      vertex 79.31 -20.219455543377233 80.75
      vertex 78.8879333289294 -20.04462980399413 80.75
      vertex 79.31 20.219455543377233 80.75
    endloop
  endfacet
  facet normal 0 0 -1
    outer loop
      vertex 79.67243686707646 -20.497563132923542 80.75
      vertex 79.31 -20.219455543377233 80.75
      vertex 79.67243686707646 20.497563132923542 80.75
    endloop
  endfacet
  facet normal 0 0 -1
    outer loop
      vertex 79.67243686707646 -20.497563132923542 80.75
      vertex 79.95054445662277 20.86 80.75
      vertex 79.95054445662277 -20.86 80.75
    endloop
  endfacet
  facet normal 0 0 1
    outer loop
      vertex 79.31 -20.219455543377233 82.25
      vertex 78.8879333289294 20.04462980399413 82.25
      vertex 78.8879333289294 -20.04462980399413 82.25
    endloop
  endfacet
  facet normal 0 0 1
    outer loop
      vertex 79.67243686707646 -20.497563132923542 82.25
      vertex 79.31 20.219455543377233 82.25
      vertex 79.31 -20.219455543377233 82.25
    endloop
  endfacet
  facet normal 0 0 1
    outer loop
      vertex 80.185 -21.735 82.25
      vertex 79.95054445662277 20.86 82.25
      vertex 80.12537019600587 -21.282066671070588 82.25
    endloop
  endfacet
  facet normal 0 0 -1
    outer loop
      vertex 80.185 -21.735 80.75
      vertex 82.43500000238419 21.79500000178814 80.75
      vertex 82.43500000238419 -21.79500000178814 80.75
    endloop
  endfacet
  facet normal 0 0 1
    outer loop
      vertex 80.185 -21.735 82.25
      vertex 82.43500000238419 -21.79500000178814 82.25
      vertex 82.43500000238419 21.79500000178814 82.25
    endloop
  endfacet
  facet normal 1 0 0
    outer loop
      vertex 82.43500000238419 -21.79500000178814 80.75
      vertex 82.43500000238419 21.79500000178814 80.75
      vertex 82.43500000238419 -21.79500000178814 82.25
    endloop
  endfacet
  facet normal 0 0 -1
    outer loop
      vertex 80.12537019600587 -21.282066671070588 80.75
      vertex 79.95054445662277 -20.86 80.75
      vertex 80.12537019600587 21.282066671070588 80.75
    endloop
  endfacet
  facet normal 0 0 -1
    outer loop
      vertex 80.185 -21.735 80.75
      vertex 80.12537019600587 -21.282066671070588 80.75
      vertex 82.43500000238419 21.79500000178814 80.75
    endloop
  endfacet
  facet normal 0 0 1
    outer loop
      vertex 80.12537019600587 -21.282066671070588 82.25
      vertex 79.95054445662277 20.86 82.25
      vertex 79.95054445662277 -20.86 82.25
    endloop
  endfacet
  facet normal 0 0 1
    outer loop
      vertex -76.91945554337724 -20.86 82.25
      vertex 77.19756313292355 20.497563132923542 82.25
      vertex 76.91945554337724 20.86 82.25
    endloop
  endfacet
  facet normal 0 0 -1
    outer loop
      vertex -77.56 -20.219455543377233 80.75
      vertex 76.91945554337724 20.86 80.75
      vertex 77.19756313292355 20.497563132923542 80.75
    endloop
  endfacet
  facet normal 0 0 1
    outer loop
      vertex -77.19756313292355 -20.497563132923542 82.25
      vertex 76.91945554337724 20.86 82.25
      vertex 76.74462980399413 21.282066671070588 82.25
    endloop
  endfacet
  facet normal 0 0 -1
    outer loop
      vertex -77.56 -20.219455543377233 80.75
      vertex 76.74462980399413 21.282066671070588 80.75
      vertex 76.91945554337724 20.86 80.75
    endloop
  endfacet
  facet normal 0 0 -1
    outer loop
      vertex -77.19756313292355 -20.497563132923542 80.75
      vertex 77.19756313292355 20.497563132923542 80.75
      vertex 77.56 20.219455543377233 80.75
    endloop
  endfacet
  facet normal 0 0 -1
    outer loop
      vertex -76.685 21.735 80.75
      vertex 76.685 21.735 80.75
      vertex 76.74462980399413 21.282066671070588 80.75
    endloop
  endfacet
  facet normal 0 0 1
    outer loop
      vertex -76.74462980399413 21.282066671070588 82.25
      vertex 76.74462980399413 21.282066671070588 82.25
      vertex 76.685 21.735 82.25
    endloop
  endfacet
  facet normal 0 0 -1
    outer loop
      vertex -76.74462980399413 22.18793332892941 80.75
      vertex 76.74462980399413 22.18793332892941 80.75
      vertex 76.685 21.735 80.75
    endloop
  endfacet
  facet normal 0 0 1
    outer loop
      vertex -76.685 21.735 82.25
      vertex 76.685 21.735 82.25
      vertex 76.74462980399413 22.18793332892941 82.25
    endloop
  endfacet
  facet normal 0 0 -1
    outer loop
      vertex -76.74462980399413 22.18793332892941 80.75
      vertex 76.91945554337724 22.61 80.75
      vertex 76.74462980399413 22.18793332892941 80.75
    endloop
  endfacet
  facet normal 0 0 1
    outer loop
      vertex -76.685 21.735 82.25
      vertex 76.74462980399413 22.18793332892941 82.25
      vertex 76.91945554337724 22.61 82.25
    endloop
  endfacet
  facet normal 0 0 1
    outer loop
      vertex -76.685 21.735 82.25
      vertex 76.91945554337724 22.61 82.25
      vertex 77.19756313292355 22.972436867076457 82.25
    endloop
  endfacet
  facet normal 0 0 -1
    outer loop
      vertex -76.91945554337724 22.61 80.75
      vertex 77.19756313292355 22.972436867076457 80.75
      vertex 76.91945554337724 22.61 80.75
    endloop
  endfacet
  facet normal 0 0 1
    outer loop
      vertex -76.74462980399413 22.18793332892941 82.25
      vertex 77.19756313292355 22.972436867076457 82.25
      vertex 77.56 23.250544456622766 82.25
    endloop
  endfacet
  facet normal 0 0 -1
    outer loop
      vertex -76.91945554337724 22.61 80.75
      vertex 77.56 23.250544456622766 80.75
      vertex 77.19756313292355 22.972436867076457 80.75
    endloop
  endfacet
  facet normal 0 0 -1
    outer loop
      vertex -76.91945554337724 22.61 80.75
      vertex 77.9820666710706 23.42537019600587 80.75
      vertex 77.56 23.250544456622766 80.75
    endloop
  endfacet
  facet normal 0 0 -1
    outer loop
      vertex -76.91945554337724 22.61 80.75
      vertex 78.435 23.485 80.75
      vertex 77.9820666710706 23.42537019600587 80.75
    endloop
  endfacet
  facet normal 0 0 1
    outer loop
      vertex -76.74462980399413 22.18793332892941 82.25
      vertex 77.56 23.250544456622766 82.25
      vertex 77.9820666710706 23.42537019600587 82.25
    endloop
  endfacet
  facet normal 0 0 1
    outer loop
      vertex -76.74462980399413 22.18793332892941 82.25
      vertex 77.9820666710706 23.42537019600587 82.25
      vertex 78.435 23.485 82.25
    endloop
  endfacet
  facet normal 0 0 -1
    outer loop
      vertex -76.91945554337724 22.61 80.75
      vertex 81.96976978331804 23.652303144335747 80.75
      vertex 78.435 23.485 80.75
    endloop
  endfacet
  facet normal 0 0 1
    outer loop
      vertex -76.74462980399413 22.18793332892941 82.25
      vertex 78.435 23.485 82.25
      vertex 81.96976978331804 23.652303144335747 82.25
    endloop
  endfacet
  facet normal 0 0 -1
    outer loop
      vertex -77.19756313292355 22.972436867076457 80.75
      vertex 81.77099027484655 23.983946718275547 80.75
      vertex 81.96976978331804 23.652303144335747 80.75
    endloop
  endfacet
  facet normal 0 0 1
    outer loop
      vertex -76.91945554337724 22.61 82.25
      vertex 81.96976978331804 23.652303144335747 82.25
      vertex 81.77099027484655 23.983946718275547 82.25
    endloop
  endfacet
  facet normal 0 0 -1
    outer loop
      vertex -77.9820666710706 23.42537019600587 80.75
      vertex 81.54066119343042 24.294509544968605 80.75
      vertex 81.77099027484655 23.983946718275547 80.75
    endloop
  endfacet
  facet normal 0 0 1
    outer loop
      vertex -77.56 23.250544456622766 82.25
      vertex 81.77099027484655 23.983946718275547 82.25
      vertex 81.54066119343042 24.294509544968605 82.25
    endloop
  endfacet
  facet normal 0 0 -1
    outer loop
      vertex -81.96976978331804 23.652303144335747 80.75
      vertex 81.28100072592497 24.581000722944736 80.75
      vertex 81.54066119343042 24.294509544968605 80.75
    endloop
  endfacet
  facet normal 0 0 -1
    outer loop
      vertex -81.77099027484655 23.983946718275547 80.75
      vertex 80.99450954794884 24.84066119045019 80.75
      vertex 81.28100072592497 24.581000722944736 80.75
    endloop
  endfacet
  facet normal 0 0 1
    outer loop
      vertex -81.96976978331804 23.652303144335747 82.25
      vertex 81.54066119343042 24.294509544968605 82.25
      vertex 81.28100072592497 24.581000722944736 82.25
    endloop
  endfacet
  facet normal 0 0 1
    outer loop
      vertex -81.77099027484655 23.983946718275547 82.25
      vertex 81.28100072592497 24.581000722944736 82.25
      vertex 80.99450954794884 24.84066119045019 82.25
    endloop
  endfacet
  facet normal 0 0 -1
    outer loop
      vertex -81.54066119343042 24.294509544968605 80.75
      vertex 80.68394672125578 25.07099027186632 80.75
      vertex 80.99450954794884 24.84066119045019 80.75
    endloop
  endfacet
  facet normal 0 0 1
    outer loop
      vertex -81.54066119343042 24.294509544968605 82.25
      vertex 80.99450954794884 24.84066119045019 82.25
      vertex 80.68394672125578 25.07099027186632 82.25
    endloop
  endfacet
  facet normal 0 0 -1
    outer loop
      vertex -81.28100072592497 24.581000722944736 80.75
      vertex 80.35230314731598 25.26976978033781 80.75
      vertex 80.68394672125578 25.07099027186632 80.75
    endloop
  endfacet
  facet normal 0 0 -1
    outer loop
      vertex -80.99450954794884 24.84066119045019 80.75
      vertex 80.00277272611856 25.435085356235504 80.75
      vertex 80.35230314731598 25.26976978033781 80.75
    endloop
  endfacet
  facet normal 0 0 1
    outer loop
      vertex -81.28100072592497 24.581000722944736 82.25
      vertex 80.68394672125578 25.07099027186632 82.25
      vertex 80.35230314731598 25.26976978033781 82.25
    endloop
  endfacet
  facet normal 0 0 1
    outer loop
      vertex -80.99450954794884 24.84066119045019 82.25
      vertex 80.35230314731598 25.26976978033781 82.25
      vertex 80.00277272611856 25.435085356235504 82.25
    endloop
  endfacet
  facet normal 0 0 -1
    outer loop
      vertex -80.68394672125578 25.07099027186632 80.75
      vertex 79.63872162997723 25.56534492224455 80.75
      vertex 80.00277272611856 25.435085356235504 80.75
    endloop
  endfacet
  facet normal 0 0 -1
    outer loop
      vertex -80.35230314731598 25.26976978033781 80.75
      vertex 79.26365587115288 25.65929400920868 80.75
      vertex 79.63872162997723 25.56534492224455 80.75
    endloop
  endfacet
  facet normal 0 0 -1
    outer loop
      vertex -80.00277272611856 25.435085356235504 80.75
      vertex 78.88118753582239 25.716027826070786 80.75
      vertex 79.26365587115288 25.65929400920868 80.75
    endloop
  endfacet
  facet normal 0 0 -1
    outer loop
      vertex -79.63872162997723 25.56534492224455 80.75
      vertex 78.49500000476837 25.734999999403954 80.75
      vertex 78.88118753582239 25.716027826070786 80.75
    endloop
  endfacet
  facet normal 0 0 1
    outer loop
      vertex -80.68394672125578 25.07099027186632 82.25
      vertex 80.00277272611856 25.435085356235504 82.25
      vertex 79.63872162997723 25.56534492224455 82.25
    endloop
  endfacet
  facet normal 0 0 1
    outer loop
      vertex -80.35230314731598 25.26976978033781 82.25
      vertex 79.63872162997723 25.56534492224455 82.25
      vertex 79.26365587115288 25.65929400920868 82.25
    endloop
  endfacet
  facet normal 0 1 0
    outer loop
      vertex -78.49500000476837 25.734999999403954 80.75
      vertex 78.49500000476837 25.734999999403954 82.25
      vertex 78.49500000476837 25.734999999403954 80.75
    endloop
  endfacet
  facet normal 0 0 1
    outer loop
      vertex -80.00277272611856 25.435085356235504 82.25
      vertex 79.26365587115288 25.65929400920868 82.25
      vertex 78.88118753582239 25.716027826070786 82.25
    endloop
  endfacet
  facet normal 0 0 1
    outer loop
      vertex -79.63872162997723 25.56534492224455 82.25
      vertex 78.88118753582239 25.716027826070786 82.25
      vertex 78.49500000476837 25.734999999403954 82.25
    endloop
  endfacet
  facet normal 0 0 -1
    outer loop
      vertex 77.56 -20.219455543377233 80.75
      vertex 77.56 20.219455543377233 80.75
      vertex 77.9820666710706 20.04462980399413 80.75
    endloop
  endfacet
  facet normal 0 0 -1
    outer loop
      vertex 77.9820666710706 -20.04462980399413 80.75
      vertex 77.9820666710706 20.04462980399413 80.75
      vertex 78.435 19.985 80.75
    endloop
  endfacet
  facet normal 0 0 -1
    outer loop
      vertex 78.435 -19.985 80.75
      vertex 78.435 19.985 80.75
      vertex 78.8879333289294 20.04462980399413 80.75
    endloop
  endfacet
  facet normal 0 0 1
    outer loop
      vertex 77.56 -20.219455543377233 82.25
      vertex 77.56 20.219455543377233 82.25
      vertex 77.19756313292355 20.497563132923542 82.25
    endloop
  endfacet
  facet normal 0 0 1
    outer loop
      vertex 77.9820666710706 -20.04462980399413 82.25
      vertex 77.9820666710706 20.04462980399413 82.25
      vertex 77.56 20.219455543377233 82.25
    endloop
  endfacet
  facet normal 0 0 1
    outer loop
      vertex 78.435 -19.985 82.25
      vertex 78.435 19.985 82.25
      vertex 77.9820666710706 20.04462980399413 82.25
    endloop
  endfacet
  facet normal 0 0 -1
    outer loop
      vertex 78.8879333289294 -20.04462980399413 80.75
      vertex 78.8879333289294 20.04462980399413 80.75
      vertex 79.31 20.219455543377233 80.75
    endloop
  endfacet
  facet normal 0 0 -1
    outer loop
      vertex 79.31 -20.219455543377233 80.75
      vertex 79.31 20.219455543377233 80.75
      vertex 79.67243686707646 20.497563132923542 80.75
    endloop
  endfacet
  facet normal 0 0 1
    outer loop
      vertex 78.8879333289294 -20.04462980399413 82.25
      vertex 78.8879333289294 20.04462980399413 82.25
      vertex 78.435 19.985 82.25
    endloop
  endfacet
  facet normal 0 0 1
    outer loop
      vertex 79.31 -20.219455543377233 82.25
      vertex 79.31 20.219455543377233 82.25
      vertex 78.8879333289294 20.04462980399413 82.25
    endloop
  endfacet
  facet normal 0 0 1
    outer loop
      vertex 79.67243686707646 -20.497563132923542 82.25
      vertex 79.67243686707646 20.497563132923542 82.25
      vertex 79.31 20.219455543377233 82.25
    endloop
  endfacet
  facet normal 0 0 1
    outer loop
      vertex 79.95054445662277 -20.86 82.25
      vertex 79.95054445662277 20.86 82.25
      vertex 79.67243686707646 20.497563132923542 82.25
    endloop
  endfacet
  facet normal 0 0 -1
    outer loop
      vertex 79.67243686707646 -20.497563132923542 80.75
      vertex 79.67243686707646 20.497563132923542 80.75
      vertex 79.95054445662277 20.86 80.75
    endloop
  endfacet
  facet normal 0 0 -1
    outer loop
      vertex 79.95054445662277 -20.86 80.75
      vertex 79.95054445662277 20.86 80.75
      vertex 80.12537019600587 21.282066671070588 80.75
    endloop
  endfacet
  facet normal 0 0 1
    outer loop
      vertex 80.185 -21.735 82.25
      vertex 82.43500000238419 21.79500000178814 82.25
      vertex 79.95054445662277 20.86 82.25
    endloop
  endfacet
  facet normal 0 0 -1
    outer loop
      vertex 80.12537019600587 -21.282066671070588 80.75
      vertex 80.12537019600587 21.282066671070588 80.75
      vertex 82.43500000238419 21.79500000178814 80.75
    endloop
  endfacet
  facet normal 1 0 0
    outer loop
      vertex 82.43500000238419 -21.79500000178814 82.25
      vertex 82.43500000238419 21.79500000178814 80.75
      vertex 82.43500000238419 21.79500000178814 82.25
    endloop
  endfacet
  facet normal 0.6087614290087244 0.7933533402912322 0
    outer loop
      vertex 77.19756313292355 20.497563132923542 80.75
      vertex 77.19756313292355 20.497563132923542 82.25
      vertex 77.56 20.219455543377233 80.75
    endloop
  endfacet
  facet normal 0.793353340291235 0.6087614290087207 0
    outer loop
      vertex 77.19756313292355 20.497563132923542 80.75
      vertex 76.91945554337724 20.86 82.25
      vertex 77.19756313292355 20.497563132923542 82.25
    endloop
  endfacet
  facet normal 0.793353340291235 0.6087614290087207 0
    outer loop
      vertex 77.19756313292355 20.497563132923542 80.75
      vertex 76.91945554337724 20.86 80.75
      vertex 76.91945554337724 20.86 82.25
    endloop
  endfacet
  facet normal 0.9238795325112806 0.3826834323651044 0
    outer loop
      vertex 76.91945554337724 20.86 80.75
      vertex 76.74462980399413 21.282066671070588 82.25
      vertex 76.91945554337724 20.86 82.25
    endloop
  endfacet
  facet normal 0.9238795325112806 0.3826834323651044 0
    outer loop
      vertex 76.91945554337724 20.86 80.75
      vertex 76.74462980399413 21.282066671070588 80.75
      vertex 76.74462980399413 21.282066671070588 82.25
    endloop
  endfacet
  facet normal 0.9914448613738113 0.13052619222004494 0
    outer loop
      vertex 76.74462980399413 21.282066671070588 80.75
      vertex 76.685 21.735 82.25
      vertex 76.74462980399413 21.282066671070588 82.25
    endloop
  endfacet
  facet normal 0.9914448613738113 0.13052619222004494 0
    outer loop
      vertex 76.74462980399413 21.282066671070588 80.75
      vertex 76.685 21.735 80.75
      vertex 76.685 21.735 82.25
    endloop
  endfacet
  facet normal 0.9914448613738113 -0.13052619222004494 0
    outer loop
      vertex 76.685 21.735 80.75
      vertex 76.74462980399413 22.18793332892941 82.25
      vertex 76.685 21.735 82.25
    endloop
  endfacet
  facet normal 0.9914448613738113 -0.13052619222004494 0
    outer loop
      vertex 76.685 21.735 80.75
      vertex 76.74462980399413 22.18793332892941 80.75
      vertex 76.74462980399413 22.18793332892941 82.25
    endloop
  endfacet
  facet normal 0.9238795325112806 -0.3826834323651044 0
    outer loop
      vertex 76.74462980399413 22.18793332892941 80.75
      vertex 76.91945554337724 22.61 82.25
      vertex 76.74462980399413 22.18793332892941 82.25
    endloop
  endfacet
  facet normal 0.9238795325112806 -0.3826834323651044 0
    outer loop
      vertex 76.74462980399413 22.18793332892941 80.75
      vertex 76.91945554337724 22.61 80.75
      vertex 76.91945554337724 22.61 82.25
    endloop
  endfacet
  facet normal 0.3826834323650856 0.9238795325112884 0
    outer loop
      vertex 77.9820666710706 20.04462980399413 80.75
      vertex 77.56 20.219455543377233 82.25
      vertex 77.9820666710706 20.04462980399413 82.25
    endloop
  endfacet
  facet normal 0.1305261922200546 0.99144486137381 0
    outer loop
      vertex 77.9820666710706 20.04462980399413 80.75
      vertex 77.9820666710706 20.04462980399413 82.25
      vertex 78.435 19.985 80.75
    endloop
  endfacet
  facet normal -0.1305261922200546 0.99144486137381 0
    outer loop
      vertex 78.435 19.985 80.75
      vertex 78.435 19.985 82.25
      vertex 78.8879333289294 20.04462980399413 80.75
    endloop
  endfacet
  facet normal 0.1305261922200546 0.99144486137381 0
    outer loop
      vertex 78.435 19.985 80.75
      vertex 77.9820666710706 20.04462980399413 82.25
      vertex 78.435 19.985 82.25
    endloop
  endfacet
  facet normal -0.3826834323650856 0.9238795325112884 0
    outer loop
      vertex 78.8879333289294 20.04462980399413 80.75
      vertex 78.8879333289294 20.04462980399413 82.25
      vertex 79.31 20.219455543377233 80.75
    endloop
  endfacet
  facet normal -0.1305261922200546 0.99144486137381 0
    outer loop
      vertex 78.435 19.985 82.25
      vertex 78.8879333289294 20.04462980399413 82.25
      vertex 78.8879333289294 20.04462980399413 80.75
    endloop
  endfacet
  facet normal 0.3826834323650856 0.9238795325112884 0
    outer loop
      vertex 77.9820666710706 20.04462980399413 80.75
      vertex 77.56 20.219455543377233 80.75
      vertex 77.56 20.219455543377233 82.25
    endloop
  endfacet
  facet normal 0.6087614290087244 0.7933533402912322 0
    outer loop
      vertex 77.19756313292355 20.497563132923542 82.25
      vertex 77.56 20.219455543377233 82.25
      vertex 77.56 20.219455543377233 80.75
    endloop
  endfacet
  facet normal -0.3826834323650856 0.9238795325112884 0
    outer loop
      vertex 78.8879333289294 20.04462980399413 82.25
      vertex 79.31 20.219455543377233 82.25
      vertex 79.31 20.219455543377233 80.75
    endloop
  endfacet
  facet normal -0.6087614290087244 0.7933533402912322 0
    outer loop
      vertex 79.31 20.219455543377233 80.75
      vertex 79.31 20.219455543377233 82.25
      vertex 79.67243686707646 20.497563132923542 80.75
    endloop
  endfacet
  facet normal -0.6087614290087244 0.7933533402912322 0
    outer loop
      vertex 79.67243686707646 20.497563132923542 80.75
      vertex 79.31 20.219455543377233 82.25
      vertex 79.67243686707646 20.497563132923542 82.25
    endloop
  endfacet
  facet normal -0.793353340291235 0.6087614290087207 0
    outer loop
      vertex 79.67243686707646 20.497563132923542 80.75
      vertex 79.67243686707646 20.497563132923542 82.25
      vertex 79.95054445662277 20.86 80.75
    endloop
  endfacet
  facet normal -0.793353340291235 0.6087614290087207 0
    outer loop
      vertex 79.67243686707646 20.497563132923542 82.25
      vertex 79.95054445662277 20.86 82.25
      vertex 79.95054445662277 20.86 80.75
    endloop
  endfacet
  facet normal -0.9238795325112806 0.3826834323651044 0
    outer loop
      vertex 79.95054445662277 20.86 80.75
      vertex 79.95054445662277 20.86 82.25
      vertex 80.12537019600587 21.282066671070588 80.75
    endloop
  endfacet
  facet normal -0.9238795325112806 0.3826834323651044 0
    outer loop
      vertex 79.95054445662277 20.86 82.25
      vertex 80.12537019600587 21.282066671070588 82.25
      vertex 80.12537019600587 21.282066671070588 80.75
    endloop
  endfacet
  facet normal 0 0 1
    outer loop
      vertex 79.95054445662277 20.86 82.25
      vertex 82.43500000238419 21.79500000178814 82.25
      vertex 80.12537019600587 21.282066671070588 82.25
    endloop
  endfacet
  facet normal 0 0 -1
    outer loop
      vertex 80.12537019600587 21.282066671070588 80.75
      vertex 80.185 21.735 80.75
      vertex 82.43500000238419 21.79500000178814 80.75
    endloop
  endfacet
  facet normal -0.9914448613738113 0.13052619222004494 0
    outer loop
      vertex 80.12537019600587 21.282066671070588 80.75
      vertex 80.12537019600587 21.282066671070588 82.25
      vertex 80.185 21.735 80.75
    endloop
  endfacet
  facet normal -0.9914448613738113 0.13052619222004494 0
    outer loop
      vertex 80.12537019600587 21.282066671070588 82.25
      vertex 80.185 21.735 82.25
      vertex 80.185 21.735 80.75
    endloop
  endfacet
  facet normal 0 0 -1
    outer loop
      vertex 80.185 21.735 80.75
      vertex 80.12537019600587 22.18793332892941 80.75
      vertex 82.41602782905102 22.18118753284216 80.75
    endloop
  endfacet
  facet normal -0.9914448613738113 -0.13052619222004494 0
    outer loop
      vertex 80.185 21.735 80.75
      vertex 80.185 21.735 82.25
      vertex 80.12537019600587 22.18793332892941 80.75
    endloop
  endfacet
  facet normal -0.9914448613738113 -0.13052619222004494 0
    outer loop
      vertex 80.185 21.735 82.25
      vertex 80.12537019600587 22.18793332892941 82.25
      vertex 80.12537019600587 22.18793332892941 80.75
    endloop
  endfacet
  facet normal 0 0 1
    outer loop
      vertex 80.12537019600587 21.282066671070588 82.25
      vertex 82.41602782905102 22.18118753284216 82.25
      vertex 80.185 21.735 82.25
    endloop
  endfacet
  facet normal 0 0 -1
    outer loop
      vertex 80.12537019600587 22.18793332892941 80.75
      vertex 79.95054445662277 22.61 80.75
      vertex 82.35929401218891 22.563655868172646 80.75
    endloop
  endfacet
  facet normal -0.9238795325112806 -0.3826834323651044 0
    outer loop
      vertex 80.12537019600587 22.18793332892941 80.75
      vertex 80.12537019600587 22.18793332892941 82.25
      vertex 79.95054445662277 22.61 80.75
    endloop
  endfacet
  facet normal -0.9238795325112806 -0.3826834323651044 0
    outer loop
      vertex 80.12537019600587 22.18793332892941 82.25
      vertex 79.95054445662277 22.61 82.25
      vertex 79.95054445662277 22.61 80.75
    endloop
  endfacet
  facet normal 0 0 1
    outer loop
      vertex 80.185 21.735 82.25
      vertex 82.35929401218891 22.563655868172646 82.25
      vertex 80.12537019600587 22.18793332892941 82.25
    endloop
  endfacet
  facet normal 0 0 -1
    outer loop
      vertex 80.185 21.735 80.75
      vertex 82.41602782905102 22.18118753284216 80.75
      vertex 82.43500000238419 21.79500000178814 80.75
    endloop
  endfacet
  facet normal 0 0 1
    outer loop
      vertex 80.12537019600587 21.282066671070588 82.25
      vertex 82.43500000238419 21.79500000178814 82.25
      vertex 82.41602782905102 22.18118753284216 82.25
    endloop
  endfacet
  facet normal 0.9987954566472489 0.04906766532874333 0
    outer loop
      vertex 82.43500000238419 21.79500000178814 80.75
      vertex 82.41602782905102 22.18118753284216 80.75
      vertex 82.43500000238419 21.79500000178814 82.25
    endloop
  endfacet
  facet normal 0.9987954566472489 0.04906766532874333 0
    outer loop
      vertex 82.43500000238419 21.79500000178814 82.25
      vertex 82.41602782905102 22.18118753284216 80.75
      vertex 82.41602782905102 22.18118753284216 82.25
    endloop
  endfacet
  facet normal 0 0 -1
    outer loop
      vertex 80.12537019600587 22.18793332892941 80.75
      vertex 82.35929401218891 22.563655868172646 80.75
      vertex 82.41602782905102 22.18118753284216 80.75
    endloop
  endfacet
  facet normal 0 0 1
    outer loop
      vertex 80.185 21.735 82.25
      vertex 82.41602782905102 22.18118753284216 82.25
      vertex 82.35929401218891 22.563655868172646 82.25
    endloop
  endfacet
  facet normal 0.9891765104757831 0.14673047101046435 0
    outer loop
      vertex 82.41602782905102 22.18118753284216 80.75
      vertex 82.35929401218891 22.563655868172646 80.75
      vertex 82.41602782905102 22.18118753284216 82.25
    endloop
  endfacet
  facet normal 0.9891765104757831 0.14673047101046435 0
    outer loop
      vertex 82.41602782905102 22.18118753284216 82.25
      vertex 82.35929401218891 22.563655868172646 80.75
      vertex 82.35929401218891 22.563655868172646 82.25
    endloop
  endfacet
  facet normal 0.793353340291235 -0.6087614290087207 0
    outer loop
      vertex 76.91945554337724 22.61 80.75
      vertex 77.19756313292355 22.972436867076457 82.25
      vertex 76.91945554337724 22.61 82.25
    endloop
  endfacet
  facet normal 0.793353340291235 -0.6087614290087207 0
    outer loop
      vertex 76.91945554337724 22.61 80.75
      vertex 77.19756313292355 22.972436867076457 80.75
      vertex 77.19756313292355 22.972436867076457 82.25
    endloop
  endfacet
  facet normal 0.6087614290087244 -0.7933533402912322 0
    outer loop
      vertex 77.19756313292355 22.972436867076457 80.75
      vertex 77.56 23.250544456622766 82.25
      vertex 77.19756313292355 22.972436867076457 82.25
    endloop
  endfacet
  facet normal 0.6087614290087244 -0.7933533402912322 0
    outer loop
      vertex 77.19756313292355 22.972436867076457 80.75
      vertex 77.56 23.250544456622766 80.75
      vertex 77.56 23.250544456622766 82.25
    endloop
  endfacet
  facet normal 0.3826834323650856 -0.9238795325112884 0
    outer loop
      vertex 77.56 23.250544456622766 80.75
      vertex 77.9820666710706 23.42537019600587 82.25
      vertex 77.56 23.250544456622766 82.25
    endloop
  endfacet
  facet normal -0.793353340291235 -0.6087614290087207 0
    outer loop
      vertex 79.67243686707646 22.972436867076457 80.75
      vertex 79.95054445662277 22.61 80.75
      vertex 79.95054445662277 22.61 82.25
    endloop
  endfacet
  facet normal -0.793353340291235 -0.6087614290087207 0
    outer loop
      vertex 79.67243686707646 22.972436867076457 80.75
      vertex 79.95054445662277 22.61 82.25
      vertex 79.67243686707646 22.972436867076457 82.25
    endloop
  endfacet
  facet normal -0.3826834323650856 -0.9238795325112884 0
    outer loop
      vertex 79.31 23.250544456622766 80.75
      vertex 79.31 23.250544456622766 82.25
      vertex 78.8879333289294 23.42537019600587 80.75
    endloop
  endfacet
  facet normal -0.6087614290087244 -0.7933533402912322 0
    outer loop
      vertex 79.67243686707646 22.972436867076457 80.75
      vertex 79.67243686707646 22.972436867076457 82.25
      vertex 79.31 23.250544456622766 80.75
    endloop
  endfacet
  facet normal -0.6087614290087244 -0.7933533402912322 0
    outer loop
      vertex 79.31 23.250544456622766 80.75
      vertex 79.67243686707646 22.972436867076457 82.25
      vertex 79.31 23.250544456622766 82.25
    endloop
  endfacet
  facet normal 0.3826834323650856 -0.9238795325112884 0
    outer loop
      vertex 77.56 23.250544456622766 80.75
      vertex 77.9820666710706 23.42537019600587 80.75
      vertex 77.9820666710706 23.42537019600587 82.25
    endloop
  endfacet
  facet normal 0.1305261922200546 -0.99144486137381 0
    outer loop
      vertex 77.9820666710706 23.42537019600587 80.75
      vertex 78.435 23.485 80.75
      vertex 78.435 23.485 82.25
    endloop
  endfacet
  facet normal 0.1305261922200546 -0.99144486137381 0
    outer loop
      vertex 77.9820666710706 23.42537019600587 80.75
      vertex 78.435 23.485 82.25
      vertex 77.9820666710706 23.42537019600587 82.25
    endloop
  endfacet
  facet normal -0.1305261922200546 -0.99144486137381 0
    outer loop
      vertex 78.435 23.485 80.75
      vertex 78.8879333289294 23.42537019600587 82.25
      vertex 78.435 23.485 82.25
    endloop
  endfacet
  facet normal 0 0 -1
    outer loop
      vertex 78.435 23.485 80.75
      vertex 81.96976978331804 23.652303144335747 80.75
      vertex 78.8879333289294 23.42537019600587 80.75
    endloop
  endfacet
  facet normal -0.1305261922200546 -0.99144486137381 0
    outer loop
      vertex 78.435 23.485 80.75
      vertex 78.8879333289294 23.42537019600587 80.75
      vertex 78.8879333289294 23.42537019600587 82.25
    endloop
  endfacet
  facet normal -0.3826834323650856 -0.9238795325112884 0
    outer loop
      vertex 79.31 23.250544456622766 82.25
      vertex 78.8879333289294 23.42537019600587 82.25
      vertex 78.8879333289294 23.42537019600587 80.75
    endloop
  endfacet
  facet normal 0 0 1
    outer loop
      vertex 78.435 23.485 82.25
      vertex 78.8879333289294 23.42537019600587 82.25
      vertex 81.96976978331804 23.652303144335747 82.25
    endloop
  endfacet
  facet normal 0 0 -1
    outer loop
      vertex 79.67243686707646 22.972436867076457 80.75
      vertex 82.26534492522478 22.938721626996994 80.75
      vertex 79.95054445662277 22.61 80.75
    endloop
  endfacet
  facet normal 0 0 1
    outer loop
      vertex 80.12537019600587 22.18793332892941 82.25
      vertex 82.26534492522478 22.938721626996994 82.25
      vertex 79.95054445662277 22.61 82.25
    endloop
  endfacet
  facet normal 0 0 -1
    outer loop
      vertex 79.31 23.250544456622766 80.75
      vertex 78.8879333289294 23.42537019600587 80.75
      vertex 82.13508535921574 23.302772723138332 80.75
    endloop
  endfacet
  facet normal 0 0 -1
    outer loop
      vertex 79.67243686707646 22.972436867076457 80.75
      vertex 79.31 23.250544456622766 80.75
      vertex 82.13508535921574 23.302772723138332 80.75
    endloop
  endfacet
  facet normal 0 0 1
    outer loop
      vertex 79.67243686707646 22.972436867076457 82.25
      vertex 82.13508535921574 23.302772723138332 82.25
      vertex 79.31 23.250544456622766 82.25
    endloop
  endfacet
  facet normal 0 0 1
    outer loop
      vertex 79.67243686707646 22.972436867076457 82.25
      vertex 79.95054445662277 22.61 82.25
      vertex 82.13508535921574 23.302772723138332 82.25
    endloop
  endfacet
  facet normal 0 0 -1
    outer loop
      vertex 79.95054445662277 22.61 80.75
      vertex 82.26534492522478 22.938721626996994 80.75
      vertex 82.35929401218891 22.563655868172646 80.75
    endloop
  endfacet
  facet normal 0 0 1
    outer loop
      vertex 80.12537019600587 22.18793332892941 82.25
      vertex 82.35929401218891 22.563655868172646 82.25
      vertex 82.26534492522478 22.938721626996994 82.25
    endloop
  endfacet
  facet normal 0.9700312500464147 0.24298019247130095 0
    outer loop
      vertex 82.35929401218891 22.563655868172646 80.75
      vertex 82.26534492522478 22.938721626996994 80.75
      vertex 82.35929401218891 22.563655868172646 82.25
    endloop
  endfacet
  facet normal 0.9700312500464147 0.24298019247130095 0
    outer loop
      vertex 82.35929401218891 22.563655868172646 82.25
      vertex 82.26534492522478 22.938721626996994 80.75
      vertex 82.26534492522478 22.938721626996994 82.25
    endloop
  endfacet
  facet normal 0 0 -1
    outer loop
      vertex 79.67243686707646 22.972436867076457 80.75
      vertex 82.13508535921574 23.302772723138332 80.75
      vertex 82.26534492522478 22.938721626996994 80.75
    endloop
  endfacet
  facet normal 0 0 1
    outer loop
      vertex 79.95054445662277 22.61 82.25
      vertex 82.26534492522478 22.938721626996994 82.25
      vertex 82.13508535921574 23.302772723138332 82.25
    endloop
  endfacet
  facet normal 0.9415440643964144 0.3368898555906379 0
    outer loop
      vertex 82.26534492522478 22.938721626996994 80.75
      vertex 82.13508535921574 23.302772723138332 80.75
      vertex 82.26534492522478 22.938721626996994 82.25
    endloop
  endfacet
  facet normal 0.9415440643964144 0.3368898555906379 0
    outer loop
      vertex 82.13508535921574 23.302772723138332 80.75
      vertex 82.13508535921574 23.302772723138332 82.25
      vertex 82.26534492522478 22.938721626996994 82.25
    endloop
  endfacet
  facet normal 0 0 -1
    outer loop
      vertex 78.8879333289294 23.42537019600587 80.75
      vertex 81.96976978331804 23.652303144335747 80.75
      vertex 82.13508535921574 23.302772723138332 80.75
    endloop
  endfacet
  facet normal 0 0 1
    outer loop
      vertex 79.31 23.250544456622766 82.25
      vertex 81.96976978331804 23.652303144335747 82.25
      vertex 78.8879333289294 23.42537019600587 82.25
    endloop
  endfacet
  facet normal 0 0 1
    outer loop
      vertex 79.31 23.250544456622766 82.25
      vertex 82.13508535921574 23.302772723138332 82.25
      vertex 81.96976978331804 23.652303144335747 82.25
    endloop
  endfacet
  facet normal 0.9039892945540355 0.4275550904055492 0
    outer loop
      vertex 82.13508535921574 23.302772723138332 80.75
      vertex 81.96976978331804 23.652303144335747 80.75
      vertex 82.13508535921574 23.302772723138332 82.25
    endloop
  endfacet
  facet normal 0.9039892945540355 0.4275550904055492 0
    outer loop
      vertex 82.13508535921574 23.302772723138332 82.25
      vertex 81.96976978331804 23.652303144335747 80.75
      vertex 81.96976978331804 23.652303144335747 82.25
    endloop
  endfacet
  facet normal 0.8577286099453738 0.5141027442848138 0
    outer loop
      vertex 81.96976978331804 23.652303144335747 82.25
      vertex 81.77099027484655 23.983946718275547 80.75
      vertex 81.77099027484655 23.983946718275547 82.25
    endloop
  endfacet
  facet normal 0.8032075421878958 0.5956992900553765 0
    outer loop
      vertex 81.77099027484655 23.983946718275547 80.75
      vertex 81.54066119343042 24.294509544968605 80.75
      vertex 81.77099027484655 23.983946718275547 82.25
    endloop
  endfacet
  facet normal 0.8577286099453738 0.5141027442848138 0
    outer loop
      vertex 81.96976978331804 23.652303144335747 80.75
      vertex 81.77099027484655 23.983946718275547 80.75
      vertex 81.96976978331804 23.652303144335747 82.25
    endloop
  endfacet
  facet normal 0.04906766532874333 0.9987954566472489 0
    outer loop
      vertex 78.49500000476837 25.734999999403954 80.75
      vertex 78.49500000476837 25.734999999403954 82.25
      vertex 78.88118753582239 25.716027826070786 82.25
    endloop
  endfacet
  facet normal 0.04906766532874333 0.9987954566472489 0
    outer loop
      vertex 78.49500000476837 25.734999999403954 80.75
      vertex 78.88118753582239 25.716027826070786 82.25
      vertex 78.88118753582239 25.716027826070786 80.75
    endloop
  endfacet
  facet normal 0.14673047101046435 0.9891765104757831 0
    outer loop
      vertex 78.88118753582239 25.716027826070786 80.75
      vertex 79.26365587115288 25.65929400920868 82.25
      vertex 79.26365587115288 25.65929400920868 80.75
    endloop
  endfacet
  facet normal 0.14673047101046435 0.9891765104757831 0
    outer loop
      vertex 78.88118753582239 25.716027826070786 80.75
      vertex 78.88118753582239 25.716027826070786 82.25
      vertex 79.26365587115288 25.65929400920868 82.25
    endloop
  endfacet
  facet normal 0.3368898555906379 0.9415440643964144 0
    outer loop
      vertex 79.63872162997723 25.56534492224455 80.75
      vertex 80.00277272611856 25.435085356235504 82.25
      vertex 80.00277272611856 25.435085356235504 80.75
    endloop
  endfacet
  facet normal 0.3368898555906379 0.9415440643964144 0
    outer loop
      vertex 79.63872162997723 25.56534492224455 80.75
      vertex 79.63872162997723 25.56534492224455 82.25
      vertex 80.00277272611856 25.435085356235504 82.25
    endloop
  endfacet
  facet normal 0.24298019247130095 0.9700312500464147 0
    outer loop
      vertex 79.26365587115288 25.65929400920868 80.75
      vertex 79.63872162997723 25.56534492224455 82.25
      vertex 79.63872162997723 25.56534492224455 80.75
    endloop
  endfacet
  facet normal 0.24298019247130095 0.9700312500464147 0
    outer loop
      vertex 79.26365587115288 25.65929400920868 80.75
      vertex 79.26365587115288 25.65929400920868 82.25
      vertex 79.63872162997723 25.56534492224455 82.25
    endloop
  endfacet
  facet normal 0.6715589539919945 0.7409511261299075 0
    outer loop
      vertex 80.99450954794884 24.84066119045019 80.75
      vertex 81.28100072592497 24.581000722944736 82.25
      vertex 81.28100072592497 24.581000722944736 80.75
    endloop
  endfacet
  facet normal 0.5956992900553765 0.8032075421878958 0
    outer loop
      vertex 80.99450954794884 24.84066119045019 80.75
      vertex 80.68394672125578 25.07099027186632 80.75
      vertex 80.99450954794884 24.84066119045019 82.25
    endloop
  endfacet
  facet normal 0.6715589539919945 0.7409511261299075 0
    outer loop
      vertex 80.99450954794884 24.84066119045019 80.75
      vertex 80.99450954794884 24.84066119045019 82.25
      vertex 81.28100072592497 24.581000722944736 82.25
    endloop
  endfacet
  facet normal 0.8032075421878958 0.5956992900553765 0
    outer loop
      vertex 81.77099027484655 23.983946718275547 82.25
      vertex 81.54066119343042 24.294509544968605 80.75
      vertex 81.54066119343042 24.294509544968605 82.25
    endloop
  endfacet
  facet normal 0.7409511261299075 0.6715589539919945 0
    outer loop
      vertex 81.54066119343042 24.294509544968605 80.75
      vertex 81.28100072592497 24.581000722944736 80.75
      vertex 81.54066119343042 24.294509544968605 82.25
    endloop
  endfacet
  facet normal 0.7409511261299075 0.6715589539919945 0
    outer loop
      vertex 81.54066119343042 24.294509544968605 82.25
      vertex 81.28100072592497 24.581000722944736 80.75
      vertex 81.28100072592497 24.581000722944736 82.25
    endloop
  endfacet
  facet normal 0.4275550904055492 0.9039892945540355 0
    outer loop
      vertex 80.35230314731598 25.26976978033781 80.75
      vertex 80.00277272611856 25.435085356235504 80.75
      vertex 80.35230314731598 25.26976978033781 82.25
    endloop
  endfacet
  facet normal 0.5141027442848138 0.8577286099453738 0
    outer loop
      vertex 80.35230314731598 25.26976978033781 80.75
      vertex 80.35230314731598 25.26976978033781 82.25
      vertex 80.68394672125578 25.07099027186632 82.25
    endloop
  endfacet
  facet normal 0.5141027442848138 0.8577286099453738 0
    outer loop
      vertex 80.35230314731598 25.26976978033781 80.75
      vertex 80.68394672125578 25.07099027186632 82.25
      vertex 80.68394672125578 25.07099027186632 80.75
    endloop
  endfacet
  facet normal 0.5956992900553765 0.8032075421878958 0
    outer loop
      vertex 80.99450954794884 24.84066119045019 82.25
      vertex 80.68394672125578 25.07099027186632 80.75
      vertex 80.68394672125578 25.07099027186632 82.25
    endloop
  endfacet
  facet normal 0.4275550904055492 0.9039892945540355 0
    outer loop
      vertex 80.35230314731598 25.26976978033781 82.25
      vertex 80.00277272611856 25.435085356235504 80.75
      vertex 80.00277272611856 25.435085356235504 82.25
    endloop
  endfacet
  facet normal 0 0 -1
    outer loop
      vertex -80.0307337269187 -25.445518128573895 -80
      vertex -80.38558694720268 -25.277685061097145 -80
      vertex -80.00277272611856 -25.435085356235504 -80
    endloop
  endfacet
  facet normal 0 0 -1
    outer loop
      vertex -80.72228093445301 -25.07587844878435 -80
      vertex -80.68394672125578 -25.07099027186632 -80
      vertex -80.35230314731598 -25.26976978033781 -80
    endloop
  endfacet
  facet normal 0 0 -1
    outer loop
      vertex -80.72228093445301 -25.07587844878435 -80
      vertex -81.03757313638926 -24.842041812837124 -80
      vertex -80.68394672125578 -25.07099027186632 -80
    endloop
  endfacet
  facet normal 0 0 -1
    outer loop
      vertex -80.00277272611856 -25.435085356235504 -80
      vertex -80.38558694720268 -25.277685061097145 -80
      vertex -80.35230314731598 -25.26976978033781 -80
    endloop
  endfacet
  facet normal 0 0 -1
    outer loop
      vertex -80.72228093445301 -25.07587844878435 -80
      vertex -80.35230314731598 -25.26976978033781 -80
      vertex -80.38558694720268 -25.277685061097145 -80
    endloop
  endfacet
  facet normal 0 0 -1
    outer loop
      vertex -81.3284271210432 -24.578427121043205 -80
      vertex -81.59204181283712 -24.287573136389256 -80
      vertex -81.28100072592497 -24.581000722944736 -80
    endloop
  endfacet
  facet normal 0 0 -1
    outer loop
      vertex -81.28100072592497 -24.581000722944736 -80
      vertex -81.59204181283712 -24.287573136389256 -80
      vertex -81.54066119343042 -24.294509544968605 -80
    endloop
  endfacet
  facet normal 0 0 -1
    outer loop
      vertex -81.54066119343042 -24.294509544968605 -80
      vertex -81.59204181283712 -24.287573136389256 -80
      vertex -81.82587844878435 -23.97228093445301 -80
    endloop
  endfacet
  facet normal 0 0 -1
    outer loop
      vertex -80.68394672125578 -25.07099027186632 -80
      vertex -81.03757313638926 -24.842041812837124 -80
      vertex -80.99450954794884 -24.84066119045019 -80
    endloop
  endfacet
  facet normal 0 0 -1
    outer loop
      vertex -81.3284271210432 -24.578427121043205 -80
      vertex -80.99450954794884 -24.84066119045019 -80
      vertex -81.03757313638926 -24.842041812837124 -80
    endloop
  endfacet
  facet normal 0 0 -1
    outer loop
      vertex -81.3284271210432 -24.578427121043205 -80
      vertex -81.28100072592497 -24.581000722944736 -80
      vertex -80.99450954794884 -24.84066119045019 -80
    endloop
  endfacet
  facet normal 0 0 -1
    outer loop
      vertex -79.66113870590925 -25.577761344611645 -80
      vertex -79.63872162997723 -25.56534492224455 -80
      vertex -79.26365587115288 -25.65929400920868 -80
    endloop
  endfacet
  facet normal 0 0 -1
    outer loop
      vertex -79.66113870590925 -25.577761344611645 -80
      vertex -79.26365587115288 -25.65929400920868 -80
      vertex -79.28036128729582 -25.67314112186432 -80
    endloop
  endfacet
  facet normal 0 0 -1
    outer loop
      vertex -80.0307337269187 -25.445518128573895 -80
      vertex -79.63872162997723 -25.56534492224455 -80
      vertex -79.66113870590925 -25.577761344611645 -80
    endloop
  endfacet
  facet normal 0 0 -1
    outer loop
      vertex -80.0307337269187 -25.445518128573895 -80
      vertex -80.00277272611856 -25.435085356235504 -80
      vertex -79.63872162997723 -25.56534492224455 -80
    endloop
  endfacet
  facet normal 0 0 -1
    outer loop
      vertex -79.28036128729582 -25.67314112186432 -80
      vertex -79.26365587115288 -25.65929400920868 -80
      vertex -78.88118753582239 -25.716027826070786 -80
    endloop
  endfacet
  facet normal 0 0 -1
    outer loop
      vertex -79.28036128729582 -25.67314112186432 -80
      vertex -78.88118753582239 -25.716027826070786 -80
      vertex -78.89206856489182 -25.730738908052444 -80
    endloop
  endfacet
  facet normal 0 0 -1
    outer loop
      vertex -78.89206856489182 -25.730738908052444 -80
      vertex -78.88118753582239 -25.716027826070786 -80
      vertex -78.49500000476837 -25.734999999403954 -80
    endloop
  endfacet
  facet normal 0 0 -1
    outer loop
      vertex -78.89206856489182 -25.730738908052444 -80
      vertex -78.49500000476837 -25.734999999403954 -80
      vertex -78.5 -25.75 -80
    endloop
  endfacet
  facet normal 0 0 -1
    outer loop
      vertex -78.5 -25.75 -80
      vertex -78.49500000476837 -25.734999999403954 -80
      vertex -75.10000000149012 -25.734999999403954 -80
    endloop
  endfacet
  facet normal 0 0 -1
    outer loop
      vertex -81.82587844878435 -23.97228093445301 -80
      vertex -82.02768506109715 -23.635586947202682 -80
      vertex -81.77099027484655 -23.983946718275547 -80
    endloop
  endfacet
  facet normal 0 0 -1
    outer loop
      vertex -81.77099027484655 -23.983946718275547 -80
      vertex -82.02768506109715 -23.635586947202682 -80
      vertex -81.96976978331804 -23.652303144335747 -80
    endloop
  endfacet
  facet normal 0 0 -1
    outer loop
      vertex -81.54066119343042 -24.294509544968605 -80
      vertex -81.82587844878435 -23.97228093445301 -80
      vertex -81.77099027484655 -23.983946718275547 -80
    endloop
  endfacet
  facet normal 0 0 -1
    outer loop
      vertex -81.96976978331804 -23.652303144335747 -80
      vertex -82.02768506109715 -23.635586947202682 -80
      vertex -82.1955181285739 -23.280733726918697 -80
    endloop
  endfacet
  facet normal 0 0 -1
    outer loop
      vertex -81.96976978331804 -23.652303144335747 -80
      vertex -82.1955181285739 -23.280733726918697 -80
      vertex -82.13508535921574 -23.302772723138332 -80
    endloop
  endfacet
  facet normal 0 0 -1
    outer loop
      vertex -82.1955181285739 -23.280733726918697 -80
      vertex -82.32776134461164 -22.911138705909252 -80
      vertex -82.13508535921574 -23.302772723138332 -80
    endloop
  endfacet
  facet normal 0 0 -1
    outer loop
      vertex -82.13508535921574 -23.302772723138332 -80
      vertex -82.32776134461164 -22.911138705909252 -80
      vertex -82.26534492522478 -22.938721626996994 -80
    endloop
  endfacet
  facet normal 0 0 -1
    outer loop
      vertex -82.26534492522478 -22.938721626996994 -80
      vertex -82.32776134461164 -22.911138705909252 -80
      vertex -82.42314112186432 -22.53036128729582 -80
    endloop
  endfacet
  facet normal 0 0 -1
    outer loop
      vertex -82.26534492522478 -22.938721626996994 -80
      vertex -82.42314112186432 -22.53036128729582 -80
      vertex -82.35929401218891 -22.563655868172646 -80
    endloop
  endfacet
  facet normal 0 0 -1
    outer loop
      vertex -78.02426598733138 -23.430925841388078 -80
      vertex -77.625 -23.265544459223747 -80
      vertex -77.9820666710706 -23.42537019600587 -80
    endloop
  endfacet
  facet normal -0.38268342291907403 0.9238795364239545 0
    outer loop
      vertex -78.02426598733138 -23.430925841388078 -80
      vertex -78.02426598733138 -23.430925841388078 -79.25
      vertex -77.625 -23.265544459223747 -80
    endloop
  endfacet
  facet normal 0 0 -1
    outer loop
      vertex -77.9820666710706 -23.42537019600587 -80
      vertex -77.625 -23.265544459223747 -80
      vertex -77.56 -23.250544456622766 -80
    endloop
  endfacet
  facet normal 0 0 -1
    outer loop
      vertex -77.625 -23.265544459223747 -80
      vertex -77.26256313174963 -22.98743686825037 -80
      vertex -77.56 -23.250544456622766 -80
    endloop
  endfacet
  facet normal 0 0 -1
    outer loop
      vertex -78.5 -25.75 -80
      vertex -75.10000000149012 -25.734999999403954 -80
      vertex -75.10000000149012 -25.75 -80
    endloop
  endfacet
  facet normal 1 0 0
    outer loop
      vertex -75.10000000149012 -25.75 -80
      vertex -75.10000000149012 -25.734999999403954 -80
      vertex -75.10000000149012 -25.734999999403954 -79.25
    endloop
  endfacet
  facet normal 0 0 -1
    outer loop
      vertex -77.56 -23.250544456622766 -80
      vertex -77.26256313174963 -22.98743686825037 -80
      vertex -77.19756313292355 -22.972436867076457 -80
    endloop
  endfacet
  facet normal 0 0 -1
    outer loop
      vertex -77.26256313174963 -22.98743686825037 -80
      vertex -76.98445554077625 -22.625 -80
      vertex -77.19756313292355 -22.972436867076457 -80
    endloop
  endfacet
  facet normal 0 0 -1
    outer loop
      vertex -77.19756313292355 -22.972436867076457 -80
      vertex -76.98445554077625 -22.625 -80
      vertex -76.91945554337724 -22.61 -80
    endloop
  endfacet
  facet normal 0 0 -1
    outer loop
      vertex -76.974100202322 -22.600000001490116 -80
      vertex -76.91945554337724 -22.61 -80
      vertex -76.98445554077625 -22.625 -80
    endloop
  endfacet
  facet normal 0 0 -1
    outer loop
      vertex -76.974100202322 -22.600000001490116 -80
      vertex -76.91531340837074 -22.600000001490116 -80
      vertex -76.91945554337724 -22.61 -80
    endloop
  endfacet
  facet normal 0 1 0
    outer loop
      vertex -76.974100202322 -22.600000001490116 -80
      vertex -76.91531340837074 -22.600000001490116 -79.25
      vertex -76.91531340837074 -22.600000001490116 -80
    endloop
  endfacet
  facet normal 0 0 -1
    outer loop
      vertex -82.35929401218891 -22.563655868172646 -80
      vertex -82.42314112186432 -22.53036128729582 -80
      vertex -82.48073890805244 -22.142068564891815 -80
    endloop
  endfacet
  facet normal 0 0 -1
    outer loop
      vertex -82.35929401218891 -22.563655868172646 -80
      vertex -82.48073890805244 -22.142068564891815 -80
      vertex -82.41602782905102 -22.18118753284216 -80
    endloop
  endfacet
  facet normal 0 0 -1
    outer loop
      vertex -82.41602782905102 -22.18118753284216 -80
      vertex -82.48073890805244 -22.142068564891815 -80
      vertex -82.5 -21.75 -80
    endloop
  endfacet
  facet normal 0 0 -1
    outer loop
      vertex -82.41602782905102 -22.18118753284216 -80
      vertex -82.5 -21.75 -80
      vertex -82.43500000238419 -21.79500000178814 -80
    endloop
  endfacet
  facet normal 0 0 -1
    outer loop
      vertex -82.43500000238419 -21.79500000178814 -80
      vertex -82.5 -21.75 -80
      vertex -82.5 -20.28999999910593 -80
    endloop
  endfacet
  facet normal 0 0 -1
    outer loop
      vertex -82.43500000238419 -21.79500000178814 -80
      vertex -82.5 -20.28999999910593 -80
      vertex -82.43500000238419 -20.277070696010558 -80
    endloop
  endfacet
  facet normal -0.1950903175156789 0.9807852812984255 0
    outer loop
      vertex -82.5 -20.28999999910593 -80
      vertex -82.43500000238419 -20.277070696010558 -79.25
      vertex -82.43500000238419 -20.277070696010558 -80
    endloop
  endfacet
  facet normal -0.1950903175156789 -0.9807852812984255 0
    outer loop
      vertex -82.5 -19.530000001192093 -80
      vertex -82.43500000238419 -19.542929304287465 -80
      vertex -82.43500000238419 -19.542929304287465 -79.25
    endloop
  endfacet
  facet normal 0 0 -1
    outer loop
      vertex -77.625 -20.234455540776253 -80
      vertex -77.19756313292355 -20.497563132923542 -80
      vertex -77.26256313174963 -20.51256313174963 -80
    endloop
  endfacet
  facet normal 0 0 -1
    outer loop
      vertex -77.625 -20.234455540776253 -80
      vertex -78.04706667363644 -20.059629805386066 -80
      vertex -77.56 -20.219455543377233 -80
    endloop
  endfacet
  facet normal 0 0 -1
    outer loop
      vertex -77.625 -20.234455540776253 -80
      vertex -77.56 -20.219455543377233 -80
      vertex -77.19756313292355 -20.497563132923542 -80
    endloop
  endfacet
  facet normal 0 0 -1
    outer loop
      vertex -78.91073402594081 -20.05407416192781 -80
      vertex -78.8879333289294 -20.04462980399413 -80
      vertex -78.435 -19.985 -80
    endloop
  endfacet
  facet normal 0.130526195941834 -0.9914448608838284 0
    outer loop
      vertex -78.91073402594081 -20.05407416192781 -80
      vertex -78.5 -20 -80
      vertex -78.91073402594081 -20.05407416192781 -79.25
    endloop
  endfacet
  facet normal 0 0 -1
    outer loop
      vertex -78.91073402594081 -20.05407416192781 -80
      vertex -78.435 -19.985 -80
      vertex -78.5 -20 -80
    endloop
  endfacet
  facet normal 0 0 -1
    outer loop
      vertex -78.5 -20 -80
      vertex -77.9820666710706 -20.04462980399413 -80
      vertex -78.04706667363644 -20.059629805386066 -80
    endloop
  endfacet
  facet normal 0 0 -1
    outer loop
      vertex -78.5 -20 -80
      vertex -78.435 -19.985 -80
      vertex -77.9820666710706 -20.04462980399413 -80
    endloop
  endfacet
  facet normal 0 0 -1
    outer loop
      vertex -77.56 -20.219455543377233 -80
      vertex -78.04706667363644 -20.059629805386066 -80
      vertex -77.9820666710706 -20.04462980399413 -80
    endloop
  endfacet
  facet normal 0 0 -1
    outer loop
      vertex -76.98445554077625 -20.875 -80
      vertex -77.26256313174963 -20.51256313174963 -80
      vertex -76.91945554337724 -20.86 -80
    endloop
  endfacet
  facet normal 0 0 -1
    outer loop
      vertex -76.98445554077625 -20.875 -80
      vertex -76.91945554337724 -20.86 -80
      vertex -76.974100202322 -20.899999998509884 -80
    endloop
  endfacet
  facet normal 0 0 -1
    outer loop
      vertex -76.974100202322 -20.899999998509884 -80
      vertex -76.91945554337724 -20.86 -80
      vertex -76.90288700149954 -20.899999998509884 -80
    endloop
  endfacet
  facet normal 0 -1 0
    outer loop
      vertex -76.974100202322 -20.899999998509884 -80
      vertex -76.90288700149954 -20.899999998509884 -80
      vertex -76.90288700149954 -20.899999998509884 -79.25
    endloop
  endfacet
  facet normal 0 0 -1
    outer loop
      vertex -76.91945554337724 -20.86 -80
      vertex -77.26256313174963 -20.51256313174963 -80
      vertex -77.19756313292355 -20.497563132923542 -80
    endloop
  endfacet
  facet normal 0 0 -1
    outer loop
      vertex -82.5 -19.530000001192093 -80
      vertex -82.5 -15.3125 -80
      vertex -82.43500000238419 -19.542929304287465 -80
    endloop
  endfacet
  facet normal 0 0 -1
    outer loop
      vertex -82.43500000238419 -19.542929304287465 -80
      vertex -82.5 -15.3125 -80
      vertex -82.43500000238419 -15.29957069690463 -80
    endloop
  endfacet
  facet normal -0.19509031751565314 0.9807852812984307 0
    outer loop
      vertex -82.5 -15.3125 -80
      vertex -82.43500000238419 -15.29957069690463 -79.25
      vertex -82.43500000238419 -15.29957069690463 -80
    endloop
  endfacet
  facet normal -0.19509031751565314 -0.9807852812984307 0
    outer loop
      vertex -82.5 -14.552500002086163 -80
      vertex -82.43500000238419 -14.565429305181533 -80
      vertex -82.43500000238419 -14.565429305181533 -79.25
    endloop
  endfacet
  facet normal 0 0 -1
    outer loop
      vertex -82.5 -14.552500002086163 -80
      vertex -82.5 -10.33500000089407 -80
      vertex -82.43500000238419 -14.565429305181533 -80
    endloop
  endfacet
  facet normal -0.5141027491514958 -0.857728607028397 0
    outer loop
      vertex -80.72228093445301 -25.07587844878435 -80
      vertex -80.38558694720268 -25.277685061097145 -80
      vertex -80.72228093445301 -25.07587844878435 80
    endloop
  endfacet
  facet normal -0.4275550802541337 -0.9039892993552974 0
    outer loop
      vertex -80.0307337269187 -25.445518128573895 -80
      vertex -80.38558694720268 -25.277685061097145 80
      vertex -80.38558694720268 -25.277685061097145 -80
    endloop
  endfacet
  facet normal -0.6715589635251562 -0.7409511174895533 0
    outer loop
      vertex -81.3284271210432 -24.578427121043205 -80
      vertex -81.03757313638926 -24.842041812837124 -80
      vertex -81.3284271210432 -24.578427121043205 80
    endloop
  endfacet
  facet normal -0.7409511174895533 -0.6715589635251562 0
    outer loop
      vertex -81.3284271210432 -24.578427121043205 -80
      vertex -81.59204181283712 -24.287573136389256 80
      vertex -81.59204181283712 -24.287573136389256 -80
    endloop
  endfacet
  facet normal -0.5956993080192207 -0.8032075288650012 0
    outer loop
      vertex -80.72228093445301 -25.07587844878435 -80
      vertex -81.03757313638926 -24.842041812837124 80
      vertex -81.03757313638926 -24.842041812837124 -80
    endloop
  endfacet
  facet normal -0.24298017787700282 -0.970031253702096 0
    outer loop
      vertex -79.66113870590925 -25.577761344611645 -80
      vertex -79.28036128729582 -25.67314112186432 -80
      vertex -79.66113870590925 -25.577761344611645 80
    endloop
  endfacet
  facet normal -0.3368898600571533 -0.9415440627982695 0
    outer loop
      vertex -80.0307337269187 -25.445518128573895 -80
      vertex -79.66113870590925 -25.577761344611645 -80
      vertex -80.0307337269187 -25.445518128573895 80
    endloop
  endfacet
  facet normal -0.14673047883339677 -0.9891765093153608 0
    outer loop
      vertex -79.28036128729582 -25.67314112186432 -80
      vertex -78.89206856489182 -25.730738908052444 -80
      vertex -79.28036128729582 -25.67314112186432 80
    endloop
  endfacet
  facet normal -0.0490676704157047 -0.9987954563973426 0
    outer loop
      vertex -78.89206856489182 -25.730738908052444 -80
      vertex -78.5 -25.75 -80
      vertex -78.89206856489182 -25.730738908052444 80
    endloop
  endfacet
  facet normal 0 -1 0
    outer loop
      vertex -78.5 -25.75 -80
      vertex -75.10000000149012 -25.75 -80
      vertex -78.5 -25.75 80
    endloop
  endfacet
  facet normal -0.857728607028397 -0.5141027491514958 0
    outer loop
      vertex -81.82587844878435 -23.97228093445301 -80
      vertex -82.02768506109715 -23.635586947202682 80
      vertex -82.02768506109715 -23.635586947202682 -80
    endloop
  endfacet
  facet normal -0.8032075288650012 -0.5956993080192207 0
    outer loop
      vertex -81.59204181283712 -24.287573136389256 -80
      vertex -81.82587844878435 -23.97228093445301 80
      vertex -81.82587844878435 -23.97228093445301 -80
    endloop
  endfacet
  facet normal -0.9039892993552974 -0.4275550802541337 0
    outer loop
      vertex -82.02768506109715 -23.635586947202682 -80
      vertex -82.1955181285739 -23.280733726918697 80
      vertex -82.1955181285739 -23.280733726918697 -80
    endloop
  endfacet
  facet normal -0.9415440627982695 -0.3368898600571533 0
    outer loop
      vertex -82.1955181285739 -23.280733726918697 -80
      vertex -82.32776134461164 -22.911138705909252 80
      vertex -82.32776134461164 -22.911138705909252 -80
    endloop
  endfacet
  facet normal -0.970031253702096 -0.24298017787700282 0
    outer loop
      vertex -82.32776134461164 -22.911138705909252 -80
      vertex -82.42314112186432 -22.53036128729582 80
      vertex -82.42314112186432 -22.53036128729582 -80
    endloop
  endfacet
  facet normal 0.3826834229190802 0.9238795364239519 0
    outer loop
      vertex -78.95293332636356 -23.440370194613934 -79.25
      vertex -79.375 -23.265544459223747 -79.25
      vertex -78.95293332636356 -23.440370194613934 80
    endloop
  endfacet
  facet normal 0.13052619594183673 0.991444860883828 0
    outer loop
      vertex -78.95293332636356 -23.440370194613934 -79.25
      vertex -78.5 -23.5 80
      vertex -78.5 -23.5 -79.25
    endloop
  endfacet
  facet normal -0.13052619594183673 0.991444860883828 0
    outer loop
      vertex -78.5 -23.5 -79.25
      vertex -78.04706667363644 -23.440370194613934 80
      vertex -78.04706667363644 -23.440370194613934 -79.25
    endloop
  endfacet
  facet normal -0.3826834229191886 0.9238795364239071 3.365565840354771e-16
    outer loop
      vertex -78.04706667363644 -23.440370194613934 -79.25
      vertex -77.625 -23.265544459223747 80
      vertex -78.02426598733138 -23.430925841388078 -79.25
    endloop
  endfacet
  facet normal 0.6087614297338169 0.7933533397348493 0
    outer loop
      vertex -79.375 -23.265544459223747 -79.25
      vertex -79.73743686825037 -22.98743686825037 -79.25
      vertex -79.375 -23.265544459223747 80
    endloop
  endfacet
  facet normal 0.7933533397348493 0.6087614297338169 0
    outer loop
      vertex -80.01554445922375 -22.625 -79.25
      vertex -79.73743686825037 -22.98743686825037 80
      vertex -79.73743686825037 -22.98743686825037 -79.25
    endloop
  endfacet
  facet normal -0.3826834229190741 0.9238795364239546 0
    outer loop
      vertex -78.02426598733138 -23.430925841388078 -79.25
      vertex -77.625 -23.265544459223747 80
      vertex -77.625 -23.265544459223747 -80
    endloop
  endfacet
  facet normal -0.6087614297338169 0.7933533397348494 0
    outer loop
      vertex -77.625 -23.265544459223747 -80
      vertex -77.26256313174963 -22.98743686825037 80
      vertex -77.26256313174963 -22.98743686825037 -80
    endloop
  endfacet
  facet normal 1 0 0
    outer loop
      vertex -75.10000000149012 -25.75 -80
      vertex -75.10000000149012 -25.734999999403954 -79.25
      vertex -75.10000000149012 -25.75 80
    endloop
  endfacet
  facet normal 1 0 0
    outer loop
      vertex -75.10000000149012 -25.734999999403954 -79.25
      vertex -75.10000000149012 -22.600000001490116 -79.25
      vertex -75.10000000149012 -25.75 80
    endloop
  endfacet
  facet normal -0.7933533397348494 0.6087614297338169 0
    outer loop
      vertex -77.26256313174963 -22.98743686825037 -80
      vertex -76.98445554077625 -22.625 80
      vertex -76.98445554077625 -22.625 -80
    endloop
  endfacet
  facet normal -0.9238795323525989 0.38268343274819644 0
    outer loop
      vertex -76.974100202322 -22.600000001490116 -80
      vertex -76.98445554077625 -22.625 -80
      vertex -76.974100202322 -22.600000001490116 80
    endloop
  endfacet
  facet normal 0 1 0
    outer loop
      vertex -76.974100202322 -22.600000001490116 -80
      vertex -75.10000000149012 -22.600000001490116 80
      vertex -76.91531340837074 -22.600000001490116 -79.25
    endloop
  endfacet
  facet normal 0 1 0
    outer loop
      vertex -76.91531340837074 -22.600000001490116 -79.25
      vertex -75.10000000149012 -22.600000001490116 80
      vertex -75.10000000149012 -22.600000001490116 -79.25
    endloop
  endfacet
  facet normal -0.9891765093153608 -0.14673047883339677 0
    outer loop
      vertex -82.42314112186432 -22.53036128729582 -80
      vertex -82.48073890805244 -22.142068564891815 80
      vertex -82.48073890805244 -22.142068564891815 -80
    endloop
  endfacet
  facet normal -0.9987954563973426 -0.0490676704157047 0
    outer loop
      vertex -82.48073890805244 -22.142068564891815 -80
      vertex -82.5 -21.75 80
      vertex -82.5 -21.75 -80
    endloop
  endfacet
  facet normal 0.9238795364239519 0.3826834229190802 0
    outer loop
      vertex -80.01554445922375 -22.625 -79.25
      vertex -80.19037019461393 -22.202933326363564 -79.25
      vertex -80.01554445922375 -22.625 80
    endloop
  endfacet
  facet normal 0.991444860883828 0.13052619594183673 0
    outer loop
      vertex -80.19037019461393 -22.202933326363564 -79.25
      vertex -80.25 -21.75 -79.25
      vertex -80.19037019461393 -22.202933326363564 80
    endloop
  endfacet
  facet normal 0.991444860883828 -0.13052619594183673 0
    outer loop
      vertex -80.25 -21.75 -79.25
      vertex -80.19037019461393 -21.297066673636436 -79.25
      vertex -80.25 -21.75 80
    endloop
  endfacet
  facet normal 0.9238795364239519 -0.3826834229190802 0
    outer loop
      vertex -80.19037019461393 -21.297066673636436 -79.25
      vertex -80.01554445922375 -20.875 -79.25
      vertex -80.19037019461393 -21.297066673636436 80
    endloop
  endfacet
  facet normal -1 0 0
    outer loop
      vertex -82.5 -21.75 -80
      vertex -82.5 -20.28999999910593 80
      vertex -82.5 -20.28999999910593 -80
    endloop
  endfacet
  facet normal -0.1950903175156791 0.9807852812984253 1.8806187963088613e-17
    outer loop
      vertex -82.5 -20.28999999910593 -80
      vertex -82.35458029806614 -20.261074222624302 80
      vertex -82.43500000238419 -20.277070696010558 -79.25
    endloop
  endfacet
  facet normal -0.19509031751564326 0.9807852812984325 0
    outer loop
      vertex -82.43500000238419 -20.277070696010558 -79.25
      vertex -82.35458029806614 -20.261074222624302 80
      vertex -82.35458029806614 -20.261074222624302 -79.25
    endloop
  endfacet
  facet normal -0.5555702399475028 0.83146960767347 0
    outer loop
      vertex -82.35458029806614 -20.261074222624302 -79.25
      vertex -82.23129942268133 -20.17870057374239 80
      vertex -82.23129942268133 -20.17870057374239 -79.25
    endloop
  endfacet
  facet normal 0.7933533397348493 -0.6087614297338169 0
    outer loop
      vertex -80.01554445922375 -20.875 -79.25
      vertex -79.73743686825037 -20.51256313174963 -79.25
      vertex -80.01554445922375 -20.875 80
    endloop
  endfacet
  facet normal -0.8314696153759485 0.5555702284199292 0
    outer loop
      vertex -82.23129942268133 -20.17870057374239 -79.25
      vertex -82.14892578125 -20.055419705808163 80
      vertex -82.14892578125 -20.055419705808163 -79.25
    endloop
  endfacet
  facet normal -0.9807852735959507 0.19509035623863177 0
    outer loop
      vertex -82.14892578125 -20.055419705808163 -79.25
      vertex -82.11999999731779 -19.90999999642372 80
      vertex -82.11999999731779 -19.90999999642372 -79.25
    endloop
  endfacet
  facet normal -0.9807852716834022 -0.19509036585365946 0
    outer loop
      vertex -82.11999999731779 -19.90999999642372 -79.25
      vertex -82.14892578125 -19.76458029448986 80
      vertex -82.14892578125 -19.76458029448986 -79.25
    endloop
  endfacet
  facet normal -0.8314696153759485 -0.5555702284199292 0
    outer loop
      vertex -82.14892578125 -19.76458029448986 -79.25
      vertex -82.23129942268133 -19.641299426555634 80
      vertex -82.23129942268133 -19.641299426555634 -79.25
    endloop
  endfacet
  facet normal -0.19509031751567893 -0.9807852812984256 0
    outer loop
      vertex -82.5 -19.530000001192093 -80
      vertex -82.43500000238419 -19.542929304287465 -79.25
      vertex -82.5 -19.530000001192093 80
    endloop
  endfacet
  facet normal -0.19509031751564326 -0.9807852812984325 1.5111712686306932e-17
    outer loop
      vertex -82.35458029806614 -19.55892577767372 -79.25
      vertex -82.5 -19.530000001192093 80
      vertex -82.43500000238419 -19.542929304287465 -79.25
    endloop
  endfacet
  facet normal -0.5555702399475028 -0.83146960767347 0
    outer loop
      vertex -82.23129942268133 -19.641299426555634 -79.25
      vertex -82.35458029806614 -19.55892577767372 80
      vertex -82.35458029806614 -19.55892577767372 -79.25
    endloop
  endfacet
  facet normal 0.6087614297338169 -0.7933533397348493 0
    outer loop
      vertex -79.73743686825037 -20.51256313174963 -79.25
      vertex -79.375 -20.234455540776253 -79.25
      vertex -79.73743686825037 -20.51256313174963 80
    endloop
  endfacet
  facet normal 0.3826834229190802 -0.9238795364239519 0
    outer loop
      vertex -79.375 -20.234455540776253 -79.25
      vertex -78.95293332636356 -20.059629805386066 -79.25
      vertex -79.375 -20.234455540776253 80
    endloop
  endfacet
  facet normal -0.6087614297338169 -0.7933533397348494 0
    outer loop
      vertex -77.625 -20.234455540776253 -80
      vertex -77.26256313174963 -20.51256313174963 -80
      vertex -77.625 -20.234455540776253 80
    endloop
  endfacet
  facet normal -0.38268342291908025 -0.923879536423952 0
    outer loop
      vertex -77.625 -20.234455540776253 -80
      vertex -78.04706667363644 -20.059629805386066 80
      vertex -78.04706667363644 -20.059629805386066 -80
    endloop
  endfacet
  facet normal 0.130526195941834 -0.9914448608838285 -7.898632477010525e-18
    outer loop
      vertex -78.91073402594081 -20.05407416192781 -79.25
      vertex -78.5 -20 -80
      vertex -78.95293332636356 -20.059629805386066 80
    endloop
  endfacet
  facet normal 0.13052619594186327 -0.9914448608838246 0
    outer loop
      vertex -78.95293332636356 -20.059629805386066 -79.25
      vertex -78.91073402594081 -20.05407416192781 -79.25
      vertex -78.95293332636356 -20.059629805386066 80
    endloop
  endfacet
  facet normal -0.13052619594183673 -0.991444860883828 0
    outer loop
      vertex -78.5 -20 -80
      vertex -78.04706667363644 -20.059629805386066 -80
      vertex -78.5 -20 80
    endloop
  endfacet
  facet normal -0.9238795323525989 -0.38268343274819644 0
    outer loop
      vertex -76.98445554077625 -20.875 -80
      vertex -76.974100202322 -20.899999998509884 -80
      vertex -76.98445554077625 -20.875 80
    endloop
  endfacet
  facet normal 0 -1 0
    outer loop
      vertex -76.974100202322 -20.899999998509884 -80
      vertex -76.90288700149954 -20.899999998509884 -79.25
      vertex -76.974100202322 -20.899999998509884 80
    endloop
  endfacet
  facet normal -0.7933533397348494 -0.6087614297338169 0
    outer loop
      vertex -76.98445554077625 -20.875 -80
      vertex -77.26256313174963 -20.51256313174963 80
      vertex -77.26256313174963 -20.51256313174963 -80
    endloop
  endfacet
  facet normal 0 -1 0
    outer loop
      vertex -76.90288700149954 -20.899999998509884 -79.25
      vertex -75.10000000149012 -20.899999998509884 -79.25
      vertex -76.974100202322 -20.899999998509884 80
    endloop
  endfacet
  facet normal 1 0 0
    outer loop
      vertex -75.10000000149012 -20.899999998509884 -79.25
      vertex -75.10000000149012 -18.350000001490116 -79.25
      vertex -75.10000000149012 -20.899999998509884 80
    endloop
  endfacet
  facet normal 0 1 0
    outer loop
      vertex -81.00500000268221 -18.179999999701977 -79.25
      vertex -78.5 -18.179999999701977 80
      vertex -78.5 -18.179999999701977 -79.25
    endloop
  endfacet
  facet normal 1 0 0
    outer loop
      vertex -78.5 -18.350000001490116 -79.25
      vertex -78.5 -18.179999999701977 -79.25
      vertex -78.5 -18.350000001490116 80
    endloop
  endfacet
  facet normal 1 0 0
    outer loop
      vertex -81.00500000268221 -18.179999999701977 -79.25
      vertex -81.00500000268221 -16.679999999701977 -79.25
      vertex -81.00500000268221 -18.179999999701977 80
    endloop
  endfacet
  facet normal -1 0 0
    outer loop
      vertex -82.5 -19.530000001192093 -80
      vertex -82.5 -15.3125 80
      vertex -82.5 -15.3125 -80
    endloop
  endfacet
  facet normal 0 -1 0
    outer loop
      vertex -81.00500000268221 -16.679999999701977 -79.25
      vertex -78.5 -16.679999999701977 -79.25
      vertex -81.00500000268221 -16.679999999701977 80
    endloop
  endfacet
  facet normal 0 1 0
    outer loop
      vertex -78.5 -18.350000001490116 -79.25
      vertex -75.10000000149012 -18.350000001490116 80
      vertex -75.10000000149012 -18.350000001490116 -79.25
    endloop
  endfacet
  facet normal -0.1950903175156531 0.9807852812984307 -5.807185513876845e-18
    outer loop
      vertex -82.5 -15.3125 -80
      vertex -82.35458029806614 -15.283574223518372 80
      vertex -82.43500000238419 -15.29957069690463 -79.25
    endloop
  endfacet
  facet normal -0.1950903175156641 0.9807852812984283 0
    outer loop
      vertex -82.43500000238419 -15.29957069690463 -79.25
      vertex -82.35458029806614 -15.283574223518372 80
      vertex -82.35458029806614 -15.283574223518372 -79.25
    endloop
  endfacet
  facet normal -0.5555702399475028 0.83146960767347 0
    outer loop
      vertex -82.35458029806614 -15.283574223518372 -79.25
      vertex -82.23129942268133 -15.20120057463646 80
      vertex -82.23129942268133 -15.20120057463646 -79.25
    endloop
  endfacet
  facet normal -0.8314696153759485 0.5555702284199292 0
    outer loop
      vertex -82.23129942268133 -15.20120057463646 -79.25
      vertex -82.14892578125 -15.077919706702232 80
      vertex -82.14892578125 -15.077919706702232 -79.25
    endloop
  endfacet
  facet normal -0.9807852735959507 0.19509035623863177 0
    outer loop
      vertex -82.14892578125 -15.077919706702232 -79.25
      vertex -82.11999999731779 -14.932499997317791 80
      vertex -82.11999999731779 -14.932499997317791 -79.25
    endloop
  endfacet
  facet normal -0.8314696308861957 -0.5555702052072028 0
    outer loop
      vertex -82.14892578125 -14.78708029538393 -79.25
      vertex -82.23129942268133 -14.663799419999123 80
      vertex -82.23129942268133 -14.663799419999123 -79.25
    endloop
  endfacet
  facet normal -0.9807852716834022 -0.19509036585365946 0
    outer loop
      vertex -82.11999999731779 -14.932499997317791 -79.25
      vertex -82.14892578125 -14.78708029538393 80
      vertex -82.14892578125 -14.78708029538393 -79.25
    endloop
  endfacet
  facet normal -0.5555702052072028 -0.8314696308861957 0
    outer loop
      vertex -82.23129942268133 -14.663799419999123 -79.25
      vertex -82.35458029806614 -14.581425778567791 80
      vertex -82.35458029806614 -14.581425778567791 -79.25
    endloop
  endfacet
  facet normal -0.19509031751565312 -0.9807852812984307 0
    outer loop
      vertex -82.5 -14.552500002086163 -80
      vertex -82.43500000238419 -14.565429305181533 -79.25
      vertex -82.5 -14.552500002086163 80
    endloop
  endfacet
  facet normal -0.1950903175156641 -0.9807852812984283 -4.682970304987403e-18
    outer loop
      vertex -82.35458029806614 -14.581425778567791 -79.25
      vertex -82.5 -14.552500002086163 80
      vertex -82.43500000238419 -14.565429305181533 -79.25
    endloop
  endfacet
  facet normal 1 0 0
    outer loop
      vertex -78.5 -16.679999999701977 -79.25
      vertex -78.5 -14.679999999701977 -79.25
      vertex -78.5 -16.679999999701977 80
    endloop
  endfacet
  facet normal 0 1 0
    outer loop
      vertex -81.00500000268221 -14.679999999701977 -79.25
      vertex -78.5 -14.679999999701977 80
      vertex -78.5 -14.679999999701977 -79.25
    endloop
  endfacet
  facet normal 1 0 0
    outer loop
      vertex -81.00500000268221 -14.679999999701977 -79.25
      vertex -81.00500000268221 -13.179999999701977 -79.25
      vertex -81.00500000268221 -14.679999999701977 80
    endloop
  endfacet
  facet normal 0 -1 0
    outer loop
      vertex -81.00500000268221 -13.179999999701977 -79.25
      vertex -78.5 -13.179999999701977 -79.25
      vertex -81.00500000268221 -13.179999999701977 80
    endloop
  endfacet
  facet normal 0 0 -1
    outer loop
      vertex -82.43500000238419 -14.565429305181533 -80
      vertex -82.5 -10.33500000089407 -80
      vertex -82.43500000238419 -10.322070697798699 -80
    endloop
  endfacet
  facet normal -0.19509031751565314 0.9807852812984307 0
    outer loop
      vertex -82.5 -10.33500000089407 -80
      vertex -82.43500000238419 -10.322070697798699 -79.25
      vertex -82.43500000238419 -10.322070697798699 -80
    endloop
  endfacet
  facet normal -0.19509031751565314 -0.9807852812984307 0
    outer loop
      vertex -82.5 -9.575000002980232 -80
      vertex -82.43500000238419 -9.587929306075603 -80
      vertex -82.43500000238419 -9.587929306075603 -79.25
    endloop
  endfacet
  facet normal 0 0 -1
    outer loop
      vertex -82.5 -9.575000002980232 -80
      vertex -82.5 -5.357500001788139 -80
      vertex -82.43500000238419 -9.587929306075603 -80
    endloop
  endfacet
  facet normal 0 0 -1
    outer loop
      vertex -82.43500000238419 -9.587929306075603 -80
      vertex -82.5 -5.357500001788139 -80
      vertex -82.43500000238419 -5.344570698692769 -80
    endloop
  endfacet
  facet normal -0.19509031751565314 0.9807852812984307 0
    outer loop
      vertex -82.5 -5.357500001788139 -80
      vertex -82.43500000238419 -5.344570698692769 -79.25
      vertex -82.43500000238419 -5.344570698692769 -80
    endloop
  endfacet
  facet normal -0.19509036585366285 -0.9807852716834017 0
    outer loop
      vertex -82.5 -4.597499996423721 -80
      vertex -82.43500000238419 -4.610429302849369 -80
      vertex -82.43500000238419 -4.610429302849369 -79.25
    endloop
  endfacet
  facet normal 0 0 -1
    outer loop
      vertex -82.5 -4.597499996423721 -80
      vertex -82.5 -0.380000002682209 -80
      vertex -82.43500000238419 -4.610429302849369 -80
    endloop
  endfacet
  facet normal 0 0 -1
    outer loop
      vertex -82.43500000238419 -4.610429302849369 -80
      vertex -82.5 -0.380000002682209 -80
      vertex -82.43500000238419 -0.36707069625656197 -80
    endloop
  endfacet
  facet normal -0.19509036585365963 0.9807852716834022 0
    outer loop
      vertex -82.5 -0.380000002682209 -80
      vertex -82.43500000238419 -0.36707069625656197 -79.25
      vertex -82.43500000238419 -0.36707069625656197 -80
    endloop
  endfacet
  facet normal -1 0 0
    outer loop
      vertex -82.5 -14.552500002086163 -80
      vertex -82.5 -10.33500000089407 80
      vertex -82.5 -10.33500000089407 -80
    endloop
  endfacet
  facet normal 1 0 0
    outer loop
      vertex -78.5 -13.179999999701977 -79.25
      vertex -78.5 -11.179999999701977 -79.25
      vertex -78.5 -13.179999999701977 80
    endloop
  endfacet
  facet normal 1 0 0
    outer loop
      vertex -81.00500000268221 -11.179999999701977 -79.25
      vertex -81.00500000268221 -9.679999999701977 -79.25
      vertex -81.00500000268221 -11.179999999701977 80
    endloop
  endfacet
  facet normal -0.1950903175156531 0.9807852812984307 -5.807185513876845e-18
    outer loop
      vertex -82.5 -10.33500000089407 -80
      vertex -82.35458029806614 -10.306074224412441 80
      vertex -82.43500000238419 -10.322070697798699 -79.25
    endloop
  endfacet
  facet normal -0.1950903175156641 0.9807852812984283 0
    outer loop
      vertex -82.43500000238419 -10.322070697798699 -79.25
      vertex -82.35458029806614 -10.306074224412441 80
      vertex -82.35458029806614 -10.306074224412441 -79.25
    endloop
  endfacet
  facet normal -0.5555702399475028 0.83146960767347 0
    outer loop
      vertex -82.35458029806614 -10.306074224412441 -79.25
      vertex -82.23129942268133 -10.223700575530529 80
      vertex -82.23129942268133 -10.223700575530529 -79.25
    endloop
  endfacet
  facet normal -0.8314696153759485 0.5555702284199292 0
    outer loop
      vertex -82.23129942268133 -10.223700575530529 -79.25
      vertex -82.14892578125 -10.100419707596302 80
      vertex -82.14892578125 -10.100419707596302 -79.25
    endloop
  endfacet
  facet normal -0.9807852735959507 0.19509035623863177 0
    outer loop
      vertex -82.14892578125 -10.100419707596302 -79.25
      vertex -82.11999999731779 -9.95499999821186 80
      vertex -82.11999999731779 -9.95499999821186 -79.25
    endloop
  endfacet
  facet normal -0.9807852716834022 -0.19509036585365946 0
    outer loop
      vertex -82.11999999731779 -9.95499999821186 -79.25
      vertex -82.14892578125 -9.809580296278 80
      vertex -82.14892578125 -9.809580296278 -79.25
    endloop
  endfacet
  facet normal -0.8314696308861957 -0.5555702052072028 0
    outer loop
      vertex -82.23129942268133 -9.686299420893192 -79.25
      vertex -82.14892578125 -9.809580296278 -79.25
      vertex -82.23129942268133 -9.686299420893192 80
    endloop
  endfacet
  facet normal 0 -1 0
    outer loop
      vertex -81.00500000268221 -9.679999999701977 -79.25
      vertex -78.5 -9.679999999701977 -79.25
      vertex -81.00500000268221 -9.679999999701977 80
    endloop
  endfacet
  facet normal 0 1 0
    outer loop
      vertex -81.00500000268221 -11.179999999701977 -79.25
      vertex -78.5 -11.179999999701977 80
      vertex -78.5 -11.179999999701977 -79.25
    endloop
  endfacet
  facet normal -0.19509031751565312 -0.9807852812984307 0
    outer loop
      vertex -82.5 -9.575000002980232 -80
      vertex -82.43500000238419 -9.587929306075603 -79.25
      vertex -82.5 -9.575000002980232 80
    endloop
  endfacet
  facet normal -0.1950903175156641 -0.9807852812984283 -4.682970304987403e-18
    outer loop
      vertex -82.35458029806614 -9.60392577946186 -79.25
      vertex -82.5 -9.575000002980232 80
      vertex -82.43500000238419 -9.587929306075603 -79.25
    endloop
  endfacet
  facet normal -0.5555702052072028 -0.8314696308861957 0
    outer loop
      vertex -82.23129942268133 -9.686299420893192 -79.25
      vertex -82.35458029806614 -9.60392577946186 80
      vertex -82.35458029806614 -9.60392577946186 -79.25
    endloop
  endfacet
  facet normal 1 0 0
    outer loop
      vertex -78.5 -9.679999999701977 -79.25
      vertex -78.5 -7.679999999701977 -79.25
      vertex -78.5 -9.679999999701977 80
    endloop
  endfacet
  facet normal -1 0 0
    outer loop
      vertex -82.5 -9.575000002980232 -80
      vertex -82.5 -5.357500001788139 80
      vertex -82.5 -5.357500001788139 -80
    endloop
  endfacet
  facet normal 1 0 0
    outer loop
      vertex -81.00500000268221 -7.679999999701977 -79.25
      vertex -81.00500000268221 -6.179999999701977 -79.25
      vertex -81.00500000268221 -7.679999999701977 80
    endloop
  endfacet
  facet normal 0 1 0
    outer loop
      vertex -81.00500000268221 -7.679999999701977 -79.25
      vertex -78.5 -7.679999999701977 80
      vertex -78.5 -7.679999999701977 -79.25
    endloop
  endfacet
  facet normal 0 -1 0
    outer loop
      vertex -81.00500000268221 -6.179999999701977 -79.25
      vertex -78.5 -6.179999999701977 -79.25
      vertex -81.00500000268221 -6.179999999701977 80
    endloop
  endfacet
  facet normal -0.1950903175156531 0.9807852812984307 -5.807185513876845e-18
    outer loop
      vertex -82.5 -5.357500001788139 -80
      vertex -82.35458029806614 -5.328574225306511 80
      vertex -82.43500000238419 -5.344570698692769 -79.25
    endloop
  endfacet
  facet normal -0.1950903175156641 0.9807852812984283 0
    outer loop
      vertex -82.43500000238419 -5.344570698692769 -79.25
      vertex -82.35458029806614 -5.328574225306511 80
      vertex -82.35458029806614 -5.328574225306511 -79.25
    endloop
  endfacet
  facet normal -0.5555702399475028 0.83146960767347 0
    outer loop
      vertex -82.35458029806614 -5.328574225306511 -79.25
      vertex -82.23129942268133 -5.246200576424599 80
      vertex -82.23129942268133 -5.246200576424599 -79.25
    endloop
  endfacet
  facet normal -0.8314696308861957 0.5555702052072028 0
    outer loop
      vertex -82.23129942268133 -5.246200576424599 -79.25
      vertex -82.14892578125 -5.122919701039791 80
      vertex -82.14892578125 -5.122919701039791 -79.25
    endloop
  endfacet
  facet normal -0.9807852716834022 0.19509036585365946 0
    outer loop
      vertex -82.14892578125 -5.122919701039791 -79.25
      vertex -82.11999999731779 -4.97749999910593 80
      vertex -82.11999999731779 -4.97749999910593 -79.25
    endloop
  endfacet
  facet normal -0.9807852716834022 -0.19509036585365946 0
    outer loop
      vertex -82.11999999731779 -4.97749999910593 -79.25
      vertex -82.14892578125 -4.8320802971720695 80
      vertex -82.14892578125 -4.8320802971720695 -79.25
    endloop
  endfacet
  facet normal 1 0 0
    outer loop
      vertex -78.5 -6.179999999701977 -79.25
      vertex -78.5 -4.179999999701977 -79.25
      vertex -78.5 -6.179999999701977 80
    endloop
  endfacet
  facet normal -0.8314696308861957 -0.5555702052072028 0
    outer loop
      vertex -82.14892578125 -4.8320802971720695 -79.25
      vertex -82.23129942268133 -4.708799421787262 80
      vertex -82.23129942268133 -4.708799421787262 -79.25
    endloop
  endfacet
  facet normal -0.5555702052072028 -0.8314696308861957 0
    outer loop
      vertex -82.23129942268133 -4.708799421787262 -79.25
      vertex -82.35458029806614 -4.62642578035593 80
      vertex -82.35458029806614 -4.62642578035593 -79.25
    endloop
  endfacet
  facet normal -0.19509036585366285 -0.9807852716834017 0
    outer loop
      vertex -82.5 -4.597499996423721 -80
      vertex -82.43500000238419 -4.610429302849369 -79.25
      vertex -82.5 -4.597499996423721 80
    endloop
  endfacet
  facet normal -0.19509036585365674 -0.9807852716834028 2.5905792922561337e-18
    outer loop
      vertex -82.35458029806614 -4.62642578035593 -79.25
      vertex -82.5 -4.597499996423721 80
      vertex -82.43500000238419 -4.610429302849369 -79.25
    endloop
  endfacet
  facet normal 1 0 0
    outer loop
      vertex -81.00500000268221 -4.179999999701977 -79.25
      vertex -81.00500000268221 -2.6799999997019768 -79.25
      vertex -81.00500000268221 -4.179999999701977 80
    endloop
  endfacet
  facet normal 0 1 0
    outer loop
      vertex -81.00500000268221 -4.179999999701977 -79.25
      vertex -78.5 -4.179999999701977 80
      vertex -78.5 -4.179999999701977 -79.25
    endloop
  endfacet
  facet normal 0 -1 0
    outer loop
      vertex -81.00500000268221 -2.6799999997019768 -79.25
      vertex -78.5 -2.6799999997019768 -79.25
      vertex -81.00500000268221 -2.6799999997019768 80
    endloop
  endfacet
  facet normal -1 0 0
    outer loop
      vertex -82.5 -4.597499996423721 -80
      vertex -82.5 -0.380000002682209 80
      vertex -82.5 -0.380000002682209 -80
    endloop
  endfacet
  facet normal 1 0 0
    outer loop
      vertex -78.5 -2.6799999997019768 -79.25
      vertex -78.5 -0.6799999997019768 -79.25
      vertex -78.5 -2.6799999997019768 80
    endloop
  endfacet
  facet normal -0.19509036585365963 0.9807852716834022 1.4466298291326285e-19
    outer loop
      vertex -82.5 -0.380000002682209 -80
      vertex -82.35458029806614 -0.35107421875 80
      vertex -82.43500000238419 -0.36707069625656197 -79.25
    endloop
  endfacet
  facet normal -0.19509036585365935 0.9807852716834023 0
    outer loop
      vertex -82.43500000238419 -0.36707069625656197 -79.25
      vertex -82.35458029806614 -0.35107421875 80
      vertex -82.35458029806614 -0.35107421875 -79.25
    endloop
  endfacet
  facet normal -0.5555702052072028 0.8314696308861957 0
    outer loop
      vertex -82.35458029806614 -0.35107421875 -79.25
      vertex -82.23129942268133 -0.26870057731866837 80
      vertex -82.23129942268133 -0.26870057731866837 -79.25
    endloop
  endfacet
  facet normal -0.8314696308861957 0.5555702052072028 0
    outer loop
      vertex -82.23129942268133 -0.26870057731866837 -79.25
      vertex -82.14892578125 -0.14541970193386078 80
      vertex -82.14892578125 -0.14541970193386078 -79.25
    endloop
  endfacet
  facet normal -0.9807852716834022 0.19509036585365946 0
    outer loop
      vertex -82.14892578125 -0.14541970193386078 -79.25
      vertex -82.11999999731779 0 80
      vertex -82.11999999731779 0 -79.25
    endloop
  endfacet
  facet normal 1 0 0
    outer loop
      vertex -81.00500000268221 -0.6799999997019768 -79.25
      vertex -81.00500000268221 0.8200000002980232 -79.25
      vertex -81.00500000268221 -0.6799999997019768 80
    endloop
  endfacet
  facet normal 0 1 0
    outer loop
      vertex -81.00500000268221 -0.6799999997019768 -79.25
      vertex -78.5 -0.6799999997019768 80
      vertex -78.5 -0.6799999997019768 -79.25
    endloop
  endfacet
  facet normal -0.4275550802541337 -0.9039892993552974 0
    outer loop
      vertex -80.0307337269187 -25.445518128573895 -80
      vertex -80.0307337269187 -25.445518128573895 80
      vertex -80.38558694720268 -25.277685061097145 80
    endloop
  endfacet
  facet normal -0.5956993080192207 -0.8032075288650012 0
    outer loop
      vertex -80.72228093445301 -25.07587844878435 -80
      vertex -80.72228093445301 -25.07587844878435 80
      vertex -81.03757313638926 -24.842041812837124 80
    endloop
  endfacet
  facet normal -0.5141027491514958 -0.857728607028397 0
    outer loop
      vertex -80.38558694720268 -25.277685061097145 -80
      vertex -80.38558694720268 -25.277685061097145 80
      vertex -80.72228093445301 -25.07587844878435 80
    endloop
  endfacet
  facet normal -0.7409511174895533 -0.6715589635251562 0
    outer loop
      vertex -81.3284271210432 -24.578427121043205 -80
      vertex -81.3284271210432 -24.578427121043205 80
      vertex -81.59204181283712 -24.287573136389256 80
    endloop
  endfacet
  facet normal -0.8032075288650012 -0.5956993080192207 0
    outer loop
      vertex -81.59204181283712 -24.287573136389256 -80
      vertex -81.59204181283712 -24.287573136389256 80
      vertex -81.82587844878435 -23.97228093445301 80
    endloop
  endfacet
  facet normal -0.6715589635251562 -0.7409511174895533 0
    outer loop
      vertex -81.03757313638926 -24.842041812837124 -80
      vertex -81.03757313638926 -24.842041812837124 80
      vertex -81.3284271210432 -24.578427121043205 80
    endloop
  endfacet
  facet normal -0.24298017787700282 -0.970031253702096 0
    outer loop
      vertex -79.28036128729582 -25.67314112186432 -80
      vertex -79.28036128729582 -25.67314112186432 80
      vertex -79.66113870590925 -25.577761344611645 80
    endloop
  endfacet
  facet normal -0.3368898600571533 -0.9415440627982695 0
    outer loop
      vertex -79.66113870590925 -25.577761344611645 -80
      vertex -79.66113870590925 -25.577761344611645 80
      vertex -80.0307337269187 -25.445518128573895 80
    endloop
  endfacet
  facet normal -0.14673047883339677 -0.9891765093153608 0
    outer loop
      vertex -78.89206856489182 -25.730738908052444 -80
      vertex -78.89206856489182 -25.730738908052444 80
      vertex -79.28036128729582 -25.67314112186432 80
    endloop
  endfacet
  facet normal -0.0490676704157047 -0.9987954563973426 0
    outer loop
      vertex -78.5 -25.75 -80
      vertex -78.5 -25.75 80
      vertex -78.89206856489182 -25.730738908052444 80
    endloop
  endfacet
  facet normal -0.857728607028397 -0.5141027491514958 0
    outer loop
      vertex -81.82587844878435 -23.97228093445301 -80
      vertex -81.82587844878435 -23.97228093445301 80
      vertex -82.02768506109715 -23.635586947202682 80
    endloop
  endfacet
  facet normal -0.9039892993552974 -0.4275550802541337 0
    outer loop
      vertex -82.02768506109715 -23.635586947202682 -80
      vertex -82.02768506109715 -23.635586947202682 80
      vertex -82.1955181285739 -23.280733726918697 80
    endloop
  endfacet
  facet normal -0.9415440627982695 -0.3368898600571533 0
    outer loop
      vertex -82.1955181285739 -23.280733726918697 -80
      vertex -82.1955181285739 -23.280733726918697 80
      vertex -82.32776134461164 -22.911138705909252 80
    endloop
  endfacet
  facet normal -0.970031253702096 -0.24298017787700282 0
    outer loop
      vertex -82.32776134461164 -22.911138705909252 -80
      vertex -82.32776134461164 -22.911138705909252 80
      vertex -82.42314112186432 -22.53036128729582 80
    endloop
  endfacet
  facet normal 0.7933533397348493 0.6087614297338169 0
    outer loop
      vertex -80.01554445922375 -22.625 -79.25
      vertex -80.01554445922375 -22.625 80
      vertex -79.73743686825037 -22.98743686825037 80
    endloop
  endfacet
  facet normal 0.13052619594183673 0.991444860883828 0
    outer loop
      vertex -78.95293332636356 -23.440370194613934 -79.25
      vertex -78.95293332636356 -23.440370194613934 80
      vertex -78.5 -23.5 80
    endloop
  endfacet
  facet normal -0.13052619594183673 0.991444860883828 0
    outer loop
      vertex -78.5 -23.5 -79.25
      vertex -78.5 -23.5 80
      vertex -78.04706667363644 -23.440370194613934 80
    endloop
  endfacet
  facet normal -0.3826834229190802 0.9238795364239519 0
    outer loop
      vertex -78.04706667363644 -23.440370194613934 -79.25
      vertex -78.04706667363644 -23.440370194613934 80
      vertex -77.625 -23.265544459223747 80
    endloop
  endfacet
  facet normal 0.6087614297338169 0.7933533397348493 0
    outer loop
      vertex -79.73743686825037 -22.98743686825037 -79.25
      vertex -79.73743686825037 -22.98743686825037 80
      vertex -79.375 -23.265544459223747 80
    endloop
  endfacet
  facet normal 0.3826834229190802 0.9238795364239519 0
    outer loop
      vertex -79.375 -23.265544459223747 -79.25
      vertex -79.375 -23.265544459223747 80
      vertex -78.95293332636356 -23.440370194613934 80
    endloop
  endfacet
  facet normal -0.6087614297338169 0.7933533397348494 0
    outer loop
      vertex -77.625 -23.265544459223747 -80
      vertex -77.625 -23.265544459223747 80
      vertex -77.26256313174963 -22.98743686825037 80
    endloop
  endfacet
  facet normal 0 -1 0
    outer loop
      vertex -75.10000000149012 -25.75 -80
      vertex -75.10000000149012 -25.75 80
      vertex -78.5 -25.75 80
    endloop
  endfacet
  facet normal 1 0 0
    outer loop
      vertex -75.10000000149012 -22.600000001490116 -79.25
      vertex -75.10000000149012 -22.600000001490116 80
      vertex -75.10000000149012 -25.75 80
    endloop
  endfacet
  facet normal -0.7933533397348494 0.6087614297338169 0
    outer loop
      vertex -77.26256313174963 -22.98743686825037 -80
      vertex -77.26256313174963 -22.98743686825037 80
      vertex -76.98445554077625 -22.625 80
    endloop
  endfacet
  facet normal -0.9238795323525989 0.38268343274819644 0
    outer loop
      vertex -76.98445554077625 -22.625 -80
      vertex -76.98445554077625 -22.625 80
      vertex -76.974100202322 -22.600000001490116 80
    endloop
  endfacet
  facet normal 0 1 0
    outer loop
      vertex -76.974100202322 -22.600000001490116 -80
      vertex -76.974100202322 -22.600000001490116 80
      vertex -75.10000000149012 -22.600000001490116 80
    endloop
  endfacet
  facet normal -0.9891765093153608 -0.14673047883339677 0
    outer loop
      vertex -82.42314112186432 -22.53036128729582 -80
      vertex -82.42314112186432 -22.53036128729582 80
      vertex -82.48073890805244 -22.142068564891815 80
    endloop
  endfacet
  facet normal -0.9987954563973426 -0.0490676704157047 0
    outer loop
      vertex -82.48073890805244 -22.142068564891815 -80
      vertex -82.48073890805244 -22.142068564891815 80
      vertex -82.5 -21.75 80
    endloop
  endfacet
  facet normal 0.9238795364239519 0.3826834229190802 0
    outer loop
      vertex -80.19037019461393 -22.202933326363564 -79.25
      vertex -80.19037019461393 -22.202933326363564 80
      vertex -80.01554445922375 -22.625 80
    endloop
  endfacet
  facet normal 0.991444860883828 0.13052619594183673 0
    outer loop
      vertex -80.25 -21.75 -79.25
      vertex -80.25 -21.75 80
      vertex -80.19037019461393 -22.202933326363564 80
    endloop
  endfacet
  facet normal -1 0 0
    outer loop
      vertex -82.5 -21.75 -80
      vertex -82.5 -21.75 80
      vertex -82.5 -20.28999999910593 80
    endloop
  endfacet
  facet normal 0.991444860883828 -0.13052619594183673 0
    outer loop
      vertex -80.19037019461393 -21.297066673636436 -79.25
      vertex -80.19037019461393 -21.297066673636436 80
      vertex -80.25 -21.75 80
    endloop
  endfacet
  facet normal 0.9238795364239519 -0.3826834229190802 0
    outer loop
      vertex -80.01554445922375 -20.875 -79.25
      vertex -80.01554445922375 -20.875 80
      vertex -80.19037019461393 -21.297066673636436 80
    endloop
  endfacet
  facet normal -0.1950903175156592 0.9807852812984293 0
    outer loop
      vertex -82.5 -20.28999999910593 -80
      vertex -82.5 -20.28999999910593 80
      vertex -82.35458029806614 -20.261074222624302 80
    endloop
  endfacet
  facet normal -0.5555702399475028 0.83146960767347 0
    outer loop
      vertex -82.35458029806614 -20.261074222624302 -79.25
      vertex -82.35458029806614 -20.261074222624302 80
      vertex -82.23129942268133 -20.17870057374239 80
    endloop
  endfacet
  facet normal -0.8314696153759485 0.5555702284199292 0
    outer loop
      vertex -82.23129942268133 -20.17870057374239 -79.25
      vertex -82.23129942268133 -20.17870057374239 80
      vertex -82.14892578125 -20.055419705808163 80
    endloop
  endfacet
  facet normal -0.9807852735959507 0.19509035623863177 0
    outer loop
      vertex -82.14892578125 -20.055419705808163 -79.25
      vertex -82.14892578125 -20.055419705808163 80
      vertex -82.11999999731779 -19.90999999642372 80
    endloop
  endfacet
  facet normal -0.9807852716834022 -0.19509036585365946 0
    outer loop
      vertex -82.11999999731779 -19.90999999642372 -79.25
      vertex -82.11999999731779 -19.90999999642372 80
      vertex -82.14892578125 -19.76458029448986 80
    endloop
  endfacet
  facet normal -0.8314696153759485 -0.5555702284199292 0
    outer loop
      vertex -82.14892578125 -19.76458029448986 -79.25
      vertex -82.14892578125 -19.76458029448986 80
      vertex -82.23129942268133 -19.641299426555634 80
    endloop
  endfacet
  facet normal -0.19509031751565922 -0.9807852812984295 0
    outer loop
      vertex -82.35458029806614 -19.55892577767372 -79.25
      vertex -82.35458029806614 -19.55892577767372 80
      vertex -82.5 -19.530000001192093 80
    endloop
  endfacet
  facet normal -0.5555702399475028 -0.83146960767347 0
    outer loop
      vertex -82.23129942268133 -19.641299426555634 -79.25
      vertex -82.23129942268133 -19.641299426555634 80
      vertex -82.35458029806614 -19.55892577767372 80
    endloop
  endfacet
  facet normal 0.7933533397348493 -0.6087614297338169 0
    outer loop
      vertex -79.73743686825037 -20.51256313174963 -79.25
      vertex -79.73743686825037 -20.51256313174963 80
      vertex -80.01554445922375 -20.875 80
    endloop
  endfacet
  facet normal 0.6087614297338169 -0.7933533397348493 0
    outer loop
      vertex -79.375 -20.234455540776253 -79.25
      vertex -79.375 -20.234455540776253 80
      vertex -79.73743686825037 -20.51256313174963 80
    endloop
  endfacet
  facet normal 0.3826834229190802 -0.9238795364239519 0
    outer loop
      vertex -78.95293332636356 -20.059629805386066 -79.25
      vertex -78.95293332636356 -20.059629805386066 80
      vertex -79.375 -20.234455540776253 80
    endloop
  endfacet
  facet normal -0.6087614297338169 -0.7933533397348494 0
    outer loop
      vertex -77.26256313174963 -20.51256313174963 -80
      vertex -77.26256313174963 -20.51256313174963 80
      vertex -77.625 -20.234455540776253 80
    endloop
  endfacet
  facet normal -0.38268342291908025 -0.923879536423952 0
    outer loop
      vertex -77.625 -20.234455540776253 -80
      vertex -77.625 -20.234455540776253 80
      vertex -78.04706667363644 -20.059629805386066 80
    endloop
  endfacet
  facet normal 0.13052619594183673 -0.991444860883828 0
    outer loop
      vertex -78.5 -20 -80
      vertex -78.5 -20 80
      vertex -78.95293332636356 -20.059629805386066 80
    endloop
  endfacet
  facet normal -0.13052619594183673 -0.991444860883828 0
    outer loop
      vertex -78.04706667363644 -20.059629805386066 -80
      vertex -78.04706667363644 -20.059629805386066 80
      vertex -78.5 -20 80
    endloop
  endfacet
  facet normal -0.7933533397348494 -0.6087614297338169 0
    outer loop
      vertex -76.98445554077625 -20.875 -80
      vertex -76.98445554077625 -20.875 80
      vertex -77.26256313174963 -20.51256313174963 80
    endloop
  endfacet
  facet normal -0.9238795323525989 -0.38268343274819644 0
    outer loop
      vertex -76.974100202322 -20.899999998509884 -80
      vertex -76.974100202322 -20.899999998509884 80
      vertex -76.98445554077625 -20.875 80
    endloop
  endfacet
  facet normal 0 -1 0
    outer loop
      vertex -75.10000000149012 -20.899999998509884 -79.25
      vertex -75.10000000149012 -20.899999998509884 80
      vertex -76.974100202322 -20.899999998509884 80
    endloop
  endfacet
  facet normal -1 0 0
    outer loop
      vertex -82.5 -19.530000001192093 -80
      vertex -82.5 -19.530000001192093 80
      vertex -82.5 -15.3125 80
    endloop
  endfacet
  facet normal 0 1 0
    outer loop
      vertex -81.00500000268221 -18.179999999701977 -79.25
      vertex -81.00500000268221 -18.179999999701977 80
      vertex -78.5 -18.179999999701977 80
    endloop
  endfacet
  facet normal 1 0 0
    outer loop
      vertex -78.5 -18.179999999701977 -79.25
      vertex -78.5 -18.179999999701977 80
      vertex -78.5 -18.350000001490116 80
    endloop
  endfacet
  facet normal 0 1 0
    outer loop
      vertex -78.5 -18.350000001490116 -79.25
      vertex -78.5 -18.350000001490116 80
      vertex -75.10000000149012 -18.350000001490116 80
    endloop
  endfacet
  facet normal 1 0 0
    outer loop
      vertex -81.00500000268221 -16.679999999701977 -79.25
      vertex -81.00500000268221 -16.679999999701977 80
      vertex -81.00500000268221 -18.179999999701977 80
    endloop
  endfacet
  facet normal 0 -1 0
    outer loop
      vertex -78.5 -16.679999999701977 -79.25
      vertex -78.5 -16.679999999701977 80
      vertex -81.00500000268221 -16.679999999701977 80
    endloop
  endfacet
  facet normal 1 0 0
    outer loop
      vertex -75.10000000149012 -18.350000001490116 -79.25
      vertex -75.10000000149012 -18.350000001490116 80
      vertex -75.10000000149012 -20.899999998509884 80
    endloop
  endfacet
  facet normal -0.1950903175156592 0.9807852812984293 0
    outer loop
      vertex -82.5 -15.3125 -80
      vertex -82.5 -15.3125 80
      vertex -82.35458029806614 -15.283574223518372 80
    endloop
  endfacet
  facet normal -0.5555702399475028 0.83146960767347 0
    outer loop
      vertex -82.35458029806614 -15.283574223518372 -79.25
      vertex -82.35458029806614 -15.283574223518372 80
      vertex -82.23129942268133 -15.20120057463646 80
    endloop
  endfacet
  facet normal -0.8314696153759485 0.5555702284199292 0
    outer loop
      vertex -82.23129942268133 -15.20120057463646 -79.25
      vertex -82.23129942268133 -15.20120057463646 80
      vertex -82.14892578125 -15.077919706702232 80
    endloop
  endfacet
  facet normal -0.9807852735959507 0.19509035623863177 0
    outer loop
      vertex -82.14892578125 -15.077919706702232 -79.25
      vertex -82.14892578125 -15.077919706702232 80
      vertex -82.11999999731779 -14.932499997317791 80
    endloop
  endfacet
  facet normal -0.9807852716834022 -0.19509036585365946 0
    outer loop
      vertex -82.11999999731779 -14.932499997317791 -79.25
      vertex -82.11999999731779 -14.932499997317791 80
      vertex -82.14892578125 -14.78708029538393 80
    endloop
  endfacet
  facet normal -0.8314696308861957 -0.5555702052072028 0
    outer loop
      vertex -82.14892578125 -14.78708029538393 -79.25
      vertex -82.14892578125 -14.78708029538393 80
      vertex -82.23129942268133 -14.663799419999123 80
    endloop
  endfacet
  facet normal -0.5555702052072028 -0.8314696308861957 0
    outer loop
      vertex -82.23129942268133 -14.663799419999123 -79.25
      vertex -82.23129942268133 -14.663799419999123 80
      vertex -82.35458029806614 -14.581425778567791 80
    endloop
  endfacet
  facet normal -0.19509031751565922 -0.9807852812984295 0
    outer loop
      vertex -82.35458029806614 -14.581425778567791 -79.25
      vertex -82.35458029806614 -14.581425778567791 80
      vertex -82.5 -14.552500002086163 80
    endloop
  endfacet
  facet normal 0 1 0
    outer loop
      vertex -81.00500000268221 -14.679999999701977 -79.25
      vertex -81.00500000268221 -14.679999999701977 80
      vertex -78.5 -14.679999999701977 80
    endloop
  endfacet
  facet normal 1 0 0
    outer loop
      vertex -78.5 -14.679999999701977 -79.25
      vertex -78.5 -14.679999999701977 80
      vertex -78.5 -16.679999999701977 80
    endloop
  endfacet
  facet normal 1 0 0
    outer loop
      vertex -81.00500000268221 -13.179999999701977 -79.25
      vertex -81.00500000268221 -13.179999999701977 80
      vertex -81.00500000268221 -14.679999999701977 80
    endloop
  endfacet
  facet normal -1 0 0
    outer loop
      vertex -82.5 -14.552500002086163 -80
      vertex -82.5 -14.552500002086163 80
      vertex -82.5 -10.33500000089407 80
    endloop
  endfacet
  facet normal 0 -1 0
    outer loop
      vertex -78.5 -13.179999999701977 -79.25
      vertex -78.5 -13.179999999701977 80
      vertex -81.00500000268221 -13.179999999701977 80
    endloop
  endfacet
  facet normal 0 0 1
    outer loop
      vertex -80.0307337269187 -25.445518128573895 80
      vertex -79.375 -23.265544459223747 80
      vertex -80.38558694720268 -25.277685061097145 80
    endloop
  endfacet
  facet normal 0 0 1
    outer loop
      vertex -80.72228093445301 -25.07587844878435 80
      vertex -79.375 -23.265544459223747 80
      vertex -81.03757313638926 -24.842041812837124 80
    endloop
  endfacet
  facet normal 0 0 1
    outer loop
      vertex -80.72228093445301 -25.07587844878435 80
      vertex -80.38558694720268 -25.277685061097145 80
      vertex -79.375 -23.265544459223747 80
    endloop
  endfacet
  facet normal 0 0 1
    outer loop
      vertex -79.28036128729582 -25.67314112186432 80
      vertex -78.89206856489182 -25.730738908052444 80
      vertex -78.95293332636356 -23.440370194613934 80
    endloop
  endfacet
  facet normal 0 0 1
    outer loop
      vertex -78.89206856489182 -25.730738908052444 80
      vertex -78.5 -25.75 80
      vertex -78.5 -23.5 80
    endloop
  endfacet
  facet normal 0 0 1
    outer loop
      vertex -79.66113870590925 -25.577761344611645 80
      vertex -79.28036128729582 -25.67314112186432 80
      vertex -78.95293332636356 -23.440370194613934 80
    endloop
  endfacet
  facet normal 0 0 1
    outer loop
      vertex -80.0307337269187 -25.445518128573895 80
      vertex -79.66113870590925 -25.577761344611645 80
      vertex -78.95293332636356 -23.440370194613934 80
    endloop
  endfacet
  facet normal 0 0 1
    outer loop
      vertex -78.89206856489182 -25.730738908052444 80
      vertex -78.5 -23.5 80
      vertex -78.95293332636356 -23.440370194613934 80
    endloop
  endfacet
  facet normal 0 0 1
    outer loop
      vertex -78.5 -25.75 80
      vertex -78.04706667363644 -23.440370194613934 80
      vertex -78.5 -23.5 80
    endloop
  endfacet
  facet normal 0 0 1
    outer loop
      vertex -78.5 -25.75 80
      vertex -77.625 -23.265544459223747 80
      vertex -78.04706667363644 -23.440370194613934 80
    endloop
  endfacet
  facet normal 0 0 1
    outer loop
      vertex -81.82587844878435 -23.97228093445301 80
      vertex -80.01554445922375 -22.625 80
      vertex -82.02768506109715 -23.635586947202682 80
    endloop
  endfacet
  facet normal 0 0 1
    outer loop
      vertex -81.3284271210432 -24.578427121043205 80
      vertex -81.03757313638926 -24.842041812837124 80
      vertex -79.73743686825037 -22.98743686825037 80
    endloop
  endfacet
  facet normal 0 0 1
    outer loop
      vertex -81.3284271210432 -24.578427121043205 80
      vertex -79.73743686825037 -22.98743686825037 80
      vertex -81.59204181283712 -24.287573136389256 80
    endloop
  endfacet
  facet normal 0 0 1
    outer loop
      vertex -81.59204181283712 -24.287573136389256 80
      vertex -80.01554445922375 -22.625 80
      vertex -81.82587844878435 -23.97228093445301 80
    endloop
  endfacet
  facet normal 0 0 1
    outer loop
      vertex -81.03757313638926 -24.842041812837124 80
      vertex -79.375 -23.265544459223747 80
      vertex -79.73743686825037 -22.98743686825037 80
    endloop
  endfacet
  facet normal 0 0 1
    outer loop
      vertex -82.02768506109715 -23.635586947202682 80
      vertex -80.01554445922375 -22.625 80
      vertex -82.1955181285739 -23.280733726918697 80
    endloop
  endfacet
  facet normal 0 0 1
    outer loop
      vertex -82.1955181285739 -23.280733726918697 80
      vertex -80.19037019461393 -22.202933326363564 80
      vertex -82.32776134461164 -22.911138705909252 80
    endloop
  endfacet
  facet normal 0 0 1
    outer loop
      vertex -82.32776134461164 -22.911138705909252 80
      vertex -80.19037019461393 -22.202933326363564 80
      vertex -82.42314112186432 -22.53036128729582 80
    endloop
  endfacet
  facet normal 0 0 1
    outer loop
      vertex -81.59204181283712 -24.287573136389256 80
      vertex -79.73743686825037 -22.98743686825037 80
      vertex -80.01554445922375 -22.625 80
    endloop
  endfacet
  facet normal 0 0 1
    outer loop
      vertex -82.1955181285739 -23.280733726918697 80
      vertex -80.01554445922375 -22.625 80
      vertex -80.19037019461393 -22.202933326363564 80
    endloop
  endfacet
  facet normal 0 0 1
    outer loop
      vertex -80.0307337269187 -25.445518128573895 80
      vertex -78.95293332636356 -23.440370194613934 80
      vertex -79.375 -23.265544459223747 80
    endloop
  endfacet
  facet normal 0 0 1
    outer loop
      vertex -78.5 -25.75 80
      vertex -75.10000000149012 -25.75 80
      vertex -77.625 -23.265544459223747 80
    endloop
  endfacet
  facet normal 0 0 1
    outer loop
      vertex -77.625 -23.265544459223747 80
      vertex -75.10000000149012 -25.75 80
      vertex -77.26256313174963 -22.98743686825037 80
    endloop
  endfacet
  facet normal 0 0 1
    outer loop
      vertex -75.10000000149012 -25.75 80
      vertex -76.98445554077625 -22.625 80
      vertex -77.26256313174963 -22.98743686825037 80
    endloop
  endfacet
  facet normal 0 0 1
    outer loop
      vertex -75.10000000149012 -25.75 80
      vertex -76.974100202322 -22.600000001490116 80
      vertex -76.98445554077625 -22.625 80
    endloop
  endfacet
  facet normal 0 0 1
    outer loop
      vertex -75.10000000149012 -25.75 80
      vertex -75.10000000149012 -22.600000001490116 80
      vertex -76.974100202322 -22.600000001490116 80
    endloop
  endfacet
  facet normal 0 0 1
    outer loop
      vertex -82.42314112186432 -22.53036128729582 80
      vertex -80.19037019461393 -22.202933326363564 80
      vertex -82.48073890805244 -22.142068564891815 80
    endloop
  endfacet
  facet normal 0 0 1
    outer loop
      vertex -82.48073890805244 -22.142068564891815 80
      vertex -80.25 -21.75 80
      vertex -82.5 -21.75 80
    endloop
  endfacet
  facet normal 0 0 1
    outer loop
      vertex -82.48073890805244 -22.142068564891815 80
      vertex -80.19037019461393 -22.202933326363564 80
      vertex -80.25 -21.75 80
    endloop
  endfacet
  facet normal 0 0 1
    outer loop
      vertex -82.5 -21.75 80
      vertex -80.19037019461393 -21.297066673636436 80
      vertex -82.35458029806614 -20.261074222624302 80
    endloop
  endfacet
  facet normal 0 0 1
    outer loop
      vertex -82.5 -21.75 80
      vertex -80.25 -21.75 80
      vertex -80.19037019461393 -21.297066673636436 80
    endloop
  endfacet
  facet normal 0 0 1
    outer loop
      vertex -82.5 -21.75 80
      vertex -82.35458029806614 -20.261074222624302 80
      vertex -82.5 -20.28999999910593 80
    endloop
  endfacet
  facet normal 0 0 1
    outer loop
      vertex -80.19037019461393 -21.297066673636436 80
      vertex -82.23129942268133 -20.17870057374239 80
      vertex -82.35458029806614 -20.261074222624302 80
    endloop
  endfacet
  facet normal 0 0 1
    outer loop
      vertex -80.19037019461393 -21.297066673636436 80
      vertex -82.14892578125 -20.055419705808163 80
      vertex -82.23129942268133 -20.17870057374239 80
    endloop
  endfacet
  facet normal 0 0 1
    outer loop
      vertex -80.01554445922375 -20.875 80
      vertex -82.11999999731779 -19.90999999642372 80
      vertex -82.14892578125 -20.055419705808163 80
    endloop
  endfacet
  facet normal 0 0 1
    outer loop
      vertex -80.19037019461393 -21.297066673636436 80
      vertex -80.01554445922375 -20.875 80
      vertex -82.14892578125 -20.055419705808163 80
    endloop
  endfacet
  facet normal 0 0 1
    outer loop
      vertex -80.01554445922375 -20.875 80
      vertex -79.73743686825037 -20.51256313174963 80
      vertex -82.11999999731779 -19.90999999642372 80
    endloop
  endfacet
  facet normal 0 0 1
    outer loop
      vertex -82.11999999731779 -19.90999999642372 80
      vertex -79.73743686825037 -20.51256313174963 80
      vertex -82.14892578125 -19.76458029448986 80
    endloop
  endfacet
  facet normal 0 0 1
    outer loop
      vertex -82.14892578125 -19.76458029448986 80
      vertex -79.73743686825037 -20.51256313174963 80
      vertex -81.00500000268221 -18.179999999701977 80
    endloop
  endfacet
  facet normal 0 0 1
    outer loop
      vertex -79.73743686825037 -20.51256313174963 80
      vertex -79.375 -20.234455540776253 80
      vertex -81.00500000268221 -18.179999999701977 80
    endloop
  endfacet
  facet normal 0 0 1
    outer loop
      vertex -79.375 -20.234455540776253 80
      vertex -78.95293332636356 -20.059629805386066 80
      vertex -81.00500000268221 -18.179999999701977 80
    endloop
  endfacet
  facet normal 0 0 1
    outer loop
      vertex -78.95293332636356 -20.059629805386066 80
      vertex -78.5 -20 80
      vertex -78.5 -18.350000001490116 80
    endloop
  endfacet
  facet normal 0 0 1
    outer loop
      vertex -77.625 -20.234455540776253 80
      vertex -78.5 -18.350000001490116 80
      vertex -78.04706667363644 -20.059629805386066 80
    endloop
  endfacet
  facet normal 0 0 1
    outer loop
      vertex -78.5 -20 80
      vertex -78.04706667363644 -20.059629805386066 80
      vertex -78.5 -18.350000001490116 80
    endloop
  endfacet
  facet normal 0 0 1
    outer loop
      vertex -76.98445554077625 -20.875 80
      vertex -76.974100202322 -20.899999998509884 80
      vertex -75.10000000149012 -18.350000001490116 80
    endloop
  endfacet
  facet normal 0 0 1
    outer loop
      vertex -76.98445554077625 -20.875 80
      vertex -75.10000000149012 -18.350000001490116 80
      vertex -77.26256313174963 -20.51256313174963 80
    endloop
  endfacet
  facet normal 0 0 1
    outer loop
      vertex -77.625 -20.234455540776253 80
      vertex -77.26256313174963 -20.51256313174963 80
      vertex -75.10000000149012 -18.350000001490116 80
    endloop
  endfacet
  facet normal 0 0 1
    outer loop
      vertex -76.974100202322 -20.899999998509884 80
      vertex -75.10000000149012 -20.899999998509884 80
      vertex -75.10000000149012 -18.350000001490116 80
    endloop
  endfacet
  facet normal 0 0 1
    outer loop
      vertex -82.23129942268133 -19.641299426555634 80
      vertex -81.00500000268221 -18.179999999701977 80
      vertex -82.35458029806614 -19.55892577767372 80
    endloop
  endfacet
  facet normal 0 0 1
    outer loop
      vertex -82.14892578125 -19.76458029448986 80
      vertex -81.00500000268221 -18.179999999701977 80
      vertex -82.23129942268133 -19.641299426555634 80
    endloop
  endfacet
  facet normal 0 0 1
    outer loop
      vertex -82.5 -19.530000001192093 80
      vertex -82.35458029806614 -19.55892577767372 80
      vertex -82.5 -15.3125 80
    endloop
  endfacet
  facet normal 0 0 1
    outer loop
      vertex -82.35458029806614 -19.55892577767372 80
      vertex -81.00500000268221 -18.179999999701977 80
      vertex -81.00500000268221 -16.679999999701977 80
    endloop
  endfacet
  facet normal 0 0 1
    outer loop
      vertex -78.95293332636356 -20.059629805386066 80
      vertex -78.5 -18.350000001490116 80
      vertex -81.00500000268221 -18.179999999701977 80
    endloop
  endfacet
  facet normal 0 0 1
    outer loop
      vertex -81.00500000268221 -18.179999999701977 80
      vertex -78.5 -18.350000001490116 80
      vertex -78.5 -18.179999999701977 80
    endloop
  endfacet
  facet normal 0 0 1
    outer loop
      vertex -82.35458029806614 -19.55892577767372 80
      vertex -81.00500000268221 -16.679999999701977 80
      vertex -82.23129942268133 -15.20120057463646 80
    endloop
  endfacet
  facet normal 0 0 1
    outer loop
      vertex -82.35458029806614 -19.55892577767372 80
      vertex -82.35458029806614 -15.283574223518372 80
      vertex -82.5 -15.3125 80
    endloop
  endfacet
  facet normal 0 0 1
    outer loop
      vertex -82.35458029806614 -19.55892577767372 80
      vertex -82.23129942268133 -15.20120057463646 80
      vertex -82.35458029806614 -15.283574223518372 80
    endloop
  endfacet
  facet normal 0 0 1
    outer loop
      vertex -77.625 -20.234455540776253 80
      vertex -75.10000000149012 -18.350000001490116 80
      vertex -78.5 -18.350000001490116 80
    endloop
  endfacet
  facet normal 0 0 1
    outer loop
      vertex -81.00500000268221 -16.679999999701977 80
      vertex -82.14892578125 -15.077919706702232 80
      vertex -82.23129942268133 -15.20120057463646 80
    endloop
  endfacet
  facet normal 0 0 1
    outer loop
      vertex -81.00500000268221 -16.679999999701977 80
      vertex -81.00500000268221 -14.679999999701977 80
      vertex -82.14892578125 -15.077919706702232 80
    endloop
  endfacet
  facet normal 0 0 1
    outer loop
      vertex -81.00500000268221 -16.679999999701977 80
      vertex -78.5 -14.679999999701977 80
      vertex -81.00500000268221 -14.679999999701977 80
    endloop
  endfacet
  facet normal 0 0 1
    outer loop
      vertex -82.14892578125 -15.077919706702232 80
      vertex -81.00500000268221 -14.679999999701977 80
      vertex -82.11999999731779 -14.932499997317791 80
    endloop
  endfacet
  facet normal 0 0 1
    outer loop
      vertex -82.11999999731779 -14.932499997317791 80
      vertex -81.00500000268221 -14.679999999701977 80
      vertex -82.14892578125 -14.78708029538393 80
    endloop
  endfacet
  facet normal 0 0 1
    outer loop
      vertex -81.00500000268221 -16.679999999701977 80
      vertex -78.5 -16.679999999701977 80
      vertex -78.5 -14.679999999701977 80
    endloop
  endfacet
  facet normal 0 0 1
    outer loop
      vertex -82.14892578125 -14.78708029538393 80
      vertex -81.00500000268221 -13.179999999701977 80
      vertex -82.23129942268133 -14.663799419999123 80
    endloop
  endfacet
  facet normal 0 0 1
    outer loop
      vertex -82.14892578125 -14.78708029538393 80
      vertex -81.00500000268221 -14.679999999701977 80
      vertex -81.00500000268221 -13.179999999701977 80
    endloop
  endfacet
  facet normal 0 0 1
    outer loop
      vertex -82.23129942268133 -14.663799419999123 80
      vertex -82.35458029806614 -10.306074224412441 80
      vertex -82.35458029806614 -14.581425778567791 80
    endloop
  endfacet
  facet normal 0 0 1
    outer loop
      vertex -82.5 -14.552500002086163 80
      vertex -82.35458029806614 -14.581425778567791 80
      vertex -82.35458029806614 -10.306074224412441 80
    endloop
  endfacet
  facet normal 1 0 0
    outer loop
      vertex -78.5 -11.179999999701977 -79.25
      vertex -78.5 -11.179999999701977 80
      vertex -78.5 -13.179999999701977 80
    endloop
  endfacet
  facet normal 0 1 0
    outer loop
      vertex -81.00500000268221 -11.179999999701977 -79.25
      vertex -81.00500000268221 -11.179999999701977 80
      vertex -78.5 -11.179999999701977 80
    endloop
  endfacet
  facet normal -0.1950903175156592 0.9807852812984293 0
    outer loop
      vertex -82.5 -10.33500000089407 -80
      vertex -82.5 -10.33500000089407 80
      vertex -82.35458029806614 -10.306074224412441 80
    endloop
  endfacet
  facet normal -0.5555702399475028 0.83146960767347 0
    outer loop
      vertex -82.35458029806614 -10.306074224412441 -79.25
      vertex -82.35458029806614 -10.306074224412441 80
      vertex -82.23129942268133 -10.223700575530529 80
    endloop
  endfacet
  facet normal -0.8314696153759485 0.5555702284199292 0
    outer loop
      vertex -82.23129942268133 -10.223700575530529 -79.25
      vertex -82.23129942268133 -10.223700575530529 80
      vertex -82.14892578125 -10.100419707596302 80
    endloop
  endfacet
  facet normal -0.9807852735959507 0.19509035623863177 0
    outer loop
      vertex -82.14892578125 -10.100419707596302 -79.25
      vertex -82.14892578125 -10.100419707596302 80
      vertex -82.11999999731779 -9.95499999821186 80
    endloop
  endfacet
  facet normal -0.9807852716834022 -0.19509036585365946 0
    outer loop
      vertex -82.11999999731779 -9.95499999821186 -79.25
      vertex -82.11999999731779 -9.95499999821186 80
      vertex -82.14892578125 -9.809580296278 80
    endloop
  endfacet
  facet normal -0.5555702052072028 -0.8314696308861957 0
    outer loop
      vertex -82.23129942268133 -9.686299420893192 -79.25
      vertex -82.23129942268133 -9.686299420893192 80
      vertex -82.35458029806614 -9.60392577946186 80
    endloop
  endfacet
  facet normal -0.8314696308861957 -0.5555702052072028 0
    outer loop
      vertex -82.14892578125 -9.809580296278 -79.25
      vertex -82.14892578125 -9.809580296278 80
      vertex -82.23129942268133 -9.686299420893192 80
    endloop
  endfacet
  facet normal 1 0 0
    outer loop
      vertex -81.00500000268221 -9.679999999701977 -79.25
      vertex -81.00500000268221 -9.679999999701977 80
      vertex -81.00500000268221 -11.179999999701977 80
    endloop
  endfacet
  facet normal 0 -1 0
    outer loop
      vertex -78.5 -9.679999999701977 -79.25
      vertex -78.5 -9.679999999701977 80
      vertex -81.00500000268221 -9.679999999701977 80
    endloop
  endfacet
  facet normal -0.19509031751565922 -0.9807852812984295 0
    outer loop
      vertex -82.35458029806614 -9.60392577946186 -79.25
      vertex -82.35458029806614 -9.60392577946186 80
      vertex -82.5 -9.575000002980232 80
    endloop
  endfacet
  facet normal -1 0 0
    outer loop
      vertex -82.5 -9.575000002980232 -80
      vertex -82.5 -9.575000002980232 80
      vertex -82.5 -5.357500001788139 80
    endloop
  endfacet
  facet normal 1 0 0
    outer loop
      vertex -78.5 -7.679999999701977 -79.25
      vertex -78.5 -7.679999999701977 80
      vertex -78.5 -9.679999999701977 80
    endloop
  endfacet
  facet normal 0 1 0
    outer loop
      vertex -81.00500000268221 -7.679999999701977 -79.25
      vertex -81.00500000268221 -7.679999999701977 80
      vertex -78.5 -7.679999999701977 80
    endloop
  endfacet
  facet normal 1 0 0
    outer loop
      vertex -81.00500000268221 -6.179999999701977 -79.25
      vertex -81.00500000268221 -6.179999999701977 80
      vertex -81.00500000268221 -7.679999999701977 80
    endloop
  endfacet
  facet normal -0.1950903175156592 0.9807852812984293 0
    outer loop
      vertex -82.5 -5.357500001788139 -80
      vertex -82.5 -5.357500001788139 80
      vertex -82.35458029806614 -5.328574225306511 80
    endloop
  endfacet
  facet normal -0.5555702399475028 0.83146960767347 0
    outer loop
      vertex -82.35458029806614 -5.328574225306511 -79.25
      vertex -82.35458029806614 -5.328574225306511 80
      vertex -82.23129942268133 -5.246200576424599 80
    endloop
  endfacet
  facet normal -0.8314696308861957 0.5555702052072028 0
    outer loop
      vertex -82.23129942268133 -5.246200576424599 -79.25
      vertex -82.23129942268133 -5.246200576424599 80
      vertex -82.14892578125 -5.122919701039791 80
    endloop
  endfacet
  facet normal -0.9807852716834022 0.19509036585365946 0
    outer loop
      vertex -82.14892578125 -5.122919701039791 -79.25
      vertex -82.14892578125 -5.122919701039791 80
      vertex -82.11999999731779 -4.97749999910593 80
    endloop
  endfacet
  facet normal -0.9807852716834022 -0.19509036585365946 0
    outer loop
      vertex -82.11999999731779 -4.97749999910593 -79.25
      vertex -82.11999999731779 -4.97749999910593 80
      vertex -82.14892578125 -4.8320802971720695 80
    endloop
  endfacet
  facet normal 0 -1 0
    outer loop
      vertex -78.5 -6.179999999701977 -79.25
      vertex -78.5 -6.179999999701977 80
      vertex -81.00500000268221 -6.179999999701977 80
    endloop
  endfacet
  facet normal 1 0 0
    outer loop
      vertex -78.5 -4.179999999701977 -79.25
      vertex -78.5 -4.179999999701977 80
      vertex -78.5 -6.179999999701977 80
    endloop
  endfacet
  facet normal -0.5555702052072028 -0.8314696308861957 0
    outer loop
      vertex -82.23129942268133 -4.708799421787262 -79.25
      vertex -82.23129942268133 -4.708799421787262 80
      vertex -82.35458029806614 -4.62642578035593 80
    endloop
  endfacet
  facet normal -0.8314696308861957 -0.5555702052072028 0
    outer loop
      vertex -82.14892578125 -4.8320802971720695 -79.25
      vertex -82.14892578125 -4.8320802971720695 80
      vertex -82.23129942268133 -4.708799421787262 80
    endloop
  endfacet
  facet normal -0.19509036585365946 -0.9807852716834022 0
    outer loop
      vertex -82.35458029806614 -4.62642578035593 -79.25
      vertex -82.35458029806614 -4.62642578035593 80
      vertex -82.5 -4.597499996423721 80
    endloop
  endfacet
  facet normal 0 1 0
    outer loop
      vertex -81.00500000268221 -4.179999999701977 -79.25
      vertex -81.00500000268221 -4.179999999701977 80
      vertex -78.5 -4.179999999701977 80
    endloop
  endfacet
  facet normal -1 0 0
    outer loop
      vertex -82.5 -4.597499996423721 -80
      vertex -82.5 -4.597499996423721 80
      vertex -82.5 -0.380000002682209 80
    endloop
  endfacet
  facet normal 1 0 0
    outer loop
      vertex -81.00500000268221 -2.6799999997019768 -79.25
      vertex -81.00500000268221 -2.6799999997019768 80
      vertex -81.00500000268221 -4.179999999701977 80
    endloop
  endfacet
  facet normal 0 -1 0
    outer loop
      vertex -78.5 -2.6799999997019768 -79.25
      vertex -78.5 -2.6799999997019768 80
      vertex -81.00500000268221 -2.6799999997019768 80
    endloop
  endfacet
  facet normal -0.1950903658536595 0.9807852716834023 0
    outer loop
      vertex -82.5 -0.380000002682209 -80
      vertex -82.5 -0.380000002682209 80
      vertex -82.35458029806614 -0.35107421875 80
    endloop
  endfacet
  facet normal -0.5555702052072028 0.8314696308861957 0
    outer loop
      vertex -82.35458029806614 -0.35107421875 -79.25
      vertex -82.35458029806614 -0.35107421875 80
      vertex -82.23129942268133 -0.26870057731866837 80
    endloop
  endfacet
  facet normal -0.8314696308861957 0.5555702052072028 0
    outer loop
      vertex -82.23129942268133 -0.26870057731866837 -79.25
      vertex -82.23129942268133 -0.26870057731866837 80
      vertex -82.14892578125 -0.14541970193386078 80
    endloop
  endfacet
  facet normal -0.9807852716834022 0.19509036585365946 0
    outer loop
      vertex -82.14892578125 -0.14541970193386078 -79.25
      vertex -82.14892578125 -0.14541970193386078 80
      vertex -82.11999999731779 0 80
    endloop
  endfacet
  facet normal 0 1 0
    outer loop
      vertex -81.00500000268221 -0.6799999997019768 -79.25
      vertex -81.00500000268221 -0.6799999997019768 80
      vertex -78.5 -0.6799999997019768 80
    endloop
  endfacet
  facet normal 1 0 0
    outer loop
      vertex -78.5 -0.6799999997019768 -79.25
      vertex -78.5 -0.6799999997019768 80
      vertex -78.5 -2.6799999997019768 80
    endloop
  endfacet
  facet normal 0 0 1
    outer loop
      vertex -82.23129942268133 -14.663799419999123 80
      vertex -81.00500000268221 -13.179999999701977 80
      vertex -82.23129942268133 -10.223700575530529 80
    endloop
  endfacet
  facet normal 0 0 1
    outer loop
      vertex -82.5 -14.552500002086163 80
      vertex -82.35458029806614 -10.306074224412441 80
      vertex -82.5 -10.33500000089407 80
    endloop
  endfacet
  facet normal 0 0 1
    outer loop
      vertex -82.23129942268133 -14.663799419999123 80
      vertex -82.23129942268133 -10.223700575530529 80
      vertex -82.35458029806614 -10.306074224412441 80
    endloop
  endfacet
  facet normal 0 0 1
    outer loop
      vertex -81.00500000268221 -13.179999999701977 80
      vertex -81.00500000268221 -11.179999999701977 80
      vertex -82.23129942268133 -10.223700575530529 80
    endloop
  endfacet
  facet normal 0 0 1
    outer loop
      vertex -81.00500000268221 -13.179999999701977 80
      vertex -78.5 -11.179999999701977 80
      vertex -81.00500000268221 -11.179999999701977 80
    endloop
  endfacet
  facet normal 0 0 1
    outer loop
      vertex -81.00500000268221 -13.179999999701977 80
      vertex -78.5 -13.179999999701977 80
      vertex -78.5 -11.179999999701977 80
    endloop
  endfacet
  facet normal 0 0 1
    outer loop
      vertex -81.00500000268221 -11.179999999701977 80
      vertex -82.14892578125 -10.100419707596302 80
      vertex -82.23129942268133 -10.223700575530529 80
    endloop
  endfacet
  facet normal 0 0 1
    outer loop
      vertex -81.00500000268221 -11.179999999701977 80
      vertex -81.00500000268221 -9.679999999701977 80
      vertex -82.14892578125 -10.100419707596302 80
    endloop
  endfacet
  facet normal 0 0 1
    outer loop
      vertex -82.14892578125 -10.100419707596302 80
      vertex -81.00500000268221 -9.679999999701977 80
      vertex -82.11999999731779 -9.95499999821186 80
    endloop
  endfacet
  facet normal 0 0 1
    outer loop
      vertex -82.11999999731779 -9.95499999821186 80
      vertex -81.00500000268221 -9.679999999701977 80
      vertex -82.14892578125 -9.809580296278 80
    endloop
  endfacet
  facet normal 0 0 1
    outer loop
      vertex -82.23129942268133 -9.686299420893192 80
      vertex -82.14892578125 -9.809580296278 80
      vertex -81.00500000268221 -7.679999999701977 80
    endloop
  endfacet
  facet normal 0 0 1
    outer loop
      vertex -82.14892578125 -9.809580296278 80
      vertex -81.00500000268221 -9.679999999701977 80
      vertex -81.00500000268221 -7.679999999701977 80
    endloop
  endfacet
  facet normal 0 0 1
    outer loop
      vertex -82.23129942268133 -9.686299420893192 80
      vertex -82.23129942268133 -5.246200576424599 80
      vertex -82.35458029806614 -9.60392577946186 80
    endloop
  endfacet
  facet normal 0 0 1
    outer loop
      vertex -82.5 -9.575000002980232 80
      vertex -82.35458029806614 -9.60392577946186 80
      vertex -82.23129942268133 -5.246200576424599 80
    endloop
  endfacet
  facet normal 0 0 1
    outer loop
      vertex -81.00500000268221 -9.679999999701977 80
      vertex -78.5 -7.679999999701977 80
      vertex -81.00500000268221 -7.679999999701977 80
    endloop
  endfacet
  facet normal 0 0 1
    outer loop
      vertex -81.00500000268221 -9.679999999701977 80
      vertex -78.5 -9.679999999701977 80
      vertex -78.5 -7.679999999701977 80
    endloop
  endfacet
  facet normal 0 0 1
    outer loop
      vertex -82.23129942268133 -9.686299420893192 80
      vertex -81.00500000268221 -7.679999999701977 80
      vertex -82.23129942268133 -5.246200576424599 80
    endloop
  endfacet
  facet normal 0 0 1
    outer loop
      vertex -82.5 -9.575000002980232 80
      vertex -82.35458029806614 -5.328574225306511 80
      vertex -82.5 -5.357500001788139 80
    endloop
  endfacet
  facet normal 0 0 1
    outer loop
      vertex -82.5 -9.575000002980232 80
      vertex -82.23129942268133 -5.246200576424599 80
      vertex -82.35458029806614 -5.328574225306511 80
    endloop
  endfacet
  facet normal 0 0 1
    outer loop
      vertex -81.00500000268221 -7.679999999701977 80
      vertex -81.00500000268221 -6.179999999701977 80
      vertex -82.23129942268133 -5.246200576424599 80
    endloop
  endfacet
  facet normal 0 0 1
    outer loop
      vertex -81.00500000268221 -6.179999999701977 80
      vertex -82.14892578125 -5.122919701039791 80
      vertex -82.23129942268133 -5.246200576424599 80
    endloop
  endfacet
  facet normal 0 0 1
    outer loop
      vertex -81.00500000268221 -6.179999999701977 80
      vertex -81.00500000268221 -4.179999999701977 80
      vertex -82.14892578125 -5.122919701039791 80
    endloop
  endfacet
  facet normal 0 0 1
    outer loop
      vertex -81.00500000268221 -6.179999999701977 80
      vertex -78.5 -4.179999999701977 80
      vertex -81.00500000268221 -4.179999999701977 80
    endloop
  endfacet
  facet normal 0 0 1
    outer loop
      vertex -81.00500000268221 -6.179999999701977 80
      vertex -78.5 -6.179999999701977 80
      vertex -78.5 -4.179999999701977 80
    endloop
  endfacet
  facet normal 0 0 1
    outer loop
      vertex -82.14892578125 -5.122919701039791 80
      vertex -81.00500000268221 -4.179999999701977 80
      vertex -82.11999999731779 -4.97749999910593 80
    endloop
  endfacet
  facet normal 0 0 1
    outer loop
      vertex -82.11999999731779 -4.97749999910593 80
      vertex -81.00500000268221 -4.179999999701977 80
      vertex -82.14892578125 -4.8320802971720695 80
    endloop
  endfacet
  facet normal 0 0 1
    outer loop
      vertex -82.14892578125 -4.8320802971720695 80
      vertex -81.00500000268221 -4.179999999701977 80
      vertex -82.23129942268133 -4.708799421787262 80
    endloop
  endfacet
  facet normal 0 0 1
    outer loop
      vertex -82.23129942268133 -4.708799421787262 80
      vertex -81.00500000268221 -4.179999999701977 80
      vertex -81.00500000268221 -2.6799999997019768 80
    endloop
  endfacet
  facet normal 0 0 1
    outer loop
      vertex -82.5 -4.597499996423721 80
      vertex -82.35458029806614 -4.62642578035593 80
      vertex -82.23129942268133 -0.26870057731866837 80
    endloop
  endfacet
  facet normal 0 0 1
    outer loop
      vertex -82.23129942268133 -4.708799421787262 80
      vertex -82.23129942268133 -0.26870057731866837 80
      vertex -82.35458029806614 -4.62642578035593 80
    endloop
  endfacet
  facet normal 0 0 1
    outer loop
      vertex -82.23129942268133 -4.708799421787262 80
      vertex -81.00500000268221 -2.6799999997019768 80
      vertex -82.23129942268133 -0.26870057731866837 80
    endloop
  endfacet
  facet normal 0 0 1
    outer loop
      vertex -82.5 -4.597499996423721 80
      vertex -82.35458029806614 -0.35107421875 80
      vertex -82.5 -0.380000002682209 80
    endloop
  endfacet
  facet normal 0 0 1
    outer loop
      vertex -82.5 -4.597499996423721 80
      vertex -82.23129942268133 -0.26870057731866837 80
      vertex -82.35458029806614 -0.35107421875 80
    endloop
  endfacet
  facet normal 0 0 1
    outer loop
      vertex -81.00500000268221 -2.6799999997019768 80
      vertex -78.5 -2.6799999997019768 80
      vertex -78.5 -0.6799999997019768 80
    endloop
  endfacet
  facet normal 0 0 1
    outer loop
      vertex -81.00500000268221 -2.6799999997019768 80
      vertex -81.00500000268221 -0.6799999997019768 80
      vertex -82.23129942268133 -0.26870057731866837 80
    endloop
  endfacet
  facet normal 0 0 1
    outer loop
      vertex -81.00500000268221 -2.6799999997019768 80
      vertex -78.5 -0.6799999997019768 80
      vertex -81.00500000268221 -0.6799999997019768 80
    endloop
  endfacet
  facet normal 0 0 1
    outer loop
      vertex -82.23129942268133 -0.26870057731866837 80
      vertex -81.00500000268221 -0.6799999997019768 80
      vertex -82.14892578125 -0.14541970193386078 80
    endloop
  endfacet
  facet normal 0 0 1
    outer loop
      vertex -82.14892578125 -0.14541970193386078 80
      vertex -81.00500000268221 -0.6799999997019768 80
      vertex -82.11999999731779 0 80
    endloop
  endfacet
  facet normal 0 0 -1
    outer loop
      vertex -82.5 0.380000002682209 -80
      vertex -82.5 4.597499996423721 -80
      vertex -82.43500000238419 0.36707069625656197 -80
    endloop
  endfacet
  facet normal 0 0 -1
    outer loop
      vertex -82.43500000238419 0.36707069625656197 -80
      vertex -82.5 4.597499996423721 -80
      vertex -82.43500000238419 4.610429302849369 -80
    endloop
  endfacet
  facet normal -0.19509036585366285 0.9807852716834017 0
    outer loop
      vertex -82.5 4.597499996423721 -80
      vertex -82.43500000238419 4.610429302849369 -79.25
      vertex -82.43500000238419 4.610429302849369 -80
    endloop
  endfacet
  facet normal -0.19509031751565314 -0.9807852812984307 0
    outer loop
      vertex -82.5 5.357500001788139 -80
      vertex -82.43500000238419 5.344570698692769 -80
      vertex -82.43500000238419 5.344570698692769 -79.25
    endloop
  endfacet
  facet normal 0 0 -1
    outer loop
      vertex -82.5 5.357500001788139 -80
      vertex -82.5 9.575000002980232 -80
      vertex -82.43500000238419 5.344570698692769 -80
    endloop
  endfacet
  facet normal 0 0 -1
    outer loop
      vertex -82.43500000238419 5.344570698692769 -80
      vertex -82.5 9.575000002980232 -80
      vertex -82.43500000238419 9.587929306075603 -80
    endloop
  endfacet
  facet normal -0.19509031751565314 0.9807852812984307 0
    outer loop
      vertex -82.5 9.575000002980232 -80
      vertex -82.43500000238419 9.587929306075603 -79.25
      vertex -82.43500000238419 9.587929306075603 -80
    endloop
  endfacet
  facet normal -0.19509031751565314 -0.9807852812984307 0
    outer loop
      vertex -82.5 10.33500000089407 -80
      vertex -82.43500000238419 10.322070697798699 -80
      vertex -82.43500000238419 10.322070697798699 -79.25
    endloop
  endfacet
  facet normal 0 0 -1
    outer loop
      vertex -82.5 10.33500000089407 -80
      vertex -82.5 14.552500002086163 -80
      vertex -82.43500000238419 10.322070697798699 -80
    endloop
  endfacet
  facet normal -0.9807852716834022 -0.19509036585365946 0
    outer loop
      vertex -82.11999999731779 0 -79.25
      vertex -82.14892578125 0.14541970193386078 80
      vertex -82.14892578125 0.14541970193386078 -79.25
    endloop
  endfacet
  facet normal -0.19509036585365963 -0.9807852716834023 0
    outer loop
      vertex -82.5 0.380000002682209 -80
      vertex -82.43500000238419 0.36707069625656197 -80
      vertex -82.5 0.380000002682209 80
    endloop
  endfacet
  facet normal -0.8314696308861957 -0.5555702052072028 0
    outer loop
      vertex -82.14892578125 0.14541970193386078 -79.25
      vertex -82.23129942268133 0.26870057731866837 80
      vertex -82.23129942268133 0.26870057731866837 -79.25
    endloop
  endfacet
  facet normal -0.19509036585365963 -0.9807852716834022 0
    outer loop
      vertex -82.43500000238419 0.36707069625656197 -80
      vertex -82.43500000238419 0.36707069625656197 -79.25
      vertex -82.5 0.380000002682209 80
    endloop
  endfacet
  facet normal -0.19509036585365935 -0.9807852716834023 1.328502201156991e-19
    outer loop
      vertex -82.35458029806614 0.35107421875 -79.25
      vertex -82.5 0.380000002682209 80
      vertex -82.43500000238419 0.36707069625656197 -79.25
    endloop
  endfacet
  facet normal -0.5555702052072028 -0.8314696308861957 0
    outer loop
      vertex -82.23129942268133 0.26870057731866837 -79.25
      vertex -82.35458029806614 0.35107421875 80
      vertex -82.35458029806614 0.35107421875 -79.25
    endloop
  endfacet
  facet normal 0 -1 0
    outer loop
      vertex -81.00500000268221 0.8200000002980232 -79.25
      vertex -78.5 0.8200000002980232 -79.25
      vertex -81.00500000268221 0.8200000002980232 80
    endloop
  endfacet
  facet normal 1 0 0
    outer loop
      vertex -78.5 0.8200000002980232 -79.25
      vertex -78.5 2.8200000002980232 -79.25
      vertex -78.5 0.8200000002980232 80
    endloop
  endfacet
  facet normal -1 0 0
    outer loop
      vertex -82.5 0.380000002682209 -80
      vertex -82.5 4.597499996423721 80
      vertex -82.5 4.597499996423721 -80
    endloop
  endfacet
  facet normal 0 1 0
    outer loop
      vertex -81.00500000268221 2.8200000002980232 -79.25
      vertex -78.5 2.8200000002980232 80
      vertex -78.5 2.8200000002980232 -79.25
    endloop
  endfacet
  facet normal 1 0 0
    outer loop
      vertex -81.00500000268221 2.8200000002980232 -79.25
      vertex -81.00500000268221 4.320000000298023 -79.25
      vertex -81.00500000268221 2.8200000002980232 80
    endloop
  endfacet
  facet normal -0.19509036585366288 0.9807852716834016 3.223917904924141e-18
    outer loop
      vertex -82.5 4.597499996423721 -80
      vertex -82.35458029806614 4.62642578035593 80
      vertex -82.43500000238419 4.610429302849369 -79.25
    endloop
  endfacet
  facet normal -0.19509036585365674 0.9807852716834028 0
    outer loop
      vertex -82.35458029806614 4.62642578035593 -79.25
      vertex -82.43500000238419 4.610429302849369 -79.25
      vertex -82.35458029806614 4.62642578035593 80
    endloop
  endfacet
  facet normal -0.5555702052072028 0.8314696308861957 0
    outer loop
      vertex -82.35458029806614 4.62642578035593 -79.25
      vertex -82.23129942268133 4.708799421787262 80
      vertex -82.23129942268133 4.708799421787262 -79.25
    endloop
  endfacet
  facet normal -0.8314696308861957 0.5555702052072028 0
    outer loop
      vertex -82.23129942268133 4.708799421787262 -79.25
      vertex -82.14892578125 4.8320802971720695 80
      vertex -82.14892578125 4.8320802971720695 -79.25
    endloop
  endfacet
  facet normal 0 -1 0
    outer loop
      vertex -81.00500000268221 4.320000000298023 -79.25
      vertex -78.5 4.320000000298023 -79.25
      vertex -81.00500000268221 4.320000000298023 80
    endloop
  endfacet
  facet normal -0.9807852716834022 0.19509036585365946 0
    outer loop
      vertex -82.14892578125 4.8320802971720695 -79.25
      vertex -82.11999999731779 4.97749999910593 80
      vertex -82.11999999731779 4.97749999910593 -79.25
    endloop
  endfacet
  facet normal -0.8314696308861957 -0.5555702052072028 0
    outer loop
      vertex -82.14892578125 5.122919701039791 -79.25
      vertex -82.23129942268133 5.246200576424599 80
      vertex -82.23129942268133 5.246200576424599 -79.25
    endloop
  endfacet
  facet normal -0.9807852716834022 -0.19509036585365946 0
    outer loop
      vertex -82.11999999731779 4.97749999910593 -79.25
      vertex -82.14892578125 5.122919701039791 80
      vertex -82.14892578125 5.122919701039791 -79.25
    endloop
  endfacet
  facet normal -0.5555702399475028 -0.83146960767347 0
    outer loop
      vertex -82.35458029806614 5.328574225306511 -79.25
      vertex -82.23129942268133 5.246200576424599 -79.25
      vertex -82.35458029806614 5.328574225306511 80
    endloop
  endfacet
  facet normal -0.19509031751565312 -0.9807852812984307 0
    outer loop
      vertex -82.5 5.357500001788139 -80
      vertex -82.43500000238419 5.344570698692769 -79.25
      vertex -82.5 5.357500001788139 80
    endloop
  endfacet
  facet normal -0.1950903175156641 -0.9807852812984283 -4.682970304987403e-18
    outer loop
      vertex -82.35458029806614 5.328574225306511 -79.25
      vertex -82.5 5.357500001788139 80
      vertex -82.43500000238419 5.344570698692769 -79.25
    endloop
  endfacet
  facet normal 1 0 0
    outer loop
      vertex -78.5 4.320000000298023 -79.25
      vertex -78.5 6.320000000298023 -79.25
      vertex -78.5 4.320000000298023 80
    endloop
  endfacet
  facet normal 0 1 0
    outer loop
      vertex -81.00500000268221 6.320000000298023 -79.25
      vertex -78.5 6.320000000298023 80
      vertex -78.5 6.320000000298023 -79.25
    endloop
  endfacet
  facet normal 1 0 0
    outer loop
      vertex -81.00500000268221 6.320000000298023 -79.25
      vertex -81.00500000268221 7.820000000298023 -79.25
      vertex -81.00500000268221 6.320000000298023 80
    endloop
  endfacet
  facet normal 0 -1 0
    outer loop
      vertex -81.00500000268221 7.820000000298023 -79.25
      vertex -78.5 7.820000000298023 -79.25
      vertex -81.00500000268221 7.820000000298023 80
    endloop
  endfacet
  facet normal -1 0 0
    outer loop
      vertex -82.5 5.357500001788139 -80
      vertex -82.5 9.575000002980232 80
      vertex -82.5 9.575000002980232 -80
    endloop
  endfacet
  facet normal -0.1950903175156531 0.9807852812984307 -5.807185513876845e-18
    outer loop
      vertex -82.5 9.575000002980232 -80
      vertex -82.35458029806614 9.60392577946186 80
      vertex -82.43500000238419 9.587929306075603 -79.25
    endloop
  endfacet
  facet normal -0.1950903175156641 0.9807852812984283 0
    outer loop
      vertex -82.35458029806614 9.60392577946186 -79.25
      vertex -82.43500000238419 9.587929306075603 -79.25
      vertex -82.35458029806614 9.60392577946186 80
    endloop
  endfacet
  facet normal 1 0 0
    outer loop
      vertex -78.5 7.820000000298023 -79.25
      vertex -78.5 9.820000000298023 -79.25
      vertex -78.5 7.820000000298023 80
    endloop
  endfacet
  facet normal -0.5555702052072028 0.8314696308861957 0
    outer loop
      vertex -82.35458029806614 9.60392577946186 -79.25
      vertex -82.23129942268133 9.686299420893192 80
      vertex -82.23129942268133 9.686299420893192 -79.25
    endloop
  endfacet
  facet normal -0.8314696308861957 0.5555702052072028 0
    outer loop
      vertex -82.23129942268133 9.686299420893192 -79.25
      vertex -82.14892578125 9.809580296278 80
      vertex -82.14892578125 9.809580296278 -79.25
    endloop
  endfacet
  facet normal -0.9807852716834022 0.19509036585365946 0
    outer loop
      vertex -82.14892578125 9.809580296278 -79.25
      vertex -82.11999999731779 9.95499999821186 80
      vertex -82.11999999731779 9.95499999821186 -79.25
    endloop
  endfacet
  facet normal -0.9807852735959507 -0.19509035623863177 0
    outer loop
      vertex -82.11999999731779 9.95499999821186 -79.25
      vertex -82.14892578125 10.100419707596302 80
      vertex -82.14892578125 10.100419707596302 -79.25
    endloop
  endfacet
  facet normal -0.8314696153759485 -0.5555702284199292 0
    outer loop
      vertex -82.23129942268133 10.223700575530529 -79.25
      vertex -82.14892578125 10.100419707596302 -79.25
      vertex -82.23129942268133 10.223700575530529 80
    endloop
  endfacet
  facet normal -0.19509031751565312 -0.9807852812984307 0
    outer loop
      vertex -82.5 10.33500000089407 -80
      vertex -82.43500000238419 10.322070697798699 -79.25
      vertex -82.5 10.33500000089407 80
    endloop
  endfacet
  facet normal -0.1950903175156641 -0.9807852812984283 -4.682970304987403e-18
    outer loop
      vertex -82.35458029806614 10.306074224412441 -79.25
      vertex -82.5 10.33500000089407 80
      vertex -82.43500000238419 10.322070697798699 -79.25
    endloop
  endfacet
  facet normal -0.5555702399475028 -0.83146960767347 0
    outer loop
      vertex -82.23129942268133 10.223700575530529 -79.25
      vertex -82.35458029806614 10.306074224412441 80
      vertex -82.35458029806614 10.306074224412441 -79.25
    endloop
  endfacet
  facet normal 1 0 0
    outer loop
      vertex -81.00500000268221 9.820000000298023 -79.25
      vertex -81.00500000268221 11.320000000298023 -79.25
      vertex -81.00500000268221 9.820000000298023 80
    endloop
  endfacet
  facet normal 0 1 0
    outer loop
      vertex -81.00500000268221 9.820000000298023 -79.25
      vertex -78.5 9.820000000298023 80
      vertex -78.5 9.820000000298023 -79.25
    endloop
  endfacet
  facet normal 0 -1 0
    outer loop
      vertex -81.00500000268221 11.320000000298023 -79.25
      vertex -78.5 11.320000000298023 -79.25
      vertex -81.00500000268221 11.320000000298023 80
    endloop
  endfacet
  facet normal 1 0 0
    outer loop
      vertex -78.5 11.320000000298023 -79.25
      vertex -78.5 13.320000000298023 -79.25
      vertex -78.5 11.320000000298023 80
    endloop
  endfacet
  facet normal 0 0 -1
    outer loop
      vertex -82.43500000238419 10.322070697798699 -80
      vertex -82.5 14.552500002086163 -80
      vertex -82.43500000238419 14.565429305181533 -80
    endloop
  endfacet
  facet normal -0.19509031751565314 0.9807852812984307 0
    outer loop
      vertex -82.5 14.552500002086163 -80
      vertex -82.43500000238419 14.565429305181533 -79.25
      vertex -82.43500000238419 14.565429305181533 -80
    endloop
  endfacet
  facet normal -0.19509031751565314 -0.9807852812984307 0
    outer loop
      vertex -82.5 15.3125 -80
      vertex -82.43500000238419 15.29957069690463 -80
      vertex -82.43500000238419 15.29957069690463 -79.25
    endloop
  endfacet
  facet normal 0 0 -1
    outer loop
      vertex -82.5 15.3125 -80
      vertex -82.5 19.530000001192093 -80
      vertex -82.43500000238419 15.29957069690463 -80
    endloop
  endfacet
  facet normal 0 0 -1
    outer loop
      vertex -82.43500000238419 15.29957069690463 -80
      vertex -82.5 19.530000001192093 -80
      vertex -82.43500000238419 19.542929304287465 -80
    endloop
  endfacet
  facet normal -0.1950903175156789 0.9807852812984255 0
    outer loop
      vertex -82.5 19.530000001192093 -80
      vertex -82.43500000238419 19.542929304287465 -79.25
      vertex -82.43500000238419 19.542929304287465 -80
    endloop
  endfacet
  facet normal -0.1950903175156789 -0.9807852812984255 0
    outer loop
      vertex -82.5 20.28999999910593 -80
      vertex -82.43500000238419 20.277070696010558 -80
      vertex -82.43500000238419 20.277070696010558 -79.25
    endloop
  endfacet
  facet normal 0 0 -1
    outer loop
      vertex -82.5 20.28999999910593 -80
      vertex -82.5 21.75 -80
      vertex -82.43500000238419 20.277070696010558 -80
    endloop
  endfacet
  facet normal 0 0 -1
    outer loop
      vertex -82.43500000238419 20.277070696010558 -80
      vertex -82.5 21.75 -80
      vertex -82.43500000238419 21.79500000178814 -80
    endloop
  endfacet
  facet normal 0 0 -1
    outer loop
      vertex -82.5 21.75 -80
      vertex -82.48073890805244 22.142068564891815 -80
      vertex -82.43500000238419 21.79500000178814 -80
    endloop
  endfacet
  facet normal 0 0 -1
    outer loop
      vertex -82.43500000238419 21.79500000178814 -80
      vertex -82.48073890805244 22.142068564891815 -80
      vertex -82.41602782905102 22.18118753284216 -80
    endloop
  endfacet
  facet normal 0 0 -1
    outer loop
      vertex -82.48073890805244 22.142068564891815 -80
      vertex -82.42314112186432 22.53036128729582 -80
      vertex -82.41602782905102 22.18118753284216 -80
    endloop
  endfacet
  facet normal 0 0 -1
    outer loop
      vertex -82.41602782905102 22.18118753284216 -80
      vertex -82.42314112186432 22.53036128729582 -80
      vertex -82.35929401218891 22.563655868172646 -80
    endloop
  endfacet
  facet normal 0 0 -1
    outer loop
      vertex -82.42314112186432 22.53036128729582 -80
      vertex -82.32776134461164 22.911138705909252 -80
      vertex -82.35929401218891 22.563655868172646 -80
    endloop
  endfacet
  facet normal 0 0 -1
    outer loop
      vertex -82.35929401218891 22.563655868172646 -80
      vertex -82.32776134461164 22.911138705909252 -80
      vertex -82.26534492522478 22.938721626996994 -80
    endloop
  endfacet
  facet normal 0 0 -1
    outer loop
      vertex -82.32776134461164 22.911138705909252 -80
      vertex -82.1955181285739 23.280733726918697 -80
      vertex -82.26534492522478 22.938721626996994 -80
    endloop
  endfacet
  facet normal 0 0 -1
    outer loop
      vertex -82.26534492522478 22.938721626996994 -80
      vertex -82.1955181285739 23.280733726918697 -80
      vertex -82.13508535921574 23.302772723138332 -80
    endloop
  endfacet
  facet normal 0 0 -1
    outer loop
      vertex -82.1955181285739 23.280733726918697 -80
      vertex -82.02768506109715 23.635586947202682 -80
      vertex -82.13508535921574 23.302772723138332 -80
    endloop
  endfacet
  facet normal 0 0 -1
    outer loop
      vertex -82.13508535921574 23.302772723138332 -80
      vertex -82.02768506109715 23.635586947202682 -80
      vertex -81.96976978331804 23.652303144335747 -80
    endloop
  endfacet
  facet normal 0 0 -1
    outer loop
      vertex -82.02768506109715 23.635586947202682 -80
      vertex -81.82587844878435 23.97228093445301 -80
      vertex -81.96976978331804 23.652303144335747 -80
    endloop
  endfacet
  facet normal 0 0 -1
    outer loop
      vertex -81.96976978331804 23.652303144335747 -80
      vertex -81.82587844878435 23.97228093445301 -80
      vertex -81.77099027484655 23.983946718275547 -80
    endloop
  endfacet
  facet normal 0 0 -1
    outer loop
      vertex -81.82587844878435 23.97228093445301 -80
      vertex -81.59204181283712 24.287573136389256 -80
      vertex -81.77099027484655 23.983946718275547 -80
    endloop
  endfacet
  facet normal 0 0 -1
    outer loop
      vertex -77.625 23.265544459223747 -80
      vertex -77.19756313292355 22.972436867076457 -80
      vertex -77.26256313174963 22.98743686825037 -80
    endloop
  endfacet
  facet normal 0 0 -1
    outer loop
      vertex -77.625 23.265544459223747 -80
      vertex -78.02426598733138 23.430925841388078 -80
      vertex -77.56 23.250544456622766 -80
    endloop
  endfacet
  facet normal 0 0 -1
    outer loop
      vertex -77.625 23.265544459223747 -80
      vertex -77.56 23.250544456622766 -80
      vertex -77.19756313292355 22.972436867076457 -80
    endloop
  endfacet
  facet normal 0 0 -1
    outer loop
      vertex -77.56 23.250544456622766 -80
      vertex -78.02426598733138 23.430925841388078 -80
      vertex -77.9820666710706 23.42537019600587 -80
    endloop
  endfacet
  facet normal -0.38268342291907403 -0.9238795364239545 0
    outer loop
      vertex -77.625 23.265544459223747 -80
      vertex -78.02426598733138 23.430925841388078 -79.25
      vertex -78.02426598733138 23.430925841388078 -80
    endloop
  endfacet
  facet normal 0 0 -1
    outer loop
      vertex -81.77099027484655 23.983946718275547 -80
      vertex -81.59204181283712 24.287573136389256 -80
      vertex -81.54066119343042 24.294509544968605 -80
    endloop
  endfacet
  facet normal 0 0 -1
    outer loop
      vertex -81.59204181283712 24.287573136389256 -80
      vertex -81.3284271210432 24.578427121043205 -80
      vertex -81.54066119343042 24.294509544968605 -80
    endloop
  endfacet
  facet normal 0 0 -1
    outer loop
      vertex -81.54066119343042 24.294509544968605 -80
      vertex -81.3284271210432 24.578427121043205 -80
      vertex -81.28100072592497 24.581000722944736 -80
    endloop
  endfacet
  facet normal 0 0 -1
    outer loop
      vertex -81.3284271210432 24.578427121043205 -80
      vertex -81.03757313638926 24.842041812837124 -80
      vertex -81.28100072592497 24.581000722944736 -80
    endloop
  endfacet
  facet normal 0 0 -1
    outer loop
      vertex -81.28100072592497 24.581000722944736 -80
      vertex -81.03757313638926 24.842041812837124 -80
      vertex -80.99450954794884 24.84066119045019 -80
    endloop
  endfacet
  facet normal 0 0 -1
    outer loop
      vertex -81.03757313638926 24.842041812837124 -80
      vertex -80.72228093445301 25.07587844878435 -80
      vertex -80.99450954794884 24.84066119045019 -80
    endloop
  endfacet
  facet normal 0 0 -1
    outer loop
      vertex -80.99450954794884 24.84066119045019 -80
      vertex -80.72228093445301 25.07587844878435 -80
      vertex -80.68394672125578 25.07099027186632 -80
    endloop
  endfacet
  facet normal 0 0 -1
    outer loop
      vertex -80.72228093445301 25.07587844878435 -80
      vertex -80.38558694720268 25.277685061097145 -80
      vertex -80.68394672125578 25.07099027186632 -80
    endloop
  endfacet
  facet normal 0 0 -1
    outer loop
      vertex -80.68394672125578 25.07099027186632 -80
      vertex -80.38558694720268 25.277685061097145 -80
      vertex -80.35230314731598 25.26976978033781 -80
    endloop
  endfacet
  facet normal 0 0 -1
    outer loop
      vertex -80.38558694720268 25.277685061097145 -80
      vertex -80.0307337269187 25.445518128573895 -80
      vertex -80.35230314731598 25.26976978033781 -80
    endloop
  endfacet
  facet normal 0 0 -1
    outer loop
      vertex -80.35230314731598 25.26976978033781 -80
      vertex -80.0307337269187 25.445518128573895 -80
      vertex -80.00277272611856 25.435085356235504 -80
    endloop
  endfacet
  facet normal 0 0 -1
    outer loop
      vertex -80.0307337269187 25.445518128573895 -80
      vertex -79.66113870590925 25.577761344611645 -80
      vertex -80.00277272611856 25.435085356235504 -80
    endloop
  endfacet
  facet normal 0 0 -1
    outer loop
      vertex -80.00277272611856 25.435085356235504 -80
      vertex -79.66113870590925 25.577761344611645 -80
      vertex -79.63872162997723 25.56534492224455 -80
    endloop
  endfacet
  facet normal 0 0 -1
    outer loop
      vertex -79.66113870590925 25.577761344611645 -80
      vertex -79.28036128729582 25.67314112186432 -80
      vertex -79.63872162997723 25.56534492224455 -80
    endloop
  endfacet
  facet normal 0 0 -1
    outer loop
      vertex -79.63872162997723 25.56534492224455 -80
      vertex -79.28036128729582 25.67314112186432 -80
      vertex -79.26365587115288 25.65929400920868 -80
    endloop
  endfacet
  facet normal 0 0 -1
    outer loop
      vertex -79.28036128729582 25.67314112186432 -80
      vertex -78.89206856489182 25.730738908052444 -80
      vertex -79.26365587115288 25.65929400920868 -80
    endloop
  endfacet
  facet normal 0 0 -1
    outer loop
      vertex -79.26365587115288 25.65929400920868 -80
      vertex -78.89206856489182 25.730738908052444 -80
      vertex -78.88118753582239 25.716027826070786 -80
    endloop
  endfacet
  facet normal 0 0 -1
    outer loop
      vertex -78.89206856489182 25.730738908052444 -80
      vertex -78.5 25.75 -80
      vertex -78.88118753582239 25.716027826070786 -80
    endloop
  endfacet
  facet normal 0 0 -1
    outer loop
      vertex -78.88118753582239 25.716027826070786 -80
      vertex -78.5 25.75 -80
      vertex -78.49500000476837 25.734999999403954 -80
    endloop
  endfacet
  facet normal 0 0 -1
    outer loop
      vertex -77.03266928784828 22.75754302434902 -80
      vertex -77.26256313174963 22.98743686825037 -80
      vertex -77.19756313292355 22.972436867076457 -80
    endloop
  endfacet
  facet normal -0.7071067811865476 -0.7071067811865476 0
    outer loop
      vertex -77.03266928784828 22.75754302434902 -80
      vertex -77.03266928784828 22.75754302434902 -79.25
      vertex -77.26256313174963 22.98743686825037 -80
    endloop
  endfacet
  facet normal -1 0 0
    outer loop
      vertex -82.5 10.33500000089407 -80
      vertex -82.5 14.552500002086163 80
      vertex -82.5 14.552500002086163 -80
    endloop
  endfacet
  facet normal 1 0 0
    outer loop
      vertex -81.00500000268221 13.320000000298023 -79.25
      vertex -81.00500000268221 14.820000000298023 -79.25
      vertex -81.00500000268221 13.320000000298023 80
    endloop
  endfacet
  facet normal 0 1 0
    outer loop
      vertex -81.00500000268221 13.320000000298023 -79.25
      vertex -78.5 13.320000000298023 80
      vertex -78.5 13.320000000298023 -79.25
    endloop
  endfacet
  facet normal -0.1950903175156531 0.9807852812984307 -5.807185513876845e-18
    outer loop
      vertex -82.5 14.552500002086163 -80
      vertex -82.35458029806614 14.581425778567791 80
      vertex -82.43500000238419 14.565429305181533 -79.25
    endloop
  endfacet
  facet normal -0.1950903175156641 0.9807852812984283 0
    outer loop
      vertex -82.35458029806614 14.581425778567791 -79.25
      vertex -82.43500000238419 14.565429305181533 -79.25
      vertex -82.35458029806614 14.581425778567791 80
    endloop
  endfacet
  facet normal -0.5555702052072028 0.8314696308861957 0
    outer loop
      vertex -82.35458029806614 14.581425778567791 -79.25
      vertex -82.23129942268133 14.663799419999123 80
      vertex -82.23129942268133 14.663799419999123 -79.25
    endloop
  endfacet
  facet normal -0.8314696308861957 0.5555702052072028 0
    outer loop
      vertex -82.23129942268133 14.663799419999123 -79.25
      vertex -82.14892578125 14.78708029538393 80
      vertex -82.14892578125 14.78708029538393 -79.25
    endloop
  endfacet
  facet normal -0.9807852716834022 0.19509036585365946 0
    outer loop
      vertex -82.14892578125 14.78708029538393 -79.25
      vertex -82.11999999731779 14.932499997317791 80
      vertex -82.11999999731779 14.932499997317791 -79.25
    endloop
  endfacet
  facet normal -0.9807852735959507 -0.19509035623863177 0
    outer loop
      vertex -82.11999999731779 14.932499997317791 -79.25
      vertex -82.14892578125 15.077919706702232 80
      vertex -82.14892578125 15.077919706702232 -79.25
    endloop
  endfacet
  facet normal -0.8314696153759485 -0.5555702284199292 0
    outer loop
      vertex -82.14892578125 15.077919706702232 -79.25
      vertex -82.23129942268133 15.20120057463646 80
      vertex -82.23129942268133 15.20120057463646 -79.25
    endloop
  endfacet
  facet normal -0.5555702399475028 -0.83146960767347 0
    outer loop
      vertex -82.35458029806614 15.283574223518372 -79.25
      vertex -82.23129942268133 15.20120057463646 -79.25
      vertex -82.35458029806614 15.283574223518372 80
    endloop
  endfacet
  facet normal 0 -1 0
    outer loop
      vertex -81.00500000268221 14.820000000298023 -79.25
      vertex -78.5 14.820000000298023 -79.25
      vertex -81.00500000268221 14.820000000298023 80
    endloop
  endfacet
  facet normal -0.19509031751565312 -0.9807852812984307 0
    outer loop
      vertex -82.5 15.3125 -80
      vertex -82.43500000238419 15.29957069690463 -79.25
      vertex -82.5 15.3125 80
    endloop
  endfacet
  facet normal -0.1950903175156641 -0.9807852812984283 -4.682970304987403e-18
    outer loop
      vertex -82.35458029806614 15.283574223518372 -79.25
      vertex -82.5 15.3125 80
      vertex -82.43500000238419 15.29957069690463 -79.25
    endloop
  endfacet
  facet normal 1 0 0
    outer loop
      vertex -78.5 14.820000000298023 -79.25
      vertex -78.5 16.820000000298023 -79.25
      vertex -78.5 14.820000000298023 80
    endloop
  endfacet
  facet normal 1 0 0
    outer loop
      vertex -81.00500000268221 16.820000000298023 -79.25
      vertex -81.00500000268221 18.320000000298023 -79.25
      vertex -81.00500000268221 16.820000000298023 80
    endloop
  endfacet
  facet normal 0 1 0
    outer loop
      vertex -81.00500000268221 16.820000000298023 -79.25
      vertex -78.5 16.820000000298023 80
      vertex -78.5 16.820000000298023 -79.25
    endloop
  endfacet
  facet normal -1 0 0
    outer loop
      vertex -82.5 15.3125 -80
      vertex -82.5 19.530000001192093 80
      vertex -82.5 19.530000001192093 -80
    endloop
  endfacet
  facet normal 0 -1 0
    outer loop
      vertex -81.00500000268221 18.320000000298023 -79.25
      vertex -78.5 18.320000000298023 -79.25
      vertex -81.00500000268221 18.320000000298023 80
    endloop
  endfacet
  facet normal 1 0 0
    outer loop
      vertex -78.5 18.320000000298023 -79.25
      vertex -78.5 18.350000001490116 -79.25
      vertex -78.5 18.320000000298023 80
    endloop
  endfacet
  facet normal 0 -1 0
    outer loop
      vertex -78.5 18.350000001490116 -79.25
      vertex -77.57487373799086 18.350000001490116 -79.25
      vertex -78.5 18.350000001490116 80
    endloop
  endfacet
  facet normal 0.7071067811865475 0.7071067811865475 0
    outer loop
      vertex -77.57487373799086 18.350000001490116 -79.25
      vertex -79.73743686825037 20.51256313174963 -79.25
      vertex -77.57487373799086 18.350000001490116 80
    endloop
  endfacet
  facet normal -0.1950903175156791 0.9807852812984253 1.8806187963088613e-17
    outer loop
      vertex -82.5 19.530000001192093 -80
      vertex -82.35458029806614 19.55892577767372 80
      vertex -82.43500000238419 19.542929304287465 -79.25
    endloop
  endfacet
  facet normal -0.19509031751564326 0.9807852812984325 0
    outer loop
      vertex -82.35458029806614 19.55892577767372 -79.25
      vertex -82.43500000238419 19.542929304287465 -79.25
      vertex -82.35458029806614 19.55892577767372 80
    endloop
  endfacet
  facet normal -0.5555702399475028 0.83146960767347 0
    outer loop
      vertex -82.35458029806614 19.55892577767372 -79.25
      vertex -82.23129942268133 19.641299426555634 80
      vertex -82.23129942268133 19.641299426555634 -79.25
    endloop
  endfacet
  facet normal -0.8314696153759485 0.5555702284199292 0
    outer loop
      vertex -82.23129942268133 19.641299426555634 -79.25
      vertex -82.14892578125 19.76458029448986 80
      vertex -82.14892578125 19.76458029448986 -79.25
    endloop
  endfacet
  facet normal -0.9807852716834022 0.19509036585365946 0
    outer loop
      vertex -82.14892578125 19.76458029448986 -79.25
      vertex -82.11999999731779 19.90999999642372 80
      vertex -82.11999999731779 19.90999999642372 -79.25
    endloop
  endfacet
  facet normal -0.9807852735959507 -0.19509035623863177 0
    outer loop
      vertex -82.11999999731779 19.90999999642372 -79.25
      vertex -82.14892578125 20.055419705808163 80
      vertex -82.14892578125 20.055419705808163 -79.25
    endloop
  endfacet
  facet normal -0.8314696153759485 -0.5555702284199292 0
    outer loop
      vertex -82.14892578125 20.055419705808163 -79.25
      vertex -82.23129942268133 20.17870057374239 80
      vertex -82.23129942268133 20.17870057374239 -79.25
    endloop
  endfacet
  facet normal -0.19509031751567893 -0.9807852812984256 0
    outer loop
      vertex -82.5 20.28999999910593 -80
      vertex -82.43500000238419 20.277070696010558 -79.25
      vertex -82.5 20.28999999910593 80
    endloop
  endfacet
  facet normal -0.19509031751564326 -0.9807852812984325 1.5111712686306932e-17
    outer loop
      vertex -82.35458029806614 20.261074222624302 -79.25
      vertex -82.5 20.28999999910593 80
      vertex -82.43500000238419 20.277070696010558 -79.25
    endloop
  endfacet
  facet normal -0.5555702399475028 -0.83146960767347 0
    outer loop
      vertex -82.23129942268133 20.17870057374239 -79.25
      vertex -82.35458029806614 20.261074222624302 80
      vertex -82.35458029806614 20.261074222624302 -79.25
    endloop
  endfacet
  facet normal 0.7933533397348493 0.6087614297338169 0
    outer loop
      vertex -80.01554445922375 20.875 -79.25
      vertex -79.73743686825037 20.51256313174963 80
      vertex -79.73743686825037 20.51256313174963 -79.25
    endloop
  endfacet
  facet normal -1 0 0
    outer loop
      vertex -82.5 20.28999999910593 -80
      vertex -82.5 21.75 80
      vertex -82.5 21.75 -80
    endloop
  endfacet
  facet normal 0.9238795364239519 0.3826834229190802 0
    outer loop
      vertex -80.01554445922375 20.875 -79.25
      vertex -80.19037019461393 21.297066673636436 -79.25
      vertex -80.01554445922375 20.875 80
    endloop
  endfacet
  facet normal 0.991444860883828 0.13052619594183673 0
    outer loop
      vertex -80.19037019461393 21.297066673636436 -79.25
      vertex -80.25 21.75 -79.25
      vertex -80.19037019461393 21.297066673636436 80
    endloop
  endfacet
  facet normal -0.9987954563973426 0.0490676704157047 0
    outer loop
      vertex -82.5 21.75 -80
      vertex -82.48073890805244 22.142068564891815 80
      vertex -82.48073890805244 22.142068564891815 -80
    endloop
  endfacet
  facet normal -0.9891765093153608 0.14673047883339677 0
    outer loop
      vertex -82.48073890805244 22.142068564891815 -80
      vertex -82.42314112186432 22.53036128729582 80
      vertex -82.42314112186432 22.53036128729582 -80
    endloop
  endfacet
  facet normal 0.991444860883828 -0.13052619594183673 0
    outer loop
      vertex -80.25 21.75 -79.25
      vertex -80.19037019461393 22.202933326363564 -79.25
      vertex -80.25 21.75 80
    endloop
  endfacet
  facet normal 0.9238795364239519 -0.3826834229190802 0
    outer loop
      vertex -80.19037019461393 22.202933326363564 -79.25
      vertex -80.01554445922375 22.625 -79.25
      vertex -80.19037019461393 22.202933326363564 80
    endloop
  endfacet
  facet normal -0.7071067811865476 -0.7071067811865476 0
    outer loop
      vertex -75.10000000149012 20.824873737990856 -79.25
      vertex -77.26256313174963 22.98743686825037 80
      vertex -77.03266928784828 22.75754302434902 -79.25
    endloop
  endfacet
  facet normal 1 0 0
    outer loop
      vertex -75.10000000149012 20.824873737990856 -79.25
      vertex -75.10000000149012 24.25500000268221 -79.25
      vertex -75.10000000149012 20.824873737990856 80
    endloop
  endfacet
  facet normal -0.970031253702096 0.24298017787700282 0
    outer loop
      vertex -82.42314112186432 22.53036128729582 -80
      vertex -82.32776134461164 22.911138705909252 80
      vertex -82.32776134461164 22.911138705909252 -80
    endloop
  endfacet
  facet normal -0.9415440627982695 0.3368898600571533 0
    outer loop
      vertex -82.32776134461164 22.911138705909252 -80
      vertex -82.1955181285739 23.280733726918697 80
      vertex -82.1955181285739 23.280733726918697 -80
    endloop
  endfacet
  facet normal 0.7933533397348493 -0.6087614297338169 0
    outer loop
      vertex -80.01554445922375 22.625 -79.25
      vertex -79.73743686825037 22.98743686825037 -79.25
      vertex -80.01554445922375 22.625 80
    endloop
  endfacet
  facet normal -0.9039892993552974 0.4275550802541337 0
    outer loop
      vertex -82.1955181285739 23.280733726918697 -80
      vertex -82.02768506109715 23.635586947202682 80
      vertex -82.02768506109715 23.635586947202682 -80
    endloop
  endfacet
  facet normal -0.857728607028397 0.5141027491514958 0
    outer loop
      vertex -82.02768506109715 23.635586947202682 -80
      vertex -81.82587844878435 23.97228093445301 80
      vertex -81.82587844878435 23.97228093445301 -80
    endloop
  endfacet
  facet normal 0.6087614297338169 -0.7933533397348493 0
    outer loop
      vertex -79.73743686825037 22.98743686825037 -79.25
      vertex -79.375 23.265544459223747 -79.25
      vertex -79.73743686825037 22.98743686825037 80
    endloop
  endfacet
  facet normal 0.3826834229190802 -0.9238795364239519 0
    outer loop
      vertex -79.375 23.265544459223747 -79.25
      vertex -78.95293332636356 23.440370194613934 -79.25
      vertex -79.375 23.265544459223747 80
    endloop
  endfacet
  facet normal -0.6087614297338169 -0.7933533397348494 0
    outer loop
      vertex -77.625 23.265544459223747 -80
      vertex -77.26256313174963 22.98743686825037 -80
      vertex -77.625 23.265544459223747 80
    endloop
  endfacet
  facet normal 0.13052619594183673 -0.991444860883828 0
    outer loop
      vertex -78.95293332636356 23.440370194613934 -79.25
      vertex -78.5 23.5 -79.25
      vertex -78.95293332636356 23.440370194613934 80
    endloop
  endfacet
  facet normal -0.13052619594183673 -0.991444860883828 0
    outer loop
      vertex -78.5 23.5 -79.25
      vertex -78.04706667363644 23.440370194613934 -79.25
      vertex -78.5 23.5 80
    endloop
  endfacet
  facet normal -0.3826834229191886 -0.9238795364239071 0
    outer loop
      vertex -78.02426598733138 23.430925841388078 -79.25
      vertex -78.04706667363644 23.440370194613934 80
      vertex -78.04706667363644 23.440370194613934 -79.25
    endloop
  endfacet
  facet normal -0.382683422919074 -0.9238795364239546 1.9161709768405476e-17
    outer loop
      vertex -77.625 23.265544459223747 -80
      vertex -78.04706667363644 23.440370194613934 80
      vertex -78.02426598733138 23.430925841388078 -79.25
    endloop
  endfacet
  facet normal -0.8032075288650012 0.5956993080192207 0
    outer loop
      vertex -81.82587844878435 23.97228093445301 -80
      vertex -81.59204181283712 24.287573136389256 80
      vertex -81.59204181283712 24.287573136389256 -80
    endloop
  endfacet
  facet normal -0.7409511174895533 0.6715589635251562 0
    outer loop
      vertex -81.59204181283712 24.287573136389256 -80
      vertex -81.3284271210432 24.578427121043205 80
      vertex -81.3284271210432 24.578427121043205 -80
    endloop
  endfacet
  facet normal -0.6715589635251562 0.7409511174895533 0
    outer loop
      vertex -81.3284271210432 24.578427121043205 -80
      vertex -81.03757313638926 24.842041812837124 80
      vertex -81.03757313638926 24.842041812837124 -80
    endloop
  endfacet
  facet normal -0.5956993080192207 0.8032075288650012 0
    outer loop
      vertex -81.03757313638926 24.842041812837124 -80
      vertex -80.72228093445301 25.07587844878435 80
      vertex -80.72228093445301 25.07587844878435 -80
    endloop
  endfacet
  facet normal -0.5141027491514958 0.857728607028397 0
    outer loop
      vertex -80.72228093445301 25.07587844878435 -80
      vertex -80.38558694720268 25.277685061097145 80
      vertex -80.38558694720268 25.277685061097145 -80
    endloop
  endfacet
  facet normal -0.4275550802541337 0.9039892993552974 0
    outer loop
      vertex -80.38558694720268 25.277685061097145 -80
      vertex -80.0307337269187 25.445518128573895 80
      vertex -80.0307337269187 25.445518128573895 -80
    endloop
  endfacet
  facet normal -0.3368898600571533 0.9415440627982695 0
    outer loop
      vertex -80.0307337269187 25.445518128573895 -80
      vertex -79.66113870590925 25.577761344611645 80
      vertex -79.66113870590925 25.577761344611645 -80
    endloop
  endfacet
  facet normal -0.24298017787700282 0.970031253702096 0
    outer loop
      vertex -79.66113870590925 25.577761344611645 -80
      vertex -79.28036128729582 25.67314112186432 80
      vertex -79.28036128729582 25.67314112186432 -80
    endloop
  endfacet
  facet normal -0.14673047883339677 0.9891765093153608 0
    outer loop
      vertex -79.28036128729582 25.67314112186432 -80
      vertex -78.89206856489182 25.730738908052444 80
      vertex -78.89206856489182 25.730738908052444 -80
    endloop
  endfacet
  facet normal -0.0490676704157047 0.9987954563973426 0
    outer loop
      vertex -78.89206856489182 25.730738908052444 -80
      vertex -78.5 25.75 80
      vertex -78.5 25.75 -80
    endloop
  endfacet
  facet normal -0.7071067811865476 -0.7071067811865476 0
    outer loop
      vertex -77.03266928784828 22.75754302434902 -79.25
      vertex -77.26256313174963 22.98743686825037 80
      vertex -77.26256313174963 22.98743686825037 -80
    endloop
  endfacet
  facet normal 0 0 -1
    outer loop
      vertex -78.5 25.75 -80
      vertex 78.5 25.75 -80
      vertex -78.49500000476837 25.734999999403954 -80
    endloop
  endfacet
  facet normal 0 -1 0
    outer loop
      vertex -75.10000000149012 24.25500000268221 -79.25
      vertex 75.10000000149012 24.25500000268221 -79.25
      vertex -75.10000000149012 24.25500000268221 80
    endloop
  endfacet
  facet normal -0.9807852716834022 -0.19509036585365946 0
    outer loop
      vertex -82.11999999731779 0 -79.25
      vertex -82.11999999731779 0 80
      vertex -82.14892578125 0.14541970193386078 80
    endloop
  endfacet
  facet normal -0.8314696308861957 -0.5555702052072028 0
    outer loop
      vertex -82.14892578125 0.14541970193386078 -79.25
      vertex -82.14892578125 0.14541970193386078 80
      vertex -82.23129942268133 0.26870057731866837 80
    endloop
  endfacet
  facet normal -0.5555702052072028 -0.8314696308861957 0
    outer loop
      vertex -82.23129942268133 0.26870057731866837 -79.25
      vertex -82.23129942268133 0.26870057731866837 80
      vertex -82.35458029806614 0.35107421875 80
    endloop
  endfacet
  facet normal -0.19509036585365946 -0.9807852716834022 0
    outer loop
      vertex -82.35458029806614 0.35107421875 -79.25
      vertex -82.35458029806614 0.35107421875 80
      vertex -82.5 0.380000002682209 80
    endloop
  endfacet
  facet normal 1 0 0
    outer loop
      vertex -81.00500000268221 -0.6799999997019768 80
      vertex -81.00500000268221 0.8200000002980232 -79.25
      vertex -81.00500000268221 0.8200000002980232 80
    endloop
  endfacet
  facet normal 0 -1 0
    outer loop
      vertex -78.5 0.8200000002980232 -79.25
      vertex -78.5 0.8200000002980232 80
      vertex -81.00500000268221 0.8200000002980232 80
    endloop
  endfacet
  facet normal -1 0 0
    outer loop
      vertex -82.5 0.380000002682209 -80
      vertex -82.5 0.380000002682209 80
      vertex -82.5 4.597499996423721 80
    endloop
  endfacet
  facet normal 0 1 0
    outer loop
      vertex -81.00500000268221 2.8200000002980232 -79.25
      vertex -81.00500000268221 2.8200000002980232 80
      vertex -78.5 2.8200000002980232 80
    endloop
  endfacet
  facet normal 1 0 0
    outer loop
      vertex -78.5 2.8200000002980232 -79.25
      vertex -78.5 2.8200000002980232 80
      vertex -78.5 0.8200000002980232 80
    endloop
  endfacet
  facet normal 1 0 0
    outer loop
      vertex -81.00500000268221 4.320000000298023 -79.25
      vertex -81.00500000268221 4.320000000298023 80
      vertex -81.00500000268221 2.8200000002980232 80
    endloop
  endfacet
  facet normal -0.1950903658536595 0.9807852716834023 0
    outer loop
      vertex -82.5 4.597499996423721 -80
      vertex -82.5 4.597499996423721 80
      vertex -82.35458029806614 4.62642578035593 80
    endloop
  endfacet
  facet normal -0.5555702052072028 0.8314696308861957 0
    outer loop
      vertex -82.35458029806614 4.62642578035593 -79.25
      vertex -82.35458029806614 4.62642578035593 80
      vertex -82.23129942268133 4.708799421787262 80
    endloop
  endfacet
  facet normal -0.8314696308861957 0.5555702052072028 0
    outer loop
      vertex -82.23129942268133 4.708799421787262 -79.25
      vertex -82.23129942268133 4.708799421787262 80
      vertex -82.14892578125 4.8320802971720695 80
    endloop
  endfacet
  facet normal 0 -1 0
    outer loop
      vertex -78.5 4.320000000298023 -79.25
      vertex -78.5 4.320000000298023 80
      vertex -81.00500000268221 4.320000000298023 80
    endloop
  endfacet
  facet normal -0.9807852716834022 0.19509036585365946 0
    outer loop
      vertex -82.14892578125 4.8320802971720695 -79.25
      vertex -82.14892578125 4.8320802971720695 80
      vertex -82.11999999731779 4.97749999910593 80
    endloop
  endfacet
  facet normal -0.9807852716834022 -0.19509036585365946 0
    outer loop
      vertex -82.11999999731779 4.97749999910593 -79.25
      vertex -82.11999999731779 4.97749999910593 80
      vertex -82.14892578125 5.122919701039791 80
    endloop
  endfacet
  facet normal -0.8314696308861957 -0.5555702052072028 0
    outer loop
      vertex -82.14892578125 5.122919701039791 -79.25
      vertex -82.14892578125 5.122919701039791 80
      vertex -82.23129942268133 5.246200576424599 80
    endloop
  endfacet
  facet normal -0.5555702399475028 -0.83146960767347 0
    outer loop
      vertex -82.23129942268133 5.246200576424599 -79.25
      vertex -82.23129942268133 5.246200576424599 80
      vertex -82.35458029806614 5.328574225306511 80
    endloop
  endfacet
  facet normal -0.19509031751565922 -0.9807852812984295 0
    outer loop
      vertex -82.35458029806614 5.328574225306511 -79.25
      vertex -82.35458029806614 5.328574225306511 80
      vertex -82.5 5.357500001788139 80
    endloop
  endfacet
  facet normal 0 1 0
    outer loop
      vertex -81.00500000268221 6.320000000298023 -79.25
      vertex -81.00500000268221 6.320000000298023 80
      vertex -78.5 6.320000000298023 80
    endloop
  endfacet
  facet normal 1 0 0
    outer loop
      vertex -78.5 6.320000000298023 -79.25
      vertex -78.5 6.320000000298023 80
      vertex -78.5 4.320000000298023 80
    endloop
  endfacet
  facet normal -1 0 0
    outer loop
      vertex -82.5 5.357500001788139 -80
      vertex -82.5 5.357500001788139 80
      vertex -82.5 9.575000002980232 80
    endloop
  endfacet
  facet normal 1 0 0
    outer loop
      vertex -81.00500000268221 7.820000000298023 -79.25
      vertex -81.00500000268221 7.820000000298023 80
      vertex -81.00500000268221 6.320000000298023 80
    endloop
  endfacet
  facet normal 0 -1 0
    outer loop
      vertex -78.5 7.820000000298023 -79.25
      vertex -78.5 7.820000000298023 80
      vertex -81.00500000268221 7.820000000298023 80
    endloop
  endfacet
  facet normal -0.1950903175156592 0.9807852812984293 0
    outer loop
      vertex -82.5 9.575000002980232 -80
      vertex -82.5 9.575000002980232 80
      vertex -82.35458029806614 9.60392577946186 80
    endloop
  endfacet
  facet normal -0.5555702052072028 0.8314696308861957 0
    outer loop
      vertex -82.35458029806614 9.60392577946186 -79.25
      vertex -82.35458029806614 9.60392577946186 80
      vertex -82.23129942268133 9.686299420893192 80
    endloop
  endfacet
  facet normal 1 0 0
    outer loop
      vertex -78.5 9.820000000298023 -79.25
      vertex -78.5 9.820000000298023 80
      vertex -78.5 7.820000000298023 80
    endloop
  endfacet
  facet normal -0.8314696308861957 0.5555702052072028 0
    outer loop
      vertex -82.23129942268133 9.686299420893192 -79.25
      vertex -82.23129942268133 9.686299420893192 80
      vertex -82.14892578125 9.809580296278 80
    endloop
  endfacet
  facet normal -0.9807852716834022 0.19509036585365946 0
    outer loop
      vertex -82.14892578125 9.809580296278 -79.25
      vertex -82.14892578125 9.809580296278 80
      vertex -82.11999999731779 9.95499999821186 80
    endloop
  endfacet
  facet normal -0.9807852735959507 -0.19509035623863177 0
    outer loop
      vertex -82.11999999731779 9.95499999821186 -79.25
      vertex -82.11999999731779 9.95499999821186 80
      vertex -82.14892578125 10.100419707596302 80
    endloop
  endfacet
  facet normal -0.5555702399475028 -0.83146960767347 0
    outer loop
      vertex -82.23129942268133 10.223700575530529 -79.25
      vertex -82.23129942268133 10.223700575530529 80
      vertex -82.35458029806614 10.306074224412441 80
    endloop
  endfacet
  facet normal -0.8314696153759485 -0.5555702284199292 0
    outer loop
      vertex -82.14892578125 10.100419707596302 -79.25
      vertex -82.14892578125 10.100419707596302 80
      vertex -82.23129942268133 10.223700575530529 80
    endloop
  endfacet
  facet normal -0.19509031751565922 -0.9807852812984295 0
    outer loop
      vertex -82.35458029806614 10.306074224412441 -79.25
      vertex -82.35458029806614 10.306074224412441 80
      vertex -82.5 10.33500000089407 80
    endloop
  endfacet
  facet normal 0 1 0
    outer loop
      vertex -81.00500000268221 9.820000000298023 -79.25
      vertex -81.00500000268221 9.820000000298023 80
      vertex -78.5 9.820000000298023 80
    endloop
  endfacet
  facet normal 1 0 0
    outer loop
      vertex -81.00500000268221 11.320000000298023 -79.25
      vertex -81.00500000268221 11.320000000298023 80
      vertex -81.00500000268221 9.820000000298023 80
    endloop
  endfacet
  facet normal -1 0 0
    outer loop
      vertex -82.5 10.33500000089407 -80
      vertex -82.5 10.33500000089407 80
      vertex -82.5 14.552500002086163 80
    endloop
  endfacet
  facet normal 0 -1 0
    outer loop
      vertex -78.5 11.320000000298023 -79.25
      vertex -78.5 11.320000000298023 80
      vertex -81.00500000268221 11.320000000298023 80
    endloop
  endfacet
  facet normal 1 0 0
    outer loop
      vertex -78.5 13.320000000298023 -79.25
      vertex -78.5 13.320000000298023 80
      vertex -78.5 11.320000000298023 80
    endloop
  endfacet
  facet normal 0 0 1
    outer loop
      vertex -81.00500000268221 -0.6799999997019768 80
      vertex -81.00500000268221 0.8200000002980232 80
      vertex -82.11999999731779 0 80
    endloop
  endfacet
  facet normal 0 0 1
    outer loop
      vertex -82.11999999731779 0 80
      vertex -81.00500000268221 0.8200000002980232 80
      vertex -82.14892578125 0.14541970193386078 80
    endloop
  endfacet
  facet normal 0 0 1
    outer loop
      vertex -82.14892578125 0.14541970193386078 80
      vertex -81.00500000268221 0.8200000002980232 80
      vertex -82.23129942268133 0.26870057731866837 80
    endloop
  endfacet
  facet normal 0 0 1
    outer loop
      vertex -82.23129942268133 0.26870057731866837 80
      vertex -81.00500000268221 0.8200000002980232 80
      vertex -81.00500000268221 2.8200000002980232 80
    endloop
  endfacet
  facet normal 0 0 1
    outer loop
      vertex -81.00500000268221 0.8200000002980232 80
      vertex -78.5 0.8200000002980232 80
      vertex -78.5 2.8200000002980232 80
    endloop
  endfacet
  facet normal 0 0 1
    outer loop
      vertex -82.35458029806614 0.35107421875 80
      vertex -82.5 4.597499996423721 80
      vertex -82.5 0.380000002682209 80
    endloop
  endfacet
  facet normal 0 0 1
    outer loop
      vertex -82.23129942268133 0.26870057731866837 80
      vertex -82.35458029806614 4.62642578035593 80
      vertex -82.35458029806614 0.35107421875 80
    endloop
  endfacet
  facet normal 0 0 1
    outer loop
      vertex -81.00500000268221 0.8200000002980232 80
      vertex -78.5 2.8200000002980232 80
      vertex -81.00500000268221 2.8200000002980232 80
    endloop
  endfacet
  facet normal 0 0 1
    outer loop
      vertex -82.23129942268133 0.26870057731866837 80
      vertex -81.00500000268221 2.8200000002980232 80
      vertex -82.23129942268133 4.708799421787262 80
    endloop
  endfacet
  facet normal 0 0 1
    outer loop
      vertex -82.35458029806614 0.35107421875 80
      vertex -82.35458029806614 4.62642578035593 80
      vertex -82.5 4.597499996423721 80
    endloop
  endfacet
  facet normal 0 0 1
    outer loop
      vertex -82.23129942268133 0.26870057731866837 80
      vertex -82.23129942268133 4.708799421787262 80
      vertex -82.35458029806614 4.62642578035593 80
    endloop
  endfacet
  facet normal 0 0 1
    outer loop
      vertex -81.00500000268221 2.8200000002980232 80
      vertex -81.00500000268221 4.320000000298023 80
      vertex -82.23129942268133 4.708799421787262 80
    endloop
  endfacet
  facet normal 0 0 1
    outer loop
      vertex -82.23129942268133 4.708799421787262 80
      vertex -81.00500000268221 4.320000000298023 80
      vertex -82.14892578125 4.8320802971720695 80
    endloop
  endfacet
  facet normal 0 0 1
    outer loop
      vertex -81.00500000268221 4.320000000298023 80
      vertex -82.11999999731779 4.97749999910593 80
      vertex -82.14892578125 4.8320802971720695 80
    endloop
  endfacet
  facet normal 0 0 1
    outer loop
      vertex -81.00500000268221 4.320000000298023 80
      vertex -81.00500000268221 6.320000000298023 80
      vertex -82.11999999731779 4.97749999910593 80
    endloop
  endfacet
  facet normal 0 0 1
    outer loop
      vertex -82.11999999731779 4.97749999910593 80
      vertex -81.00500000268221 6.320000000298023 80
      vertex -82.14892578125 5.122919701039791 80
    endloop
  endfacet
  facet normal 0 0 1
    outer loop
      vertex -82.14892578125 5.122919701039791 80
      vertex -81.00500000268221 6.320000000298023 80
      vertex -82.23129942268133 5.246200576424599 80
    endloop
  endfacet
  facet normal 0 0 1
    outer loop
      vertex -81.00500000268221 4.320000000298023 80
      vertex -78.5 6.320000000298023 80
      vertex -81.00500000268221 6.320000000298023 80
    endloop
  endfacet
  facet normal 0 0 1
    outer loop
      vertex -81.00500000268221 4.320000000298023 80
      vertex -78.5 4.320000000298023 80
      vertex -78.5 6.320000000298023 80
    endloop
  endfacet
  facet normal 0 0 1
    outer loop
      vertex -82.35458029806614 5.328574225306511 80
      vertex -82.23129942268133 5.246200576424599 80
      vertex -82.35458029806614 9.60392577946186 80
    endloop
  endfacet
  facet normal 0 0 1
    outer loop
      vertex -82.35458029806614 5.328574225306511 80
      vertex -82.5 9.575000002980232 80
      vertex -82.5 5.357500001788139 80
    endloop
  endfacet
  facet normal 0 0 1
    outer loop
      vertex -82.23129942268133 5.246200576424599 80
      vertex -81.00500000268221 6.320000000298023 80
      vertex -81.00500000268221 7.820000000298023 80
    endloop
  endfacet
  facet normal 0 0 1
    outer loop
      vertex -82.23129942268133 5.246200576424599 80
      vertex -81.00500000268221 7.820000000298023 80
      vertex -82.23129942268133 9.686299420893192 80
    endloop
  endfacet
  facet normal 0 0 1
    outer loop
      vertex -82.35458029806614 5.328574225306511 80
      vertex -82.35458029806614 9.60392577946186 80
      vertex -82.5 9.575000002980232 80
    endloop
  endfacet
  facet normal 0 0 1
    outer loop
      vertex -82.23129942268133 5.246200576424599 80
      vertex -82.23129942268133 9.686299420893192 80
      vertex -82.35458029806614 9.60392577946186 80
    endloop
  endfacet
  facet normal 0 0 1
    outer loop
      vertex -81.00500000268221 7.820000000298023 80
      vertex -81.00500000268221 9.820000000298023 80
      vertex -82.23129942268133 9.686299420893192 80
    endloop
  endfacet
  facet normal 0 0 1
    outer loop
      vertex -81.00500000268221 7.820000000298023 80
      vertex -78.5 9.820000000298023 80
      vertex -81.00500000268221 9.820000000298023 80
    endloop
  endfacet
  facet normal 0 0 1
    outer loop
      vertex -81.00500000268221 7.820000000298023 80
      vertex -78.5 7.820000000298023 80
      vertex -78.5 9.820000000298023 80
    endloop
  endfacet
  facet normal 0 0 1
    outer loop
      vertex -82.23129942268133 9.686299420893192 80
      vertex -81.00500000268221 9.820000000298023 80
      vertex -82.14892578125 9.809580296278 80
    endloop
  endfacet
  facet normal 0 0 1
    outer loop
      vertex -82.14892578125 9.809580296278 80
      vertex -81.00500000268221 9.820000000298023 80
      vertex -82.11999999731779 9.95499999821186 80
    endloop
  endfacet
  facet normal 0 0 1
    outer loop
      vertex -82.11999999731779 9.95499999821186 80
      vertex -81.00500000268221 11.320000000298023 80
      vertex -82.14892578125 10.100419707596302 80
    endloop
  endfacet
  facet normal 0 0 1
    outer loop
      vertex -82.11999999731779 9.95499999821186 80
      vertex -81.00500000268221 9.820000000298023 80
      vertex -81.00500000268221 11.320000000298023 80
    endloop
  endfacet
  facet normal 0 0 1
    outer loop
      vertex -82.23129942268133 10.223700575530529 80
      vertex -82.14892578125 10.100419707596302 80
      vertex -81.00500000268221 11.320000000298023 80
    endloop
  endfacet
  facet normal 0 0 1
    outer loop
      vertex -82.23129942268133 10.223700575530529 80
      vertex -81.00500000268221 11.320000000298023 80
      vertex -81.00500000268221 13.320000000298023 80
    endloop
  endfacet
  facet normal 0 0 1
    outer loop
      vertex -82.35458029806614 10.306074224412441 80
      vertex -82.5 14.552500002086163 80
      vertex -82.5 10.33500000089407 80
    endloop
  endfacet
  facet normal 0 0 1
    outer loop
      vertex -82.23129942268133 10.223700575530529 80
      vertex -82.23129942268133 14.663799419999123 80
      vertex -82.35458029806614 10.306074224412441 80
    endloop
  endfacet
  facet normal 0 0 1
    outer loop
      vertex -82.23129942268133 10.223700575530529 80
      vertex -81.00500000268221 13.320000000298023 80
      vertex -82.23129942268133 14.663799419999123 80
    endloop
  endfacet
  facet normal 0 0 1
    outer loop
      vertex -81.00500000268221 11.320000000298023 80
      vertex -78.5 13.320000000298023 80
      vertex -81.00500000268221 13.320000000298023 80
    endloop
  endfacet
  facet normal 0 0 1
    outer loop
      vertex -81.00500000268221 11.320000000298023 80
      vertex -78.5 11.320000000298023 80
      vertex -78.5 13.320000000298023 80
    endloop
  endfacet
  facet normal 0 1 0
    outer loop
      vertex -81.00500000268221 13.320000000298023 -79.25
      vertex -81.00500000268221 13.320000000298023 80
      vertex -78.5 13.320000000298023 80
    endloop
  endfacet
  facet normal 1 0 0
    outer loop
      vertex -81.00500000268221 14.820000000298023 -79.25
      vertex -81.00500000268221 14.820000000298023 80
      vertex -81.00500000268221 13.320000000298023 80
    endloop
  endfacet
  facet normal -0.1950903175156592 0.9807852812984293 0
    outer loop
      vertex -82.5 14.552500002086163 -80
      vertex -82.5 14.552500002086163 80
      vertex -82.35458029806614 14.581425778567791 80
    endloop
  endfacet
  facet normal -0.5555702052072028 0.8314696308861957 0
    outer loop
      vertex -82.35458029806614 14.581425778567791 -79.25
      vertex -82.35458029806614 14.581425778567791 80
      vertex -82.23129942268133 14.663799419999123 80
    endloop
  endfacet
  facet normal -0.8314696308861957 0.5555702052072028 0
    outer loop
      vertex -82.23129942268133 14.663799419999123 -79.25
      vertex -82.23129942268133 14.663799419999123 80
      vertex -82.14892578125 14.78708029538393 80
    endloop
  endfacet
  facet normal -0.9807852716834022 0.19509036585365946 0
    outer loop
      vertex -82.14892578125 14.78708029538393 -79.25
      vertex -82.14892578125 14.78708029538393 80
      vertex -82.11999999731779 14.932499997317791 80
    endloop
  endfacet
  facet normal -0.9807852735959507 -0.19509035623863177 0
    outer loop
      vertex -82.11999999731779 14.932499997317791 -79.25
      vertex -82.11999999731779 14.932499997317791 80
      vertex -82.14892578125 15.077919706702232 80
    endloop
  endfacet
  facet normal -0.5555702399475028 -0.83146960767347 0
    outer loop
      vertex -82.23129942268133 15.20120057463646 -79.25
      vertex -82.23129942268133 15.20120057463646 80
      vertex -82.35458029806614 15.283574223518372 80
    endloop
  endfacet
  facet normal -0.8314696153759485 -0.5555702284199292 0
    outer loop
      vertex -82.14892578125 15.077919706702232 -79.25
      vertex -82.14892578125 15.077919706702232 80
      vertex -82.23129942268133 15.20120057463646 80
    endloop
  endfacet
  facet normal -0.19509031751565922 -0.9807852812984295 0
    outer loop
      vertex -82.35458029806614 15.283574223518372 -79.25
      vertex -82.35458029806614 15.283574223518372 80
      vertex -82.5 15.3125 80
    endloop
  endfacet
  facet normal 0 -1 0
    outer loop
      vertex -78.5 14.820000000298023 -79.25
      vertex -78.5 14.820000000298023 80
      vertex -81.00500000268221 14.820000000298023 80
    endloop
  endfacet
  facet normal -1 0 0
    outer loop
      vertex -82.5 15.3125 -80
      vertex -82.5 15.3125 80
      vertex -82.5 19.530000001192093 80
    endloop
  endfacet
  facet normal 0 1 0
    outer loop
      vertex -81.00500000268221 16.820000000298023 -79.25
      vertex -81.00500000268221 16.820000000298023 80
      vertex -78.5 16.820000000298023 80
    endloop
  endfacet
  facet normal 1 0 0
    outer loop
      vertex -78.5 16.820000000298023 -79.25
      vertex -78.5 16.820000000298023 80
      vertex -78.5 14.820000000298023 80
    endloop
  endfacet
  facet normal 1 0 0
    outer loop
      vertex -81.00500000268221 18.320000000298023 -79.25
      vertex -81.00500000268221 18.320000000298023 80
      vertex -81.00500000268221 16.820000000298023 80
    endloop
  endfacet
  facet normal 0 -1 0
    outer loop
      vertex -78.5 18.320000000298023 -79.25
      vertex -78.5 18.320000000298023 80
      vertex -81.00500000268221 18.320000000298023 80
    endloop
  endfacet
  facet normal 1 0 0
    outer loop
      vertex -78.5 18.350000001490116 -79.25
      vertex -78.5 18.350000001490116 80
      vertex -78.5 18.320000000298023 80
    endloop
  endfacet
  facet normal 0 -1 0
    outer loop
      vertex -77.57487373799086 18.350000001490116 -79.25
      vertex -77.57487373799086 18.350000001490116 80
      vertex -78.5 18.350000001490116 80
    endloop
  endfacet
  facet normal -0.1950903175156592 0.9807852812984293 0
    outer loop
      vertex -82.5 19.530000001192093 -80
      vertex -82.5 19.530000001192093 80
      vertex -82.35458029806614 19.55892577767372 80
    endloop
  endfacet
  facet normal -0.5555702399475028 0.83146960767347 0
    outer loop
      vertex -82.35458029806614 19.55892577767372 -79.25
      vertex -82.35458029806614 19.55892577767372 80
      vertex -82.23129942268133 19.641299426555634 80
    endloop
  endfacet
  facet normal -0.8314696153759485 0.5555702284199292 0
    outer loop
      vertex -82.23129942268133 19.641299426555634 -79.25
      vertex -82.23129942268133 19.641299426555634 80
      vertex -82.14892578125 19.76458029448986 80
    endloop
  endfacet
  facet normal -0.9807852716834022 0.19509036585365946 0
    outer loop
      vertex -82.14892578125 19.76458029448986 -79.25
      vertex -82.14892578125 19.76458029448986 80
      vertex -82.11999999731779 19.90999999642372 80
    endloop
  endfacet
  facet normal -0.9807852735959507 -0.19509035623863177 0
    outer loop
      vertex -82.11999999731779 19.90999999642372 -79.25
      vertex -82.11999999731779 19.90999999642372 80
      vertex -82.14892578125 20.055419705808163 80
    endloop
  endfacet
  facet normal -0.8314696153759485 -0.5555702284199292 0
    outer loop
      vertex -82.14892578125 20.055419705808163 -79.25
      vertex -82.14892578125 20.055419705808163 80
      vertex -82.23129942268133 20.17870057374239 80
    endloop
  endfacet
  facet normal -0.5555702399475028 -0.83146960767347 0
    outer loop
      vertex -82.23129942268133 20.17870057374239 -79.25
      vertex -82.23129942268133 20.17870057374239 80
      vertex -82.35458029806614 20.261074222624302 80
    endloop
  endfacet
  facet normal -0.19509031751565922 -0.9807852812984295 0
    outer loop
      vertex -82.35458029806614 20.261074222624302 -79.25
      vertex -82.35458029806614 20.261074222624302 80
      vertex -82.5 20.28999999910593 80
    endloop
  endfacet
  facet normal -1 0 0
    outer loop
      vertex -82.5 20.28999999910593 -80
      vertex -82.5 20.28999999910593 80
      vertex -82.5 21.75 80
    endloop
  endfacet
  facet normal 0.7933533397348493 0.6087614297338169 0
    outer loop
      vertex -80.01554445922375 20.875 -79.25
      vertex -80.01554445922375 20.875 80
      vertex -79.73743686825037 20.51256313174963 80
    endloop
  endfacet
  facet normal 0.7071067811865475 0.7071067811865475 0
    outer loop
      vertex -79.73743686825037 20.51256313174963 -79.25
      vertex -79.73743686825037 20.51256313174963 80
      vertex -77.57487373799086 18.350000001490116 80
    endloop
  endfacet
  facet normal 0.9238795364239519 0.3826834229190802 0
    outer loop
      vertex -80.19037019461393 21.297066673636436 -79.25
      vertex -80.19037019461393 21.297066673636436 80
      vertex -80.01554445922375 20.875 80
    endloop
  endfacet
  facet normal 0.991444860883828 0.13052619594183673 0
    outer loop
      vertex -80.25 21.75 -79.25
      vertex -80.25 21.75 80
      vertex -80.19037019461393 21.297066673636436 80
    endloop
  endfacet
  facet normal -0.9987954563973426 0.0490676704157047 0
    outer loop
      vertex -82.5 21.75 -80
      vertex -82.5 21.75 80
      vertex -82.48073890805244 22.142068564891815 80
    endloop
  endfacet
  facet normal -0.9891765093153608 0.14673047883339677 0
    outer loop
      vertex -82.48073890805244 22.142068564891815 -80
      vertex -82.48073890805244 22.142068564891815 80
      vertex -82.42314112186432 22.53036128729582 80
    endloop
  endfacet
  facet normal 0.991444860883828 -0.13052619594183673 0
    outer loop
      vertex -80.19037019461393 22.202933326363564 -79.25
      vertex -80.19037019461393 22.202933326363564 80
      vertex -80.25 21.75 80
    endloop
  endfacet
  facet normal 0.9238795364239519 -0.3826834229190802 0
    outer loop
      vertex -80.01554445922375 22.625 -79.25
      vertex -80.01554445922375 22.625 80
      vertex -80.19037019461393 22.202933326363564 80
    endloop
  endfacet
  facet normal -0.7071067811865475 -0.7071067811865475 0
    outer loop
      vertex -75.10000000149012 20.824873737990856 -79.25
      vertex -75.10000000149012 20.824873737990856 80
      vertex -77.26256313174963 22.98743686825037 80
    endloop
  endfacet
  facet normal -0.970031253702096 0.24298017787700282 0
    outer loop
      vertex -82.42314112186432 22.53036128729582 -80
      vertex -82.42314112186432 22.53036128729582 80
      vertex -82.32776134461164 22.911138705909252 80
    endloop
  endfacet
  facet normal -0.9415440627982695 0.3368898600571533 0
    outer loop
      vertex -82.32776134461164 22.911138705909252 -80
      vertex -82.32776134461164 22.911138705909252 80
      vertex -82.1955181285739 23.280733726918697 80
    endloop
  endfacet
  facet normal -0.9039892993552974 0.4275550802541337 0
    outer loop
      vertex -82.1955181285739 23.280733726918697 -80
      vertex -82.1955181285739 23.280733726918697 80
      vertex -82.02768506109715 23.635586947202682 80
    endloop
  endfacet
  facet normal -0.857728607028397 0.5141027491514958 0
    outer loop
      vertex -82.02768506109715 23.635586947202682 -80
      vertex -82.02768506109715 23.635586947202682 80
      vertex -81.82587844878435 23.97228093445301 80
    endloop
  endfacet
  facet normal -0.8032075288650012 0.5956993080192207 0
    outer loop
      vertex -81.82587844878435 23.97228093445301 -80
      vertex -81.82587844878435 23.97228093445301 80
      vertex -81.59204181283712 24.287573136389256 80
    endloop
  endfacet
  facet normal 0.7933533397348493 -0.6087614297338169 0
    outer loop
      vertex -79.73743686825037 22.98743686825037 -79.25
      vertex -79.73743686825037 22.98743686825037 80
      vertex -80.01554445922375 22.625 80
    endloop
  endfacet
  facet normal 0.6087614297338169 -0.7933533397348493 0
    outer loop
      vertex -79.375 23.265544459223747 -79.25
      vertex -79.375 23.265544459223747 80
      vertex -79.73743686825037 22.98743686825037 80
    endloop
  endfacet
  facet normal -0.6087614297338169 -0.7933533397348494 0
    outer loop
      vertex -77.26256313174963 22.98743686825037 -80
      vertex -77.26256313174963 22.98743686825037 80
      vertex -77.625 23.265544459223747 80
    endloop
  endfacet
  facet normal -0.38268342291908025 -0.923879536423952 0
    outer loop
      vertex -77.625 23.265544459223747 -80
      vertex -77.625 23.265544459223747 80
      vertex -78.04706667363644 23.440370194613934 80
    endloop
  endfacet
  facet normal 0.3826834229190802 -0.9238795364239519 0
    outer loop
      vertex -78.95293332636356 23.440370194613934 -79.25
      vertex -78.95293332636356 23.440370194613934 80
      vertex -79.375 23.265544459223747 80
    endloop
  endfacet
  facet normal 0.13052619594183673 -0.991444860883828 0
    outer loop
      vertex -78.5 23.5 -79.25
      vertex -78.5 23.5 80
      vertex -78.95293332636356 23.440370194613934 80
    endloop
  endfacet
  facet normal -0.13052619594183673 -0.991444860883828 0
    outer loop
      vertex -78.04706667363644 23.440370194613934 -79.25
      vertex -78.04706667363644 23.440370194613934 80
      vertex -78.5 23.5 80
    endloop
  endfacet
  facet normal -0.7409511174895533 0.6715589635251562 0
    outer loop
      vertex -81.59204181283712 24.287573136389256 -80
      vertex -81.59204181283712 24.287573136389256 80
      vertex -81.3284271210432 24.578427121043205 80
    endloop
  endfacet
  facet normal -0.6715589635251562 0.7409511174895533 0
    outer loop
      vertex -81.3284271210432 24.578427121043205 -80
      vertex -81.3284271210432 24.578427121043205 80
      vertex -81.03757313638926 24.842041812837124 80
    endloop
  endfacet
  facet normal -0.5956993080192207 0.8032075288650012 0
    outer loop
      vertex -81.03757313638926 24.842041812837124 -80
      vertex -81.03757313638926 24.842041812837124 80
      vertex -80.72228093445301 25.07587844878435 80
    endloop
  endfacet
  facet normal -0.5141027491514958 0.857728607028397 0
    outer loop
      vertex -80.72228093445301 25.07587844878435 -80
      vertex -80.72228093445301 25.07587844878435 80
      vertex -80.38558694720268 25.277685061097145 80
    endloop
  endfacet
  facet normal -0.4275550802541337 0.9039892993552974 0
    outer loop
      vertex -80.38558694720268 25.277685061097145 -80
      vertex -80.38558694720268 25.277685061097145 80
      vertex -80.0307337269187 25.445518128573895 80
    endloop
  endfacet
  facet normal -0.3368898600571533 0.9415440627982695 0
    outer loop
      vertex -80.0307337269187 25.445518128573895 -80
      vertex -80.0307337269187 25.445518128573895 80
      vertex -79.66113870590925 25.577761344611645 80
    endloop
  endfacet
  facet normal -0.24298017787700282 0.970031253702096 0
    outer loop
      vertex -79.66113870590925 25.577761344611645 -80
      vertex -79.66113870590925 25.577761344611645 80
      vertex -79.28036128729582 25.67314112186432 80
    endloop
  endfacet
  facet normal -0.14673047883339677 0.9891765093153608 0
    outer loop
      vertex -79.28036128729582 25.67314112186432 -80
      vertex -79.28036128729582 25.67314112186432 80
      vertex -78.89206856489182 25.730738908052444 80
    endloop
  endfacet
  facet normal -0.0490676704157047 0.9987954563973426 0
    outer loop
      vertex -78.89206856489182 25.730738908052444 -80
      vertex -78.89206856489182 25.730738908052444 80
      vertex -78.5 25.75 80
    endloop
  endfacet
  facet normal 1 0 0
    outer loop
      vertex -75.10000000149012 24.25500000268221 -79.25
      vertex -75.10000000149012 24.25500000268221 80
      vertex -75.10000000149012 20.824873737990856 80
    endloop
  endfacet
  facet normal 0 0 1
    outer loop
      vertex -82.35458029806614 10.306074224412441 80
      vertex -82.35458029806614 14.581425778567791 80
      vertex -82.5 14.552500002086163 80
    endloop
  endfacet
  facet normal 0 0 1
    outer loop
      vertex -82.35458029806614 10.306074224412441 80
      vertex -82.23129942268133 14.663799419999123 80
      vertex -82.35458029806614 14.581425778567791 80
    endloop
  endfacet
  facet normal 0 0 1
    outer loop
      vertex -81.00500000268221 13.320000000298023 80
      vertex -82.14892578125 14.78708029538393 80
      vertex -82.23129942268133 14.663799419999123 80
    endloop
  endfacet
  facet normal 0 0 1
    outer loop
      vertex -81.00500000268221 13.320000000298023 80
      vertex -81.00500000268221 14.820000000298023 80
      vertex -82.14892578125 14.78708029538393 80
    endloop
  endfacet
  facet normal 0 0 1
    outer loop
      vertex -82.14892578125 14.78708029538393 80
      vertex -81.00500000268221 14.820000000298023 80
      vertex -82.11999999731779 14.932499997317791 80
    endloop
  endfacet
  facet normal 0 0 1
    outer loop
      vertex -82.11999999731779 14.932499997317791 80
      vertex -81.00500000268221 16.820000000298023 80
      vertex -82.14892578125 15.077919706702232 80
    endloop
  endfacet
  facet normal 0 0 1
    outer loop
      vertex -82.11999999731779 14.932499997317791 80
      vertex -81.00500000268221 14.820000000298023 80
      vertex -81.00500000268221 16.820000000298023 80
    endloop
  endfacet
  facet normal 0 0 1
    outer loop
      vertex -82.14892578125 15.077919706702232 80
      vertex -81.00500000268221 16.820000000298023 80
      vertex -82.23129942268133 15.20120057463646 80
    endloop
  endfacet
  facet normal 0 0 1
    outer loop
      vertex -81.00500000268221 14.820000000298023 80
      vertex -78.5 14.820000000298023 80
      vertex -78.5 16.820000000298023 80
    endloop
  endfacet
  facet normal 0 0 1
    outer loop
      vertex -82.35458029806614 15.283574223518372 80
      vertex -82.35458029806614 19.55892577767372 80
      vertex -82.5 15.3125 80
    endloop
  endfacet
  facet normal 0 0 1
    outer loop
      vertex -82.35458029806614 15.283574223518372 80
      vertex -82.23129942268133 15.20120057463646 80
      vertex -82.23129942268133 19.641299426555634 80
    endloop
  endfacet
  facet normal 0 0 1
    outer loop
      vertex -82.23129942268133 15.20120057463646 80
      vertex -81.00500000268221 16.820000000298023 80
      vertex -81.00500000268221 18.320000000298023 80
    endloop
  endfacet
  facet normal 0 0 1
    outer loop
      vertex -81.00500000268221 14.820000000298023 80
      vertex -78.5 16.820000000298023 80
      vertex -81.00500000268221 16.820000000298023 80
    endloop
  endfacet
  facet normal 0 0 1
    outer loop
      vertex -82.23129942268133 15.20120057463646 80
      vertex -81.00500000268221 18.320000000298023 80
      vertex -82.23129942268133 19.641299426555634 80
    endloop
  endfacet
  facet normal 0 0 1
    outer loop
      vertex -82.5 15.3125 80
      vertex -82.35458029806614 19.55892577767372 80
      vertex -82.5 19.530000001192093 80
    endloop
  endfacet
  facet normal 0 0 1
    outer loop
      vertex -82.35458029806614 15.283574223518372 80
      vertex -82.23129942268133 19.641299426555634 80
      vertex -82.35458029806614 19.55892577767372 80
    endloop
  endfacet
  facet normal 0 0 1
    outer loop
      vertex -81.00500000268221 18.320000000298023 80
      vertex -82.14892578125 19.76458029448986 80
      vertex -82.23129942268133 19.641299426555634 80
    endloop
  endfacet
  facet normal 0 0 1
    outer loop
      vertex -81.00500000268221 18.320000000298023 80
      vertex -78.5 18.320000000298023 80
      vertex -78.5 18.350000001490116 80
    endloop
  endfacet
  facet normal 0 0 1
    outer loop
      vertex -81.00500000268221 18.320000000298023 80
      vertex -78.5 18.350000001490116 80
      vertex -79.73743686825037 20.51256313174963 80
    endloop
  endfacet
  facet normal 0 0 1
    outer loop
      vertex -78.5 18.350000001490116 80
      vertex -77.57487373799086 18.350000001490116 80
      vertex -79.73743686825037 20.51256313174963 80
    endloop
  endfacet
  facet normal 0 0 1
    outer loop
      vertex -81.00500000268221 18.320000000298023 80
      vertex -80.19037019461393 21.297066673636436 80
      vertex -82.14892578125 19.76458029448986 80
    endloop
  endfacet
  facet normal 0 0 1
    outer loop
      vertex -81.00500000268221 18.320000000298023 80
      vertex -79.73743686825037 20.51256313174963 80
      vertex -80.01554445922375 20.875 80
    endloop
  endfacet
  facet normal 0 0 1
    outer loop
      vertex -82.14892578125 19.76458029448986 80
      vertex -80.19037019461393 21.297066673636436 80
      vertex -82.11999999731779 19.90999999642372 80
    endloop
  endfacet
  facet normal 0 0 1
    outer loop
      vertex -82.11999999731779 19.90999999642372 80
      vertex -80.19037019461393 21.297066673636436 80
      vertex -82.14892578125 20.055419705808163 80
    endloop
  endfacet
  facet normal 0 0 1
    outer loop
      vertex -82.14892578125 20.055419705808163 80
      vertex -80.19037019461393 21.297066673636436 80
      vertex -82.23129942268133 20.17870057374239 80
    endloop
  endfacet
  facet normal 0 0 1
    outer loop
      vertex -82.35458029806614 20.261074222624302 80
      vertex -82.5 21.75 80
      vertex -82.5 20.28999999910593 80
    endloop
  endfacet
  facet normal 0 0 1
    outer loop
      vertex -82.23129942268133 20.17870057374239 80
      vertex -82.5 21.75 80
      vertex -82.35458029806614 20.261074222624302 80
    endloop
  endfacet
  facet normal 0 0 1
    outer loop
      vertex -81.00500000268221 18.320000000298023 80
      vertex -80.01554445922375 20.875 80
      vertex -80.19037019461393 21.297066673636436 80
    endloop
  endfacet
  facet normal 0 0 1
    outer loop
      vertex -82.23129942268133 20.17870057374239 80
      vertex -80.19037019461393 21.297066673636436 80
      vertex -82.5 21.75 80
    endloop
  endfacet
  facet normal 0 0 1
    outer loop
      vertex -80.19037019461393 21.297066673636436 80
      vertex -80.25 21.75 80
      vertex -82.5 21.75 80
    endloop
  endfacet
  facet normal 0 0 1
    outer loop
      vertex -82.5 21.75 80
      vertex -80.25 21.75 80
      vertex -82.48073890805244 22.142068564891815 80
    endloop
  endfacet
  facet normal 0 0 1
    outer loop
      vertex -82.48073890805244 22.142068564891815 80
      vertex -80.19037019461393 22.202933326363564 80
      vertex -82.42314112186432 22.53036128729582 80
    endloop
  endfacet
  facet normal 0 0 1
    outer loop
      vertex -82.48073890805244 22.142068564891815 80
      vertex -80.25 21.75 80
      vertex -80.19037019461393 22.202933326363564 80
    endloop
  endfacet
  facet normal 0 0 1
    outer loop
      vertex -82.42314112186432 22.53036128729582 80
      vertex -80.19037019461393 22.202933326363564 80
      vertex -82.32776134461164 22.911138705909252 80
    endloop
  endfacet
  facet normal 0 0 1
    outer loop
      vertex -80.19037019461393 22.202933326363564 80
      vertex -82.1955181285739 23.280733726918697 80
      vertex -82.32776134461164 22.911138705909252 80
    endloop
  endfacet
  facet normal 0 0 1
    outer loop
      vertex -82.1955181285739 23.280733726918697 80
      vertex -80.01554445922375 22.625 80
      vertex -82.02768506109715 23.635586947202682 80
    endloop
  endfacet
  facet normal 0 0 1
    outer loop
      vertex -80.19037019461393 22.202933326363564 80
      vertex -80.01554445922375 22.625 80
      vertex -82.1955181285739 23.280733726918697 80
    endloop
  endfacet
  facet normal 0 0 1
    outer loop
      vertex -80.01554445922375 22.625 80
      vertex -79.73743686825037 22.98743686825037 80
      vertex -81.59204181283712 24.287573136389256 80
    endloop
  endfacet
  facet normal 0 0 1
    outer loop
      vertex -80.01554445922375 22.625 80
      vertex -81.82587844878435 23.97228093445301 80
      vertex -82.02768506109715 23.635586947202682 80
    endloop
  endfacet
  facet normal 0 0 1
    outer loop
      vertex -80.01554445922375 22.625 80
      vertex -81.59204181283712 24.287573136389256 80
      vertex -81.82587844878435 23.97228093445301 80
    endloop
  endfacet
  facet normal 0 0 1
    outer loop
      vertex -79.73743686825037 22.98743686825037 80
      vertex -79.375 23.265544459223747 80
      vertex -81.03757313638926 24.842041812837124 80
    endloop
  endfacet
  facet normal 0 0 1
    outer loop
      vertex -79.73743686825037 22.98743686825037 80
      vertex -81.3284271210432 24.578427121043205 80
      vertex -81.59204181283712 24.287573136389256 80
    endloop
  endfacet
  facet normal 0 0 1
    outer loop
      vertex -79.73743686825037 22.98743686825037 80
      vertex -81.03757313638926 24.842041812837124 80
      vertex -81.3284271210432 24.578427121043205 80
    endloop
  endfacet
  facet normal 0 0 1
    outer loop
      vertex -79.375 23.265544459223747 80
      vertex -78.95293332636356 23.440370194613934 80
      vertex -80.0307337269187 25.445518128573895 80
    endloop
  endfacet
  facet normal 0 0 1
    outer loop
      vertex -79.375 23.265544459223747 80
      vertex -80.72228093445301 25.07587844878435 80
      vertex -81.03757313638926 24.842041812837124 80
    endloop
  endfacet
  facet normal 0 0 1
    outer loop
      vertex -79.375 23.265544459223747 80
      vertex -80.38558694720268 25.277685061097145 80
      vertex -80.72228093445301 25.07587844878435 80
    endloop
  endfacet
  facet normal 0 0 1
    outer loop
      vertex -79.375 23.265544459223747 80
      vertex -80.0307337269187 25.445518128573895 80
      vertex -80.38558694720268 25.277685061097145 80
    endloop
  endfacet
  facet normal 0 0 1
    outer loop
      vertex -78.95293332636356 23.440370194613934 80
      vertex -78.5 23.5 80
      vertex -78.89206856489182 25.730738908052444 80
    endloop
  endfacet
  facet normal 0 0 1
    outer loop
      vertex -78.95293332636356 23.440370194613934 80
      vertex -79.66113870590925 25.577761344611645 80
      vertex -80.0307337269187 25.445518128573895 80
    endloop
  endfacet
  facet normal 0 0 1
    outer loop
      vertex -78.95293332636356 23.440370194613934 80
      vertex -79.28036128729582 25.67314112186432 80
      vertex -79.66113870590925 25.577761344611645 80
    endloop
  endfacet
  facet normal 0 0 1
    outer loop
      vertex -78.5 23.5 80
      vertex -78.04706667363644 23.440370194613934 80
      vertex -78.5 25.75 80
    endloop
  endfacet
  facet normal 0 0 1
    outer loop
      vertex -78.95293332636356 23.440370194613934 80
      vertex -78.89206856489182 25.730738908052444 80
      vertex -79.28036128729582 25.67314112186432 80
    endloop
  endfacet
  facet normal 0 0 1
    outer loop
      vertex -78.5 23.5 80
      vertex -78.5 25.75 80
      vertex -78.89206856489182 25.730738908052444 80
    endloop
  endfacet
  facet normal 0 0 1
    outer loop
      vertex -75.10000000149012 20.824873737990856 80
      vertex -75.10000000149012 24.25500000268221 80
      vertex -77.26256313174963 22.98743686825037 80
    endloop
  endfacet
  facet normal 0 0 1
    outer loop
      vertex -77.625 23.265544459223747 80
      vertex -75.10000000149012 24.25500000268221 80
      vertex -78.04706667363644 23.440370194613934 80
    endloop
  endfacet
  facet normal 0 0 1
    outer loop
      vertex -77.625 23.265544459223747 80
      vertex -77.26256313174963 22.98743686825037 80
      vertex -75.10000000149012 24.25500000268221 80
    endloop
  endfacet
  facet normal 0 0 1
    outer loop
      vertex -78.04706667363644 23.440370194613934 80
      vertex -75.10000000149012 24.25500000268221 80
      vertex -78.5 25.75 80
    endloop
  endfacet
  facet normal 0 1 0
    outer loop
      vertex -78.5 25.75 -80
      vertex -78.5 25.75 80
      vertex 78.5 25.75 80
    endloop
  endfacet
  facet normal 0 0 1
    outer loop
      vertex -78.5 25.75 80
      vertex -75.10000000149012 24.25500000268221 80
      vertex 78.5 25.75 80
    endloop
  endfacet
  facet normal -1 0 0
    outer loop
      vertex 75.10000000149012 -25.75 -80
      vertex 75.10000000149012 -25.734999999403954 -79.25
      vertex 75.10000000149012 -25.734999999403954 -80
    endloop
  endfacet
  facet normal 0 0 -1
    outer loop
      vertex 75.10000000149012 -25.75 -80
      vertex 75.10000000149012 -25.734999999403954 -80
      vertex 78.49500000476837 -25.734999999403954 -80
    endloop
  endfacet
  facet normal 0 0 -1
    outer loop
      vertex 77.26256313174963 -22.98743686825037 -80
      vertex 77.19756313292355 -22.972436867076457 -80
      vertex 76.91945554337724 -22.61 -80
    endloop
  endfacet
  facet normal 0 0 -1
    outer loop
      vertex 77.26256313174963 -22.98743686825037 -80
      vertex 76.91945554337724 -22.61 -80
      vertex 76.98445554077625 -22.625 -80
    endloop
  endfacet
  facet normal 0 0 -1
    outer loop
      vertex 76.974100202322 -22.600000001490116 -80
      vertex 76.91945554337724 -22.61 -80
      vertex 76.91531340837074 -22.600000001490116 -80
    endloop
  endfacet
  facet normal 0 0 -1
    outer loop
      vertex 76.98445554077625 -22.625 -80
      vertex 76.91945554337724 -22.61 -80
      vertex 76.974100202322 -22.600000001490116 -80
    endloop
  endfacet
  facet normal 0 1 0
    outer loop
      vertex 76.974100202322 -22.600000001490116 -80
      vertex 76.91531340837074 -22.600000001490116 -80
      vertex 76.91531340837074 -22.600000001490116 -79.25
    endloop
  endfacet
  facet normal 0 0 -1
    outer loop
      vertex 75.10000000149012 -25.75 -80
      vertex 78.49500000476837 -25.734999999403954 -80
      vertex 78.5 -25.75 -80
    endloop
  endfacet
  facet normal 0 0 -1
    outer loop
      vertex 78.5 -25.75 -80
      vertex 78.49500000476837 -25.734999999403954 -80
      vertex 78.88118753582239 -25.716027826070786 -80
    endloop
  endfacet
  facet normal 0 0 -1
    outer loop
      vertex 78.5 -25.75 -80
      vertex 78.88118753582239 -25.716027826070786 -80
      vertex 78.89206856489182 -25.730738908052444 -80
    endloop
  endfacet
  facet normal 0 0 -1
    outer loop
      vertex 78.89206856489182 -25.730738908052444 -80
      vertex 78.88118753582239 -25.716027826070786 -80
      vertex 79.26365587115288 -25.65929400920868 -80
    endloop
  endfacet
  facet normal 0 0 -1
    outer loop
      vertex 78.89206856489182 -25.730738908052444 -80
      vertex 79.26365587115288 -25.65929400920868 -80
      vertex 79.28036128729582 -25.67314112186432 -80
    endloop
  endfacet
  facet normal 0 0 -1
    outer loop
      vertex 79.26365587115288 -25.65929400920868 -80
      vertex 79.63872162997723 -25.56534492224455 -80
      vertex 79.28036128729582 -25.67314112186432 -80
    endloop
  endfacet
  facet normal 0 0 -1
    outer loop
      vertex 79.28036128729582 -25.67314112186432 -80
      vertex 79.63872162997723 -25.56534492224455 -80
      vertex 79.66113870590925 -25.577761344611645 -80
    endloop
  endfacet
  facet normal 0 0 -1
    outer loop
      vertex 79.66113870590925 -25.577761344611645 -80
      vertex 79.63872162997723 -25.56534492224455 -80
      vertex 80.00277272611856 -25.435085356235504 -80
    endloop
  endfacet
  facet normal 0 0 -1
    outer loop
      vertex 79.66113870590925 -25.577761344611645 -80
      vertex 80.00277272611856 -25.435085356235504 -80
      vertex 80.0307337269187 -25.445518128573895 -80
    endloop
  endfacet
  facet normal 0 0 -1
    outer loop
      vertex 80.0307337269187 -25.445518128573895 -80
      vertex 80.00277272611856 -25.435085356235504 -80
      vertex 80.35230314731598 -25.26976978033781 -80
    endloop
  endfacet
  facet normal 0 0 -1
    outer loop
      vertex 80.0307337269187 -25.445518128573895 -80
      vertex 80.35230314731598 -25.26976978033781 -80
      vertex 80.38558694720268 -25.277685061097145 -80
    endloop
  endfacet
  facet normal 0 0 -1
    outer loop
      vertex 80.38558694720268 -25.277685061097145 -80
      vertex 80.35230314731598 -25.26976978033781 -80
      vertex 80.68394672125578 -25.07099027186632 -80
    endloop
  endfacet
  facet normal 0 0 -1
    outer loop
      vertex 80.38558694720268 -25.277685061097145 -80
      vertex 80.68394672125578 -25.07099027186632 -80
      vertex 80.72228093445301 -25.07587844878435 -80
    endloop
  endfacet
  facet normal 0 0 -1
    outer loop
      vertex 80.72228093445301 -25.07587844878435 -80
      vertex 80.68394672125578 -25.07099027186632 -80
      vertex 80.99450954794884 -24.84066119045019 -80
    endloop
  endfacet
  facet normal 0 0 -1
    outer loop
      vertex 80.72228093445301 -25.07587844878435 -80
      vertex 80.99450954794884 -24.84066119045019 -80
      vertex 81.03757313638926 -24.842041812837124 -80
    endloop
  endfacet
  facet normal 0 0 -1
    outer loop
      vertex 81.03757313638926 -24.842041812837124 -80
      vertex 80.99450954794884 -24.84066119045019 -80
      vertex 81.28100072592497 -24.581000722944736 -80
    endloop
  endfacet
  facet normal 0 0 -1
    outer loop
      vertex 81.03757313638926 -24.842041812837124 -80
      vertex 81.28100072592497 -24.581000722944736 -80
      vertex 81.3284271210432 -24.578427121043205 -80
    endloop
  endfacet
  facet normal 0 0 -1
    outer loop
      vertex 81.3284271210432 -24.578427121043205 -80
      vertex 81.28100072592497 -24.581000722944736 -80
      vertex 81.54066119343042 -24.294509544968605 -80
    endloop
  endfacet
  facet normal 0 0 -1
    outer loop
      vertex 81.3284271210432 -24.578427121043205 -80
      vertex 81.54066119343042 -24.294509544968605 -80
      vertex 81.59204181283712 -24.287573136389256 -80
    endloop
  endfacet
  facet normal 0 0 -1
    outer loop
      vertex 81.54066119343042 -24.294509544968605 -80
      vertex 81.77099027484655 -23.983946718275547 -80
      vertex 81.59204181283712 -24.287573136389256 -80
    endloop
  endfacet
  facet normal 0 0 -1
    outer loop
      vertex 77.9820666710706 -23.42537019600587 -80
      vertex 77.56 -23.250544456622766 -80
      vertex 78.02426598733138 -23.430925841388078 -80
    endloop
  endfacet
  facet normal 0.38268342291907403 0.9238795364239545 0
    outer loop
      vertex 78.02426598733138 -23.430925841388078 -80
      vertex 77.625 -23.265544459223747 -80
      vertex 78.02426598733138 -23.430925841388078 -79.25
    endloop
  endfacet
  facet normal 0 0 -1
    outer loop
      vertex 77.19756313292355 -22.972436867076457 -80
      vertex 77.625 -23.265544459223747 -80
      vertex 77.56 -23.250544456622766 -80
    endloop
  endfacet
  facet normal 0 0 -1
    outer loop
      vertex 78.02426598733138 -23.430925841388078 -80
      vertex 77.56 -23.250544456622766 -80
      vertex 77.625 -23.265544459223747 -80
    endloop
  endfacet
  facet normal 0 0 -1
    outer loop
      vertex 77.26256313174963 -22.98743686825037 -80
      vertex 77.625 -23.265544459223747 -80
      vertex 77.19756313292355 -22.972436867076457 -80
    endloop
  endfacet
  facet normal 0 0 -1
    outer loop
      vertex 81.59204181283712 -24.287573136389256 -80
      vertex 81.77099027484655 -23.983946718275547 -80
      vertex 81.82587844878435 -23.97228093445301 -80
    endloop
  endfacet
  facet normal 0 0 -1
    outer loop
      vertex 81.82587844878435 -23.97228093445301 -80
      vertex 81.77099027484655 -23.983946718275547 -80
      vertex 81.96976978331804 -23.652303144335747 -80
    endloop
  endfacet
  facet normal 0 0 -1
    outer loop
      vertex 81.82587844878435 -23.97228093445301 -80
      vertex 81.96976978331804 -23.652303144335747 -80
      vertex 82.02768506109715 -23.635586947202682 -80
    endloop
  endfacet
  facet normal 0 0 -1
    outer loop
      vertex 81.96976978331804 -23.652303144335747 -80
      vertex 82.13508535921574 -23.302772723138332 -80
      vertex 82.02768506109715 -23.635586947202682 -80
    endloop
  endfacet
  facet normal 0 0 -1
    outer loop
      vertex 82.02768506109715 -23.635586947202682 -80
      vertex 82.13508535921574 -23.302772723138332 -80
      vertex 82.1955181285739 -23.280733726918697 -80
    endloop
  endfacet
  facet normal 0 0 -1
    outer loop
      vertex 82.13508535921574 -23.302772723138332 -80
      vertex 82.26534492522478 -22.938721626996994 -80
      vertex 82.1955181285739 -23.280733726918697 -80
    endloop
  endfacet
  facet normal 0 0 -1
    outer loop
      vertex 82.1955181285739 -23.280733726918697 -80
      vertex 82.26534492522478 -22.938721626996994 -80
      vertex 82.32776134461164 -22.911138705909252 -80
    endloop
  endfacet
  facet normal 0 0 -1
    outer loop
      vertex 82.26534492522478 -22.938721626996994 -80
      vertex 82.35929401218891 -22.563655868172646 -80
      vertex 82.32776134461164 -22.911138705909252 -80
    endloop
  endfacet
  facet normal 0 0 -1
    outer loop
      vertex 82.32776134461164 -22.911138705909252 -80
      vertex 82.35929401218891 -22.563655868172646 -80
      vertex 82.42314112186432 -22.53036128729582 -80
    endloop
  endfacet
  facet normal 0 0 -1
    outer loop
      vertex 76.974100202322 -20.899999998509884 -80
      vertex 76.90288700149954 -20.899999998509884 -80
      vertex 76.91945554337724 -20.86 -80
    endloop
  endfacet
  facet normal 0 0 -1
    outer loop
      vertex 76.974100202322 -20.899999998509884 -80
      vertex 76.91945554337724 -20.86 -80
      vertex 76.98445554077625 -20.875 -80
    endloop
  endfacet
  facet normal 0 -1 0
    outer loop
      vertex 76.974100202322 -20.899999998509884 -80
      vertex 76.90288700149954 -20.899999998509884 -79.25
      vertex 76.90288700149954 -20.899999998509884 -80
    endloop
  endfacet
  facet normal 0 0 -1
    outer loop
      vertex 76.98445554077625 -20.875 -80
      vertex 76.91945554337724 -20.86 -80
      vertex 77.26256313174963 -20.51256313174963 -80
    endloop
  endfacet
  facet normal 0 0 -1
    outer loop
      vertex 76.91945554337724 -20.86 -80
      vertex 77.19756313292355 -20.497563132923542 -80
      vertex 77.26256313174963 -20.51256313174963 -80
    endloop
  endfacet
  facet normal 0 0 -1
    outer loop
      vertex 77.26256313174963 -20.51256313174963 -80
      vertex 77.19756313292355 -20.497563132923542 -80
      vertex 77.56 -20.219455543377233 -80
    endloop
  endfacet
  facet normal 0 0 -1
    outer loop
      vertex 82.35929401218891 -22.563655868172646 -80
      vertex 82.41602782905102 -22.18118753284216 -80
      vertex 82.42314112186432 -22.53036128729582 -80
    endloop
  endfacet
  facet normal 0 0 -1
    outer loop
      vertex 82.42314112186432 -22.53036128729582 -80
      vertex 82.41602782905102 -22.18118753284216 -80
      vertex 82.48073890805244 -22.142068564891815 -80
    endloop
  endfacet
  facet normal 0 0 -1
    outer loop
      vertex 82.41602782905102 -22.18118753284216 -80
      vertex 82.43500000238419 -21.79500000178814 -80
      vertex 82.48073890805244 -22.142068564891815 -80
    endloop
  endfacet
  facet normal 0 0 -1
    outer loop
      vertex 82.48073890805244 -22.142068564891815 -80
      vertex 82.43500000238419 -21.79500000178814 -80
      vertex 82.5 -21.75 -80
    endloop
  endfacet
  facet normal 0 0 -1
    outer loop
      vertex 82.43500000238419 -21.79500000178814 -80
      vertex 82.43500000238419 -20.277070696010558 -80
      vertex 82.5 -21.75 -80
    endloop
  endfacet
  facet normal 0 0 -1
    outer loop
      vertex 77.26256313174963 -20.51256313174963 -80
      vertex 77.56 -20.219455543377233 -80
      vertex 77.625 -20.234455540776253 -80
    endloop
  endfacet
  facet normal 0 0 -1
    outer loop
      vertex 77.625 -20.234455540776253 -80
      vertex 77.56 -20.219455543377233 -80
      vertex 77.9820666710706 -20.04462980399413 -80
    endloop
  endfacet
  facet normal 0 0 -1
    outer loop
      vertex 77.625 -20.234455540776253 -80
      vertex 77.9820666710706 -20.04462980399413 -80
      vertex 78.04706667363644 -20.059629805386066 -80
    endloop
  endfacet
  facet normal 0 0 -1
    outer loop
      vertex 77.9820666710706 -20.04462980399413 -80
      vertex 78.435 -19.985 -80
      vertex 78.04706667363644 -20.059629805386066 -80
    endloop
  endfacet
  facet normal 0 0 -1
    outer loop
      vertex 78.04706667363644 -20.059629805386066 -80
      vertex 78.435 -19.985 -80
      vertex 78.5 -20 -80
    endloop
  endfacet
  facet normal 0 0 -1
    outer loop
      vertex 78.435 -19.985 -80
      vertex 78.8879333289294 -20.04462980399413 -80
      vertex 78.5 -20 -80
    endloop
  endfacet
  facet normal 0 0 -1
    outer loop
      vertex 78.5 -20 -80
      vertex 78.8879333289294 -20.04462980399413 -80
      vertex 78.91073402594081 -20.05407416192781 -80
    endloop
  endfacet
  facet normal -0.130526195941834 -0.9914448608838284 0
    outer loop
      vertex 78.5 -20 -80
      vertex 78.91073402594081 -20.05407416192781 -80
      vertex 78.91073402594081 -20.05407416192781 -79.25
    endloop
  endfacet
  facet normal 0 0 -1
    outer loop
      vertex 82.5 -21.75 -80
      vertex 82.43500000238419 -20.277070696010558 -80
      vertex 82.5 -20.28999999910593 -80
    endloop
  endfacet
  facet normal 0.1950903175156789 0.9807852812984255 0
    outer loop
      vertex 82.5 -20.28999999910593 -80
      vertex 82.43500000238419 -20.277070696010558 -80
      vertex 82.43500000238419 -20.277070696010558 -79.25
    endloop
  endfacet
  facet normal 0.1950903175156789 -0.9807852812984255 0
    outer loop
      vertex 82.5 -19.530000001192093 -80
      vertex 82.43500000238419 -19.542929304287465 -79.25
      vertex 82.43500000238419 -19.542929304287465 -80
    endloop
  endfacet
  facet normal 0 0 -1
    outer loop
      vertex 82.5 -19.530000001192093 -80
      vertex 82.43500000238419 -19.542929304287465 -80
      vertex 82.43500000238419 -15.29957069690463 -80
    endloop
  endfacet
  facet normal 0 0 -1
    outer loop
      vertex 82.5 -19.530000001192093 -80
      vertex 82.43500000238419 -15.29957069690463 -80
      vertex 82.5 -15.3125 -80
    endloop
  endfacet
  facet normal 0.19509031751565314 0.9807852812984307 0
    outer loop
      vertex 82.5 -15.3125 -80
      vertex 82.43500000238419 -15.29957069690463 -80
      vertex 82.43500000238419 -15.29957069690463 -79.25
    endloop
  endfacet
  facet normal 0.19509031751565314 -0.9807852812984307 0
    outer loop
      vertex 82.5 -14.552500002086163 -80
      vertex 82.43500000238419 -14.565429305181533 -79.25
      vertex 82.43500000238419 -14.565429305181533 -80
    endloop
  endfacet
  facet normal 0 0 -1
    outer loop
      vertex 82.5 -14.552500002086163 -80
      vertex 82.43500000238419 -14.565429305181533 -80
      vertex 82.43500000238419 -10.322070697798699 -80
    endloop
  endfacet
  facet normal 0 -1 0
    outer loop
      vertex 75.10000000149012 -25.75 -80
      vertex 78.5 -25.75 -80
      vertex 75.10000000149012 -25.75 80
    endloop
  endfacet
  facet normal -1 0 0
    outer loop
      vertex 75.10000000149012 -25.75 -80
      vertex 75.10000000149012 -22.600000001490116 80
      vertex 75.10000000149012 -25.734999999403954 -79.25
    endloop
  endfacet
  facet normal -1 0 0
    outer loop
      vertex 75.10000000149012 -25.734999999403954 -79.25
      vertex 75.10000000149012 -22.600000001490116 80
      vertex 75.10000000149012 -22.600000001490116 -79.25
    endloop
  endfacet
  facet normal 0 1 0
    outer loop
      vertex 75.10000000149012 -22.600000001490116 -79.25
      vertex 76.974100202322 -22.600000001490116 80
      vertex 76.91531340837074 -22.600000001490116 -79.25
    endloop
  endfacet
  facet normal 0.7933533397348494 0.6087614297338169 0
    outer loop
      vertex 77.26256313174963 -22.98743686825037 -80
      vertex 76.98445554077625 -22.625 -80
      vertex 77.26256313174963 -22.98743686825037 80
    endloop
  endfacet
  facet normal 0.9238795323525989 0.38268343274819644 0
    outer loop
      vertex 76.98445554077625 -22.625 -80
      vertex 76.974100202322 -22.600000001490116 -80
      vertex 76.98445554077625 -22.625 80
    endloop
  endfacet
  facet normal 0 1 0
    outer loop
      vertex 76.974100202322 -22.600000001490116 -80
      vertex 76.91531340837074 -22.600000001490116 -79.25
      vertex 76.974100202322 -22.600000001490116 80
    endloop
  endfacet
  facet normal 0.0490676704157047 -0.9987954563973426 0
    outer loop
      vertex 78.5 -25.75 -80
      vertex 78.89206856489182 -25.730738908052444 -80
      vertex 78.5 -25.75 80
    endloop
  endfacet
  facet normal 0.14673047883339677 -0.9891765093153608 0
    outer loop
      vertex 78.89206856489182 -25.730738908052444 -80
      vertex 79.28036128729582 -25.67314112186432 -80
      vertex 78.89206856489182 -25.730738908052444 80
    endloop
  endfacet
  facet normal 0.24298017787700282 -0.970031253702096 0
    outer loop
      vertex 79.28036128729582 -25.67314112186432 -80
      vertex 79.66113870590925 -25.577761344611645 -80
      vertex 79.28036128729582 -25.67314112186432 80
    endloop
  endfacet
  facet normal 0.3368898600571533 -0.9415440627982695 0
    outer loop
      vertex 79.66113870590925 -25.577761344611645 -80
      vertex 80.0307337269187 -25.445518128573895 -80
      vertex 79.66113870590925 -25.577761344611645 80
    endloop
  endfacet
  facet normal 0.4275550802541337 -0.9039892993552974 0
    outer loop
      vertex 80.0307337269187 -25.445518128573895 -80
      vertex 80.38558694720268 -25.277685061097145 -80
      vertex 80.0307337269187 -25.445518128573895 80
    endloop
  endfacet
  facet normal 0.5141027491514958 -0.857728607028397 0
    outer loop
      vertex 80.38558694720268 -25.277685061097145 -80
      vertex 80.72228093445301 -25.07587844878435 -80
      vertex 80.38558694720268 -25.277685061097145 80
    endloop
  endfacet
  facet normal 0.5956993080192207 -0.8032075288650012 0
    outer loop
      vertex 80.72228093445301 -25.07587844878435 -80
      vertex 81.03757313638926 -24.842041812837124 -80
      vertex 80.72228093445301 -25.07587844878435 80
    endloop
  endfacet
  facet normal 0.6715589635251562 -0.7409511174895533 0
    outer loop
      vertex 81.03757313638926 -24.842041812837124 -80
      vertex 81.3284271210432 -24.578427121043205 -80
      vertex 81.03757313638926 -24.842041812837124 80
    endloop
  endfacet
  facet normal 0.7409511174895533 -0.6715589635251562 0
    outer loop
      vertex 81.3284271210432 -24.578427121043205 -80
      vertex 81.59204181283712 -24.287573136389256 -80
      vertex 81.3284271210432 -24.578427121043205 80
    endloop
  endfacet
  facet normal 0.8032075288650012 -0.5956993080192207 0
    outer loop
      vertex 81.59204181283712 -24.287573136389256 -80
      vertex 81.82587844878435 -23.97228093445301 -80
      vertex 81.59204181283712 -24.287573136389256 80
    endloop
  endfacet
  facet normal 0.382683422919074 0.9238795364239546 1.9224741708433124e-17
    outer loop
      vertex 78.02426598733138 -23.430925841388078 -79.25
      vertex 77.625 -23.265544459223747 -80
      vertex 78.04706667363644 -23.440370194613934 80
    endloop
  endfacet
  facet normal 0.3826834229191886 0.9238795364239071 0
    outer loop
      vertex 78.04706667363644 -23.440370194613934 -79.25
      vertex 78.02426598733138 -23.430925841388078 -79.25
      vertex 78.04706667363644 -23.440370194613934 80
    endloop
  endfacet
  facet normal 0.13052619594183673 0.991444860883828 0
    outer loop
      vertex 78.04706667363644 -23.440370194613934 -79.25
      vertex 78.5 -23.5 80
      vertex 78.5 -23.5 -79.25
    endloop
  endfacet
  facet normal -0.13052619594183673 0.991444860883828 0
    outer loop
      vertex 78.5 -23.5 -79.25
      vertex 78.95293332636356 -23.440370194613934 80
      vertex 78.95293332636356 -23.440370194613934 -79.25
    endloop
  endfacet
  facet normal 0.6087614297338169 0.7933533397348494 0
    outer loop
      vertex 77.26256313174963 -22.98743686825037 -80
      vertex 77.625 -23.265544459223747 80
      vertex 77.625 -23.265544459223747 -80
    endloop
  endfacet
  facet normal -0.3826834229190802 0.9238795364239519 0
    outer loop
      vertex 78.95293332636356 -23.440370194613934 -79.25
      vertex 79.375 -23.265544459223747 80
      vertex 79.375 -23.265544459223747 -79.25
    endloop
  endfacet
  facet normal -0.6087614297338169 0.7933533397348493 0
    outer loop
      vertex 79.375 -23.265544459223747 -79.25
      vertex 79.73743686825037 -22.98743686825037 80
      vertex 79.73743686825037 -22.98743686825037 -79.25
    endloop
  endfacet
  facet normal 0.857728607028397 -0.5141027491514958 0
    outer loop
      vertex 81.82587844878435 -23.97228093445301 -80
      vertex 82.02768506109715 -23.635586947202682 -80
      vertex 81.82587844878435 -23.97228093445301 80
    endloop
  endfacet
  facet normal 0.9039892993552974 -0.4275550802541337 0
    outer loop
      vertex 82.02768506109715 -23.635586947202682 -80
      vertex 82.1955181285739 -23.280733726918697 -80
      vertex 82.02768506109715 -23.635586947202682 80
    endloop
  endfacet
  facet normal -0.7933533397348493 0.6087614297338169 0
    outer loop
      vertex 79.73743686825037 -22.98743686825037 -79.25
      vertex 80.01554445922375 -22.625 80
      vertex 80.01554445922375 -22.625 -79.25
    endloop
  endfacet
  facet normal 0.9415440627982695 -0.3368898600571533 0
    outer loop
      vertex 82.1955181285739 -23.280733726918697 -80
      vertex 82.32776134461164 -22.911138705909252 -80
      vertex 82.1955181285739 -23.280733726918697 80
    endloop
  endfacet
  facet normal 0.970031253702096 -0.24298017787700282 0
    outer loop
      vertex 82.32776134461164 -22.911138705909252 -80
      vertex 82.42314112186432 -22.53036128729582 -80
      vertex 82.32776134461164 -22.911138705909252 80
    endloop
  endfacet
  facet normal 0 -1 0
    outer loop
      vertex 75.10000000149012 -20.899999998509884 -79.25
      vertex 76.90288700149954 -20.899999998509884 -79.25
      vertex 75.10000000149012 -20.899999998509884 80
    endloop
  endfacet
  facet normal 0 -1 0
    outer loop
      vertex 76.974100202322 -20.899999998509884 -80
      vertex 75.10000000149012 -20.899999998509884 80
      vertex 76.90288700149954 -20.899999998509884 -79.25
    endloop
  endfacet
  facet normal 0.9238795323525989 -0.38268343274819644 0
    outer loop
      vertex 76.974100202322 -20.899999998509884 -80
      vertex 76.98445554077625 -20.875 -80
      vertex 76.974100202322 -20.899999998509884 80
    endloop
  endfacet
  facet normal 0.7933533397348494 -0.6087614297338169 0
    outer loop
      vertex 76.98445554077625 -20.875 -80
      vertex 77.26256313174963 -20.51256313174963 -80
      vertex 76.98445554077625 -20.875 80
    endloop
  endfacet
  facet normal -0.9238795364239519 0.3826834229190802 0
    outer loop
      vertex 80.01554445922375 -22.625 -79.25
      vertex 80.19037019461393 -22.202933326363564 80
      vertex 80.19037019461393 -22.202933326363564 -79.25
    endloop
  endfacet
  facet normal -0.991444860883828 0.13052619594183673 0
    outer loop
      vertex 80.19037019461393 -22.202933326363564 -79.25
      vertex 80.25 -21.75 80
      vertex 80.25 -21.75 -79.25
    endloop
  endfacet
  facet normal 0.9891765093153608 -0.14673047883339677 0
    outer loop
      vertex 82.42314112186432 -22.53036128729582 -80
      vertex 82.48073890805244 -22.142068564891815 -80
      vertex 82.42314112186432 -22.53036128729582 80
    endloop
  endfacet
  facet normal 0.9987954563973426 -0.0490676704157047 0
    outer loop
      vertex 82.48073890805244 -22.142068564891815 -80
      vertex 82.5 -21.75 -80
      vertex 82.48073890805244 -22.142068564891815 80
    endloop
  endfacet
  facet normal -0.991444860883828 -0.13052619594183673 0
    outer loop
      vertex 80.25 -21.75 -79.25
      vertex 80.19037019461393 -21.297066673636436 80
      vertex 80.19037019461393 -21.297066673636436 -79.25
    endloop
  endfacet
  facet normal -0.9238795364239519 -0.3826834229190802 0
    outer loop
      vertex 80.19037019461393 -21.297066673636436 -79.25
      vertex 80.01554445922375 -20.875 80
      vertex 80.01554445922375 -20.875 -79.25
    endloop
  endfacet
  facet normal 1 0 0
    outer loop
      vertex 82.5 -21.75 -80
      vertex 82.5 -20.28999999910593 -80
      vertex 82.5 -21.75 80
    endloop
  endfacet
  facet normal 0.6087614297338169 -0.7933533397348494 0
    outer loop
      vertex 77.26256313174963 -20.51256313174963 -80
      vertex 77.625 -20.234455540776253 -80
      vertex 77.26256313174963 -20.51256313174963 80
    endloop
  endfacet
  facet normal 0.38268342291908025 -0.923879536423952 0
    outer loop
      vertex 77.625 -20.234455540776253 -80
      vertex 78.04706667363644 -20.059629805386066 -80
      vertex 77.625 -20.234455540776253 80
    endloop
  endfacet
  facet normal -0.7933533397348493 -0.6087614297338169 0
    outer loop
      vertex 79.73743686825037 -20.51256313174963 -79.25
      vertex 80.01554445922375 -20.875 -79.25
      vertex 79.73743686825037 -20.51256313174963 80
    endloop
  endfacet
  facet normal -0.3826834229190802 -0.9238795364239519 0
    outer loop
      vertex 79.375 -20.234455540776253 -79.25
      vertex 78.95293332636356 -20.059629805386066 80
      vertex 78.95293332636356 -20.059629805386066 -79.25
    endloop
  endfacet
  facet normal -0.6087614297338169 -0.7933533397348493 0
    outer loop
      vertex 79.73743686825037 -20.51256313174963 -79.25
      vertex 79.375 -20.234455540776253 80
      vertex 79.375 -20.234455540776253 -79.25
    endloop
  endfacet
  facet normal 0.13052619594183673 -0.991444860883828 0
    outer loop
      vertex 78.04706667363644 -20.059629805386066 -80
      vertex 78.5 -20 -80
      vertex 78.04706667363644 -20.059629805386066 80
    endloop
  endfacet
  facet normal -0.130526195941834 -0.9914448608838284 0
    outer loop
      vertex 78.5 -20 -80
      vertex 78.91073402594081 -20.05407416192781 -79.25
      vertex 78.5 -20 80
    endloop
  endfacet
  facet normal -0.13052619594186327 -0.9914448608838246 -7.677775059696933e-17
    outer loop
      vertex 78.95293332636356 -20.059629805386066 -79.25
      vertex 78.5 -20 80
      vertex 78.91073402594081 -20.05407416192781 -79.25
    endloop
  endfacet
  facet normal 0.19509031751567893 0.9807852812984256 0
    outer loop
      vertex 82.5 -20.28999999910593 -80
      vertex 82.43500000238419 -20.277070696010558 -79.25
      vertex 82.5 -20.28999999910593 80
    endloop
  endfacet
  facet normal 0.5555702399475028 0.83146960767347 0
    outer loop
      vertex 82.35458029806614 -20.261074222624302 -79.25
      vertex 82.23129942268133 -20.17870057374239 -79.25
      vertex 82.35458029806614 -20.261074222624302 80
    endloop
  endfacet
  facet normal 0.19509031751564326 0.9807852812984325 1.5111712686306932e-17
    outer loop
      vertex 82.43500000238419 -20.277070696010558 -79.25
      vertex 82.35458029806614 -20.261074222624302 -79.25
      vertex 82.5 -20.28999999910593 80
    endloop
  endfacet
  facet normal 0.8314696153759485 0.5555702284199292 0
    outer loop
      vertex 82.23129942268133 -20.17870057374239 -79.25
      vertex 82.14892578125 -20.055419705808163 -79.25
      vertex 82.23129942268133 -20.17870057374239 80
    endloop
  endfacet
  facet normal 0.9807852735959507 0.19509035623863177 0
    outer loop
      vertex 82.14892578125 -20.055419705808163 -79.25
      vertex 82.11999999731779 -19.90999999642372 -79.25
      vertex 82.14892578125 -20.055419705808163 80
    endloop
  endfacet
  facet normal 0.9807852716834022 -0.19509036585365946 0
    outer loop
      vertex 82.11999999731779 -19.90999999642372 -79.25
      vertex 82.14892578125 -19.76458029448986 -79.25
      vertex 82.11999999731779 -19.90999999642372 80
    endloop
  endfacet
  facet normal 0.8314696153759485 -0.5555702284199292 0
    outer loop
      vertex 82.14892578125 -19.76458029448986 -79.25
      vertex 82.23129942268133 -19.641299426555634 -79.25
      vertex 82.14892578125 -19.76458029448986 80
    endloop
  endfacet
  facet normal 0.1950903175156791 -0.9807852812984253 1.8806187963088613e-17
    outer loop
      vertex 82.5 -19.530000001192093 -80
      vertex 82.35458029806614 -19.55892577767372 80
      vertex 82.43500000238419 -19.542929304287465 -79.25
    endloop
  endfacet
  facet normal 0.5555702399475028 -0.83146960767347 0
    outer loop
      vertex 82.23129942268133 -19.641299426555634 -79.25
      vertex 82.35458029806614 -19.55892577767372 -79.25
      vertex 82.23129942268133 -19.641299426555634 80
    endloop
  endfacet
  facet normal 0.19509031751564326 -0.9807852812984325 0
    outer loop
      vertex 82.35458029806614 -19.55892577767372 -79.25
      vertex 82.43500000238419 -19.542929304287465 -79.25
      vertex 82.35458029806614 -19.55892577767372 80
    endloop
  endfacet
  facet normal -1 0 0
    outer loop
      vertex 75.10000000149012 -20.899999998509884 -79.25
      vertex 75.10000000149012 -18.350000001490116 80
      vertex 75.10000000149012 -18.350000001490116 -79.25
    endloop
  endfacet
  facet normal 0 1 0
    outer loop
      vertex 75.10000000149012 -18.350000001490116 -79.25
      vertex 78.5 -18.350000001490116 80
      vertex 78.5 -18.350000001490116 -79.25
    endloop
  endfacet
  facet normal -1 0 0
    outer loop
      vertex 78.5 -18.350000001490116 -79.25
      vertex 78.5 -18.179999999701977 80
      vertex 78.5 -18.179999999701977 -79.25
    endloop
  endfacet
  facet normal 0 1 0
    outer loop
      vertex 78.5 -18.179999999701977 -79.25
      vertex 81.00500000268221 -18.179999999701977 80
      vertex 81.00500000268221 -18.179999999701977 -79.25
    endloop
  endfacet
  facet normal 1 0 0
    outer loop
      vertex 82.5 -19.530000001192093 -80
      vertex 82.5 -15.3125 -80
      vertex 82.5 -19.530000001192093 80
    endloop
  endfacet
  facet normal 0 -1 0
    outer loop
      vertex 78.5 -16.679999999701977 -79.25
      vertex 81.00500000268221 -16.679999999701977 -79.25
      vertex 78.5 -16.679999999701977 80
    endloop
  endfacet
  facet normal -1 0 0
    outer loop
      vertex 81.00500000268221 -18.179999999701977 -79.25
      vertex 81.00500000268221 -16.679999999701977 80
      vertex 81.00500000268221 -16.679999999701977 -79.25
    endloop
  endfacet
  facet normal -1 0 0
    outer loop
      vertex 78.5 -16.679999999701977 -79.25
      vertex 78.5 -14.679999999701977 80
      vertex 78.5 -14.679999999701977 -79.25
    endloop
  endfacet
  facet normal 0.19509031751565312 0.9807852812984307 0
    outer loop
      vertex 82.5 -15.3125 -80
      vertex 82.43500000238419 -15.29957069690463 -79.25
      vertex 82.5 -15.3125 80
    endloop
  endfacet
  facet normal 0.1950903175156641 0.9807852812984283 -4.682970304987403e-18
    outer loop
      vertex 82.43500000238419 -15.29957069690463 -79.25
      vertex 82.35458029806614 -15.283574223518372 -79.25
      vertex 82.5 -15.3125 80
    endloop
  endfacet
  facet normal 0 1 0
    outer loop
      vertex 78.5 -14.679999999701977 -79.25
      vertex 81.00500000268221 -14.679999999701977 80
      vertex 81.00500000268221 -14.679999999701977 -79.25
    endloop
  endfacet
  facet normal 0.5555702399475028 0.83146960767347 0
    outer loop
      vertex 82.23129942268133 -15.20120057463646 -79.25
      vertex 82.35458029806614 -15.283574223518372 80
      vertex 82.35458029806614 -15.283574223518372 -79.25
    endloop
  endfacet
  facet normal 0.8314696153759485 0.5555702284199292 0
    outer loop
      vertex 82.23129942268133 -15.20120057463646 -79.25
      vertex 82.14892578125 -15.077919706702232 -79.25
      vertex 82.23129942268133 -15.20120057463646 80
    endloop
  endfacet
  facet normal 0.9807852735959507 0.19509035623863177 0
    outer loop
      vertex 82.14892578125 -15.077919706702232 -79.25
      vertex 82.11999999731779 -14.932499997317791 -79.25
      vertex 82.14892578125 -15.077919706702232 80
    endloop
  endfacet
  facet normal 0.9807852716834022 -0.19509036585365946 0
    outer loop
      vertex 82.11999999731779 -14.932499997317791 -79.25
      vertex 82.14892578125 -14.78708029538393 -79.25
      vertex 82.11999999731779 -14.932499997317791 80
    endloop
  endfacet
  facet normal 0.8314696308861957 -0.5555702052072028 0
    outer loop
      vertex 82.14892578125 -14.78708029538393 -79.25
      vertex 82.23129942268133 -14.663799419999123 -79.25
      vertex 82.14892578125 -14.78708029538393 80
    endloop
  endfacet
  facet normal 0.5555702052072028 -0.8314696308861957 0
    outer loop
      vertex 82.23129942268133 -14.663799419999123 -79.25
      vertex 82.35458029806614 -14.581425778567791 -79.25
      vertex 82.23129942268133 -14.663799419999123 80
    endloop
  endfacet
  facet normal 0.1950903175156531 -0.9807852812984307 -5.807185513876845e-18
    outer loop
      vertex 82.5 -14.552500002086163 -80
      vertex 82.35458029806614 -14.581425778567791 80
      vertex 82.43500000238419 -14.565429305181533 -79.25
    endloop
  endfacet
  facet normal 0.1950903175156641 -0.9807852812984283 0
    outer loop
      vertex 82.35458029806614 -14.581425778567791 -79.25
      vertex 82.43500000238419 -14.565429305181533 -79.25
      vertex 82.35458029806614 -14.581425778567791 80
    endloop
  endfacet
  facet normal 0 -1 0
    outer loop
      vertex 78.5 -13.179999999701977 -79.25
      vertex 81.00500000268221 -13.179999999701977 -79.25
      vertex 78.5 -13.179999999701977 80
    endloop
  endfacet
  facet normal -1 0 0
    outer loop
      vertex 81.00500000268221 -14.679999999701977 -79.25
      vertex 81.00500000268221 -13.179999999701977 80
      vertex 81.00500000268221 -13.179999999701977 -79.25
    endloop
  endfacet
  facet normal 1 0 0
    outer loop
      vertex 82.5 -14.552500002086163 -80
      vertex 82.5 -10.33500000089407 -80
      vertex 82.5 -14.552500002086163 80
    endloop
  endfacet
  facet normal 0 0 -1
    outer loop
      vertex 82.5 -14.552500002086163 -80
      vertex 82.43500000238419 -10.322070697798699 -80
      vertex 82.5 -10.33500000089407 -80
    endloop
  endfacet
  facet normal 0.19509031751565314 0.9807852812984307 0
    outer loop
      vertex 82.5 -10.33500000089407 -80
      vertex 82.43500000238419 -10.322070697798699 -80
      vertex 82.43500000238419 -10.322070697798699 -79.25
    endloop
  endfacet
  facet normal 0.19509031751565314 -0.9807852812984307 0
    outer loop
      vertex 82.5 -9.575000002980232 -80
      vertex 82.43500000238419 -9.587929306075603 -79.25
      vertex 82.43500000238419 -9.587929306075603 -80
    endloop
  endfacet
  facet normal 0 0 -1
    outer loop
      vertex 82.5 -9.575000002980232 -80
      vertex 82.43500000238419 -9.587929306075603 -80
      vertex 82.43500000238419 -5.344570698692769 -80
    endloop
  endfacet
  facet normal 0 0 -1
    outer loop
      vertex 82.5 -9.575000002980232 -80
      vertex 82.43500000238419 -5.344570698692769 -80
      vertex 82.5 -5.357500001788139 -80
    endloop
  endfacet
  facet normal 0.19509031751565314 0.9807852812984307 0
    outer loop
      vertex 82.5 -5.357500001788139 -80
      vertex 82.43500000238419 -5.344570698692769 -80
      vertex 82.43500000238419 -5.344570698692769 -79.25
    endloop
  endfacet
  facet normal 0.19509036585366285 -0.9807852716834017 0
    outer loop
      vertex 82.5 -4.597499996423721 -80
      vertex 82.43500000238419 -4.610429302849369 -79.25
      vertex 82.43500000238419 -4.610429302849369 -80
    endloop
  endfacet
  facet normal 0 0 -1
    outer loop
      vertex 82.5 -4.597499996423721 -80
      vertex 82.43500000238419 -4.610429302849369 -80
      vertex 82.43500000238419 -0.36707069625656197 -80
    endloop
  endfacet
  facet normal 0 0 -1
    outer loop
      vertex 82.5 -4.597499996423721 -80
      vertex 82.43500000238419 -0.36707069625656197 -80
      vertex 82.5 -0.380000002682209 -80
    endloop
  endfacet
  facet normal -1 0 0
    outer loop
      vertex 78.5 -13.179999999701977 -79.25
      vertex 78.5 -11.179999999701977 80
      vertex 78.5 -11.179999999701977 -79.25
    endloop
  endfacet
  facet normal 0 -1 0
    outer loop
      vertex 78.5 -9.679999999701977 -79.25
      vertex 81.00500000268221 -9.679999999701977 -79.25
      vertex 78.5 -9.679999999701977 80
    endloop
  endfacet
  facet normal 0 1 0
    outer loop
      vertex 78.5 -11.179999999701977 -79.25
      vertex 81.00500000268221 -11.179999999701977 80
      vertex 81.00500000268221 -11.179999999701977 -79.25
    endloop
  endfacet
  facet normal -1 0 0
    outer loop
      vertex 81.00500000268221 -11.179999999701977 -79.25
      vertex 81.00500000268221 -9.679999999701977 80
      vertex 81.00500000268221 -9.679999999701977 -79.25
    endloop
  endfacet
  facet normal 0.19509031751565312 0.9807852812984307 0
    outer loop
      vertex 82.5 -10.33500000089407 -80
      vertex 82.43500000238419 -10.322070697798699 -79.25
      vertex 82.5 -10.33500000089407 80
    endloop
  endfacet
  facet normal 0.5555702399475028 0.83146960767347 0
    outer loop
      vertex 82.35458029806614 -10.306074224412441 -79.25
      vertex 82.23129942268133 -10.223700575530529 -79.25
      vertex 82.35458029806614 -10.306074224412441 80
    endloop
  endfacet
  facet normal 0.1950903175156641 0.9807852812984283 -4.682970304987403e-18
    outer loop
      vertex 82.43500000238419 -10.322070697798699 -79.25
      vertex 82.35458029806614 -10.306074224412441 -79.25
      vertex 82.5 -10.33500000089407 80
    endloop
  endfacet
  facet normal 0.8314696153759485 0.5555702284199292 0
    outer loop
      vertex 82.14892578125 -10.100419707596302 -79.25
      vertex 82.23129942268133 -10.223700575530529 80
      vertex 82.23129942268133 -10.223700575530529 -79.25
    endloop
  endfacet
  facet normal 0.9807852735959507 0.19509035623863177 0
    outer loop
      vertex 82.14892578125 -10.100419707596302 -79.25
      vertex 82.11999999731779 -9.95499999821186 -79.25
      vertex 82.14892578125 -10.100419707596302 80
    endloop
  endfacet
  facet normal 0.9807852716834022 -0.19509036585365946 0
    outer loop
      vertex 82.11999999731779 -9.95499999821186 -79.25
      vertex 82.14892578125 -9.809580296278 -79.25
      vertex 82.11999999731779 -9.95499999821186 80
    endloop
  endfacet
  facet normal 0.8314696308861957 -0.5555702052072028 0
    outer loop
      vertex 82.14892578125 -9.809580296278 -79.25
      vertex 82.23129942268133 -9.686299420893192 -79.25
      vertex 82.14892578125 -9.809580296278 80
    endloop
  endfacet
  facet normal 0.5555702052072028 -0.8314696308861957 0
    outer loop
      vertex 82.23129942268133 -9.686299420893192 -79.25
      vertex 82.35458029806614 -9.60392577946186 -79.25
      vertex 82.23129942268133 -9.686299420893192 80
    endloop
  endfacet
  facet normal -1 0 0
    outer loop
      vertex 78.5 -9.679999999701977 -79.25
      vertex 78.5 -7.679999999701977 80
      vertex 78.5 -7.679999999701977 -79.25
    endloop
  endfacet
  facet normal 0.1950903175156531 -0.9807852812984307 -5.807185513876845e-18
    outer loop
      vertex 82.5 -9.575000002980232 -80
      vertex 82.35458029806614 -9.60392577946186 80
      vertex 82.43500000238419 -9.587929306075603 -79.25
    endloop
  endfacet
  facet normal 0.1950903175156641 -0.9807852812984283 0
    outer loop
      vertex 82.35458029806614 -9.60392577946186 -79.25
      vertex 82.43500000238419 -9.587929306075603 -79.25
      vertex 82.35458029806614 -9.60392577946186 80
    endloop
  endfacet
  facet normal 1 0 0
    outer loop
      vertex 82.5 -9.575000002980232 -80
      vertex 82.5 -5.357500001788139 -80
      vertex 82.5 -9.575000002980232 80
    endloop
  endfacet
  facet normal 0 1 0
    outer loop
      vertex 78.5 -7.679999999701977 -79.25
      vertex 81.00500000268221 -7.679999999701977 80
      vertex 81.00500000268221 -7.679999999701977 -79.25
    endloop
  endfacet
  facet normal -1 0 0
    outer loop
      vertex 81.00500000268221 -7.679999999701977 -79.25
      vertex 81.00500000268221 -6.179999999701977 80
      vertex 81.00500000268221 -6.179999999701977 -79.25
    endloop
  endfacet
  facet normal 0 -1 0
    outer loop
      vertex 78.5 -6.179999999701977 -79.25
      vertex 81.00500000268221 -6.179999999701977 -79.25
      vertex 78.5 -6.179999999701977 80
    endloop
  endfacet
  facet normal -1 0 0
    outer loop
      vertex 78.5 -6.179999999701977 -79.25
      vertex 78.5 -4.179999999701977 80
      vertex 78.5 -4.179999999701977 -79.25
    endloop
  endfacet
  facet normal 0.19509031751565312 0.9807852812984307 0
    outer loop
      vertex 82.5 -5.357500001788139 -80
      vertex 82.43500000238419 -5.344570698692769 -79.25
      vertex 82.5 -5.357500001788139 80
    endloop
  endfacet
  facet normal 0.1950903175156641 0.9807852812984283 -4.682970304987403e-18
    outer loop
      vertex 82.43500000238419 -5.344570698692769 -79.25
      vertex 82.35458029806614 -5.328574225306511 -79.25
      vertex 82.5 -5.357500001788139 80
    endloop
  endfacet
  facet normal 0.5555702399475028 0.83146960767347 0
    outer loop
      vertex 82.23129942268133 -5.246200576424599 -79.25
      vertex 82.35458029806614 -5.328574225306511 80
      vertex 82.35458029806614 -5.328574225306511 -79.25
    endloop
  endfacet
  facet normal 0.9807852716834022 0.19509036585365946 0
    outer loop
      vertex 82.14892578125 -5.122919701039791 -79.25
      vertex 82.11999999731779 -4.97749999910593 -79.25
      vertex 82.14892578125 -5.122919701039791 80
    endloop
  endfacet
  facet normal 0.8314696308861957 0.5555702052072028 0
    outer loop
      vertex 82.23129942268133 -5.246200576424599 -79.25
      vertex 82.14892578125 -5.122919701039791 -79.25
      vertex 82.23129942268133 -5.246200576424599 80
    endloop
  endfacet
  facet normal 0.9807852716834022 -0.19509036585365946 0
    outer loop
      vertex 82.11999999731779 -4.97749999910593 -79.25
      vertex 82.14892578125 -4.8320802971720695 -79.25
      vertex 82.11999999731779 -4.97749999910593 80
    endloop
  endfacet
  facet normal 0 1 0
    outer loop
      vertex 78.5 -4.179999999701977 -79.25
      vertex 81.00500000268221 -4.179999999701977 80
      vertex 81.00500000268221 -4.179999999701977 -79.25
    endloop
  endfacet
  facet normal 0.8314696308861957 -0.5555702052072028 0
    outer loop
      vertex 82.14892578125 -4.8320802971720695 -79.25
      vertex 82.23129942268133 -4.708799421787262 -79.25
      vertex 82.14892578125 -4.8320802971720695 80
    endloop
  endfacet
  facet normal 0.5555702052072028 -0.8314696308861957 0
    outer loop
      vertex 82.23129942268133 -4.708799421787262 -79.25
      vertex 82.35458029806614 -4.62642578035593 -79.25
      vertex 82.23129942268133 -4.708799421787262 80
    endloop
  endfacet
  facet normal 0.19509036585366288 -0.9807852716834016 3.223917904924141e-18
    outer loop
      vertex 82.5 -4.597499996423721 -80
      vertex 82.35458029806614 -4.62642578035593 80
      vertex 82.43500000238419 -4.610429302849369 -79.25
    endloop
  endfacet
  facet normal 0.19509036585365674 -0.9807852716834028 0
    outer loop
      vertex 82.35458029806614 -4.62642578035593 -79.25
      vertex 82.43500000238419 -4.610429302849369 -79.25
      vertex 82.35458029806614 -4.62642578035593 80
    endloop
  endfacet
  facet normal 0 -1 0
    outer loop
      vertex 78.5 -2.6799999997019768 -79.25
      vertex 81.00500000268221 -2.6799999997019768 -79.25
      vertex 78.5 -2.6799999997019768 80
    endloop
  endfacet
  facet normal -1 0 0
    outer loop
      vertex 81.00500000268221 -4.179999999701977 -79.25
      vertex 81.00500000268221 -2.6799999997019768 80
      vertex 81.00500000268221 -2.6799999997019768 -79.25
    endloop
  endfacet
  facet normal 1 0 0
    outer loop
      vertex 82.5 -4.597499996423721 -80
      vertex 82.5 -0.380000002682209 -80
      vertex 82.5 -4.597499996423721 80
    endloop
  endfacet
  facet normal -1 0 0
    outer loop
      vertex 78.5 -2.6799999997019768 -79.25
      vertex 78.5 -0.6799999997019768 80
      vertex 78.5 -0.6799999997019768 -79.25
    endloop
  endfacet
  facet normal 0 1 0
    outer loop
      vertex 78.5 -0.6799999997019768 -79.25
      vertex 81.00500000268221 -0.6799999997019768 80
      vertex 81.00500000268221 -0.6799999997019768 -79.25
    endloop
  endfacet
  facet normal 0.19509036585365963 0.9807852716834023 0
    outer loop
      vertex 82.5 -0.380000002682209 -80
      vertex 82.43500000238419 -0.36707069625656197 -80
      vertex 82.5 -0.380000002682209 80
    endloop
  endfacet
  facet normal 0.19509036585365963 0.9807852716834022 0
    outer loop
      vertex 82.43500000238419 -0.36707069625656197 -80
      vertex 82.43500000238419 -0.36707069625656197 -79.25
      vertex 82.5 -0.380000002682209 80
    endloop
  endfacet
  facet normal 0.5555702052072028 0.8314696308861957 0
    outer loop
      vertex 82.35458029806614 -0.35107421875 -79.25
      vertex 82.23129942268133 -0.26870057731866837 -79.25
      vertex 82.35458029806614 -0.35107421875 80
    endloop
  endfacet
  facet normal 0.19509036585365935 0.9807852716834023 1.162439426012367e-19
    outer loop
      vertex 82.43500000238419 -0.36707069625656197 -79.25
      vertex 82.35458029806614 -0.35107421875 -79.25
      vertex 82.5 -0.380000002682209 80
    endloop
  endfacet
  facet normal 0.8314696308861957 0.5555702052072028 0
    outer loop
      vertex 82.23129942268133 -0.26870057731866837 -79.25
      vertex 82.14892578125 -0.14541970193386078 -79.25
      vertex 82.23129942268133 -0.26870057731866837 80
    endloop
  endfacet
  facet normal 0.9807852716834022 0.19509036585365946 0
    outer loop
      vertex 82.14892578125 -0.14541970193386078 -79.25
      vertex 82.11999999731779 0 -79.25
      vertex 82.14892578125 -0.14541970193386078 80
    endloop
  endfacet
  facet normal -1 0 0
    outer loop
      vertex 75.10000000149012 -25.75 -80
      vertex 75.10000000149012 -25.75 80
      vertex 75.10000000149012 -22.600000001490116 80
    endloop
  endfacet
  facet normal 0 1 0
    outer loop
      vertex 75.10000000149012 -22.600000001490116 -79.25
      vertex 75.10000000149012 -22.600000001490116 80
      vertex 76.974100202322 -22.600000001490116 80
    endloop
  endfacet
  facet normal 0.7933533397348494 0.6087614297338169 0
    outer loop
      vertex 76.98445554077625 -22.625 -80
      vertex 76.98445554077625 -22.625 80
      vertex 77.26256313174963 -22.98743686825037 80
    endloop
  endfacet
  facet normal 0.9238795323525989 0.38268343274819644 0
    outer loop
      vertex 76.974100202322 -22.600000001490116 -80
      vertex 76.974100202322 -22.600000001490116 80
      vertex 76.98445554077625 -22.625 80
    endloop
  endfacet
  facet normal 0 -1 0
    outer loop
      vertex 78.5 -25.75 -80
      vertex 78.5 -25.75 80
      vertex 75.10000000149012 -25.75 80
    endloop
  endfacet
  facet normal 0.0490676704157047 -0.9987954563973426 0
    outer loop
      vertex 78.89206856489182 -25.730738908052444 -80
      vertex 78.89206856489182 -25.730738908052444 80
      vertex 78.5 -25.75 80
    endloop
  endfacet
  facet normal 0.14673047883339677 -0.9891765093153608 0
    outer loop
      vertex 79.28036128729582 -25.67314112186432 -80
      vertex 79.28036128729582 -25.67314112186432 80
      vertex 78.89206856489182 -25.730738908052444 80
    endloop
  endfacet
  facet normal 0.24298017787700282 -0.970031253702096 0
    outer loop
      vertex 79.66113870590925 -25.577761344611645 -80
      vertex 79.66113870590925 -25.577761344611645 80
      vertex 79.28036128729582 -25.67314112186432 80
    endloop
  endfacet
  facet normal 0.3368898600571533 -0.9415440627982695 0
    outer loop
      vertex 80.0307337269187 -25.445518128573895 -80
      vertex 80.0307337269187 -25.445518128573895 80
      vertex 79.66113870590925 -25.577761344611645 80
    endloop
  endfacet
  facet normal 0.4275550802541337 -0.9039892993552974 0
    outer loop
      vertex 80.38558694720268 -25.277685061097145 -80
      vertex 80.38558694720268 -25.277685061097145 80
      vertex 80.0307337269187 -25.445518128573895 80
    endloop
  endfacet
  facet normal 0.5141027491514958 -0.857728607028397 0
    outer loop
      vertex 80.72228093445301 -25.07587844878435 -80
      vertex 80.72228093445301 -25.07587844878435 80
      vertex 80.38558694720268 -25.277685061097145 80
    endloop
  endfacet
  facet normal 0.5956993080192207 -0.8032075288650012 0
    outer loop
      vertex 81.03757313638926 -24.842041812837124 -80
      vertex 81.03757313638926 -24.842041812837124 80
      vertex 80.72228093445301 -25.07587844878435 80
    endloop
  endfacet
  facet normal 0.6715589635251562 -0.7409511174895533 0
    outer loop
      vertex 81.3284271210432 -24.578427121043205 -80
      vertex 81.3284271210432 -24.578427121043205 80
      vertex 81.03757313638926 -24.842041812837124 80
    endloop
  endfacet
  facet normal 0.7409511174895533 -0.6715589635251562 0
    outer loop
      vertex 81.59204181283712 -24.287573136389256 -80
      vertex 81.59204181283712 -24.287573136389256 80
      vertex 81.3284271210432 -24.578427121043205 80
    endloop
  endfacet
  facet normal 0.13052619594183673 0.991444860883828 0
    outer loop
      vertex 78.04706667363644 -23.440370194613934 -79.25
      vertex 78.04706667363644 -23.440370194613934 80
      vertex 78.5 -23.5 80
    endloop
  endfacet
  facet normal -0.13052619594183673 0.991444860883828 0
    outer loop
      vertex 78.5 -23.5 -79.25
      vertex 78.5 -23.5 80
      vertex 78.95293332636356 -23.440370194613934 80
    endloop
  endfacet
  facet normal -0.3826834229190802 0.9238795364239519 0
    outer loop
      vertex 78.95293332636356 -23.440370194613934 -79.25
      vertex 78.95293332636356 -23.440370194613934 80
      vertex 79.375 -23.265544459223747 80
    endloop
  endfacet
  facet normal 0.38268342291908025 0.923879536423952 0
    outer loop
      vertex 77.625 -23.265544459223747 -80
      vertex 77.625 -23.265544459223747 80
      vertex 78.04706667363644 -23.440370194613934 80
    endloop
  endfacet
  facet normal 0.6087614297338169 0.7933533397348494 0
    outer loop
      vertex 77.26256313174963 -22.98743686825037 -80
      vertex 77.26256313174963 -22.98743686825037 80
      vertex 77.625 -23.265544459223747 80
    endloop
  endfacet
  facet normal -0.6087614297338169 0.7933533397348493 0
    outer loop
      vertex 79.375 -23.265544459223747 -79.25
      vertex 79.375 -23.265544459223747 80
      vertex 79.73743686825037 -22.98743686825037 80
    endloop
  endfacet
  facet normal -0.7933533397348493 0.6087614297338169 0
    outer loop
      vertex 79.73743686825037 -22.98743686825037 -79.25
      vertex 79.73743686825037 -22.98743686825037 80
      vertex 80.01554445922375 -22.625 80
    endloop
  endfacet
  facet normal 0.8032075288650012 -0.5956993080192207 0
    outer loop
      vertex 81.82587844878435 -23.97228093445301 -80
      vertex 81.82587844878435 -23.97228093445301 80
      vertex 81.59204181283712 -24.287573136389256 80
    endloop
  endfacet
  facet normal 0.857728607028397 -0.5141027491514958 0
    outer loop
      vertex 82.02768506109715 -23.635586947202682 -80
      vertex 82.02768506109715 -23.635586947202682 80
      vertex 81.82587844878435 -23.97228093445301 80
    endloop
  endfacet
  facet normal 0.9039892993552974 -0.4275550802541337 0
    outer loop
      vertex 82.1955181285739 -23.280733726918697 -80
      vertex 82.1955181285739 -23.280733726918697 80
      vertex 82.02768506109715 -23.635586947202682 80
    endloop
  endfacet
  facet normal 0.9415440627982695 -0.3368898600571533 0
    outer loop
      vertex 82.32776134461164 -22.911138705909252 -80
      vertex 82.32776134461164 -22.911138705909252 80
      vertex 82.1955181285739 -23.280733726918697 80
    endloop
  endfacet
  facet normal 0.970031253702096 -0.24298017787700282 0
    outer loop
      vertex 82.42314112186432 -22.53036128729582 -80
      vertex 82.42314112186432 -22.53036128729582 80
      vertex 82.32776134461164 -22.911138705909252 80
    endloop
  endfacet
  facet normal 0 -1 0
    outer loop
      vertex 76.974100202322 -20.899999998509884 -80
      vertex 76.974100202322 -20.899999998509884 80
      vertex 75.10000000149012 -20.899999998509884 80
    endloop
  endfacet
  facet normal 0.9238795323525989 -0.38268343274819644 0
    outer loop
      vertex 76.98445554077625 -20.875 -80
      vertex 76.98445554077625 -20.875 80
      vertex 76.974100202322 -20.899999998509884 80
    endloop
  endfacet
  facet normal 0.7933533397348494 -0.6087614297338169 0
    outer loop
      vertex 77.26256313174963 -20.51256313174963 -80
      vertex 77.26256313174963 -20.51256313174963 80
      vertex 76.98445554077625 -20.875 80
    endloop
  endfacet
  facet normal -1 0 0
    outer loop
      vertex 75.10000000149012 -20.899999998509884 -79.25
      vertex 75.10000000149012 -20.899999998509884 80
      vertex 75.10000000149012 -18.350000001490116 80
    endloop
  endfacet
  facet normal -0.9238795364239519 0.3826834229190802 0
    outer loop
      vertex 80.01554445922375 -22.625 -79.25
      vertex 80.01554445922375 -22.625 80
      vertex 80.19037019461393 -22.202933326363564 80
    endloop
  endfacet
  facet normal -0.991444860883828 0.13052619594183673 0
    outer loop
      vertex 80.19037019461393 -22.202933326363564 -79.25
      vertex 80.19037019461393 -22.202933326363564 80
      vertex 80.25 -21.75 80
    endloop
  endfacet
  facet normal 0.9891765093153608 -0.14673047883339677 0
    outer loop
      vertex 82.48073890805244 -22.142068564891815 -80
      vertex 82.48073890805244 -22.142068564891815 80
      vertex 82.42314112186432 -22.53036128729582 80
    endloop
  endfacet
  facet normal 0.9987954563973426 -0.0490676704157047 0
    outer loop
      vertex 82.5 -21.75 -80
      vertex 82.5 -21.75 80
      vertex 82.48073890805244 -22.142068564891815 80
    endloop
  endfacet
  facet normal -0.991444860883828 -0.13052619594183673 0
    outer loop
      vertex 80.25 -21.75 -79.25
      vertex 80.25 -21.75 80
      vertex 80.19037019461393 -21.297066673636436 80
    endloop
  endfacet
  facet normal -0.9238795364239519 -0.3826834229190802 0
    outer loop
      vertex 80.19037019461393 -21.297066673636436 -79.25
      vertex 80.19037019461393 -21.297066673636436 80
      vertex 80.01554445922375 -20.875 80
    endloop
  endfacet
  facet normal 0.6087614297338169 -0.7933533397348494 0
    outer loop
      vertex 77.625 -20.234455540776253 -80
      vertex 77.625 -20.234455540776253 80
      vertex 77.26256313174963 -20.51256313174963 80
    endloop
  endfacet
  facet normal 0.38268342291908025 -0.923879536423952 0
    outer loop
      vertex 78.04706667363644 -20.059629805386066 -80
      vertex 78.04706667363644 -20.059629805386066 80
      vertex 77.625 -20.234455540776253 80
    endloop
  endfacet
  facet normal -0.3826834229190802 -0.9238795364239519 0
    outer loop
      vertex 79.375 -20.234455540776253 -79.25
      vertex 79.375 -20.234455540776253 80
      vertex 78.95293332636356 -20.059629805386066 80
    endloop
  endfacet
  facet normal -0.6087614297338169 -0.7933533397348493 0
    outer loop
      vertex 79.73743686825037 -20.51256313174963 -79.25
      vertex 79.73743686825037 -20.51256313174963 80
      vertex 79.375 -20.234455540776253 80
    endloop
  endfacet
  facet normal 0.13052619594183673 -0.991444860883828 0
    outer loop
      vertex 78.5 -20 -80
      vertex 78.5 -20 80
      vertex 78.04706667363644 -20.059629805386066 80
    endloop
  endfacet
  facet normal -0.13052619594183673 -0.991444860883828 0
    outer loop
      vertex 78.95293332636356 -20.059629805386066 -79.25
      vertex 78.95293332636356 -20.059629805386066 80
      vertex 78.5 -20 80
    endloop
  endfacet
  facet normal -0.7933533397348493 -0.6087614297338169 0
    outer loop
      vertex 80.01554445922375 -20.875 -79.25
      vertex 80.01554445922375 -20.875 80
      vertex 79.73743686825037 -20.51256313174963 80
    endloop
  endfacet
  facet normal 1 0 0
    outer loop
      vertex 82.5 -20.28999999910593 -80
      vertex 82.5 -20.28999999910593 80
      vertex 82.5 -21.75 80
    endloop
  endfacet
  facet normal 0.19509031751565922 0.9807852812984295 0
    outer loop
      vertex 82.35458029806614 -20.261074222624302 -79.25
      vertex 82.35458029806614 -20.261074222624302 80
      vertex 82.5 -20.28999999910593 80
    endloop
  endfacet
  facet normal 0.5555702399475028 0.83146960767347 0
    outer loop
      vertex 82.23129942268133 -20.17870057374239 -79.25
      vertex 82.23129942268133 -20.17870057374239 80
      vertex 82.35458029806614 -20.261074222624302 80
    endloop
  endfacet
  facet normal 0.8314696153759485 0.5555702284199292 0
    outer loop
      vertex 82.14892578125 -20.055419705808163 -79.25
      vertex 82.14892578125 -20.055419705808163 80
      vertex 82.23129942268133 -20.17870057374239 80
    endloop
  endfacet
  facet normal 0.9807852735959507 0.19509035623863177 0
    outer loop
      vertex 82.11999999731779 -19.90999999642372 -79.25
      vertex 82.11999999731779 -19.90999999642372 80
      vertex 82.14892578125 -20.055419705808163 80
    endloop
  endfacet
  facet normal 0.9807852716834022 -0.19509036585365946 0
    outer loop
      vertex 82.14892578125 -19.76458029448986 -79.25
      vertex 82.14892578125 -19.76458029448986 80
      vertex 82.11999999731779 -19.90999999642372 80
    endloop
  endfacet
  facet normal 0.1950903175156592 -0.9807852812984293 0
    outer loop
      vertex 82.5 -19.530000001192093 -80
      vertex 82.5 -19.530000001192093 80
      vertex 82.35458029806614 -19.55892577767372 80
    endloop
  endfacet
  facet normal 0.8314696153759485 -0.5555702284199292 0
    outer loop
      vertex 82.23129942268133 -19.641299426555634 -79.25
      vertex 82.23129942268133 -19.641299426555634 80
      vertex 82.14892578125 -19.76458029448986 80
    endloop
  endfacet
  facet normal 0.5555702399475028 -0.83146960767347 0
    outer loop
      vertex 82.35458029806614 -19.55892577767372 -79.25
      vertex 82.35458029806614 -19.55892577767372 80
      vertex 82.23129942268133 -19.641299426555634 80
    endloop
  endfacet
  facet normal 0 1 0
    outer loop
      vertex 75.10000000149012 -18.350000001490116 -79.25
      vertex 75.10000000149012 -18.350000001490116 80
      vertex 78.5 -18.350000001490116 80
    endloop
  endfacet
  facet normal -1 0 0
    outer loop
      vertex 78.5 -18.350000001490116 -79.25
      vertex 78.5 -18.350000001490116 80
      vertex 78.5 -18.179999999701977 80
    endloop
  endfacet
  facet normal 0 1 0
    outer loop
      vertex 78.5 -18.179999999701977 -79.25
      vertex 78.5 -18.179999999701977 80
      vertex 81.00500000268221 -18.179999999701977 80
    endloop
  endfacet
  facet normal -1 0 0
    outer loop
      vertex 81.00500000268221 -18.179999999701977 -79.25
      vertex 81.00500000268221 -18.179999999701977 80
      vertex 81.00500000268221 -16.679999999701977 80
    endloop
  endfacet
  facet normal 0 -1 0
    outer loop
      vertex 81.00500000268221 -16.679999999701977 -79.25
      vertex 81.00500000268221 -16.679999999701977 80
      vertex 78.5 -16.679999999701977 80
    endloop
  endfacet
  facet normal 1 0 0
    outer loop
      vertex 82.5 -15.3125 -80
      vertex 82.5 -15.3125 80
      vertex 82.5 -19.530000001192093 80
    endloop
  endfacet
  facet normal -1 0 0
    outer loop
      vertex 78.5 -16.679999999701977 -79.25
      vertex 78.5 -16.679999999701977 80
      vertex 78.5 -14.679999999701977 80
    endloop
  endfacet
  facet normal 0 1 0
    outer loop
      vertex 78.5 -14.679999999701977 -79.25
      vertex 78.5 -14.679999999701977 80
      vertex 81.00500000268221 -14.679999999701977 80
    endloop
  endfacet
  facet normal 0.19509031751565922 0.9807852812984295 0
    outer loop
      vertex 82.35458029806614 -15.283574223518372 -79.25
      vertex 82.35458029806614 -15.283574223518372 80
      vertex 82.5 -15.3125 80
    endloop
  endfacet
  facet normal 0.8314696153759485 0.5555702284199292 0
    outer loop
      vertex 82.14892578125 -15.077919706702232 -79.25
      vertex 82.14892578125 -15.077919706702232 80
      vertex 82.23129942268133 -15.20120057463646 80
    endloop
  endfacet
  facet normal 0.5555702399475028 0.83146960767347 0
    outer loop
      vertex 82.23129942268133 -15.20120057463646 -79.25
      vertex 82.23129942268133 -15.20120057463646 80
      vertex 82.35458029806614 -15.283574223518372 80
    endloop
  endfacet
  facet normal 0.9807852735959507 0.19509035623863177 0
    outer loop
      vertex 82.11999999731779 -14.932499997317791 -79.25
      vertex 82.11999999731779 -14.932499997317791 80
      vertex 82.14892578125 -15.077919706702232 80
    endloop
  endfacet
  facet normal 0.9807852716834022 -0.19509036585365946 0
    outer loop
      vertex 82.14892578125 -14.78708029538393 -79.25
      vertex 82.14892578125 -14.78708029538393 80
      vertex 82.11999999731779 -14.932499997317791 80
    endloop
  endfacet
  facet normal 0.8314696308861957 -0.5555702052072028 0
    outer loop
      vertex 82.23129942268133 -14.663799419999123 -79.25
      vertex 82.23129942268133 -14.663799419999123 80
      vertex 82.14892578125 -14.78708029538393 80
    endloop
  endfacet
  facet normal 0.1950903175156592 -0.9807852812984293 0
    outer loop
      vertex 82.5 -14.552500002086163 -80
      vertex 82.5 -14.552500002086163 80
      vertex 82.35458029806614 -14.581425778567791 80
    endloop
  endfacet
  facet normal 0.5555702052072028 -0.8314696308861957 0
    outer loop
      vertex 82.35458029806614 -14.581425778567791 -79.25
      vertex 82.35458029806614 -14.581425778567791 80
      vertex 82.23129942268133 -14.663799419999123 80
    endloop
  endfacet
  facet normal -1 0 0
    outer loop
      vertex 81.00500000268221 -14.679999999701977 -79.25
      vertex 81.00500000268221 -14.679999999701977 80
      vertex 81.00500000268221 -13.179999999701977 80
    endloop
  endfacet
  facet normal 0 -1 0
    outer loop
      vertex 81.00500000268221 -13.179999999701977 -79.25
      vertex 81.00500000268221 -13.179999999701977 80
      vertex 78.5 -13.179999999701977 80
    endloop
  endfacet
  facet normal 0 0 1
    outer loop
      vertex 75.10000000149012 -25.75 80
      vertex 78.5 -25.75 80
      vertex 77.625 -23.265544459223747 80
    endloop
  endfacet
  facet normal 0 0 1
    outer loop
      vertex 75.10000000149012 -25.75 80
      vertex 76.974100202322 -22.600000001490116 80
      vertex 75.10000000149012 -22.600000001490116 80
    endloop
  endfacet
  facet normal 0 0 1
    outer loop
      vertex 75.10000000149012 -25.75 80
      vertex 77.625 -23.265544459223747 80
      vertex 77.26256313174963 -22.98743686825037 80
    endloop
  endfacet
  facet normal 0 0 1
    outer loop
      vertex 75.10000000149012 -25.75 80
      vertex 77.26256313174963 -22.98743686825037 80
      vertex 76.98445554077625 -22.625 80
    endloop
  endfacet
  facet normal 0 0 1
    outer loop
      vertex 75.10000000149012 -25.75 80
      vertex 76.98445554077625 -22.625 80
      vertex 76.974100202322 -22.600000001490116 80
    endloop
  endfacet
  facet normal 0 0 1
    outer loop
      vertex 78.5 -25.75 80
      vertex 78.89206856489182 -25.730738908052444 80
      vertex 78.5 -23.5 80
    endloop
  endfacet
  facet normal 0 0 1
    outer loop
      vertex 78.89206856489182 -25.730738908052444 80
      vertex 79.28036128729582 -25.67314112186432 80
      vertex 78.95293332636356 -23.440370194613934 80
    endloop
  endfacet
  facet normal 0 0 1
    outer loop
      vertex 78.5 -25.75 80
      vertex 78.04706667363644 -23.440370194613934 80
      vertex 77.625 -23.265544459223747 80
    endloop
  endfacet
  facet normal 0 0 1
    outer loop
      vertex 78.5 -25.75 80
      vertex 78.5 -23.5 80
      vertex 78.04706667363644 -23.440370194613934 80
    endloop
  endfacet
  facet normal 0 0 1
    outer loop
      vertex 79.28036128729582 -25.67314112186432 80
      vertex 79.66113870590925 -25.577761344611645 80
      vertex 78.95293332636356 -23.440370194613934 80
    endloop
  endfacet
  facet normal 0 0 1
    outer loop
      vertex 79.66113870590925 -25.577761344611645 80
      vertex 80.0307337269187 -25.445518128573895 80
      vertex 78.95293332636356 -23.440370194613934 80
    endloop
  endfacet
  facet normal 0 0 1
    outer loop
      vertex 78.89206856489182 -25.730738908052444 80
      vertex 78.95293332636356 -23.440370194613934 80
      vertex 78.5 -23.5 80
    endloop
  endfacet
  facet normal 0 0 1
    outer loop
      vertex 80.0307337269187 -25.445518128573895 80
      vertex 80.38558694720268 -25.277685061097145 80
      vertex 79.375 -23.265544459223747 80
    endloop
  endfacet
  facet normal 0 0 1
    outer loop
      vertex 80.38558694720268 -25.277685061097145 80
      vertex 80.72228093445301 -25.07587844878435 80
      vertex 79.375 -23.265544459223747 80
    endloop
  endfacet
  facet normal 0 0 1
    outer loop
      vertex 80.72228093445301 -25.07587844878435 80
      vertex 81.03757313638926 -24.842041812837124 80
      vertex 79.375 -23.265544459223747 80
    endloop
  endfacet
  facet normal 0 0 1
    outer loop
      vertex 80.0307337269187 -25.445518128573895 80
      vertex 79.375 -23.265544459223747 80
      vertex 78.95293332636356 -23.440370194613934 80
    endloop
  endfacet
  facet normal 0 0 1
    outer loop
      vertex 81.03757313638926 -24.842041812837124 80
      vertex 81.3284271210432 -24.578427121043205 80
      vertex 79.73743686825037 -22.98743686825037 80
    endloop
  endfacet
  facet normal 0 0 1
    outer loop
      vertex 81.3284271210432 -24.578427121043205 80
      vertex 81.59204181283712 -24.287573136389256 80
      vertex 79.73743686825037 -22.98743686825037 80
    endloop
  endfacet
  facet normal 0 0 1
    outer loop
      vertex 81.03757313638926 -24.842041812837124 80
      vertex 79.73743686825037 -22.98743686825037 80
      vertex 79.375 -23.265544459223747 80
    endloop
  endfacet
  facet normal 0 0 1
    outer loop
      vertex 81.59204181283712 -24.287573136389256 80
      vertex 81.82587844878435 -23.97228093445301 80
      vertex 80.01554445922375 -22.625 80
    endloop
  endfacet
  facet normal 0 0 1
    outer loop
      vertex 81.82587844878435 -23.97228093445301 80
      vertex 82.02768506109715 -23.635586947202682 80
      vertex 80.01554445922375 -22.625 80
    endloop
  endfacet
  facet normal 0 0 1
    outer loop
      vertex 81.59204181283712 -24.287573136389256 80
      vertex 80.01554445922375 -22.625 80
      vertex 79.73743686825037 -22.98743686825037 80
    endloop
  endfacet
  facet normal 0 0 1
    outer loop
      vertex 80.01554445922375 -22.625 80
      vertex 82.1955181285739 -23.280733726918697 80
      vertex 80.19037019461393 -22.202933326363564 80
    endloop
  endfacet
  facet normal 0 0 1
    outer loop
      vertex 82.02768506109715 -23.635586947202682 80
      vertex 82.1955181285739 -23.280733726918697 80
      vertex 80.01554445922375 -22.625 80
    endloop
  endfacet
  facet normal 0 0 1
    outer loop
      vertex 82.1955181285739 -23.280733726918697 80
      vertex 82.32776134461164 -22.911138705909252 80
      vertex 80.19037019461393 -22.202933326363564 80
    endloop
  endfacet
  facet normal 0 0 1
    outer loop
      vertex 82.32776134461164 -22.911138705909252 80
      vertex 82.42314112186432 -22.53036128729582 80
      vertex 80.19037019461393 -22.202933326363564 80
    endloop
  endfacet
  facet normal 0 0 1
    outer loop
      vertex 75.10000000149012 -20.899999998509884 80
      vertex 76.974100202322 -20.899999998509884 80
      vertex 75.10000000149012 -18.350000001490116 80
    endloop
  endfacet
  facet normal 0 0 1
    outer loop
      vertex 76.974100202322 -20.899999998509884 80
      vertex 76.98445554077625 -20.875 80
      vertex 75.10000000149012 -18.350000001490116 80
    endloop
  endfacet
  facet normal 0 0 1
    outer loop
      vertex 76.98445554077625 -20.875 80
      vertex 77.26256313174963 -20.51256313174963 80
      vertex 75.10000000149012 -18.350000001490116 80
    endloop
  endfacet
  facet normal 0 0 1
    outer loop
      vertex 77.26256313174963 -20.51256313174963 80
      vertex 77.625 -20.234455540776253 80
      vertex 75.10000000149012 -18.350000001490116 80
    endloop
  endfacet
  facet normal 0 0 1
    outer loop
      vertex 80.19037019461393 -22.202933326363564 80
      vertex 82.48073890805244 -22.142068564891815 80
      vertex 80.25 -21.75 80
    endloop
  endfacet
  facet normal 0 0 1
    outer loop
      vertex 80.19037019461393 -22.202933326363564 80
      vertex 82.42314112186432 -22.53036128729582 80
      vertex 82.48073890805244 -22.142068564891815 80
    endloop
  endfacet
  facet normal 0 0 1
    outer loop
      vertex 80.25 -21.75 80
      vertex 82.48073890805244 -22.142068564891815 80
      vertex 82.5 -21.75 80
    endloop
  endfacet
  facet normal 0 0 1
    outer loop
      vertex 80.25 -21.75 80
      vertex 82.5 -21.75 80
      vertex 80.19037019461393 -21.297066673636436 80
    endloop
  endfacet
  facet normal 0 0 1
    outer loop
      vertex 82.5 -21.75 80
      vertex 82.35458029806614 -20.261074222624302 80
      vertex 80.19037019461393 -21.297066673636436 80
    endloop
  endfacet
  facet normal 0 0 1
    outer loop
      vertex 77.625 -20.234455540776253 80
      vertex 78.04706667363644 -20.059629805386066 80
      vertex 78.5 -18.350000001490116 80
    endloop
  endfacet
  facet normal 0 0 1
    outer loop
      vertex 78.04706667363644 -20.059629805386066 80
      vertex 78.5 -20 80
      vertex 78.5 -18.350000001490116 80
    endloop
  endfacet
  facet normal 0 0 1
    outer loop
      vertex 78.5 -20 80
      vertex 78.95293332636356 -20.059629805386066 80
      vertex 78.5 -18.350000001490116 80
    endloop
  endfacet
  facet normal 0 0 1
    outer loop
      vertex 79.375 -20.234455540776253 80
      vertex 81.00500000268221 -18.179999999701977 80
      vertex 78.95293332636356 -20.059629805386066 80
    endloop
  endfacet
  facet normal 0 0 1
    outer loop
      vertex 80.19037019461393 -21.297066673636436 80
      vertex 82.14892578125 -20.055419705808163 80
      vertex 80.01554445922375 -20.875 80
    endloop
  endfacet
  facet normal 0 0 1
    outer loop
      vertex 79.73743686825037 -20.51256313174963 80
      vertex 80.01554445922375 -20.875 80
      vertex 82.11999999731779 -19.90999999642372 80
    endloop
  endfacet
  facet normal 0 0 1
    outer loop
      vertex 80.19037019461393 -21.297066673636436 80
      vertex 82.35458029806614 -20.261074222624302 80
      vertex 82.23129942268133 -20.17870057374239 80
    endloop
  endfacet
  facet normal 0 0 1
    outer loop
      vertex 82.5 -21.75 80
      vertex 82.5 -20.28999999910593 80
      vertex 82.35458029806614 -20.261074222624302 80
    endloop
  endfacet
  facet normal 0 0 1
    outer loop
      vertex 80.19037019461393 -21.297066673636436 80
      vertex 82.23129942268133 -20.17870057374239 80
      vertex 82.14892578125 -20.055419705808163 80
    endloop
  endfacet
  facet normal 0 0 1
    outer loop
      vertex 80.01554445922375 -20.875 80
      vertex 82.14892578125 -20.055419705808163 80
      vertex 82.11999999731779 -19.90999999642372 80
    endloop
  endfacet
  facet normal 0 0 1
    outer loop
      vertex 79.73743686825037 -20.51256313174963 80
      vertex 81.00500000268221 -18.179999999701977 80
      vertex 79.375 -20.234455540776253 80
    endloop
  endfacet
  facet normal 0 0 1
    outer loop
      vertex 79.73743686825037 -20.51256313174963 80
      vertex 82.14892578125 -19.76458029448986 80
      vertex 81.00500000268221 -18.179999999701977 80
    endloop
  endfacet
  facet normal 0 0 1
    outer loop
      vertex 79.73743686825037 -20.51256313174963 80
      vertex 82.11999999731779 -19.90999999642372 80
      vertex 82.14892578125 -19.76458029448986 80
    endloop
  endfacet
  facet normal 0 0 1
    outer loop
      vertex 77.625 -20.234455540776253 80
      vertex 78.5 -18.350000001490116 80
      vertex 75.10000000149012 -18.350000001490116 80
    endloop
  endfacet
  facet normal 0 0 1
    outer loop
      vertex 78.95293332636356 -20.059629805386066 80
      vertex 81.00500000268221 -18.179999999701977 80
      vertex 78.5 -18.350000001490116 80
    endloop
  endfacet
  facet normal 0 0 1
    outer loop
      vertex 78.5 -18.350000001490116 80
      vertex 81.00500000268221 -18.179999999701977 80
      vertex 78.5 -18.179999999701977 80
    endloop
  endfacet
  facet normal 0 0 1
    outer loop
      vertex 82.14892578125 -19.76458029448986 80
      vertex 82.23129942268133 -19.641299426555634 80
      vertex 81.00500000268221 -18.179999999701977 80
    endloop
  endfacet
  facet normal 0 0 1
    outer loop
      vertex 82.23129942268133 -19.641299426555634 80
      vertex 82.35458029806614 -19.55892577767372 80
      vertex 81.00500000268221 -18.179999999701977 80
    endloop
  endfacet
  facet normal 0 0 1
    outer loop
      vertex 82.35458029806614 -19.55892577767372 80
      vertex 81.00500000268221 -16.679999999701977 80
      vertex 81.00500000268221 -18.179999999701977 80
    endloop
  endfacet
  facet normal 0 0 1
    outer loop
      vertex 82.35458029806614 -19.55892577767372 80
      vertex 82.5 -19.530000001192093 80
      vertex 82.5 -15.3125 80
    endloop
  endfacet
  facet normal 0 0 1
    outer loop
      vertex 82.35458029806614 -19.55892577767372 80
      vertex 82.23129942268133 -15.20120057463646 80
      vertex 81.00500000268221 -16.679999999701977 80
    endloop
  endfacet
  facet normal 0 0 1
    outer loop
      vertex 82.35458029806614 -19.55892577767372 80
      vertex 82.5 -15.3125 80
      vertex 82.35458029806614 -15.283574223518372 80
    endloop
  endfacet
  facet normal 0 0 1
    outer loop
      vertex 82.35458029806614 -19.55892577767372 80
      vertex 82.35458029806614 -15.283574223518372 80
      vertex 82.23129942268133 -15.20120057463646 80
    endloop
  endfacet
  facet normal 0 0 1
    outer loop
      vertex 78.5 -16.679999999701977 80
      vertex 81.00500000268221 -14.679999999701977 80
      vertex 78.5 -14.679999999701977 80
    endloop
  endfacet
  facet normal 0 0 1
    outer loop
      vertex 78.5 -16.679999999701977 80
      vertex 81.00500000268221 -16.679999999701977 80
      vertex 81.00500000268221 -14.679999999701977 80
    endloop
  endfacet
  facet normal 0 0 1
    outer loop
      vertex 81.00500000268221 -16.679999999701977 80
      vertex 82.23129942268133 -15.20120057463646 80
      vertex 82.14892578125 -15.077919706702232 80
    endloop
  endfacet
  facet normal 0 0 1
    outer loop
      vertex 81.00500000268221 -16.679999999701977 80
      vertex 82.14892578125 -15.077919706702232 80
      vertex 81.00500000268221 -14.679999999701977 80
    endloop
  endfacet
  facet normal 0 0 1
    outer loop
      vertex 81.00500000268221 -14.679999999701977 80
      vertex 82.14892578125 -15.077919706702232 80
      vertex 82.11999999731779 -14.932499997317791 80
    endloop
  endfacet
  facet normal 0 0 1
    outer loop
      vertex 81.00500000268221 -14.679999999701977 80
      vertex 82.11999999731779 -14.932499997317791 80
      vertex 82.14892578125 -14.78708029538393 80
    endloop
  endfacet
  facet normal 0 0 1
    outer loop
      vertex 81.00500000268221 -14.679999999701977 80
      vertex 82.14892578125 -14.78708029538393 80
      vertex 81.00500000268221 -13.179999999701977 80
    endloop
  endfacet
  facet normal 0 0 1
    outer loop
      vertex 82.14892578125 -14.78708029538393 80
      vertex 82.23129942268133 -14.663799419999123 80
      vertex 81.00500000268221 -13.179999999701977 80
    endloop
  endfacet
  facet normal 0 0 1
    outer loop
      vertex 82.23129942268133 -14.663799419999123 80
      vertex 82.35458029806614 -14.581425778567791 80
      vertex 82.35458029806614 -10.306074224412441 80
    endloop
  endfacet
  facet normal 0 0 1
    outer loop
      vertex 82.35458029806614 -14.581425778567791 80
      vertex 82.5 -14.552500002086163 80
      vertex 82.35458029806614 -10.306074224412441 80
    endloop
  endfacet
  facet normal -1 0 0
    outer loop
      vertex 78.5 -13.179999999701977 -79.25
      vertex 78.5 -13.179999999701977 80
      vertex 78.5 -11.179999999701977 80
    endloop
  endfacet
  facet normal 1 0 0
    outer loop
      vertex 82.5 -10.33500000089407 -80
      vertex 82.5 -10.33500000089407 80
      vertex 82.5 -14.552500002086163 80
    endloop
  endfacet
  facet normal 0 1 0
    outer loop
      vertex 78.5 -11.179999999701977 -79.25
      vertex 78.5 -11.179999999701977 80
      vertex 81.00500000268221 -11.179999999701977 80
    endloop
  endfacet
  facet normal -1 0 0
    outer loop
      vertex 81.00500000268221 -11.179999999701977 -79.25
      vertex 81.00500000268221 -11.179999999701977 80
      vertex 81.00500000268221 -9.679999999701977 80
    endloop
  endfacet
  facet normal 0 -1 0
    outer loop
      vertex 81.00500000268221 -9.679999999701977 -79.25
      vertex 81.00500000268221 -9.679999999701977 80
      vertex 78.5 -9.679999999701977 80
    endloop
  endfacet
  facet normal 0.19509031751565922 0.9807852812984295 0
    outer loop
      vertex 82.35458029806614 -10.306074224412441 -79.25
      vertex 82.35458029806614 -10.306074224412441 80
      vertex 82.5 -10.33500000089407 80
    endloop
  endfacet
  facet normal 0.8314696153759485 0.5555702284199292 0
    outer loop
      vertex 82.14892578125 -10.100419707596302 -79.25
      vertex 82.14892578125 -10.100419707596302 80
      vertex 82.23129942268133 -10.223700575530529 80
    endloop
  endfacet
  facet normal 0.5555702399475028 0.83146960767347 0
    outer loop
      vertex 82.23129942268133 -10.223700575530529 -79.25
      vertex 82.23129942268133 -10.223700575530529 80
      vertex 82.35458029806614 -10.306074224412441 80
    endloop
  endfacet
  facet normal 0.9807852735959507 0.19509035623863177 0
    outer loop
      vertex 82.11999999731779 -9.95499999821186 -79.25
      vertex 82.11999999731779 -9.95499999821186 80
      vertex 82.14892578125 -10.100419707596302 80
    endloop
  endfacet
  facet normal 0.9807852716834022 -0.19509036585365946 0
    outer loop
      vertex 82.14892578125 -9.809580296278 -79.25
      vertex 82.14892578125 -9.809580296278 80
      vertex 82.11999999731779 -9.95499999821186 80
    endloop
  endfacet
  facet normal 0.8314696308861957 -0.5555702052072028 0
    outer loop
      vertex 82.23129942268133 -9.686299420893192 -79.25
      vertex 82.23129942268133 -9.686299420893192 80
      vertex 82.14892578125 -9.809580296278 80
    endloop
  endfacet
  facet normal -1 0 0
    outer loop
      vertex 78.5 -9.679999999701977 -79.25
      vertex 78.5 -9.679999999701977 80
      vertex 78.5 -7.679999999701977 80
    endloop
  endfacet
  facet normal 0.1950903175156592 -0.9807852812984293 0
    outer loop
      vertex 82.5 -9.575000002980232 -80
      vertex 82.5 -9.575000002980232 80
      vertex 82.35458029806614 -9.60392577946186 80
    endloop
  endfacet
  facet normal 0.5555702052072028 -0.8314696308861957 0
    outer loop
      vertex 82.35458029806614 -9.60392577946186 -79.25
      vertex 82.35458029806614 -9.60392577946186 80
      vertex 82.23129942268133 -9.686299420893192 80
    endloop
  endfacet
  facet normal 0 1 0
    outer loop
      vertex 78.5 -7.679999999701977 -79.25
      vertex 78.5 -7.679999999701977 80
      vertex 81.00500000268221 -7.679999999701977 80
    endloop
  endfacet
  facet normal -1 0 0
    outer loop
      vertex 81.00500000268221 -7.679999999701977 -79.25
      vertex 81.00500000268221 -7.679999999701977 80
      vertex 81.00500000268221 -6.179999999701977 80
    endloop
  endfacet
  facet normal 1 0 0
    outer loop
      vertex 82.5 -5.357500001788139 -80
      vertex 82.5 -5.357500001788139 80
      vertex 82.5 -9.575000002980232 80
    endloop
  endfacet
  facet normal -1 0 0
    outer loop
      vertex 78.5 -6.179999999701977 -79.25
      vertex 78.5 -6.179999999701977 80
      vertex 78.5 -4.179999999701977 80
    endloop
  endfacet
  facet normal 0 -1 0
    outer loop
      vertex 81.00500000268221 -6.179999999701977 -79.25
      vertex 81.00500000268221 -6.179999999701977 80
      vertex 78.5 -6.179999999701977 80
    endloop
  endfacet
  facet normal 0.19509031751565922 0.9807852812984295 0
    outer loop
      vertex 82.35458029806614 -5.328574225306511 -79.25
      vertex 82.35458029806614 -5.328574225306511 80
      vertex 82.5 -5.357500001788139 80
    endloop
  endfacet
  facet normal 0.5555702399475028 0.83146960767347 0
    outer loop
      vertex 82.23129942268133 -5.246200576424599 -79.25
      vertex 82.23129942268133 -5.246200576424599 80
      vertex 82.35458029806614 -5.328574225306511 80
    endloop
  endfacet
  facet normal 0.8314696308861957 0.5555702052072028 0
    outer loop
      vertex 82.14892578125 -5.122919701039791 -79.25
      vertex 82.14892578125 -5.122919701039791 80
      vertex 82.23129942268133 -5.246200576424599 80
    endloop
  endfacet
  facet normal 0.9807852716834022 0.19509036585365946 0
    outer loop
      vertex 82.11999999731779 -4.97749999910593 -79.25
      vertex 82.11999999731779 -4.97749999910593 80
      vertex 82.14892578125 -5.122919701039791 80
    endloop
  endfacet
  facet normal 0.9807852716834022 -0.19509036585365946 0
    outer loop
      vertex 82.14892578125 -4.8320802971720695 -79.25
      vertex 82.14892578125 -4.8320802971720695 80
      vertex 82.11999999731779 -4.97749999910593 80
    endloop
  endfacet
  facet normal 0 1 0
    outer loop
      vertex 78.5 -4.179999999701977 -79.25
      vertex 78.5 -4.179999999701977 80
      vertex 81.00500000268221 -4.179999999701977 80
    endloop
  endfacet
  facet normal 0.8314696308861957 -0.5555702052072028 0
    outer loop
      vertex 82.23129942268133 -4.708799421787262 -79.25
      vertex 82.23129942268133 -4.708799421787262 80
      vertex 82.14892578125 -4.8320802971720695 80
    endloop
  endfacet
  facet normal 0.5555702052072028 -0.8314696308861957 0
    outer loop
      vertex 82.35458029806614 -4.62642578035593 -79.25
      vertex 82.35458029806614 -4.62642578035593 80
      vertex 82.23129942268133 -4.708799421787262 80
    endloop
  endfacet
  facet normal 0.1950903658536595 -0.9807852716834023 0
    outer loop
      vertex 82.5 -4.597499996423721 -80
      vertex 82.5 -4.597499996423721 80
      vertex 82.35458029806614 -4.62642578035593 80
    endloop
  endfacet
  facet normal -1 0 0
    outer loop
      vertex 81.00500000268221 -4.179999999701977 -79.25
      vertex 81.00500000268221 -4.179999999701977 80
      vertex 81.00500000268221 -2.6799999997019768 80
    endloop
  endfacet
  facet normal -1 0 0
    outer loop
      vertex 78.5 -2.6799999997019768 -79.25
      vertex 78.5 -2.6799999997019768 80
      vertex 78.5 -0.6799999997019768 80
    endloop
  endfacet
  facet normal 0 -1 0
    outer loop
      vertex 81.00500000268221 -2.6799999997019768 -79.25
      vertex 81.00500000268221 -2.6799999997019768 80
      vertex 78.5 -2.6799999997019768 80
    endloop
  endfacet
  facet normal 1 0 0
    outer loop
      vertex 82.5 -0.380000002682209 -80
      vertex 82.5 -0.380000002682209 80
      vertex 82.5 -4.597499996423721 80
    endloop
  endfacet
  facet normal 0 1 0
    outer loop
      vertex 78.5 -0.6799999997019768 -79.25
      vertex 78.5 -0.6799999997019768 80
      vertex 81.00500000268221 -0.6799999997019768 80
    endloop
  endfacet
  facet normal -1 0 0
    outer loop
      vertex 81.00500000268221 -0.6799999997019768 -79.25
      vertex 81.00500000268221 -0.6799999997019768 80
      vertex 81.00500000268221 0.8200000002980232 80
    endloop
  endfacet
  facet normal 0.19509036585365946 0.9807852716834022 0
    outer loop
      vertex 82.35458029806614 -0.35107421875 -79.25
      vertex 82.35458029806614 -0.35107421875 80
      vertex 82.5 -0.380000002682209 80
    endloop
  endfacet
  facet normal 0.5555702052072028 0.8314696308861957 0
    outer loop
      vertex 82.23129942268133 -0.26870057731866837 -79.25
      vertex 82.23129942268133 -0.26870057731866837 80
      vertex 82.35458029806614 -0.35107421875 80
    endloop
  endfacet
  facet normal 0.8314696308861957 0.5555702052072028 0
    outer loop
      vertex 82.14892578125 -0.14541970193386078 -79.25
      vertex 82.14892578125 -0.14541970193386078 80
      vertex 82.23129942268133 -0.26870057731866837 80
    endloop
  endfacet
  facet normal 0.9807852716834022 0.19509036585365946 0
    outer loop
      vertex 82.14892578125 -0.14541970193386078 80
      vertex 82.11999999731779 0 -79.25
      vertex 82.11999999731779 0 80
    endloop
  endfacet
  facet normal 0 0 1
    outer loop
      vertex 78.5 -13.179999999701977 80
      vertex 81.00500000268221 -11.179999999701977 80
      vertex 78.5 -11.179999999701977 80
    endloop
  endfacet
  facet normal 0 0 1
    outer loop
      vertex 78.5 -13.179999999701977 80
      vertex 81.00500000268221 -13.179999999701977 80
      vertex 81.00500000268221 -11.179999999701977 80
    endloop
  endfacet
  facet normal 0 0 1
    outer loop
      vertex 82.23129942268133 -14.663799419999123 80
      vertex 82.23129942268133 -10.223700575530529 80
      vertex 81.00500000268221 -13.179999999701977 80
    endloop
  endfacet
  facet normal 0 0 1
    outer loop
      vertex 82.23129942268133 -14.663799419999123 80
      vertex 82.35458029806614 -10.306074224412441 80
      vertex 82.23129942268133 -10.223700575530529 80
    endloop
  endfacet
  facet normal 0 0 1
    outer loop
      vertex 82.5 -14.552500002086163 80
      vertex 82.5 -10.33500000089407 80
      vertex 82.35458029806614 -10.306074224412441 80
    endloop
  endfacet
  facet normal 0 0 1
    outer loop
      vertex 81.00500000268221 -13.179999999701977 80
      vertex 82.23129942268133 -10.223700575530529 80
      vertex 81.00500000268221 -11.179999999701977 80
    endloop
  endfacet
  facet normal 0 0 1
    outer loop
      vertex 81.00500000268221 -11.179999999701977 80
      vertex 82.23129942268133 -10.223700575530529 80
      vertex 82.14892578125 -10.100419707596302 80
    endloop
  endfacet
  facet normal 0 0 1
    outer loop
      vertex 81.00500000268221 -11.179999999701977 80
      vertex 82.14892578125 -10.100419707596302 80
      vertex 81.00500000268221 -9.679999999701977 80
    endloop
  endfacet
  facet normal 0 0 1
    outer loop
      vertex 81.00500000268221 -9.679999999701977 80
      vertex 82.14892578125 -10.100419707596302 80
      vertex 82.11999999731779 -9.95499999821186 80
    endloop
  endfacet
  facet normal 0 0 1
    outer loop
      vertex 81.00500000268221 -9.679999999701977 80
      vertex 82.11999999731779 -9.95499999821186 80
      vertex 82.14892578125 -9.809580296278 80
    endloop
  endfacet
  facet normal 0 0 1
    outer loop
      vertex 78.5 -9.679999999701977 80
      vertex 81.00500000268221 -7.679999999701977 80
      vertex 78.5 -7.679999999701977 80
    endloop
  endfacet
  facet normal 0 0 1
    outer loop
      vertex 78.5 -9.679999999701977 80
      vertex 81.00500000268221 -9.679999999701977 80
      vertex 81.00500000268221 -7.679999999701977 80
    endloop
  endfacet
  facet normal 0 0 1
    outer loop
      vertex 81.00500000268221 -9.679999999701977 80
      vertex 82.14892578125 -9.809580296278 80
      vertex 81.00500000268221 -7.679999999701977 80
    endloop
  endfacet
  facet normal 0 0 1
    outer loop
      vertex 82.14892578125 -9.809580296278 80
      vertex 82.23129942268133 -9.686299420893192 80
      vertex 81.00500000268221 -7.679999999701977 80
    endloop
  endfacet
  facet normal 0 0 1
    outer loop
      vertex 82.23129942268133 -9.686299420893192 80
      vertex 82.35458029806614 -9.60392577946186 80
      vertex 82.23129942268133 -5.246200576424599 80
    endloop
  endfacet
  facet normal 0 0 1
    outer loop
      vertex 82.35458029806614 -9.60392577946186 80
      vertex 82.5 -9.575000002980232 80
      vertex 82.23129942268133 -5.246200576424599 80
    endloop
  endfacet
  facet normal 0 0 1
    outer loop
      vertex 82.23129942268133 -9.686299420893192 80
      vertex 82.23129942268133 -5.246200576424599 80
      vertex 81.00500000268221 -7.679999999701977 80
    endloop
  endfacet
  facet normal 0 0 1
    outer loop
      vertex 82.5 -9.575000002980232 80
      vertex 82.5 -5.357500001788139 80
      vertex 82.35458029806614 -5.328574225306511 80
    endloop
  endfacet
  facet normal 0 0 1
    outer loop
      vertex 82.5 -9.575000002980232 80
      vertex 82.35458029806614 -5.328574225306511 80
      vertex 82.23129942268133 -5.246200576424599 80
    endloop
  endfacet
  facet normal 0 0 1
    outer loop
      vertex 78.5 -6.179999999701977 80
      vertex 81.00500000268221 -4.179999999701977 80
      vertex 78.5 -4.179999999701977 80
    endloop
  endfacet
  facet normal 0 0 1
    outer loop
      vertex 81.00500000268221 -7.679999999701977 80
      vertex 82.23129942268133 -5.246200576424599 80
      vertex 81.00500000268221 -6.179999999701977 80
    endloop
  endfacet
  facet normal 0 0 1
    outer loop
      vertex 78.5 -6.179999999701977 80
      vertex 81.00500000268221 -6.179999999701977 80
      vertex 81.00500000268221 -4.179999999701977 80
    endloop
  endfacet
  facet normal 0 0 1
    outer loop
      vertex 81.00500000268221 -6.179999999701977 80
      vertex 82.23129942268133 -5.246200576424599 80
      vertex 82.14892578125 -5.122919701039791 80
    endloop
  endfacet
  facet normal 0 0 1
    outer loop
      vertex 81.00500000268221 -6.179999999701977 80
      vertex 82.14892578125 -5.122919701039791 80
      vertex 81.00500000268221 -4.179999999701977 80
    endloop
  endfacet
  facet normal 0 0 1
    outer loop
      vertex 82.14892578125 -5.122919701039791 80
      vertex 82.11999999731779 -4.97749999910593 80
      vertex 81.00500000268221 -4.179999999701977 80
    endloop
  endfacet
  facet normal 0 0 1
    outer loop
      vertex 82.11999999731779 -4.97749999910593 80
      vertex 82.14892578125 -4.8320802971720695 80
      vertex 81.00500000268221 -4.179999999701977 80
    endloop
  endfacet
  facet normal 0 0 1
    outer loop
      vertex 82.14892578125 -4.8320802971720695 80
      vertex 82.23129942268133 -4.708799421787262 80
      vertex 81.00500000268221 -4.179999999701977 80
    endloop
  endfacet
  facet normal 0 0 1
    outer loop
      vertex 81.00500000268221 -4.179999999701977 80
      vertex 82.23129942268133 -4.708799421787262 80
      vertex 81.00500000268221 -2.6799999997019768 80
    endloop
  endfacet
  facet normal 0 0 1
    outer loop
      vertex 82.23129942268133 -4.708799421787262 80
      vertex 82.35458029806614 -4.62642578035593 80
      vertex 82.23129942268133 -0.26870057731866837 80
    endloop
  endfacet
  facet normal 0 0 1
    outer loop
      vertex 82.35458029806614 -4.62642578035593 80
      vertex 82.5 -4.597499996423721 80
      vertex 82.23129942268133 -0.26870057731866837 80
    endloop
  endfacet
  facet normal 0 0 1
    outer loop
      vertex 82.23129942268133 -4.708799421787262 80
      vertex 82.23129942268133 -0.26870057731866837 80
      vertex 81.00500000268221 -2.6799999997019768 80
    endloop
  endfacet
  facet normal 0 0 1
    outer loop
      vertex 78.5 -2.6799999997019768 80
      vertex 81.00500000268221 -2.6799999997019768 80
      vertex 81.00500000268221 -0.6799999997019768 80
    endloop
  endfacet
  facet normal 0 0 1
    outer loop
      vertex 82.5 -4.597499996423721 80
      vertex 82.5 -0.380000002682209 80
      vertex 82.35458029806614 -0.35107421875 80
    endloop
  endfacet
  facet normal 0 0 1
    outer loop
      vertex 82.5 -4.597499996423721 80
      vertex 82.35458029806614 -0.35107421875 80
      vertex 82.23129942268133 -0.26870057731866837 80
    endloop
  endfacet
  facet normal 0 0 1
    outer loop
      vertex 78.5 -2.6799999997019768 80
      vertex 81.00500000268221 -0.6799999997019768 80
      vertex 78.5 -0.6799999997019768 80
    endloop
  endfacet
  facet normal 0 0 1
    outer loop
      vertex 81.00500000268221 -2.6799999997019768 80
      vertex 82.23129942268133 -0.26870057731866837 80
      vertex 81.00500000268221 -0.6799999997019768 80
    endloop
  endfacet
  facet normal 0 0 1
    outer loop
      vertex 81.00500000268221 -0.6799999997019768 80
      vertex 82.23129942268133 -0.26870057731866837 80
      vertex 82.14892578125 -0.14541970193386078 80
    endloop
  endfacet
  facet normal 0 0 1
    outer loop
      vertex 81.00500000268221 -0.6799999997019768 80
      vertex 82.14892578125 -0.14541970193386078 80
      vertex 82.11999999731779 0 80
    endloop
  endfacet
  facet normal 0 0 -1
    outer loop
      vertex -78.49500000476837 25.734999999403954 -80
      vertex 78.5 25.75 -80
      vertex 78.49500000476837 25.734999999403954 -80
    endloop
  endfacet
  facet normal 0 1 0
    outer loop
      vertex -78.5 25.75 -80
      vertex 78.5 25.75 80
      vertex 78.5 25.75 -80
    endloop
  endfacet
  facet normal 0.19509036585365963 -0.9807852716834022 0
    outer loop
      vertex 82.5 0.380000002682209 -80
      vertex 82.43500000238419 0.36707069625656197 -79.25
      vertex 82.43500000238419 0.36707069625656197 -80
    endloop
  endfacet
  facet normal 0 0 -1
    outer loop
      vertex 82.5 0.380000002682209 -80
      vertex 82.43500000238419 0.36707069625656197 -80
      vertex 82.43500000238419 4.610429302849369 -80
    endloop
  endfacet
  facet normal 0 0 -1
    outer loop
      vertex 82.5 0.380000002682209 -80
      vertex 82.43500000238419 4.610429302849369 -80
      vertex 82.5 4.597499996423721 -80
    endloop
  endfacet
  facet normal 0.19509036585366285 0.9807852716834017 0
    outer loop
      vertex 82.5 4.597499996423721 -80
      vertex 82.43500000238419 4.610429302849369 -80
      vertex 82.43500000238419 4.610429302849369 -79.25
    endloop
  endfacet
  facet normal 0.19509031751565314 -0.9807852812984307 0
    outer loop
      vertex 82.5 5.357500001788139 -80
      vertex 82.43500000238419 5.344570698692769 -79.25
      vertex 82.43500000238419 5.344570698692769 -80
    endloop
  endfacet
  facet normal 0 0 -1
    outer loop
      vertex 82.5 5.357500001788139 -80
      vertex 82.43500000238419 5.344570698692769 -80
      vertex 82.43500000238419 9.587929306075603 -80
    endloop
  endfacet
  facet normal 0 0 -1
    outer loop
      vertex 82.5 5.357500001788139 -80
      vertex 82.43500000238419 9.587929306075603 -80
      vertex 82.5 9.575000002980232 -80
    endloop
  endfacet
  facet normal 0.19509031751565314 0.9807852812984307 0
    outer loop
      vertex 82.5 9.575000002980232 -80
      vertex 82.43500000238419 9.587929306075603 -80
      vertex 82.43500000238419 9.587929306075603 -79.25
    endloop
  endfacet
  facet normal 0.19509031751565314 -0.9807852812984307 0
    outer loop
      vertex 82.5 10.33500000089407 -80
      vertex 82.43500000238419 10.322070697798699 -79.25
      vertex 82.43500000238419 10.322070697798699 -80
    endloop
  endfacet
  facet normal 0 0 -1
    outer loop
      vertex 82.5 10.33500000089407 -80
      vertex 82.43500000238419 10.322070697798699 -80
      vertex 82.43500000238419 14.565429305181533 -80
    endloop
  endfacet
  facet normal 0 -1 0
    outer loop
      vertex 78.5 0.8200000002980232 -79.25
      vertex 81.00500000268221 0.8200000002980232 -79.25
      vertex 78.5 0.8200000002980232 80
    endloop
  endfacet
  facet normal -1 0 0
    outer loop
      vertex 81.00500000268221 -0.6799999997019768 -79.25
      vertex 81.00500000268221 0.8200000002980232 80
      vertex 81.00500000268221 0.8200000002980232 -79.25
    endloop
  endfacet
  facet normal 0.9807852716834022 -0.19509036585365946 0
    outer loop
      vertex 82.11999999731779 0 -79.25
      vertex 82.14892578125 0.14541970193386078 -79.25
      vertex 82.11999999731779 0 80
    endloop
  endfacet
  facet normal 0.8314696308861957 -0.5555702052072028 0
    outer loop
      vertex 82.14892578125 0.14541970193386078 -79.25
      vertex 82.23129942268133 0.26870057731866837 -79.25
      vertex 82.14892578125 0.14541970193386078 80
    endloop
  endfacet
  facet normal 0.5555702052072028 -0.8314696308861957 0
    outer loop
      vertex 82.23129942268133 0.26870057731866837 -79.25
      vertex 82.35458029806614 0.35107421875 -79.25
      vertex 82.23129942268133 0.26870057731866837 80
    endloop
  endfacet
  facet normal 0.19509036585365963 -0.9807852716834022 1.4466298291326285e-19
    outer loop
      vertex 82.5 0.380000002682209 -80
      vertex 82.35458029806614 0.35107421875 80
      vertex 82.43500000238419 0.36707069625656197 -79.25
    endloop
  endfacet
  facet normal 0.19509036585365935 -0.9807852716834023 0
    outer loop
      vertex 82.35458029806614 0.35107421875 -79.25
      vertex 82.43500000238419 0.36707069625656197 -79.25
      vertex 82.35458029806614 0.35107421875 80
    endloop
  endfacet
  facet normal -1 0 0
    outer loop
      vertex 78.5 0.8200000002980232 -79.25
      vertex 78.5 2.8200000002980232 80
      vertex 78.5 2.8200000002980232 -79.25
    endloop
  endfacet
  facet normal 1 0 0
    outer loop
      vertex 82.5 0.380000002682209 -80
      vertex 82.5 4.597499996423721 -80
      vertex 82.5 0.380000002682209 80
    endloop
  endfacet
  facet normal 0 1 0
    outer loop
      vertex 78.5 2.8200000002980232 -79.25
      vertex 81.00500000268221 2.8200000002980232 80
      vertex 81.00500000268221 2.8200000002980232 -79.25
    endloop
  endfacet
  facet normal 0 -1 0
    outer loop
      vertex 78.5 4.320000000298023 -79.25
      vertex 81.00500000268221 4.320000000298023 -79.25
      vertex 78.5 4.320000000298023 80
    endloop
  endfacet
  facet normal -1 0 0
    outer loop
      vertex 81.00500000268221 2.8200000002980232 -79.25
      vertex 81.00500000268221 4.320000000298023 80
      vertex 81.00500000268221 4.320000000298023 -79.25
    endloop
  endfacet
  facet normal 0.19509036585366285 0.9807852716834017 0
    outer loop
      vertex 82.5 4.597499996423721 -80
      vertex 82.43500000238419 4.610429302849369 -79.25
      vertex 82.5 4.597499996423721 80
    endloop
  endfacet
  facet normal 0.19509036585365674 0.9807852716834028 2.5905792922561337e-18
    outer loop
      vertex 82.35458029806614 4.62642578035593 -79.25
      vertex 82.5 4.597499996423721 80
      vertex 82.43500000238419 4.610429302849369 -79.25
    endloop
  endfacet
  facet normal 0.5555702052072028 0.8314696308861957 0
    outer loop
      vertex 82.35458029806614 4.62642578035593 -79.25
      vertex 82.23129942268133 4.708799421787262 -79.25
      vertex 82.35458029806614 4.62642578035593 80
    endloop
  endfacet
  facet normal 0.8314696308861957 0.5555702052072028 0
    outer loop
      vertex 82.23129942268133 4.708799421787262 -79.25
      vertex 82.14892578125 4.8320802971720695 -79.25
      vertex 82.23129942268133 4.708799421787262 80
    endloop
  endfacet
  facet normal -1 0 0
    outer loop
      vertex 78.5 4.320000000298023 -79.25
      vertex 78.5 6.320000000298023 80
      vertex 78.5 6.320000000298023 -79.25
    endloop
  endfacet
  facet normal 0.9807852716834022 0.19509036585365946 0
    outer loop
      vertex 82.14892578125 4.8320802971720695 -79.25
      vertex 82.11999999731779 4.97749999910593 -79.25
      vertex 82.14892578125 4.8320802971720695 80
    endloop
  endfacet
  facet normal 0.9807852716834022 -0.19509036585365946 0
    outer loop
      vertex 82.11999999731779 4.97749999910593 -79.25
      vertex 82.14892578125 5.122919701039791 -79.25
      vertex 82.11999999731779 4.97749999910593 80
    endloop
  endfacet
  facet normal 0.8314696308861957 -0.5555702052072028 0
    outer loop
      vertex 82.14892578125 5.122919701039791 -79.25
      vertex 82.23129942268133 5.246200576424599 -79.25
      vertex 82.14892578125 5.122919701039791 80
    endloop
  endfacet
  facet normal 0.5555702399475028 -0.83146960767347 0
    outer loop
      vertex 82.23129942268133 5.246200576424599 -79.25
      vertex 82.35458029806614 5.328574225306511 -79.25
      vertex 82.23129942268133 5.246200576424599 80
    endloop
  endfacet
  facet normal 0.1950903175156531 -0.9807852812984307 -5.807185513876845e-18
    outer loop
      vertex 82.5 5.357500001788139 -80
      vertex 82.35458029806614 5.328574225306511 80
      vertex 82.43500000238419 5.344570698692769 -79.25
    endloop
  endfacet
  facet normal 0.1950903175156641 -0.9807852812984283 0
    outer loop
      vertex 82.35458029806614 5.328574225306511 -79.25
      vertex 82.43500000238419 5.344570698692769 -79.25
      vertex 82.35458029806614 5.328574225306511 80
    endloop
  endfacet
  facet normal 0 1 0
    outer loop
      vertex 78.5 6.320000000298023 -79.25
      vertex 81.00500000268221 6.320000000298023 80
      vertex 81.00500000268221 6.320000000298023 -79.25
    endloop
  endfacet
  facet normal 0 -1 0
    outer loop
      vertex 78.5 7.820000000298023 -79.25
      vertex 81.00500000268221 7.820000000298023 -79.25
      vertex 78.5 7.820000000298023 80
    endloop
  endfacet
  facet normal 1 0 0
    outer loop
      vertex 82.5 5.357500001788139 -80
      vertex 82.5 9.575000002980232 -80
      vertex 82.5 5.357500001788139 80
    endloop
  endfacet
  facet normal -1 0 0
    outer loop
      vertex 81.00500000268221 6.320000000298023 -79.25
      vertex 81.00500000268221 7.820000000298023 80
      vertex 81.00500000268221 7.820000000298023 -79.25
    endloop
  endfacet
  facet normal -1 0 0
    outer loop
      vertex 78.5 7.820000000298023 -79.25
      vertex 78.5 9.820000000298023 80
      vertex 78.5 9.820000000298023 -79.25
    endloop
  endfacet
  facet normal 0.19509031751565312 0.9807852812984307 0
    outer loop
      vertex 82.5 9.575000002980232 -80
      vertex 82.43500000238419 9.587929306075603 -79.25
      vertex 82.5 9.575000002980232 80
    endloop
  endfacet
  facet normal 0.5555702052072028 0.8314696308861957 0
    outer loop
      vertex 82.35458029806614 9.60392577946186 -79.25
      vertex 82.23129942268133 9.686299420893192 -79.25
      vertex 82.35458029806614 9.60392577946186 80
    endloop
  endfacet
  facet normal 0.1950903175156641 0.9807852812984283 -4.682970304987403e-18
    outer loop
      vertex 82.35458029806614 9.60392577946186 -79.25
      vertex 82.5 9.575000002980232 80
      vertex 82.43500000238419 9.587929306075603 -79.25
    endloop
  endfacet
  facet normal 0 1 0
    outer loop
      vertex 78.5 9.820000000298023 -79.25
      vertex 81.00500000268221 9.820000000298023 80
      vertex 81.00500000268221 9.820000000298023 -79.25
    endloop
  endfacet
  facet normal 0.8314696308861957 0.5555702052072028 0
    outer loop
      vertex 82.14892578125 9.809580296278 -79.25
      vertex 82.23129942268133 9.686299420893192 80
      vertex 82.23129942268133 9.686299420893192 -79.25
    endloop
  endfacet
  facet normal 0.9807852716834022 0.19509036585365946 0
    outer loop
      vertex 82.14892578125 9.809580296278 -79.25
      vertex 82.11999999731779 9.95499999821186 -79.25
      vertex 82.14892578125 9.809580296278 80
    endloop
  endfacet
  facet normal 0.9807852735959507 -0.19509035623863177 0
    outer loop
      vertex 82.11999999731779 9.95499999821186 -79.25
      vertex 82.14892578125 10.100419707596302 -79.25
      vertex 82.11999999731779 9.95499999821186 80
    endloop
  endfacet
  facet normal 0.8314696153759485 -0.5555702284199292 0
    outer loop
      vertex 82.14892578125 10.100419707596302 -79.25
      vertex 82.23129942268133 10.223700575530529 -79.25
      vertex 82.14892578125 10.100419707596302 80
    endloop
  endfacet
  facet normal 0.5555702399475028 -0.83146960767347 0
    outer loop
      vertex 82.23129942268133 10.223700575530529 -79.25
      vertex 82.35458029806614 10.306074224412441 -79.25
      vertex 82.23129942268133 10.223700575530529 80
    endloop
  endfacet
  facet normal 0.1950903175156531 -0.9807852812984307 -5.807185513876845e-18
    outer loop
      vertex 82.5 10.33500000089407 -80
      vertex 82.35458029806614 10.306074224412441 80
      vertex 82.43500000238419 10.322070697798699 -79.25
    endloop
  endfacet
  facet normal 0.1950903175156641 -0.9807852812984283 0
    outer loop
      vertex 82.35458029806614 10.306074224412441 -79.25
      vertex 82.43500000238419 10.322070697798699 -79.25
      vertex 82.35458029806614 10.306074224412441 80
    endloop
  endfacet
  facet normal -1 0 0
    outer loop
      vertex 81.00500000268221 9.820000000298023 -79.25
      vertex 81.00500000268221 11.320000000298023 80
      vertex 81.00500000268221 11.320000000298023 -79.25
    endloop
  endfacet
  facet normal 0 -1 0
    outer loop
      vertex 78.5 11.320000000298023 -79.25
      vertex 81.00500000268221 11.320000000298023 -79.25
      vertex 78.5 11.320000000298023 80
    endloop
  endfacet
  facet normal -1 0 0
    outer loop
      vertex 78.5 11.320000000298023 -79.25
      vertex 78.5 13.320000000298023 80
      vertex 78.5 13.320000000298023 -79.25
    endloop
  endfacet
  facet normal 1 0 0
    outer loop
      vertex 82.5 10.33500000089407 -80
      vertex 82.5 14.552500002086163 -80
      vertex 82.5 10.33500000089407 80
    endloop
  endfacet
  facet normal 0 0 -1
    outer loop
      vertex 82.5 10.33500000089407 -80
      vertex 82.43500000238419 14.565429305181533 -80
      vertex 82.5 14.552500002086163 -80
    endloop
  endfacet
  facet normal 0.19509031751565314 0.9807852812984307 0
    outer loop
      vertex 82.5 14.552500002086163 -80
      vertex 82.43500000238419 14.565429305181533 -80
      vertex 82.43500000238419 14.565429305181533 -79.25
    endloop
  endfacet
  facet normal 0.19509031751565314 -0.9807852812984307 0
    outer loop
      vertex 82.5 15.3125 -80
      vertex 82.43500000238419 15.29957069690463 -79.25
      vertex 82.43500000238419 15.29957069690463 -80
    endloop
  endfacet
  facet normal 0 0 -1
    outer loop
      vertex 82.5 15.3125 -80
      vertex 82.43500000238419 15.29957069690463 -80
      vertex 82.43500000238419 19.542929304287465 -80
    endloop
  endfacet
  facet normal 0 0 -1
    outer loop
      vertex 82.5 15.3125 -80
      vertex 82.43500000238419 19.542929304287465 -80
      vertex 82.5 19.530000001192093 -80
    endloop
  endfacet
  facet normal 0.1950903175156789 0.9807852812984255 0
    outer loop
      vertex 82.5 19.530000001192093 -80
      vertex 82.43500000238419 19.542929304287465 -80
      vertex 82.43500000238419 19.542929304287465 -79.25
    endloop
  endfacet
  facet normal 0.1950903175156789 -0.9807852812984255 0
    outer loop
      vertex 82.5 20.28999999910593 -80
      vertex 82.43500000238419 20.277070696010558 -79.25
      vertex 82.43500000238419 20.277070696010558 -80
    endloop
  endfacet
  facet normal 0 0 -1
    outer loop
      vertex 82.5 20.28999999910593 -80
      vertex 82.43500000238419 20.277070696010558 -80
      vertex 82.43500000238419 21.79500000178814 -80
    endloop
  endfacet
  facet normal 0 0 -1
    outer loop
      vertex 82.5 20.28999999910593 -80
      vertex 82.43500000238419 21.79500000178814 -80
      vertex 82.5 21.75 -80
    endloop
  endfacet
  facet normal 0 0 -1
    outer loop
      vertex 82.5 21.75 -80
      vertex 82.43500000238419 21.79500000178814 -80
      vertex 82.41602782905102 22.18118753284216 -80
    endloop
  endfacet
  facet normal 0 0 -1
    outer loop
      vertex 82.5 21.75 -80
      vertex 82.41602782905102 22.18118753284216 -80
      vertex 82.48073890805244 22.142068564891815 -80
    endloop
  endfacet
  facet normal 0 0 -1
    outer loop
      vertex 82.48073890805244 22.142068564891815 -80
      vertex 82.41602782905102 22.18118753284216 -80
      vertex 82.35929401218891 22.563655868172646 -80
    endloop
  endfacet
  facet normal 0 0 -1
    outer loop
      vertex 82.48073890805244 22.142068564891815 -80
      vertex 82.35929401218891 22.563655868172646 -80
      vertex 82.42314112186432 22.53036128729582 -80
    endloop
  endfacet
  facet normal 0 0 -1
    outer loop
      vertex 77.03266928784828 22.75754302434902 -80
      vertex 77.19756313292355 22.972436867076457 -80
      vertex 77.26256313174963 22.98743686825037 -80
    endloop
  endfacet
  facet normal 0.7071067811865476 -0.7071067811865476 0
    outer loop
      vertex 77.03266928784828 22.75754302434902 -80
      vertex 77.26256313174963 22.98743686825037 -80
      vertex 77.03266928784828 22.75754302434902 -79.25
    endloop
  endfacet
  facet normal 0 0 -1
    outer loop
      vertex 77.19756313292355 22.972436867076457 -80
      vertex 77.56 23.250544456622766 -80
      vertex 77.26256313174963 22.98743686825037 -80
    endloop
  endfacet
  facet normal 0 0 -1
    outer loop
      vertex 77.26256313174963 22.98743686825037 -80
      vertex 77.56 23.250544456622766 -80
      vertex 77.625 23.265544459223747 -80
    endloop
  endfacet
  facet normal 0 0 -1
    outer loop
      vertex 77.625 23.265544459223747 -80
      vertex 77.56 23.250544456622766 -80
      vertex 77.9820666710706 23.42537019600587 -80
    endloop
  endfacet
  facet normal 0 0 -1
    outer loop
      vertex 77.625 23.265544459223747 -80
      vertex 77.9820666710706 23.42537019600587 -80
      vertex 78.02426598733138 23.430925841388078 -80
    endloop
  endfacet
  facet normal 0.38268342291907403 -0.9238795364239545 0
    outer loop
      vertex 77.625 23.265544459223747 -80
      vertex 78.02426598733138 23.430925841388078 -80
      vertex 78.02426598733138 23.430925841388078 -79.25
    endloop
  endfacet
  facet normal 0 0 -1
    outer loop
      vertex 82.42314112186432 22.53036128729582 -80
      vertex 82.35929401218891 22.563655868172646 -80
      vertex 82.26534492522478 22.938721626996994 -80
    endloop
  endfacet
  facet normal 0 0 -1
    outer loop
      vertex 82.42314112186432 22.53036128729582 -80
      vertex 82.26534492522478 22.938721626996994 -80
      vertex 82.32776134461164 22.911138705909252 -80
    endloop
  endfacet
  facet normal 0 0 -1
    outer loop
      vertex 82.32776134461164 22.911138705909252 -80
      vertex 82.26534492522478 22.938721626996994 -80
      vertex 82.13508535921574 23.302772723138332 -80
    endloop
  endfacet
  facet normal 0 0 -1
    outer loop
      vertex 82.32776134461164 22.911138705909252 -80
      vertex 82.13508535921574 23.302772723138332 -80
      vertex 82.1955181285739 23.280733726918697 -80
    endloop
  endfacet
  facet normal 0 0 -1
    outer loop
      vertex 82.13508535921574 23.302772723138332 -80
      vertex 81.96976978331804 23.652303144335747 -80
      vertex 82.1955181285739 23.280733726918697 -80
    endloop
  endfacet
  facet normal 0 0 -1
    outer loop
      vertex 82.1955181285739 23.280733726918697 -80
      vertex 81.96976978331804 23.652303144335747 -80
      vertex 82.02768506109715 23.635586947202682 -80
    endloop
  endfacet
  facet normal 0 0 -1
    outer loop
      vertex 81.82587844878435 23.97228093445301 -80
      vertex 81.77099027484655 23.983946718275547 -80
      vertex 81.54066119343042 24.294509544968605 -80
    endloop
  endfacet
  facet normal 0 0 -1
    outer loop
      vertex 82.02768506109715 23.635586947202682 -80
      vertex 81.96976978331804 23.652303144335747 -80
      vertex 81.77099027484655 23.983946718275547 -80
    endloop
  endfacet
  facet normal 0 0 -1
    outer loop
      vertex 82.02768506109715 23.635586947202682 -80
      vertex 81.77099027484655 23.983946718275547 -80
      vertex 81.82587844878435 23.97228093445301 -80
    endloop
  endfacet
  facet normal 0 0 -1
    outer loop
      vertex 78.5 25.75 -80
      vertex 78.89206856489182 25.730738908052444 -80
      vertex 78.49500000476837 25.734999999403954 -80
    endloop
  endfacet
  facet normal 0 0 -1
    outer loop
      vertex 78.49500000476837 25.734999999403954 -80
      vertex 78.89206856489182 25.730738908052444 -80
      vertex 78.88118753582239 25.716027826070786 -80
    endloop
  endfacet
  facet normal 0 0 -1
    outer loop
      vertex 78.89206856489182 25.730738908052444 -80
      vertex 79.28036128729582 25.67314112186432 -80
      vertex 78.88118753582239 25.716027826070786 -80
    endloop
  endfacet
  facet normal 0 0 -1
    outer loop
      vertex 78.88118753582239 25.716027826070786 -80
      vertex 79.28036128729582 25.67314112186432 -80
      vertex 79.26365587115288 25.65929400920868 -80
    endloop
  endfacet
  facet normal 0 0 -1
    outer loop
      vertex 79.63872162997723 25.56534492224455 -80
      vertex 80.0307337269187 25.445518128573895 -80
      vertex 80.00277272611856 25.435085356235504 -80
    endloop
  endfacet
  facet normal 0 0 -1
    outer loop
      vertex 79.66113870590925 25.577761344611645 -80
      vertex 80.0307337269187 25.445518128573895 -80
      vertex 79.63872162997723 25.56534492224455 -80
    endloop
  endfacet
  facet normal 0 0 -1
    outer loop
      vertex 79.26365587115288 25.65929400920868 -80
      vertex 79.28036128729582 25.67314112186432 -80
      vertex 79.66113870590925 25.577761344611645 -80
    endloop
  endfacet
  facet normal 0 0 -1
    outer loop
      vertex 79.26365587115288 25.65929400920868 -80
      vertex 79.66113870590925 25.577761344611645 -80
      vertex 79.63872162997723 25.56534492224455 -80
    endloop
  endfacet
  facet normal 0 0 -1
    outer loop
      vertex 80.99450954794884 24.84066119045019 -80
      vertex 81.3284271210432 24.578427121043205 -80
      vertex 81.28100072592497 24.581000722944736 -80
    endloop
  endfacet
  facet normal 0 0 -1
    outer loop
      vertex 81.03757313638926 24.842041812837124 -80
      vertex 81.3284271210432 24.578427121043205 -80
      vertex 80.99450954794884 24.84066119045019 -80
    endloop
  endfacet
  facet normal 0 0 -1
    outer loop
      vertex 81.03757313638926 24.842041812837124 -80
      vertex 80.99450954794884 24.84066119045019 -80
      vertex 80.68394672125578 25.07099027186632 -80
    endloop
  endfacet
  facet normal 0 0 -1
    outer loop
      vertex 81.82587844878435 23.97228093445301 -80
      vertex 81.54066119343042 24.294509544968605 -80
      vertex 81.59204181283712 24.287573136389256 -80
    endloop
  endfacet
  facet normal 0 0 -1
    outer loop
      vertex 81.59204181283712 24.287573136389256 -80
      vertex 81.54066119343042 24.294509544968605 -80
      vertex 81.28100072592497 24.581000722944736 -80
    endloop
  endfacet
  facet normal 0 0 -1
    outer loop
      vertex 81.59204181283712 24.287573136389256 -80
      vertex 81.28100072592497 24.581000722944736 -80
      vertex 81.3284271210432 24.578427121043205 -80
    endloop
  endfacet
  facet normal 0 0 -1
    outer loop
      vertex 80.38558694720268 25.277685061097145 -80
      vertex 80.72228093445301 25.07587844878435 -80
      vertex 80.35230314731598 25.26976978033781 -80
    endloop
  endfacet
  facet normal 0 0 -1
    outer loop
      vertex 80.38558694720268 25.277685061097145 -80
      vertex 80.35230314731598 25.26976978033781 -80
      vertex 80.00277272611856 25.435085356235504 -80
    endloop
  endfacet
  facet normal 0 0 -1
    outer loop
      vertex 81.03757313638926 24.842041812837124 -80
      vertex 80.68394672125578 25.07099027186632 -80
      vertex 80.72228093445301 25.07587844878435 -80
    endloop
  endfacet
  facet normal 0 0 -1
    outer loop
      vertex 80.35230314731598 25.26976978033781 -80
      vertex 80.72228093445301 25.07587844878435 -80
      vertex 80.68394672125578 25.07099027186632 -80
    endloop
  endfacet
  facet normal 0 0 -1
    outer loop
      vertex 80.38558694720268 25.277685061097145 -80
      vertex 80.00277272611856 25.435085356235504 -80
      vertex 80.0307337269187 25.445518128573895 -80
    endloop
  endfacet
  facet normal 0 1 0
    outer loop
      vertex 78.5 13.320000000298023 -79.25
      vertex 81.00500000268221 13.320000000298023 80
      vertex 81.00500000268221 13.320000000298023 -79.25
    endloop
  endfacet
  facet normal -1 0 0
    outer loop
      vertex 81.00500000268221 13.320000000298023 -79.25
      vertex 81.00500000268221 14.820000000298023 80
      vertex 81.00500000268221 14.820000000298023 -79.25
    endloop
  endfacet
  facet normal 0 -1 0
    outer loop
      vertex 78.5 14.820000000298023 -79.25
      vertex 81.00500000268221 14.820000000298023 -79.25
      vertex 78.5 14.820000000298023 80
    endloop
  endfacet
  facet normal 0.19509031751565312 0.9807852812984307 0
    outer loop
      vertex 82.5 14.552500002086163 -80
      vertex 82.43500000238419 14.565429305181533 -79.25
      vertex 82.5 14.552500002086163 80
    endloop
  endfacet
  facet normal 0.1950903175156641 0.9807852812984283 -4.682970304987403e-18
    outer loop
      vertex 82.35458029806614 14.581425778567791 -79.25
      vertex 82.5 14.552500002086163 80
      vertex 82.43500000238419 14.565429305181533 -79.25
    endloop
  endfacet
  facet normal 0.5555702052072028 0.8314696308861957 0
    outer loop
      vertex 82.35458029806614 14.581425778567791 -79.25
      vertex 82.23129942268133 14.663799419999123 -79.25
      vertex 82.35458029806614 14.581425778567791 80
    endloop
  endfacet
  facet normal 0.9807852716834022 0.19509036585365946 0
    outer loop
      vertex 82.14892578125 14.78708029538393 -79.25
      vertex 82.11999999731779 14.932499997317791 -79.25
      vertex 82.14892578125 14.78708029538393 80
    endloop
  endfacet
  facet normal 0.8314696308861957 0.5555702052072028 0
    outer loop
      vertex 82.23129942268133 14.663799419999123 -79.25
      vertex 82.14892578125 14.78708029538393 -79.25
      vertex 82.23129942268133 14.663799419999123 80
    endloop
  endfacet
  facet normal 0.9807852735959507 -0.19509035623863177 0
    outer loop
      vertex 82.11999999731779 14.932499997317791 -79.25
      vertex 82.14892578125 15.077919706702232 -79.25
      vertex 82.11999999731779 14.932499997317791 80
    endloop
  endfacet
  facet normal 0.8314696153759485 -0.5555702284199292 0
    outer loop
      vertex 82.14892578125 15.077919706702232 -79.25
      vertex 82.23129942268133 15.20120057463646 -79.25
      vertex 82.14892578125 15.077919706702232 80
    endloop
  endfacet
  facet normal 0.5555702399475028 -0.83146960767347 0
    outer loop
      vertex 82.23129942268133 15.20120057463646 -79.25
      vertex 82.35458029806614 15.283574223518372 -79.25
      vertex 82.23129942268133 15.20120057463646 80
    endloop
  endfacet
  facet normal 0.1950903175156641 -0.9807852812984283 0
    outer loop
      vertex 82.35458029806614 15.283574223518372 -79.25
      vertex 82.43500000238419 15.29957069690463 -79.25
      vertex 82.35458029806614 15.283574223518372 80
    endloop
  endfacet
  facet normal 0.1950903175156531 -0.9807852812984307 -5.807185513876845e-18
    outer loop
      vertex 82.5 15.3125 -80
      vertex 82.35458029806614 15.283574223518372 80
      vertex 82.43500000238419 15.29957069690463 -79.25
    endloop
  endfacet
  facet normal -1 0 0
    outer loop
      vertex 78.5 14.820000000298023 -79.25
      vertex 78.5 16.820000000298023 80
      vertex 78.5 16.820000000298023 -79.25
    endloop
  endfacet
  facet normal 0 1 0
    outer loop
      vertex 78.5 16.820000000298023 -79.25
      vertex 81.00500000268221 16.820000000298023 80
      vertex 81.00500000268221 16.820000000298023 -79.25
    endloop
  endfacet
  facet normal 1 0 0
    outer loop
      vertex 82.5 15.3125 -80
      vertex 82.5 19.530000001192093 -80
      vertex 82.5 15.3125 80
    endloop
  endfacet
  facet normal 0 -1 0
    outer loop
      vertex 77.57487373799086 18.350000001490116 -79.25
      vertex 78.5 18.350000001490116 -79.25
      vertex 77.57487373799086 18.350000001490116 80
    endloop
  endfacet
  facet normal -1 0 0
    outer loop
      vertex 78.5 18.350000001490116 -79.25
      vertex 78.5 18.320000000298023 -79.25
      vertex 78.5 18.350000001490116 80
    endloop
  endfacet
  facet normal 0 -1 0
    outer loop
      vertex 78.5 18.320000000298023 -79.25
      vertex 81.00500000268221 18.320000000298023 -79.25
      vertex 78.5 18.320000000298023 80
    endloop
  endfacet
  facet normal -1 0 0
    outer loop
      vertex 81.00500000268221 16.820000000298023 -79.25
      vertex 81.00500000268221 18.320000000298023 80
      vertex 81.00500000268221 18.320000000298023 -79.25
    endloop
  endfacet
  facet normal 0.7071067811865476 -0.7071067811865476 0
    outer loop
      vertex 75.10000000149012 20.824873737990856 -79.25
      vertex 77.03266928784828 22.75754302434902 -79.25
      vertex 75.10000000149012 20.824873737990856 80
    endloop
  endfacet
  facet normal 0.7071067811865476 -0.7071067811865476 0
    outer loop
      vertex 77.03266928784828 22.75754302434902 -79.25
      vertex 77.26256313174963 22.98743686825037 -80
      vertex 75.10000000149012 20.824873737990856 80
    endloop
  endfacet
  facet normal -0.7071067811865475 0.7071067811865475 0
    outer loop
      vertex 77.57487373799086 18.350000001490116 -79.25
      vertex 79.73743686825037 20.51256313174963 80
      vertex 79.73743686825037 20.51256313174963 -79.25
    endloop
  endfacet
  facet normal 0.19509031751567893 0.9807852812984256 0
    outer loop
      vertex 82.5 19.530000001192093 -80
      vertex 82.43500000238419 19.542929304287465 -79.25
      vertex 82.5 19.530000001192093 80
    endloop
  endfacet
  facet normal 0.5555702399475028 0.83146960767347 0
    outer loop
      vertex 82.35458029806614 19.55892577767372 -79.25
      vertex 82.23129942268133 19.641299426555634 -79.25
      vertex 82.35458029806614 19.55892577767372 80
    endloop
  endfacet
  facet normal 0.19509031751564326 0.9807852812984325 1.5111712686306932e-17
    outer loop
      vertex 82.35458029806614 19.55892577767372 -79.25
      vertex 82.5 19.530000001192093 80
      vertex 82.43500000238419 19.542929304287465 -79.25
    endloop
  endfacet
  facet normal 0.8314696153759485 0.5555702284199292 0
    outer loop
      vertex 82.23129942268133 19.641299426555634 -79.25
      vertex 82.14892578125 19.76458029448986 -79.25
      vertex 82.23129942268133 19.641299426555634 80
    endloop
  endfacet
  facet normal 0.9807852716834022 0.19509036585365946 0
    outer loop
      vertex 82.14892578125 19.76458029448986 -79.25
      vertex 82.11999999731779 19.90999999642372 -79.25
      vertex 82.14892578125 19.76458029448986 80
    endloop
  endfacet
  facet normal 0.9807852735959507 -0.19509035623863177 0
    outer loop
      vertex 82.11999999731779 19.90999999642372 -79.25
      vertex 82.14892578125 20.055419705808163 -79.25
      vertex 82.11999999731779 19.90999999642372 80
    endloop
  endfacet
  facet normal 0.8314696153759485 -0.5555702284199292 0
    outer loop
      vertex 82.14892578125 20.055419705808163 -79.25
      vertex 82.23129942268133 20.17870057374239 -79.25
      vertex 82.14892578125 20.055419705808163 80
    endloop
  endfacet
  facet normal -0.7933533397348493 0.6087614297338169 0
    outer loop
      vertex 79.73743686825037 20.51256313174963 -79.25
      vertex 80.01554445922375 20.875 80
      vertex 80.01554445922375 20.875 -79.25
    endloop
  endfacet
  facet normal 0.5555702399475028 -0.83146960767347 0
    outer loop
      vertex 82.23129942268133 20.17870057374239 -79.25
      vertex 82.35458029806614 20.261074222624302 -79.25
      vertex 82.23129942268133 20.17870057374239 80
    endloop
  endfacet
  facet normal 0.1950903175156791 -0.9807852812984253 1.8806187963088613e-17
    outer loop
      vertex 82.5 20.28999999910593 -80
      vertex 82.35458029806614 20.261074222624302 80
      vertex 82.43500000238419 20.277070696010558 -79.25
    endloop
  endfacet
  facet normal 0.19509031751564326 -0.9807852812984325 0
    outer loop
      vertex 82.35458029806614 20.261074222624302 -79.25
      vertex 82.43500000238419 20.277070696010558 -79.25
      vertex 82.35458029806614 20.261074222624302 80
    endloop
  endfacet
  facet normal 1 0 0
    outer loop
      vertex 82.5 20.28999999910593 -80
      vertex 82.5 21.75 -80
      vertex 82.5 20.28999999910593 80
    endloop
  endfacet
  facet normal -0.9238795364239519 0.3826834229190802 0
    outer loop
      vertex 80.01554445922375 20.875 -79.25
      vertex 80.19037019461393 21.297066673636436 80
      vertex 80.19037019461393 21.297066673636436 -79.25
    endloop
  endfacet
  facet normal -0.991444860883828 0.13052619594183673 0
    outer loop
      vertex 80.19037019461393 21.297066673636436 -79.25
      vertex 80.25 21.75 80
      vertex 80.25 21.75 -79.25
    endloop
  endfacet
  facet normal -0.991444860883828 -0.13052619594183673 0
    outer loop
      vertex 80.25 21.75 -79.25
      vertex 80.19037019461393 22.202933326363564 80
      vertex 80.19037019461393 22.202933326363564 -79.25
    endloop
  endfacet
  facet normal -0.9238795364239519 -0.3826834229190802 0
    outer loop
      vertex 80.19037019461393 22.202933326363564 -79.25
      vertex 80.01554445922375 22.625 80
      vertex 80.01554445922375 22.625 -79.25
    endloop
  endfacet
  facet normal 0.9987954563973426 0.0490676704157047 0
    outer loop
      vertex 82.5 21.75 -80
      vertex 82.48073890805244 22.142068564891815 -80
      vertex 82.5 21.75 80
    endloop
  endfacet
  facet normal 0.9891765093153608 0.14673047883339677 0
    outer loop
      vertex 82.48073890805244 22.142068564891815 -80
      vertex 82.42314112186432 22.53036128729582 -80
      vertex 82.48073890805244 22.142068564891815 80
    endloop
  endfacet
  facet normal -1 0 0
    outer loop
      vertex 75.10000000149012 20.824873737990856 -79.25
      vertex 75.10000000149012 24.25500000268221 80
      vertex 75.10000000149012 24.25500000268221 -79.25
    endloop
  endfacet
  facet normal 0.6087614297338169 -0.7933533397348494 0
    outer loop
      vertex 77.26256313174963 22.98743686825037 -80
      vertex 77.625 23.265544459223747 -80
      vertex 77.26256313174963 22.98743686825037 80
    endloop
  endfacet
  facet normal 0.3826834229190741 -0.9238795364239546 0
    outer loop
      vertex 77.625 23.265544459223747 -80
      vertex 78.02426598733138 23.430925841388078 -79.25
      vertex 77.625 23.265544459223747 80
    endloop
  endfacet
  facet normal -0.7933533397348493 -0.6087614297338169 0
    outer loop
      vertex 79.73743686825037 22.98743686825037 -79.25
      vertex 80.01554445922375 22.625 -79.25
      vertex 79.73743686825037 22.98743686825037 80
    endloop
  endfacet
  facet normal -0.6087614297338169 -0.7933533397348493 0
    outer loop
      vertex 79.73743686825037 22.98743686825037 -79.25
      vertex 79.375 23.265544459223747 80
      vertex 79.375 23.265544459223747 -79.25
    endloop
  endfacet
  facet normal 0.3826834229191886 -0.9238795364239071 3.365565840354771e-16
    outer loop
      vertex 78.02426598733138 23.430925841388078 -79.25
      vertex 78.04706667363644 23.440370194613934 -79.25
      vertex 77.625 23.265544459223747 80
    endloop
  endfacet
  facet normal 0.13052619594183673 -0.991444860883828 0
    outer loop
      vertex 78.04706667363644 23.440370194613934 -79.25
      vertex 78.5 23.5 -79.25
      vertex 78.04706667363644 23.440370194613934 80
    endloop
  endfacet
  facet normal -0.13052619594183673 -0.991444860883828 0
    outer loop
      vertex 78.5 23.5 -79.25
      vertex 78.95293332636356 23.440370194613934 -79.25
      vertex 78.5 23.5 80
    endloop
  endfacet
  facet normal -0.3826834229190802 -0.9238795364239519 0
    outer loop
      vertex 79.375 23.265544459223747 -79.25
      vertex 78.95293332636356 23.440370194613934 80
      vertex 78.95293332636356 23.440370194613934 -79.25
    endloop
  endfacet
  facet normal 0.970031253702096 0.24298017787700282 0
    outer loop
      vertex 82.42314112186432 22.53036128729582 -80
      vertex 82.32776134461164 22.911138705909252 -80
      vertex 82.42314112186432 22.53036128729582 80
    endloop
  endfacet
  facet normal 0.9415440627982695 0.3368898600571533 0
    outer loop
      vertex 82.32776134461164 22.911138705909252 -80
      vertex 82.1955181285739 23.280733726918697 -80
      vertex 82.32776134461164 22.911138705909252 80
    endloop
  endfacet
  facet normal 0.9039892993552974 0.4275550802541337 0
    outer loop
      vertex 82.1955181285739 23.280733726918697 -80
      vertex 82.02768506109715 23.635586947202682 -80
      vertex 82.1955181285739 23.280733726918697 80
    endloop
  endfacet
  facet normal 0.8032075288650012 0.5956993080192207 0
    outer loop
      vertex 81.82587844878435 23.97228093445301 -80
      vertex 81.59204181283712 24.287573136389256 -80
      vertex 81.82587844878435 23.97228093445301 80
    endloop
  endfacet
  facet normal 0.857728607028397 0.5141027491514958 0
    outer loop
      vertex 82.02768506109715 23.635586947202682 -80
      vertex 81.82587844878435 23.97228093445301 -80
      vertex 82.02768506109715 23.635586947202682 80
    endloop
  endfacet
  facet normal 0.0490676704157047 0.9987954563973426 0
    outer loop
      vertex 78.5 25.75 -80
      vertex 78.89206856489182 25.730738908052444 80
      vertex 78.89206856489182 25.730738908052444 -80
    endloop
  endfacet
  facet normal 0.14673047883339677 0.9891765093153608 0
    outer loop
      vertex 78.89206856489182 25.730738908052444 -80
      vertex 79.28036128729582 25.67314112186432 80
      vertex 79.28036128729582 25.67314112186432 -80
    endloop
  endfacet
  facet normal 0.3368898600571533 0.9415440627982695 0
    outer loop
      vertex 79.66113870590925 25.577761344611645 -80
      vertex 80.0307337269187 25.445518128573895 80
      vertex 80.0307337269187 25.445518128573895 -80
    endloop
  endfacet
  facet normal 0.24298017787700282 0.970031253702096 0
    outer loop
      vertex 79.28036128729582 25.67314112186432 -80
      vertex 79.66113870590925 25.577761344611645 80
      vertex 79.66113870590925 25.577761344611645 -80
    endloop
  endfacet
  facet normal 0.5956993080192207 0.8032075288650012 0
    outer loop
      vertex 81.03757313638926 24.842041812837124 -80
      vertex 80.72228093445301 25.07587844878435 -80
      vertex 81.03757313638926 24.842041812837124 80
    endloop
  endfacet
  facet normal 0.7409511174895533 0.6715589635251562 0
    outer loop
      vertex 81.59204181283712 24.287573136389256 -80
      vertex 81.3284271210432 24.578427121043205 -80
      vertex 81.59204181283712 24.287573136389256 80
    endloop
  endfacet
  facet normal 0.6715589635251562 0.7409511174895533 0
    outer loop
      vertex 81.03757313638926 24.842041812837124 -80
      vertex 81.3284271210432 24.578427121043205 80
      vertex 81.3284271210432 24.578427121043205 -80
    endloop
  endfacet
  facet normal 0.4275550802541337 0.9039892993552974 0
    outer loop
      vertex 80.38558694720268 25.277685061097145 -80
      vertex 80.0307337269187 25.445518128573895 -80
      vertex 80.38558694720268 25.277685061097145 80
    endloop
  endfacet
  facet normal 0.5141027491514958 0.857728607028397 0
    outer loop
      vertex 80.38558694720268 25.277685061097145 -80
      vertex 80.72228093445301 25.07587844878435 80
      vertex 80.72228093445301 25.07587844878435 -80
    endloop
  endfacet
  facet normal 0 -1 0
    outer loop
      vertex -75.10000000149012 24.25500000268221 80
      vertex 75.10000000149012 24.25500000268221 -79.25
      vertex 75.10000000149012 24.25500000268221 80
    endloop
  endfacet
  facet normal 0 0 1
    outer loop
      vertex -75.10000000149012 24.25500000268221 80
      vertex 75.10000000149012 24.25500000268221 80
      vertex 78.5 25.75 80
    endloop
  endfacet
  facet normal -1 0 0
    outer loop
      vertex 78.5 0.8200000002980232 -79.25
      vertex 78.5 0.8200000002980232 80
      vertex 78.5 2.8200000002980232 80
    endloop
  endfacet
  facet normal 0.9807852716834022 -0.19509036585365946 0
    outer loop
      vertex 82.14892578125 0.14541970193386078 -79.25
      vertex 82.14892578125 0.14541970193386078 80
      vertex 82.11999999731779 0 80
    endloop
  endfacet
  facet normal 0.1950903658536595 -0.9807852716834023 0
    outer loop
      vertex 82.5 0.380000002682209 -80
      vertex 82.5 0.380000002682209 80
      vertex 82.35458029806614 0.35107421875 80
    endloop
  endfacet
  facet normal 0.8314696308861957 -0.5555702052072028 0
    outer loop
      vertex 82.23129942268133 0.26870057731866837 -79.25
      vertex 82.23129942268133 0.26870057731866837 80
      vertex 82.14892578125 0.14541970193386078 80
    endloop
  endfacet
  facet normal 0.5555702052072028 -0.8314696308861957 0
    outer loop
      vertex 82.35458029806614 0.35107421875 -79.25
      vertex 82.35458029806614 0.35107421875 80
      vertex 82.23129942268133 0.26870057731866837 80
    endloop
  endfacet
  facet normal 0 -1 0
    outer loop
      vertex 81.00500000268221 0.8200000002980232 -79.25
      vertex 81.00500000268221 0.8200000002980232 80
      vertex 78.5 0.8200000002980232 80
    endloop
  endfacet
  facet normal 0 1 0
    outer loop
      vertex 78.5 2.8200000002980232 -79.25
      vertex 78.5 2.8200000002980232 80
      vertex 81.00500000268221 2.8200000002980232 80
    endloop
  endfacet
  facet normal 1 0 0
    outer loop
      vertex 82.5 4.597499996423721 -80
      vertex 82.5 4.597499996423721 80
      vertex 82.5 0.380000002682209 80
    endloop
  endfacet
  facet normal -1 0 0
    outer loop
      vertex 81.00500000268221 2.8200000002980232 -79.25
      vertex 81.00500000268221 2.8200000002980232 80
      vertex 81.00500000268221 4.320000000298023 80
    endloop
  endfacet
  facet normal 0 -1 0
    outer loop
      vertex 81.00500000268221 4.320000000298023 -79.25
      vertex 81.00500000268221 4.320000000298023 80
      vertex 78.5 4.320000000298023 80
    endloop
  endfacet
  facet normal 0.19509036585365946 0.9807852716834022 0
    outer loop
      vertex 82.35458029806614 4.62642578035593 -79.25
      vertex 82.35458029806614 4.62642578035593 80
      vertex 82.5 4.597499996423721 80
    endloop
  endfacet
  facet normal 0.8314696308861957 0.5555702052072028 0
    outer loop
      vertex 82.14892578125 4.8320802971720695 -79.25
      vertex 82.14892578125 4.8320802971720695 80
      vertex 82.23129942268133 4.708799421787262 80
    endloop
  endfacet
  facet normal 0.5555702052072028 0.8314696308861957 0
    outer loop
      vertex 82.23129942268133 4.708799421787262 -79.25
      vertex 82.23129942268133 4.708799421787262 80
      vertex 82.35458029806614 4.62642578035593 80
    endloop
  endfacet
  facet normal -1 0 0
    outer loop
      vertex 78.5 4.320000000298023 -79.25
      vertex 78.5 4.320000000298023 80
      vertex 78.5 6.320000000298023 80
    endloop
  endfacet
  facet normal 0 1 0
    outer loop
      vertex 78.5 6.320000000298023 -79.25
      vertex 78.5 6.320000000298023 80
      vertex 81.00500000268221 6.320000000298023 80
    endloop
  endfacet
  facet normal 0.9807852716834022 0.19509036585365946 0
    outer loop
      vertex 82.11999999731779 4.97749999910593 -79.25
      vertex 82.11999999731779 4.97749999910593 80
      vertex 82.14892578125 4.8320802971720695 80
    endloop
  endfacet
  facet normal 0.9807852716834022 -0.19509036585365946 0
    outer loop
      vertex 82.14892578125 5.122919701039791 -79.25
      vertex 82.14892578125 5.122919701039791 80
      vertex 82.11999999731779 4.97749999910593 80
    endloop
  endfacet
  facet normal 0.8314696308861957 -0.5555702052072028 0
    outer loop
      vertex 82.23129942268133 5.246200576424599 -79.25
      vertex 82.23129942268133 5.246200576424599 80
      vertex 82.14892578125 5.122919701039791 80
    endloop
  endfacet
  facet normal 0.1950903175156592 -0.9807852812984293 0
    outer loop
      vertex 82.5 5.357500001788139 -80
      vertex 82.5 5.357500001788139 80
      vertex 82.35458029806614 5.328574225306511 80
    endloop
  endfacet
  facet normal 0.5555702399475028 -0.83146960767347 0
    outer loop
      vertex 82.35458029806614 5.328574225306511 -79.25
      vertex 82.35458029806614 5.328574225306511 80
      vertex 82.23129942268133 5.246200576424599 80
    endloop
  endfacet
  facet normal -1 0 0
    outer loop
      vertex 81.00500000268221 6.320000000298023 -79.25
      vertex 81.00500000268221 6.320000000298023 80
      vertex 81.00500000268221 7.820000000298023 80
    endloop
  endfacet
  facet normal 0 -1 0
    outer loop
      vertex 81.00500000268221 7.820000000298023 -79.25
      vertex 81.00500000268221 7.820000000298023 80
      vertex 78.5 7.820000000298023 80
    endloop
  endfacet
  facet normal -1 0 0
    outer loop
      vertex 78.5 7.820000000298023 -79.25
      vertex 78.5 7.820000000298023 80
      vertex 78.5 9.820000000298023 80
    endloop
  endfacet
  facet normal 1 0 0
    outer loop
      vertex 82.5 9.575000002980232 -80
      vertex 82.5 9.575000002980232 80
      vertex 82.5 5.357500001788139 80
    endloop
  endfacet
  facet normal 0.19509031751565922 0.9807852812984295 0
    outer loop
      vertex 82.35458029806614 9.60392577946186 -79.25
      vertex 82.35458029806614 9.60392577946186 80
      vertex 82.5 9.575000002980232 80
    endloop
  endfacet
  facet normal 0 1 0
    outer loop
      vertex 78.5 9.820000000298023 -79.25
      vertex 78.5 9.820000000298023 80
      vertex 81.00500000268221 9.820000000298023 80
    endloop
  endfacet
  facet normal -1 0 0
    outer loop
      vertex 81.00500000268221 9.820000000298023 -79.25
      vertex 81.00500000268221 9.820000000298023 80
      vertex 81.00500000268221 11.320000000298023 80
    endloop
  endfacet
  facet normal 0.8314696308861957 0.5555702052072028 0
    outer loop
      vertex 82.14892578125 9.809580296278 -79.25
      vertex 82.14892578125 9.809580296278 80
      vertex 82.23129942268133 9.686299420893192 80
    endloop
  endfacet
  facet normal 0.5555702052072028 0.8314696308861957 0
    outer loop
      vertex 82.23129942268133 9.686299420893192 -79.25
      vertex 82.23129942268133 9.686299420893192 80
      vertex 82.35458029806614 9.60392577946186 80
    endloop
  endfacet
  facet normal 0.9807852716834022 0.19509036585365946 0
    outer loop
      vertex 82.11999999731779 9.95499999821186 -79.25
      vertex 82.11999999731779 9.95499999821186 80
      vertex 82.14892578125 9.809580296278 80
    endloop
  endfacet
  facet normal 0.9807852735959507 -0.19509035623863177 0
    outer loop
      vertex 82.14892578125 10.100419707596302 -79.25
      vertex 82.14892578125 10.100419707596302 80
      vertex 82.11999999731779 9.95499999821186 80
    endloop
  endfacet
  facet normal 0.8314696153759485 -0.5555702284199292 0
    outer loop
      vertex 82.23129942268133 10.223700575530529 -79.25
      vertex 82.23129942268133 10.223700575530529 80
      vertex 82.14892578125 10.100419707596302 80
    endloop
  endfacet
  facet normal 0.1950903175156592 -0.9807852812984293 0
    outer loop
      vertex 82.5 10.33500000089407 -80
      vertex 82.5 10.33500000089407 80
      vertex 82.35458029806614 10.306074224412441 80
    endloop
  endfacet
  facet normal 0.5555702399475028 -0.83146960767347 0
    outer loop
      vertex 82.35458029806614 10.306074224412441 -79.25
      vertex 82.35458029806614 10.306074224412441 80
      vertex 82.23129942268133 10.223700575530529 80
    endloop
  endfacet
  facet normal -1 0 0
    outer loop
      vertex 78.5 11.320000000298023 -79.25
      vertex 78.5 11.320000000298023 80
      vertex 78.5 13.320000000298023 80
    endloop
  endfacet
  facet normal 0 -1 0
    outer loop
      vertex 81.00500000268221 11.320000000298023 -79.25
      vertex 81.00500000268221 11.320000000298023 80
      vertex 78.5 11.320000000298023 80
    endloop
  endfacet
  facet normal 0 0 1
    outer loop
      vertex 81.00500000268221 -0.6799999997019768 80
      vertex 82.11999999731779 0 80
      vertex 81.00500000268221 0.8200000002980232 80
    endloop
  endfacet
  facet normal 0 0 1
    outer loop
      vertex 82.11999999731779 0 80
      vertex 82.14892578125 0.14541970193386078 80
      vertex 81.00500000268221 0.8200000002980232 80
    endloop
  endfacet
  facet normal 0 0 1
    outer loop
      vertex 82.14892578125 0.14541970193386078 80
      vertex 82.23129942268133 0.26870057731866837 80
      vertex 81.00500000268221 0.8200000002980232 80
    endloop
  endfacet
  facet normal 0 0 1
    outer loop
      vertex 78.5 0.8200000002980232 80
      vertex 81.00500000268221 0.8200000002980232 80
      vertex 81.00500000268221 2.8200000002980232 80
    endloop
  endfacet
  facet normal 0 0 1
    outer loop
      vertex 82.23129942268133 0.26870057731866837 80
      vertex 81.00500000268221 2.8200000002980232 80
      vertex 81.00500000268221 0.8200000002980232 80
    endloop
  endfacet
  facet normal 0 0 1
    outer loop
      vertex 78.5 0.8200000002980232 80
      vertex 81.00500000268221 2.8200000002980232 80
      vertex 78.5 2.8200000002980232 80
    endloop
  endfacet
  facet normal 0 0 1
    outer loop
      vertex 82.23129942268133 0.26870057731866837 80
      vertex 82.35458029806614 0.35107421875 80
      vertex 82.35458029806614 4.62642578035593 80
    endloop
  endfacet
  facet normal 0 0 1
    outer loop
      vertex 82.35458029806614 0.35107421875 80
      vertex 82.5 0.380000002682209 80
      vertex 82.5 4.597499996423721 80
    endloop
  endfacet
  facet normal 0 0 1
    outer loop
      vertex 82.23129942268133 0.26870057731866837 80
      vertex 82.23129942268133 4.708799421787262 80
      vertex 81.00500000268221 2.8200000002980232 80
    endloop
  endfacet
  facet normal 0 0 1
    outer loop
      vertex 82.23129942268133 0.26870057731866837 80
      vertex 82.35458029806614 4.62642578035593 80
      vertex 82.23129942268133 4.708799421787262 80
    endloop
  endfacet
  facet normal 0 0 1
    outer loop
      vertex 82.35458029806614 0.35107421875 80
      vertex 82.5 4.597499996423721 80
      vertex 82.35458029806614 4.62642578035593 80
    endloop
  endfacet
  facet normal 0 0 1
    outer loop
      vertex 81.00500000268221 2.8200000002980232 80
      vertex 82.23129942268133 4.708799421787262 80
      vertex 81.00500000268221 4.320000000298023 80
    endloop
  endfacet
  facet normal 0 0 1
    outer loop
      vertex 81.00500000268221 4.320000000298023 80
      vertex 82.23129942268133 4.708799421787262 80
      vertex 82.14892578125 4.8320802971720695 80
    endloop
  endfacet
  facet normal 0 0 1
    outer loop
      vertex 81.00500000268221 4.320000000298023 80
      vertex 82.14892578125 4.8320802971720695 80
      vertex 82.11999999731779 4.97749999910593 80
    endloop
  endfacet
  facet normal 0 0 1
    outer loop
      vertex 78.5 4.320000000298023 80
      vertex 81.00500000268221 6.320000000298023 80
      vertex 78.5 6.320000000298023 80
    endloop
  endfacet
  facet normal 0 0 1
    outer loop
      vertex 78.5 4.320000000298023 80
      vertex 81.00500000268221 4.320000000298023 80
      vertex 81.00500000268221 6.320000000298023 80
    endloop
  endfacet
  facet normal 0 0 1
    outer loop
      vertex 81.00500000268221 4.320000000298023 80
      vertex 82.11999999731779 4.97749999910593 80
      vertex 81.00500000268221 6.320000000298023 80
    endloop
  endfacet
  facet normal 0 0 1
    outer loop
      vertex 82.11999999731779 4.97749999910593 80
      vertex 82.14892578125 5.122919701039791 80
      vertex 81.00500000268221 6.320000000298023 80
    endloop
  endfacet
  facet normal 0 0 1
    outer loop
      vertex 82.14892578125 5.122919701039791 80
      vertex 82.23129942268133 5.246200576424599 80
      vertex 81.00500000268221 6.320000000298023 80
    endloop
  endfacet
  facet normal 0 0 1
    outer loop
      vertex 82.23129942268133 5.246200576424599 80
      vertex 81.00500000268221 7.820000000298023 80
      vertex 81.00500000268221 6.320000000298023 80
    endloop
  endfacet
  facet normal 0 0 1
    outer loop
      vertex 82.23129942268133 5.246200576424599 80
      vertex 82.35458029806614 5.328574225306511 80
      vertex 82.35458029806614 9.60392577946186 80
    endloop
  endfacet
  facet normal 0 0 1
    outer loop
      vertex 82.35458029806614 5.328574225306511 80
      vertex 82.5 5.357500001788139 80
      vertex 82.5 9.575000002980232 80
    endloop
  endfacet
  facet normal 0 0 1
    outer loop
      vertex 82.23129942268133 5.246200576424599 80
      vertex 82.23129942268133 9.686299420893192 80
      vertex 81.00500000268221 7.820000000298023 80
    endloop
  endfacet
  facet normal 0 0 1
    outer loop
      vertex 78.5 7.820000000298023 80
      vertex 81.00500000268221 9.820000000298023 80
      vertex 78.5 9.820000000298023 80
    endloop
  endfacet
  facet normal 0 0 1
    outer loop
      vertex 78.5 7.820000000298023 80
      vertex 81.00500000268221 7.820000000298023 80
      vertex 81.00500000268221 9.820000000298023 80
    endloop
  endfacet
  facet normal 0 0 1
    outer loop
      vertex 82.23129942268133 5.246200576424599 80
      vertex 82.35458029806614 9.60392577946186 80
      vertex 82.23129942268133 9.686299420893192 80
    endloop
  endfacet
  facet normal 0 0 1
    outer loop
      vertex 82.35458029806614 5.328574225306511 80
      vertex 82.5 9.575000002980232 80
      vertex 82.35458029806614 9.60392577946186 80
    endloop
  endfacet
  facet normal 0 0 1
    outer loop
      vertex 81.00500000268221 7.820000000298023 80
      vertex 82.23129942268133 9.686299420893192 80
      vertex 81.00500000268221 9.820000000298023 80
    endloop
  endfacet
  facet normal 0 0 1
    outer loop
      vertex 81.00500000268221 9.820000000298023 80
      vertex 82.23129942268133 9.686299420893192 80
      vertex 82.14892578125 9.809580296278 80
    endloop
  endfacet
  facet normal 0 0 1
    outer loop
      vertex 81.00500000268221 9.820000000298023 80
      vertex 82.14892578125 9.809580296278 80
      vertex 82.11999999731779 9.95499999821186 80
    endloop
  endfacet
  facet normal 0 0 1
    outer loop
      vertex 81.00500000268221 9.820000000298023 80
      vertex 82.11999999731779 9.95499999821186 80
      vertex 81.00500000268221 11.320000000298023 80
    endloop
  endfacet
  facet normal 0 0 1
    outer loop
      vertex 82.11999999731779 9.95499999821186 80
      vertex 82.14892578125 10.100419707596302 80
      vertex 81.00500000268221 11.320000000298023 80
    endloop
  endfacet
  facet normal 0 0 1
    outer loop
      vertex 82.14892578125 10.100419707596302 80
      vertex 82.23129942268133 10.223700575530529 80
      vertex 81.00500000268221 11.320000000298023 80
    endloop
  endfacet
  facet normal 0 0 1
    outer loop
      vertex 78.5 11.320000000298023 80
      vertex 81.00500000268221 13.320000000298023 80
      vertex 78.5 13.320000000298023 80
    endloop
  endfacet
  facet normal 0 0 1
    outer loop
      vertex 78.5 11.320000000298023 80
      vertex 81.00500000268221 11.320000000298023 80
      vertex 81.00500000268221 13.320000000298023 80
    endloop
  endfacet
  facet normal 0 0 1
    outer loop
      vertex 82.23129942268133 10.223700575530529 80
      vertex 81.00500000268221 13.320000000298023 80
      vertex 81.00500000268221 11.320000000298023 80
    endloop
  endfacet
  facet normal 0 0 1
    outer loop
      vertex 82.23129942268133 10.223700575530529 80
      vertex 82.35458029806614 10.306074224412441 80
      vertex 82.23129942268133 14.663799419999123 80
    endloop
  endfacet
  facet normal 0 0 1
    outer loop
      vertex 82.35458029806614 10.306074224412441 80
      vertex 82.5 10.33500000089407 80
      vertex 82.5 14.552500002086163 80
    endloop
  endfacet
  facet normal 0 0 1
    outer loop
      vertex 82.23129942268133 10.223700575530529 80
      vertex 82.23129942268133 14.663799419999123 80
      vertex 81.00500000268221 13.320000000298023 80
    endloop
  endfacet
  facet normal 0 1 0
    outer loop
      vertex 78.5 13.320000000298023 -79.25
      vertex 78.5 13.320000000298023 80
      vertex 81.00500000268221 13.320000000298023 80
    endloop
  endfacet
  facet normal 1 0 0
    outer loop
      vertex 82.5 14.552500002086163 -80
      vertex 82.5 14.552500002086163 80
      vertex 82.5 10.33500000089407 80
    endloop
  endfacet
  facet normal -1 0 0
    outer loop
      vertex 81.00500000268221 13.320000000298023 -79.25
      vertex 81.00500000268221 13.320000000298023 80
      vertex 81.00500000268221 14.820000000298023 80
    endloop
  endfacet
  facet normal -1 0 0
    outer loop
      vertex 78.5 14.820000000298023 -79.25
      vertex 78.5 14.820000000298023 80
      vertex 78.5 16.820000000298023 80
    endloop
  endfacet
  facet normal 0 -1 0
    outer loop
      vertex 81.00500000268221 14.820000000298023 -79.25
      vertex 81.00500000268221 14.820000000298023 80
      vertex 78.5 14.820000000298023 80
    endloop
  endfacet
  facet normal 0.19509031751565922 0.9807852812984295 0
    outer loop
      vertex 82.35458029806614 14.581425778567791 -79.25
      vertex 82.35458029806614 14.581425778567791 80
      vertex 82.5 14.552500002086163 80
    endloop
  endfacet
  facet normal 0.5555702052072028 0.8314696308861957 0
    outer loop
      vertex 82.23129942268133 14.663799419999123 -79.25
      vertex 82.23129942268133 14.663799419999123 80
      vertex 82.35458029806614 14.581425778567791 80
    endloop
  endfacet
  facet normal 0.8314696308861957 0.5555702052072028 0
    outer loop
      vertex 82.14892578125 14.78708029538393 -79.25
      vertex 82.14892578125 14.78708029538393 80
      vertex 82.23129942268133 14.663799419999123 80
    endloop
  endfacet
  facet normal 0.9807852716834022 0.19509036585365946 0
    outer loop
      vertex 82.11999999731779 14.932499997317791 -79.25
      vertex 82.11999999731779 14.932499997317791 80
      vertex 82.14892578125 14.78708029538393 80
    endloop
  endfacet
  facet normal 0.9807852735959507 -0.19509035623863177 0
    outer loop
      vertex 82.14892578125 15.077919706702232 -79.25
      vertex 82.14892578125 15.077919706702232 80
      vertex 82.11999999731779 14.932499997317791 80
    endloop
  endfacet
  facet normal 0.8314696153759485 -0.5555702284199292 0
    outer loop
      vertex 82.23129942268133 15.20120057463646 -79.25
      vertex 82.23129942268133 15.20120057463646 80
      vertex 82.14892578125 15.077919706702232 80
    endloop
  endfacet
  facet normal 0.5555702399475028 -0.83146960767347 0
    outer loop
      vertex 82.35458029806614 15.283574223518372 -79.25
      vertex 82.35458029806614 15.283574223518372 80
      vertex 82.23129942268133 15.20120057463646 80
    endloop
  endfacet
  facet normal 0.1950903175156592 -0.9807852812984293 0
    outer loop
      vertex 82.5 15.3125 -80
      vertex 82.5 15.3125 80
      vertex 82.35458029806614 15.283574223518372 80
    endloop
  endfacet
  facet normal 0 1 0
    outer loop
      vertex 78.5 16.820000000298023 -79.25
      vertex 78.5 16.820000000298023 80
      vertex 81.00500000268221 16.820000000298023 80
    endloop
  endfacet
  facet normal -1 0 0
    outer loop
      vertex 81.00500000268221 16.820000000298023 -79.25
      vertex 81.00500000268221 16.820000000298023 80
      vertex 81.00500000268221 18.320000000298023 80
    endloop
  endfacet
  facet normal 0 -1 0
    outer loop
      vertex 78.5 18.350000001490116 -79.25
      vertex 78.5 18.350000001490116 80
      vertex 77.57487373799086 18.350000001490116 80
    endloop
  endfacet
  facet normal -1 0 0
    outer loop
      vertex 78.5 18.320000000298023 -79.25
      vertex 78.5 18.320000000298023 80
      vertex 78.5 18.350000001490116 80
    endloop
  endfacet
  facet normal -0.7071067811865475 0.7071067811865475 0
    outer loop
      vertex 77.57487373799086 18.350000001490116 -79.25
      vertex 77.57487373799086 18.350000001490116 80
      vertex 79.73743686825037 20.51256313174963 80
    endloop
  endfacet
  facet normal 0 -1 0
    outer loop
      vertex 81.00500000268221 18.320000000298023 -79.25
      vertex 81.00500000268221 18.320000000298023 80
      vertex 78.5 18.320000000298023 80
    endloop
  endfacet
  facet normal 1 0 0
    outer loop
      vertex 82.5 19.530000001192093 -80
      vertex 82.5 19.530000001192093 80
      vertex 82.5 15.3125 80
    endloop
  endfacet
  facet normal -1 0 0
    outer loop
      vertex 75.10000000149012 20.824873737990856 -79.25
      vertex 75.10000000149012 20.824873737990856 80
      vertex 75.10000000149012 24.25500000268221 80
    endloop
  endfacet
  facet normal 0.7071067811865476 -0.7071067811865476 0
    outer loop
      vertex 77.26256313174963 22.98743686825037 -80
      vertex 77.26256313174963 22.98743686825037 80
      vertex 75.10000000149012 20.824873737990856 80
    endloop
  endfacet
  facet normal -0.7933533397348493 0.6087614297338169 0
    outer loop
      vertex 79.73743686825037 20.51256313174963 -79.25
      vertex 79.73743686825037 20.51256313174963 80
      vertex 80.01554445922375 20.875 80
    endloop
  endfacet
  facet normal 0.5555702399475028 0.83146960767347 0
    outer loop
      vertex 82.23129942268133 19.641299426555634 -79.25
      vertex 82.23129942268133 19.641299426555634 80
      vertex 82.35458029806614 19.55892577767372 80
    endloop
  endfacet
  facet normal 0.19509031751565922 0.9807852812984295 0
    outer loop
      vertex 82.35458029806614 19.55892577767372 -79.25
      vertex 82.35458029806614 19.55892577767372 80
      vertex 82.5 19.530000001192093 80
    endloop
  endfacet
  facet normal 0.8314696153759485 0.5555702284199292 0
    outer loop
      vertex 82.14892578125 19.76458029448986 -79.25
      vertex 82.14892578125 19.76458029448986 80
      vertex 82.23129942268133 19.641299426555634 80
    endloop
  endfacet
  facet normal 0.9807852716834022 0.19509036585365946 0
    outer loop
      vertex 82.11999999731779 19.90999999642372 -79.25
      vertex 82.11999999731779 19.90999999642372 80
      vertex 82.14892578125 19.76458029448986 80
    endloop
  endfacet
  facet normal 0.9807852735959507 -0.19509035623863177 0
    outer loop
      vertex 82.14892578125 20.055419705808163 -79.25
      vertex 82.14892578125 20.055419705808163 80
      vertex 82.11999999731779 19.90999999642372 80
    endloop
  endfacet
  facet normal 0.1950903175156592 -0.9807852812984293 0
    outer loop
      vertex 82.5 20.28999999910593 -80
      vertex 82.5 20.28999999910593 80
      vertex 82.35458029806614 20.261074222624302 80
    endloop
  endfacet
  facet normal 0.8314696153759485 -0.5555702284199292 0
    outer loop
      vertex 82.23129942268133 20.17870057374239 -79.25
      vertex 82.23129942268133 20.17870057374239 80
      vertex 82.14892578125 20.055419705808163 80
    endloop
  endfacet
  facet normal 0.5555702399475028 -0.83146960767347 0
    outer loop
      vertex 82.35458029806614 20.261074222624302 -79.25
      vertex 82.35458029806614 20.261074222624302 80
      vertex 82.23129942268133 20.17870057374239 80
    endloop
  endfacet
  facet normal -0.9238795364239519 0.3826834229190802 0
    outer loop
      vertex 80.01554445922375 20.875 -79.25
      vertex 80.01554445922375 20.875 80
      vertex 80.19037019461393 21.297066673636436 80
    endloop
  endfacet
  facet normal -0.991444860883828 0.13052619594183673 0
    outer loop
      vertex 80.19037019461393 21.297066673636436 -79.25
      vertex 80.19037019461393 21.297066673636436 80
      vertex 80.25 21.75 80
    endloop
  endfacet
  facet normal 1 0 0
    outer loop
      vertex 82.5 21.75 -80
      vertex 82.5 21.75 80
      vertex 82.5 20.28999999910593 80
    endloop
  endfacet
  facet normal -0.991444860883828 -0.13052619594183673 0
    outer loop
      vertex 80.25 21.75 -79.25
      vertex 80.25 21.75 80
      vertex 80.19037019461393 22.202933326363564 80
    endloop
  endfacet
  facet normal -0.9238795364239519 -0.3826834229190802 0
    outer loop
      vertex 80.19037019461393 22.202933326363564 -79.25
      vertex 80.19037019461393 22.202933326363564 80
      vertex 80.01554445922375 22.625 80
    endloop
  endfacet
  facet normal 0.9987954563973426 0.0490676704157047 0
    outer loop
      vertex 82.48073890805244 22.142068564891815 -80
      vertex 82.48073890805244 22.142068564891815 80
      vertex 82.5 21.75 80
    endloop
  endfacet
  facet normal 0.9891765093153608 0.14673047883339677 0
    outer loop
      vertex 82.42314112186432 22.53036128729582 -80
      vertex 82.42314112186432 22.53036128729582 80
      vertex 82.48073890805244 22.142068564891815 80
    endloop
  endfacet
  facet normal 0.6087614297338169 -0.7933533397348494 0
    outer loop
      vertex 77.625 23.265544459223747 -80
      vertex 77.625 23.265544459223747 80
      vertex 77.26256313174963 22.98743686825037 80
    endloop
  endfacet
  facet normal -0.3826834229190802 -0.9238795364239519 0
    outer loop
      vertex 79.375 23.265544459223747 -79.25
      vertex 79.375 23.265544459223747 80
      vertex 78.95293332636356 23.440370194613934 80
    endloop
  endfacet
  facet normal -0.6087614297338169 -0.7933533397348493 0
    outer loop
      vertex 79.73743686825037 22.98743686825037 -79.25
      vertex 79.73743686825037 22.98743686825037 80
      vertex 79.375 23.265544459223747 80
    endloop
  endfacet
  facet normal 0.3826834229190802 -0.9238795364239519 0
    outer loop
      vertex 78.04706667363644 23.440370194613934 -79.25
      vertex 78.04706667363644 23.440370194613934 80
      vertex 77.625 23.265544459223747 80
    endloop
  endfacet
  facet normal 0.13052619594183673 -0.991444860883828 0
    outer loop
      vertex 78.5 23.5 -79.25
      vertex 78.5 23.5 80
      vertex 78.04706667363644 23.440370194613934 80
    endloop
  endfacet
  facet normal -0.13052619594183673 -0.991444860883828 0
    outer loop
      vertex 78.95293332636356 23.440370194613934 -79.25
      vertex 78.95293332636356 23.440370194613934 80
      vertex 78.5 23.5 80
    endloop
  endfacet
  facet normal -0.7933533397348493 -0.6087614297338169 0
    outer loop
      vertex 80.01554445922375 22.625 -79.25
      vertex 80.01554445922375 22.625 80
      vertex 79.73743686825037 22.98743686825037 80
    endloop
  endfacet
  facet normal 0.970031253702096 0.24298017787700282 0
    outer loop
      vertex 82.32776134461164 22.911138705909252 -80
      vertex 82.32776134461164 22.911138705909252 80
      vertex 82.42314112186432 22.53036128729582 80
    endloop
  endfacet
  facet normal 0.9415440627982695 0.3368898600571533 0
    outer loop
      vertex 82.1955181285739 23.280733726918697 -80
      vertex 82.1955181285739 23.280733726918697 80
      vertex 82.32776134461164 22.911138705909252 80
    endloop
  endfacet
  facet normal 0.9039892993552974 0.4275550802541337 0
    outer loop
      vertex 82.02768506109715 23.635586947202682 -80
      vertex 82.02768506109715 23.635586947202682 80
      vertex 82.1955181285739 23.280733726918697 80
    endloop
  endfacet
  facet normal 0.857728607028397 0.5141027491514958 0
    outer loop
      vertex 81.82587844878435 23.97228093445301 -80
      vertex 81.82587844878435 23.97228093445301 80
      vertex 82.02768506109715 23.635586947202682 80
    endloop
  endfacet
  facet normal 0.0490676704157047 0.9987954563973426 0
    outer loop
      vertex 78.5 25.75 -80
      vertex 78.5 25.75 80
      vertex 78.89206856489182 25.730738908052444 80
    endloop
  endfacet
  facet normal 0.14673047883339677 0.9891765093153608 0
    outer loop
      vertex 78.89206856489182 25.730738908052444 -80
      vertex 78.89206856489182 25.730738908052444 80
      vertex 79.28036128729582 25.67314112186432 80
    endloop
  endfacet
  facet normal 0.3368898600571533 0.9415440627982695 0
    outer loop
      vertex 79.66113870590925 25.577761344611645 -80
      vertex 79.66113870590925 25.577761344611645 80
      vertex 80.0307337269187 25.445518128573895 80
    endloop
  endfacet
  facet normal 0.24298017787700282 0.970031253702096 0
    outer loop
      vertex 79.28036128729582 25.67314112186432 -80
      vertex 79.28036128729582 25.67314112186432 80
      vertex 79.66113870590925 25.577761344611645 80
    endloop
  endfacet
  facet normal 0.6715589635251562 0.7409511174895533 0
    outer loop
      vertex 81.03757313638926 24.842041812837124 -80
      vertex 81.03757313638926 24.842041812837124 80
      vertex 81.3284271210432 24.578427121043205 80
    endloop
  endfacet
  facet normal 0.8032075288650012 0.5956993080192207 0
    outer loop
      vertex 81.59204181283712 24.287573136389256 -80
      vertex 81.59204181283712 24.287573136389256 80
      vertex 81.82587844878435 23.97228093445301 80
    endloop
  endfacet
  facet normal 0.7409511174895533 0.6715589635251562 0
    outer loop
      vertex 81.3284271210432 24.578427121043205 -80
      vertex 81.3284271210432 24.578427121043205 80
      vertex 81.59204181283712 24.287573136389256 80
    endloop
  endfacet
  facet normal 0.5141027491514958 0.857728607028397 0
    outer loop
      vertex 80.38558694720268 25.277685061097145 -80
      vertex 80.38558694720268 25.277685061097145 80
      vertex 80.72228093445301 25.07587844878435 80
    endloop
  endfacet
  facet normal 0.5956993080192207 0.8032075288650012 0
    outer loop
      vertex 80.72228093445301 25.07587844878435 -80
      vertex 80.72228093445301 25.07587844878435 80
      vertex 81.03757313638926 24.842041812837124 80
    endloop
  endfacet
  facet normal 0.4275550802541337 0.9039892993552974 0
    outer loop
      vertex 80.0307337269187 25.445518128573895 -80
      vertex 80.0307337269187 25.445518128573895 80
      vertex 80.38558694720268 25.277685061097145 80
    endloop
  endfacet
  facet normal 0 0 1
    outer loop
      vertex 82.35458029806614 10.306074224412441 80
      vertex 82.5 14.552500002086163 80
      vertex 82.35458029806614 14.581425778567791 80
    endloop
  endfacet
  facet normal 0 0 1
    outer loop
      vertex 82.35458029806614 10.306074224412441 80
      vertex 82.35458029806614 14.581425778567791 80
      vertex 82.23129942268133 14.663799419999123 80
    endloop
  endfacet
  facet normal 0 0 1
    outer loop
      vertex 81.00500000268221 13.320000000298023 80
      vertex 82.23129942268133 14.663799419999123 80
      vertex 82.14892578125 14.78708029538393 80
    endloop
  endfacet
  facet normal 0 0 1
    outer loop
      vertex 81.00500000268221 13.320000000298023 80
      vertex 82.14892578125 14.78708029538393 80
      vertex 81.00500000268221 14.820000000298023 80
    endloop
  endfacet
  facet normal 0 0 1
    outer loop
      vertex 81.00500000268221 14.820000000298023 80
      vertex 82.14892578125 14.78708029538393 80
      vertex 82.11999999731779 14.932499997317791 80
    endloop
  endfacet
  facet normal 0 0 1
    outer loop
      vertex 78.5 14.820000000298023 80
      vertex 81.00500000268221 14.820000000298023 80
      vertex 81.00500000268221 16.820000000298023 80
    endloop
  endfacet
  facet normal 0 0 1
    outer loop
      vertex 81.00500000268221 14.820000000298023 80
      vertex 82.11999999731779 14.932499997317791 80
      vertex 81.00500000268221 16.820000000298023 80
    endloop
  endfacet
  facet normal 0 0 1
    outer loop
      vertex 82.11999999731779 14.932499997317791 80
      vertex 82.14892578125 15.077919706702232 80
      vertex 81.00500000268221 16.820000000298023 80
    endloop
  endfacet
  facet normal 0 0 1
    outer loop
      vertex 82.14892578125 15.077919706702232 80
      vertex 82.23129942268133 15.20120057463646 80
      vertex 81.00500000268221 16.820000000298023 80
    endloop
  endfacet
  facet normal 0 0 1
    outer loop
      vertex 78.5 14.820000000298023 80
      vertex 81.00500000268221 16.820000000298023 80
      vertex 78.5 16.820000000298023 80
    endloop
  endfacet
  facet normal 0 0 1
    outer loop
      vertex 82.23129942268133 15.20120057463646 80
      vertex 82.35458029806614 15.283574223518372 80
      vertex 82.23129942268133 19.641299426555634 80
    endloop
  endfacet
  facet normal 0 0 1
    outer loop
      vertex 82.35458029806614 15.283574223518372 80
      vertex 82.5 15.3125 80
      vertex 82.35458029806614 19.55892577767372 80
    endloop
  endfacet
  facet normal 0 0 1
    outer loop
      vertex 82.23129942268133 15.20120057463646 80
      vertex 82.23129942268133 19.641299426555634 80
      vertex 81.00500000268221 16.820000000298023 80
    endloop
  endfacet
  facet normal 0 0 1
    outer loop
      vertex 78.5 18.350000001490116 80
      vertex 78.5 18.320000000298023 80
      vertex 81.00500000268221 18.320000000298023 80
    endloop
  endfacet
  facet normal 0 0 1
    outer loop
      vertex 77.57487373799086 18.350000001490116 80
      vertex 78.5 18.350000001490116 80
      vertex 79.73743686825037 20.51256313174963 80
    endloop
  endfacet
  facet normal 0 0 1
    outer loop
      vertex 78.5 18.350000001490116 80
      vertex 81.00500000268221 18.320000000298023 80
      vertex 79.73743686825037 20.51256313174963 80
    endloop
  endfacet
  facet normal 0 0 1
    outer loop
      vertex 81.00500000268221 16.820000000298023 80
      vertex 82.23129942268133 19.641299426555634 80
      vertex 81.00500000268221 18.320000000298023 80
    endloop
  endfacet
  facet normal 0 0 1
    outer loop
      vertex 82.35458029806614 15.283574223518372 80
      vertex 82.35458029806614 19.55892577767372 80
      vertex 82.23129942268133 19.641299426555634 80
    endloop
  endfacet
  facet normal 0 0 1
    outer loop
      vertex 82.5 15.3125 80
      vertex 82.5 19.530000001192093 80
      vertex 82.35458029806614 19.55892577767372 80
    endloop
  endfacet
  facet normal 0 0 1
    outer loop
      vertex 81.00500000268221 18.320000000298023 80
      vertex 82.23129942268133 19.641299426555634 80
      vertex 82.14892578125 19.76458029448986 80
    endloop
  endfacet
  facet normal 0 0 1
    outer loop
      vertex 81.00500000268221 18.320000000298023 80
      vertex 80.01554445922375 20.875 80
      vertex 79.73743686825037 20.51256313174963 80
    endloop
  endfacet
  facet normal 0 0 1
    outer loop
      vertex 81.00500000268221 18.320000000298023 80
      vertex 82.11999999731779 19.90999999642372 80
      vertex 80.19037019461393 21.297066673636436 80
    endloop
  endfacet
  facet normal 0 0 1
    outer loop
      vertex 81.00500000268221 18.320000000298023 80
      vertex 82.14892578125 19.76458029448986 80
      vertex 82.11999999731779 19.90999999642372 80
    endloop
  endfacet
  facet normal 0 0 1
    outer loop
      vertex 81.00500000268221 18.320000000298023 80
      vertex 80.19037019461393 21.297066673636436 80
      vertex 80.01554445922375 20.875 80
    endloop
  endfacet
  facet normal 0 0 1
    outer loop
      vertex 82.11999999731779 19.90999999642372 80
      vertex 82.14892578125 20.055419705808163 80
      vertex 80.19037019461393 21.297066673636436 80
    endloop
  endfacet
  facet normal 0 0 1
    outer loop
      vertex 82.14892578125 20.055419705808163 80
      vertex 82.23129942268133 20.17870057374239 80
      vertex 80.19037019461393 21.297066673636436 80
    endloop
  endfacet
  facet normal 0 0 1
    outer loop
      vertex 82.35458029806614 20.261074222624302 80
      vertex 82.5 20.28999999910593 80
      vertex 82.5 21.75 80
    endloop
  endfacet
  facet normal 0 0 1
    outer loop
      vertex 82.23129942268133 20.17870057374239 80
      vertex 82.35458029806614 20.261074222624302 80
      vertex 82.5 21.75 80
    endloop
  endfacet
  facet normal 0 0 1
    outer loop
      vertex 80.19037019461393 21.297066673636436 80
      vertex 82.5 21.75 80
      vertex 80.25 21.75 80
    endloop
  endfacet
  facet normal 0 0 1
    outer loop
      vertex 82.23129942268133 20.17870057374239 80
      vertex 82.5 21.75 80
      vertex 80.19037019461393 21.297066673636436 80
    endloop
  endfacet
  facet normal 0 0 1
    outer loop
      vertex 80.25 21.75 80
      vertex 82.48073890805244 22.142068564891815 80
      vertex 80.19037019461393 22.202933326363564 80
    endloop
  endfacet
  facet normal 0 0 1
    outer loop
      vertex 80.25 21.75 80
      vertex 82.5 21.75 80
      vertex 82.48073890805244 22.142068564891815 80
    endloop
  endfacet
  facet normal 0 0 1
    outer loop
      vertex 80.19037019461393 22.202933326363564 80
      vertex 82.48073890805244 22.142068564891815 80
      vertex 82.42314112186432 22.53036128729582 80
    endloop
  endfacet
  facet normal 0 0 1
    outer loop
      vertex 75.10000000149012 20.824873737990856 80
      vertex 77.26256313174963 22.98743686825037 80
      vertex 75.10000000149012 24.25500000268221 80
    endloop
  endfacet
  facet normal 0 0 1
    outer loop
      vertex 77.26256313174963 22.98743686825037 80
      vertex 77.625 23.265544459223747 80
      vertex 75.10000000149012 24.25500000268221 80
    endloop
  endfacet
  facet normal 0 0 1
    outer loop
      vertex 75.10000000149012 24.25500000268221 80
      vertex 77.625 23.265544459223747 80
      vertex 78.04706667363644 23.440370194613934 80
    endloop
  endfacet
  facet normal 0 0 1
    outer loop
      vertex 75.10000000149012 24.25500000268221 80
      vertex 78.04706667363644 23.440370194613934 80
      vertex 78.5 25.75 80
    endloop
  endfacet
  facet normal 0 0 1
    outer loop
      vertex 79.375 23.265544459223747 80
      vertex 80.0307337269187 25.445518128573895 80
      vertex 78.95293332636356 23.440370194613934 80
    endloop
  endfacet
  facet normal 0 0 1
    outer loop
      vertex 80.19037019461393 22.202933326363564 80
      vertex 82.1955181285739 23.280733726918697 80
      vertex 80.01554445922375 22.625 80
    endloop
  endfacet
  facet normal 0 0 1
    outer loop
      vertex 79.73743686825037 22.98743686825037 80
      vertex 80.01554445922375 22.625 80
      vertex 81.59204181283712 24.287573136389256 80
    endloop
  endfacet
  facet normal 0 0 1
    outer loop
      vertex 80.19037019461393 22.202933326363564 80
      vertex 82.42314112186432 22.53036128729582 80
      vertex 82.32776134461164 22.911138705909252 80
    endloop
  endfacet
  facet normal 0 0 1
    outer loop
      vertex 80.19037019461393 22.202933326363564 80
      vertex 82.32776134461164 22.911138705909252 80
      vertex 82.1955181285739 23.280733726918697 80
    endloop
  endfacet
  facet normal 0 0 1
    outer loop
      vertex 80.01554445922375 22.625 80
      vertex 82.1955181285739 23.280733726918697 80
      vertex 82.02768506109715 23.635586947202682 80
    endloop
  endfacet
  facet normal 0 0 1
    outer loop
      vertex 79.73743686825037 22.98743686825037 80
      vertex 81.03757313638926 24.842041812837124 80
      vertex 79.375 23.265544459223747 80
    endloop
  endfacet
  facet normal 0 0 1
    outer loop
      vertex 80.01554445922375 22.625 80
      vertex 81.82587844878435 23.97228093445301 80
      vertex 81.59204181283712 24.287573136389256 80
    endloop
  endfacet
  facet normal 0 0 1
    outer loop
      vertex 79.73743686825037 22.98743686825037 80
      vertex 81.59204181283712 24.287573136389256 80
      vertex 81.3284271210432 24.578427121043205 80
    endloop
  endfacet
  facet normal 0 0 1
    outer loop
      vertex 79.73743686825037 22.98743686825037 80
      vertex 81.3284271210432 24.578427121043205 80
      vertex 81.03757313638926 24.842041812837124 80
    endloop
  endfacet
  facet normal 0 0 1
    outer loop
      vertex 80.01554445922375 22.625 80
      vertex 82.02768506109715 23.635586947202682 80
      vertex 81.82587844878435 23.97228093445301 80
    endloop
  endfacet
  facet normal 0 0 1
    outer loop
      vertex 78.04706667363644 23.440370194613934 80
      vertex 78.5 23.5 80
      vertex 78.5 25.75 80
    endloop
  endfacet
  facet normal 0 0 1
    outer loop
      vertex 78.5 23.5 80
      vertex 78.95293332636356 23.440370194613934 80
      vertex 78.89206856489182 25.730738908052444 80
    endloop
  endfacet
  facet normal 0 0 1
    outer loop
      vertex 78.95293332636356 23.440370194613934 80
      vertex 80.0307337269187 25.445518128573895 80
      vertex 79.66113870590925 25.577761344611645 80
    endloop
  endfacet
  facet normal 0 0 1
    outer loop
      vertex 78.95293332636356 23.440370194613934 80
      vertex 79.66113870590925 25.577761344611645 80
      vertex 79.28036128729582 25.67314112186432 80
    endloop
  endfacet
  facet normal 0 0 1
    outer loop
      vertex 78.5 23.5 80
      vertex 78.89206856489182 25.730738908052444 80
      vertex 78.5 25.75 80
    endloop
  endfacet
  facet normal 0 0 1
    outer loop
      vertex 78.95293332636356 23.440370194613934 80
      vertex 79.28036128729582 25.67314112186432 80
      vertex 78.89206856489182 25.730738908052444 80
    endloop
  endfacet
  facet normal 0 0 1
    outer loop
      vertex 79.375 23.265544459223747 80
      vertex 80.72228093445301 25.07587844878435 80
      vertex 80.38558694720268 25.277685061097145 80
    endloop
  endfacet
  facet normal 0 0 1
    outer loop
      vertex 79.375 23.265544459223747 80
      vertex 81.03757313638926 24.842041812837124 80
      vertex 80.72228093445301 25.07587844878435 80
    endloop
  endfacet
  facet normal 0 0 1
    outer loop
      vertex 79.375 23.265544459223747 80
      vertex 80.38558694720268 25.277685061097145 80
      vertex 80.0307337269187 25.445518128573895 80
    endloop
  endfacet
  facet normal 0 0 -1
    outer loop
      vertex -78.25 -22.39 -80
      vertex -78.25 -21.090000002980233 -80
      vertex -76.82832855965516 -22.39 -80
    endloop
  endfacet
  facet normal 0 0 -1
    outer loop
      vertex -78.25 -21.090000002980233 -80
      vertex -76.74462980399413 -22.18793332892941 -80
      vertex -76.82832855965516 -22.39 -80
    endloop
  endfacet
  facet normal 0 0 -1
    outer loop
      vertex -78.25 -21.090000002980233 -80
      vertex -76.685 -21.735 -80
      vertex -76.74462980399413 -22.18793332892941 -80
    endloop
  endfacet
  facet normal 0 0 -1
    outer loop
      vertex -78.25 -21.090000002980233 -80
      vertex -76.74462980399413 -21.282066671070588 -80
      vertex -76.685 -21.735 -80
    endloop
  endfacet
  facet normal 0 0 -1
    outer loop
      vertex -78.25 -21.090000002980233 -80
      vertex -76.82418642279697 -21.090000002980233 -80
      vertex -76.74462980399413 -21.282066671070588 -80
    endloop
  endfacet
  facet normal 0 1 0
    outer loop
      vertex -78.25 -21.090000002980233 -80
      vertex -76.82418642279697 -21.090000002980233 -79.25
      vertex -76.82418642279697 -21.090000002980233 -80
    endloop
  endfacet
  facet normal -1 0 0
    outer loop
      vertex -43 -25.749999999403954 -80
      vertex -43 -25.734999999403954 -79.25
      vertex -43 -25.734999999403954 -80
    endloop
  endfacet
  facet normal 0 -1 0
    outer loop
      vertex -78.25 -22.39 -80
      vertex -76.82832855965516 -22.39 -80
      vertex -78.25 -22.39 80
    endloop
  endfacet
  facet normal -1 0 0
    outer loop
      vertex -78.25 -22.39 -80
      vertex -78.25 -21.090000002980233 80
      vertex -78.25 -21.090000002980233 -80
    endloop
  endfacet
  facet normal 0 -1 0
    outer loop
      vertex -78.25 -22.39 80
      vertex -76.82832855965516 -22.39 -80
      vertex -76.82832855965516 -22.39 -79.25
    endloop
  endfacet
  facet normal 0 1 0
    outer loop
      vertex -78.25 -21.090000002980233 -80
      vertex -41.70000000298023 -21.090000002980233 80
      vertex -76.82418642279697 -21.090000002980233 -79.25
    endloop
  endfacet
  facet normal 0 -1 0
    outer loop
      vertex -43 -22.39 80
      vertex -76.82832855965516 -22.39 -79.25
      vertex -43 -22.39 -79.25
    endloop
  endfacet
  facet normal 0 1 0
    outer loop
      vertex -41.70000000298023 -21.090000002980233 80
      vertex -41.70000000298023 -21.090000002980233 -79.25
      vertex -76.82418642279697 -21.090000002980233 -79.25
    endloop
  endfacet
  facet normal -1 0 0
    outer loop
      vertex -43 -25.749999999403954 -80
      vertex -43 -25.749999999403954 80
      vertex -43 -25.734999999403954 -79.25
    endloop
  endfacet
  facet normal -1 0 0
    outer loop
      vertex -43 -25.749999999403954 80
      vertex -43 -22.39 -79.25
      vertex -43 -25.734999999403954 -79.25
    endloop
  endfacet
  facet normal 1 0 0
    outer loop
      vertex -41.70000000298023 -21.090000002980233 80
      vertex -41.70000000298023 -24.450000002384186 -79.25
      vertex -41.70000000298023 -21.090000002980233 -79.25
    endloop
  endfacet
  facet normal 0 0 -1
    outer loop
      vertex -43 -25.749999999403954 -80
      vertex -43 -25.734999999403954 -80
      vertex 43 -25.749999999403954 -80
    endloop
  endfacet
  facet normal 0 -1 0
    outer loop
      vertex -43 -25.749999999403954 -80
      vertex 43 -25.749999999403954 -80
      vertex -43 -25.749999999403954 80
    endloop
  endfacet
  facet normal 0 1 0
    outer loop
      vertex -41.70000000298023 -24.450000002384186 80
      vertex 41.70000000298023 -24.450000002384186 -79.25
      vertex -41.70000000298023 -24.450000002384186 -79.25
    endloop
  endfacet
  facet normal -1 0 0
    outer loop
      vertex -78.25 -22.39 -80
      vertex -78.25 -22.39 80
      vertex -78.25 -21.090000002980233 80
    endloop
  endfacet
  facet normal 0 -1 0
    outer loop
      vertex -78.25 -22.39 80
      vertex -76.82832855965516 -22.39 -79.25
      vertex -43 -22.39 80
    endloop
  endfacet
  facet normal 0 1 0
    outer loop
      vertex -78.25 -21.090000002980233 -80
      vertex -78.25 -21.090000002980233 80
      vertex -41.70000000298023 -21.090000002980233 80
    endloop
  endfacet
  facet normal -1 0 0
    outer loop
      vertex -43 -25.749999999403954 80
      vertex -43 -22.39 80
      vertex -43 -22.39 -79.25
    endloop
  endfacet
  facet normal 1 0 0
    outer loop
      vertex -41.70000000298023 -24.450000002384186 80
      vertex -41.70000000298023 -24.450000002384186 -79.25
      vertex -41.70000000298023 -21.090000002980233 80
    endloop
  endfacet
  facet normal 0 0 1
    outer loop
      vertex -78.25 -22.39 80
      vertex -43 -22.39 80
      vertex -78.25 -21.090000002980233 80
    endloop
  endfacet
  facet normal 0 0 1
    outer loop
      vertex -43 -22.39 80
      vertex -41.70000000298023 -21.090000002980233 80
      vertex -78.25 -21.090000002980233 80
    endloop
  endfacet
  facet normal 0 0 1
    outer loop
      vertex -43 -25.749999999403954 80
      vertex -41.70000000298023 -24.450000002384186 80
      vertex -43 -22.39 80
    endloop
  endfacet
  facet normal 0 0 1
    outer loop
      vertex -41.70000000298023 -24.450000002384186 80
      vertex -41.70000000298023 -21.090000002980233 80
      vertex -43 -22.39 80
    endloop
  endfacet
  facet normal 0 0 1
    outer loop
      vertex -43 -25.749999999403954 80
      vertex 41.70000000298023 -24.450000002384186 80
      vertex -41.70000000298023 -24.450000002384186 80
    endloop
  endfacet
  facet normal 0 0 -1
    outer loop
      vertex 43 -25.749999999403954 -80
      vertex -43 -25.734999999403954 -80
      vertex 43 -25.734999999403954 -80
    endloop
  endfacet
  facet normal 0 -1 0
    outer loop
      vertex 78.25 -22.39 -80
      vertex 76.82832855965516 -22.39 -79.25
      vertex 76.82832855965515 -22.39 -80
    endloop
  endfacet
  facet normal 0 0 -1
    outer loop
      vertex 78.25 -21.090000002980233 -80
      vertex 76.82832855965515 -22.39 -80
      vertex 76.74462980399413 -22.18793332892941 -80
    endloop
  endfacet
  facet normal 0 0 -1
    outer loop
      vertex 78.25 -21.090000002980233 -80
      vertex 76.74462980399413 -22.18793332892941 -80
      vertex 76.685 -21.735 -80
    endloop
  endfacet
  facet normal 0 0 -1
    outer loop
      vertex 78.25 -21.090000002980233 -80
      vertex 76.685 -21.735 -80
      vertex 76.74462980399413 -21.282066671070588 -80
    endloop
  endfacet
  facet normal 0 0 -1
    outer loop
      vertex 78.25 -21.090000002980233 -80
      vertex 76.74462980399413 -21.282066671070588 -80
      vertex 76.82418642279697 -21.090000002980233 -80
    endloop
  endfacet
  facet normal 0 0 -1
    outer loop
      vertex 78.25 -22.39 -80
      vertex 76.82832855965515 -22.39 -80
      vertex 78.25 -21.090000002980233 -80
    endloop
  endfacet
  facet normal 1 0 0
    outer loop
      vertex 43 -25.749999999403954 -80
      vertex 43 -25.734999999403954 -80
      vertex 43 -25.749999999403954 80
    endloop
  endfacet
  facet normal 1 0 0
    outer loop
      vertex 43 -25.749999999403954 80
      vertex 43 -25.734999999403954 -80
      vertex 43 -25.734999999403954 -79.25
    endloop
  endfacet
  facet normal 1 0 0
    outer loop
      vertex 43 -22.39 80
      vertex 43 -25.734999999403954 -79.25
      vertex 43 -22.39 -79.25
    endloop
  endfacet
  facet normal -1 0 0
    outer loop
      vertex 41.70000000298023 -24.450000002384186 80
      vertex 41.70000000298023 -21.090000002980233 -79.25
      vertex 41.70000000298023 -24.450000002384186 -79.25
    endloop
  endfacet
  facet normal 0 1 0
    outer loop
      vertex 41.70000000298023 -21.090000002980233 80
      vertex 76.82418642279697 -21.090000002980233 -79.25
      vertex 41.70000000298023 -21.090000002980233 -79.25
    endloop
  endfacet
  facet normal 0 -1 0
    outer loop
      vertex 43 -22.39 80
      vertex 43 -22.39 -79.25
      vertex 76.82832855965516 -22.39 -79.25
    endloop
  endfacet
  facet normal 0 -1 0
    outer loop
      vertex 78.25 -22.39 -80
      vertex 43 -22.39 80
      vertex 76.82832855965516 -22.39 -79.25
    endloop
  endfacet
  facet normal 0 1 0
    outer loop
      vertex 78.25 -21.090000002980233 80
      vertex 76.82418642279697 -21.090000002980233 -80
      vertex 76.82418642279697 -21.090000002980233 -79.25
    endloop
  endfacet
  facet normal 1 0 0
    outer loop
      vertex 78.25 -22.39 -80
      vertex 78.25 -21.090000002980233 -80
      vertex 78.25 -22.39 80
    endloop
  endfacet
  facet normal 0 1 0
    outer loop
      vertex 78.25 -21.090000002980233 -80
      vertex 76.82418642279697 -21.090000002980233 -80
      vertex 78.25 -21.090000002980233 80
    endloop
  endfacet
  facet normal 0 -1 0
    outer loop
      vertex -43 -25.749999999403954 80
      vertex 43 -25.749999999403954 -80
      vertex 43 -25.749999999403954 80
    endloop
  endfacet
  facet normal 0 1 0
    outer loop
      vertex -41.70000000298023 -24.450000002384186 80
      vertex 41.70000000298023 -24.450000002384186 80
      vertex 41.70000000298023 -24.450000002384186 -79.25
    endloop
  endfacet
  facet normal 0 0 1
    outer loop
      vertex -43 -25.749999999403954 80
      vertex 43 -25.749999999403954 80
      vertex 41.70000000298023 -24.450000002384186 80
    endloop
  endfacet
  facet normal 1 0 0
    outer loop
      vertex 43 -25.749999999403954 80
      vertex 43 -25.734999999403954 -79.25
      vertex 43 -22.39 80
    endloop
  endfacet
  facet normal -1 0 0
    outer loop
      vertex 41.70000000298023 -24.450000002384186 80
      vertex 41.70000000298023 -21.090000002980233 80
      vertex 41.70000000298023 -21.090000002980233 -79.25
    endloop
  endfacet
  facet normal 0 -1 0
    outer loop
      vertex 78.25 -22.39 -80
      vertex 78.25 -22.39 80
      vertex 43 -22.39 80
    endloop
  endfacet
  facet normal 0 1 0
    outer loop
      vertex 41.70000000298023 -21.090000002980233 80
      vertex 78.25 -21.090000002980233 80
      vertex 76.82418642279697 -21.090000002980233 -79.25
    endloop
  endfacet
  facet normal 1 0 0
    outer loop
      vertex 78.25 -21.090000002980233 -80
      vertex 78.25 -21.090000002980233 80
      vertex 78.25 -22.39 80
    endloop
  endfacet
  facet normal 0 0 1
    outer loop
      vertex 43 -25.749999999403954 80
      vertex 43 -22.39 80
      vertex 41.70000000298023 -24.450000002384186 80
    endloop
  endfacet
  facet normal 0 0 1
    outer loop
      vertex 41.70000000298023 -24.450000002384186 80
      vertex 43 -22.39 80
      vertex 41.70000000298023 -21.090000002980233 80
    endloop
  endfacet
  facet normal 0 0 1
    outer loop
      vertex 43 -22.39 80
      vertex 78.25 -21.090000002980233 80
      vertex 41.70000000298023 -21.090000002980233 80
    endloop
  endfacet
  facet normal 0 0 1
    outer loop
      vertex 43 -22.39 80
      vertex 78.25 -22.39 80
      vertex 78.25 -21.090000002980233 80
    endloop
  endfacet
endsolid OpenSCAD_Model
