solid OpenSCAD_Model
  facet normal 0.1305261922200546 0.99144486137381 0
    outer loop
      vertex -78.8879333289294 -23.42537019600587 0
      vertex -78.8879333289294 -23.42537019600587 1.5
      vertex -78.435 -23.485 0
    endloop
  endfacet
  facet normal -0.1305261922200546 0.99144486137381 0
    outer loop
      vertex -78.435 -23.485 0
      vertex -78.435 -23.485 1.5
      vertex -77.9820666710706 -23.42537019600587 0
    endloop
  endfacet
  facet normal -0.3826834323650856 0.9238795325112884 0
    outer loop
      vertex -77.9820666710706 -23.42537019600587 0
      vertex -77.9820666710706 -23.42537019600587 1.5
      vertex -77.56 -23.250544456622766 0
    endloop
  endfacet
  facet normal 0.6087614290087244 0.7933533402912322 0
    outer loop
      vertex -79.67243686707646 -22.972436867076457 0
      vertex -79.67243686707646 -22.972436867076457 1.5
      vertex -79.31 -23.250544456622766 0
    endloop
  endfacet
  facet normal 0.3826834323650856 0.9238795325112884 0
    outer loop
      vertex -79.31 -23.250544456622766 0
      vertex -79.31 -23.250544456622766 1.5
      vertex -78.8879333289294 -23.42537019600587 0
    endloop
  endfacet
  facet normal 0.793353340291235 0.6087614290087207 0
    outer loop
      vertex -79.67243686707646 -22.972436867076457 0
      vertex -79.95054445662277 -22.61 0
      vertex -79.95054445662277 -22.61 1.5
    endloop
  endfacet
  facet normal -0.6087614290087244 0.7933533402912322 0
    outer loop
      vertex -77.56 -23.250544456622766 0
      vertex -77.56 -23.250544456622766 1.5
      vertex -77.19756313292355 -22.972436867076457 0
    endloop
  endfacet
  facet normal -0.793353340291235 0.6087614290087207 0
    outer loop
      vertex -76.91945554337724 -22.61 0
      vertex -77.19756313292355 -22.972436867076457 0
      vertex -77.19756313292355 -22.972436867076457 1.5
    endloop
  endfacet
  facet normal 0.9238795325112806 0.3826834323651044 0
    outer loop
      vertex -79.95054445662277 -22.61 0
      vertex -80.12537019600587 -22.18793332892941 0
      vertex -80.12537019600587 -22.18793332892941 1.5
    endloop
  endfacet
  facet normal 0.9914448613738113 0.13052619222004494 0
    outer loop
      vertex -80.12537019600587 -22.18793332892941 0
      vertex -80.185 -21.735 0
      vertex -80.185 -21.735 1.5
    endloop
  endfacet
  facet normal 0.9914448613738113 -0.13052619222004494 0
    outer loop
      vertex -80.185 -21.735 0
      vertex -80.12537019600587 -21.282066671070588 0
      vertex -80.12537019600587 -21.282066671070588 1.5
    endloop
  endfacet
  facet normal 0.9238795325112806 -0.3826834323651044 0
    outer loop
      vertex -80.12537019600587 -21.282066671070588 0
      vertex -79.95054445662277 -20.86 0
      vertex -79.95054445662277 -20.86 1.5
    endloop
  endfacet
  facet normal 0.793353340291235 -0.6087614290087207 0
    outer loop
      vertex -79.95054445662277 -20.86 0
      vertex -79.67243686707646 -20.497563132923542 0
      vertex -79.67243686707646 -20.497563132923542 1.5
    endloop
  endfacet
  facet normal 0.6087614290087244 -0.7933533402912322 0
    outer loop
      vertex -79.31 -20.219455543377233 0
      vertex -79.31 -20.219455543377233 1.5
      vertex -79.67243686707646 -20.497563132923542 0
    endloop
  endfacet
  facet normal -0.6087614290087244 -0.7933533402912322 0
    outer loop
      vertex -77.19756313292355 -20.497563132923542 0
      vertex -77.19756313292355 -20.497563132923542 1.5
      vertex -77.56 -20.219455543377233 0
    endloop
  endfacet
  facet normal -0.3826834323650856 -0.9238795325112884 0
    outer loop
      vertex -77.56 -20.219455543377233 0
      vertex -77.56 -20.219455543377233 1.5
      vertex -77.9820666710706 -20.04462980399413 0
    endloop
  endfacet
  facet normal 0.3826834323650856 -0.9238795325112884 0
    outer loop
      vertex -78.8879333289294 -20.04462980399413 0
      vertex -78.8879333289294 -20.04462980399413 1.5
      vertex -79.31 -20.219455543377233 0
    endloop
  endfacet
  facet normal 0.1305261922200546 -0.99144486137381 0
    outer loop
      vertex -78.435 -19.985 0
      vertex -78.435 -19.985 1.5
      vertex -78.8879333289294 -20.04462980399413 0
    endloop
  endfacet
  facet normal -0.1305261922200546 -0.99144486137381 0
    outer loop
      vertex -77.9820666710706 -20.04462980399413 0
      vertex -77.9820666710706 -20.04462980399413 1.5
      vertex -78.435 -19.985 0
    endloop
  endfacet
  facet normal -0.9238795325112806 0.3826834323651044 0
    outer loop
      vertex -76.74462980399413 -22.18793332892941 0
      vertex -76.91945554337724 -22.61 0
      vertex -76.91945554337724 -22.61 1.5
    endloop
  endfacet
  facet normal -0.9914448613738113 0.13052619222004494 0
    outer loop
      vertex -76.685 -21.735 0
      vertex -76.74462980399413 -22.18793332892941 0
      vertex -76.74462980399413 -22.18793332892941 1.5
    endloop
  endfacet
  facet normal -0.9914448613738113 -0.13052619222004494 0
    outer loop
      vertex -76.74462980399413 -21.282066671070588 0
      vertex -76.685 -21.735 0
      vertex -76.685 -21.735 1.5
    endloop
  endfacet
  facet normal -0.9238795325112806 -0.3826834323651044 0
    outer loop
      vertex -76.91945554337724 -20.86 0
      vertex -76.74462980399413 -21.282066671070588 0
      vertex -76.74462980399413 -21.282066671070588 1.5
    endloop
  endfacet
  facet normal -0.793353340291235 -0.6087614290087207 0
    outer loop
      vertex -77.19756313292355 -20.497563132923542 0
      vertex -76.91945554337724 -20.86 0
      vertex -76.91945554337724 -20.86 1.5
    endloop
  endfacet
  facet normal 0.3826834323650856 0.9238795325112884 0
    outer loop
      vertex -78.8879333289294 -23.42537019600587 0
      vertex -79.31 -23.250544456622766 1.5
      vertex -78.8879333289294 -23.42537019600587 1.5
    endloop
  endfacet
  facet normal 0.1305261922200546 0.99144486137381 0
    outer loop
      vertex -78.435 -23.485 0
      vertex -78.8879333289294 -23.42537019600587 1.5
      vertex -78.435 -23.485 1.5
    endloop
  endfacet
  facet normal -0.1305261922200546 0.99144486137381 0
    outer loop
      vertex -77.9820666710706 -23.42537019600587 0
      vertex -78.435 -23.485 1.5
      vertex -77.9820666710706 -23.42537019600587 1.5
    endloop
  endfacet
  facet normal 0.6087614290087244 0.7933533402912322 0
    outer loop
      vertex -79.31 -23.250544456622766 0
      vertex -79.67243686707646 -22.972436867076457 1.5
      vertex -79.31 -23.250544456622766 1.5
    endloop
  endfacet
  facet normal 0.793353340291235 0.6087614290087207 0
    outer loop
      vertex -79.95054445662277 -22.61 1.5
      vertex -79.67243686707646 -22.972436867076457 1.5
      vertex -79.67243686707646 -22.972436867076457 0
    endloop
  endfacet
  facet normal -0.3826834323650856 0.9238795325112884 0
    outer loop
      vertex -77.56 -23.250544456622766 0
      vertex -77.9820666710706 -23.42537019600587 1.5
      vertex -77.56 -23.250544456622766 1.5
    endloop
  endfacet
  facet normal -0.6087614290087244 0.7933533402912322 0
    outer loop
      vertex -77.19756313292355 -22.972436867076457 0
      vertex -77.56 -23.250544456622766 1.5
      vertex -77.19756313292355 -22.972436867076457 1.5
    endloop
  endfacet
  facet normal -0.793353340291235 0.6087614290087207 0
    outer loop
      vertex -77.19756313292355 -22.972436867076457 1.5
      vertex -76.91945554337724 -22.61 1.5
      vertex -76.91945554337724 -22.61 0
    endloop
  endfacet
  facet normal 0.9238795325112806 0.3826834323651044 0
    outer loop
      vertex -80.12537019600587 -22.18793332892941 1.5
      vertex -79.95054445662277 -22.61 1.5
      vertex -79.95054445662277 -22.61 0
    endloop
  endfacet
  facet normal 0.9914448613738113 0.13052619222004494 0
    outer loop
      vertex -80.185 -21.735 1.5
      vertex -80.12537019600587 -22.18793332892941 1.5
      vertex -80.12537019600587 -22.18793332892941 0
    endloop
  endfacet
  facet normal 0.9914448613738113 -0.13052619222004494 0
    outer loop
      vertex -80.12537019600587 -21.282066671070588 1.5
      vertex -80.185 -21.735 1.5
      vertex -80.185 -21.735 0
    endloop
  endfacet
  facet normal 0.9238795325112806 -0.3826834323651044 0
    outer loop
      vertex -79.95054445662277 -20.86 1.5
      vertex -80.12537019600587 -21.282066671070588 1.5
      vertex -80.12537019600587 -21.282066671070588 0
    endloop
  endfacet
  facet normal 0.793353340291235 -0.6087614290087207 0
    outer loop
      vertex -79.95054445662277 -20.86 0
      vertex -79.67243686707646 -20.497563132923542 1.5
      vertex -79.95054445662277 -20.86 1.5
    endloop
  endfacet
  facet normal 0.6087614290087244 -0.7933533402912322 0
    outer loop
      vertex -79.67243686707646 -20.497563132923542 0
      vertex -79.31 -20.219455543377233 1.5
      vertex -79.67243686707646 -20.497563132923542 1.5
    endloop
  endfacet
  facet normal 0.3826834323650856 -0.9238795325112884 0
    outer loop
      vertex -79.31 -20.219455543377233 0
      vertex -78.8879333289294 -20.04462980399413 1.5
      vertex -79.31 -20.219455543377233 1.5
    endloop
  endfacet
  facet normal -0.6087614290087244 -0.7933533402912322 0
    outer loop
      vertex -77.56 -20.219455543377233 0
      vertex -77.19756313292355 -20.497563132923542 1.5
      vertex -77.56 -20.219455543377233 1.5
    endloop
  endfacet
  facet normal 0.1305261922200546 -0.99144486137381 0
    outer loop
      vertex -78.8879333289294 -20.04462980399413 0
      vertex -78.435 -19.985 1.5
      vertex -78.8879333289294 -20.04462980399413 1.5
    endloop
  endfacet
  facet normal -0.1305261922200546 -0.99144486137381 0
    outer loop
      vertex -78.435 -19.985 0
      vertex -77.9820666710706 -20.04462980399413 1.5
      vertex -78.435 -19.985 1.5
    endloop
  endfacet
  facet normal -0.3826834323650856 -0.9238795325112884 0
    outer loop
      vertex -77.9820666710706 -20.04462980399413 0
      vertex -77.56 -20.219455543377233 1.5
      vertex -77.9820666710706 -20.04462980399413 1.5
    endloop
  endfacet
  facet normal -0.9238795325112806 0.3826834323651044 0
    outer loop
      vertex -76.91945554337724 -22.61 1.5
      vertex -76.74462980399413 -22.18793332892941 1.5
      vertex -76.74462980399413 -22.18793332892941 0
    endloop
  endfacet
  facet normal -0.9914448613738113 0.13052619222004494 0
    outer loop
      vertex -76.685 -21.735 0
      vertex -76.74462980399413 -22.18793332892941 1.5
      vertex -76.685 -21.735 1.5
    endloop
  endfacet
  facet normal -0.9914448613738113 -0.13052619222004494 0
    outer loop
      vertex -76.74462980399413 -21.282066671070588 0
      vertex -76.685 -21.735 1.5
      vertex -76.74462980399413 -21.282066671070588 1.5
    endloop
  endfacet
  facet normal -0.9238795325112806 -0.3826834323651044 0
    outer loop
      vertex -76.74462980399413 -21.282066671070588 1.5
      vertex -76.91945554337724 -20.86 1.5
      vertex -76.91945554337724 -20.86 0
    endloop
  endfacet
  facet normal -0.793353340291235 -0.6087614290087207 0
    outer loop
      vertex -76.91945554337724 -20.86 1.5
      vertex -77.19756313292355 -20.497563132923542 1.5
      vertex -77.19756313292355 -20.497563132923542 0
    endloop
  endfacet
  facet normal 0.1305261922200546 0.99144486137381 0
    outer loop
      vertex -78.8879333289294 20.04462980399413 0
      vertex -78.8879333289294 20.04462980399413 1.5
      vertex -78.435 19.985 0
    endloop
  endfacet
  facet normal -0.1305261922200546 0.99144486137381 0
    outer loop
      vertex -78.435 19.985 0
      vertex -78.435 19.985 1.5
      vertex -77.9820666710706 20.04462980399413 0
    endloop
  endfacet
  facet normal -0.3826834323650856 0.9238795325112884 0
    outer loop
      vertex -77.9820666710706 20.04462980399413 0
      vertex -77.9820666710706 20.04462980399413 1.5
      vertex -77.56 20.219455543377233 0
    endloop
  endfacet
  facet normal 0.6087614290087244 0.7933533402912322 0
    outer loop
      vertex -79.31 20.219455543377233 0
      vertex -79.67243686707646 20.497563132923542 0
      vertex -79.67243686707646 20.497563132923542 1.5
    endloop
  endfacet
  facet normal 0.3826834323650856 0.9238795325112884 0
    outer loop
      vertex -79.31 20.219455543377233 0
      vertex -79.31 20.219455543377233 1.5
      vertex -78.8879333289294 20.04462980399413 0
    endloop
  endfacet
  facet normal 0.793353340291235 0.6087614290087207 0
    outer loop
      vertex -79.67243686707646 20.497563132923542 0
      vertex -79.95054445662277 20.86 0
      vertex -79.95054445662277 20.86 1.5
    endloop
  endfacet
  facet normal -0.6087614290087244 0.7933533402912322 0
    outer loop
      vertex -77.56 20.219455543377233 0
      vertex -77.56 20.219455543377233 1.5
      vertex -77.19756313292355 20.497563132923542 0
    endloop
  endfacet
  facet normal 0.9238795325112806 0.3826834323651044 0
    outer loop
      vertex -79.95054445662277 20.86 0
      vertex -80.12537019600587 21.282066671070588 0
      vertex -80.12537019600587 21.282066671070588 1.5
    endloop
  endfacet
  facet normal 0.9914448613738113 0.13052619222004494 0
    outer loop
      vertex -80.12537019600587 21.282066671070588 0
      vertex -80.185 21.735 0
      vertex -80.185 21.735 1.5
    endloop
  endfacet
  facet normal 0.9914448613738113 -0.13052619222004494 0
    outer loop
      vertex -80.185 21.735 0
      vertex -80.12537019600587 22.18793332892941 0
      vertex -80.12537019600587 22.18793332892941 1.5
    endloop
  endfacet
  facet normal 0.9238795325112806 -0.3826834323651044 0
    outer loop
      vertex -80.12537019600587 22.18793332892941 0
      vertex -79.95054445662277 22.61 0
      vertex -79.95054445662277 22.61 1.5
    endloop
  endfacet
  facet normal -0.793353340291235 0.6087614290087207 0
    outer loop
      vertex -77.19756313292355 20.497563132923542 0
      vertex -77.19756313292355 20.497563132923542 1.5
      vertex -76.91945554337724 20.86 0
    endloop
  endfacet
  facet normal -0.9238795325112806 0.3826834323651044 0
    outer loop
      vertex -76.74462980399413 21.282066671070588 0
      vertex -76.91945554337724 20.86 0
      vertex -76.91945554337724 20.86 1.5
    endloop
  endfacet
  facet normal -0.9914448613738113 0.13052619222004494 0
    outer loop
      vertex -76.685 21.735 0
      vertex -76.74462980399413 21.282066671070588 0
      vertex -76.74462980399413 21.282066671070588 1.5
    endloop
  endfacet
  facet normal -0.9914448613738113 -0.13052619222004494 0
    outer loop
      vertex -76.74462980399413 22.18793332892941 0
      vertex -76.685 21.735 0
      vertex -76.685 21.735 1.5
    endloop
  endfacet
  facet normal -0.9238795325112806 -0.3826834323651044 0
    outer loop
      vertex -76.91945554337724 22.61 0
      vertex -76.74462980399413 22.18793332892941 0
      vertex -76.74462980399413 22.18793332892941 1.5
    endloop
  endfacet
  facet normal 0.793353340291235 -0.6087614290087207 0
    outer loop
      vertex -79.95054445662277 22.61 0
      vertex -79.67243686707646 22.972436867076457 0
      vertex -79.67243686707646 22.972436867076457 1.5
    endloop
  endfacet
  facet normal 0.6087614290087244 -0.7933533402912322 0
    outer loop
      vertex -79.31 23.250544456622766 0
      vertex -79.31 23.250544456622766 1.5
      vertex -79.67243686707646 22.972436867076457 0
    endloop
  endfacet
  facet normal -0.6087614290087244 -0.7933533402912322 0
    outer loop
      vertex -77.19756313292355 22.972436867076457 0
      vertex -77.19756313292355 22.972436867076457 1.5
      vertex -77.56 23.250544456622766 0
    endloop
  endfacet
  facet normal -0.3826834323650856 -0.9238795325112884 0
    outer loop
      vertex -77.56 23.250544456622766 0
      vertex -77.56 23.250544456622766 1.5
      vertex -77.9820666710706 23.42537019600587 0
    endloop
  endfacet
  facet normal 0.3826834323650856 -0.9238795325112884 0
    outer loop
      vertex -78.8879333289294 23.42537019600587 0
      vertex -78.8879333289294 23.42537019600587 1.5
      vertex -79.31 23.250544456622766 0
    endloop
  endfacet
  facet normal 0.1305261922200546 -0.99144486137381 0
    outer loop
      vertex -78.435 23.485 0
      vertex -78.435 23.485 1.5
      vertex -78.8879333289294 23.42537019600587 0
    endloop
  endfacet
  facet normal -0.1305261922200546 -0.99144486137381 0
    outer loop
      vertex -77.9820666710706 23.42537019600587 0
      vertex -77.9820666710706 23.42537019600587 1.5
      vertex -78.435 23.485 0
    endloop
  endfacet
  facet normal -0.793353340291235 -0.6087614290087207 0
    outer loop
      vertex -77.19756313292355 22.972436867076457 0
      vertex -76.91945554337724 22.61 0
      vertex -76.91945554337724 22.61 1.5
    endloop
  endfacet
  facet normal 0.3826834323650856 0.9238795325112884 0
    outer loop
      vertex -78.8879333289294 20.04462980399413 0
      vertex -79.31 20.219455543377233 1.5
      vertex -78.8879333289294 20.04462980399413 1.5
    endloop
  endfacet
  facet normal 0.1305261922200546 0.99144486137381 0
    outer loop
      vertex -78.435 19.985 0
      vertex -78.8879333289294 20.04462980399413 1.5
      vertex -78.435 19.985 1.5
    endloop
  endfacet
  facet normal -0.1305261922200546 0.99144486137381 0
    outer loop
      vertex -77.9820666710706 20.04462980399413 0
      vertex -78.435 19.985 1.5
      vertex -77.9820666710706 20.04462980399413 1.5
    endloop
  endfacet
  facet normal 0.6087614290087244 0.7933533402912322 0
    outer loop
      vertex -79.31 20.219455543377233 0
      vertex -79.67243686707646 20.497563132923542 1.5
      vertex -79.31 20.219455543377233 1.5
    endloop
  endfacet
  facet normal 0.793353340291235 0.6087614290087207 0
    outer loop
      vertex -79.67243686707646 20.497563132923542 0
      vertex -79.95054445662277 20.86 1.5
      vertex -79.67243686707646 20.497563132923542 1.5
    endloop
  endfacet
  facet normal -0.3826834323650856 0.9238795325112884 0
    outer loop
      vertex -77.56 20.219455543377233 0
      vertex -77.9820666710706 20.04462980399413 1.5
      vertex -77.56 20.219455543377233 1.5
    endloop
  endfacet
  facet normal -0.6087614290087244 0.7933533402912322 0
    outer loop
      vertex -77.19756313292355 20.497563132923542 0
      vertex -77.56 20.219455543377233 1.5
      vertex -77.19756313292355 20.497563132923542 1.5
    endloop
  endfacet
  facet normal 0.9238795325112806 0.3826834323651044 0
    outer loop
      vertex -79.95054445662277 20.86 0
      vertex -80.12537019600587 21.282066671070588 1.5
      vertex -79.95054445662277 20.86 1.5
    endloop
  endfacet
  facet normal 0.9914448613738113 0.13052619222004494 0
    outer loop
      vertex -80.12537019600587 21.282066671070588 0
      vertex -80.185 21.735 1.5
      vertex -80.12537019600587 21.282066671070588 1.5
    endloop
  endfacet
  facet normal 0.9914448613738113 -0.13052619222004494 0
    outer loop
      vertex -80.12537019600587 22.18793332892941 1.5
      vertex -80.185 21.735 1.5
      vertex -80.185 21.735 0
    endloop
  endfacet
  facet normal 0.9238795325112806 -0.3826834323651044 0
    outer loop
      vertex -79.95054445662277 22.61 1.5
      vertex -80.12537019600587 22.18793332892941 1.5
      vertex -80.12537019600587 22.18793332892941 0
    endloop
  endfacet
  facet normal -0.793353340291235 0.6087614290087207 0
    outer loop
      vertex -76.91945554337724 20.86 0
      vertex -77.19756313292355 20.497563132923542 1.5
      vertex -76.91945554337724 20.86 1.5
    endloop
  endfacet
  facet normal -0.9238795325112806 0.3826834323651044 0
    outer loop
      vertex -76.74462980399413 21.282066671070588 0
      vertex -76.91945554337724 20.86 1.5
      vertex -76.74462980399413 21.282066671070588 1.5
    endloop
  endfacet
  facet normal -0.9914448613738113 0.13052619222004494 0
    outer loop
      vertex -76.685 21.735 0
      vertex -76.74462980399413 21.282066671070588 1.5
      vertex -76.685 21.735 1.5
    endloop
  endfacet
  facet normal -0.9914448613738113 -0.13052619222004494 0
    outer loop
      vertex -76.685 21.735 1.5
      vertex -76.74462980399413 22.18793332892941 1.5
      vertex -76.74462980399413 22.18793332892941 0
    endloop
  endfacet
  facet normal -0.9238795325112806 -0.3826834323651044 0
    outer loop
      vertex -76.74462980399413 22.18793332892941 1.5
      vertex -76.91945554337724 22.61 1.5
      vertex -76.91945554337724 22.61 0
    endloop
  endfacet
  facet normal 0.793353340291235 -0.6087614290087207 0
    outer loop
      vertex -79.67243686707646 22.972436867076457 1.5
      vertex -79.95054445662277 22.61 1.5
      vertex -79.95054445662277 22.61 0
    endloop
  endfacet
  facet normal 0.6087614290087244 -0.7933533402912322 0
    outer loop
      vertex -79.67243686707646 22.972436867076457 0
      vertex -79.31 23.250544456622766 1.5
      vertex -79.67243686707646 22.972436867076457 1.5
    endloop
  endfacet
  facet normal 0.3826834323650856 -0.9238795325112884 0
    outer loop
      vertex -79.31 23.250544456622766 0
      vertex -78.8879333289294 23.42537019600587 1.5
      vertex -79.31 23.250544456622766 1.5
    endloop
  endfacet
  facet normal -0.6087614290087244 -0.7933533402912322 0
    outer loop
      vertex -77.56 23.250544456622766 0
      vertex -77.19756313292355 22.972436867076457 1.5
      vertex -77.56 23.250544456622766 1.5
    endloop
  endfacet
  facet normal 0.1305261922200546 -0.99144486137381 0
    outer loop
      vertex -78.8879333289294 23.42537019600587 0
      vertex -78.435 23.485 1.5
      vertex -78.8879333289294 23.42537019600587 1.5
    endloop
  endfacet
  facet normal -0.1305261922200546 -0.99144486137381 0
    outer loop
      vertex -78.435 23.485 0
      vertex -77.9820666710706 23.42537019600587 1.5
      vertex -78.435 23.485 1.5
    endloop
  endfacet
  facet normal -0.3826834323650856 -0.9238795325112884 0
    outer loop
      vertex -77.9820666710706 23.42537019600587 0
      vertex -77.56 23.250544456622766 1.5
      vertex -77.9820666710706 23.42537019600587 1.5
    endloop
  endfacet
  facet normal -0.793353340291235 -0.6087614290087207 0
    outer loop
      vertex -76.91945554337724 22.61 1.5
      vertex -77.19756313292355 22.972436867076457 1.5
      vertex -77.19756313292355 22.972436867076457 0
    endloop
  endfacet
  facet normal 0.793353340291235 0.6087614290087207 0
    outer loop
      vertex 77.19756313292355 -22.972436867076457 0
      vertex 76.91945554337724 -22.61 0
      vertex 76.91945554337724 -22.61 1.5
    endloop
  endfacet
  facet normal 0.1305261922200546 0.99144486137381 0
    outer loop
      vertex 77.9820666710706 -23.42537019600587 0
      vertex 77.9820666710706 -23.42537019600587 1.5
      vertex 78.435 -23.485 0
    endloop
  endfacet
  facet normal -0.1305261922200546 0.99144486137381 0
    outer loop
      vertex 78.435 -23.485 0
      vertex 78.435 -23.485 1.5
      vertex 78.8879333289294 -23.42537019600587 0
    endloop
  endfacet
  facet normal -0.3826834323650856 0.9238795325112884 0
    outer loop
      vertex 78.8879333289294 -23.42537019600587 0
      vertex 78.8879333289294 -23.42537019600587 1.5
      vertex 79.31 -23.250544456622766 0
    endloop
  endfacet
  facet normal 0.3826834323650856 0.9238795325112884 0
    outer loop
      vertex 77.56 -23.250544456622766 0
      vertex 77.56 -23.250544456622766 1.5
      vertex 77.9820666710706 -23.42537019600587 0
    endloop
  endfacet
  facet normal 0.6087614290087244 0.7933533402912322 0
    outer loop
      vertex 77.56 -23.250544456622766 0
      vertex 77.19756313292355 -22.972436867076457 0
      vertex 77.19756313292355 -22.972436867076457 1.5
    endloop
  endfacet
  facet normal -0.6087614290087244 0.7933533402912322 0
    outer loop
      vertex 79.31 -23.250544456622766 0
      vertex 79.31 -23.250544456622766 1.5
      vertex 79.67243686707646 -22.972436867076457 0
    endloop
  endfacet
  facet normal -0.793353340291235 0.6087614290087207 0
    outer loop
      vertex 79.95054445662277 -22.61 0
      vertex 79.67243686707646 -22.972436867076457 0
      vertex 79.67243686707646 -22.972436867076457 1.5
    endloop
  endfacet
  facet normal 0.9238795325112806 0.3826834323651044 0
    outer loop
      vertex 76.91945554337724 -22.61 0
      vertex 76.74462980399413 -22.18793332892941 0
      vertex 76.74462980399413 -22.18793332892941 1.5
    endloop
  endfacet
  facet normal 0.9914448613738113 0.13052619222004494 0
    outer loop
      vertex 76.74462980399413 -22.18793332892941 0
      vertex 76.685 -21.735 0
      vertex 76.685 -21.735 1.5
    endloop
  endfacet
  facet normal 0.9914448613738113 -0.13052619222004494 0
    outer loop
      vertex 76.685 -21.735 0
      vertex 76.74462980399413 -21.282066671070588 0
      vertex 76.74462980399413 -21.282066671070588 1.5
    endloop
  endfacet
  facet normal 0.9238795325112806 -0.3826834323651044 0
    outer loop
      vertex 76.74462980399413 -21.282066671070588 0
      vertex 76.91945554337724 -20.86 0
      vertex 76.91945554337724 -20.86 1.5
    endloop
  endfacet
  facet normal 0.793353340291235 -0.6087614290087207 0
    outer loop
      vertex 76.91945554337724 -20.86 0
      vertex 77.19756313292355 -20.497563132923542 0
      vertex 77.19756313292355 -20.497563132923542 1.5
    endloop
  endfacet
  facet normal -0.9238795325112806 0.3826834323651044 0
    outer loop
      vertex 80.12537019600587 -22.18793332892941 0
      vertex 79.95054445662277 -22.61 0
      vertex 79.95054445662277 -22.61 1.5
    endloop
  endfacet
  facet normal -0.9914448613738113 0.13052619222004494 0
    outer loop
      vertex 80.185 -21.735 0
      vertex 80.12537019600587 -22.18793332892941 0
      vertex 80.12537019600587 -22.18793332892941 1.5
    endloop
  endfacet
  facet normal -0.9914448613738113 -0.13052619222004494 0
    outer loop
      vertex 80.12537019600587 -21.282066671070588 0
      vertex 80.185 -21.735 0
      vertex 80.185 -21.735 1.5
    endloop
  endfacet
  facet normal -0.9238795325112806 -0.3826834323651044 0
    outer loop
      vertex 79.95054445662277 -20.86 0
      vertex 80.12537019600587 -21.282066671070588 0
      vertex 80.12537019600587 -21.282066671070588 1.5
    endloop
  endfacet
  facet normal 0.6087614290087244 -0.7933533402912322 0
    outer loop
      vertex 77.56 -20.219455543377233 0
      vertex 77.56 -20.219455543377233 1.5
      vertex 77.19756313292355 -20.497563132923542 0
    endloop
  endfacet
  facet normal -0.793353340291235 -0.6087614290087207 0
    outer loop
      vertex 79.67243686707646 -20.497563132923542 0
      vertex 79.95054445662277 -20.86 0
      vertex 79.95054445662277 -20.86 1.5
    endloop
  endfacet
  facet normal -0.3826834323650856 -0.9238795325112884 0
    outer loop
      vertex 79.31 -20.219455543377233 0
      vertex 79.31 -20.219455543377233 1.5
      vertex 78.8879333289294 -20.04462980399413 0
    endloop
  endfacet
  facet normal -0.6087614290087244 -0.7933533402912322 0
    outer loop
      vertex 79.67243686707646 -20.497563132923542 0
      vertex 79.67243686707646 -20.497563132923542 1.5
      vertex 79.31 -20.219455543377233 0
    endloop
  endfacet
  facet normal 0.3826834323650856 -0.9238795325112884 0
    outer loop
      vertex 77.9820666710706 -20.04462980399413 0
      vertex 77.9820666710706 -20.04462980399413 1.5
      vertex 77.56 -20.219455543377233 0
    endloop
  endfacet
  facet normal 0.1305261922200546 -0.99144486137381 0
    outer loop
      vertex 78.435 -19.985 0
      vertex 78.435 -19.985 1.5
      vertex 77.9820666710706 -20.04462980399413 0
    endloop
  endfacet
  facet normal -0.1305261922200546 -0.99144486137381 0
    outer loop
      vertex 78.8879333289294 -20.04462980399413 0
      vertex 78.8879333289294 -20.04462980399413 1.5
      vertex 78.435 -19.985 0
    endloop
  endfacet
  facet normal 0.793353340291235 0.6087614290087207 0
    outer loop
      vertex 76.91945554337724 -22.61 1.5
      vertex 77.19756313292355 -22.972436867076457 1.5
      vertex 77.19756313292355 -22.972436867076457 0
    endloop
  endfacet
  facet normal 0.3826834323650856 0.9238795325112884 0
    outer loop
      vertex 77.9820666710706 -23.42537019600587 0
      vertex 77.56 -23.250544456622766 1.5
      vertex 77.9820666710706 -23.42537019600587 1.5
    endloop
  endfacet
  facet normal 0.1305261922200546 0.99144486137381 0
    outer loop
      vertex 78.435 -23.485 0
      vertex 77.9820666710706 -23.42537019600587 1.5
      vertex 78.435 -23.485 1.5
    endloop
  endfacet
  facet normal -0.1305261922200546 0.99144486137381 0
    outer loop
      vertex 78.8879333289294 -23.42537019600587 0
      vertex 78.435 -23.485 1.5
      vertex 78.8879333289294 -23.42537019600587 1.5
    endloop
  endfacet
  facet normal 0.6087614290087244 0.7933533402912322 0
    outer loop
      vertex 77.56 -23.250544456622766 0
      vertex 77.19756313292355 -22.972436867076457 1.5
      vertex 77.56 -23.250544456622766 1.5
    endloop
  endfacet
  facet normal -0.3826834323650856 0.9238795325112884 0
    outer loop
      vertex 79.31 -23.250544456622766 0
      vertex 78.8879333289294 -23.42537019600587 1.5
      vertex 79.31 -23.250544456622766 1.5
    endloop
  endfacet
  facet normal -0.6087614290087244 0.7933533402912322 0
    outer loop
      vertex 79.67243686707646 -22.972436867076457 0
      vertex 79.31 -23.250544456622766 1.5
      vertex 79.67243686707646 -22.972436867076457 1.5
    endloop
  endfacet
  facet normal -0.793353340291235 0.6087614290087207 0
    outer loop
      vertex 79.67243686707646 -22.972436867076457 1.5
      vertex 79.95054445662277 -22.61 1.5
      vertex 79.95054445662277 -22.61 0
    endloop
  endfacet
  facet normal 0.9238795325112806 0.3826834323651044 0
    outer loop
      vertex 76.74462980399413 -22.18793332892941 1.5
      vertex 76.91945554337724 -22.61 1.5
      vertex 76.91945554337724 -22.61 0
    endloop
  endfacet
  facet normal 0.9914448613738113 0.13052619222004494 0
    outer loop
      vertex 76.685 -21.735 1.5
      vertex 76.74462980399413 -22.18793332892941 1.5
      vertex 76.74462980399413 -22.18793332892941 0
    endloop
  endfacet
  facet normal 0.9914448613738113 -0.13052619222004494 0
    outer loop
      vertex 76.685 -21.735 0
      vertex 76.74462980399413 -21.282066671070588 1.5
      vertex 76.685 -21.735 1.5
    endloop
  endfacet
  facet normal 0.9238795325112806 -0.3826834323651044 0
    outer loop
      vertex 76.74462980399413 -21.282066671070588 0
      vertex 76.91945554337724 -20.86 1.5
      vertex 76.74462980399413 -21.282066671070588 1.5
    endloop
  endfacet
  facet normal 0.793353340291235 -0.6087614290087207 0
    outer loop
      vertex 76.91945554337724 -20.86 0
      vertex 77.19756313292355 -20.497563132923542 1.5
      vertex 76.91945554337724 -20.86 1.5
    endloop
  endfacet
  facet normal -0.9238795325112806 0.3826834323651044 0
    outer loop
      vertex 79.95054445662277 -22.61 1.5
      vertex 80.12537019600587 -22.18793332892941 1.5
      vertex 80.12537019600587 -22.18793332892941 0
    endloop
  endfacet
  facet normal -0.9914448613738113 0.13052619222004494 0
    outer loop
      vertex 80.12537019600587 -22.18793332892941 1.5
      vertex 80.185 -21.735 1.5
      vertex 80.185 -21.735 0
    endloop
  endfacet
  facet normal -0.9914448613738113 -0.13052619222004494 0
    outer loop
      vertex 80.12537019600587 -21.282066671070588 0
      vertex 80.185 -21.735 1.5
      vertex 80.12537019600587 -21.282066671070588 1.5
    endloop
  endfacet
  facet normal -0.9238795325112806 -0.3826834323651044 0
    outer loop
      vertex 79.95054445662277 -20.86 0
      vertex 80.12537019600587 -21.282066671070588 1.5
      vertex 79.95054445662277 -20.86 1.5
    endloop
  endfacet
  facet normal 0.6087614290087244 -0.7933533402912322 0
    outer loop
      vertex 77.19756313292355 -20.497563132923542 0
      vertex 77.56 -20.219455543377233 1.5
      vertex 77.19756313292355 -20.497563132923542 1.5
    endloop
  endfacet
  facet normal 0.3826834323650856 -0.9238795325112884 0
    outer loop
      vertex 77.56 -20.219455543377233 0
      vertex 77.9820666710706 -20.04462980399413 1.5
      vertex 77.56 -20.219455543377233 1.5
    endloop
  endfacet
  facet normal -0.793353340291235 -0.6087614290087207 0
    outer loop
      vertex 79.67243686707646 -20.497563132923542 0
      vertex 79.95054445662277 -20.86 1.5
      vertex 79.67243686707646 -20.497563132923542 1.5
    endloop
  endfacet
  facet normal -0.6087614290087244 -0.7933533402912322 0
    outer loop
      vertex 79.31 -20.219455543377233 0
      vertex 79.67243686707646 -20.497563132923542 1.5
      vertex 79.31 -20.219455543377233 1.5
    endloop
  endfacet
  facet normal 0.1305261922200546 -0.99144486137381 0
    outer loop
      vertex 77.9820666710706 -20.04462980399413 0
      vertex 78.435 -19.985 1.5
      vertex 77.9820666710706 -20.04462980399413 1.5
    endloop
  endfacet
  facet normal -0.1305261922200546 -0.99144486137381 0
    outer loop
      vertex 78.435 -19.985 0
      vertex 78.8879333289294 -20.04462980399413 1.5
      vertex 78.435 -19.985 1.5
    endloop
  endfacet
  facet normal -0.3826834323650856 -0.9238795325112884 0
    outer loop
      vertex 78.8879333289294 -20.04462980399413 0
      vertex 79.31 -20.219455543377233 1.5
      vertex 78.8879333289294 -20.04462980399413 1.5
    endloop
  endfacet
  facet normal 0.793353340291235 0.6087614290087207 0
    outer loop
      vertex 77.19756313292355 20.497563132923542 0
      vertex 76.91945554337724 20.86 0
      vertex 76.91945554337724 20.86 1.5
    endloop
  endfacet
  facet normal 0.9238795325112806 0.3826834323651044 0
    outer loop
      vertex 76.91945554337724 20.86 0
      vertex 76.74462980399413 21.282066671070588 0
      vertex 76.74462980399413 21.282066671070588 1.5
    endloop
  endfacet
  facet normal 0.9914448613738113 0.13052619222004494 0
    outer loop
      vertex 76.74462980399413 21.282066671070588 0
      vertex 76.685 21.735 0
      vertex 76.685 21.735 1.5
    endloop
  endfacet
  facet normal 0.9914448613738113 -0.13052619222004494 0
    outer loop
      vertex 76.685 21.735 0
      vertex 76.74462980399413 22.18793332892941 0
      vertex 76.74462980399413 22.18793332892941 1.5
    endloop
  endfacet
  facet normal 0.9238795325112806 -0.3826834323651044 0
    outer loop
      vertex 76.74462980399413 22.18793332892941 0
      vertex 76.91945554337724 22.61 0
      vertex 76.91945554337724 22.61 1.5
    endloop
  endfacet
  facet normal 0.1305261922200546 0.99144486137381 0
    outer loop
      vertex 77.9820666710706 20.04462980399413 0
      vertex 77.9820666710706 20.04462980399413 1.5
      vertex 78.435 19.985 0
    endloop
  endfacet
  facet normal -0.1305261922200546 0.99144486137381 0
    outer loop
      vertex 78.435 19.985 0
      vertex 78.435 19.985 1.5
      vertex 78.8879333289294 20.04462980399413 0
    endloop
  endfacet
  facet normal -0.3826834323650856 0.9238795325112884 0
    outer loop
      vertex 78.8879333289294 20.04462980399413 0
      vertex 78.8879333289294 20.04462980399413 1.5
      vertex 79.31 20.219455543377233 0
    endloop
  endfacet
  facet normal 0.3826834323650856 0.9238795325112884 0
    outer loop
      vertex 77.56 20.219455543377233 0
      vertex 77.56 20.219455543377233 1.5
      vertex 77.9820666710706 20.04462980399413 0
    endloop
  endfacet
  facet normal 0.6087614290087244 0.7933533402912322 0
    outer loop
      vertex 77.56 20.219455543377233 0
      vertex 77.19756313292355 20.497563132923542 0
      vertex 77.19756313292355 20.497563132923542 1.5
    endloop
  endfacet
  facet normal -0.6087614290087244 0.7933533402912322 0
    outer loop
      vertex 79.31 20.219455543377233 0
      vertex 79.31 20.219455543377233 1.5
      vertex 79.67243686707646 20.497563132923542 0
    endloop
  endfacet
  facet normal -0.793353340291235 0.6087614290087207 0
    outer loop
      vertex 79.67243686707646 20.497563132923542 0
      vertex 79.67243686707646 20.497563132923542 1.5
      vertex 79.95054445662277 20.86 0
    endloop
  endfacet
  facet normal -0.9238795325112806 0.3826834323651044 0
    outer loop
      vertex 80.12537019600587 21.282066671070588 0
      vertex 79.95054445662277 20.86 0
      vertex 79.95054445662277 20.86 1.5
    endloop
  endfacet
  facet normal -0.9914448613738113 0.13052619222004494 0
    outer loop
      vertex 80.185 21.735 0
      vertex 80.12537019600587 21.282066671070588 0
      vertex 80.12537019600587 21.282066671070588 1.5
    endloop
  endfacet
  facet normal -0.9914448613738113 -0.13052619222004494 0
    outer loop
      vertex 80.12537019600587 22.18793332892941 0
      vertex 80.185 21.735 0
      vertex 80.185 21.735 1.5
    endloop
  endfacet
  facet normal -0.9238795325112806 -0.3826834323651044 0
    outer loop
      vertex 79.95054445662277 22.61 0
      vertex 80.12537019600587 22.18793332892941 0
      vertex 80.12537019600587 22.18793332892941 1.5
    endloop
  endfacet
  facet normal 0.793353340291235 -0.6087614290087207 0
    outer loop
      vertex 76.91945554337724 22.61 0
      vertex 77.19756313292355 22.972436867076457 0
      vertex 77.19756313292355 22.972436867076457 1.5
    endloop
  endfacet
  facet normal 0.6087614290087244 -0.7933533402912322 0
    outer loop
      vertex 77.56 23.250544456622766 0
      vertex 77.56 23.250544456622766 1.5
      vertex 77.19756313292355 22.972436867076457 0
    endloop
  endfacet
  facet normal -0.793353340291235 -0.6087614290087207 0
    outer loop
      vertex 79.67243686707646 22.972436867076457 0
      vertex 79.95054445662277 22.61 0
      vertex 79.95054445662277 22.61 1.5
    endloop
  endfacet
  facet normal -0.3826834323650856 -0.9238795325112884 0
    outer loop
      vertex 79.31 23.250544456622766 0
      vertex 79.31 23.250544456622766 1.5
      vertex 78.8879333289294 23.42537019600587 0
    endloop
  endfacet
  facet normal -0.6087614290087244 -0.7933533402912322 0
    outer loop
      vertex 79.31 23.250544456622766 0
      vertex 79.67243686707646 22.972436867076457 0
      vertex 79.67243686707646 22.972436867076457 1.5
    endloop
  endfacet
  facet normal 0.3826834323650856 -0.9238795325112884 0
    outer loop
      vertex 77.9820666710706 23.42537019600587 0
      vertex 77.9820666710706 23.42537019600587 1.5
      vertex 77.56 23.250544456622766 0
    endloop
  endfacet
  facet normal 0.1305261922200546 -0.99144486137381 0
    outer loop
      vertex 78.435 23.485 0
      vertex 78.435 23.485 1.5
      vertex 77.9820666710706 23.42537019600587 0
    endloop
  endfacet
  facet normal -0.1305261922200546 -0.99144486137381 0
    outer loop
      vertex 78.8879333289294 23.42537019600587 0
      vertex 78.8879333289294 23.42537019600587 1.5
      vertex 78.435 23.485 0
    endloop
  endfacet
  facet normal 0.793353340291235 0.6087614290087207 0
    outer loop
      vertex 76.91945554337724 20.86 1.5
      vertex 77.19756313292355 20.497563132923542 1.5
      vertex 77.19756313292355 20.497563132923542 0
    endloop
  endfacet
  facet normal 0.9238795325112806 0.3826834323651044 0
    outer loop
      vertex 76.74462980399413 21.282066671070588 1.5
      vertex 76.91945554337724 20.86 1.5
      vertex 76.91945554337724 20.86 0
    endloop
  endfacet
  facet normal 0.9914448613738113 0.13052619222004494 0
    outer loop
      vertex 76.74462980399413 21.282066671070588 0
      vertex 76.685 21.735 1.5
      vertex 76.74462980399413 21.282066671070588 1.5
    endloop
  endfacet
  facet normal 0.9914448613738113 -0.13052619222004494 0
    outer loop
      vertex 76.685 21.735 0
      vertex 76.74462980399413 22.18793332892941 1.5
      vertex 76.685 21.735 1.5
    endloop
  endfacet
  facet normal 0.9238795325112806 -0.3826834323651044 0
    outer loop
      vertex 76.91945554337724 22.61 1.5
      vertex 76.74462980399413 22.18793332892941 1.5
      vertex 76.74462980399413 22.18793332892941 0
    endloop
  endfacet
  facet normal 0.3826834323650856 0.9238795325112884 0
    outer loop
      vertex 77.9820666710706 20.04462980399413 0
      vertex 77.56 20.219455543377233 1.5
      vertex 77.9820666710706 20.04462980399413 1.5
    endloop
  endfacet
  facet normal 0.1305261922200546 0.99144486137381 0
    outer loop
      vertex 78.435 19.985 0
      vertex 77.9820666710706 20.04462980399413 1.5
      vertex 78.435 19.985 1.5
    endloop
  endfacet
  facet normal -0.1305261922200546 0.99144486137381 0
    outer loop
      vertex 78.8879333289294 20.04462980399413 0
      vertex 78.435 19.985 1.5
      vertex 78.8879333289294 20.04462980399413 1.5
    endloop
  endfacet
  facet normal 0.6087614290087244 0.7933533402912322 0
    outer loop
      vertex 77.56 20.219455543377233 0
      vertex 77.19756313292355 20.497563132923542 1.5
      vertex 77.56 20.219455543377233 1.5
    endloop
  endfacet
  facet normal -0.3826834323650856 0.9238795325112884 0
    outer loop
      vertex 79.31 20.219455543377233 0
      vertex 78.8879333289294 20.04462980399413 1.5
      vertex 79.31 20.219455543377233 1.5
    endloop
  endfacet
  facet normal -0.6087614290087244 0.7933533402912322 0
    outer loop
      vertex 79.67243686707646 20.497563132923542 0
      vertex 79.31 20.219455543377233 1.5
      vertex 79.67243686707646 20.497563132923542 1.5
    endloop
  endfacet
  facet normal -0.793353340291235 0.6087614290087207 0
    outer loop
      vertex 79.95054445662277 20.86 0
      vertex 79.67243686707646 20.497563132923542 1.5
      vertex 79.95054445662277 20.86 1.5
    endloop
  endfacet
  facet normal -0.9238795325112806 0.3826834323651044 0
    outer loop
      vertex 79.95054445662277 20.86 1.5
      vertex 80.12537019600587 21.282066671070588 1.5
      vertex 80.12537019600587 21.282066671070588 0
    endloop
  endfacet
  facet normal -0.9914448613738113 0.13052619222004494 0
    outer loop
      vertex 80.12537019600587 21.282066671070588 1.5
      vertex 80.185 21.735 1.5
      vertex 80.185 21.735 0
    endloop
  endfacet
  facet normal -0.9914448613738113 -0.13052619222004494 0
    outer loop
      vertex 80.185 21.735 1.5
      vertex 80.12537019600587 22.18793332892941 1.5
      vertex 80.12537019600587 22.18793332892941 0
    endloop
  endfacet
  facet normal -0.9238795325112806 -0.3826834323651044 0
    outer loop
      vertex 80.12537019600587 22.18793332892941 1.5
      vertex 79.95054445662277 22.61 1.5
      vertex 79.95054445662277 22.61 0
    endloop
  endfacet
  facet normal 0.793353340291235 -0.6087614290087207 0
    outer loop
      vertex 77.19756313292355 22.972436867076457 1.5
      vertex 76.91945554337724 22.61 1.5
      vertex 76.91945554337724 22.61 0
    endloop
  endfacet
  facet normal 0.6087614290087244 -0.7933533402912322 0
    outer loop
      vertex 77.19756313292355 22.972436867076457 0
      vertex 77.56 23.250544456622766 1.5
      vertex 77.19756313292355 22.972436867076457 1.5
    endloop
  endfacet
  facet normal 0.3826834323650856 -0.9238795325112884 0
    outer loop
      vertex 77.56 23.250544456622766 0
      vertex 77.9820666710706 23.42537019600587 1.5
      vertex 77.56 23.250544456622766 1.5
    endloop
  endfacet
  facet normal -0.793353340291235 -0.6087614290087207 0
    outer loop
      vertex 79.95054445662277 22.61 1.5
      vertex 79.67243686707646 22.972436867076457 1.5
      vertex 79.67243686707646 22.972436867076457 0
    endloop
  endfacet
  facet normal -0.6087614290087244 -0.7933533402912322 0
    outer loop
      vertex 79.31 23.250544456622766 0
      vertex 79.67243686707646 22.972436867076457 1.5
      vertex 79.31 23.250544456622766 1.5
    endloop
  endfacet
  facet normal 0.1305261922200546 -0.99144486137381 0
    outer loop
      vertex 77.9820666710706 23.42537019600587 0
      vertex 78.435 23.485 1.5
      vertex 77.9820666710706 23.42537019600587 1.5
    endloop
  endfacet
  facet normal -0.1305261922200546 -0.99144486137381 0
    outer loop
      vertex 78.435 23.485 0
      vertex 78.8879333289294 23.42537019600587 1.5
      vertex 78.435 23.485 1.5
    endloop
  endfacet
  facet normal -0.3826834323650856 -0.9238795325112884 0
    outer loop
      vertex 78.8879333289294 23.42537019600587 0
      vertex 79.31 23.250544456622766 1.5
      vertex 78.8879333289294 23.42537019600587 1.5
    endloop
  endfacet
  facet normal 0 0 -1
    outer loop
      vertex -81.96976978331804 -23.652303144335747 0
      vertex -82.13508535921574 -23.302772723138332 0
      vertex -78.8879333289294 -23.42537019600587 0
    endloop
  endfacet
  facet normal 0 0 -1
    outer loop
      vertex -82.13508535921574 -23.302772723138332 0
      vertex -79.31 -23.250544456622766 0
      vertex -78.8879333289294 -23.42537019600587 0
    endloop
  endfacet
  facet normal 0 0 -1
    outer loop
      vertex -82.13508535921574 -23.302772723138332 0
      vertex -82.26534492522478 -22.938721626996994 0
      vertex -79.67243686707646 -22.972436867076457 0
    endloop
  endfacet
  facet normal 0 0 -1
    outer loop
      vertex -82.26534492522478 -22.938721626996994 0
      vertex -82.35929401218891 -22.563655868172646 0
      vertex -79.95054445662277 -22.61 0
    endloop
  endfacet
  facet normal 0 0 -1
    outer loop
      vertex -82.13508535921574 -23.302772723138332 0
      vertex -79.67243686707646 -22.972436867076457 0
      vertex -79.31 -23.250544456622766 0
    endloop
  endfacet
  facet normal 0 0 -1
    outer loop
      vertex -82.26534492522478 -22.938721626996994 0
      vertex -79.95054445662277 -22.61 0
      vertex -79.67243686707646 -22.972436867076457 0
    endloop
  endfacet
  facet normal 0 0 -1
    outer loop
      vertex -81.96976978331804 -23.652303144335747 0
      vertex -78.8879333289294 -23.42537019600587 0
      vertex -78.435 -23.485 0
    endloop
  endfacet
  facet normal 0 0 -1
    outer loop
      vertex -82.35929401218891 -22.563655868172646 0
      vertex -82.41602782905102 -22.18118753284216 0
      vertex -80.12537019600587 -22.18793332892941 0
    endloop
  endfacet
  facet normal 0 0 -1
    outer loop
      vertex -82.41602782905102 -22.18118753284216 0
      vertex -82.43500000238419 -21.79500000178814 0
      vertex -80.185 -21.735 0
    endloop
  endfacet
  facet normal 0 0 -1
    outer loop
      vertex -82.35929401218891 -22.563655868172646 0
      vertex -80.12537019600587 -22.18793332892941 0
      vertex -79.95054445662277 -22.61 0
    endloop
  endfacet
  facet normal 0 0 -1
    outer loop
      vertex -82.41602782905102 -22.18118753284216 0
      vertex -80.185 -21.735 0
      vertex -80.12537019600587 -22.18793332892941 0
    endloop
  endfacet
  facet normal 0 0 -1
    outer loop
      vertex -82.43500000238419 -21.79500000178814 0
      vertex -80.12537019600587 -21.282066671070588 0
      vertex -80.185 -21.735 0
    endloop
  endfacet
  facet normal -0.3368898555906379 -0.9415440643964144 0
    outer loop
      vertex -80.00277272611856 -25.435085356235504 0
      vertex -79.63872162997723 -25.56534492224455 0
      vertex -80.00277272611856 -25.435085356235504 1.5
    endloop
  endfacet
  facet normal -0.5141027442848138 -0.8577286099453738 0
    outer loop
      vertex -80.68394672125578 -25.07099027186632 0
      vertex -80.35230314731598 -25.26976978033781 0
      vertex -80.68394672125578 -25.07099027186632 1.5
    endloop
  endfacet
  facet normal -0.4275550904055492 -0.9039892945540355 0
    outer loop
      vertex -80.00277272611856 -25.435085356235504 0
      vertex -80.35230314731598 -25.26976978033781 1.5
      vertex -80.35230314731598 -25.26976978033781 0
    endloop
  endfacet
  facet normal -0.6715589539919945 -0.7409511261299075 0
    outer loop
      vertex -81.28100072592497 -24.581000722944736 0
      vertex -80.99450954794884 -24.84066119045019 0
      vertex -81.28100072592497 -24.581000722944736 1.5
    endloop
  endfacet
  facet normal -0.7409511261299075 -0.6715589539919945 0
    outer loop
      vertex -81.28100072592497 -24.581000722944736 0
      vertex -81.54066119343042 -24.294509544968605 1.5
      vertex -81.54066119343042 -24.294509544968605 0
    endloop
  endfacet
  facet normal -0.5956992900553765 -0.8032075421878958 0
    outer loop
      vertex -80.68394672125578 -25.07099027186632 0
      vertex -80.99450954794884 -24.84066119045019 1.5
      vertex -80.99450954794884 -24.84066119045019 0
    endloop
  endfacet
  facet normal -0.24298019247130095 -0.9700312500464147 0
    outer loop
      vertex -79.63872162997723 -25.56534492224455 0
      vertex -79.26365587115288 -25.65929400920868 0
      vertex -79.63872162997723 -25.56534492224455 1.5
    endloop
  endfacet
  facet normal -0.14673047101046435 -0.9891765104757831 0
    outer loop
      vertex -79.26365587115288 -25.65929400920868 0
      vertex -78.88118753582239 -25.716027826070786 0
      vertex -79.26365587115288 -25.65929400920868 1.5
    endloop
  endfacet
  facet normal -0.04906766532874333 -0.9987954566472489 0
    outer loop
      vertex -78.88118753582239 -25.716027826070786 0
      vertex -78.49500000476837 -25.734999999403954 0
      vertex -78.88118753582239 -25.716027826070786 1.5
    endloop
  endfacet
  facet normal -0.8577286099453738 -0.5141027442848138 0
    outer loop
      vertex -81.77099027484655 -23.983946718275547 0
      vertex -81.96976978331804 -23.652303144335747 1.5
      vertex -81.96976978331804 -23.652303144335747 0
    endloop
  endfacet
  facet normal -0.8032075421878958 -0.5956992900553765 0
    outer loop
      vertex -81.54066119343042 -24.294509544968605 0
      vertex -81.77099027484655 -23.983946718275547 1.5
      vertex -81.77099027484655 -23.983946718275547 0
    endloop
  endfacet
  facet normal -0.9039892945540355 -0.4275550904055492 0
    outer loop
      vertex -81.96976978331804 -23.652303144335747 0
      vertex -82.13508535921574 -23.302772723138332 1.5
      vertex -82.13508535921574 -23.302772723138332 0
    endloop
  endfacet
  facet normal -0.9415440643964144 -0.3368898555906379 0
    outer loop
      vertex -82.13508535921574 -23.302772723138332 0
      vertex -82.26534492522478 -22.938721626996994 1.5
      vertex -82.26534492522478 -22.938721626996994 0
    endloop
  endfacet
  facet normal -0.9700312500464147 -0.24298019247130095 0
    outer loop
      vertex -82.26534492522478 -22.938721626996994 0
      vertex -82.35929401218891 -22.563655868172646 1.5
      vertex -82.35929401218891 -22.563655868172646 0
    endloop
  endfacet
  facet normal -0.9891765104757831 -0.14673047101046435 0
    outer loop
      vertex -82.35929401218891 -22.563655868172646 0
      vertex -82.41602782905102 -22.18118753284216 1.5
      vertex -82.41602782905102 -22.18118753284216 0
    endloop
  endfacet
  facet normal -0.9987954566472489 -0.04906766532874333 0
    outer loop
      vertex -82.41602782905102 -22.18118753284216 0
      vertex -82.43500000238419 -21.79500000178814 1.5
      vertex -82.43500000238419 -21.79500000178814 0
    endloop
  endfacet
  facet normal 0 0 -1
    outer loop
      vertex -82.43500000238419 -21.79500000178814 0
      vertex -80.12537019600587 21.282066671070588 0
      vertex -80.12537019600587 -21.282066671070588 0
    endloop
  endfacet
  facet normal 0 0 -1
    outer loop
      vertex -80.12537019600587 -21.282066671070588 0
      vertex -79.95054445662277 20.86 0
      vertex -79.95054445662277 -20.86 0
    endloop
  endfacet
  facet normal 0 0 -1
    outer loop
      vertex -79.95054445662277 -20.86 0
      vertex -79.67243686707646 20.497563132923542 0
      vertex -79.67243686707646 -20.497563132923542 0
    endloop
  endfacet
  facet normal 0 0 -1
    outer loop
      vertex -79.31 -20.219455543377233 0
      vertex -79.67243686707646 -20.497563132923542 0
      vertex -79.31 20.219455543377233 0
    endloop
  endfacet
  facet normal 0 0 -1
    outer loop
      vertex -78.8879333289294 -20.04462980399413 0
      vertex -79.31 -20.219455543377233 0
      vertex -78.8879333289294 20.04462980399413 0
    endloop
  endfacet
  facet normal 0 0 -1
    outer loop
      vertex -78.435 -19.985 0
      vertex -78.8879333289294 -20.04462980399413 0
      vertex -78.435 19.985 0
    endloop
  endfacet
  facet normal 0 0 -1
    outer loop
      vertex -77.9820666710706 -20.04462980399413 0
      vertex -78.435 -19.985 0
      vertex -77.9820666710706 20.04462980399413 0
    endloop
  endfacet
  facet normal 0 0 -1
    outer loop
      vertex -77.56 -20.219455543377233 0
      vertex -77.9820666710706 -20.04462980399413 0
      vertex -77.56 20.219455543377233 0
    endloop
  endfacet
  facet normal 0 0 -1
    outer loop
      vertex -78.88118753582239 -25.716027826070786 0
      vertex 79.63872162997723 -25.56534492224455 0
      vertex -78.49500000476837 -25.734999999403954 0
    endloop
  endfacet
  facet normal 0 0 -1
    outer loop
      vertex -79.26365587115288 -25.65929400920868 0
      vertex 80.00277272611856 -25.435085356235504 0
      vertex -78.88118753582239 -25.716027826070786 0
    endloop
  endfacet
  facet normal 0 0 -1
    outer loop
      vertex -79.63872162997723 -25.56534492224455 0
      vertex 80.35230314731598 -25.26976978033781 0
      vertex -79.26365587115288 -25.65929400920868 0
    endloop
  endfacet
  facet normal 0 0 -1
    outer loop
      vertex -80.00277272611856 -25.435085356235504 0
      vertex 80.68394672125578 -25.07099027186632 0
      vertex -79.63872162997723 -25.56534492224455 0
    endloop
  endfacet
  facet normal 0 0 -1
    outer loop
      vertex -80.00277272611856 -25.435085356235504 0
      vertex -80.35230314731598 -25.26976978033781 0
      vertex 80.99450954794884 -24.84066119045019 0
    endloop
  endfacet
  facet normal 0 0 -1
    outer loop
      vertex -80.68394672125578 -25.07099027186632 0
      vertex 81.28100072592497 -24.581000722944736 0
      vertex -80.35230314731598 -25.26976978033781 0
    endloop
  endfacet
  facet normal 0 0 -1
    outer loop
      vertex -80.68394672125578 -25.07099027186632 0
      vertex -80.99450954794884 -24.84066119045019 0
      vertex 81.54066119343042 -24.294509544968605 0
    endloop
  endfacet
  facet normal 0 0 -1
    outer loop
      vertex -81.28100072592497 -24.581000722944736 0
      vertex 81.77099027484655 -23.983946718275547 0
      vertex -80.99450954794884 -24.84066119045019 0
    endloop
  endfacet
  facet normal 0 0 -1
    outer loop
      vertex -81.28100072592497 -24.581000722944736 0
      vertex -81.54066119343042 -24.294509544968605 0
      vertex 81.96976978331804 -23.652303144335747 0
    endloop
  endfacet
  facet normal 0 0 -1
    outer loop
      vertex -81.54066119343042 -24.294509544968605 0
      vertex -81.77099027484655 -23.983946718275547 0
      vertex 77.9820666710706 -23.42537019600587 0
    endloop
  endfacet
  facet normal 0 0 -1
    outer loop
      vertex -81.77099027484655 -23.983946718275547 0
      vertex -81.96976978331804 -23.652303144335747 0
      vertex 77.19756313292355 -22.972436867076457 0
    endloop
  endfacet
  facet normal 0 0 -1
    outer loop
      vertex -81.96976978331804 -23.652303144335747 0
      vertex -78.435 -23.485 0
      vertex 76.91945554337724 -22.61 0
    endloop
  endfacet
  facet normal 0 0 -1
    outer loop
      vertex 76.91945554337724 -22.61 0
      vertex -78.435 -23.485 0
      vertex -77.9820666710706 -23.42537019600587 0
    endloop
  endfacet
  facet normal 0 0 -1
    outer loop
      vertex 76.91945554337724 -22.61 0
      vertex -77.9820666710706 -23.42537019600587 0
      vertex -77.56 -23.250544456622766 0
    endloop
  endfacet
  facet normal 0 0 -1
    outer loop
      vertex 76.91945554337724 -22.61 0
      vertex -77.56 -23.250544456622766 0
      vertex -77.19756313292355 -22.972436867076457 0
    endloop
  endfacet
  facet normal 0 0 -1
    outer loop
      vertex -76.91945554337724 -22.61 0
      vertex 76.91945554337724 -22.61 0
      vertex -77.19756313292355 -22.972436867076457 0
    endloop
  endfacet
  facet normal 0 0 -1
    outer loop
      vertex -76.74462980399413 -22.18793332892941 0
      vertex 76.74462980399413 -22.18793332892941 0
      vertex -76.91945554337724 -22.61 0
    endloop
  endfacet
  facet normal 0 0 -1
    outer loop
      vertex 76.74462980399413 -22.18793332892941 0
      vertex -76.74462980399413 -22.18793332892941 0
      vertex -76.685 -21.735 0
    endloop
  endfacet
  facet normal 0 0 -1
    outer loop
      vertex -76.74462980399413 -21.282066671070588 0
      vertex 76.685 -21.735 0
      vertex -76.685 -21.735 0
    endloop
  endfacet
  facet normal 0 -1 0
    outer loop
      vertex -78.49500000476837 -25.734999999403954 0
      vertex 78.49500000476837 -25.734999999403954 0
      vertex -78.49500000476837 -25.734999999403954 1.5
    endloop
  endfacet
  facet normal 0 0 -1
    outer loop
      vertex 77.19756313292355 20.497563132923542 0
      vertex -77.19756313292355 -20.497563132923542 0
      vertex -77.56 -20.219455543377233 0
    endloop
  endfacet
  facet normal 0 0 -1
    outer loop
      vertex -76.91945554337724 -20.86 0
      vertex 77.56 20.219455543377233 0
      vertex -76.74462980399413 -21.282066671070588 0
    endloop
  endfacet
  facet normal 0 0 -1
    outer loop
      vertex -77.19756313292355 -20.497563132923542 0
      vertex 77.56 20.219455543377233 0
      vertex -76.91945554337724 -20.86 0
    endloop
  endfacet
  facet normal -0.4275550904055492 -0.9039892945540355 0
    outer loop
      vertex -80.00277272611856 -25.435085356235504 0
      vertex -80.00277272611856 -25.435085356235504 1.5
      vertex -80.35230314731598 -25.26976978033781 1.5
    endloop
  endfacet
  facet normal -0.5956992900553765 -0.8032075421878958 0
    outer loop
      vertex -80.68394672125578 -25.07099027186632 0
      vertex -80.68394672125578 -25.07099027186632 1.5
      vertex -80.99450954794884 -24.84066119045019 1.5
    endloop
  endfacet
  facet normal -0.5141027442848138 -0.8577286099453738 0
    outer loop
      vertex -80.35230314731598 -25.26976978033781 0
      vertex -80.35230314731598 -25.26976978033781 1.5
      vertex -80.68394672125578 -25.07099027186632 1.5
    endloop
  endfacet
  facet normal -0.7409511261299075 -0.6715589539919945 0
    outer loop
      vertex -81.28100072592497 -24.581000722944736 0
      vertex -81.28100072592497 -24.581000722944736 1.5
      vertex -81.54066119343042 -24.294509544968605 1.5
    endloop
  endfacet
  facet normal -0.8032075421878958 -0.5956992900553765 0
    outer loop
      vertex -81.54066119343042 -24.294509544968605 0
      vertex -81.54066119343042 -24.294509544968605 1.5
      vertex -81.77099027484655 -23.983946718275547 1.5
    endloop
  endfacet
  facet normal -0.6715589539919945 -0.7409511261299075 0
    outer loop
      vertex -80.99450954794884 -24.84066119045019 0
      vertex -80.99450954794884 -24.84066119045019 1.5
      vertex -81.28100072592497 -24.581000722944736 1.5
    endloop
  endfacet
  facet normal -0.24298019247130095 -0.9700312500464147 0
    outer loop
      vertex -79.26365587115288 -25.65929400920868 0
      vertex -79.26365587115288 -25.65929400920868 1.5
      vertex -79.63872162997723 -25.56534492224455 1.5
    endloop
  endfacet
  facet normal -0.3368898555906379 -0.9415440643964144 0
    outer loop
      vertex -79.63872162997723 -25.56534492224455 0
      vertex -79.63872162997723 -25.56534492224455 1.5
      vertex -80.00277272611856 -25.435085356235504 1.5
    endloop
  endfacet
  facet normal -0.14673047101046435 -0.9891765104757831 0
    outer loop
      vertex -78.88118753582239 -25.716027826070786 0
      vertex -78.88118753582239 -25.716027826070786 1.5
      vertex -79.26365587115288 -25.65929400920868 1.5
    endloop
  endfacet
  facet normal -0.04906766532874333 -0.9987954566472489 0
    outer loop
      vertex -78.49500000476837 -25.734999999403954 0
      vertex -78.49500000476837 -25.734999999403954 1.5
      vertex -78.88118753582239 -25.716027826070786 1.5
    endloop
  endfacet
  facet normal -0.8577286099453738 -0.5141027442848138 0
    outer loop
      vertex -81.77099027484655 -23.983946718275547 0
      vertex -81.77099027484655 -23.983946718275547 1.5
      vertex -81.96976978331804 -23.652303144335747 1.5
    endloop
  endfacet
  facet normal -0.9039892945540355 -0.4275550904055492 0
    outer loop
      vertex -81.96976978331804 -23.652303144335747 0
      vertex -81.96976978331804 -23.652303144335747 1.5
      vertex -82.13508535921574 -23.302772723138332 1.5
    endloop
  endfacet
  facet normal -0.9415440643964144 -0.3368898555906379 0
    outer loop
      vertex -82.13508535921574 -23.302772723138332 0
      vertex -82.13508535921574 -23.302772723138332 1.5
      vertex -82.26534492522478 -22.938721626996994 1.5
    endloop
  endfacet
  facet normal -0.9700312500464147 -0.24298019247130095 0
    outer loop
      vertex -82.26534492522478 -22.938721626996994 0
      vertex -82.26534492522478 -22.938721626996994 1.5
      vertex -82.35929401218891 -22.563655868172646 1.5
    endloop
  endfacet
  facet normal -0.9891765104757831 -0.14673047101046435 0
    outer loop
      vertex -82.35929401218891 -22.563655868172646 0
      vertex -82.35929401218891 -22.563655868172646 1.5
      vertex -82.41602782905102 -22.18118753284216 1.5
    endloop
  endfacet
  facet normal -0.9987954566472489 -0.04906766532874333 0
    outer loop
      vertex -82.41602782905102 -22.18118753284216 0
      vertex -82.41602782905102 -22.18118753284216 1.5
      vertex -82.43500000238419 -21.79500000178814 1.5
    endloop
  endfacet
  facet normal 0 0 1
    outer loop
      vertex -81.96976978331804 -23.652303144335747 1.5
      vertex -79.31 -23.250544456622766 1.5
      vertex -82.13508535921574 -23.302772723138332 1.5
    endloop
  endfacet
  facet normal 0 0 1
    outer loop
      vertex -81.96976978331804 -23.652303144335747 1.5
      vertex -78.8879333289294 -23.42537019600587 1.5
      vertex -79.31 -23.250544456622766 1.5
    endloop
  endfacet
  facet normal 0 0 1
    outer loop
      vertex -82.13508535921574 -23.302772723138332 1.5
      vertex -79.95054445662277 -22.61 1.5
      vertex -82.26534492522478 -22.938721626996994 1.5
    endloop
  endfacet
  facet normal 0 0 1
    outer loop
      vertex -82.26534492522478 -22.938721626996994 1.5
      vertex -80.12537019600587 -22.18793332892941 1.5
      vertex -82.35929401218891 -22.563655868172646 1.5
    endloop
  endfacet
  facet normal 0 0 1
    outer loop
      vertex -82.13508535921574 -23.302772723138332 1.5
      vertex -79.67243686707646 -22.972436867076457 1.5
      vertex -79.95054445662277 -22.61 1.5
    endloop
  endfacet
  facet normal 0 0 1
    outer loop
      vertex -82.13508535921574 -23.302772723138332 1.5
      vertex -79.31 -23.250544456622766 1.5
      vertex -79.67243686707646 -22.972436867076457 1.5
    endloop
  endfacet
  facet normal 0 0 1
    outer loop
      vertex -82.26534492522478 -22.938721626996994 1.5
      vertex -79.95054445662277 -22.61 1.5
      vertex -80.12537019600587 -22.18793332892941 1.5
    endloop
  endfacet
  facet normal 0 0 1
    outer loop
      vertex -81.96976978331804 -23.652303144335747 1.5
      vertex -78.435 -23.485 1.5
      vertex -78.8879333289294 -23.42537019600587 1.5
    endloop
  endfacet
  facet normal 0 0 1
    outer loop
      vertex -82.35929401218891 -22.563655868172646 1.5
      vertex -80.185 -21.735 1.5
      vertex -82.41602782905102 -22.18118753284216 1.5
    endloop
  endfacet
  facet normal 0 0 1
    outer loop
      vertex -82.41602782905102 -22.18118753284216 1.5
      vertex -80.12537019600587 -21.282066671070588 1.5
      vertex -82.43500000238419 -21.79500000178814 1.5
    endloop
  endfacet
  facet normal 0 0 1
    outer loop
      vertex -82.35929401218891 -22.563655868172646 1.5
      vertex -80.12537019600587 -22.18793332892941 1.5
      vertex -80.185 -21.735 1.5
    endloop
  endfacet
  facet normal 0 0 1
    outer loop
      vertex -82.41602782905102 -22.18118753284216 1.5
      vertex -80.185 -21.735 1.5
      vertex -80.12537019600587 -21.282066671070588 1.5
    endloop
  endfacet
  facet normal 0 0 1
    outer loop
      vertex -82.43500000238419 -21.79500000178814 1.5
      vertex -80.12537019600587 -21.282066671070588 1.5
      vertex -79.95054445662277 -20.86 1.5
    endloop
  endfacet
  facet normal -1 0 0
    outer loop
      vertex -82.43500000238419 -21.79500000178814 0
      vertex -82.43500000238419 -21.79500000178814 1.5
      vertex -82.43500000238419 21.79500000178814 1.5
    endloop
  endfacet
  facet normal 0 0 1
    outer loop
      vertex -82.43500000238419 -21.79500000178814 1.5
      vertex -79.95054445662277 -20.86 1.5
      vertex -80.185 21.735 1.5
    endloop
  endfacet
  facet normal 0 0 1
    outer loop
      vertex -79.67243686707646 -20.497563132923542 1.5
      vertex -79.95054445662277 20.86 1.5
      vertex -79.95054445662277 -20.86 1.5
    endloop
  endfacet
  facet normal 0 0 1
    outer loop
      vertex -79.67243686707646 -20.497563132923542 1.5
      vertex -79.31 -20.219455543377233 1.5
      vertex -79.67243686707646 20.497563132923542 1.5
    endloop
  endfacet
  facet normal 0 0 1
    outer loop
      vertex -79.31 -20.219455543377233 1.5
      vertex -78.8879333289294 -20.04462980399413 1.5
      vertex -79.31 20.219455543377233 1.5
    endloop
  endfacet
  facet normal 0 0 1
    outer loop
      vertex -78.8879333289294 -20.04462980399413 1.5
      vertex -78.435 -19.985 1.5
      vertex -78.8879333289294 20.04462980399413 1.5
    endloop
  endfacet
  facet normal 0 0 1
    outer loop
      vertex -78.435 -19.985 1.5
      vertex -77.9820666710706 -20.04462980399413 1.5
      vertex -78.435 19.985 1.5
    endloop
  endfacet
  facet normal 0 0 1
    outer loop
      vertex -77.9820666710706 -20.04462980399413 1.5
      vertex -77.56 -20.219455543377233 1.5
      vertex -77.9820666710706 20.04462980399413 1.5
    endloop
  endfacet
  facet normal 0 0 1
    outer loop
      vertex -77.56 -20.219455543377233 1.5
      vertex -77.19756313292355 -20.497563132923542 1.5
      vertex -77.56 20.219455543377233 1.5
    endloop
  endfacet
  facet normal 0 0 1
    outer loop
      vertex -78.88118753582239 -25.716027826070786 1.5
      vertex -78.49500000476837 -25.734999999403954 1.5
      vertex 79.63872162997723 -25.56534492224455 1.5
    endloop
  endfacet
  facet normal 0 0 1
    outer loop
      vertex -79.26365587115288 -25.65929400920868 1.5
      vertex -78.88118753582239 -25.716027826070786 1.5
      vertex 80.00277272611856 -25.435085356235504 1.5
    endloop
  endfacet
  facet normal 0 0 1
    outer loop
      vertex -79.63872162997723 -25.56534492224455 1.5
      vertex -79.26365587115288 -25.65929400920868 1.5
      vertex 80.35230314731598 -25.26976978033781 1.5
    endloop
  endfacet
  facet normal 0 0 1
    outer loop
      vertex -80.00277272611856 -25.435085356235504 1.5
      vertex -79.63872162997723 -25.56534492224455 1.5
      vertex 80.68394672125578 -25.07099027186632 1.5
    endloop
  endfacet
  facet normal 0 0 1
    outer loop
      vertex -80.00277272611856 -25.435085356235504 1.5
      vertex 80.99450954794884 -24.84066119045019 1.5
      vertex -80.35230314731598 -25.26976978033781 1.5
    endloop
  endfacet
  facet normal 0 0 1
    outer loop
      vertex -80.68394672125578 -25.07099027186632 1.5
      vertex -80.35230314731598 -25.26976978033781 1.5
      vertex 81.28100072592497 -24.581000722944736 1.5
    endloop
  endfacet
  facet normal 0 0 1
    outer loop
      vertex -80.68394672125578 -25.07099027186632 1.5
      vertex 81.54066119343042 -24.294509544968605 1.5
      vertex -80.99450954794884 -24.84066119045019 1.5
    endloop
  endfacet
  facet normal 0 0 1
    outer loop
      vertex -81.28100072592497 -24.581000722944736 1.5
      vertex -80.99450954794884 -24.84066119045019 1.5
      vertex 81.77099027484655 -23.983946718275547 1.5
    endloop
  endfacet
  facet normal 0 0 1
    outer loop
      vertex -81.28100072592497 -24.581000722944736 1.5
      vertex 81.96976978331804 -23.652303144335747 1.5
      vertex -81.54066119343042 -24.294509544968605 1.5
    endloop
  endfacet
  facet normal 0 0 1
    outer loop
      vertex -81.54066119343042 -24.294509544968605 1.5
      vertex 77.56 -23.250544456622766 1.5
      vertex -81.77099027484655 -23.983946718275547 1.5
    endloop
  endfacet
  facet normal 0 0 1
    outer loop
      vertex -81.77099027484655 -23.983946718275547 1.5
      vertex 76.91945554337724 -22.61 1.5
      vertex -81.96976978331804 -23.652303144335747 1.5
    endloop
  endfacet
  facet normal 0 0 1
    outer loop
      vertex -81.96976978331804 -23.652303144335747 1.5
      vertex 76.74462980399413 -22.18793332892941 1.5
      vertex -78.435 -23.485 1.5
    endloop
  endfacet
  facet normal 0 0 1
    outer loop
      vertex 76.74462980399413 -22.18793332892941 1.5
      vertex -77.9820666710706 -23.42537019600587 1.5
      vertex -78.435 -23.485 1.5
    endloop
  endfacet
  facet normal 0 0 1
    outer loop
      vertex 76.74462980399413 -22.18793332892941 1.5
      vertex -77.56 -23.250544456622766 1.5
      vertex -77.9820666710706 -23.42537019600587 1.5
    endloop
  endfacet
  facet normal 0 0 1
    outer loop
      vertex 76.74462980399413 -22.18793332892941 1.5
      vertex -77.19756313292355 -22.972436867076457 1.5
      vertex -77.56 -23.250544456622766 1.5
    endloop
  endfacet
  facet normal 0 0 1
    outer loop
      vertex -77.19756313292355 -22.972436867076457 1.5
      vertex 76.685 -21.735 1.5
      vertex -76.91945554337724 -22.61 1.5
    endloop
  endfacet
  facet normal 0 0 1
    outer loop
      vertex -76.91945554337724 -22.61 1.5
      vertex 76.685 -21.735 1.5
      vertex -76.74462980399413 -22.18793332892941 1.5
    endloop
  endfacet
  facet normal 0 0 1
    outer loop
      vertex 76.685 -21.735 1.5
      vertex -76.685 -21.735 1.5
      vertex -76.74462980399413 -22.18793332892941 1.5
    endloop
  endfacet
  facet normal 0 0 1
    outer loop
      vertex -76.685 -21.735 1.5
      vertex 76.74462980399413 -21.282066671070588 1.5
      vertex -76.74462980399413 -21.282066671070588 1.5
    endloop
  endfacet
  facet normal 0 0 1
    outer loop
      vertex -76.74462980399413 -21.282066671070588 1.5
      vertex 77.19756313292355 20.497563132923542 1.5
      vertex -76.91945554337724 -20.86 1.5
    endloop
  endfacet
  facet normal 0 0 1
    outer loop
      vertex -76.91945554337724 -20.86 1.5
      vertex 76.91945554337724 20.86 1.5
      vertex -77.19756313292355 -20.497563132923542 1.5
    endloop
  endfacet
  facet normal 0 0 -1
    outer loop
      vertex -82.43500000238419 -21.79500000178814 0
      vertex -80.185 21.735 0
      vertex -80.12537019600587 21.282066671070588 0
    endloop
  endfacet
  facet normal 0 0 -1
    outer loop
      vertex -80.12537019600587 -21.282066671070588 0
      vertex -80.12537019600587 21.282066671070588 0
      vertex -79.95054445662277 20.86 0
    endloop
  endfacet
  facet normal 0 0 -1
    outer loop
      vertex -82.43500000238419 -21.79500000178814 0
      vertex -82.43500000238419 21.79500000178814 0
      vertex -80.185 21.735 0
    endloop
  endfacet
  facet normal 0 0 -1
    outer loop
      vertex -79.95054445662277 -20.86 0
      vertex -79.95054445662277 20.86 0
      vertex -79.67243686707646 20.497563132923542 0
    endloop
  endfacet
  facet normal 0 0 -1
    outer loop
      vertex -79.67243686707646 -20.497563132923542 0
      vertex -79.67243686707646 20.497563132923542 0
      vertex -79.31 20.219455543377233 0
    endloop
  endfacet
  facet normal 0 0 -1
    outer loop
      vertex -79.31 -20.219455543377233 0
      vertex -79.31 20.219455543377233 0
      vertex -78.8879333289294 20.04462980399413 0
    endloop
  endfacet
  facet normal 0 0 -1
    outer loop
      vertex -78.8879333289294 -20.04462980399413 0
      vertex -78.8879333289294 20.04462980399413 0
      vertex -78.435 19.985 0
    endloop
  endfacet
  facet normal 0 0 -1
    outer loop
      vertex -78.435 -19.985 0
      vertex -78.435 19.985 0
      vertex -77.9820666710706 20.04462980399413 0
    endloop
  endfacet
  facet normal 0 0 -1
    outer loop
      vertex -77.9820666710706 -20.04462980399413 0
      vertex -77.9820666710706 20.04462980399413 0
      vertex -77.56 20.219455543377233 0
    endloop
  endfacet
  facet normal 0 0 -1
    outer loop
      vertex -77.56 -20.219455543377233 0
      vertex -77.56 20.219455543377233 0
      vertex -77.19756313292355 20.497563132923542 0
    endloop
  endfacet
  facet normal 0 0 -1
    outer loop
      vertex -77.56 -20.219455543377233 0
      vertex -77.19756313292355 20.497563132923542 0
      vertex -76.91945554337724 20.86 0
    endloop
  endfacet
  facet normal 0 0 -1
    outer loop
      vertex -77.56 -20.219455543377233 0
      vertex -76.91945554337724 20.86 0
      vertex -76.74462980399413 21.282066671070588 0
    endloop
  endfacet
  facet normal -1 0 0
    outer loop
      vertex -82.43500000238419 -21.79500000178814 0
      vertex -82.43500000238419 21.79500000178814 1.5
      vertex -82.43500000238419 21.79500000178814 0
    endloop
  endfacet
  facet normal 0 0 -1
    outer loop
      vertex -82.43500000238419 21.79500000178814 0
      vertex -82.41602782905102 22.18118753284216 0
      vertex -80.185 21.735 0
    endloop
  endfacet
  facet normal 0 0 -1
    outer loop
      vertex -82.41602782905102 22.18118753284216 0
      vertex -82.35929401218891 22.563655868172646 0
      vertex -80.12537019600587 22.18793332892941 0
    endloop
  endfacet
  facet normal 0 0 -1
    outer loop
      vertex -82.41602782905102 22.18118753284216 0
      vertex -80.12537019600587 22.18793332892941 0
      vertex -80.185 21.735 0
    endloop
  endfacet
  facet normal 0 0 -1
    outer loop
      vertex -82.35929401218891 22.563655868172646 0
      vertex -82.26534492522478 22.938721626996994 0
      vertex -80.12537019600587 22.18793332892941 0
    endloop
  endfacet
  facet normal 0 0 -1
    outer loop
      vertex -82.26534492522478 22.938721626996994 0
      vertex -82.13508535921574 23.302772723138332 0
      vertex -79.95054445662277 22.61 0
    endloop
  endfacet
  facet normal 0 0 -1
    outer loop
      vertex -82.26534492522478 22.938721626996994 0
      vertex -79.95054445662277 22.61 0
      vertex -80.12537019600587 22.18793332892941 0
    endloop
  endfacet
  facet normal 0 0 -1
    outer loop
      vertex -82.13508535921574 23.302772723138332 0
      vertex -79.67243686707646 22.972436867076457 0
      vertex -79.95054445662277 22.61 0
    endloop
  endfacet
  facet normal 0 0 -1
    outer loop
      vertex -82.13508535921574 23.302772723138332 0
      vertex -79.31 23.250544456622766 0
      vertex -79.67243686707646 22.972436867076457 0
    endloop
  endfacet
  facet normal 0 0 -1
    outer loop
      vertex -82.13508535921574 23.302772723138332 0
      vertex -81.96976978331804 23.652303144335747 0
      vertex -79.31 23.250544456622766 0
    endloop
  endfacet
  facet normal 0 0 -1
    outer loop
      vertex -81.96976978331804 23.652303144335747 0
      vertex -78.8879333289294 23.42537019600587 0
      vertex -79.31 23.250544456622766 0
    endloop
  endfacet
  facet normal 0 0 -1
    outer loop
      vertex -81.96976978331804 23.652303144335747 0
      vertex -78.435 23.485 0
      vertex -78.8879333289294 23.42537019600587 0
    endloop
  endfacet
  facet normal 0 0 -1
    outer loop
      vertex -79.26365587115288 25.65929400920868 0
      vertex -78.88118753582239 25.716027826070786 0
      vertex -78.49500000476837 25.734999999403954 0
    endloop
  endfacet
  facet normal -0.9987954566472489 0.04906766532874333 0
    outer loop
      vertex -82.43500000238419 21.79500000178814 0
      vertex -82.41602782905102 22.18118753284216 1.5
      vertex -82.41602782905102 22.18118753284216 0
    endloop
  endfacet
  facet normal -0.9891765104757831 0.14673047101046435 0
    outer loop
      vertex -82.41602782905102 22.18118753284216 0
      vertex -82.35929401218891 22.563655868172646 1.5
      vertex -82.35929401218891 22.563655868172646 0
    endloop
  endfacet
  facet normal -0.9700312500464147 0.24298019247130095 0
    outer loop
      vertex -82.35929401218891 22.563655868172646 0
      vertex -82.26534492522478 22.938721626996994 1.5
      vertex -82.26534492522478 22.938721626996994 0
    endloop
  endfacet
  facet normal -0.9415440643964144 0.3368898555906379 0
    outer loop
      vertex -82.26534492522478 22.938721626996994 0
      vertex -82.13508535921574 23.302772723138332 1.5
      vertex -82.13508535921574 23.302772723138332 0
    endloop
  endfacet
  facet normal -0.9039892945540355 0.4275550904055492 0
    outer loop
      vertex -82.13508535921574 23.302772723138332 0
      vertex -81.96976978331804 23.652303144335747 1.5
      vertex -81.96976978331804 23.652303144335747 0
    endloop
  endfacet
  facet normal -0.8577286099453738 0.5141027442848138 0
    outer loop
      vertex -81.96976978331804 23.652303144335747 0
      vertex -81.77099027484655 23.983946718275547 1.5
      vertex -81.77099027484655 23.983946718275547 0
    endloop
  endfacet
  facet normal -0.8032075421878958 0.5956992900553765 0
    outer loop
      vertex -81.77099027484655 23.983946718275547 0
      vertex -81.54066119343042 24.294509544968605 1.5
      vertex -81.54066119343042 24.294509544968605 0
    endloop
  endfacet
  facet normal -0.7409511261299075 0.6715589539919945 0
    outer loop
      vertex -81.54066119343042 24.294509544968605 0
      vertex -81.28100072592497 24.581000722944736 1.5
      vertex -81.28100072592497 24.581000722944736 0
    endloop
  endfacet
  facet normal -0.6715589539919945 0.7409511261299075 0
    outer loop
      vertex -81.28100072592497 24.581000722944736 0
      vertex -80.99450954794884 24.84066119045019 1.5
      vertex -80.99450954794884 24.84066119045019 0
    endloop
  endfacet
  facet normal -0.5956992900553765 0.8032075421878958 0
    outer loop
      vertex -80.99450954794884 24.84066119045019 0
      vertex -80.68394672125578 25.07099027186632 1.5
      vertex -80.68394672125578 25.07099027186632 0
    endloop
  endfacet
  facet normal -0.5141027442848138 0.8577286099453738 0
    outer loop
      vertex -80.68394672125578 25.07099027186632 0
      vertex -80.35230314731598 25.26976978033781 1.5
      vertex -80.35230314731598 25.26976978033781 0
    endloop
  endfacet
  facet normal -0.4275550904055492 0.9039892945540355 0
    outer loop
      vertex -80.35230314731598 25.26976978033781 0
      vertex -80.00277272611856 25.435085356235504 1.5
      vertex -80.00277272611856 25.435085356235504 0
    endloop
  endfacet
  facet normal -0.3368898555906379 0.9415440643964144 0
    outer loop
      vertex -80.00277272611856 25.435085356235504 0
      vertex -79.63872162997723 25.56534492224455 1.5
      vertex -79.63872162997723 25.56534492224455 0
    endloop
  endfacet
  facet normal -0.24298019247130095 0.9700312500464147 0
    outer loop
      vertex -79.63872162997723 25.56534492224455 0
      vertex -79.26365587115288 25.65929400920868 1.5
      vertex -79.26365587115288 25.65929400920868 0
    endloop
  endfacet
  facet normal -0.14673047101046435 0.9891765104757831 0
    outer loop
      vertex -79.26365587115288 25.65929400920868 0
      vertex -78.88118753582239 25.716027826070786 1.5
      vertex -78.88118753582239 25.716027826070786 0
    endloop
  endfacet
  facet normal -0.04906766532874333 0.9987954566472489 0
    outer loop
      vertex -78.88118753582239 25.716027826070786 0
      vertex -78.49500000476837 25.734999999403954 1.5
      vertex -78.49500000476837 25.734999999403954 0
    endloop
  endfacet
  facet normal 0 0 -1
    outer loop
      vertex -77.56 -20.219455543377233 0
      vertex -76.74462980399413 21.282066671070588 0
      vertex 76.74462980399413 21.282066671070588 0
    endloop
  endfacet
  facet normal 0 0 -1
    outer loop
      vertex -76.685 21.735 0
      vertex 76.74462980399413 21.282066671070588 0
      vertex -76.74462980399413 21.282066671070588 0
    endloop
  endfacet
  facet normal 0 0 -1
    outer loop
      vertex -76.74462980399413 22.18793332892941 0
      vertex 76.685 21.735 0
      vertex -76.685 21.735 0
    endloop
  endfacet
  facet normal 0 0 -1
    outer loop
      vertex -76.91945554337724 22.61 0
      vertex 76.91945554337724 22.61 0
      vertex -76.74462980399413 22.18793332892941 0
    endloop
  endfacet
  facet normal 0 0 -1
    outer loop
      vertex -81.96976978331804 23.652303144335747 0
      vertex -81.77099027484655 23.983946718275547 0
      vertex 81.28100072592497 24.581000722944736 0
    endloop
  endfacet
  facet normal 0 0 -1
    outer loop
      vertex -81.96976978331804 23.652303144335747 0
      vertex 81.54066119343042 24.294509544968605 0
      vertex -78.435 23.485 0
    endloop
  endfacet
  facet normal 0 0 -1
    outer loop
      vertex -81.77099027484655 23.983946718275547 0
      vertex -81.54066119343042 24.294509544968605 0
      vertex 80.99450954794884 24.84066119045019 0
    endloop
  endfacet
  facet normal 0 0 -1
    outer loop
      vertex -81.54066119343042 24.294509544968605 0
      vertex -81.28100072592497 24.581000722944736 0
      vertex 80.68394672125578 25.07099027186632 0
    endloop
  endfacet
  facet normal 0 0 -1
    outer loop
      vertex -81.28100072592497 24.581000722944736 0
      vertex -80.99450954794884 24.84066119045019 0
      vertex 80.35230314731598 25.26976978033781 0
    endloop
  endfacet
  facet normal 0 0 -1
    outer loop
      vertex -80.99450954794884 24.84066119045019 0
      vertex -80.68394672125578 25.07099027186632 0
      vertex 80.00277272611856 25.435085356235504 0
    endloop
  endfacet
  facet normal 0 0 -1
    outer loop
      vertex -80.68394672125578 25.07099027186632 0
      vertex -80.35230314731598 25.26976978033781 0
      vertex 79.63872162997723 25.56534492224455 0
    endloop
  endfacet
  facet normal 0 0 -1
    outer loop
      vertex -80.35230314731598 25.26976978033781 0
      vertex -80.00277272611856 25.435085356235504 0
      vertex 79.26365587115288 25.65929400920868 0
    endloop
  endfacet
  facet normal 0 0 -1
    outer loop
      vertex -80.00277272611856 25.435085356235504 0
      vertex -79.63872162997723 25.56534492224455 0
      vertex 78.88118753582239 25.716027826070786 0
    endloop
  endfacet
  facet normal 0 0 -1
    outer loop
      vertex -79.63872162997723 25.56534492224455 0
      vertex -79.26365587115288 25.65929400920868 0
      vertex 78.49500000476837 25.734999999403954 0
    endloop
  endfacet
  facet normal 0 0 -1
    outer loop
      vertex -79.26365587115288 25.65929400920868 0
      vertex -78.49500000476837 25.734999999403954 0
      vertex 78.49500000476837 25.734999999403954 0
    endloop
  endfacet
  facet normal 0 0 -1
    outer loop
      vertex 81.96976978331804 23.652303144335747 0
      vertex -76.91945554337724 22.61 0
      vertex -77.19756313292355 22.972436867076457 0
    endloop
  endfacet
  facet normal 0 0 -1
    outer loop
      vertex 81.77099027484655 23.983946718275547 0
      vertex -77.56 23.250544456622766 0
      vertex -77.9820666710706 23.42537019600587 0
    endloop
  endfacet
  facet normal 0 0 -1
    outer loop
      vertex 81.54066119343042 24.294509544968605 0
      vertex -77.9820666710706 23.42537019600587 0
      vertex -78.435 23.485 0
    endloop
  endfacet
  facet normal 0 0 -1
    outer loop
      vertex 81.77099027484655 23.983946718275547 0
      vertex -77.19756313292355 22.972436867076457 0
      vertex -77.56 23.250544456622766 0
    endloop
  endfacet
  facet normal 0 0 1
    outer loop
      vertex -79.95054445662277 -20.86 1.5
      vertex -79.95054445662277 20.86 1.5
      vertex -80.12537019600587 21.282066671070588 1.5
    endloop
  endfacet
  facet normal 0 0 1
    outer loop
      vertex -82.43500000238419 -21.79500000178814 1.5
      vertex -80.185 21.735 1.5
      vertex -82.43500000238419 21.79500000178814 1.5
    endloop
  endfacet
  facet normal 0 0 1
    outer loop
      vertex -79.95054445662277 -20.86 1.5
      vertex -80.12537019600587 21.282066671070588 1.5
      vertex -80.185 21.735 1.5
    endloop
  endfacet
  facet normal 0 0 1
    outer loop
      vertex -79.31 -20.219455543377233 1.5
      vertex -79.31 20.219455543377233 1.5
      vertex -79.67243686707646 20.497563132923542 1.5
    endloop
  endfacet
  facet normal 0 0 1
    outer loop
      vertex -78.8879333289294 -20.04462980399413 1.5
      vertex -78.8879333289294 20.04462980399413 1.5
      vertex -79.31 20.219455543377233 1.5
    endloop
  endfacet
  facet normal 0 0 1
    outer loop
      vertex -78.435 -19.985 1.5
      vertex -78.435 19.985 1.5
      vertex -78.8879333289294 20.04462980399413 1.5
    endloop
  endfacet
  facet normal 0 0 1
    outer loop
      vertex -79.67243686707646 -20.497563132923542 1.5
      vertex -79.67243686707646 20.497563132923542 1.5
      vertex -79.95054445662277 20.86 1.5
    endloop
  endfacet
  facet normal 0 0 1
    outer loop
      vertex -77.9820666710706 -20.04462980399413 1.5
      vertex -77.9820666710706 20.04462980399413 1.5
      vertex -78.435 19.985 1.5
    endloop
  endfacet
  facet normal 0 0 1
    outer loop
      vertex -77.56 -20.219455543377233 1.5
      vertex -77.56 20.219455543377233 1.5
      vertex -77.9820666710706 20.04462980399413 1.5
    endloop
  endfacet
  facet normal 0 0 1
    outer loop
      vertex -77.19756313292355 -20.497563132923542 1.5
      vertex -77.19756313292355 20.497563132923542 1.5
      vertex -77.56 20.219455543377233 1.5
    endloop
  endfacet
  facet normal 0 0 1
    outer loop
      vertex -77.19756313292355 -20.497563132923542 1.5
      vertex -76.91945554337724 20.86 1.5
      vertex -77.19756313292355 20.497563132923542 1.5
    endloop
  endfacet
  facet normal 0 0 1
    outer loop
      vertex -77.19756313292355 -20.497563132923542 1.5
      vertex -76.74462980399413 21.282066671070588 1.5
      vertex -76.91945554337724 20.86 1.5
    endloop
  endfacet
  facet normal -0.9987954566472489 0.04906766532874333 0
    outer loop
      vertex -82.43500000238419 21.79500000178814 0
      vertex -82.43500000238419 21.79500000178814 1.5
      vertex -82.41602782905102 22.18118753284216 1.5
    endloop
  endfacet
  facet normal -0.9891765104757831 0.14673047101046435 0
    outer loop
      vertex -82.41602782905102 22.18118753284216 0
      vertex -82.41602782905102 22.18118753284216 1.5
      vertex -82.35929401218891 22.563655868172646 1.5
    endloop
  endfacet
  facet normal -0.9700312500464147 0.24298019247130095 0
    outer loop
      vertex -82.35929401218891 22.563655868172646 0
      vertex -82.35929401218891 22.563655868172646 1.5
      vertex -82.26534492522478 22.938721626996994 1.5
    endloop
  endfacet
  facet normal -0.9415440643964144 0.3368898555906379 0
    outer loop
      vertex -82.26534492522478 22.938721626996994 0
      vertex -82.26534492522478 22.938721626996994 1.5
      vertex -82.13508535921574 23.302772723138332 1.5
    endloop
  endfacet
  facet normal -0.9039892945540355 0.4275550904055492 0
    outer loop
      vertex -82.13508535921574 23.302772723138332 0
      vertex -82.13508535921574 23.302772723138332 1.5
      vertex -81.96976978331804 23.652303144335747 1.5
    endloop
  endfacet
  facet normal -0.8577286099453738 0.5141027442848138 0
    outer loop
      vertex -81.96976978331804 23.652303144335747 0
      vertex -81.96976978331804 23.652303144335747 1.5
      vertex -81.77099027484655 23.983946718275547 1.5
    endloop
  endfacet
  facet normal -0.8032075421878958 0.5956992900553765 0
    outer loop
      vertex -81.77099027484655 23.983946718275547 0
      vertex -81.77099027484655 23.983946718275547 1.5
      vertex -81.54066119343042 24.294509544968605 1.5
    endloop
  endfacet
  facet normal -0.7409511261299075 0.6715589539919945 0
    outer loop
      vertex -81.54066119343042 24.294509544968605 0
      vertex -81.54066119343042 24.294509544968605 1.5
      vertex -81.28100072592497 24.581000722944736 1.5
    endloop
  endfacet
  facet normal -0.6715589539919945 0.7409511261299075 0
    outer loop
      vertex -81.28100072592497 24.581000722944736 0
      vertex -81.28100072592497 24.581000722944736 1.5
      vertex -80.99450954794884 24.84066119045019 1.5
    endloop
  endfacet
  facet normal -0.5956992900553765 0.8032075421878958 0
    outer loop
      vertex -80.99450954794884 24.84066119045019 0
      vertex -80.99450954794884 24.84066119045019 1.5
      vertex -80.68394672125578 25.07099027186632 1.5
    endloop
  endfacet
  facet normal -0.5141027442848138 0.8577286099453738 0
    outer loop
      vertex -80.68394672125578 25.07099027186632 0
      vertex -80.68394672125578 25.07099027186632 1.5
      vertex -80.35230314731598 25.26976978033781 1.5
    endloop
  endfacet
  facet normal -0.4275550904055492 0.9039892945540355 0
    outer loop
      vertex -80.35230314731598 25.26976978033781 0
      vertex -80.35230314731598 25.26976978033781 1.5
      vertex -80.00277272611856 25.435085356235504 1.5
    endloop
  endfacet
  facet normal -0.3368898555906379 0.9415440643964144 0
    outer loop
      vertex -80.00277272611856 25.435085356235504 0
      vertex -80.00277272611856 25.435085356235504 1.5
      vertex -79.63872162997723 25.56534492224455 1.5
    endloop
  endfacet
  facet normal -0.24298019247130095 0.9700312500464147 0
    outer loop
      vertex -79.63872162997723 25.56534492224455 0
      vertex -79.63872162997723 25.56534492224455 1.5
      vertex -79.26365587115288 25.65929400920868 1.5
    endloop
  endfacet
  facet normal -0.14673047101046435 0.9891765104757831 0
    outer loop
      vertex -79.26365587115288 25.65929400920868 0
      vertex -79.26365587115288 25.65929400920868 1.5
      vertex -78.88118753582239 25.716027826070786 1.5
    endloop
  endfacet
  facet normal -0.04906766532874333 0.9987954566472489 0
    outer loop
      vertex -78.88118753582239 25.716027826070786 0
      vertex -78.88118753582239 25.716027826070786 1.5
      vertex -78.49500000476837 25.734999999403954 1.5
    endloop
  endfacet
  facet normal 0 0 1
    outer loop
      vertex -82.43500000238419 21.79500000178814 1.5
      vertex -80.12537019600587 22.18793332892941 1.5
      vertex -82.41602782905102 22.18118753284216 1.5
    endloop
  endfacet
  facet normal 0 0 1
    outer loop
      vertex -82.41602782905102 22.18118753284216 1.5
      vertex -79.95054445662277 22.61 1.5
      vertex -82.35929401218891 22.563655868172646 1.5
    endloop
  endfacet
  facet normal 0 0 1
    outer loop
      vertex -82.43500000238419 21.79500000178814 1.5
      vertex -80.185 21.735 1.5
      vertex -80.12537019600587 22.18793332892941 1.5
    endloop
  endfacet
  facet normal 0 0 1
    outer loop
      vertex -82.41602782905102 22.18118753284216 1.5
      vertex -80.12537019600587 22.18793332892941 1.5
      vertex -79.95054445662277 22.61 1.5
    endloop
  endfacet
  facet normal 0 0 1
    outer loop
      vertex -82.35929401218891 22.563655868172646 1.5
      vertex -79.95054445662277 22.61 1.5
      vertex -82.26534492522478 22.938721626996994 1.5
    endloop
  endfacet
  facet normal 0 0 1
    outer loop
      vertex -82.26534492522478 22.938721626996994 1.5
      vertex -79.67243686707646 22.972436867076457 1.5
      vertex -82.13508535921574 23.302772723138332 1.5
    endloop
  endfacet
  facet normal 0 0 1
    outer loop
      vertex -82.26534492522478 22.938721626996994 1.5
      vertex -79.95054445662277 22.61 1.5
      vertex -79.67243686707646 22.972436867076457 1.5
    endloop
  endfacet
  facet normal 0 0 1
    outer loop
      vertex -82.13508535921574 23.302772723138332 1.5
      vertex -79.67243686707646 22.972436867076457 1.5
      vertex -79.31 23.250544456622766 1.5
    endloop
  endfacet
  facet normal 0 0 1
    outer loop
      vertex -82.13508535921574 23.302772723138332 1.5
      vertex -78.8879333289294 23.42537019600587 1.5
      vertex -81.96976978331804 23.652303144335747 1.5
    endloop
  endfacet
  facet normal 0 0 1
    outer loop
      vertex -82.13508535921574 23.302772723138332 1.5
      vertex -79.31 23.250544456622766 1.5
      vertex -78.8879333289294 23.42537019600587 1.5
    endloop
  endfacet
  facet normal 0 0 1
    outer loop
      vertex -81.96976978331804 23.652303144335747 1.5
      vertex -78.8879333289294 23.42537019600587 1.5
      vertex -78.435 23.485 1.5
    endloop
  endfacet
  facet normal 0 0 1
    outer loop
      vertex -79.26365587115288 25.65929400920868 1.5
      vertex -78.49500000476837 25.734999999403954 1.5
      vertex -78.88118753582239 25.716027826070786 1.5
    endloop
  endfacet
  facet normal 0 0 1
    outer loop
      vertex -77.19756313292355 -20.497563132923542 1.5
      vertex 76.74462980399413 21.282066671070588 1.5
      vertex -76.74462980399413 21.282066671070588 1.5
    endloop
  endfacet
  facet normal 0 1 0
    outer loop
      vertex -78.49500000476837 25.734999999403954 0
      vertex -78.49500000476837 25.734999999403954 1.5
      vertex 78.49500000476837 25.734999999403954 1.5
    endloop
  endfacet
  facet normal 0 0 1
    outer loop
      vertex -76.74462980399413 21.282066671070588 1.5
      vertex 76.685 21.735 1.5
      vertex -76.685 21.735 1.5
    endloop
  endfacet
  facet normal 0 0 1
    outer loop
      vertex -76.685 21.735 1.5
      vertex 77.19756313292355 22.972436867076457 1.5
      vertex -76.74462980399413 22.18793332892941 1.5
    endloop
  endfacet
  facet normal 0 0 1
    outer loop
      vertex -81.96976978331804 23.652303144335747 1.5
      vertex 81.28100072592497 24.581000722944736 1.5
      vertex -81.77099027484655 23.983946718275547 1.5
    endloop
  endfacet
  facet normal 0 0 1
    outer loop
      vertex -81.96976978331804 23.652303144335747 1.5
      vertex -78.435 23.485 1.5
      vertex 81.54066119343042 24.294509544968605 1.5
    endloop
  endfacet
  facet normal 0 0 1
    outer loop
      vertex -81.77099027484655 23.983946718275547 1.5
      vertex 80.99450954794884 24.84066119045019 1.5
      vertex -81.54066119343042 24.294509544968605 1.5
    endloop
  endfacet
  facet normal 0 0 1
    outer loop
      vertex -81.54066119343042 24.294509544968605 1.5
      vertex 80.68394672125578 25.07099027186632 1.5
      vertex -81.28100072592497 24.581000722944736 1.5
    endloop
  endfacet
  facet normal 0 0 1
    outer loop
      vertex -81.28100072592497 24.581000722944736 1.5
      vertex 80.35230314731598 25.26976978033781 1.5
      vertex -80.99450954794884 24.84066119045019 1.5
    endloop
  endfacet
  facet normal 0 0 1
    outer loop
      vertex -80.99450954794884 24.84066119045019 1.5
      vertex 80.00277272611856 25.435085356235504 1.5
      vertex -80.68394672125578 25.07099027186632 1.5
    endloop
  endfacet
  facet normal 0 0 1
    outer loop
      vertex -80.68394672125578 25.07099027186632 1.5
      vertex 79.63872162997723 25.56534492224455 1.5
      vertex -80.35230314731598 25.26976978033781 1.5
    endloop
  endfacet
  facet normal 0 0 1
    outer loop
      vertex -80.35230314731598 25.26976978033781 1.5
      vertex 79.26365587115288 25.65929400920868 1.5
      vertex -80.00277272611856 25.435085356235504 1.5
    endloop
  endfacet
  facet normal 0 0 1
    outer loop
      vertex -80.00277272611856 25.435085356235504 1.5
      vertex 78.88118753582239 25.716027826070786 1.5
      vertex -79.63872162997723 25.56534492224455 1.5
    endloop
  endfacet
  facet normal 0 0 1
    outer loop
      vertex -79.63872162997723 25.56534492224455 1.5
      vertex 78.49500000476837 25.734999999403954 1.5
      vertex -79.26365587115288 25.65929400920868 1.5
    endloop
  endfacet
  facet normal 0 0 1
    outer loop
      vertex -79.26365587115288 25.65929400920868 1.5
      vertex 78.49500000476837 25.734999999403954 1.5
      vertex -78.49500000476837 25.734999999403954 1.5
    endloop
  endfacet
  facet normal 0 0 1
    outer loop
      vertex 81.96976978331804 23.652303144335747 1.5
      vertex -76.91945554337724 22.61 1.5
      vertex -76.74462980399413 22.18793332892941 1.5
    endloop
  endfacet
  facet normal 0 0 1
    outer loop
      vertex 81.77099027484655 23.983946718275547 1.5
      vertex -77.19756313292355 22.972436867076457 1.5
      vertex -76.91945554337724 22.61 1.5
    endloop
  endfacet
  facet normal 0 0 1
    outer loop
      vertex 81.54066119343042 24.294509544968605 1.5
      vertex -77.9820666710706 23.42537019600587 1.5
      vertex -77.56 23.250544456622766 1.5
    endloop
  endfacet
  facet normal 0 0 1
    outer loop
      vertex 81.54066119343042 24.294509544968605 1.5
      vertex -78.435 23.485 1.5
      vertex -77.9820666710706 23.42537019600587 1.5
    endloop
  endfacet
  facet normal 0 0 1
    outer loop
      vertex 81.77099027484655 23.983946718275547 1.5
      vertex -77.56 23.250544456622766 1.5
      vertex -77.19756313292355 22.972436867076457 1.5
    endloop
  endfacet
  facet normal 0 0 -1
    outer loop
      vertex -81.77099027484655 -23.983946718275547 0
      vertex 77.19756313292355 -22.972436867076457 0
      vertex 77.56 -23.250544456622766 0
    endloop
  endfacet
  facet normal 0 0 -1
    outer loop
      vertex -81.54066119343042 -24.294509544968605 0
      vertex 77.9820666710706 -23.42537019600587 0
      vertex 78.435 -23.485 0
    endloop
  endfacet
  facet normal 0 0 -1
    outer loop
      vertex -81.77099027484655 -23.983946718275547 0
      vertex 77.56 -23.250544456622766 0
      vertex 77.9820666710706 -23.42537019600587 0
    endloop
  endfacet
  facet normal 0 0 -1
    outer loop
      vertex -81.96976978331804 -23.652303144335747 0
      vertex 76.91945554337724 -22.61 0
      vertex 77.19756313292355 -22.972436867076457 0
    endloop
  endfacet
  facet normal 0 0 -1
    outer loop
      vertex -78.49500000476837 -25.734999999403954 0
      vertex 79.26365587115288 -25.65929400920868 0
      vertex 78.49500000476837 -25.734999999403954 0
    endloop
  endfacet
  facet normal 0 0 -1
    outer loop
      vertex -78.49500000476837 -25.734999999403954 0
      vertex 79.63872162997723 -25.56534492224455 0
      vertex 79.26365587115288 -25.65929400920868 0
    endloop
  endfacet
  facet normal 0 0 -1
    outer loop
      vertex -78.88118753582239 -25.716027826070786 0
      vertex 80.00277272611856 -25.435085356235504 0
      vertex 79.63872162997723 -25.56534492224455 0
    endloop
  endfacet
  facet normal 0 0 -1
    outer loop
      vertex -79.26365587115288 -25.65929400920868 0
      vertex 80.35230314731598 -25.26976978033781 0
      vertex 80.00277272611856 -25.435085356235504 0
    endloop
  endfacet
  facet normal 0 0 -1
    outer loop
      vertex -79.63872162997723 -25.56534492224455 0
      vertex 80.68394672125578 -25.07099027186632 0
      vertex 80.35230314731598 -25.26976978033781 0
    endloop
  endfacet
  facet normal 0 0 -1
    outer loop
      vertex -80.00277272611856 -25.435085356235504 0
      vertex 80.99450954794884 -24.84066119045019 0
      vertex 80.68394672125578 -25.07099027186632 0
    endloop
  endfacet
  facet normal 0 0 -1
    outer loop
      vertex -80.35230314731598 -25.26976978033781 0
      vertex 81.28100072592497 -24.581000722944736 0
      vertex 80.99450954794884 -24.84066119045019 0
    endloop
  endfacet
  facet normal 0 0 -1
    outer loop
      vertex -80.68394672125578 -25.07099027186632 0
      vertex 81.54066119343042 -24.294509544968605 0
      vertex 81.28100072592497 -24.581000722944736 0
    endloop
  endfacet
  facet normal 0 0 -1
    outer loop
      vertex -80.99450954794884 -24.84066119045019 0
      vertex 81.77099027484655 -23.983946718275547 0
      vertex 81.54066119343042 -24.294509544968605 0
    endloop
  endfacet
  facet normal 0 0 -1
    outer loop
      vertex -81.54066119343042 -24.294509544968605 0
      vertex 78.435 -23.485 0
      vertex 81.96976978331804 -23.652303144335747 0
    endloop
  endfacet
  facet normal 0 0 -1
    outer loop
      vertex -81.28100072592497 -24.581000722944736 0
      vertex 81.96976978331804 -23.652303144335747 0
      vertex 81.77099027484655 -23.983946718275547 0
    endloop
  endfacet
  facet normal 0 0 -1
    outer loop
      vertex -76.91945554337724 -22.61 0
      vertex 76.74462980399413 -22.18793332892941 0
      vertex 76.91945554337724 -22.61 0
    endloop
  endfacet
  facet normal 0 0 -1
    outer loop
      vertex 76.74462980399413 -22.18793332892941 0
      vertex -76.685 -21.735 0
      vertex 76.685 -21.735 0
    endloop
  endfacet
  facet normal 0 0 -1
    outer loop
      vertex -76.74462980399413 -21.282066671070588 0
      vertex 76.74462980399413 -21.282066671070588 0
      vertex 76.685 -21.735 0
    endloop
  endfacet
  facet normal 0 0 -1
    outer loop
      vertex 77.56 20.219455543377233 0
      vertex 76.74462980399413 -21.282066671070588 0
      vertex -76.74462980399413 -21.282066671070588 0
    endloop
  endfacet
  facet normal 0 0 -1
    outer loop
      vertex 78.49500000476837 -25.734999999403954 0
      vertex 79.26365587115288 -25.65929400920868 0
      vertex 78.88118753582239 -25.716027826070786 0
    endloop
  endfacet
  facet normal 0 0 -1
    outer loop
      vertex 81.96976978331804 -23.652303144335747 0
      vertex 78.435 -23.485 0
      vertex 78.8879333289294 -23.42537019600587 0
    endloop
  endfacet
  facet normal 0 0 -1
    outer loop
      vertex 81.96976978331804 -23.652303144335747 0
      vertex 78.8879333289294 -23.42537019600587 0
      vertex 79.31 -23.250544456622766 0
    endloop
  endfacet
  facet normal 0 0 -1
    outer loop
      vertex 81.96976978331804 -23.652303144335747 0
      vertex 79.31 -23.250544456622766 0
      vertex 82.13508535921574 -23.302772723138332 0
    endloop
  endfacet
  facet normal 0 0 -1
    outer loop
      vertex 82.13508535921574 -23.302772723138332 0
      vertex 79.31 -23.250544456622766 0
      vertex 79.67243686707646 -22.972436867076457 0
    endloop
  endfacet
  facet normal 0 0 -1
    outer loop
      vertex 82.13508535921574 -23.302772723138332 0
      vertex 79.67243686707646 -22.972436867076457 0
      vertex 79.95054445662277 -22.61 0
    endloop
  endfacet
  facet normal 0 0 -1
    outer loop
      vertex 82.26534492522478 -22.938721626996994 0
      vertex 79.95054445662277 -22.61 0
      vertex 80.12537019600587 -22.18793332892941 0
    endloop
  endfacet
  facet normal 0 0 -1
    outer loop
      vertex 82.13508535921574 -23.302772723138332 0
      vertex 79.95054445662277 -22.61 0
      vertex 82.26534492522478 -22.938721626996994 0
    endloop
  endfacet
  facet normal 0 0 -1
    outer loop
      vertex 82.26534492522478 -22.938721626996994 0
      vertex 80.12537019600587 -22.18793332892941 0
      vertex 82.35929401218891 -22.563655868172646 0
    endloop
  endfacet
  facet normal 0 0 -1
    outer loop
      vertex 82.41602782905102 -22.18118753284216 0
      vertex 80.12537019600587 -22.18793332892941 0
      vertex 80.185 -21.735 0
    endloop
  endfacet
  facet normal 0 0 -1
    outer loop
      vertex 82.35929401218891 -22.563655868172646 0
      vertex 80.12537019600587 -22.18793332892941 0
      vertex 82.41602782905102 -22.18118753284216 0
    endloop
  endfacet
  facet normal 0 0 -1
    outer loop
      vertex 82.41602782905102 -22.18118753284216 0
      vertex 80.185 -21.735 0
      vertex 82.43500000238419 -21.79500000178814 0
    endloop
  endfacet
  facet normal 0.04906766532874333 -0.9987954566472489 0
    outer loop
      vertex 78.49500000476837 -25.734999999403954 0
      vertex 78.88118753582239 -25.716027826070786 0
      vertex 78.49500000476837 -25.734999999403954 1.5
    endloop
  endfacet
  facet normal 0.14673047101046435 -0.9891765104757831 0
    outer loop
      vertex 78.88118753582239 -25.716027826070786 0
      vertex 79.26365587115288 -25.65929400920868 0
      vertex 78.88118753582239 -25.716027826070786 1.5
    endloop
  endfacet
  facet normal 0.24298019247130095 -0.9700312500464147 0
    outer loop
      vertex 79.26365587115288 -25.65929400920868 0
      vertex 79.63872162997723 -25.56534492224455 0
      vertex 79.26365587115288 -25.65929400920868 1.5
    endloop
  endfacet
  facet normal 0.3368898555906379 -0.9415440643964144 0
    outer loop
      vertex 79.63872162997723 -25.56534492224455 0
      vertex 80.00277272611856 -25.435085356235504 0
      vertex 79.63872162997723 -25.56534492224455 1.5
    endloop
  endfacet
  facet normal 0.4275550904055492 -0.9039892945540355 0
    outer loop
      vertex 80.00277272611856 -25.435085356235504 0
      vertex 80.35230314731598 -25.26976978033781 0
      vertex 80.00277272611856 -25.435085356235504 1.5
    endloop
  endfacet
  facet normal 0.5141027442848138 -0.8577286099453738 0
    outer loop
      vertex 80.35230314731598 -25.26976978033781 0
      vertex 80.68394672125578 -25.07099027186632 0
      vertex 80.35230314731598 -25.26976978033781 1.5
    endloop
  endfacet
  facet normal 0.5956992900553765 -0.8032075421878958 0
    outer loop
      vertex 80.68394672125578 -25.07099027186632 0
      vertex 80.99450954794884 -24.84066119045019 0
      vertex 80.68394672125578 -25.07099027186632 1.5
    endloop
  endfacet
  facet normal 0.6715589539919945 -0.7409511261299075 0
    outer loop
      vertex 80.99450954794884 -24.84066119045019 0
      vertex 81.28100072592497 -24.581000722944736 0
      vertex 80.99450954794884 -24.84066119045019 1.5
    endloop
  endfacet
  facet normal 0.7409511261299075 -0.6715589539919945 0
    outer loop
      vertex 81.28100072592497 -24.581000722944736 0
      vertex 81.54066119343042 -24.294509544968605 0
      vertex 81.28100072592497 -24.581000722944736 1.5
    endloop
  endfacet
  facet normal 0.8032075421878958 -0.5956992900553765 0
    outer loop
      vertex 81.54066119343042 -24.294509544968605 0
      vertex 81.77099027484655 -23.983946718275547 0
      vertex 81.54066119343042 -24.294509544968605 1.5
    endloop
  endfacet
  facet normal 0.8577286099453738 -0.5141027442848138 0
    outer loop
      vertex 81.77099027484655 -23.983946718275547 0
      vertex 81.96976978331804 -23.652303144335747 0
      vertex 81.77099027484655 -23.983946718275547 1.5
    endloop
  endfacet
  facet normal 0.9039892945540355 -0.4275550904055492 0
    outer loop
      vertex 81.96976978331804 -23.652303144335747 0
      vertex 82.13508535921574 -23.302772723138332 0
      vertex 81.96976978331804 -23.652303144335747 1.5
    endloop
  endfacet
  facet normal 0.9415440643964144 -0.3368898555906379 0
    outer loop
      vertex 82.13508535921574 -23.302772723138332 0
      vertex 82.26534492522478 -22.938721626996994 0
      vertex 82.13508535921574 -23.302772723138332 1.5
    endloop
  endfacet
  facet normal 0.9700312500464147 -0.24298019247130095 0
    outer loop
      vertex 82.26534492522478 -22.938721626996994 0
      vertex 82.35929401218891 -22.563655868172646 0
      vertex 82.26534492522478 -22.938721626996994 1.5
    endloop
  endfacet
  facet normal 0.9891765104757831 -0.14673047101046435 0
    outer loop
      vertex 82.35929401218891 -22.563655868172646 0
      vertex 82.41602782905102 -22.18118753284216 0
      vertex 82.35929401218891 -22.563655868172646 1.5
    endloop
  endfacet
  facet normal 0.9987954566472489 -0.04906766532874333 0
    outer loop
      vertex 82.41602782905102 -22.18118753284216 0
      vertex 82.43500000238419 -21.79500000178814 0
      vertex 82.41602782905102 -22.18118753284216 1.5
    endloop
  endfacet
  facet normal 0 0 -1
    outer loop
      vertex 77.56 20.219455543377233 0
      vertex 76.91945554337724 -20.86 0
      vertex 76.74462980399413 -21.282066671070588 0
    endloop
  endfacet
  facet normal 0 0 -1
    outer loop
      vertex 77.56 20.219455543377233 0
      vertex 77.19756313292355 -20.497563132923542 0
      vertex 76.91945554337724 -20.86 0
    endloop
  endfacet
  facet normal 0 0 -1
    outer loop
      vertex 77.56 -20.219455543377233 0
      vertex 77.19756313292355 -20.497563132923542 0
      vertex 77.56 20.219455543377233 0
    endloop
  endfacet
  facet normal 0 0 -1
    outer loop
      vertex 77.9820666710706 -20.04462980399413 0
      vertex 77.56 -20.219455543377233 0
      vertex 77.9820666710706 20.04462980399413 0
    endloop
  endfacet
  facet normal 0 0 -1
    outer loop
      vertex 78.435 -19.985 0
      vertex 77.9820666710706 -20.04462980399413 0
      vertex 78.435 19.985 0
    endloop
  endfacet
  facet normal 0 0 -1
    outer loop
      vertex 78.8879333289294 -20.04462980399413 0
      vertex 78.435 -19.985 0
      vertex 78.8879333289294 20.04462980399413 0
    endloop
  endfacet
  facet normal 0 0 -1
    outer loop
      vertex 79.31 -20.219455543377233 0
      vertex 78.8879333289294 -20.04462980399413 0
      vertex 79.31 20.219455543377233 0
    endloop
  endfacet
  facet normal 0 0 -1
    outer loop
      vertex 79.67243686707646 -20.497563132923542 0
      vertex 79.31 -20.219455543377233 0
      vertex 79.67243686707646 20.497563132923542 0
    endloop
  endfacet
  facet normal 0 0 -1
    outer loop
      vertex 79.67243686707646 -20.497563132923542 0
      vertex 79.95054445662277 20.86 0
      vertex 79.95054445662277 -20.86 0
    endloop
  endfacet
  facet normal 0 0 -1
    outer loop
      vertex 82.43500000238419 -21.79500000178814 0
      vertex 80.185 -21.735 0
      vertex 82.43500000238419 21.79500000178814 0
    endloop
  endfacet
  facet normal 0 0 -1
    outer loop
      vertex 80.12537019600587 21.282066671070588 0
      vertex 80.12537019600587 -21.282066671070588 0
      vertex 79.95054445662277 -20.86 0
    endloop
  endfacet
  facet normal 0 0 -1
    outer loop
      vertex 82.43500000238419 21.79500000178814 0
      vertex 80.185 -21.735 0
      vertex 80.12537019600587 -21.282066671070588 0
    endloop
  endfacet
  facet normal 1 0 0
    outer loop
      vertex 82.43500000238419 -21.79500000178814 0
      vertex 82.43500000238419 21.79500000178814 0
      vertex 82.43500000238419 -21.79500000178814 1.5
    endloop
  endfacet
  facet normal 0 -1 0
    outer loop
      vertex -78.49500000476837 -25.734999999403954 1.5
      vertex 78.49500000476837 -25.734999999403954 0
      vertex 78.49500000476837 -25.734999999403954 1.5
    endloop
  endfacet
  facet normal 0 0 1
    outer loop
      vertex -81.77099027484655 -23.983946718275547 1.5
      vertex 77.56 -23.250544456622766 1.5
      vertex 77.19756313292355 -22.972436867076457 1.5
    endloop
  endfacet
  facet normal 0 0 1
    outer loop
      vertex -81.54066119343042 -24.294509544968605 1.5
      vertex 78.435 -23.485 1.5
      vertex 77.9820666710706 -23.42537019600587 1.5
    endloop
  endfacet
  facet normal 0 0 1
    outer loop
      vertex -81.54066119343042 -24.294509544968605 1.5
      vertex 77.9820666710706 -23.42537019600587 1.5
      vertex 77.56 -23.250544456622766 1.5
    endloop
  endfacet
  facet normal 0 0 1
    outer loop
      vertex -81.77099027484655 -23.983946718275547 1.5
      vertex 77.19756313292355 -22.972436867076457 1.5
      vertex 76.91945554337724 -22.61 1.5
    endloop
  endfacet
  facet normal 0 0 1
    outer loop
      vertex -81.96976978331804 -23.652303144335747 1.5
      vertex 76.91945554337724 -22.61 1.5
      vertex 76.74462980399413 -22.18793332892941 1.5
    endloop
  endfacet
  facet normal 0 0 1
    outer loop
      vertex -78.49500000476837 -25.734999999403954 1.5
      vertex 78.49500000476837 -25.734999999403954 1.5
      vertex 79.26365587115288 -25.65929400920868 1.5
    endloop
  endfacet
  facet normal 0 0 1
    outer loop
      vertex -78.49500000476837 -25.734999999403954 1.5
      vertex 79.26365587115288 -25.65929400920868 1.5
      vertex 79.63872162997723 -25.56534492224455 1.5
    endloop
  endfacet
  facet normal 0 0 1
    outer loop
      vertex -78.88118753582239 -25.716027826070786 1.5
      vertex 79.63872162997723 -25.56534492224455 1.5
      vertex 80.00277272611856 -25.435085356235504 1.5
    endloop
  endfacet
  facet normal 0 0 1
    outer loop
      vertex -79.26365587115288 -25.65929400920868 1.5
      vertex 80.00277272611856 -25.435085356235504 1.5
      vertex 80.35230314731598 -25.26976978033781 1.5
    endloop
  endfacet
  facet normal 0 0 1
    outer loop
      vertex -79.63872162997723 -25.56534492224455 1.5
      vertex 80.35230314731598 -25.26976978033781 1.5
      vertex 80.68394672125578 -25.07099027186632 1.5
    endloop
  endfacet
  facet normal 0 0 1
    outer loop
      vertex -80.00277272611856 -25.435085356235504 1.5
      vertex 80.68394672125578 -25.07099027186632 1.5
      vertex 80.99450954794884 -24.84066119045019 1.5
    endloop
  endfacet
  facet normal 0 0 1
    outer loop
      vertex -80.35230314731598 -25.26976978033781 1.5
      vertex 80.99450954794884 -24.84066119045019 1.5
      vertex 81.28100072592497 -24.581000722944736 1.5
    endloop
  endfacet
  facet normal 0 0 1
    outer loop
      vertex -80.68394672125578 -25.07099027186632 1.5
      vertex 81.28100072592497 -24.581000722944736 1.5
      vertex 81.54066119343042 -24.294509544968605 1.5
    endloop
  endfacet
  facet normal 0 0 1
    outer loop
      vertex -80.99450954794884 -24.84066119045019 1.5
      vertex 81.54066119343042 -24.294509544968605 1.5
      vertex 81.77099027484655 -23.983946718275547 1.5
    endloop
  endfacet
  facet normal 0 0 1
    outer loop
      vertex -81.54066119343042 -24.294509544968605 1.5
      vertex 81.96976978331804 -23.652303144335747 1.5
      vertex 78.435 -23.485 1.5
    endloop
  endfacet
  facet normal 0 0 1
    outer loop
      vertex -81.28100072592497 -24.581000722944736 1.5
      vertex 81.77099027484655 -23.983946718275547 1.5
      vertex 81.96976978331804 -23.652303144335747 1.5
    endloop
  endfacet
  facet normal 0 0 1
    outer loop
      vertex 76.685 -21.735 1.5
      vertex -77.19756313292355 -22.972436867076457 1.5
      vertex 76.74462980399413 -22.18793332892941 1.5
    endloop
  endfacet
  facet normal 0 0 1
    outer loop
      vertex -76.685 -21.735 1.5
      vertex 76.685 -21.735 1.5
      vertex 76.74462980399413 -21.282066671070588 1.5
    endloop
  endfacet
  facet normal 0 0 1
    outer loop
      vertex 77.19756313292355 20.497563132923542 1.5
      vertex -76.74462980399413 -21.282066671070588 1.5
      vertex 76.74462980399413 -21.282066671070588 1.5
    endloop
  endfacet
  facet normal 0.04906766532874333 -0.9987954566472489 0
    outer loop
      vertex 78.88118753582239 -25.716027826070786 0
      vertex 78.88118753582239 -25.716027826070786 1.5
      vertex 78.49500000476837 -25.734999999403954 1.5
    endloop
  endfacet
  facet normal 0.14673047101046435 -0.9891765104757831 0
    outer loop
      vertex 79.26365587115288 -25.65929400920868 0
      vertex 79.26365587115288 -25.65929400920868 1.5
      vertex 78.88118753582239 -25.716027826070786 1.5
    endloop
  endfacet
  facet normal 0.24298019247130095 -0.9700312500464147 0
    outer loop
      vertex 79.63872162997723 -25.56534492224455 0
      vertex 79.63872162997723 -25.56534492224455 1.5
      vertex 79.26365587115288 -25.65929400920868 1.5
    endloop
  endfacet
  facet normal 0.3368898555906379 -0.9415440643964144 0
    outer loop
      vertex 80.00277272611856 -25.435085356235504 0
      vertex 80.00277272611856 -25.435085356235504 1.5
      vertex 79.63872162997723 -25.56534492224455 1.5
    endloop
  endfacet
  facet normal 0.4275550904055492 -0.9039892945540355 0
    outer loop
      vertex 80.35230314731598 -25.26976978033781 0
      vertex 80.35230314731598 -25.26976978033781 1.5
      vertex 80.00277272611856 -25.435085356235504 1.5
    endloop
  endfacet
  facet normal 0.5141027442848138 -0.8577286099453738 0
    outer loop
      vertex 80.68394672125578 -25.07099027186632 0
      vertex 80.68394672125578 -25.07099027186632 1.5
      vertex 80.35230314731598 -25.26976978033781 1.5
    endloop
  endfacet
  facet normal 0.5956992900553765 -0.8032075421878958 0
    outer loop
      vertex 80.99450954794884 -24.84066119045019 0
      vertex 80.99450954794884 -24.84066119045019 1.5
      vertex 80.68394672125578 -25.07099027186632 1.5
    endloop
  endfacet
  facet normal 0.6715589539919945 -0.7409511261299075 0
    outer loop
      vertex 81.28100072592497 -24.581000722944736 0
      vertex 81.28100072592497 -24.581000722944736 1.5
      vertex 80.99450954794884 -24.84066119045019 1.5
    endloop
  endfacet
  facet normal 0.7409511261299075 -0.6715589539919945 0
    outer loop
      vertex 81.54066119343042 -24.294509544968605 0
      vertex 81.54066119343042 -24.294509544968605 1.5
      vertex 81.28100072592497 -24.581000722944736 1.5
    endloop
  endfacet
  facet normal 0.8032075421878958 -0.5956992900553765 0
    outer loop
      vertex 81.77099027484655 -23.983946718275547 0
      vertex 81.77099027484655 -23.983946718275547 1.5
      vertex 81.54066119343042 -24.294509544968605 1.5
    endloop
  endfacet
  facet normal 0.8577286099453738 -0.5141027442848138 0
    outer loop
      vertex 81.96976978331804 -23.652303144335747 0
      vertex 81.96976978331804 -23.652303144335747 1.5
      vertex 81.77099027484655 -23.983946718275547 1.5
    endloop
  endfacet
  facet normal 0.9039892945540355 -0.4275550904055492 0
    outer loop
      vertex 82.13508535921574 -23.302772723138332 0
      vertex 82.13508535921574 -23.302772723138332 1.5
      vertex 81.96976978331804 -23.652303144335747 1.5
    endloop
  endfacet
  facet normal 0.9415440643964144 -0.3368898555906379 0
    outer loop
      vertex 82.26534492522478 -22.938721626996994 0
      vertex 82.26534492522478 -22.938721626996994 1.5
      vertex 82.13508535921574 -23.302772723138332 1.5
    endloop
  endfacet
  facet normal 0.9700312500464147 -0.24298019247130095 0
    outer loop
      vertex 82.35929401218891 -22.563655868172646 0
      vertex 82.35929401218891 -22.563655868172646 1.5
      vertex 82.26534492522478 -22.938721626996994 1.5
    endloop
  endfacet
  facet normal 0.9891765104757831 -0.14673047101046435 0
    outer loop
      vertex 82.41602782905102 -22.18118753284216 0
      vertex 82.41602782905102 -22.18118753284216 1.5
      vertex 82.35929401218891 -22.563655868172646 1.5
    endloop
  endfacet
  facet normal 0.9987954566472489 -0.04906766532874333 0
    outer loop
      vertex 82.43500000238419 -21.79500000178814 0
      vertex 82.43500000238419 -21.79500000178814 1.5
      vertex 82.41602782905102 -22.18118753284216 1.5
    endloop
  endfacet
  facet normal 0 0 1
    outer loop
      vertex 78.49500000476837 -25.734999999403954 1.5
      vertex 78.88118753582239 -25.716027826070786 1.5
      vertex 79.26365587115288 -25.65929400920868 1.5
    endloop
  endfacet
  facet normal 0 0 1
    outer loop
      vertex 81.96976978331804 -23.652303144335747 1.5
      vertex 78.8879333289294 -23.42537019600587 1.5
      vertex 78.435 -23.485 1.5
    endloop
  endfacet
  facet normal 0 0 1
    outer loop
      vertex 82.13508535921574 -23.302772723138332 1.5
      vertex 79.31 -23.250544456622766 1.5
      vertex 78.8879333289294 -23.42537019600587 1.5
    endloop
  endfacet
  facet normal 0 0 1
    outer loop
      vertex 81.96976978331804 -23.652303144335747 1.5
      vertex 82.13508535921574 -23.302772723138332 1.5
      vertex 78.8879333289294 -23.42537019600587 1.5
    endloop
  endfacet
  facet normal 0 0 1
    outer loop
      vertex 82.13508535921574 -23.302772723138332 1.5
      vertex 79.67243686707646 -22.972436867076457 1.5
      vertex 79.31 -23.250544456622766 1.5
    endloop
  endfacet
  facet normal 0 0 1
    outer loop
      vertex 82.26534492522478 -22.938721626996994 1.5
      vertex 79.95054445662277 -22.61 1.5
      vertex 79.67243686707646 -22.972436867076457 1.5
    endloop
  endfacet
  facet normal 0 0 1
    outer loop
      vertex 82.13508535921574 -23.302772723138332 1.5
      vertex 82.26534492522478 -22.938721626996994 1.5
      vertex 79.67243686707646 -22.972436867076457 1.5
    endloop
  endfacet
  facet normal 0 0 1
    outer loop
      vertex 82.26534492522478 -22.938721626996994 1.5
      vertex 82.35929401218891 -22.563655868172646 1.5
      vertex 79.95054445662277 -22.61 1.5
    endloop
  endfacet
  facet normal 0 0 1
    outer loop
      vertex 82.41602782905102 -22.18118753284216 1.5
      vertex 80.12537019600587 -22.18793332892941 1.5
      vertex 79.95054445662277 -22.61 1.5
    endloop
  endfacet
  facet normal 0 0 1
    outer loop
      vertex 82.43500000238419 -21.79500000178814 1.5
      vertex 80.185 -21.735 1.5
      vertex 80.12537019600587 -22.18793332892941 1.5
    endloop
  endfacet
  facet normal 0 0 1
    outer loop
      vertex 82.35929401218891 -22.563655868172646 1.5
      vertex 82.41602782905102 -22.18118753284216 1.5
      vertex 79.95054445662277 -22.61 1.5
    endloop
  endfacet
  facet normal 0 0 1
    outer loop
      vertex 82.41602782905102 -22.18118753284216 1.5
      vertex 82.43500000238419 -21.79500000178814 1.5
      vertex 80.12537019600587 -22.18793332892941 1.5
    endloop
  endfacet
  facet normal 0 0 1
    outer loop
      vertex 77.19756313292355 20.497563132923542 1.5
      vertex 76.74462980399413 -21.282066671070588 1.5
      vertex 76.91945554337724 -20.86 1.5
    endloop
  endfacet
  facet normal 0 0 1
    outer loop
      vertex 77.19756313292355 20.497563132923542 1.5
      vertex 76.91945554337724 -20.86 1.5
      vertex 77.19756313292355 -20.497563132923542 1.5
    endloop
  endfacet
  facet normal 0 0 1
    outer loop
      vertex 77.19756313292355 20.497563132923542 1.5
      vertex 77.19756313292355 -20.497563132923542 1.5
      vertex 77.56 -20.219455543377233 1.5
    endloop
  endfacet
  facet normal 0 0 1
    outer loop
      vertex 77.56 -20.219455543377233 1.5
      vertex 77.9820666710706 -20.04462980399413 1.5
      vertex 77.56 20.219455543377233 1.5
    endloop
  endfacet
  facet normal 0 0 1
    outer loop
      vertex 77.9820666710706 -20.04462980399413 1.5
      vertex 78.435 -19.985 1.5
      vertex 77.9820666710706 20.04462980399413 1.5
    endloop
  endfacet
  facet normal 0 0 1
    outer loop
      vertex 79.95054445662277 -20.86 1.5
      vertex 79.67243686707646 20.497563132923542 1.5
      vertex 79.67243686707646 -20.497563132923542 1.5
    endloop
  endfacet
  facet normal 0 0 1
    outer loop
      vertex 78.435 -19.985 1.5
      vertex 78.8879333289294 -20.04462980399413 1.5
      vertex 78.435 19.985 1.5
    endloop
  endfacet
  facet normal 0 0 1
    outer loop
      vertex 78.8879333289294 -20.04462980399413 1.5
      vertex 79.31 -20.219455543377233 1.5
      vertex 78.8879333289294 20.04462980399413 1.5
    endloop
  endfacet
  facet normal 0 0 1
    outer loop
      vertex 79.31 -20.219455543377233 1.5
      vertex 79.67243686707646 -20.497563132923542 1.5
      vertex 79.31 20.219455543377233 1.5
    endloop
  endfacet
  facet normal 0 0 1
    outer loop
      vertex 79.95054445662277 20.86 1.5
      vertex 80.12537019600587 -21.282066671070588 1.5
      vertex 80.185 -21.735 1.5
    endloop
  endfacet
  facet normal 0 0 1
    outer loop
      vertex 82.43500000238419 -21.79500000178814 1.5
      vertex 82.43500000238419 21.79500000178814 1.5
      vertex 80.185 -21.735 1.5
    endloop
  endfacet
  facet normal 0 0 1
    outer loop
      vertex 79.95054445662277 20.86 1.5
      vertex 79.95054445662277 -20.86 1.5
      vertex 80.12537019600587 -21.282066671070588 1.5
    endloop
  endfacet
  facet normal 0 0 -1
    outer loop
      vertex -77.56 -20.219455543377233 0
      vertex 76.91945554337724 20.86 0
      vertex 77.19756313292355 20.497563132923542 0
    endloop
  endfacet
  facet normal 0 0 -1
    outer loop
      vertex -77.56 -20.219455543377233 0
      vertex 76.74462980399413 21.282066671070588 0
      vertex 76.91945554337724 20.86 0
    endloop
  endfacet
  facet normal 0 0 -1
    outer loop
      vertex -77.19756313292355 -20.497563132923542 0
      vertex 77.19756313292355 20.497563132923542 0
      vertex 77.56 20.219455543377233 0
    endloop
  endfacet
  facet normal 0 0 -1
    outer loop
      vertex -76.685 21.735 0
      vertex 76.685 21.735 0
      vertex 76.74462980399413 21.282066671070588 0
    endloop
  endfacet
  facet normal 0 0 -1
    outer loop
      vertex -76.74462980399413 22.18793332892941 0
      vertex 76.74462980399413 22.18793332892941 0
      vertex 76.685 21.735 0
    endloop
  endfacet
  facet normal 0 0 -1
    outer loop
      vertex 76.74462980399413 22.18793332892941 0
      vertex -76.74462980399413 22.18793332892941 0
      vertex 76.91945554337724 22.61 0
    endloop
  endfacet
  facet normal 0 0 -1
    outer loop
      vertex 76.91945554337724 22.61 0
      vertex -76.91945554337724 22.61 0
      vertex 77.19756313292355 22.972436867076457 0
    endloop
  endfacet
  facet normal 0 0 -1
    outer loop
      vertex -76.91945554337724 22.61 0
      vertex 77.56 23.250544456622766 0
      vertex 77.19756313292355 22.972436867076457 0
    endloop
  endfacet
  facet normal 0 0 -1
    outer loop
      vertex -76.91945554337724 22.61 0
      vertex 77.9820666710706 23.42537019600587 0
      vertex 77.56 23.250544456622766 0
    endloop
  endfacet
  facet normal 0 0 -1
    outer loop
      vertex -76.91945554337724 22.61 0
      vertex 78.435 23.485 0
      vertex 77.9820666710706 23.42537019600587 0
    endloop
  endfacet
  facet normal 0 0 -1
    outer loop
      vertex 81.96976978331804 23.652303144335747 0
      vertex 78.435 23.485 0
      vertex -76.91945554337724 22.61 0
    endloop
  endfacet
  facet normal 0 0 -1
    outer loop
      vertex 81.96976978331804 23.652303144335747 0
      vertex -77.19756313292355 22.972436867076457 0
      vertex 81.77099027484655 23.983946718275547 0
    endloop
  endfacet
  facet normal 0 0 -1
    outer loop
      vertex 81.77099027484655 23.983946718275547 0
      vertex -77.9820666710706 23.42537019600587 0
      vertex 81.54066119343042 24.294509544968605 0
    endloop
  endfacet
  facet normal 0 0 -1
    outer loop
      vertex -81.96976978331804 23.652303144335747 0
      vertex 81.28100072592497 24.581000722944736 0
      vertex 81.54066119343042 24.294509544968605 0
    endloop
  endfacet
  facet normal 0 0 -1
    outer loop
      vertex -81.77099027484655 23.983946718275547 0
      vertex 80.99450954794884 24.84066119045019 0
      vertex 81.28100072592497 24.581000722944736 0
    endloop
  endfacet
  facet normal 0 0 -1
    outer loop
      vertex -81.54066119343042 24.294509544968605 0
      vertex 80.68394672125578 25.07099027186632 0
      vertex 80.99450954794884 24.84066119045019 0
    endloop
  endfacet
  facet normal 0 0 -1
    outer loop
      vertex -81.28100072592497 24.581000722944736 0
      vertex 80.35230314731598 25.26976978033781 0
      vertex 80.68394672125578 25.07099027186632 0
    endloop
  endfacet
  facet normal 0 0 -1
    outer loop
      vertex -80.99450954794884 24.84066119045019 0
      vertex 80.00277272611856 25.435085356235504 0
      vertex 80.35230314731598 25.26976978033781 0
    endloop
  endfacet
  facet normal 0 0 -1
    outer loop
      vertex -80.68394672125578 25.07099027186632 0
      vertex 79.63872162997723 25.56534492224455 0
      vertex 80.00277272611856 25.435085356235504 0
    endloop
  endfacet
  facet normal 0 0 -1
    outer loop
      vertex -80.35230314731598 25.26976978033781 0
      vertex 79.26365587115288 25.65929400920868 0
      vertex 79.63872162997723 25.56534492224455 0
    endloop
  endfacet
  facet normal 0 0 -1
    outer loop
      vertex -80.00277272611856 25.435085356235504 0
      vertex 78.88118753582239 25.716027826070786 0
      vertex 79.26365587115288 25.65929400920868 0
    endloop
  endfacet
  facet normal 0 0 -1
    outer loop
      vertex -79.63872162997723 25.56534492224455 0
      vertex 78.49500000476837 25.734999999403954 0
      vertex 78.88118753582239 25.716027826070786 0
    endloop
  endfacet
  facet normal 0 1 0
    outer loop
      vertex -78.49500000476837 25.734999999403954 0
      vertex 78.49500000476837 25.734999999403954 1.5
      vertex 78.49500000476837 25.734999999403954 0
    endloop
  endfacet
  facet normal 0 0 -1
    outer loop
      vertex 77.56 -20.219455543377233 0
      vertex 77.56 20.219455543377233 0
      vertex 77.9820666710706 20.04462980399413 0
    endloop
  endfacet
  facet normal 0 0 -1
    outer loop
      vertex 77.9820666710706 -20.04462980399413 0
      vertex 77.9820666710706 20.04462980399413 0
      vertex 78.435 19.985 0
    endloop
  endfacet
  facet normal 0 0 -1
    outer loop
      vertex 78.435 -19.985 0
      vertex 78.435 19.985 0
      vertex 78.8879333289294 20.04462980399413 0
    endloop
  endfacet
  facet normal 0 0 -1
    outer loop
      vertex 78.8879333289294 -20.04462980399413 0
      vertex 78.8879333289294 20.04462980399413 0
      vertex 79.31 20.219455543377233 0
    endloop
  endfacet
  facet normal 0 0 -1
    outer loop
      vertex 79.31 -20.219455543377233 0
      vertex 79.31 20.219455543377233 0
      vertex 79.67243686707646 20.497563132923542 0
    endloop
  endfacet
  facet normal 0 0 -1
    outer loop
      vertex 79.67243686707646 -20.497563132923542 0
      vertex 79.67243686707646 20.497563132923542 0
      vertex 79.95054445662277 20.86 0
    endloop
  endfacet
  facet normal 0 0 -1
    outer loop
      vertex 80.12537019600587 21.282066671070588 0
      vertex 79.95054445662277 -20.86 0
      vertex 79.95054445662277 20.86 0
    endloop
  endfacet
  facet normal 0 0 -1
    outer loop
      vertex 82.43500000238419 21.79500000178814 0
      vertex 80.12537019600587 -21.282066671070588 0
      vertex 80.12537019600587 21.282066671070588 0
    endloop
  endfacet
  facet normal 0 0 -1
    outer loop
      vertex 82.43500000238419 21.79500000178814 0
      vertex 80.12537019600587 21.282066671070588 0
      vertex 80.185 21.735 0
    endloop
  endfacet
  facet normal 0 0 -1
    outer loop
      vertex 82.41602782905102 22.18118753284216 0
      vertex 80.185 21.735 0
      vertex 80.12537019600587 22.18793332892941 0
    endloop
  endfacet
  facet normal 0 0 -1
    outer loop
      vertex 82.35929401218891 22.563655868172646 0
      vertex 80.12537019600587 22.18793332892941 0
      vertex 79.95054445662277 22.61 0
    endloop
  endfacet
  facet normal 0 0 -1
    outer loop
      vertex 82.43500000238419 21.79500000178814 0
      vertex 80.185 21.735 0
      vertex 82.41602782905102 22.18118753284216 0
    endloop
  endfacet
  facet normal 0 0 -1
    outer loop
      vertex 82.41602782905102 22.18118753284216 0
      vertex 80.12537019600587 22.18793332892941 0
      vertex 82.35929401218891 22.563655868172646 0
    endloop
  endfacet
  facet normal 0 0 -1
    outer loop
      vertex 81.96976978331804 23.652303144335747 0
      vertex 78.8879333289294 23.42537019600587 0
      vertex 78.435 23.485 0
    endloop
  endfacet
  facet normal 0 0 -1
    outer loop
      vertex 82.26534492522478 22.938721626996994 0
      vertex 79.95054445662277 22.61 0
      vertex 79.67243686707646 22.972436867076457 0
    endloop
  endfacet
  facet normal 0 0 -1
    outer loop
      vertex 82.13508535921574 23.302772723138332 0
      vertex 79.67243686707646 22.972436867076457 0
      vertex 79.31 23.250544456622766 0
    endloop
  endfacet
  facet normal 0 0 -1
    outer loop
      vertex 82.35929401218891 22.563655868172646 0
      vertex 79.95054445662277 22.61 0
      vertex 82.26534492522478 22.938721626996994 0
    endloop
  endfacet
  facet normal 0 0 -1
    outer loop
      vertex 82.26534492522478 22.938721626996994 0
      vertex 79.67243686707646 22.972436867076457 0
      vertex 82.13508535921574 23.302772723138332 0
    endloop
  endfacet
  facet normal 0 0 -1
    outer loop
      vertex 82.13508535921574 23.302772723138332 0
      vertex 79.31 23.250544456622766 0
      vertex 78.8879333289294 23.42537019600587 0
    endloop
  endfacet
  facet normal 0 0 -1
    outer loop
      vertex 82.13508535921574 23.302772723138332 0
      vertex 78.8879333289294 23.42537019600587 0
      vertex 81.96976978331804 23.652303144335747 0
    endloop
  endfacet
  facet normal 0.9987954566472489 0.04906766532874333 0
    outer loop
      vertex 82.43500000238419 21.79500000178814 0
      vertex 82.41602782905102 22.18118753284216 0
      vertex 82.43500000238419 21.79500000178814 1.5
    endloop
  endfacet
  facet normal 0.9891765104757831 0.14673047101046435 0
    outer loop
      vertex 82.41602782905102 22.18118753284216 0
      vertex 82.35929401218891 22.563655868172646 0
      vertex 82.41602782905102 22.18118753284216 1.5
    endloop
  endfacet
  facet normal 0.9700312500464147 0.24298019247130095 0
    outer loop
      vertex 82.35929401218891 22.563655868172646 0
      vertex 82.26534492522478 22.938721626996994 0
      vertex 82.35929401218891 22.563655868172646 1.5
    endloop
  endfacet
  facet normal 0.9415440643964144 0.3368898555906379 0
    outer loop
      vertex 82.26534492522478 22.938721626996994 0
      vertex 82.13508535921574 23.302772723138332 0
      vertex 82.26534492522478 22.938721626996994 1.5
    endloop
  endfacet
  facet normal 0.9039892945540355 0.4275550904055492 0
    outer loop
      vertex 82.13508535921574 23.302772723138332 0
      vertex 81.96976978331804 23.652303144335747 0
      vertex 82.13508535921574 23.302772723138332 1.5
    endloop
  endfacet
  facet normal 0.8032075421878958 0.5956992900553765 0
    outer loop
      vertex 81.77099027484655 23.983946718275547 0
      vertex 81.54066119343042 24.294509544968605 0
      vertex 81.77099027484655 23.983946718275547 1.5
    endloop
  endfacet
  facet normal 0.8577286099453738 0.5141027442848138 0
    outer loop
      vertex 81.96976978331804 23.652303144335747 0
      vertex 81.77099027484655 23.983946718275547 0
      vertex 81.96976978331804 23.652303144335747 1.5
    endloop
  endfacet
  facet normal 0.04906766532874333 0.9987954566472489 0
    outer loop
      vertex 78.49500000476837 25.734999999403954 0
      vertex 78.88118753582239 25.716027826070786 1.5
      vertex 78.88118753582239 25.716027826070786 0
    endloop
  endfacet
  facet normal 0.14673047101046435 0.9891765104757831 0
    outer loop
      vertex 78.88118753582239 25.716027826070786 0
      vertex 79.26365587115288 25.65929400920868 1.5
      vertex 79.26365587115288 25.65929400920868 0
    endloop
  endfacet
  facet normal 0.24298019247130095 0.9700312500464147 0
    outer loop
      vertex 79.26365587115288 25.65929400920868 0
      vertex 79.63872162997723 25.56534492224455 1.5
      vertex 79.63872162997723 25.56534492224455 0
    endloop
  endfacet
  facet normal 0.5956992900553765 0.8032075421878958 0
    outer loop
      vertex 80.99450954794884 24.84066119045019 0
      vertex 80.68394672125578 25.07099027186632 0
      vertex 80.99450954794884 24.84066119045019 1.5
    endloop
  endfacet
  facet normal 0.7409511261299075 0.6715589539919945 0
    outer loop
      vertex 81.54066119343042 24.294509544968605 0
      vertex 81.28100072592497 24.581000722944736 0
      vertex 81.54066119343042 24.294509544968605 1.5
    endloop
  endfacet
  facet normal 0.6715589539919945 0.7409511261299075 0
    outer loop
      vertex 80.99450954794884 24.84066119045019 0
      vertex 81.28100072592497 24.581000722944736 1.5
      vertex 81.28100072592497 24.581000722944736 0
    endloop
  endfacet
  facet normal 0.4275550904055492 0.9039892945540355 0
    outer loop
      vertex 80.35230314731598 25.26976978033781 0
      vertex 80.00277272611856 25.435085356235504 0
      vertex 80.35230314731598 25.26976978033781 1.5
    endloop
  endfacet
  facet normal 0.5141027442848138 0.8577286099453738 0
    outer loop
      vertex 80.35230314731598 25.26976978033781 0
      vertex 80.68394672125578 25.07099027186632 1.5
      vertex 80.68394672125578 25.07099027186632 0
    endloop
  endfacet
  facet normal 0.3368898555906379 0.9415440643964144 0
    outer loop
      vertex 79.63872162997723 25.56534492224455 0
      vertex 80.00277272611856 25.435085356235504 1.5
      vertex 80.00277272611856 25.435085356235504 0
    endloop
  endfacet
  facet normal 0 0 1
    outer loop
      vertex 76.91945554337724 20.86 1.5
      vertex -76.91945554337724 -20.86 1.5
      vertex 77.19756313292355 20.497563132923542 1.5
    endloop
  endfacet
  facet normal 0 0 1
    outer loop
      vertex 76.74462980399413 21.282066671070588 1.5
      vertex -77.19756313292355 -20.497563132923542 1.5
      vertex 76.91945554337724 20.86 1.5
    endloop
  endfacet
  facet normal 0 0 1
    outer loop
      vertex -76.74462980399413 21.282066671070588 1.5
      vertex 76.74462980399413 21.282066671070588 1.5
      vertex 76.685 21.735 1.5
    endloop
  endfacet
  facet normal 0 0 1
    outer loop
      vertex -76.685 21.735 1.5
      vertex 76.685 21.735 1.5
      vertex 76.74462980399413 22.18793332892941 1.5
    endloop
  endfacet
  facet normal 0 0 1
    outer loop
      vertex -76.685 21.735 1.5
      vertex 76.74462980399413 22.18793332892941 1.5
      vertex 76.91945554337724 22.61 1.5
    endloop
  endfacet
  facet normal 0 0 1
    outer loop
      vertex -76.685 21.735 1.5
      vertex 76.91945554337724 22.61 1.5
      vertex 77.19756313292355 22.972436867076457 1.5
    endloop
  endfacet
  facet normal 0 0 1
    outer loop
      vertex -76.74462980399413 22.18793332892941 1.5
      vertex 77.19756313292355 22.972436867076457 1.5
      vertex 77.56 23.250544456622766 1.5
    endloop
  endfacet
  facet normal 0 0 1
    outer loop
      vertex -76.74462980399413 22.18793332892941 1.5
      vertex 77.56 23.250544456622766 1.5
      vertex 77.9820666710706 23.42537019600587 1.5
    endloop
  endfacet
  facet normal 0 0 1
    outer loop
      vertex -76.74462980399413 22.18793332892941 1.5
      vertex 77.9820666710706 23.42537019600587 1.5
      vertex 78.435 23.485 1.5
    endloop
  endfacet
  facet normal 0 0 1
    outer loop
      vertex 81.96976978331804 23.652303144335747 1.5
      vertex -76.74462980399413 22.18793332892941 1.5
      vertex 78.435 23.485 1.5
    endloop
  endfacet
  facet normal 0 0 1
    outer loop
      vertex 81.96976978331804 23.652303144335747 1.5
      vertex 81.77099027484655 23.983946718275547 1.5
      vertex -76.91945554337724 22.61 1.5
    endloop
  endfacet
  facet normal 0 0 1
    outer loop
      vertex 81.77099027484655 23.983946718275547 1.5
      vertex 81.54066119343042 24.294509544968605 1.5
      vertex -77.56 23.250544456622766 1.5
    endloop
  endfacet
  facet normal 0 0 1
    outer loop
      vertex -81.96976978331804 23.652303144335747 1.5
      vertex 81.54066119343042 24.294509544968605 1.5
      vertex 81.28100072592497 24.581000722944736 1.5
    endloop
  endfacet
  facet normal 0 0 1
    outer loop
      vertex -81.77099027484655 23.983946718275547 1.5
      vertex 81.28100072592497 24.581000722944736 1.5
      vertex 80.99450954794884 24.84066119045019 1.5
    endloop
  endfacet
  facet normal 0 0 1
    outer loop
      vertex -81.54066119343042 24.294509544968605 1.5
      vertex 80.99450954794884 24.84066119045019 1.5
      vertex 80.68394672125578 25.07099027186632 1.5
    endloop
  endfacet
  facet normal 0 0 1
    outer loop
      vertex -81.28100072592497 24.581000722944736 1.5
      vertex 80.68394672125578 25.07099027186632 1.5
      vertex 80.35230314731598 25.26976978033781 1.5
    endloop
  endfacet
  facet normal 0 0 1
    outer loop
      vertex -80.99450954794884 24.84066119045019 1.5
      vertex 80.35230314731598 25.26976978033781 1.5
      vertex 80.00277272611856 25.435085356235504 1.5
    endloop
  endfacet
  facet normal 0 0 1
    outer loop
      vertex -80.68394672125578 25.07099027186632 1.5
      vertex 80.00277272611856 25.435085356235504 1.5
      vertex 79.63872162997723 25.56534492224455 1.5
    endloop
  endfacet
  facet normal 0 0 1
    outer loop
      vertex -80.35230314731598 25.26976978033781 1.5
      vertex 79.63872162997723 25.56534492224455 1.5
      vertex 79.26365587115288 25.65929400920868 1.5
    endloop
  endfacet
  facet normal 0 0 1
    outer loop
      vertex -80.00277272611856 25.435085356235504 1.5
      vertex 79.26365587115288 25.65929400920868 1.5
      vertex 78.88118753582239 25.716027826070786 1.5
    endloop
  endfacet
  facet normal 0 0 1
    outer loop
      vertex -79.63872162997723 25.56534492224455 1.5
      vertex 78.88118753582239 25.716027826070786 1.5
      vertex 78.49500000476837 25.734999999403954 1.5
    endloop
  endfacet
  facet normal 1 0 0
    outer loop
      vertex 82.43500000238419 -21.79500000178814 1.5
      vertex 82.43500000238419 21.79500000178814 0
      vertex 82.43500000238419 21.79500000178814 1.5
    endloop
  endfacet
  facet normal 0 0 1
    outer loop
      vertex 77.56 -20.219455543377233 1.5
      vertex 77.56 20.219455543377233 1.5
      vertex 77.19756313292355 20.497563132923542 1.5
    endloop
  endfacet
  facet normal 0 0 1
    outer loop
      vertex 77.9820666710706 -20.04462980399413 1.5
      vertex 77.9820666710706 20.04462980399413 1.5
      vertex 77.56 20.219455543377233 1.5
    endloop
  endfacet
  facet normal 0 0 1
    outer loop
      vertex 78.435 -19.985 1.5
      vertex 78.435 19.985 1.5
      vertex 77.9820666710706 20.04462980399413 1.5
    endloop
  endfacet
  facet normal 0 0 1
    outer loop
      vertex 78.8879333289294 -20.04462980399413 1.5
      vertex 78.8879333289294 20.04462980399413 1.5
      vertex 78.435 19.985 1.5
    endloop
  endfacet
  facet normal 0 0 1
    outer loop
      vertex 79.31 -20.219455543377233 1.5
      vertex 79.31 20.219455543377233 1.5
      vertex 78.8879333289294 20.04462980399413 1.5
    endloop
  endfacet
  facet normal 0 0 1
    outer loop
      vertex 79.67243686707646 -20.497563132923542 1.5
      vertex 79.67243686707646 20.497563132923542 1.5
      vertex 79.31 20.219455543377233 1.5
    endloop
  endfacet
  facet normal 0 0 1
    outer loop
      vertex 79.95054445662277 -20.86 1.5
      vertex 79.95054445662277 20.86 1.5
      vertex 79.67243686707646 20.497563132923542 1.5
    endloop
  endfacet
  facet normal 0 0 1
    outer loop
      vertex 82.43500000238419 21.79500000178814 1.5
      vertex 79.95054445662277 20.86 1.5
      vertex 80.185 -21.735 1.5
    endloop
  endfacet
  facet normal 0.9987954566472489 0.04906766532874333 0
    outer loop
      vertex 82.41602782905102 22.18118753284216 0
      vertex 82.41602782905102 22.18118753284216 1.5
      vertex 82.43500000238419 21.79500000178814 1.5
    endloop
  endfacet
  facet normal 0.9891765104757831 0.14673047101046435 0
    outer loop
      vertex 82.35929401218891 22.563655868172646 0
      vertex 82.35929401218891 22.563655868172646 1.5
      vertex 82.41602782905102 22.18118753284216 1.5
    endloop
  endfacet
  facet normal 0.9700312500464147 0.24298019247130095 0
    outer loop
      vertex 82.26534492522478 22.938721626996994 0
      vertex 82.26534492522478 22.938721626996994 1.5
      vertex 82.35929401218891 22.563655868172646 1.5
    endloop
  endfacet
  facet normal 0.9415440643964144 0.3368898555906379 0
    outer loop
      vertex 82.13508535921574 23.302772723138332 0
      vertex 82.13508535921574 23.302772723138332 1.5
      vertex 82.26534492522478 22.938721626996994 1.5
    endloop
  endfacet
  facet normal 0.9039892945540355 0.4275550904055492 0
    outer loop
      vertex 81.96976978331804 23.652303144335747 0
      vertex 81.96976978331804 23.652303144335747 1.5
      vertex 82.13508535921574 23.302772723138332 1.5
    endloop
  endfacet
  facet normal 0.8577286099453738 0.5141027442848138 0
    outer loop
      vertex 81.77099027484655 23.983946718275547 0
      vertex 81.77099027484655 23.983946718275547 1.5
      vertex 81.96976978331804 23.652303144335747 1.5
    endloop
  endfacet
  facet normal 0.04906766532874333 0.9987954566472489 0
    outer loop
      vertex 78.49500000476837 25.734999999403954 0
      vertex 78.49500000476837 25.734999999403954 1.5
      vertex 78.88118753582239 25.716027826070786 1.5
    endloop
  endfacet
  facet normal 0.14673047101046435 0.9891765104757831 0
    outer loop
      vertex 78.88118753582239 25.716027826070786 0
      vertex 78.88118753582239 25.716027826070786 1.5
      vertex 79.26365587115288 25.65929400920868 1.5
    endloop
  endfacet
  facet normal 0.3368898555906379 0.9415440643964144 0
    outer loop
      vertex 79.63872162997723 25.56534492224455 0
      vertex 79.63872162997723 25.56534492224455 1.5
      vertex 80.00277272611856 25.435085356235504 1.5
    endloop
  endfacet
  facet normal 0.24298019247130095 0.9700312500464147 0
    outer loop
      vertex 79.26365587115288 25.65929400920868 0
      vertex 79.26365587115288 25.65929400920868 1.5
      vertex 79.63872162997723 25.56534492224455 1.5
    endloop
  endfacet
  facet normal 0.6715589539919945 0.7409511261299075 0
    outer loop
      vertex 80.99450954794884 24.84066119045019 0
      vertex 80.99450954794884 24.84066119045019 1.5
      vertex 81.28100072592497 24.581000722944736 1.5
    endloop
  endfacet
  facet normal 0.8032075421878958 0.5956992900553765 0
    outer loop
      vertex 81.54066119343042 24.294509544968605 0
      vertex 81.54066119343042 24.294509544968605 1.5
      vertex 81.77099027484655 23.983946718275547 1.5
    endloop
  endfacet
  facet normal 0.7409511261299075 0.6715589539919945 0
    outer loop
      vertex 81.28100072592497 24.581000722944736 0
      vertex 81.28100072592497 24.581000722944736 1.5
      vertex 81.54066119343042 24.294509544968605 1.5
    endloop
  endfacet
  facet normal 0.5141027442848138 0.8577286099453738 0
    outer loop
      vertex 80.35230314731598 25.26976978033781 0
      vertex 80.35230314731598 25.26976978033781 1.5
      vertex 80.68394672125578 25.07099027186632 1.5
    endloop
  endfacet
  facet normal 0.5956992900553765 0.8032075421878958 0
    outer loop
      vertex 80.68394672125578 25.07099027186632 0
      vertex 80.68394672125578 25.07099027186632 1.5
      vertex 80.99450954794884 24.84066119045019 1.5
    endloop
  endfacet
  facet normal 0.4275550904055492 0.9039892945540355 0
    outer loop
      vertex 80.00277272611856 25.435085356235504 0
      vertex 80.00277272611856 25.435085356235504 1.5
      vertex 80.35230314731598 25.26976978033781 1.5
    endloop
  endfacet
  facet normal 0 0 1
    outer loop
      vertex 82.43500000238419 21.79500000178814 1.5
      vertex 80.12537019600587 21.282066671070588 1.5
      vertex 79.95054445662277 20.86 1.5
    endloop
  endfacet
  facet normal 0 0 1
    outer loop
      vertex 82.41602782905102 22.18118753284216 1.5
      vertex 80.185 21.735 1.5
      vertex 80.12537019600587 21.282066671070588 1.5
    endloop
  endfacet
  facet normal 0 0 1
    outer loop
      vertex 82.35929401218891 22.563655868172646 1.5
      vertex 80.12537019600587 22.18793332892941 1.5
      vertex 80.185 21.735 1.5
    endloop
  endfacet
  facet normal 0 0 1
    outer loop
      vertex 82.43500000238419 21.79500000178814 1.5
      vertex 82.41602782905102 22.18118753284216 1.5
      vertex 80.12537019600587 21.282066671070588 1.5
    endloop
  endfacet
  facet normal 0 0 1
    outer loop
      vertex 82.41602782905102 22.18118753284216 1.5
      vertex 82.35929401218891 22.563655868172646 1.5
      vertex 80.185 21.735 1.5
    endloop
  endfacet
  facet normal 0 0 1
    outer loop
      vertex 81.96976978331804 23.652303144335747 1.5
      vertex 78.435 23.485 1.5
      vertex 78.8879333289294 23.42537019600587 1.5
    endloop
  endfacet
  facet normal 0 0 1
    outer loop
      vertex 82.26534492522478 22.938721626996994 1.5
      vertex 79.95054445662277 22.61 1.5
      vertex 80.12537019600587 22.18793332892941 1.5
    endloop
  endfacet
  facet normal 0 0 1
    outer loop
      vertex 82.13508535921574 23.302772723138332 1.5
      vertex 79.31 23.250544456622766 1.5
      vertex 79.67243686707646 22.972436867076457 1.5
    endloop
  endfacet
  facet normal 0 0 1
    outer loop
      vertex 82.13508535921574 23.302772723138332 1.5
      vertex 79.67243686707646 22.972436867076457 1.5
      vertex 79.95054445662277 22.61 1.5
    endloop
  endfacet
  facet normal 0 0 1
    outer loop
      vertex 82.35929401218891 22.563655868172646 1.5
      vertex 82.26534492522478 22.938721626996994 1.5
      vertex 80.12537019600587 22.18793332892941 1.5
    endloop
  endfacet
  facet normal 0 0 1
    outer loop
      vertex 82.26534492522478 22.938721626996994 1.5
      vertex 82.13508535921574 23.302772723138332 1.5
      vertex 79.95054445662277 22.61 1.5
    endloop
  endfacet
  facet normal 0 0 1
    outer loop
      vertex 81.96976978331804 23.652303144335747 1.5
      vertex 78.8879333289294 23.42537019600587 1.5
      vertex 79.31 23.250544456622766 1.5
    endloop
  endfacet
  facet normal 0 0 1
    outer loop
      vertex 82.13508535921574 23.302772723138332 1.5
      vertex 81.96976978331804 23.652303144335747 1.5
      vertex 79.31 23.250544456622766 1.5
    endloop
  endfacet
endsolid OpenSCAD_Model
