solid OpenSCAD_Model
  facet normal 0.14673047883339677 -0.9891765093153608 0
    outer loop
      vertex 79.28036128729582 -25.67314112186432 -80
      vertex 78.89206856489182 -25.730738908052444 80
      vertex 78.89206856489182 -25.730738908052444 -80
    endloop
  endfacet
  facet normal 0.14673047883339677 -0.9891765093153608 0
    outer loop
      vertex 79.28036128729582 -25.67314112186432 -80
      vertex 79.28036128729582 -25.67314112186432 80
      vertex 78.89206856489182 -25.730738908052444 80
    endloop
  endfacet
  facet normal 0.24298017787700282 -0.970031253702096 0
    outer loop
      vertex 79.66113870590925 -25.577761344611645 -80
      vertex 79.28036128729582 -25.67314112186432 80
      vertex 79.28036128729582 -25.67314112186432 -80
    endloop
  endfacet
  facet normal 0.24298017787700282 -0.970031253702096 0
    outer loop
      vertex 79.66113870590925 -25.577761344611645 -80
      vertex 79.66113870590925 -25.577761344611645 80
      vertex 79.28036128729582 -25.67314112186432 80
    endloop
  endfacet
  facet normal 0.3368898600571533 -0.9415440627982695 0
    outer loop
      vertex 80.0307337269187 -25.445518128573895 -80
      vertex 79.66113870590925 -25.577761344611645 80
      vertex 79.66113870590925 -25.577761344611645 -80
    endloop
  endfacet
  facet normal 0.3368898600571533 -0.9415440627982695 0
    outer loop
      vertex 80.0307337269187 -25.445518128573895 -80
      vertex 80.0307337269187 -25.445518128573895 80
      vertex 79.66113870590925 -25.577761344611645 80
    endloop
  endfacet
  facet normal 0.4275550802541337 -0.9039892993552974 0
    outer loop
      vertex 80.38558694720268 -25.277685061097145 -80
      vertex 80.0307337269187 -25.445518128573895 80
      vertex 80.0307337269187 -25.445518128573895 -80
    endloop
  endfacet
  facet normal 0.4275550802541337 -0.9039892993552974 0
    outer loop
      vertex 80.38558694720268 -25.277685061097145 -80
      vertex 80.38558694720268 -25.277685061097145 80
      vertex 80.0307337269187 -25.445518128573895 80
    endloop
  endfacet
  facet normal 0.5141027491514958 -0.857728607028397 0
    outer loop
      vertex 80.72228093445301 -25.07587844878435 -80
      vertex 80.38558694720268 -25.277685061097145 80
      vertex 80.38558694720268 -25.277685061097145 -80
    endloop
  endfacet
  facet normal 0.5141027491514958 -0.857728607028397 0
    outer loop
      vertex 80.72228093445301 -25.07587844878435 -80
      vertex 80.72228093445301 -25.07587844878435 80
      vertex 80.38558694720268 -25.277685061097145 80
    endloop
  endfacet
  facet normal 0.5956993080192207 -0.8032075288650012 0
    outer loop
      vertex 81.03757313638926 -24.842041812837124 -80
      vertex 80.72228093445301 -25.07587844878435 80
      vertex 80.72228093445301 -25.07587844878435 -80
    endloop
  endfacet
  facet normal 0.5956993080192207 -0.8032075288650012 0
    outer loop
      vertex 81.03757313638926 -24.842041812837124 -80
      vertex 81.03757313638926 -24.842041812837124 80
      vertex 80.72228093445301 -25.07587844878435 80
    endloop
  endfacet
  facet normal 0.6715589635251562 -0.7409511174895533 0
    outer loop
      vertex 81.3284271210432 -24.578427121043205 -80
      vertex 81.03757313638926 -24.842041812837124 80
      vertex 81.03757313638926 -24.842041812837124 -80
    endloop
  endfacet
  facet normal 0.6715589635251562 -0.7409511174895533 0
    outer loop
      vertex 81.3284271210432 -24.578427121043205 -80
      vertex 81.3284271210432 -24.578427121043205 80
      vertex 81.03757313638926 -24.842041812837124 80
    endloop
  endfacet
  facet normal 0.7409511174895533 -0.6715589635251562 0
    outer loop
      vertex 81.59204181283712 -24.287573136389256 -80
      vertex 81.3284271210432 -24.578427121043205 80
      vertex 81.3284271210432 -24.578427121043205 -80
    endloop
  endfacet
  facet normal 0.7409511174895533 -0.6715589635251562 0
    outer loop
      vertex 81.59204181283712 -24.287573136389256 -80
      vertex 81.59204181283712 -24.287573136389256 80
      vertex 81.3284271210432 -24.578427121043205 80
    endloop
  endfacet
  facet normal 0.8032075288650012 -0.5956993080192207 0
    outer loop
      vertex 81.82587844878435 -23.97228093445301 -80
      vertex 81.59204181283712 -24.287573136389256 80
      vertex 81.59204181283712 -24.287573136389256 -80
    endloop
  endfacet
  facet normal 0.8032075288650012 -0.5956993080192207 0
    outer loop
      vertex 81.82587844878435 -23.97228093445301 -80
      vertex 81.82587844878435 -23.97228093445301 80
      vertex 81.59204181283712 -24.287573136389256 80
    endloop
  endfacet
  facet normal 0.857728607028397 -0.5141027491514958 0
    outer loop
      vertex 82.02768506109715 -23.635586947202682 -80
      vertex 81.82587844878435 -23.97228093445301 80
      vertex 81.82587844878435 -23.97228093445301 -80
    endloop
  endfacet
  facet normal 0.857728607028397 -0.5141027491514958 0
    outer loop
      vertex 82.02768506109715 -23.635586947202682 -80
      vertex 82.02768506109715 -23.635586947202682 80
      vertex 81.82587844878435 -23.97228093445301 80
    endloop
  endfacet
  facet normal 0.9039892993552974 -0.4275550802541337 0
    outer loop
      vertex 82.1955181285739 -23.280733726918697 -80
      vertex 82.02768506109715 -23.635586947202682 80
      vertex 82.02768506109715 -23.635586947202682 -80
    endloop
  endfacet
  facet normal 0.9039892993552974 -0.4275550802541337 0
    outer loop
      vertex 82.1955181285739 -23.280733726918697 -80
      vertex 82.1955181285739 -23.280733726918697 80
      vertex 82.02768506109715 -23.635586947202682 80
    endloop
  endfacet
  facet normal 0.9415440627982695 -0.3368898600571533 0
    outer loop
      vertex 82.32776134461164 -22.911138705909252 -80
      vertex 82.1955181285739 -23.280733726918697 80
      vertex 82.1955181285739 -23.280733726918697 -80
    endloop
  endfacet
  facet normal 0.9415440627982695 -0.3368898600571533 0
    outer loop
      vertex 82.32776134461164 -22.911138705909252 -80
      vertex 82.32776134461164 -22.911138705909252 80
      vertex 82.1955181285739 -23.280733726918697 80
    endloop
  endfacet
  facet normal 0.970031253702096 -0.24298017787700282 0
    outer loop
      vertex 82.42314112186432 -22.53036128729582 -80
      vertex 82.32776134461164 -22.911138705909252 80
      vertex 82.32776134461164 -22.911138705909252 -80
    endloop
  endfacet
  facet normal 0.970031253702096 -0.24298017787700282 0
    outer loop
      vertex 82.42314112186432 -22.53036128729582 -80
      vertex 82.42314112186432 -22.53036128729582 80
      vertex 82.32776134461164 -22.911138705909252 80
    endloop
  endfacet
  facet normal 0.9891765093153608 -0.14673047883339677 0
    outer loop
      vertex 82.48073890805244 -22.142068564891815 -80
      vertex 82.42314112186432 -22.53036128729582 80
      vertex 82.42314112186432 -22.53036128729582 -80
    endloop
  endfacet
  facet normal 0.9891765093153608 -0.14673047883339677 0
    outer loop
      vertex 82.48073890805244 -22.142068564891815 -80
      vertex 82.48073890805244 -22.142068564891815 80
      vertex 82.42314112186432 -22.53036128729582 80
    endloop
  endfacet
  facet normal 0.9987954563973426 -0.0490676704157047 0
    outer loop
      vertex 82.5 -21.75 -80
      vertex 82.48073890805244 -22.142068564891815 80
      vertex 82.48073890805244 -22.142068564891815 -80
    endloop
  endfacet
  facet normal 0.9987954563973426 -0.0490676704157047 0
    outer loop
      vertex 82.5 -21.75 -80
      vertex 82.5 -21.75 80
      vertex 82.48073890805244 -22.142068564891815 80
    endloop
  endfacet
  facet normal 1 0 0
    outer loop
      vertex 82.5 -20.28999999910593 -80
      vertex 82.5 -21.75 80
      vertex 82.5 -21.75 -80
    endloop
  endfacet
  facet normal 1 0 0
    outer loop
      vertex 82.5 -20.28999999910593 -80
      vertex 82.5 -20.28999999910593 80
      vertex 82.5 -21.75 80
    endloop
  endfacet
  facet normal 0.1950903175156592 0.9807852812984293 0
    outer loop
      vertex 82.35458029806614 -20.261074222624302 -80
      vertex 82.5 -20.28999999910593 80
      vertex 82.5 -20.28999999910593 -80
    endloop
  endfacet
  facet normal 0.1950903175156592 0.9807852812984293 0
    outer loop
      vertex 82.35458029806614 -20.261074222624302 -80
      vertex 82.35458029806614 -20.261074222624302 80
      vertex 82.5 -20.28999999910593 80
    endloop
  endfacet
  facet normal 0.5555702399475028 0.8314696076734701 0
    outer loop
      vertex 82.23129942268133 -20.17870057374239 -80
      vertex 82.35458029806614 -20.261074222624302 80
      vertex 82.35458029806614 -20.261074222624302 -80
    endloop
  endfacet
  facet normal 0.5555702399475028 0.8314696076734701 0
    outer loop
      vertex 82.23129942268133 -20.17870057374239 -80
      vertex 82.23129942268133 -20.17870057374239 80
      vertex 82.35458029806614 -20.261074222624302 80
    endloop
  endfacet
  facet normal 0.8314696153759485 0.5555702284199292 0
    outer loop
      vertex 82.14892578125 -20.055419705808163 -80
      vertex 82.23129942268133 -20.17870057374239 80
      vertex 82.23129942268133 -20.17870057374239 -80
    endloop
  endfacet
  facet normal 0.8314696153759485 0.5555702284199292 0
    outer loop
      vertex 82.14892578125 -20.055419705808163 -80
      vertex 82.14892578125 -20.055419705808163 80
      vertex 82.23129942268133 -20.17870057374239 80
    endloop
  endfacet
  facet normal 0.9807852735959508 0.1950903562386318 0
    outer loop
      vertex 82.11999999731779 -19.90999999642372 -80
      vertex 82.14892578125 -20.055419705808163 80
      vertex 82.14892578125 -20.055419705808163 -80
    endloop
  endfacet
  facet normal 0.9807852735959508 0.1950903562386318 0
    outer loop
      vertex 82.11999999731779 -19.90999999642372 -80
      vertex 82.11999999731779 -19.90999999642372 80
      vertex 82.14892578125 -20.055419705808163 80
    endloop
  endfacet
  facet normal 0.9807852716834023 -0.1950903658536595 0
    outer loop
      vertex 82.14892578125 -19.76458029448986 -80
      vertex 82.11999999731779 -19.90999999642372 80
      vertex 82.11999999731779 -19.90999999642372 -80
    endloop
  endfacet
  facet normal 0.9807852716834023 -0.1950903658536595 0
    outer loop
      vertex 82.14892578125 -19.76458029448986 -80
      vertex 82.14892578125 -19.76458029448986 80
      vertex 82.11999999731779 -19.90999999642372 80
    endloop
  endfacet
  facet normal 0.8314696153759485 -0.5555702284199292 0
    outer loop
      vertex 82.23129942268133 -19.641299426555634 -80
      vertex 82.14892578125 -19.76458029448986 80
      vertex 82.14892578125 -19.76458029448986 -80
    endloop
  endfacet
  facet normal 0.8314696153759485 -0.5555702284199292 0
    outer loop
      vertex 82.23129942268133 -19.641299426555634 -80
      vertex 82.23129942268133 -19.641299426555634 80
      vertex 82.14892578125 -19.76458029448986 80
    endloop
  endfacet
  facet normal 0.5555702399475028 -0.8314696076734701 0
    outer loop
      vertex 82.35458029806614 -19.55892577767372 -80
      vertex 82.23129942268133 -19.641299426555634 80
      vertex 82.23129942268133 -19.641299426555634 -80
    endloop
  endfacet
  facet normal 0.5555702399475028 -0.8314696076734701 0
    outer loop
      vertex 82.35458029806614 -19.55892577767372 -80
      vertex 82.35458029806614 -19.55892577767372 80
      vertex 82.23129942268133 -19.641299426555634 80
    endloop
  endfacet
  facet normal 0.1950903175156592 -0.9807852812984293 0
    outer loop
      vertex 82.5 -19.530000001192093 -80
      vertex 82.35458029806614 -19.55892577767372 80
      vertex 82.35458029806614 -19.55892577767372 -80
    endloop
  endfacet
  facet normal 0.1950903175156592 -0.9807852812984293 0
    outer loop
      vertex 82.5 -19.530000001192093 -80
      vertex 82.5 -19.530000001192093 80
      vertex 82.35458029806614 -19.55892577767372 80
    endloop
  endfacet
  facet normal 1 0 0
    outer loop
      vertex 82.5 -15.3125 -80
      vertex 82.5 -19.530000001192093 80
      vertex 82.5 -19.530000001192093 -80
    endloop
  endfacet
  facet normal 1 0 0
    outer loop
      vertex 82.5 -15.3125 -80
      vertex 82.5 -15.3125 80
      vertex 82.5 -19.530000001192093 80
    endloop
  endfacet
  facet normal 0.1950903175156592 0.9807852812984293 0
    outer loop
      vertex 82.35458029806614 -15.283574223518372 -80
      vertex 82.5 -15.3125 80
      vertex 82.5 -15.3125 -80
    endloop
  endfacet
  facet normal 0.1950903175156592 0.9807852812984293 0
    outer loop
      vertex 82.35458029806614 -15.283574223518372 -80
      vertex 82.35458029806614 -15.283574223518372 80
      vertex 82.5 -15.3125 80
    endloop
  endfacet
  facet normal 0.5555702399475028 0.8314696076734701 0
    outer loop
      vertex 82.23129942268133 -15.20120057463646 -80
      vertex 82.35458029806614 -15.283574223518372 80
      vertex 82.35458029806614 -15.283574223518372 -80
    endloop
  endfacet
  facet normal 0.5555702399475028 0.8314696076734701 0
    outer loop
      vertex 82.23129942268133 -15.20120057463646 -80
      vertex 82.23129942268133 -15.20120057463646 80
      vertex 82.35458029806614 -15.283574223518372 80
    endloop
  endfacet
  facet normal 0.8314696153759485 0.5555702284199292 0
    outer loop
      vertex 82.14892578125 -15.077919706702232 -80
      vertex 82.23129942268133 -15.20120057463646 80
      vertex 82.23129942268133 -15.20120057463646 -80
    endloop
  endfacet
  facet normal 0.8314696153759485 0.5555702284199292 0
    outer loop
      vertex 82.14892578125 -15.077919706702232 -80
      vertex 82.14892578125 -15.077919706702232 80
      vertex 82.23129942268133 -15.20120057463646 80
    endloop
  endfacet
  facet normal 0.9807852735959508 0.1950903562386318 0
    outer loop
      vertex 82.11999999731779 -14.932499997317791 -80
      vertex 82.14892578125 -15.077919706702232 80
      vertex 82.14892578125 -15.077919706702232 -80
    endloop
  endfacet
  facet normal 0.9807852735959508 0.1950903562386318 0
    outer loop
      vertex 82.11999999731779 -14.932499997317791 -80
      vertex 82.11999999731779 -14.932499997317791 80
      vertex 82.14892578125 -15.077919706702232 80
    endloop
  endfacet
  facet normal 0.9807852716834023 -0.1950903658536595 0
    outer loop
      vertex 82.14892578125 -14.78708029538393 -80
      vertex 82.11999999731779 -14.932499997317791 80
      vertex 82.11999999731779 -14.932499997317791 -80
    endloop
  endfacet
  facet normal 0.9807852716834023 -0.1950903658536595 0
    outer loop
      vertex 82.14892578125 -14.78708029538393 -80
      vertex 82.14892578125 -14.78708029538393 80
      vertex 82.11999999731779 -14.932499997317791 80
    endloop
  endfacet
  facet normal 0.8314696308861956 -0.5555702052072028 0
    outer loop
      vertex 82.23129942268133 -14.663799419999123 -80
      vertex 82.14892578125 -14.78708029538393 80
      vertex 82.14892578125 -14.78708029538393 -80
    endloop
  endfacet
  facet normal 0.8314696308861956 -0.5555702052072028 0
    outer loop
      vertex 82.23129942268133 -14.663799419999123 -80
      vertex 82.23129942268133 -14.663799419999123 80
      vertex 82.14892578125 -14.78708029538393 80
    endloop
  endfacet
  facet normal 0.5555702052072028 -0.8314696308861956 0
    outer loop
      vertex 82.35458029806614 -14.581425778567791 -80
      vertex 82.23129942268133 -14.663799419999123 80
      vertex 82.23129942268133 -14.663799419999123 -80
    endloop
  endfacet
  facet normal 0.5555702052072028 -0.8314696308861956 0
    outer loop
      vertex 82.35458029806614 -14.581425778567791 -80
      vertex 82.35458029806614 -14.581425778567791 80
      vertex 82.23129942268133 -14.663799419999123 80
    endloop
  endfacet
  facet normal 0.1950903175156592 -0.9807852812984293 0
    outer loop
      vertex 82.5 -14.552500002086163 -80
      vertex 82.35458029806614 -14.581425778567791 80
      vertex 82.35458029806614 -14.581425778567791 -80
    endloop
  endfacet
  facet normal 0.1950903175156592 -0.9807852812984293 0
    outer loop
      vertex 82.5 -14.552500002086163 -80
      vertex 82.5 -14.552500002086163 80
      vertex 82.35458029806614 -14.581425778567791 80
    endloop
  endfacet
  facet normal 1 0 0
    outer loop
      vertex 82.5 -10.33500000089407 -80
      vertex 82.5 -14.552500002086163 80
      vertex 82.5 -14.552500002086163 -80
    endloop
  endfacet
  facet normal 1 0 0
    outer loop
      vertex 82.5 -10.33500000089407 -80
      vertex 82.5 -10.33500000089407 80
      vertex 82.5 -14.552500002086163 80
    endloop
  endfacet
  facet normal 0.1950903175156592 0.9807852812984293 0
    outer loop
      vertex 82.35458029806614 -10.306074224412441 -80
      vertex 82.5 -10.33500000089407 80
      vertex 82.5 -10.33500000089407 -80
    endloop
  endfacet
  facet normal 0.1950903175156592 0.9807852812984293 0
    outer loop
      vertex 82.35458029806614 -10.306074224412441 -80
      vertex 82.35458029806614 -10.306074224412441 80
      vertex 82.5 -10.33500000089407 80
    endloop
  endfacet
  facet normal 0.5555702399475028 0.8314696076734701 0
    outer loop
      vertex 82.23129942268133 -10.223700575530529 -80
      vertex 82.35458029806614 -10.306074224412441 80
      vertex 82.35458029806614 -10.306074224412441 -80
    endloop
  endfacet
  facet normal 0.5555702399475028 0.8314696076734701 0
    outer loop
      vertex 82.23129942268133 -10.223700575530529 -80
      vertex 82.23129942268133 -10.223700575530529 80
      vertex 82.35458029806614 -10.306074224412441 80
    endloop
  endfacet
  facet normal 0.8314696153759485 0.5555702284199292 0
    outer loop
      vertex 82.14892578125 -10.100419707596302 -80
      vertex 82.23129942268133 -10.223700575530529 80
      vertex 82.23129942268133 -10.223700575530529 -80
    endloop
  endfacet
  facet normal 0.8314696153759485 0.5555702284199292 0
    outer loop
      vertex 82.14892578125 -10.100419707596302 -80
      vertex 82.14892578125 -10.100419707596302 80
      vertex 82.23129942268133 -10.223700575530529 80
    endloop
  endfacet
  facet normal 0.9807852735959508 0.1950903562386318 0
    outer loop
      vertex 82.11999999731779 -9.95499999821186 -80
      vertex 82.14892578125 -10.100419707596302 80
      vertex 82.14892578125 -10.100419707596302 -80
    endloop
  endfacet
  facet normal 0.9807852735959508 0.1950903562386318 0
    outer loop
      vertex 82.11999999731779 -9.95499999821186 -80
      vertex 82.11999999731779 -9.95499999821186 80
      vertex 82.14892578125 -10.100419707596302 80
    endloop
  endfacet
  facet normal 0.9807852716834023 -0.1950903658536595 0
    outer loop
      vertex 82.14892578125 -9.809580296278 -80
      vertex 82.11999999731779 -9.95499999821186 80
      vertex 82.11999999731779 -9.95499999821186 -80
    endloop
  endfacet
  facet normal 0.9807852716834023 -0.1950903658536595 0
    outer loop
      vertex 82.14892578125 -9.809580296278 -80
      vertex 82.14892578125 -9.809580296278 80
      vertex 82.11999999731779 -9.95499999821186 80
    endloop
  endfacet
  facet normal 0.8314696308861956 -0.5555702052072028 0
    outer loop
      vertex 82.23129942268133 -9.686299420893192 -80
      vertex 82.14892578125 -9.809580296278 80
      vertex 82.14892578125 -9.809580296278 -80
    endloop
  endfacet
  facet normal 0.8314696308861956 -0.5555702052072028 0
    outer loop
      vertex 82.23129942268133 -9.686299420893192 -80
      vertex 82.23129942268133 -9.686299420893192 80
      vertex 82.14892578125 -9.809580296278 80
    endloop
  endfacet
  facet normal 0.5555702052072028 -0.8314696308861956 0
    outer loop
      vertex 82.35458029806614 -9.60392577946186 -80
      vertex 82.23129942268133 -9.686299420893192 80
      vertex 82.23129942268133 -9.686299420893192 -80
    endloop
  endfacet
  facet normal 0.5555702052072028 -0.8314696308861956 0
    outer loop
      vertex 82.35458029806614 -9.60392577946186 -80
      vertex 82.35458029806614 -9.60392577946186 80
      vertex 82.23129942268133 -9.686299420893192 80
    endloop
  endfacet
  facet normal 0.1950903175156592 -0.9807852812984293 0
    outer loop
      vertex 82.5 -9.575000002980232 -80
      vertex 82.35458029806614 -9.60392577946186 80
      vertex 82.35458029806614 -9.60392577946186 -80
    endloop
  endfacet
  facet normal 0.1950903175156592 -0.9807852812984293 0
    outer loop
      vertex 82.5 -9.575000002980232 -80
      vertex 82.5 -9.575000002980232 80
      vertex 82.35458029806614 -9.60392577946186 80
    endloop
  endfacet
  facet normal 1 0 0
    outer loop
      vertex 82.5 -5.357500001788139 -80
      vertex 82.5 -9.575000002980232 80
      vertex 82.5 -9.575000002980232 -80
    endloop
  endfacet
  facet normal 1 0 0
    outer loop
      vertex 82.5 -5.357500001788139 -80
      vertex 82.5 -5.357500001788139 80
      vertex 82.5 -9.575000002980232 80
    endloop
  endfacet
  facet normal 0.1950903175156592 0.9807852812984293 0
    outer loop
      vertex 82.35458029806614 -5.328574225306511 -80
      vertex 82.5 -5.357500001788139 80
      vertex 82.5 -5.357500001788139 -80
    endloop
  endfacet
  facet normal 0.1950903175156592 0.9807852812984293 0
    outer loop
      vertex 82.35458029806614 -5.328574225306511 -80
      vertex 82.35458029806614 -5.328574225306511 80
      vertex 82.5 -5.357500001788139 80
    endloop
  endfacet
  facet normal 0.5555702399475028 0.8314696076734701 0
    outer loop
      vertex 82.23129942268133 -5.246200576424599 -80
      vertex 82.35458029806614 -5.328574225306511 80
      vertex 82.35458029806614 -5.328574225306511 -80
    endloop
  endfacet
  facet normal 0.5555702399475028 0.8314696076734701 0
    outer loop
      vertex 82.23129942268133 -5.246200576424599 -80
      vertex 82.23129942268133 -5.246200576424599 80
      vertex 82.35458029806614 -5.328574225306511 80
    endloop
  endfacet
  facet normal 0.8314696308861956 0.5555702052072028 0
    outer loop
      vertex 82.14892578125 -5.122919701039791 -80
      vertex 82.23129942268133 -5.246200576424599 80
      vertex 82.23129942268133 -5.246200576424599 -80
    endloop
  endfacet
  facet normal 0.8314696308861956 0.5555702052072028 0
    outer loop
      vertex 82.14892578125 -5.122919701039791 -80
      vertex 82.14892578125 -5.122919701039791 80
      vertex 82.23129942268133 -5.246200576424599 80
    endloop
  endfacet
  facet normal 0.9807852716834023 0.1950903658536595 0
    outer loop
      vertex 82.11999999731779 -4.97749999910593 -80
      vertex 82.14892578125 -5.122919701039791 80
      vertex 82.14892578125 -5.122919701039791 -80
    endloop
  endfacet
  facet normal 0.9807852716834023 0.1950903658536595 0
    outer loop
      vertex 82.11999999731779 -4.97749999910593 -80
      vertex 82.11999999731779 -4.97749999910593 80
      vertex 82.14892578125 -5.122919701039791 80
    endloop
  endfacet
  facet normal 0.9807852716834023 -0.1950903658536595 0
    outer loop
      vertex 82.14892578125 -4.8320802971720695 -80
      vertex 82.11999999731779 -4.97749999910593 80
      vertex 82.11999999731779 -4.97749999910593 -80
    endloop
  endfacet
  facet normal 0.9807852716834023 -0.1950903658536595 0
    outer loop
      vertex 82.14892578125 -4.8320802971720695 -80
      vertex 82.14892578125 -4.8320802971720695 80
      vertex 82.11999999731779 -4.97749999910593 80
    endloop
  endfacet
  facet normal 0.8314696308861956 -0.5555702052072028 0
    outer loop
      vertex 82.23129942268133 -4.708799421787262 -80
      vertex 82.14892578125 -4.8320802971720695 80
      vertex 82.14892578125 -4.8320802971720695 -80
    endloop
  endfacet
  facet normal 0.8314696308861956 -0.5555702052072028 0
    outer loop
      vertex 82.23129942268133 -4.708799421787262 -80
      vertex 82.23129942268133 -4.708799421787262 80
      vertex 82.14892578125 -4.8320802971720695 80
    endloop
  endfacet
  facet normal 0.5555702052072028 -0.8314696308861956 0
    outer loop
      vertex 82.35458029806614 -4.62642578035593 -80
      vertex 82.23129942268133 -4.708799421787262 80
      vertex 82.23129942268133 -4.708799421787262 -80
    endloop
  endfacet
  facet normal 0.5555702052072028 -0.8314696308861956 0
    outer loop
      vertex 82.35458029806614 -4.62642578035593 -80
      vertex 82.35458029806614 -4.62642578035593 80
      vertex 82.23129942268133 -4.708799421787262 80
    endloop
  endfacet
  facet normal 0.1950903658536595 -0.9807852716834023 0
    outer loop
      vertex 82.5 -4.597499996423721 -80
      vertex 82.35458029806614 -4.62642578035593 80
      vertex 82.35458029806614 -4.62642578035593 -80
    endloop
  endfacet
  facet normal 0.1950903658536595 -0.9807852716834023 0
    outer loop
      vertex 82.5 -4.597499996423721 -80
      vertex 82.5 -4.597499996423721 80
      vertex 82.35458029806614 -4.62642578035593 80
    endloop
  endfacet
  facet normal 1 0 0
    outer loop
      vertex 82.5 -0.380000002682209 -80
      vertex 82.5 -4.597499996423721 80
      vertex 82.5 -4.597499996423721 -80
    endloop
  endfacet
  facet normal 1 0 0
    outer loop
      vertex 82.5 -0.380000002682209 -80
      vertex 82.5 -0.380000002682209 80
      vertex 82.5 -4.597499996423721 80
    endloop
  endfacet
  facet normal 0.1950903658536595 0.9807852716834023 0
    outer loop
      vertex 82.35458029806614 -0.35107421875 -80
      vertex 82.5 -0.380000002682209 80
      vertex 82.5 -0.380000002682209 -80
    endloop
  endfacet
  facet normal 0.1950903658536595 0.9807852716834023 0
    outer loop
      vertex 82.35458029806614 -0.35107421875 -80
      vertex 82.35458029806614 -0.35107421875 80
      vertex 82.5 -0.380000002682209 80
    endloop
  endfacet
  facet normal 0.5555702052072028 0.8314696308861956 0
    outer loop
      vertex 82.23129942268133 -0.26870057731866837 -80
      vertex 82.35458029806614 -0.35107421875 80
      vertex 82.35458029806614 -0.35107421875 -80
    endloop
  endfacet
  facet normal 0.5555702052072028 0.8314696308861956 0
    outer loop
      vertex 82.23129942268133 -0.26870057731866837 -80
      vertex 82.23129942268133 -0.26870057731866837 80
      vertex 82.35458029806614 -0.35107421875 80
    endloop
  endfacet
  facet normal 0.8314696308861956 0.5555702052072028 0
    outer loop
      vertex 82.14892578125 -0.14541970193386078 -80
      vertex 82.23129942268133 -0.26870057731866837 80
      vertex 82.23129942268133 -0.26870057731866837 -80
    endloop
  endfacet
  facet normal 0.8314696308861956 0.5555702052072028 0
    outer loop
      vertex 82.14892578125 -0.14541970193386078 -80
      vertex 82.14892578125 -0.14541970193386078 80
      vertex 82.23129942268133 -0.26870057731866837 80
    endloop
  endfacet
  facet normal 0.9807852716834023 0.1950903658536595 0
    outer loop
      vertex 82.11999999731779 0 -80
      vertex 82.14892578125 -0.14541970193386078 80
      vertex 82.14892578125 -0.14541970193386078 -80
    endloop
  endfacet
  facet normal 0.9807852716834023 0.1950903658536595 0
    outer loop
      vertex 82.11999999731779 0 -80
      vertex 82.11999999731779 0 80
      vertex 82.14892578125 -0.14541970193386078 80
    endloop
  endfacet
  facet normal 0.9807852716834023 -0.1950903658536595 0
    outer loop
      vertex 82.14892578125 0.14541970193386078 -80
      vertex 82.11999999731779 0 80
      vertex 82.11999999731779 0 -80
    endloop
  endfacet
  facet normal 0.9807852716834023 -0.1950903658536595 0
    outer loop
      vertex 82.14892578125 0.14541970193386078 -80
      vertex 82.14892578125 0.14541970193386078 80
      vertex 82.11999999731779 0 80
    endloop
  endfacet
  facet normal 0.8314696308861956 -0.5555702052072028 0
    outer loop
      vertex 82.23129942268133 0.26870057731866837 -80
      vertex 82.14892578125 0.14541970193386078 80
      vertex 82.14892578125 0.14541970193386078 -80
    endloop
  endfacet
  facet normal 0.8314696308861956 -0.5555702052072028 0
    outer loop
      vertex 82.23129942268133 0.26870057731866837 -80
      vertex 82.23129942268133 0.26870057731866837 80
      vertex 82.14892578125 0.14541970193386078 80
    endloop
  endfacet
  facet normal 0.5555702052072028 -0.8314696308861956 0
    outer loop
      vertex 82.35458029806614 0.35107421875 -80
      vertex 82.23129942268133 0.26870057731866837 80
      vertex 82.23129942268133 0.26870057731866837 -80
    endloop
  endfacet
  facet normal 0.5555702052072028 -0.8314696308861956 0
    outer loop
      vertex 82.35458029806614 0.35107421875 -80
      vertex 82.35458029806614 0.35107421875 80
      vertex 82.23129942268133 0.26870057731866837 80
    endloop
  endfacet
  facet normal 0.1950903658536595 -0.9807852716834023 0
    outer loop
      vertex 82.5 0.380000002682209 -80
      vertex 82.35458029806614 0.35107421875 80
      vertex 82.35458029806614 0.35107421875 -80
    endloop
  endfacet
  facet normal 0.1950903658536595 -0.9807852716834023 0
    outer loop
      vertex 82.5 0.380000002682209 -80
      vertex 82.5 0.380000002682209 80
      vertex 82.35458029806614 0.35107421875 80
    endloop
  endfacet
  facet normal 1 0 0
    outer loop
      vertex 82.5 4.597499996423721 -80
      vertex 82.5 0.380000002682209 80
      vertex 82.5 0.380000002682209 -80
    endloop
  endfacet
  facet normal 1 0 0
    outer loop
      vertex 82.5 4.597499996423721 -80
      vertex 82.5 4.597499996423721 80
      vertex 82.5 0.380000002682209 80
    endloop
  endfacet
  facet normal 0.1950903658536595 0.9807852716834023 0
    outer loop
      vertex 82.35458029806614 4.62642578035593 -80
      vertex 82.5 4.597499996423721 80
      vertex 82.5 4.597499996423721 -80
    endloop
  endfacet
  facet normal 0.1950903658536595 0.9807852716834023 0
    outer loop
      vertex 82.35458029806614 4.62642578035593 -80
      vertex 82.35458029806614 4.62642578035593 80
      vertex 82.5 4.597499996423721 80
    endloop
  endfacet
  facet normal 0.5555702052072028 0.8314696308861956 0
    outer loop
      vertex 82.23129942268133 4.708799421787262 -80
      vertex 82.35458029806614 4.62642578035593 80
      vertex 82.35458029806614 4.62642578035593 -80
    endloop
  endfacet
  facet normal 0.5555702052072028 0.8314696308861956 0
    outer loop
      vertex 82.23129942268133 4.708799421787262 -80
      vertex 82.23129942268133 4.708799421787262 80
      vertex 82.35458029806614 4.62642578035593 80
    endloop
  endfacet
  facet normal 0.8314696308861956 0.5555702052072028 0
    outer loop
      vertex 82.14892578125 4.8320802971720695 -80
      vertex 82.23129942268133 4.708799421787262 80
      vertex 82.23129942268133 4.708799421787262 -80
    endloop
  endfacet
  facet normal 0.8314696308861956 0.5555702052072028 0
    outer loop
      vertex 82.14892578125 4.8320802971720695 -80
      vertex 82.14892578125 4.8320802971720695 80
      vertex 82.23129942268133 4.708799421787262 80
    endloop
  endfacet
  facet normal 0.9807852716834023 0.1950903658536595 0
    outer loop
      vertex 82.11999999731779 4.97749999910593 -80
      vertex 82.14892578125 4.8320802971720695 80
      vertex 82.14892578125 4.8320802971720695 -80
    endloop
  endfacet
  facet normal 0.9807852716834023 0.1950903658536595 0
    outer loop
      vertex 82.11999999731779 4.97749999910593 -80
      vertex 82.11999999731779 4.97749999910593 80
      vertex 82.14892578125 4.8320802971720695 80
    endloop
  endfacet
  facet normal 0.9807852716834023 -0.1950903658536595 0
    outer loop
      vertex 82.14892578125 5.122919701039791 -80
      vertex 82.11999999731779 4.97749999910593 80
      vertex 82.11999999731779 4.97749999910593 -80
    endloop
  endfacet
  facet normal 0.9807852716834023 -0.1950903658536595 0
    outer loop
      vertex 82.14892578125 5.122919701039791 -80
      vertex 82.14892578125 5.122919701039791 80
      vertex 82.11999999731779 4.97749999910593 80
    endloop
  endfacet
  facet normal 0.8314696308861956 -0.5555702052072028 0
    outer loop
      vertex 82.23129942268133 5.246200576424599 -80
      vertex 82.14892578125 5.122919701039791 80
      vertex 82.14892578125 5.122919701039791 -80
    endloop
  endfacet
  facet normal 0.8314696308861956 -0.5555702052072028 0
    outer loop
      vertex 82.23129942268133 5.246200576424599 -80
      vertex 82.23129942268133 5.246200576424599 80
      vertex 82.14892578125 5.122919701039791 80
    endloop
  endfacet
  facet normal 0.5555702399475028 -0.8314696076734701 0
    outer loop
      vertex 82.35458029806614 5.328574225306511 -80
      vertex 82.23129942268133 5.246200576424599 80
      vertex 82.23129942268133 5.246200576424599 -80
    endloop
  endfacet
  facet normal 0.5555702399475028 -0.8314696076734701 0
    outer loop
      vertex 82.35458029806614 5.328574225306511 -80
      vertex 82.35458029806614 5.328574225306511 80
      vertex 82.23129942268133 5.246200576424599 80
    endloop
  endfacet
  facet normal 0.1950903175156592 -0.9807852812984293 0
    outer loop
      vertex 82.5 5.357500001788139 -80
      vertex 82.35458029806614 5.328574225306511 80
      vertex 82.35458029806614 5.328574225306511 -80
    endloop
  endfacet
  facet normal 0.1950903175156592 -0.9807852812984293 0
    outer loop
      vertex 82.5 5.357500001788139 -80
      vertex 82.5 5.357500001788139 80
      vertex 82.35458029806614 5.328574225306511 80
    endloop
  endfacet
  facet normal 1 0 0
    outer loop
      vertex 82.5 9.575000002980232 -80
      vertex 82.5 5.357500001788139 80
      vertex 82.5 5.357500001788139 -80
    endloop
  endfacet
  facet normal 1 0 0
    outer loop
      vertex 82.5 9.575000002980232 -80
      vertex 82.5 9.575000002980232 80
      vertex 82.5 5.357500001788139 80
    endloop
  endfacet
  facet normal 0.1950903175156592 0.9807852812984293 0
    outer loop
      vertex 82.35458029806614 9.60392577946186 -80
      vertex 82.5 9.575000002980232 80
      vertex 82.5 9.575000002980232 -80
    endloop
  endfacet
  facet normal 0.1950903175156592 0.9807852812984293 0
    outer loop
      vertex 82.35458029806614 9.60392577946186 -80
      vertex 82.35458029806614 9.60392577946186 80
      vertex 82.5 9.575000002980232 80
    endloop
  endfacet
  facet normal 0.5555702052072028 0.8314696308861956 0
    outer loop
      vertex 82.23129942268133 9.686299420893192 -80
      vertex 82.35458029806614 9.60392577946186 80
      vertex 82.35458029806614 9.60392577946186 -80
    endloop
  endfacet
  facet normal 0.5555702052072028 0.8314696308861956 0
    outer loop
      vertex 82.23129942268133 9.686299420893192 -80
      vertex 82.23129942268133 9.686299420893192 80
      vertex 82.35458029806614 9.60392577946186 80
    endloop
  endfacet
  facet normal 0.8314696308861956 0.5555702052072028 0
    outer loop
      vertex 82.14892578125 9.809580296278 -80
      vertex 82.23129942268133 9.686299420893192 80
      vertex 82.23129942268133 9.686299420893192 -80
    endloop
  endfacet
  facet normal 0.8314696308861956 0.5555702052072028 0
    outer loop
      vertex 82.14892578125 9.809580296278 -80
      vertex 82.14892578125 9.809580296278 80
      vertex 82.23129942268133 9.686299420893192 80
    endloop
  endfacet
  facet normal 0.9807852716834023 0.1950903658536595 0
    outer loop
      vertex 82.11999999731779 9.95499999821186 -80
      vertex 82.14892578125 9.809580296278 80
      vertex 82.14892578125 9.809580296278 -80
    endloop
  endfacet
  facet normal 0.9807852716834023 0.1950903658536595 0
    outer loop
      vertex 82.11999999731779 9.95499999821186 -80
      vertex 82.11999999731779 9.95499999821186 80
      vertex 82.14892578125 9.809580296278 80
    endloop
  endfacet
  facet normal 0.9807852735959508 -0.1950903562386318 0
    outer loop
      vertex 82.14892578125 10.100419707596302 -80
      vertex 82.11999999731779 9.95499999821186 80
      vertex 82.11999999731779 9.95499999821186 -80
    endloop
  endfacet
  facet normal 0.9807852735959508 -0.1950903562386318 0
    outer loop
      vertex 82.14892578125 10.100419707596302 -80
      vertex 82.14892578125 10.100419707596302 80
      vertex 82.11999999731779 9.95499999821186 80
    endloop
  endfacet
  facet normal 0.8314696153759485 -0.5555702284199292 0
    outer loop
      vertex 82.23129942268133 10.223700575530529 -80
      vertex 82.14892578125 10.100419707596302 80
      vertex 82.14892578125 10.100419707596302 -80
    endloop
  endfacet
  facet normal 0.8314696153759485 -0.5555702284199292 0
    outer loop
      vertex 82.23129942268133 10.223700575530529 -80
      vertex 82.23129942268133 10.223700575530529 80
      vertex 82.14892578125 10.100419707596302 80
    endloop
  endfacet
  facet normal 0.5555702399475028 -0.8314696076734701 0
    outer loop
      vertex 82.35458029806614 10.306074224412441 -80
      vertex 82.23129942268133 10.223700575530529 80
      vertex 82.23129942268133 10.223700575530529 -80
    endloop
  endfacet
  facet normal 0.5555702399475028 -0.8314696076734701 0
    outer loop
      vertex 82.35458029806614 10.306074224412441 -80
      vertex 82.35458029806614 10.306074224412441 80
      vertex 82.23129942268133 10.223700575530529 80
    endloop
  endfacet
  facet normal 0.1950903175156592 -0.9807852812984293 0
    outer loop
      vertex 82.5 10.33500000089407 -80
      vertex 82.35458029806614 10.306074224412441 80
      vertex 82.35458029806614 10.306074224412441 -80
    endloop
  endfacet
  facet normal 0.1950903175156592 -0.9807852812984293 0
    outer loop
      vertex 82.5 10.33500000089407 -80
      vertex 82.5 10.33500000089407 80
      vertex 82.35458029806614 10.306074224412441 80
    endloop
  endfacet
  facet normal 1 0 0
    outer loop
      vertex 82.5 14.552500002086163 -80
      vertex 82.5 10.33500000089407 80
      vertex 82.5 10.33500000089407 -80
    endloop
  endfacet
  facet normal 1 0 0
    outer loop
      vertex 82.5 14.552500002086163 -80
      vertex 82.5 14.552500002086163 80
      vertex 82.5 10.33500000089407 80
    endloop
  endfacet
  facet normal 0.1950903175156592 0.9807852812984293 0
    outer loop
      vertex 82.35458029806614 14.581425778567791 -80
      vertex 82.5 14.552500002086163 80
      vertex 82.5 14.552500002086163 -80
    endloop
  endfacet
  facet normal 0.1950903175156592 0.9807852812984293 0
    outer loop
      vertex 82.35458029806614 14.581425778567791 -80
      vertex 82.35458029806614 14.581425778567791 80
      vertex 82.5 14.552500002086163 80
    endloop
  endfacet
  facet normal 0.5555702052072028 0.8314696308861956 0
    outer loop
      vertex 82.23129942268133 14.663799419999123 -80
      vertex 82.35458029806614 14.581425778567791 80
      vertex 82.35458029806614 14.581425778567791 -80
    endloop
  endfacet
  facet normal 0.5555702052072028 0.8314696308861956 0
    outer loop
      vertex 82.23129942268133 14.663799419999123 -80
      vertex 82.23129942268133 14.663799419999123 80
      vertex 82.35458029806614 14.581425778567791 80
    endloop
  endfacet
  facet normal 0.8314696308861956 0.5555702052072028 0
    outer loop
      vertex 82.14892578125 14.78708029538393 -80
      vertex 82.23129942268133 14.663799419999123 80
      vertex 82.23129942268133 14.663799419999123 -80
    endloop
  endfacet
  facet normal 0.8314696308861956 0.5555702052072028 0
    outer loop
      vertex 82.14892578125 14.78708029538393 -80
      vertex 82.14892578125 14.78708029538393 80
      vertex 82.23129942268133 14.663799419999123 80
    endloop
  endfacet
  facet normal 0.9807852716834023 0.1950903658536595 0
    outer loop
      vertex 82.11999999731779 14.932499997317791 -80
      vertex 82.14892578125 14.78708029538393 80
      vertex 82.14892578125 14.78708029538393 -80
    endloop
  endfacet
  facet normal 0.9807852716834023 0.1950903658536595 0
    outer loop
      vertex 82.11999999731779 14.932499997317791 -80
      vertex 82.11999999731779 14.932499997317791 80
      vertex 82.14892578125 14.78708029538393 80
    endloop
  endfacet
  facet normal 0.9807852735959508 -0.1950903562386318 0
    outer loop
      vertex 82.14892578125 15.077919706702232 -80
      vertex 82.11999999731779 14.932499997317791 80
      vertex 82.11999999731779 14.932499997317791 -80
    endloop
  endfacet
  facet normal 0.9807852735959508 -0.1950903562386318 0
    outer loop
      vertex 82.14892578125 15.077919706702232 -80
      vertex 82.14892578125 15.077919706702232 80
      vertex 82.11999999731779 14.932499997317791 80
    endloop
  endfacet
  facet normal 0.8314696153759485 -0.5555702284199292 0
    outer loop
      vertex 82.23129942268133 15.20120057463646 -80
      vertex 82.14892578125 15.077919706702232 80
      vertex 82.14892578125 15.077919706702232 -80
    endloop
  endfacet
  facet normal 0.8314696153759485 -0.5555702284199292 0
    outer loop
      vertex 82.23129942268133 15.20120057463646 -80
      vertex 82.23129942268133 15.20120057463646 80
      vertex 82.14892578125 15.077919706702232 80
    endloop
  endfacet
  facet normal 0.5555702399475028 -0.8314696076734701 0
    outer loop
      vertex 82.35458029806614 15.283574223518372 -80
      vertex 82.23129942268133 15.20120057463646 80
      vertex 82.23129942268133 15.20120057463646 -80
    endloop
  endfacet
  facet normal 0.5555702399475028 -0.8314696076734701 0
    outer loop
      vertex 82.35458029806614 15.283574223518372 -80
      vertex 82.35458029806614 15.283574223518372 80
      vertex 82.23129942268133 15.20120057463646 80
    endloop
  endfacet
  facet normal 0.1950903175156592 -0.9807852812984293 0
    outer loop
      vertex 82.5 15.3125 -80
      vertex 82.35458029806614 15.283574223518372 80
      vertex 82.35458029806614 15.283574223518372 -80
    endloop
  endfacet
  facet normal 0.1950903175156592 -0.9807852812984293 0
    outer loop
      vertex 82.5 15.3125 -80
      vertex 82.5 15.3125 80
      vertex 82.35458029806614 15.283574223518372 80
    endloop
  endfacet
  facet normal 1 0 0
    outer loop
      vertex 82.5 19.530000001192093 -80
      vertex 82.5 15.3125 80
      vertex 82.5 15.3125 -80
    endloop
  endfacet
  facet normal 1 0 0
    outer loop
      vertex 82.5 19.530000001192093 -80
      vertex 82.5 19.530000001192093 80
      vertex 82.5 15.3125 80
    endloop
  endfacet
  facet normal 0.1950903175156592 0.9807852812984293 0
    outer loop
      vertex 82.35458029806614 19.55892577767372 -80
      vertex 82.5 19.530000001192093 80
      vertex 82.5 19.530000001192093 -80
    endloop
  endfacet
  facet normal 0.1950903175156592 0.9807852812984293 0
    outer loop
      vertex 82.35458029806614 19.55892577767372 -80
      vertex 82.35458029806614 19.55892577767372 80
      vertex 82.5 19.530000001192093 80
    endloop
  endfacet
  facet normal 0.5555702399475028 0.8314696076734701 0
    outer loop
      vertex 82.23129942268133 19.641299426555634 -80
      vertex 82.35458029806614 19.55892577767372 80
      vertex 82.35458029806614 19.55892577767372 -80
    endloop
  endfacet
  facet normal 0.5555702399475028 0.8314696076734701 0
    outer loop
      vertex 82.23129942268133 19.641299426555634 -80
      vertex 82.23129942268133 19.641299426555634 80
      vertex 82.35458029806614 19.55892577767372 80
    endloop
  endfacet
  facet normal 0.8314696153759485 0.5555702284199292 0
    outer loop
      vertex 82.14892578125 19.76458029448986 -80
      vertex 82.23129942268133 19.641299426555634 80
      vertex 82.23129942268133 19.641299426555634 -80
    endloop
  endfacet
  facet normal 0.8314696153759485 0.5555702284199292 0
    outer loop
      vertex 82.14892578125 19.76458029448986 -80
      vertex 82.14892578125 19.76458029448986 80
      vertex 82.23129942268133 19.641299426555634 80
    endloop
  endfacet
  facet normal 0.9807852716834023 0.1950903658536595 0
    outer loop
      vertex 82.11999999731779 19.90999999642372 -80
      vertex 82.14892578125 19.76458029448986 80
      vertex 82.14892578125 19.76458029448986 -80
    endloop
  endfacet
  facet normal 0.9807852716834023 0.1950903658536595 0
    outer loop
      vertex 82.11999999731779 19.90999999642372 -80
      vertex 82.11999999731779 19.90999999642372 80
      vertex 82.14892578125 19.76458029448986 80
    endloop
  endfacet
  facet normal 0.9807852735959508 -0.1950903562386318 0
    outer loop
      vertex 82.14892578125 20.055419705808163 -80
      vertex 82.11999999731779 19.90999999642372 80
      vertex 82.11999999731779 19.90999999642372 -80
    endloop
  endfacet
  facet normal 0.9807852735959508 -0.1950903562386318 0
    outer loop
      vertex 82.14892578125 20.055419705808163 -80
      vertex 82.14892578125 20.055419705808163 80
      vertex 82.11999999731779 19.90999999642372 80
    endloop
  endfacet
  facet normal 0.8314696153759485 -0.5555702284199292 0
    outer loop
      vertex 82.23129942268133 20.17870057374239 -80
      vertex 82.14892578125 20.055419705808163 80
      vertex 82.14892578125 20.055419705808163 -80
    endloop
  endfacet
  facet normal 0.8314696153759485 -0.5555702284199292 0
    outer loop
      vertex 82.23129942268133 20.17870057374239 -80
      vertex 82.23129942268133 20.17870057374239 80
      vertex 82.14892578125 20.055419705808163 80
    endloop
  endfacet
  facet normal 0.5555702399475028 -0.8314696076734701 0
    outer loop
      vertex 82.35458029806614 20.261074222624302 -80
      vertex 82.23129942268133 20.17870057374239 80
      vertex 82.23129942268133 20.17870057374239 -80
    endloop
  endfacet
  facet normal 0.5555702399475028 -0.8314696076734701 0
    outer loop
      vertex 82.35458029806614 20.261074222624302 -80
      vertex 82.35458029806614 20.261074222624302 80
      vertex 82.23129942268133 20.17870057374239 80
    endloop
  endfacet
  facet normal 0.1950903175156592 -0.9807852812984293 0
    outer loop
      vertex 82.5 20.28999999910593 -80
      vertex 82.35458029806614 20.261074222624302 80
      vertex 82.35458029806614 20.261074222624302 -80
    endloop
  endfacet
  facet normal 0.1950903175156592 -0.9807852812984293 0
    outer loop
      vertex 82.5 20.28999999910593 -80
      vertex 82.5 20.28999999910593 80
      vertex 82.35458029806614 20.261074222624302 80
    endloop
  endfacet
  facet normal 1 0 0
    outer loop
      vertex 82.5 21.75 -80
      vertex 82.5 20.28999999910593 80
      vertex 82.5 20.28999999910593 -80
    endloop
  endfacet
  facet normal 1 0 0
    outer loop
      vertex 82.5 21.75 -80
      vertex 82.5 21.75 80
      vertex 82.5 20.28999999910593 80
    endloop
  endfacet
  facet normal 0.9987954563973426 0.0490676704157047 0
    outer loop
      vertex 82.48073890805244 22.142068564891815 -80
      vertex 82.5 21.75 80
      vertex 82.5 21.75 -80
    endloop
  endfacet
  facet normal 0.9987954563973426 0.0490676704157047 0
    outer loop
      vertex 82.48073890805244 22.142068564891815 -80
      vertex 82.48073890805244 22.142068564891815 80
      vertex 82.5 21.75 80
    endloop
  endfacet
  facet normal 0.9891765093153608 0.14673047883339677 0
    outer loop
      vertex 82.42314112186432 22.53036128729582 -80
      vertex 82.48073890805244 22.142068564891815 80
      vertex 82.48073890805244 22.142068564891815 -80
    endloop
  endfacet
  facet normal 0.9891765093153608 0.14673047883339677 0
    outer loop
      vertex 82.42314112186432 22.53036128729582 -80
      vertex 82.42314112186432 22.53036128729582 80
      vertex 82.48073890805244 22.142068564891815 80
    endloop
  endfacet
  facet normal 0.970031253702096 0.24298017787700282 0
    outer loop
      vertex 82.32776134461164 22.911138705909252 -80
      vertex 82.42314112186432 22.53036128729582 80
      vertex 82.42314112186432 22.53036128729582 -80
    endloop
  endfacet
  facet normal 0.970031253702096 0.24298017787700282 0
    outer loop
      vertex 82.32776134461164 22.911138705909252 -80
      vertex 82.32776134461164 22.911138705909252 80
      vertex 82.42314112186432 22.53036128729582 80
    endloop
  endfacet
  facet normal 0.9415440627982695 0.3368898600571533 0
    outer loop
      vertex 82.1955181285739 23.280733726918697 -80
      vertex 82.32776134461164 22.911138705909252 80
      vertex 82.32776134461164 22.911138705909252 -80
    endloop
  endfacet
  facet normal 0.9415440627982695 0.3368898600571533 0
    outer loop
      vertex 82.1955181285739 23.280733726918697 -80
      vertex 82.1955181285739 23.280733726918697 80
      vertex 82.32776134461164 22.911138705909252 80
    endloop
  endfacet
  facet normal 0.9039892993552974 0.4275550802541337 0
    outer loop
      vertex 82.02768506109715 23.635586947202682 -80
      vertex 82.1955181285739 23.280733726918697 80
      vertex 82.1955181285739 23.280733726918697 -80
    endloop
  endfacet
  facet normal 0.9039892993552974 0.4275550802541337 0
    outer loop
      vertex 82.02768506109715 23.635586947202682 -80
      vertex 82.02768506109715 23.635586947202682 80
      vertex 82.1955181285739 23.280733726918697 80
    endloop
  endfacet
  facet normal 0.857728607028397 0.5141027491514958 0
    outer loop
      vertex 81.82587844878435 23.97228093445301 -80
      vertex 82.02768506109715 23.635586947202682 80
      vertex 82.02768506109715 23.635586947202682 -80
    endloop
  endfacet
  facet normal 0.857728607028397 0.5141027491514958 0
    outer loop
      vertex 81.82587844878435 23.97228093445301 -80
      vertex 81.82587844878435 23.97228093445301 80
      vertex 82.02768506109715 23.635586947202682 80
    endloop
  endfacet
  facet normal 0.8032075288650012 0.5956993080192207 0
    outer loop
      vertex 81.59204181283712 24.287573136389256 -80
      vertex 81.82587844878435 23.97228093445301 80
      vertex 81.82587844878435 23.97228093445301 -80
    endloop
  endfacet
  facet normal 0.8032075288650012 0.5956993080192207 0
    outer loop
      vertex 81.59204181283712 24.287573136389256 -80
      vertex 81.59204181283712 24.287573136389256 80
      vertex 81.82587844878435 23.97228093445301 80
    endloop
  endfacet
  facet normal 0.7409511174895533 0.6715589635251562 0
    outer loop
      vertex 81.3284271210432 24.578427121043205 -80
      vertex 81.59204181283712 24.287573136389256 80
      vertex 81.59204181283712 24.287573136389256 -80
    endloop
  endfacet
  facet normal 0.7409511174895533 0.6715589635251562 0
    outer loop
      vertex 81.3284271210432 24.578427121043205 -80
      vertex 81.3284271210432 24.578427121043205 80
      vertex 81.59204181283712 24.287573136389256 80
    endloop
  endfacet
  facet normal 0.6715589635251562 0.7409511174895533 0
    outer loop
      vertex 81.03757313638926 24.842041812837124 -80
      vertex 81.3284271210432 24.578427121043205 80
      vertex 81.3284271210432 24.578427121043205 -80
    endloop
  endfacet
  facet normal 0.6715589635251562 0.7409511174895533 0
    outer loop
      vertex 81.03757313638926 24.842041812837124 -80
      vertex 81.03757313638926 24.842041812837124 80
      vertex 81.3284271210432 24.578427121043205 80
    endloop
  endfacet
  facet normal 0.5956993080192207 0.8032075288650012 0
    outer loop
      vertex 80.72228093445301 25.07587844878435 -80
      vertex 81.03757313638926 24.842041812837124 80
      vertex 81.03757313638926 24.842041812837124 -80
    endloop
  endfacet
  facet normal 0.5956993080192207 0.8032075288650012 0
    outer loop
      vertex 80.72228093445301 25.07587844878435 -80
      vertex 80.72228093445301 25.07587844878435 80
      vertex 81.03757313638926 24.842041812837124 80
    endloop
  endfacet
  facet normal 0.5141027491514958 0.857728607028397 0
    outer loop
      vertex 80.38558694720268 25.277685061097145 -80
      vertex 80.72228093445301 25.07587844878435 80
      vertex 80.72228093445301 25.07587844878435 -80
    endloop
  endfacet
  facet normal 0.5141027491514958 0.857728607028397 0
    outer loop
      vertex 80.38558694720268 25.277685061097145 -80
      vertex 80.38558694720268 25.277685061097145 80
      vertex 80.72228093445301 25.07587844878435 80
    endloop
  endfacet
  facet normal 0.4275550802541337 0.9039892993552974 0
    outer loop
      vertex 80.0307337269187 25.445518128573895 -80
      vertex 80.38558694720268 25.277685061097145 80
      vertex 80.38558694720268 25.277685061097145 -80
    endloop
  endfacet
  facet normal 0.4275550802541337 0.9039892993552974 0
    outer loop
      vertex 80.0307337269187 25.445518128573895 -80
      vertex 80.0307337269187 25.445518128573895 80
      vertex 80.38558694720268 25.277685061097145 80
    endloop
  endfacet
  facet normal 0.3368898600571533 0.9415440627982695 0
    outer loop
      vertex 79.66113870590925 25.577761344611645 -80
      vertex 80.0307337269187 25.445518128573895 80
      vertex 80.0307337269187 25.445518128573895 -80
    endloop
  endfacet
  facet normal 0.3368898600571533 0.9415440627982695 0
    outer loop
      vertex 79.66113870590925 25.577761344611645 -80
      vertex 79.66113870590925 25.577761344611645 80
      vertex 80.0307337269187 25.445518128573895 80
    endloop
  endfacet
  facet normal 0.24298017787700282 0.970031253702096 0
    outer loop
      vertex 79.28036128729582 25.67314112186432 -80
      vertex 79.66113870590925 25.577761344611645 80
      vertex 79.66113870590925 25.577761344611645 -80
    endloop
  endfacet
  facet normal 0.24298017787700282 0.970031253702096 0
    outer loop
      vertex 79.28036128729582 25.67314112186432 -80
      vertex 79.28036128729582 25.67314112186432 80
      vertex 79.66113870590925 25.577761344611645 80
    endloop
  endfacet
  facet normal 0.14673047883339677 0.9891765093153608 0
    outer loop
      vertex 78.89206856489182 25.730738908052444 -80
      vertex 79.28036128729582 25.67314112186432 80
      vertex 79.28036128729582 25.67314112186432 -80
    endloop
  endfacet
  facet normal 0.14673047883339677 0.9891765093153608 0
    outer loop
      vertex 78.89206856489182 25.730738908052444 -80
      vertex 78.89206856489182 25.730738908052444 80
      vertex 79.28036128729582 25.67314112186432 80
    endloop
  endfacet
  facet normal 0.0490676704157047 0.9987954563973426 0
    outer loop
      vertex 78.5 25.75 -80
      vertex 78.89206856489182 25.730738908052444 80
      vertex 78.89206856489182 25.730738908052444 -80
    endloop
  endfacet
  facet normal 0.0490676704157047 0.9987954563973426 0
    outer loop
      vertex 78.5 25.75 -80
      vertex 78.5 25.75 80
      vertex 78.89206856489182 25.730738908052444 80
    endloop
  endfacet
  facet normal 0 1 0
    outer loop
      vertex -78.5 25.75 -80
      vertex 78.5 25.75 80
      vertex 78.5 25.75 -80
    endloop
  endfacet
  facet normal 0 1 0
    outer loop
      vertex -78.5 25.75 -80
      vertex -78.5 25.75 80
      vertex 78.5 25.75 80
    endloop
  endfacet
  facet normal -0.0490676704157047 0.9987954563973426 0
    outer loop
      vertex -78.89206856489182 25.730738908052444 -80
      vertex -78.5 25.75 80
      vertex -78.5 25.75 -80
    endloop
  endfacet
  facet normal -0.0490676704157047 0.9987954563973426 0
    outer loop
      vertex -78.89206856489182 25.730738908052444 -80
      vertex -78.89206856489182 25.730738908052444 80
      vertex -78.5 25.75 80
    endloop
  endfacet
  facet normal -0.14673047883339677 0.9891765093153608 0
    outer loop
      vertex -79.28036128729582 25.67314112186432 -80
      vertex -78.89206856489182 25.730738908052444 80
      vertex -78.89206856489182 25.730738908052444 -80
    endloop
  endfacet
  facet normal -0.14673047883339677 0.9891765093153608 0
    outer loop
      vertex -79.28036128729582 25.67314112186432 -80
      vertex -79.28036128729582 25.67314112186432 80
      vertex -78.89206856489182 25.730738908052444 80
    endloop
  endfacet
  facet normal -0.24298017787700282 0.970031253702096 0
    outer loop
      vertex -79.66113870590925 25.577761344611645 -80
      vertex -79.28036128729582 25.67314112186432 80
      vertex -79.28036128729582 25.67314112186432 -80
    endloop
  endfacet
  facet normal -0.24298017787700282 0.970031253702096 0
    outer loop
      vertex -79.66113870590925 25.577761344611645 -80
      vertex -79.66113870590925 25.577761344611645 80
      vertex -79.28036128729582 25.67314112186432 80
    endloop
  endfacet
  facet normal -0.3368898600571533 0.9415440627982695 0
    outer loop
      vertex -80.0307337269187 25.445518128573895 -80
      vertex -79.66113870590925 25.577761344611645 80
      vertex -79.66113870590925 25.577761344611645 -80
    endloop
  endfacet
  facet normal -0.3368898600571533 0.9415440627982695 0
    outer loop
      vertex -80.0307337269187 25.445518128573895 -80
      vertex -80.0307337269187 25.445518128573895 80
      vertex -79.66113870590925 25.577761344611645 80
    endloop
  endfacet
  facet normal -0.4275550802541337 0.9039892993552974 0
    outer loop
      vertex -80.38558694720268 25.277685061097145 -80
      vertex -80.0307337269187 25.445518128573895 80
      vertex -80.0307337269187 25.445518128573895 -80
    endloop
  endfacet
  facet normal -0.4275550802541337 0.9039892993552974 0
    outer loop
      vertex -80.38558694720268 25.277685061097145 -80
      vertex -80.38558694720268 25.277685061097145 80
      vertex -80.0307337269187 25.445518128573895 80
    endloop
  endfacet
  facet normal -0.5141027491514958 0.857728607028397 0
    outer loop
      vertex -80.72228093445301 25.07587844878435 -80
      vertex -80.38558694720268 25.277685061097145 80
      vertex -80.38558694720268 25.277685061097145 -80
    endloop
  endfacet
  facet normal -0.5141027491514958 0.857728607028397 0
    outer loop
      vertex -80.72228093445301 25.07587844878435 -80
      vertex -80.72228093445301 25.07587844878435 80
      vertex -80.38558694720268 25.277685061097145 80
    endloop
  endfacet
  facet normal -0.5956993080192207 0.8032075288650012 0
    outer loop
      vertex -81.03757313638926 24.842041812837124 -80
      vertex -80.72228093445301 25.07587844878435 80
      vertex -80.72228093445301 25.07587844878435 -80
    endloop
  endfacet
  facet normal -0.5956993080192207 0.8032075288650012 0
    outer loop
      vertex -81.03757313638926 24.842041812837124 -80
      vertex -81.03757313638926 24.842041812837124 80
      vertex -80.72228093445301 25.07587844878435 80
    endloop
  endfacet
  facet normal -0.6715589635251562 0.7409511174895533 0
    outer loop
      vertex -81.3284271210432 24.578427121043205 -80
      vertex -81.03757313638926 24.842041812837124 80
      vertex -81.03757313638926 24.842041812837124 -80
    endloop
  endfacet
  facet normal -0.6715589635251562 0.7409511174895533 0
    outer loop
      vertex -81.3284271210432 24.578427121043205 -80
      vertex -81.3284271210432 24.578427121043205 80
      vertex -81.03757313638926 24.842041812837124 80
    endloop
  endfacet
  facet normal -0.7409511174895533 0.6715589635251562 0
    outer loop
      vertex -81.59204181283712 24.287573136389256 -80
      vertex -81.3284271210432 24.578427121043205 80
      vertex -81.3284271210432 24.578427121043205 -80
    endloop
  endfacet
  facet normal -0.7409511174895533 0.6715589635251562 0
    outer loop
      vertex -81.59204181283712 24.287573136389256 -80
      vertex -81.59204181283712 24.287573136389256 80
      vertex -81.3284271210432 24.578427121043205 80
    endloop
  endfacet
  facet normal -0.8032075288650012 0.5956993080192207 0
    outer loop
      vertex -81.82587844878435 23.97228093445301 -80
      vertex -81.59204181283712 24.287573136389256 80
      vertex -81.59204181283712 24.287573136389256 -80
    endloop
  endfacet
  facet normal -0.8032075288650012 0.5956993080192207 0
    outer loop
      vertex -81.82587844878435 23.97228093445301 -80
      vertex -81.82587844878435 23.97228093445301 80
      vertex -81.59204181283712 24.287573136389256 80
    endloop
  endfacet
  facet normal -0.857728607028397 0.5141027491514958 0
    outer loop
      vertex -82.02768506109715 23.635586947202682 -80
      vertex -81.82587844878435 23.97228093445301 80
      vertex -81.82587844878435 23.97228093445301 -80
    endloop
  endfacet
  facet normal -0.857728607028397 0.5141027491514958 0
    outer loop
      vertex -82.02768506109715 23.635586947202682 -80
      vertex -82.02768506109715 23.635586947202682 80
      vertex -81.82587844878435 23.97228093445301 80
    endloop
  endfacet
  facet normal -0.9039892993552974 0.4275550802541337 0
    outer loop
      vertex -82.1955181285739 23.280733726918697 -80
      vertex -82.02768506109715 23.635586947202682 80
      vertex -82.02768506109715 23.635586947202682 -80
    endloop
  endfacet
  facet normal -0.9039892993552974 0.4275550802541337 0
    outer loop
      vertex -82.1955181285739 23.280733726918697 -80
      vertex -82.1955181285739 23.280733726918697 80
      vertex -82.02768506109715 23.635586947202682 80
    endloop
  endfacet
  facet normal -0.9415440627982695 0.3368898600571533 0
    outer loop
      vertex -82.32776134461164 22.911138705909252 -80
      vertex -82.1955181285739 23.280733726918697 80
      vertex -82.1955181285739 23.280733726918697 -80
    endloop
  endfacet
  facet normal -0.9415440627982695 0.3368898600571533 0
    outer loop
      vertex -82.32776134461164 22.911138705909252 -80
      vertex -82.32776134461164 22.911138705909252 80
      vertex -82.1955181285739 23.280733726918697 80
    endloop
  endfacet
  facet normal -0.970031253702096 0.24298017787700282 0
    outer loop
      vertex -82.42314112186432 22.53036128729582 -80
      vertex -82.32776134461164 22.911138705909252 80
      vertex -82.32776134461164 22.911138705909252 -80
    endloop
  endfacet
  facet normal -0.970031253702096 0.24298017787700282 0
    outer loop
      vertex -82.42314112186432 22.53036128729582 -80
      vertex -82.42314112186432 22.53036128729582 80
      vertex -82.32776134461164 22.911138705909252 80
    endloop
  endfacet
  facet normal -0.9891765093153608 0.14673047883339677 0
    outer loop
      vertex -82.48073890805244 22.142068564891815 -80
      vertex -82.42314112186432 22.53036128729582 80
      vertex -82.42314112186432 22.53036128729582 -80
    endloop
  endfacet
  facet normal -0.9891765093153608 0.14673047883339677 0
    outer loop
      vertex -82.48073890805244 22.142068564891815 -80
      vertex -82.48073890805244 22.142068564891815 80
      vertex -82.42314112186432 22.53036128729582 80
    endloop
  endfacet
  facet normal -0.9987954563973426 0.0490676704157047 0
    outer loop
      vertex -82.5 21.75 -80
      vertex -82.48073890805244 22.142068564891815 80
      vertex -82.48073890805244 22.142068564891815 -80
    endloop
  endfacet
  facet normal -0.9987954563973426 0.0490676704157047 0
    outer loop
      vertex -82.5 21.75 -80
      vertex -82.5 21.75 80
      vertex -82.48073890805244 22.142068564891815 80
    endloop
  endfacet
  facet normal -1 0 0
    outer loop
      vertex -82.5 20.28999999910593 -80
      vertex -82.5 21.75 80
      vertex -82.5 21.75 -80
    endloop
  endfacet
  facet normal -1 0 0
    outer loop
      vertex -82.5 20.28999999910593 -80
      vertex -82.5 20.28999999910593 80
      vertex -82.5 21.75 80
    endloop
  endfacet
  facet normal -0.1950903175156592 -0.9807852812984293 0
    outer loop
      vertex -82.35458029806614 20.261074222624302 -80
      vertex -82.5 20.28999999910593 80
      vertex -82.5 20.28999999910593 -80
    endloop
  endfacet
  facet normal -0.1950903175156592 -0.9807852812984293 0
    outer loop
      vertex -82.35458029806614 20.261074222624302 -80
      vertex -82.35458029806614 20.261074222624302 80
      vertex -82.5 20.28999999910593 80
    endloop
  endfacet
  facet normal -0.5555702399475028 -0.8314696076734701 0
    outer loop
      vertex -82.23129942268133 20.17870057374239 -80
      vertex -82.35458029806614 20.261074222624302 80
      vertex -82.35458029806614 20.261074222624302 -80
    endloop
  endfacet
  facet normal -0.5555702399475028 -0.8314696076734701 0
    outer loop
      vertex -82.23129942268133 20.17870057374239 -80
      vertex -82.23129942268133 20.17870057374239 80
      vertex -82.35458029806614 20.261074222624302 80
    endloop
  endfacet
  facet normal -0.8314696153759485 -0.5555702284199292 0
    outer loop
      vertex -82.14892578125 20.055419705808163 -80
      vertex -82.23129942268133 20.17870057374239 80
      vertex -82.23129942268133 20.17870057374239 -80
    endloop
  endfacet
  facet normal -0.8314696153759485 -0.5555702284199292 0
    outer loop
      vertex -82.14892578125 20.055419705808163 -80
      vertex -82.14892578125 20.055419705808163 80
      vertex -82.23129942268133 20.17870057374239 80
    endloop
  endfacet
  facet normal -0.9807852735959508 -0.1950903562386318 0
    outer loop
      vertex -82.11999999731779 19.90999999642372 -80
      vertex -82.14892578125 20.055419705808163 80
      vertex -82.14892578125 20.055419705808163 -80
    endloop
  endfacet
  facet normal -0.9807852735959508 -0.1950903562386318 0
    outer loop
      vertex -82.11999999731779 19.90999999642372 -80
      vertex -82.11999999731779 19.90999999642372 80
      vertex -82.14892578125 20.055419705808163 80
    endloop
  endfacet
  facet normal -0.9807852716834023 0.1950903658536595 0
    outer loop
      vertex -82.14892578125 19.76458029448986 -80
      vertex -82.11999999731779 19.90999999642372 80
      vertex -82.11999999731779 19.90999999642372 -80
    endloop
  endfacet
  facet normal -0.9807852716834023 0.1950903658536595 0
    outer loop
      vertex -82.14892578125 19.76458029448986 -80
      vertex -82.14892578125 19.76458029448986 80
      vertex -82.11999999731779 19.90999999642372 80
    endloop
  endfacet
  facet normal -0.8314696153759485 0.5555702284199292 0
    outer loop
      vertex -82.23129942268133 19.641299426555634 -80
      vertex -82.14892578125 19.76458029448986 80
      vertex -82.14892578125 19.76458029448986 -80
    endloop
  endfacet
  facet normal -0.8314696153759485 0.5555702284199292 0
    outer loop
      vertex -82.23129942268133 19.641299426555634 -80
      vertex -82.23129942268133 19.641299426555634 80
      vertex -82.14892578125 19.76458029448986 80
    endloop
  endfacet
  facet normal -0.5555702399475028 0.8314696076734701 0
    outer loop
      vertex -82.35458029806614 19.55892577767372 -80
      vertex -82.23129942268133 19.641299426555634 80
      vertex -82.23129942268133 19.641299426555634 -80
    endloop
  endfacet
  facet normal -0.5555702399475028 0.8314696076734701 0
    outer loop
      vertex -82.35458029806614 19.55892577767372 -80
      vertex -82.35458029806614 19.55892577767372 80
      vertex -82.23129942268133 19.641299426555634 80
    endloop
  endfacet
  facet normal -0.1950903175156592 0.9807852812984293 0
    outer loop
      vertex -82.5 19.530000001192093 -80
      vertex -82.35458029806614 19.55892577767372 80
      vertex -82.35458029806614 19.55892577767372 -80
    endloop
  endfacet
  facet normal -0.1950903175156592 0.9807852812984293 0
    outer loop
      vertex -82.5 19.530000001192093 -80
      vertex -82.5 19.530000001192093 80
      vertex -82.35458029806614 19.55892577767372 80
    endloop
  endfacet
  facet normal -1 0 0
    outer loop
      vertex -82.5 15.3125 -80
      vertex -82.5 19.530000001192093 80
      vertex -82.5 19.530000001192093 -80
    endloop
  endfacet
  facet normal -1 0 0
    outer loop
      vertex -82.5 15.3125 -80
      vertex -82.5 15.3125 80
      vertex -82.5 19.530000001192093 80
    endloop
  endfacet
  facet normal -0.1950903175156592 -0.9807852812984293 0
    outer loop
      vertex -82.35458029806614 15.283574223518372 -80
      vertex -82.5 15.3125 80
      vertex -82.5 15.3125 -80
    endloop
  endfacet
  facet normal -0.1950903175156592 -0.9807852812984293 0
    outer loop
      vertex -82.35458029806614 15.283574223518372 -80
      vertex -82.35458029806614 15.283574223518372 80
      vertex -82.5 15.3125 80
    endloop
  endfacet
  facet normal -0.5555702399475028 -0.8314696076734701 0
    outer loop
      vertex -82.23129942268133 15.20120057463646 -80
      vertex -82.35458029806614 15.283574223518372 80
      vertex -82.35458029806614 15.283574223518372 -80
    endloop
  endfacet
  facet normal -0.5555702399475028 -0.8314696076734701 0
    outer loop
      vertex -82.23129942268133 15.20120057463646 -80
      vertex -82.23129942268133 15.20120057463646 80
      vertex -82.35458029806614 15.283574223518372 80
    endloop
  endfacet
  facet normal -0.8314696153759485 -0.5555702284199292 0
    outer loop
      vertex -82.14892578125 15.077919706702232 -80
      vertex -82.23129942268133 15.20120057463646 80
      vertex -82.23129942268133 15.20120057463646 -80
    endloop
  endfacet
  facet normal -0.8314696153759485 -0.5555702284199292 0
    outer loop
      vertex -82.14892578125 15.077919706702232 -80
      vertex -82.14892578125 15.077919706702232 80
      vertex -82.23129942268133 15.20120057463646 80
    endloop
  endfacet
  facet normal -0.9807852735959508 -0.1950903562386318 0
    outer loop
      vertex -82.11999999731779 14.932499997317791 -80
      vertex -82.14892578125 15.077919706702232 80
      vertex -82.14892578125 15.077919706702232 -80
    endloop
  endfacet
  facet normal -0.9807852735959508 -0.1950903562386318 0
    outer loop
      vertex -82.11999999731779 14.932499997317791 -80
      vertex -82.11999999731779 14.932499997317791 80
      vertex -82.14892578125 15.077919706702232 80
    endloop
  endfacet
  facet normal -0.9807852716834023 0.1950903658536595 0
    outer loop
      vertex -82.14892578125 14.78708029538393 -80
      vertex -82.11999999731779 14.932499997317791 80
      vertex -82.11999999731779 14.932499997317791 -80
    endloop
  endfacet
  facet normal -0.9807852716834023 0.1950903658536595 0
    outer loop
      vertex -82.14892578125 14.78708029538393 -80
      vertex -82.14892578125 14.78708029538393 80
      vertex -82.11999999731779 14.932499997317791 80
    endloop
  endfacet
  facet normal -0.8314696308861956 0.5555702052072028 0
    outer loop
      vertex -82.23129942268133 14.663799419999123 -80
      vertex -82.14892578125 14.78708029538393 80
      vertex -82.14892578125 14.78708029538393 -80
    endloop
  endfacet
  facet normal -0.8314696308861956 0.5555702052072028 0
    outer loop
      vertex -82.23129942268133 14.663799419999123 -80
      vertex -82.23129942268133 14.663799419999123 80
      vertex -82.14892578125 14.78708029538393 80
    endloop
  endfacet
  facet normal -0.5555702052072028 0.8314696308861956 0
    outer loop
      vertex -82.35458029806614 14.581425778567791 -80
      vertex -82.23129942268133 14.663799419999123 80
      vertex -82.23129942268133 14.663799419999123 -80
    endloop
  endfacet
  facet normal -0.5555702052072028 0.8314696308861956 0
    outer loop
      vertex -82.35458029806614 14.581425778567791 -80
      vertex -82.35458029806614 14.581425778567791 80
      vertex -82.23129942268133 14.663799419999123 80
    endloop
  endfacet
  facet normal -0.1950903175156592 0.9807852812984293 0
    outer loop
      vertex -82.5 14.552500002086163 -80
      vertex -82.35458029806614 14.581425778567791 80
      vertex -82.35458029806614 14.581425778567791 -80
    endloop
  endfacet
  facet normal -0.1950903175156592 0.9807852812984293 0
    outer loop
      vertex -82.5 14.552500002086163 -80
      vertex -82.5 14.552500002086163 80
      vertex -82.35458029806614 14.581425778567791 80
    endloop
  endfacet
  facet normal -1 0 0
    outer loop
      vertex -82.5 10.33500000089407 -80
      vertex -82.5 14.552500002086163 80
      vertex -82.5 14.552500002086163 -80
    endloop
  endfacet
  facet normal -1 0 0
    outer loop
      vertex -82.5 10.33500000089407 -80
      vertex -82.5 10.33500000089407 80
      vertex -82.5 14.552500002086163 80
    endloop
  endfacet
  facet normal -0.1950903175156592 -0.9807852812984293 0
    outer loop
      vertex -82.35458029806614 10.306074224412441 -80
      vertex -82.5 10.33500000089407 80
      vertex -82.5 10.33500000089407 -80
    endloop
  endfacet
  facet normal -0.1950903175156592 -0.9807852812984293 0
    outer loop
      vertex -82.35458029806614 10.306074224412441 -80
      vertex -82.35458029806614 10.306074224412441 80
      vertex -82.5 10.33500000089407 80
    endloop
  endfacet
  facet normal -0.5555702399475028 -0.8314696076734701 0
    outer loop
      vertex -82.23129942268133 10.223700575530529 -80
      vertex -82.35458029806614 10.306074224412441 80
      vertex -82.35458029806614 10.306074224412441 -80
    endloop
  endfacet
  facet normal -0.5555702399475028 -0.8314696076734701 0
    outer loop
      vertex -82.23129942268133 10.223700575530529 -80
      vertex -82.23129942268133 10.223700575530529 80
      vertex -82.35458029806614 10.306074224412441 80
    endloop
  endfacet
  facet normal -0.8314696153759485 -0.5555702284199292 0
    outer loop
      vertex -82.14892578125 10.100419707596302 -80
      vertex -82.23129942268133 10.223700575530529 80
      vertex -82.23129942268133 10.223700575530529 -80
    endloop
  endfacet
  facet normal -0.8314696153759485 -0.5555702284199292 0
    outer loop
      vertex -82.14892578125 10.100419707596302 -80
      vertex -82.14892578125 10.100419707596302 80
      vertex -82.23129942268133 10.223700575530529 80
    endloop
  endfacet
  facet normal -0.9807852735959508 -0.1950903562386318 0
    outer loop
      vertex -82.11999999731779 9.95499999821186 -80
      vertex -82.14892578125 10.100419707596302 80
      vertex -82.14892578125 10.100419707596302 -80
    endloop
  endfacet
  facet normal -0.9807852735959508 -0.1950903562386318 0
    outer loop
      vertex -82.11999999731779 9.95499999821186 -80
      vertex -82.11999999731779 9.95499999821186 80
      vertex -82.14892578125 10.100419707596302 80
    endloop
  endfacet
  facet normal -0.9807852716834023 0.1950903658536595 0
    outer loop
      vertex -82.14892578125 9.809580296278 -80
      vertex -82.11999999731779 9.95499999821186 80
      vertex -82.11999999731779 9.95499999821186 -80
    endloop
  endfacet
  facet normal -0.9807852716834023 0.1950903658536595 0
    outer loop
      vertex -82.14892578125 9.809580296278 -80
      vertex -82.14892578125 9.809580296278 80
      vertex -82.11999999731779 9.95499999821186 80
    endloop
  endfacet
  facet normal -0.8314696308861956 0.5555702052072028 0
    outer loop
      vertex -82.23129942268133 9.686299420893192 -80
      vertex -82.14892578125 9.809580296278 80
      vertex -82.14892578125 9.809580296278 -80
    endloop
  endfacet
  facet normal -0.8314696308861956 0.5555702052072028 0
    outer loop
      vertex -82.23129942268133 9.686299420893192 -80
      vertex -82.23129942268133 9.686299420893192 80
      vertex -82.14892578125 9.809580296278 80
    endloop
  endfacet
  facet normal -0.5555702052072028 0.8314696308861956 0
    outer loop
      vertex -82.35458029806614 9.60392577946186 -80
      vertex -82.23129942268133 9.686299420893192 80
      vertex -82.23129942268133 9.686299420893192 -80
    endloop
  endfacet
  facet normal -0.5555702052072028 0.8314696308861956 0
    outer loop
      vertex -82.35458029806614 9.60392577946186 -80
      vertex -82.35458029806614 9.60392577946186 80
      vertex -82.23129942268133 9.686299420893192 80
    endloop
  endfacet
  facet normal -0.1950903175156592 0.9807852812984293 0
    outer loop
      vertex -82.5 9.575000002980232 -80
      vertex -82.35458029806614 9.60392577946186 80
      vertex -82.35458029806614 9.60392577946186 -80
    endloop
  endfacet
  facet normal -0.1950903175156592 0.9807852812984293 0
    outer loop
      vertex -82.5 9.575000002980232 -80
      vertex -82.5 9.575000002980232 80
      vertex -82.35458029806614 9.60392577946186 80
    endloop
  endfacet
  facet normal -1 0 0
    outer loop
      vertex -82.5 5.357500001788139 -80
      vertex -82.5 9.575000002980232 80
      vertex -82.5 9.575000002980232 -80
    endloop
  endfacet
  facet normal -1 0 0
    outer loop
      vertex -82.5 5.357500001788139 -80
      vertex -82.5 5.357500001788139 80
      vertex -82.5 9.575000002980232 80
    endloop
  endfacet
  facet normal -0.1950903175156592 -0.9807852812984293 0
    outer loop
      vertex -82.35458029806614 5.328574225306511 -80
      vertex -82.5 5.357500001788139 80
      vertex -82.5 5.357500001788139 -80
    endloop
  endfacet
  facet normal -0.1950903175156592 -0.9807852812984293 0
    outer loop
      vertex -82.35458029806614 5.328574225306511 -80
      vertex -82.35458029806614 5.328574225306511 80
      vertex -82.5 5.357500001788139 80
    endloop
  endfacet
  facet normal -0.5555702399475028 -0.8314696076734701 0
    outer loop
      vertex -82.23129942268133 5.246200576424599 -80
      vertex -82.35458029806614 5.328574225306511 80
      vertex -82.35458029806614 5.328574225306511 -80
    endloop
  endfacet
  facet normal -0.5555702399475028 -0.8314696076734701 0
    outer loop
      vertex -82.23129942268133 5.246200576424599 -80
      vertex -82.23129942268133 5.246200576424599 80
      vertex -82.35458029806614 5.328574225306511 80
    endloop
  endfacet
  facet normal -0.8314696308861956 -0.5555702052072028 0
    outer loop
      vertex -82.14892578125 5.122919701039791 -80
      vertex -82.23129942268133 5.246200576424599 80
      vertex -82.23129942268133 5.246200576424599 -80
    endloop
  endfacet
  facet normal -0.8314696308861956 -0.5555702052072028 0
    outer loop
      vertex -82.14892578125 5.122919701039791 -80
      vertex -82.14892578125 5.122919701039791 80
      vertex -82.23129942268133 5.246200576424599 80
    endloop
  endfacet
  facet normal -0.9807852716834023 -0.1950903658536595 0
    outer loop
      vertex -82.11999999731779 4.97749999910593 -80
      vertex -82.14892578125 5.122919701039791 80
      vertex -82.14892578125 5.122919701039791 -80
    endloop
  endfacet
  facet normal -0.9807852716834023 -0.1950903658536595 0
    outer loop
      vertex -82.11999999731779 4.97749999910593 -80
      vertex -82.11999999731779 4.97749999910593 80
      vertex -82.14892578125 5.122919701039791 80
    endloop
  endfacet
  facet normal -0.9807852716834023 0.1950903658536595 0
    outer loop
      vertex -82.14892578125 4.8320802971720695 -80
      vertex -82.11999999731779 4.97749999910593 80
      vertex -82.11999999731779 4.97749999910593 -80
    endloop
  endfacet
  facet normal -0.9807852716834023 0.1950903658536595 0
    outer loop
      vertex -82.14892578125 4.8320802971720695 -80
      vertex -82.14892578125 4.8320802971720695 80
      vertex -82.11999999731779 4.97749999910593 80
    endloop
  endfacet
  facet normal -0.8314696308861956 0.5555702052072028 0
    outer loop
      vertex -82.23129942268133 4.708799421787262 -80
      vertex -82.14892578125 4.8320802971720695 80
      vertex -82.14892578125 4.8320802971720695 -80
    endloop
  endfacet
  facet normal -0.8314696308861956 0.5555702052072028 0
    outer loop
      vertex -82.23129942268133 4.708799421787262 -80
      vertex -82.23129942268133 4.708799421787262 80
      vertex -82.14892578125 4.8320802971720695 80
    endloop
  endfacet
  facet normal -0.5555702052072028 0.8314696308861956 0
    outer loop
      vertex -82.35458029806614 4.62642578035593 -80
      vertex -82.23129942268133 4.708799421787262 80
      vertex -82.23129942268133 4.708799421787262 -80
    endloop
  endfacet
  facet normal -0.5555702052072028 0.8314696308861956 0
    outer loop
      vertex -82.35458029806614 4.62642578035593 -80
      vertex -82.35458029806614 4.62642578035593 80
      vertex -82.23129942268133 4.708799421787262 80
    endloop
  endfacet
  facet normal -0.1950903658536595 0.9807852716834023 0
    outer loop
      vertex -82.5 4.597499996423721 -80
      vertex -82.35458029806614 4.62642578035593 80
      vertex -82.35458029806614 4.62642578035593 -80
    endloop
  endfacet
  facet normal -0.1950903658536595 0.9807852716834023 0
    outer loop
      vertex -82.5 4.597499996423721 -80
      vertex -82.5 4.597499996423721 80
      vertex -82.35458029806614 4.62642578035593 80
    endloop
  endfacet
  facet normal -1 0 0
    outer loop
      vertex -82.5 0.380000002682209 -80
      vertex -82.5 4.597499996423721 80
      vertex -82.5 4.597499996423721 -80
    endloop
  endfacet
  facet normal -1 0 0
    outer loop
      vertex -82.5 0.380000002682209 -80
      vertex -82.5 0.380000002682209 80
      vertex -82.5 4.597499996423721 80
    endloop
  endfacet
  facet normal -0.1950903658536595 -0.9807852716834023 0
    outer loop
      vertex -82.35458029806614 0.35107421875 -80
      vertex -82.5 0.380000002682209 80
      vertex -82.5 0.380000002682209 -80
    endloop
  endfacet
  facet normal -0.1950903658536595 -0.9807852716834023 0
    outer loop
      vertex -82.35458029806614 0.35107421875 -80
      vertex -82.35458029806614 0.35107421875 80
      vertex -82.5 0.380000002682209 80
    endloop
  endfacet
  facet normal -0.5555702052072028 -0.8314696308861956 0
    outer loop
      vertex -82.23129942268133 0.26870057731866837 -80
      vertex -82.35458029806614 0.35107421875 80
      vertex -82.35458029806614 0.35107421875 -80
    endloop
  endfacet
  facet normal -0.5555702052072028 -0.8314696308861956 0
    outer loop
      vertex -82.23129942268133 0.26870057731866837 -80
      vertex -82.23129942268133 0.26870057731866837 80
      vertex -82.35458029806614 0.35107421875 80
    endloop
  endfacet
  facet normal -0.8314696308861956 -0.5555702052072028 0
    outer loop
      vertex -82.14892578125 0.14541970193386078 -80
      vertex -82.23129942268133 0.26870057731866837 80
      vertex -82.23129942268133 0.26870057731866837 -80
    endloop
  endfacet
  facet normal -0.8314696308861956 -0.5555702052072028 0
    outer loop
      vertex -82.14892578125 0.14541970193386078 -80
      vertex -82.14892578125 0.14541970193386078 80
      vertex -82.23129942268133 0.26870057731866837 80
    endloop
  endfacet
  facet normal -0.9807852716834023 -0.1950903658536595 0
    outer loop
      vertex -82.11999999731779 0 -80
      vertex -82.14892578125 0.14541970193386078 80
      vertex -82.14892578125 0.14541970193386078 -80
    endloop
  endfacet
  facet normal -0.9807852716834023 -0.1950903658536595 0
    outer loop
      vertex -82.11999999731779 0 -80
      vertex -82.11999999731779 0 80
      vertex -82.14892578125 0.14541970193386078 80
    endloop
  endfacet
  facet normal -0.9807852716834023 0.1950903658536595 0
    outer loop
      vertex -82.14892578125 -0.14541970193386078 -80
      vertex -82.11999999731779 0 80
      vertex -82.11999999731779 0 -80
    endloop
  endfacet
  facet normal -0.9807852716834023 0.1950903658536595 0
    outer loop
      vertex -82.14892578125 -0.14541970193386078 -80
      vertex -82.14892578125 -0.14541970193386078 80
      vertex -82.11999999731779 0 80
    endloop
  endfacet
  facet normal -0.8314696308861956 0.5555702052072028 0
    outer loop
      vertex -82.23129942268133 -0.26870057731866837 -80
      vertex -82.14892578125 -0.14541970193386078 80
      vertex -82.14892578125 -0.14541970193386078 -80
    endloop
  endfacet
  facet normal -0.8314696308861956 0.5555702052072028 0
    outer loop
      vertex -82.23129942268133 -0.26870057731866837 -80
      vertex -82.23129942268133 -0.26870057731866837 80
      vertex -82.14892578125 -0.14541970193386078 80
    endloop
  endfacet
  facet normal -0.5555702052072028 0.8314696308861956 0
    outer loop
      vertex -82.35458029806614 -0.35107421875 -80
      vertex -82.23129942268133 -0.26870057731866837 80
      vertex -82.23129942268133 -0.26870057731866837 -80
    endloop
  endfacet
  facet normal -0.5555702052072028 0.8314696308861956 0
    outer loop
      vertex -82.35458029806614 -0.35107421875 -80
      vertex -82.35458029806614 -0.35107421875 80
      vertex -82.23129942268133 -0.26870057731866837 80
    endloop
  endfacet
  facet normal -0.1950903658536595 0.9807852716834023 0
    outer loop
      vertex -82.5 -0.380000002682209 -80
      vertex -82.35458029806614 -0.35107421875 80
      vertex -82.35458029806614 -0.35107421875 -80
    endloop
  endfacet
  facet normal -0.1950903658536595 0.9807852716834023 0
    outer loop
      vertex -82.5 -0.380000002682209 -80
      vertex -82.5 -0.380000002682209 80
      vertex -82.35458029806614 -0.35107421875 80
    endloop
  endfacet
  facet normal -1 0 0
    outer loop
      vertex -82.5 -4.597499996423721 -80
      vertex -82.5 -0.380000002682209 80
      vertex -82.5 -0.380000002682209 -80
    endloop
  endfacet
  facet normal -1 0 0
    outer loop
      vertex -82.5 -4.597499996423721 -80
      vertex -82.5 -4.597499996423721 80
      vertex -82.5 -0.380000002682209 80
    endloop
  endfacet
  facet normal -0.1950903658536595 -0.9807852716834023 0
    outer loop
      vertex -82.35458029806614 -4.62642578035593 -80
      vertex -82.5 -4.597499996423721 80
      vertex -82.5 -4.597499996423721 -80
    endloop
  endfacet
  facet normal -0.1950903658536595 -0.9807852716834023 0
    outer loop
      vertex -82.35458029806614 -4.62642578035593 -80
      vertex -82.35458029806614 -4.62642578035593 80
      vertex -82.5 -4.597499996423721 80
    endloop
  endfacet
  facet normal -0.5555702052072028 -0.8314696308861956 0
    outer loop
      vertex -82.23129942268133 -4.708799421787262 -80
      vertex -82.35458029806614 -4.62642578035593 80
      vertex -82.35458029806614 -4.62642578035593 -80
    endloop
  endfacet
  facet normal -0.5555702052072028 -0.8314696308861956 0
    outer loop
      vertex -82.23129942268133 -4.708799421787262 -80
      vertex -82.23129942268133 -4.708799421787262 80
      vertex -82.35458029806614 -4.62642578035593 80
    endloop
  endfacet
  facet normal -0.8314696308861956 -0.5555702052072028 0
    outer loop
      vertex -82.14892578125 -4.8320802971720695 -80
      vertex -82.23129942268133 -4.708799421787262 80
      vertex -82.23129942268133 -4.708799421787262 -80
    endloop
  endfacet
  facet normal -0.8314696308861956 -0.5555702052072028 0
    outer loop
      vertex -82.14892578125 -4.8320802971720695 -80
      vertex -82.14892578125 -4.8320802971720695 80
      vertex -82.23129942268133 -4.708799421787262 80
    endloop
  endfacet
  facet normal -0.9807852716834023 -0.1950903658536595 0
    outer loop
      vertex -82.11999999731779 -4.97749999910593 -80
      vertex -82.14892578125 -4.8320802971720695 80
      vertex -82.14892578125 -4.8320802971720695 -80
    endloop
  endfacet
  facet normal -0.9807852716834023 -0.1950903658536595 0
    outer loop
      vertex -82.11999999731779 -4.97749999910593 -80
      vertex -82.11999999731779 -4.97749999910593 80
      vertex -82.14892578125 -4.8320802971720695 80
    endloop
  endfacet
  facet normal -0.9807852716834023 0.1950903658536595 0
    outer loop
      vertex -82.14892578125 -5.122919701039791 -80
      vertex -82.11999999731779 -4.97749999910593 80
      vertex -82.11999999731779 -4.97749999910593 -80
    endloop
  endfacet
  facet normal -0.9807852716834023 0.1950903658536595 0
    outer loop
      vertex -82.14892578125 -5.122919701039791 -80
      vertex -82.14892578125 -5.122919701039791 80
      vertex -82.11999999731779 -4.97749999910593 80
    endloop
  endfacet
  facet normal -0.8314696308861956 0.5555702052072028 0
    outer loop
      vertex -82.23129942268133 -5.246200576424599 -80
      vertex -82.14892578125 -5.122919701039791 80
      vertex -82.14892578125 -5.122919701039791 -80
    endloop
  endfacet
  facet normal -0.8314696308861956 0.5555702052072028 0
    outer loop
      vertex -82.23129942268133 -5.246200576424599 -80
      vertex -82.23129942268133 -5.246200576424599 80
      vertex -82.14892578125 -5.122919701039791 80
    endloop
  endfacet
  facet normal -0.5555702399475028 0.8314696076734701 0
    outer loop
      vertex -82.35458029806614 -5.328574225306511 -80
      vertex -82.23129942268133 -5.246200576424599 80
      vertex -82.23129942268133 -5.246200576424599 -80
    endloop
  endfacet
  facet normal -0.5555702399475028 0.8314696076734701 0
    outer loop
      vertex -82.35458029806614 -5.328574225306511 -80
      vertex -82.35458029806614 -5.328574225306511 80
      vertex -82.23129942268133 -5.246200576424599 80
    endloop
  endfacet
  facet normal -0.1950903175156592 0.9807852812984293 0
    outer loop
      vertex -82.5 -5.357500001788139 -80
      vertex -82.35458029806614 -5.328574225306511 80
      vertex -82.35458029806614 -5.328574225306511 -80
    endloop
  endfacet
  facet normal -0.1950903175156592 0.9807852812984293 0
    outer loop
      vertex -82.5 -5.357500001788139 -80
      vertex -82.5 -5.357500001788139 80
      vertex -82.35458029806614 -5.328574225306511 80
    endloop
  endfacet
  facet normal -1 0 0
    outer loop
      vertex -82.5 -9.575000002980232 -80
      vertex -82.5 -5.357500001788139 80
      vertex -82.5 -5.357500001788139 -80
    endloop
  endfacet
  facet normal -1 0 0
    outer loop
      vertex -82.5 -9.575000002980232 -80
      vertex -82.5 -9.575000002980232 80
      vertex -82.5 -5.357500001788139 80
    endloop
  endfacet
  facet normal -0.1950903175156592 -0.9807852812984293 0
    outer loop
      vertex -82.35458029806614 -9.60392577946186 -80
      vertex -82.5 -9.575000002980232 80
      vertex -82.5 -9.575000002980232 -80
    endloop
  endfacet
  facet normal -0.1950903175156592 -0.9807852812984293 0
    outer loop
      vertex -82.35458029806614 -9.60392577946186 -80
      vertex -82.35458029806614 -9.60392577946186 80
      vertex -82.5 -9.575000002980232 80
    endloop
  endfacet
  facet normal -0.5555702052072028 -0.8314696308861956 0
    outer loop
      vertex -82.23129942268133 -9.686299420893192 -80
      vertex -82.35458029806614 -9.60392577946186 80
      vertex -82.35458029806614 -9.60392577946186 -80
    endloop
  endfacet
  facet normal -0.5555702052072028 -0.8314696308861956 0
    outer loop
      vertex -82.23129942268133 -9.686299420893192 -80
      vertex -82.23129942268133 -9.686299420893192 80
      vertex -82.35458029806614 -9.60392577946186 80
    endloop
  endfacet
  facet normal -0.8314696308861956 -0.5555702052072028 0
    outer loop
      vertex -82.14892578125 -9.809580296278 -80
      vertex -82.23129942268133 -9.686299420893192 80
      vertex -82.23129942268133 -9.686299420893192 -80
    endloop
  endfacet
  facet normal -0.8314696308861956 -0.5555702052072028 0
    outer loop
      vertex -82.14892578125 -9.809580296278 -80
      vertex -82.14892578125 -9.809580296278 80
      vertex -82.23129942268133 -9.686299420893192 80
    endloop
  endfacet
  facet normal -0.9807852716834023 -0.1950903658536595 0
    outer loop
      vertex -82.11999999731779 -9.95499999821186 -80
      vertex -82.14892578125 -9.809580296278 80
      vertex -82.14892578125 -9.809580296278 -80
    endloop
  endfacet
  facet normal -0.9807852716834023 -0.1950903658536595 0
    outer loop
      vertex -82.11999999731779 -9.95499999821186 -80
      vertex -82.11999999731779 -9.95499999821186 80
      vertex -82.14892578125 -9.809580296278 80
    endloop
  endfacet
  facet normal -0.9807852735959508 0.1950903562386318 0
    outer loop
      vertex -82.14892578125 -10.100419707596302 -80
      vertex -82.11999999731779 -9.95499999821186 80
      vertex -82.11999999731779 -9.95499999821186 -80
    endloop
  endfacet
  facet normal -0.9807852735959508 0.1950903562386318 0
    outer loop
      vertex -82.14892578125 -10.100419707596302 -80
      vertex -82.14892578125 -10.100419707596302 80
      vertex -82.11999999731779 -9.95499999821186 80
    endloop
  endfacet
  facet normal -0.8314696153759485 0.5555702284199292 0
    outer loop
      vertex -82.23129942268133 -10.223700575530529 -80
      vertex -82.14892578125 -10.100419707596302 80
      vertex -82.14892578125 -10.100419707596302 -80
    endloop
  endfacet
  facet normal -0.8314696153759485 0.5555702284199292 0
    outer loop
      vertex -82.23129942268133 -10.223700575530529 -80
      vertex -82.23129942268133 -10.223700575530529 80
      vertex -82.14892578125 -10.100419707596302 80
    endloop
  endfacet
  facet normal -0.5555702399475028 0.8314696076734701 0
    outer loop
      vertex -82.35458029806614 -10.306074224412441 -80
      vertex -82.23129942268133 -10.223700575530529 80
      vertex -82.23129942268133 -10.223700575530529 -80
    endloop
  endfacet
  facet normal -0.5555702399475028 0.8314696076734701 0
    outer loop
      vertex -82.35458029806614 -10.306074224412441 -80
      vertex -82.35458029806614 -10.306074224412441 80
      vertex -82.23129942268133 -10.223700575530529 80
    endloop
  endfacet
  facet normal -0.1950903175156592 0.9807852812984293 0
    outer loop
      vertex -82.5 -10.33500000089407 -80
      vertex -82.35458029806614 -10.306074224412441 80
      vertex -82.35458029806614 -10.306074224412441 -80
    endloop
  endfacet
  facet normal -0.1950903175156592 0.9807852812984293 0
    outer loop
      vertex -82.5 -10.33500000089407 -80
      vertex -82.5 -10.33500000089407 80
      vertex -82.35458029806614 -10.306074224412441 80
    endloop
  endfacet
  facet normal -1 0 0
    outer loop
      vertex -82.5 -14.552500002086163 -80
      vertex -82.5 -10.33500000089407 80
      vertex -82.5 -10.33500000089407 -80
    endloop
  endfacet
  facet normal -1 0 0
    outer loop
      vertex -82.5 -14.552500002086163 -80
      vertex -82.5 -14.552500002086163 80
      vertex -82.5 -10.33500000089407 80
    endloop
  endfacet
  facet normal -0.1950903175156592 -0.9807852812984293 0
    outer loop
      vertex -82.35458029806614 -14.581425778567791 -80
      vertex -82.5 -14.552500002086163 80
      vertex -82.5 -14.552500002086163 -80
    endloop
  endfacet
  facet normal -0.1950903175156592 -0.9807852812984293 0
    outer loop
      vertex -82.35458029806614 -14.581425778567791 -80
      vertex -82.35458029806614 -14.581425778567791 80
      vertex -82.5 -14.552500002086163 80
    endloop
  endfacet
  facet normal -0.5555702052072028 -0.8314696308861956 0
    outer loop
      vertex -82.23129942268133 -14.663799419999123 -80
      vertex -82.35458029806614 -14.581425778567791 80
      vertex -82.35458029806614 -14.581425778567791 -80
    endloop
  endfacet
  facet normal -0.5555702052072028 -0.8314696308861956 0
    outer loop
      vertex -82.23129942268133 -14.663799419999123 -80
      vertex -82.23129942268133 -14.663799419999123 80
      vertex -82.35458029806614 -14.581425778567791 80
    endloop
  endfacet
  facet normal -0.8314696308861956 -0.5555702052072028 0
    outer loop
      vertex -82.14892578125 -14.78708029538393 -80
      vertex -82.23129942268133 -14.663799419999123 80
      vertex -82.23129942268133 -14.663799419999123 -80
    endloop
  endfacet
  facet normal -0.8314696308861956 -0.5555702052072028 0
    outer loop
      vertex -82.14892578125 -14.78708029538393 -80
      vertex -82.14892578125 -14.78708029538393 80
      vertex -82.23129942268133 -14.663799419999123 80
    endloop
  endfacet
  facet normal -0.9807852716834023 -0.1950903658536595 0
    outer loop
      vertex -82.11999999731779 -14.932499997317791 -80
      vertex -82.14892578125 -14.78708029538393 80
      vertex -82.14892578125 -14.78708029538393 -80
    endloop
  endfacet
  facet normal -0.9807852716834023 -0.1950903658536595 0
    outer loop
      vertex -82.11999999731779 -14.932499997317791 -80
      vertex -82.11999999731779 -14.932499997317791 80
      vertex -82.14892578125 -14.78708029538393 80
    endloop
  endfacet
  facet normal -0.9807852735959508 0.1950903562386318 0
    outer loop
      vertex -82.14892578125 -15.077919706702232 -80
      vertex -82.11999999731779 -14.932499997317791 80
      vertex -82.11999999731779 -14.932499997317791 -80
    endloop
  endfacet
  facet normal -0.9807852735959508 0.1950903562386318 0
    outer loop
      vertex -82.14892578125 -15.077919706702232 -80
      vertex -82.14892578125 -15.077919706702232 80
      vertex -82.11999999731779 -14.932499997317791 80
    endloop
  endfacet
  facet normal -0.8314696153759485 0.5555702284199292 0
    outer loop
      vertex -82.23129942268133 -15.20120057463646 -80
      vertex -82.14892578125 -15.077919706702232 80
      vertex -82.14892578125 -15.077919706702232 -80
    endloop
  endfacet
  facet normal -0.8314696153759485 0.5555702284199292 0
    outer loop
      vertex -82.23129942268133 -15.20120057463646 -80
      vertex -82.23129942268133 -15.20120057463646 80
      vertex -82.14892578125 -15.077919706702232 80
    endloop
  endfacet
  facet normal -0.5555702399475028 0.8314696076734701 0
    outer loop
      vertex -82.35458029806614 -15.283574223518372 -80
      vertex -82.23129942268133 -15.20120057463646 80
      vertex -82.23129942268133 -15.20120057463646 -80
    endloop
  endfacet
  facet normal -0.5555702399475028 0.8314696076734701 0
    outer loop
      vertex -82.35458029806614 -15.283574223518372 -80
      vertex -82.35458029806614 -15.283574223518372 80
      vertex -82.23129942268133 -15.20120057463646 80
    endloop
  endfacet
  facet normal -0.1950903175156592 0.9807852812984293 0
    outer loop
      vertex -82.5 -15.3125 -80
      vertex -82.35458029806614 -15.283574223518372 80
      vertex -82.35458029806614 -15.283574223518372 -80
    endloop
  endfacet
  facet normal -0.1950903175156592 0.9807852812984293 0
    outer loop
      vertex -82.5 -15.3125 -80
      vertex -82.5 -15.3125 80
      vertex -82.35458029806614 -15.283574223518372 80
    endloop
  endfacet
  facet normal -1 0 0
    outer loop
      vertex -82.5 -19.530000001192093 -80
      vertex -82.5 -15.3125 80
      vertex -82.5 -15.3125 -80
    endloop
  endfacet
  facet normal -1 0 0
    outer loop
      vertex -82.5 -19.530000001192093 -80
      vertex -82.5 -19.530000001192093 80
      vertex -82.5 -15.3125 80
    endloop
  endfacet
  facet normal -0.1950903175156592 -0.9807852812984293 0
    outer loop
      vertex -82.35458029806614 -19.55892577767372 -80
      vertex -82.5 -19.530000001192093 80
      vertex -82.5 -19.530000001192093 -80
    endloop
  endfacet
  facet normal -0.1950903175156592 -0.9807852812984293 0
    outer loop
      vertex -82.35458029806614 -19.55892577767372 -80
      vertex -82.35458029806614 -19.55892577767372 80
      vertex -82.5 -19.530000001192093 80
    endloop
  endfacet
  facet normal -0.5555702399475028 -0.8314696076734701 0
    outer loop
      vertex -82.23129942268133 -19.641299426555634 -80
      vertex -82.35458029806614 -19.55892577767372 80
      vertex -82.35458029806614 -19.55892577767372 -80
    endloop
  endfacet
  facet normal -0.5555702399475028 -0.8314696076734701 0
    outer loop
      vertex -82.23129942268133 -19.641299426555634 -80
      vertex -82.23129942268133 -19.641299426555634 80
      vertex -82.35458029806614 -19.55892577767372 80
    endloop
  endfacet
  facet normal -0.8314696153759485 -0.5555702284199292 0
    outer loop
      vertex -82.14892578125 -19.76458029448986 -80
      vertex -82.23129942268133 -19.641299426555634 80
      vertex -82.23129942268133 -19.641299426555634 -80
    endloop
  endfacet
  facet normal -0.8314696153759485 -0.5555702284199292 0
    outer loop
      vertex -82.14892578125 -19.76458029448986 -80
      vertex -82.14892578125 -19.76458029448986 80
      vertex -82.23129942268133 -19.641299426555634 80
    endloop
  endfacet
  facet normal -0.9807852716834023 -0.1950903658536595 0
    outer loop
      vertex -82.11999999731779 -19.90999999642372 -80
      vertex -82.14892578125 -19.76458029448986 80
      vertex -82.14892578125 -19.76458029448986 -80
    endloop
  endfacet
  facet normal -0.9807852716834023 -0.1950903658536595 0
    outer loop
      vertex -82.11999999731779 -19.90999999642372 -80
      vertex -82.11999999731779 -19.90999999642372 80
      vertex -82.14892578125 -19.76458029448986 80
    endloop
  endfacet
  facet normal -0.9807852735959508 0.1950903562386318 0
    outer loop
      vertex -82.14892578125 -20.055419705808163 -80
      vertex -82.11999999731779 -19.90999999642372 80
      vertex -82.11999999731779 -19.90999999642372 -80
    endloop
  endfacet
  facet normal -0.9807852735959508 0.1950903562386318 0
    outer loop
      vertex -82.14892578125 -20.055419705808163 -80
      vertex -82.14892578125 -20.055419705808163 80
      vertex -82.11999999731779 -19.90999999642372 80
    endloop
  endfacet
  facet normal -0.8314696153759485 0.5555702284199292 0
    outer loop
      vertex -82.23129942268133 -20.17870057374239 -80
      vertex -82.14892578125 -20.055419705808163 80
      vertex -82.14892578125 -20.055419705808163 -80
    endloop
  endfacet
  facet normal -0.8314696153759485 0.5555702284199292 0
    outer loop
      vertex -82.23129942268133 -20.17870057374239 -80
      vertex -82.23129942268133 -20.17870057374239 80
      vertex -82.14892578125 -20.055419705808163 80
    endloop
  endfacet
  facet normal -0.5555702399475028 0.8314696076734701 0
    outer loop
      vertex -82.35458029806614 -20.261074222624302 -80
      vertex -82.23129942268133 -20.17870057374239 80
      vertex -82.23129942268133 -20.17870057374239 -80
    endloop
  endfacet
  facet normal -0.5555702399475028 0.8314696076734701 0
    outer loop
      vertex -82.35458029806614 -20.261074222624302 -80
      vertex -82.35458029806614 -20.261074222624302 80
      vertex -82.23129942268133 -20.17870057374239 80
    endloop
  endfacet
  facet normal -0.1950903175156592 0.9807852812984293 0
    outer loop
      vertex -82.5 -20.28999999910593 -80
      vertex -82.35458029806614 -20.261074222624302 80
      vertex -82.35458029806614 -20.261074222624302 -80
    endloop
  endfacet
  facet normal -0.1950903175156592 0.9807852812984293 0
    outer loop
      vertex -82.5 -20.28999999910593 -80
      vertex -82.5 -20.28999999910593 80
      vertex -82.35458029806614 -20.261074222624302 80
    endloop
  endfacet
  facet normal -1 0 0
    outer loop
      vertex -82.5 -21.75 -80
      vertex -82.5 -20.28999999910593 80
      vertex -82.5 -20.28999999910593 -80
    endloop
  endfacet
  facet normal -1 0 0
    outer loop
      vertex -82.5 -21.75 -80
      vertex -82.5 -21.75 80
      vertex -82.5 -20.28999999910593 80
    endloop
  endfacet
  facet normal -0.9987954563973426 -0.0490676704157047 0
    outer loop
      vertex -82.48073890805244 -22.142068564891815 -80
      vertex -82.5 -21.75 80
      vertex -82.5 -21.75 -80
    endloop
  endfacet
  facet normal -0.9987954563973426 -0.0490676704157047 0
    outer loop
      vertex -82.48073890805244 -22.142068564891815 -80
      vertex -82.48073890805244 -22.142068564891815 80
      vertex -82.5 -21.75 80
    endloop
  endfacet
  facet normal -0.9891765093153608 -0.14673047883339677 0
    outer loop
      vertex -82.42314112186432 -22.53036128729582 -80
      vertex -82.48073890805244 -22.142068564891815 80
      vertex -82.48073890805244 -22.142068564891815 -80
    endloop
  endfacet
  facet normal -0.9891765093153608 -0.14673047883339677 0
    outer loop
      vertex -82.42314112186432 -22.53036128729582 -80
      vertex -82.42314112186432 -22.53036128729582 80
      vertex -82.48073890805244 -22.142068564891815 80
    endloop
  endfacet
  facet normal -0.970031253702096 -0.24298017787700282 0
    outer loop
      vertex -82.32776134461164 -22.911138705909252 -80
      vertex -82.42314112186432 -22.53036128729582 80
      vertex -82.42314112186432 -22.53036128729582 -80
    endloop
  endfacet
  facet normal -0.970031253702096 -0.24298017787700282 0
    outer loop
      vertex -82.32776134461164 -22.911138705909252 -80
      vertex -82.32776134461164 -22.911138705909252 80
      vertex -82.42314112186432 -22.53036128729582 80
    endloop
  endfacet
  facet normal -0.9415440627982695 -0.3368898600571533 0
    outer loop
      vertex -82.1955181285739 -23.280733726918697 -80
      vertex -82.32776134461164 -22.911138705909252 80
      vertex -82.32776134461164 -22.911138705909252 -80
    endloop
  endfacet
  facet normal -0.9415440627982695 -0.3368898600571533 0
    outer loop
      vertex -82.1955181285739 -23.280733726918697 -80
      vertex -82.1955181285739 -23.280733726918697 80
      vertex -82.32776134461164 -22.911138705909252 80
    endloop
  endfacet
  facet normal -0.9039892993552974 -0.4275550802541337 0
    outer loop
      vertex -82.02768506109715 -23.635586947202682 -80
      vertex -82.1955181285739 -23.280733726918697 80
      vertex -82.1955181285739 -23.280733726918697 -80
    endloop
  endfacet
  facet normal -0.9039892993552974 -0.4275550802541337 0
    outer loop
      vertex -82.02768506109715 -23.635586947202682 -80
      vertex -82.02768506109715 -23.635586947202682 80
      vertex -82.1955181285739 -23.280733726918697 80
    endloop
  endfacet
  facet normal -0.857728607028397 -0.5141027491514958 0
    outer loop
      vertex -81.82587844878435 -23.97228093445301 -80
      vertex -82.02768506109715 -23.635586947202682 80
      vertex -82.02768506109715 -23.635586947202682 -80
    endloop
  endfacet
  facet normal -0.857728607028397 -0.5141027491514958 0
    outer loop
      vertex -81.82587844878435 -23.97228093445301 -80
      vertex -81.82587844878435 -23.97228093445301 80
      vertex -82.02768506109715 -23.635586947202682 80
    endloop
  endfacet
  facet normal -0.8032075288650012 -0.5956993080192207 0
    outer loop
      vertex -81.59204181283712 -24.287573136389256 -80
      vertex -81.82587844878435 -23.97228093445301 80
      vertex -81.82587844878435 -23.97228093445301 -80
    endloop
  endfacet
  facet normal -0.8032075288650012 -0.5956993080192207 0
    outer loop
      vertex -81.59204181283712 -24.287573136389256 -80
      vertex -81.59204181283712 -24.287573136389256 80
      vertex -81.82587844878435 -23.97228093445301 80
    endloop
  endfacet
  facet normal -0.7409511174895533 -0.6715589635251562 0
    outer loop
      vertex -81.3284271210432 -24.578427121043205 -80
      vertex -81.59204181283712 -24.287573136389256 80
      vertex -81.59204181283712 -24.287573136389256 -80
    endloop
  endfacet
  facet normal -0.7409511174895533 -0.6715589635251562 0
    outer loop
      vertex -81.3284271210432 -24.578427121043205 -80
      vertex -81.3284271210432 -24.578427121043205 80
      vertex -81.59204181283712 -24.287573136389256 80
    endloop
  endfacet
  facet normal -0.6715589635251562 -0.7409511174895533 0
    outer loop
      vertex -81.03757313638926 -24.842041812837124 -80
      vertex -81.3284271210432 -24.578427121043205 80
      vertex -81.3284271210432 -24.578427121043205 -80
    endloop
  endfacet
  facet normal -0.6715589635251562 -0.7409511174895533 0
    outer loop
      vertex -81.03757313638926 -24.842041812837124 -80
      vertex -81.03757313638926 -24.842041812837124 80
      vertex -81.3284271210432 -24.578427121043205 80
    endloop
  endfacet
  facet normal -0.5956993080192207 -0.8032075288650012 0
    outer loop
      vertex -80.72228093445301 -25.07587844878435 -80
      vertex -81.03757313638926 -24.842041812837124 80
      vertex -81.03757313638926 -24.842041812837124 -80
    endloop
  endfacet
  facet normal -0.5956993080192207 -0.8032075288650012 0
    outer loop
      vertex -80.72228093445301 -25.07587844878435 -80
      vertex -80.72228093445301 -25.07587844878435 80
      vertex -81.03757313638926 -24.842041812837124 80
    endloop
  endfacet
  facet normal -0.5141027491514958 -0.857728607028397 0
    outer loop
      vertex -80.38558694720268 -25.277685061097145 -80
      vertex -80.72228093445301 -25.07587844878435 80
      vertex -80.72228093445301 -25.07587844878435 -80
    endloop
  endfacet
  facet normal -0.5141027491514958 -0.857728607028397 0
    outer loop
      vertex -80.38558694720268 -25.277685061097145 -80
      vertex -80.38558694720268 -25.277685061097145 80
      vertex -80.72228093445301 -25.07587844878435 80
    endloop
  endfacet
  facet normal -0.4275550802541337 -0.9039892993552974 0
    outer loop
      vertex -80.0307337269187 -25.445518128573895 -80
      vertex -80.38558694720268 -25.277685061097145 80
      vertex -80.38558694720268 -25.277685061097145 -80
    endloop
  endfacet
  facet normal -0.4275550802541337 -0.9039892993552974 0
    outer loop
      vertex -80.0307337269187 -25.445518128573895 -80
      vertex -80.0307337269187 -25.445518128573895 80
      vertex -80.38558694720268 -25.277685061097145 80
    endloop
  endfacet
  facet normal -0.3368898600571533 -0.9415440627982695 0
    outer loop
      vertex -79.66113870590925 -25.577761344611645 -80
      vertex -80.0307337269187 -25.445518128573895 80
      vertex -80.0307337269187 -25.445518128573895 -80
    endloop
  endfacet
  facet normal -0.3368898600571533 -0.9415440627982695 0
    outer loop
      vertex -79.66113870590925 -25.577761344611645 -80
      vertex -79.66113870590925 -25.577761344611645 80
      vertex -80.0307337269187 -25.445518128573895 80
    endloop
  endfacet
  facet normal -0.24298017787700282 -0.970031253702096 0
    outer loop
      vertex -79.28036128729582 -25.67314112186432 -80
      vertex -79.66113870590925 -25.577761344611645 80
      vertex -79.66113870590925 -25.577761344611645 -80
    endloop
  endfacet
  facet normal -0.24298017787700282 -0.970031253702096 0
    outer loop
      vertex -79.28036128729582 -25.67314112186432 -80
      vertex -79.28036128729582 -25.67314112186432 80
      vertex -79.66113870590925 -25.577761344611645 80
    endloop
  endfacet
  facet normal -0.14673047883339677 -0.9891765093153608 0
    outer loop
      vertex -78.89206856489182 -25.730738908052444 -80
      vertex -79.28036128729582 -25.67314112186432 80
      vertex -79.28036128729582 -25.67314112186432 -80
    endloop
  endfacet
  facet normal -0.14673047883339677 -0.9891765093153608 0
    outer loop
      vertex -78.89206856489182 -25.730738908052444 -80
      vertex -78.89206856489182 -25.730738908052444 80
      vertex -79.28036128729582 -25.67314112186432 80
    endloop
  endfacet
  facet normal -0.0490676704157047 -0.9987954563973426 0
    outer loop
      vertex -78.5 -25.75 -80
      vertex -78.89206856489182 -25.730738908052444 80
      vertex -78.89206856489182 -25.730738908052444 -80
    endloop
  endfacet
  facet normal -0.0490676704157047 -0.9987954563973426 0
    outer loop
      vertex -78.5 -25.75 -80
      vertex -78.5 -25.75 80
      vertex -78.89206856489182 -25.730738908052444 80
    endloop
  endfacet
  facet normal 0 -1 0
    outer loop
      vertex -75.10000000149012 -25.75 -80
      vertex -78.5 -25.75 80
      vertex -78.5 -25.75 -80
    endloop
  endfacet
  facet normal 0 -1 0
    outer loop
      vertex -75.10000000149012 -25.75 -80
      vertex -75.10000000149012 -25.75 80
      vertex -78.5 -25.75 80
    endloop
  endfacet
  facet normal 1 0 0
    outer loop
      vertex -75.10000000149012 -22.600000001490116 -80
      vertex -75.10000000149012 -25.75 80
      vertex -75.10000000149012 -25.75 -80
    endloop
  endfacet
  facet normal 1 0 0
    outer loop
      vertex -75.10000000149012 -22.600000001490116 -80
      vertex -75.10000000149012 -22.600000001490116 80
      vertex -75.10000000149012 -25.75 80
    endloop
  endfacet
  facet normal 0 1 0
    outer loop
      vertex -76.974100202322 -22.600000001490116 -80
      vertex -75.10000000149012 -22.600000001490116 80
      vertex -75.10000000149012 -22.600000001490116 -80
    endloop
  endfacet
  facet normal 0 1 0
    outer loop
      vertex -76.974100202322 -22.600000001490116 -80
      vertex -76.974100202322 -22.600000001490116 80
      vertex -75.10000000149012 -22.600000001490116 80
    endloop
  endfacet
  facet normal -0.9238795323525989 0.38268343274819644 0
    outer loop
      vertex -76.98445554077625 -22.625 -80
      vertex -76.974100202322 -22.600000001490116 80
      vertex -76.974100202322 -22.600000001490116 -80
    endloop
  endfacet
  facet normal -0.9238795323525989 0.38268343274819644 0
    outer loop
      vertex -76.98445554077625 -22.625 -80
      vertex -76.98445554077625 -22.625 80
      vertex -76.974100202322 -22.600000001490116 80
    endloop
  endfacet
  facet normal -0.7933533397348494 0.6087614297338169 0
    outer loop
      vertex -77.26256313174963 -22.98743686825037 -80
      vertex -76.98445554077625 -22.625 80
      vertex -76.98445554077625 -22.625 -80
    endloop
  endfacet
  facet normal -0.7933533397348494 0.6087614297338169 0
    outer loop
      vertex -77.26256313174963 -22.98743686825037 -80
      vertex -77.26256313174963 -22.98743686825037 80
      vertex -76.98445554077625 -22.625 80
    endloop
  endfacet
  facet normal -0.6087614297338169 0.7933533397348494 0
    outer loop
      vertex -77.625 -23.265544459223747 -80
      vertex -77.26256313174963 -22.98743686825037 80
      vertex -77.26256313174963 -22.98743686825037 -80
    endloop
  endfacet
  facet normal -0.6087614297338169 0.7933533397348494 0
    outer loop
      vertex -77.625 -23.265544459223747 -80
      vertex -77.625 -23.265544459223747 80
      vertex -77.26256313174963 -22.98743686825037 80
    endloop
  endfacet
  facet normal -0.38268342291908025 0.923879536423952 0
    outer loop
      vertex -78.04706667363644 -23.440370194613934 -80
      vertex -77.625 -23.265544459223747 80
      vertex -77.625 -23.265544459223747 -80
    endloop
  endfacet
  facet normal -0.38268342291908025 0.923879536423952 0
    outer loop
      vertex -78.04706667363644 -23.440370194613934 -80
      vertex -78.04706667363644 -23.440370194613934 80
      vertex -77.625 -23.265544459223747 80
    endloop
  endfacet
  facet normal -0.13052619594183673 0.991444860883828 0
    outer loop
      vertex -78.5 -23.5 -80
      vertex -78.04706667363644 -23.440370194613934 80
      vertex -78.04706667363644 -23.440370194613934 -80
    endloop
  endfacet
  facet normal -0.13052619594183673 0.991444860883828 0
    outer loop
      vertex -78.5 -23.5 -80
      vertex -78.5 -23.5 80
      vertex -78.04706667363644 -23.440370194613934 80
    endloop
  endfacet
  facet normal 0.13052619594183673 0.991444860883828 0
    outer loop
      vertex -78.95293332636356 -23.440370194613934 -80
      vertex -78.5 -23.5 80
      vertex -78.5 -23.5 -80
    endloop
  endfacet
  facet normal 0.13052619594183673 0.991444860883828 0
    outer loop
      vertex -78.95293332636356 -23.440370194613934 -80
      vertex -78.95293332636356 -23.440370194613934 80
      vertex -78.5 -23.5 80
    endloop
  endfacet
  facet normal 0.38268342291908025 0.923879536423952 0
    outer loop
      vertex -79.375 -23.265544459223747 -80
      vertex -78.95293332636356 -23.440370194613934 80
      vertex -78.95293332636356 -23.440370194613934 -80
    endloop
  endfacet
  facet normal 0.38268342291908025 0.923879536423952 0
    outer loop
      vertex -79.375 -23.265544459223747 -80
      vertex -79.375 -23.265544459223747 80
      vertex -78.95293332636356 -23.440370194613934 80
    endloop
  endfacet
  facet normal 0.6087614297338169 0.7933533397348494 0
    outer loop
      vertex -79.73743686825037 -22.98743686825037 -80
      vertex -79.375 -23.265544459223747 80
      vertex -79.375 -23.265544459223747 -80
    endloop
  endfacet
  facet normal 0.6087614297338169 0.7933533397348494 0
    outer loop
      vertex -79.73743686825037 -22.98743686825037 -80
      vertex -79.73743686825037 -22.98743686825037 80
      vertex -79.375 -23.265544459223747 80
    endloop
  endfacet
  facet normal 0.7933533397348494 0.6087614297338169 0
    outer loop
      vertex -80.01554445922375 -22.625 -80
      vertex -79.73743686825037 -22.98743686825037 80
      vertex -79.73743686825037 -22.98743686825037 -80
    endloop
  endfacet
  facet normal 0.7933533397348494 0.6087614297338169 0
    outer loop
      vertex -80.01554445922375 -22.625 -80
      vertex -80.01554445922375 -22.625 80
      vertex -79.73743686825037 -22.98743686825037 80
    endloop
  endfacet
  facet normal 0.923879536423952 0.38268342291908025 0
    outer loop
      vertex -80.19037019461393 -22.202933326363564 -80
      vertex -80.01554445922375 -22.625 80
      vertex -80.01554445922375 -22.625 -80
    endloop
  endfacet
  facet normal 0.923879536423952 0.38268342291908025 0
    outer loop
      vertex -80.19037019461393 -22.202933326363564 -80
      vertex -80.19037019461393 -22.202933326363564 80
      vertex -80.01554445922375 -22.625 80
    endloop
  endfacet
  facet normal 0.991444860883828 0.13052619594183673 0
    outer loop
      vertex -80.25 -21.75 -80
      vertex -80.19037019461393 -22.202933326363564 80
      vertex -80.19037019461393 -22.202933326363564 -80
    endloop
  endfacet
  facet normal 0.991444860883828 0.13052619594183673 0
    outer loop
      vertex -80.25 -21.75 -80
      vertex -80.25 -21.75 80
      vertex -80.19037019461393 -22.202933326363564 80
    endloop
  endfacet
  facet normal 0.991444860883828 -0.13052619594183673 0
    outer loop
      vertex -80.19037019461393 -21.297066673636436 -80
      vertex -80.25 -21.75 80
      vertex -80.25 -21.75 -80
    endloop
  endfacet
  facet normal 0.991444860883828 -0.13052619594183673 0
    outer loop
      vertex -80.19037019461393 -21.297066673636436 -80
      vertex -80.19037019461393 -21.297066673636436 80
      vertex -80.25 -21.75 80
    endloop
  endfacet
  facet normal 0.923879536423952 -0.38268342291908025 0
    outer loop
      vertex -80.01554445922375 -20.875 -80
      vertex -80.19037019461393 -21.297066673636436 80
      vertex -80.19037019461393 -21.297066673636436 -80
    endloop
  endfacet
  facet normal 0.923879536423952 -0.38268342291908025 0
    outer loop
      vertex -80.01554445922375 -20.875 -80
      vertex -80.01554445922375 -20.875 80
      vertex -80.19037019461393 -21.297066673636436 80
    endloop
  endfacet
  facet normal 0.7933533397348494 -0.6087614297338169 0
    outer loop
      vertex -79.73743686825037 -20.51256313174963 -80
      vertex -80.01554445922375 -20.875 80
      vertex -80.01554445922375 -20.875 -80
    endloop
  endfacet
  facet normal 0.7933533397348494 -0.6087614297338169 0
    outer loop
      vertex -79.73743686825037 -20.51256313174963 -80
      vertex -79.73743686825037 -20.51256313174963 80
      vertex -80.01554445922375 -20.875 80
    endloop
  endfacet
  facet normal 0.6087614297338169 -0.7933533397348494 0
    outer loop
      vertex -79.375 -20.234455540776253 -80
      vertex -79.73743686825037 -20.51256313174963 80
      vertex -79.73743686825037 -20.51256313174963 -80
    endloop
  endfacet
  facet normal 0.6087614297338169 -0.7933533397348494 0
    outer loop
      vertex -79.375 -20.234455540776253 -80
      vertex -79.375 -20.234455540776253 80
      vertex -79.73743686825037 -20.51256313174963 80
    endloop
  endfacet
  facet normal 0.38268342291908025 -0.923879536423952 0
    outer loop
      vertex -78.95293332636356 -20.059629805386066 -80
      vertex -79.375 -20.234455540776253 80
      vertex -79.375 -20.234455540776253 -80
    endloop
  endfacet
  facet normal 0.38268342291908025 -0.923879536423952 0
    outer loop
      vertex -78.95293332636356 -20.059629805386066 -80
      vertex -78.95293332636356 -20.059629805386066 80
      vertex -79.375 -20.234455540776253 80
    endloop
  endfacet
  facet normal 0.13052619594183673 -0.991444860883828 0
    outer loop
      vertex -78.5 -20 -80
      vertex -78.95293332636356 -20.059629805386066 80
      vertex -78.95293332636356 -20.059629805386066 -80
    endloop
  endfacet
  facet normal 0.13052619594183673 -0.991444860883828 0
    outer loop
      vertex -78.5 -20 -80
      vertex -78.5 -20 80
      vertex -78.95293332636356 -20.059629805386066 80
    endloop
  endfacet
  facet normal -0.13052619594183673 -0.991444860883828 0
    outer loop
      vertex -78.04706667363644 -20.059629805386066 -80
      vertex -78.5 -20 80
      vertex -78.5 -20 -80
    endloop
  endfacet
  facet normal -0.13052619594183673 -0.991444860883828 0
    outer loop
      vertex -78.04706667363644 -20.059629805386066 -80
      vertex -78.04706667363644 -20.059629805386066 80
      vertex -78.5 -20 80
    endloop
  endfacet
  facet normal -0.38268342291908025 -0.923879536423952 0
    outer loop
      vertex -77.625 -20.234455540776253 -80
      vertex -78.04706667363644 -20.059629805386066 80
      vertex -78.04706667363644 -20.059629805386066 -80
    endloop
  endfacet
  facet normal -0.38268342291908025 -0.923879536423952 0
    outer loop
      vertex -77.625 -20.234455540776253 -80
      vertex -77.625 -20.234455540776253 80
      vertex -78.04706667363644 -20.059629805386066 80
    endloop
  endfacet
  facet normal -0.6087614297338169 -0.7933533397348494 0
    outer loop
      vertex -77.26256313174963 -20.51256313174963 -80
      vertex -77.625 -20.234455540776253 80
      vertex -77.625 -20.234455540776253 -80
    endloop
  endfacet
  facet normal -0.6087614297338169 -0.7933533397348494 0
    outer loop
      vertex -77.26256313174963 -20.51256313174963 -80
      vertex -77.26256313174963 -20.51256313174963 80
      vertex -77.625 -20.234455540776253 80
    endloop
  endfacet
  facet normal -0.7933533397348494 -0.6087614297338169 0
    outer loop
      vertex -76.98445554077625 -20.875 -80
      vertex -77.26256313174963 -20.51256313174963 80
      vertex -77.26256313174963 -20.51256313174963 -80
    endloop
  endfacet
  facet normal -0.7933533397348494 -0.6087614297338169 0
    outer loop
      vertex -76.98445554077625 -20.875 -80
      vertex -76.98445554077625 -20.875 80
      vertex -77.26256313174963 -20.51256313174963 80
    endloop
  endfacet
  facet normal -0.9238795323525989 -0.38268343274819644 0
    outer loop
      vertex -76.974100202322 -20.899999998509884 -80
      vertex -76.98445554077625 -20.875 80
      vertex -76.98445554077625 -20.875 -80
    endloop
  endfacet
  facet normal -0.9238795323525989 -0.38268343274819644 0
    outer loop
      vertex -76.974100202322 -20.899999998509884 -80
      vertex -76.974100202322 -20.899999998509884 80
      vertex -76.98445554077625 -20.875 80
    endloop
  endfacet
  facet normal 0 -1 0
    outer loop
      vertex -75.10000000149012 -20.899999998509884 -80
      vertex -76.974100202322 -20.899999998509884 80
      vertex -76.974100202322 -20.899999998509884 -80
    endloop
  endfacet
  facet normal 0 -1 0
    outer loop
      vertex -75.10000000149012 -20.899999998509884 -80
      vertex -75.10000000149012 -20.899999998509884 80
      vertex -76.974100202322 -20.899999998509884 80
    endloop
  endfacet
  facet normal 1 0 0
    outer loop
      vertex -75.10000000149012 -18.350000001490116 -80
      vertex -75.10000000149012 -20.899999998509884 80
      vertex -75.10000000149012 -20.899999998509884 -80
    endloop
  endfacet
  facet normal 1 0 0
    outer loop
      vertex -75.10000000149012 -18.350000001490116 -80
      vertex -75.10000000149012 -18.350000001490116 80
      vertex -75.10000000149012 -20.899999998509884 80
    endloop
  endfacet
  facet normal 0 1 0
    outer loop
      vertex -78.5 -18.350000001490116 -80
      vertex -75.10000000149012 -18.350000001490116 80
      vertex -75.10000000149012 -18.350000001490116 -80
    endloop
  endfacet
  facet normal 0 1 0
    outer loop
      vertex -78.5 -18.350000001490116 -80
      vertex -78.5 -18.350000001490116 80
      vertex -75.10000000149012 -18.350000001490116 80
    endloop
  endfacet
  facet normal 1 0 0
    outer loop
      vertex -78.5 -18.179999999701977 -80
      vertex -78.5 -18.350000001490116 80
      vertex -78.5 -18.350000001490116 -80
    endloop
  endfacet
  facet normal 1 0 0
    outer loop
      vertex -78.5 -18.179999999701977 -80
      vertex -78.5 -18.179999999701977 80
      vertex -78.5 -18.350000001490116 80
    endloop
  endfacet
  facet normal 0 1 0
    outer loop
      vertex -81.00500000268221 -18.179999999701977 -80
      vertex -78.5 -18.179999999701977 80
      vertex -78.5 -18.179999999701977 -80
    endloop
  endfacet
  facet normal 0 1 0
    outer loop
      vertex -81.00500000268221 -18.179999999701977 -80
      vertex -81.00500000268221 -18.179999999701977 80
      vertex -78.5 -18.179999999701977 80
    endloop
  endfacet
  facet normal 1 0 0
    outer loop
      vertex -81.00500000268221 -16.679999999701977 -80
      vertex -81.00500000268221 -18.179999999701977 80
      vertex -81.00500000268221 -18.179999999701977 -80
    endloop
  endfacet
  facet normal 1 0 0
    outer loop
      vertex -81.00500000268221 -16.679999999701977 -80
      vertex -81.00500000268221 -16.679999999701977 80
      vertex -81.00500000268221 -18.179999999701977 80
    endloop
  endfacet
  facet normal 0 -1 0
    outer loop
      vertex -78.5 -16.679999999701977 -80
      vertex -81.00500000268221 -16.679999999701977 80
      vertex -81.00500000268221 -16.679999999701977 -80
    endloop
  endfacet
  facet normal 0 -1 0
    outer loop
      vertex -78.5 -16.679999999701977 -80
      vertex -78.5 -16.679999999701977 80
      vertex -81.00500000268221 -16.679999999701977 80
    endloop
  endfacet
  facet normal 1 0 0
    outer loop
      vertex -78.5 -14.679999999701977 -80
      vertex -78.5 -16.679999999701977 80
      vertex -78.5 -16.679999999701977 -80
    endloop
  endfacet
  facet normal 1 0 0
    outer loop
      vertex -78.5 -14.679999999701977 -80
      vertex -78.5 -14.679999999701977 80
      vertex -78.5 -16.679999999701977 80
    endloop
  endfacet
  facet normal 0 1 0
    outer loop
      vertex -81.00500000268221 -14.679999999701977 -80
      vertex -78.5 -14.679999999701977 80
      vertex -78.5 -14.679999999701977 -80
    endloop
  endfacet
  facet normal 0 1 0
    outer loop
      vertex -81.00500000268221 -14.679999999701977 -80
      vertex -81.00500000268221 -14.679999999701977 80
      vertex -78.5 -14.679999999701977 80
    endloop
  endfacet
  facet normal 1 0 0
    outer loop
      vertex -81.00500000268221 -13.179999999701977 -80
      vertex -81.00500000268221 -14.679999999701977 80
      vertex -81.00500000268221 -14.679999999701977 -80
    endloop
  endfacet
  facet normal 1 0 0
    outer loop
      vertex -81.00500000268221 -13.179999999701977 -80
      vertex -81.00500000268221 -13.179999999701977 80
      vertex -81.00500000268221 -14.679999999701977 80
    endloop
  endfacet
  facet normal 0 -1 0
    outer loop
      vertex -78.5 -13.179999999701977 -80
      vertex -81.00500000268221 -13.179999999701977 80
      vertex -81.00500000268221 -13.179999999701977 -80
    endloop
  endfacet
  facet normal 0 -1 0
    outer loop
      vertex -78.5 -13.179999999701977 -80
      vertex -78.5 -13.179999999701977 80
      vertex -81.00500000268221 -13.179999999701977 80
    endloop
  endfacet
  facet normal 1 0 0
    outer loop
      vertex -78.5 -11.179999999701977 -80
      vertex -78.5 -13.179999999701977 80
      vertex -78.5 -13.179999999701977 -80
    endloop
  endfacet
  facet normal 1 0 0
    outer loop
      vertex -78.5 -11.179999999701977 -80
      vertex -78.5 -11.179999999701977 80
      vertex -78.5 -13.179999999701977 80
    endloop
  endfacet
  facet normal 0 1 0
    outer loop
      vertex -81.00500000268221 -11.179999999701977 -80
      vertex -78.5 -11.179999999701977 80
      vertex -78.5 -11.179999999701977 -80
    endloop
  endfacet
  facet normal 0 1 0
    outer loop
      vertex -81.00500000268221 -11.179999999701977 -80
      vertex -81.00500000268221 -11.179999999701977 80
      vertex -78.5 -11.179999999701977 80
    endloop
  endfacet
  facet normal 1 0 0
    outer loop
      vertex -81.00500000268221 -9.679999999701977 -80
      vertex -81.00500000268221 -11.179999999701977 80
      vertex -81.00500000268221 -11.179999999701977 -80
    endloop
  endfacet
  facet normal 1 0 0
    outer loop
      vertex -81.00500000268221 -9.679999999701977 -80
      vertex -81.00500000268221 -9.679999999701977 80
      vertex -81.00500000268221 -11.179999999701977 80
    endloop
  endfacet
  facet normal 0 -1 0
    outer loop
      vertex -78.5 -9.679999999701977 -80
      vertex -81.00500000268221 -9.679999999701977 80
      vertex -81.00500000268221 -9.679999999701977 -80
    endloop
  endfacet
  facet normal 0 -1 0
    outer loop
      vertex -78.5 -9.679999999701977 -80
      vertex -78.5 -9.679999999701977 80
      vertex -81.00500000268221 -9.679999999701977 80
    endloop
  endfacet
  facet normal 1 0 0
    outer loop
      vertex -78.5 -7.679999999701977 -80
      vertex -78.5 -9.679999999701977 80
      vertex -78.5 -9.679999999701977 -80
    endloop
  endfacet
  facet normal 1 0 0
    outer loop
      vertex -78.5 -7.679999999701977 -80
      vertex -78.5 -7.679999999701977 80
      vertex -78.5 -9.679999999701977 80
    endloop
  endfacet
  facet normal 0 1 0
    outer loop
      vertex -81.00500000268221 -7.679999999701977 -80
      vertex -78.5 -7.679999999701977 80
      vertex -78.5 -7.679999999701977 -80
    endloop
  endfacet
  facet normal 0 1 0
    outer loop
      vertex -81.00500000268221 -7.679999999701977 -80
      vertex -81.00500000268221 -7.679999999701977 80
      vertex -78.5 -7.679999999701977 80
    endloop
  endfacet
  facet normal 1 0 0
    outer loop
      vertex -81.00500000268221 -6.179999999701977 -80
      vertex -81.00500000268221 -7.679999999701977 80
      vertex -81.00500000268221 -7.679999999701977 -80
    endloop
  endfacet
  facet normal 1 0 0
    outer loop
      vertex -81.00500000268221 -6.179999999701977 -80
      vertex -81.00500000268221 -6.179999999701977 80
      vertex -81.00500000268221 -7.679999999701977 80
    endloop
  endfacet
  facet normal 0 -1 0
    outer loop
      vertex -78.5 -6.179999999701977 -80
      vertex -81.00500000268221 -6.179999999701977 80
      vertex -81.00500000268221 -6.179999999701977 -80
    endloop
  endfacet
  facet normal 0 -1 0
    outer loop
      vertex -78.5 -6.179999999701977 -80
      vertex -78.5 -6.179999999701977 80
      vertex -81.00500000268221 -6.179999999701977 80
    endloop
  endfacet
  facet normal 1 0 0
    outer loop
      vertex -78.5 -4.179999999701977 -80
      vertex -78.5 -6.179999999701977 80
      vertex -78.5 -6.179999999701977 -80
    endloop
  endfacet
  facet normal 1 0 0
    outer loop
      vertex -78.5 -4.179999999701977 -80
      vertex -78.5 -4.179999999701977 80
      vertex -78.5 -6.179999999701977 80
    endloop
  endfacet
  facet normal 0 1 0
    outer loop
      vertex -81.00500000268221 -4.179999999701977 -80
      vertex -78.5 -4.179999999701977 80
      vertex -78.5 -4.179999999701977 -80
    endloop
  endfacet
  facet normal 0 1 0
    outer loop
      vertex -81.00500000268221 -4.179999999701977 -80
      vertex -81.00500000268221 -4.179999999701977 80
      vertex -78.5 -4.179999999701977 80
    endloop
  endfacet
  facet normal 1 0 0
    outer loop
      vertex -81.00500000268221 -2.6799999997019768 -80
      vertex -81.00500000268221 -4.179999999701977 80
      vertex -81.00500000268221 -4.179999999701977 -80
    endloop
  endfacet
  facet normal 1 0 0
    outer loop
      vertex -81.00500000268221 -2.6799999997019768 -80
      vertex -81.00500000268221 -2.6799999997019768 80
      vertex -81.00500000268221 -4.179999999701977 80
    endloop
  endfacet
  facet normal 0 -1 0
    outer loop
      vertex -78.5 -2.6799999997019768 -80
      vertex -81.00500000268221 -2.6799999997019768 80
      vertex -81.00500000268221 -2.6799999997019768 -80
    endloop
  endfacet
  facet normal 0 -1 0
    outer loop
      vertex -78.5 -2.6799999997019768 -80
      vertex -78.5 -2.6799999997019768 80
      vertex -81.00500000268221 -2.6799999997019768 80
    endloop
  endfacet
  facet normal 1 0 0
    outer loop
      vertex -78.5 -0.6799999997019768 -80
      vertex -78.5 -2.6799999997019768 80
      vertex -78.5 -2.6799999997019768 -80
    endloop
  endfacet
  facet normal 1 0 0
    outer loop
      vertex -78.5 -0.6799999997019768 -80
      vertex -78.5 -0.6799999997019768 80
      vertex -78.5 -2.6799999997019768 80
    endloop
  endfacet
  facet normal 0 1 0
    outer loop
      vertex -81.00500000268221 -0.6799999997019768 -80
      vertex -78.5 -0.6799999997019768 80
      vertex -78.5 -0.6799999997019768 -80
    endloop
  endfacet
  facet normal 0 1 0
    outer loop
      vertex -81.00500000268221 -0.6799999997019768 -80
      vertex -81.00500000268221 -0.6799999997019768 80
      vertex -78.5 -0.6799999997019768 80
    endloop
  endfacet
  facet normal 1 0 0
    outer loop
      vertex -81.00500000268221 0.8200000002980232 -80
      vertex -81.00500000268221 -0.6799999997019768 80
      vertex -81.00500000268221 -0.6799999997019768 -80
    endloop
  endfacet
  facet normal 1 0 0
    outer loop
      vertex -81.00500000268221 0.8200000002980232 -80
      vertex -81.00500000268221 0.8200000002980232 80
      vertex -81.00500000268221 -0.6799999997019768 80
    endloop
  endfacet
  facet normal 0 -1 0
    outer loop
      vertex -78.5 0.8200000002980232 -80
      vertex -81.00500000268221 0.8200000002980232 80
      vertex -81.00500000268221 0.8200000002980232 -80
    endloop
  endfacet
  facet normal 0 -1 0
    outer loop
      vertex -78.5 0.8200000002980232 -80
      vertex -78.5 0.8200000002980232 80
      vertex -81.00500000268221 0.8200000002980232 80
    endloop
  endfacet
  facet normal 1 0 0
    outer loop
      vertex -78.5 2.8200000002980232 -80
      vertex -78.5 0.8200000002980232 80
      vertex -78.5 0.8200000002980232 -80
    endloop
  endfacet
  facet normal 1 0 0
    outer loop
      vertex -78.5 2.8200000002980232 -80
      vertex -78.5 2.8200000002980232 80
      vertex -78.5 0.8200000002980232 80
    endloop
  endfacet
  facet normal 0 1 0
    outer loop
      vertex -81.00500000268221 2.8200000002980232 -80
      vertex -78.5 2.8200000002980232 80
      vertex -78.5 2.8200000002980232 -80
    endloop
  endfacet
  facet normal 0 1 0
    outer loop
      vertex -81.00500000268221 2.8200000002980232 -80
      vertex -81.00500000268221 2.8200000002980232 80
      vertex -78.5 2.8200000002980232 80
    endloop
  endfacet
  facet normal 1 0 0
    outer loop
      vertex -81.00500000268221 4.320000000298023 -80
      vertex -81.00500000268221 2.8200000002980232 80
      vertex -81.00500000268221 2.8200000002980232 -80
    endloop
  endfacet
  facet normal 1 0 0
    outer loop
      vertex -81.00500000268221 4.320000000298023 -80
      vertex -81.00500000268221 4.320000000298023 80
      vertex -81.00500000268221 2.8200000002980232 80
    endloop
  endfacet
  facet normal 0 -1 0
    outer loop
      vertex -78.5 4.320000000298023 -80
      vertex -81.00500000268221 4.320000000298023 80
      vertex -81.00500000268221 4.320000000298023 -80
    endloop
  endfacet
  facet normal 0 -1 0
    outer loop
      vertex -78.5 4.320000000298023 -80
      vertex -78.5 4.320000000298023 80
      vertex -81.00500000268221 4.320000000298023 80
    endloop
  endfacet
  facet normal 1 0 0
    outer loop
      vertex -78.5 6.320000000298023 -80
      vertex -78.5 4.320000000298023 80
      vertex -78.5 4.320000000298023 -80
    endloop
  endfacet
  facet normal 1 0 0
    outer loop
      vertex -78.5 6.320000000298023 -80
      vertex -78.5 6.320000000298023 80
      vertex -78.5 4.320000000298023 80
    endloop
  endfacet
  facet normal 0 1 0
    outer loop
      vertex -81.00500000268221 6.320000000298023 -80
      vertex -78.5 6.320000000298023 80
      vertex -78.5 6.320000000298023 -80
    endloop
  endfacet
  facet normal 0 1 0
    outer loop
      vertex -81.00500000268221 6.320000000298023 -80
      vertex -81.00500000268221 6.320000000298023 80
      vertex -78.5 6.320000000298023 80
    endloop
  endfacet
  facet normal 1 0 0
    outer loop
      vertex -81.00500000268221 7.820000000298023 -80
      vertex -81.00500000268221 6.320000000298023 80
      vertex -81.00500000268221 6.320000000298023 -80
    endloop
  endfacet
  facet normal 1 0 0
    outer loop
      vertex -81.00500000268221 7.820000000298023 -80
      vertex -81.00500000268221 7.820000000298023 80
      vertex -81.00500000268221 6.320000000298023 80
    endloop
  endfacet
  facet normal 0 -1 0
    outer loop
      vertex -78.5 7.820000000298023 -80
      vertex -81.00500000268221 7.820000000298023 80
      vertex -81.00500000268221 7.820000000298023 -80
    endloop
  endfacet
  facet normal 0 -1 0
    outer loop
      vertex -78.5 7.820000000298023 -80
      vertex -78.5 7.820000000298023 80
      vertex -81.00500000268221 7.820000000298023 80
    endloop
  endfacet
  facet normal 1 0 0
    outer loop
      vertex -78.5 9.820000000298023 -80
      vertex -78.5 7.820000000298023 80
      vertex -78.5 7.820000000298023 -80
    endloop
  endfacet
  facet normal 1 0 0
    outer loop
      vertex -78.5 9.820000000298023 -80
      vertex -78.5 9.820000000298023 80
      vertex -78.5 7.820000000298023 80
    endloop
  endfacet
  facet normal 0 1 0
    outer loop
      vertex -81.00500000268221 9.820000000298023 -80
      vertex -78.5 9.820000000298023 80
      vertex -78.5 9.820000000298023 -80
    endloop
  endfacet
  facet normal 0 1 0
    outer loop
      vertex -81.00500000268221 9.820000000298023 -80
      vertex -81.00500000268221 9.820000000298023 80
      vertex -78.5 9.820000000298023 80
    endloop
  endfacet
  facet normal 1 0 0
    outer loop
      vertex -81.00500000268221 11.320000000298023 -80
      vertex -81.00500000268221 9.820000000298023 80
      vertex -81.00500000268221 9.820000000298023 -80
    endloop
  endfacet
  facet normal 1 0 0
    outer loop
      vertex -81.00500000268221 11.320000000298023 -80
      vertex -81.00500000268221 11.320000000298023 80
      vertex -81.00500000268221 9.820000000298023 80
    endloop
  endfacet
  facet normal 0 -1 0
    outer loop
      vertex -78.5 11.320000000298023 -80
      vertex -81.00500000268221 11.320000000298023 80
      vertex -81.00500000268221 11.320000000298023 -80
    endloop
  endfacet
  facet normal 0 -1 0
    outer loop
      vertex -78.5 11.320000000298023 -80
      vertex -78.5 11.320000000298023 80
      vertex -81.00500000268221 11.320000000298023 80
    endloop
  endfacet
  facet normal 1 0 0
    outer loop
      vertex -78.5 13.320000000298023 -80
      vertex -78.5 11.320000000298023 80
      vertex -78.5 11.320000000298023 -80
    endloop
  endfacet
  facet normal 1 0 0
    outer loop
      vertex -78.5 13.320000000298023 -80
      vertex -78.5 13.320000000298023 80
      vertex -78.5 11.320000000298023 80
    endloop
  endfacet
  facet normal 0 1 0
    outer loop
      vertex -81.00500000268221 13.320000000298023 -80
      vertex -78.5 13.320000000298023 80
      vertex -78.5 13.320000000298023 -80
    endloop
  endfacet
  facet normal 0 1 0
    outer loop
      vertex -81.00500000268221 13.320000000298023 -80
      vertex -81.00500000268221 13.320000000298023 80
      vertex -78.5 13.320000000298023 80
    endloop
  endfacet
  facet normal 1 0 0
    outer loop
      vertex -81.00500000268221 14.820000000298023 -80
      vertex -81.00500000268221 13.320000000298023 80
      vertex -81.00500000268221 13.320000000298023 -80
    endloop
  endfacet
  facet normal 1 0 0
    outer loop
      vertex -81.00500000268221 14.820000000298023 -80
      vertex -81.00500000268221 14.820000000298023 80
      vertex -81.00500000268221 13.320000000298023 80
    endloop
  endfacet
  facet normal 0 -1 0
    outer loop
      vertex -78.5 14.820000000298023 -80
      vertex -81.00500000268221 14.820000000298023 80
      vertex -81.00500000268221 14.820000000298023 -80
    endloop
  endfacet
  facet normal 0 -1 0
    outer loop
      vertex -78.5 14.820000000298023 -80
      vertex -78.5 14.820000000298023 80
      vertex -81.00500000268221 14.820000000298023 80
    endloop
  endfacet
  facet normal 1 0 0
    outer loop
      vertex -78.5 16.820000000298023 -80
      vertex -78.5 14.820000000298023 80
      vertex -78.5 14.820000000298023 -80
    endloop
  endfacet
  facet normal 1 0 0
    outer loop
      vertex -78.5 16.820000000298023 -80
      vertex -78.5 16.820000000298023 80
      vertex -78.5 14.820000000298023 80
    endloop
  endfacet
  facet normal 0 1 0
    outer loop
      vertex -81.00500000268221 16.820000000298023 -80
      vertex -78.5 16.820000000298023 80
      vertex -78.5 16.820000000298023 -80
    endloop
  endfacet
  facet normal 0 1 0
    outer loop
      vertex -81.00500000268221 16.820000000298023 -80
      vertex -81.00500000268221 16.820000000298023 80
      vertex -78.5 16.820000000298023 80
    endloop
  endfacet
  facet normal 1 0 0
    outer loop
      vertex -81.00500000268221 18.320000000298023 -80
      vertex -81.00500000268221 16.820000000298023 80
      vertex -81.00500000268221 16.820000000298023 -80
    endloop
  endfacet
  facet normal 1 0 0
    outer loop
      vertex -81.00500000268221 18.320000000298023 -80
      vertex -81.00500000268221 18.320000000298023 80
      vertex -81.00500000268221 16.820000000298023 80
    endloop
  endfacet
  facet normal 0 -1 0
    outer loop
      vertex -78.5 18.320000000298023 -80
      vertex -81.00500000268221 18.320000000298023 80
      vertex -81.00500000268221 18.320000000298023 -80
    endloop
  endfacet
  facet normal 0 -1 0
    outer loop
      vertex -78.5 18.320000000298023 -80
      vertex -78.5 18.320000000298023 80
      vertex -81.00500000268221 18.320000000298023 80
    endloop
  endfacet
  facet normal 1 0 0
    outer loop
      vertex -78.5 18.350000001490116 -80
      vertex -78.5 18.320000000298023 80
      vertex -78.5 18.320000000298023 -80
    endloop
  endfacet
  facet normal 1 0 0
    outer loop
      vertex -78.5 18.350000001490116 -80
      vertex -78.5 18.350000001490116 80
      vertex -78.5 18.320000000298023 80
    endloop
  endfacet
  facet normal 0 -1 0
    outer loop
      vertex -77.57487373799086 18.350000001490116 -80
      vertex -78.5 18.350000001490116 80
      vertex -78.5 18.350000001490116 -80
    endloop
  endfacet
  facet normal 0 -1 0
    outer loop
      vertex -77.57487373799086 18.350000001490116 -80
      vertex -77.57487373799086 18.350000001490116 80
      vertex -78.5 18.350000001490116 80
    endloop
  endfacet
  facet normal 0.7071067811865476 0.7071067811865476 0
    outer loop
      vertex -79.73743686825037 20.51256313174963 -80
      vertex -77.57487373799086 18.350000001490116 80
      vertex -77.57487373799086 18.350000001490116 -80
    endloop
  endfacet
  facet normal 0.7071067811865476 0.7071067811865476 0
    outer loop
      vertex -79.73743686825037 20.51256313174963 -80
      vertex -79.73743686825037 20.51256313174963 80
      vertex -77.57487373799086 18.350000001490116 80
    endloop
  endfacet
  facet normal 0.7933533397348494 0.6087614297338169 0
    outer loop
      vertex -80.01554445922375 20.875 -80
      vertex -79.73743686825037 20.51256313174963 80
      vertex -79.73743686825037 20.51256313174963 -80
    endloop
  endfacet
  facet normal 0.7933533397348494 0.6087614297338169 0
    outer loop
      vertex -80.01554445922375 20.875 -80
      vertex -80.01554445922375 20.875 80
      vertex -79.73743686825037 20.51256313174963 80
    endloop
  endfacet
  facet normal 0.923879536423952 0.38268342291908025 0
    outer loop
      vertex -80.19037019461393 21.297066673636436 -80
      vertex -80.01554445922375 20.875 80
      vertex -80.01554445922375 20.875 -80
    endloop
  endfacet
  facet normal 0.923879536423952 0.38268342291908025 0
    outer loop
      vertex -80.19037019461393 21.297066673636436 -80
      vertex -80.19037019461393 21.297066673636436 80
      vertex -80.01554445922375 20.875 80
    endloop
  endfacet
  facet normal 0.991444860883828 0.13052619594183673 0
    outer loop
      vertex -80.25 21.75 -80
      vertex -80.19037019461393 21.297066673636436 80
      vertex -80.19037019461393 21.297066673636436 -80
    endloop
  endfacet
  facet normal 0.991444860883828 0.13052619594183673 0
    outer loop
      vertex -80.25 21.75 -80
      vertex -80.25 21.75 80
      vertex -80.19037019461393 21.297066673636436 80
    endloop
  endfacet
  facet normal 0.991444860883828 -0.13052619594183673 0
    outer loop
      vertex -80.19037019461393 22.202933326363564 -80
      vertex -80.25 21.75 80
      vertex -80.25 21.75 -80
    endloop
  endfacet
  facet normal 0.991444860883828 -0.13052619594183673 0
    outer loop
      vertex -80.19037019461393 22.202933326363564 -80
      vertex -80.19037019461393 22.202933326363564 80
      vertex -80.25 21.75 80
    endloop
  endfacet
  facet normal 0.923879536423952 -0.38268342291908025 0
    outer loop
      vertex -80.01554445922375 22.625 -80
      vertex -80.19037019461393 22.202933326363564 80
      vertex -80.19037019461393 22.202933326363564 -80
    endloop
  endfacet
  facet normal 0.923879536423952 -0.38268342291908025 0
    outer loop
      vertex -80.01554445922375 22.625 -80
      vertex -80.01554445922375 22.625 80
      vertex -80.19037019461393 22.202933326363564 80
    endloop
  endfacet
  facet normal 0.7933533397348494 -0.6087614297338169 0
    outer loop
      vertex -79.73743686825037 22.98743686825037 -80
      vertex -80.01554445922375 22.625 80
      vertex -80.01554445922375 22.625 -80
    endloop
  endfacet
  facet normal 0.7933533397348494 -0.6087614297338169 0
    outer loop
      vertex -79.73743686825037 22.98743686825037 -80
      vertex -79.73743686825037 22.98743686825037 80
      vertex -80.01554445922375 22.625 80
    endloop
  endfacet
  facet normal 0.6087614297338169 -0.7933533397348494 0
    outer loop
      vertex -79.375 23.265544459223747 -80
      vertex -79.73743686825037 22.98743686825037 80
      vertex -79.73743686825037 22.98743686825037 -80
    endloop
  endfacet
  facet normal 0.6087614297338169 -0.7933533397348494 0
    outer loop
      vertex -79.375 23.265544459223747 -80
      vertex -79.375 23.265544459223747 80
      vertex -79.73743686825037 22.98743686825037 80
    endloop
  endfacet
  facet normal 0.38268342291908025 -0.923879536423952 0
    outer loop
      vertex -78.95293332636356 23.440370194613934 -80
      vertex -79.375 23.265544459223747 80
      vertex -79.375 23.265544459223747 -80
    endloop
  endfacet
  facet normal 0.38268342291908025 -0.923879536423952 0
    outer loop
      vertex -78.95293332636356 23.440370194613934 -80
      vertex -78.95293332636356 23.440370194613934 80
      vertex -79.375 23.265544459223747 80
    endloop
  endfacet
  facet normal 0.13052619594183673 -0.991444860883828 0
    outer loop
      vertex -78.5 23.5 -80
      vertex -78.95293332636356 23.440370194613934 80
      vertex -78.95293332636356 23.440370194613934 -80
    endloop
  endfacet
  facet normal 0.13052619594183673 -0.991444860883828 0
    outer loop
      vertex -78.5 23.5 -80
      vertex -78.5 23.5 80
      vertex -78.95293332636356 23.440370194613934 80
    endloop
  endfacet
  facet normal -0.13052619594183673 -0.991444860883828 0
    outer loop
      vertex -78.04706667363644 23.440370194613934 -80
      vertex -78.5 23.5 80
      vertex -78.5 23.5 -80
    endloop
  endfacet
  facet normal -0.13052619594183673 -0.991444860883828 0
    outer loop
      vertex -78.04706667363644 23.440370194613934 -80
      vertex -78.04706667363644 23.440370194613934 80
      vertex -78.5 23.5 80
    endloop
  endfacet
  facet normal -0.38268342291908025 -0.923879536423952 0
    outer loop
      vertex -77.625 23.265544459223747 -80
      vertex -78.04706667363644 23.440370194613934 80
      vertex -78.04706667363644 23.440370194613934 -80
    endloop
  endfacet
  facet normal -0.38268342291908025 -0.923879536423952 0
    outer loop
      vertex -77.625 23.265544459223747 -80
      vertex -77.625 23.265544459223747 80
      vertex -78.04706667363644 23.440370194613934 80
    endloop
  endfacet
  facet normal -0.6087614297338169 -0.7933533397348494 0
    outer loop
      vertex -77.26256313174963 22.98743686825037 -80
      vertex -77.625 23.265544459223747 80
      vertex -77.625 23.265544459223747 -80
    endloop
  endfacet
  facet normal -0.6087614297338169 -0.7933533397348494 0
    outer loop
      vertex -77.26256313174963 22.98743686825037 -80
      vertex -77.26256313174963 22.98743686825037 80
      vertex -77.625 23.265544459223747 80
    endloop
  endfacet
  facet normal -0.7071067811865476 -0.7071067811865476 0
    outer loop
      vertex -75.10000000149012 20.824873737990856 -80
      vertex -77.26256313174963 22.98743686825037 80
      vertex -77.26256313174963 22.98743686825037 -80
    endloop
  endfacet
  facet normal -0.7071067811865476 -0.7071067811865476 0
    outer loop
      vertex -75.10000000149012 20.824873737990856 -80
      vertex -75.10000000149012 20.824873737990856 80
      vertex -77.26256313174963 22.98743686825037 80
    endloop
  endfacet
  facet normal 1 0 0
    outer loop
      vertex -75.10000000149012 24.25500000268221 -80
      vertex -75.10000000149012 20.824873737990856 80
      vertex -75.10000000149012 20.824873737990856 -80
    endloop
  endfacet
  facet normal 1 0 0
    outer loop
      vertex -75.10000000149012 24.25500000268221 -80
      vertex -75.10000000149012 24.25500000268221 80
      vertex -75.10000000149012 20.824873737990856 80
    endloop
  endfacet
  facet normal 0 -1 0
    outer loop
      vertex 75.10000000149012 24.25500000268221 -80
      vertex -75.10000000149012 24.25500000268221 80
      vertex -75.10000000149012 24.25500000268221 -80
    endloop
  endfacet
  facet normal 0 -1 0
    outer loop
      vertex 75.10000000149012 24.25500000268221 -80
      vertex 75.10000000149012 24.25500000268221 80
      vertex -75.10000000149012 24.25500000268221 80
    endloop
  endfacet
  facet normal -1 0 0
    outer loop
      vertex 75.10000000149012 20.824873737990856 -80
      vertex 75.10000000149012 24.25500000268221 80
      vertex 75.10000000149012 24.25500000268221 -80
    endloop
  endfacet
  facet normal -1 0 0
    outer loop
      vertex 75.10000000149012 20.824873737990856 -80
      vertex 75.10000000149012 20.824873737990856 80
      vertex 75.10000000149012 24.25500000268221 80
    endloop
  endfacet
  facet normal 0.7071067811865476 -0.7071067811865476 0
    outer loop
      vertex 77.26256313174963 22.98743686825037 -80
      vertex 75.10000000149012 20.824873737990856 80
      vertex 75.10000000149012 20.824873737990856 -80
    endloop
  endfacet
  facet normal 0.7071067811865476 -0.7071067811865476 0
    outer loop
      vertex 77.26256313174963 22.98743686825037 -80
      vertex 77.26256313174963 22.98743686825037 80
      vertex 75.10000000149012 20.824873737990856 80
    endloop
  endfacet
  facet normal 0.6087614297338169 -0.7933533397348494 0
    outer loop
      vertex 77.625 23.265544459223747 -80
      vertex 77.26256313174963 22.98743686825037 80
      vertex 77.26256313174963 22.98743686825037 -80
    endloop
  endfacet
  facet normal 0.6087614297338169 -0.7933533397348494 0
    outer loop
      vertex 77.625 23.265544459223747 -80
      vertex 77.625 23.265544459223747 80
      vertex 77.26256313174963 22.98743686825037 80
    endloop
  endfacet
  facet normal 0.38268342291908025 -0.923879536423952 0
    outer loop
      vertex 78.04706667363644 23.440370194613934 -80
      vertex 77.625 23.265544459223747 80
      vertex 77.625 23.265544459223747 -80
    endloop
  endfacet
  facet normal 0.38268342291908025 -0.923879536423952 0
    outer loop
      vertex 78.04706667363644 23.440370194613934 -80
      vertex 78.04706667363644 23.440370194613934 80
      vertex 77.625 23.265544459223747 80
    endloop
  endfacet
  facet normal 0.13052619594183673 -0.991444860883828 0
    outer loop
      vertex 78.5 23.5 -80
      vertex 78.04706667363644 23.440370194613934 80
      vertex 78.04706667363644 23.440370194613934 -80
    endloop
  endfacet
  facet normal 0.13052619594183673 -0.991444860883828 0
    outer loop
      vertex 78.5 23.5 -80
      vertex 78.5 23.5 80
      vertex 78.04706667363644 23.440370194613934 80
    endloop
  endfacet
  facet normal -0.13052619594183673 -0.991444860883828 0
    outer loop
      vertex 78.95293332636356 23.440370194613934 -80
      vertex 78.5 23.5 80
      vertex 78.5 23.5 -80
    endloop
  endfacet
  facet normal -0.13052619594183673 -0.991444860883828 0
    outer loop
      vertex 78.95293332636356 23.440370194613934 -80
      vertex 78.95293332636356 23.440370194613934 80
      vertex 78.5 23.5 80
    endloop
  endfacet
  facet normal -0.38268342291908025 -0.923879536423952 0
    outer loop
      vertex 79.375 23.265544459223747 -80
      vertex 78.95293332636356 23.440370194613934 80
      vertex 78.95293332636356 23.440370194613934 -80
    endloop
  endfacet
  facet normal -0.38268342291908025 -0.923879536423952 0
    outer loop
      vertex 79.375 23.265544459223747 -80
      vertex 79.375 23.265544459223747 80
      vertex 78.95293332636356 23.440370194613934 80
    endloop
  endfacet
  facet normal -0.6087614297338169 -0.7933533397348494 0
    outer loop
      vertex 79.73743686825037 22.98743686825037 -80
      vertex 79.375 23.265544459223747 80
      vertex 79.375 23.265544459223747 -80
    endloop
  endfacet
  facet normal -0.6087614297338169 -0.7933533397348494 0
    outer loop
      vertex 79.73743686825037 22.98743686825037 -80
      vertex 79.73743686825037 22.98743686825037 80
      vertex 79.375 23.265544459223747 80
    endloop
  endfacet
  facet normal -0.7933533397348494 -0.6087614297338169 0
    outer loop
      vertex 80.01554445922375 22.625 -80
      vertex 79.73743686825037 22.98743686825037 80
      vertex 79.73743686825037 22.98743686825037 -80
    endloop
  endfacet
  facet normal -0.7933533397348494 -0.6087614297338169 0
    outer loop
      vertex 80.01554445922375 22.625 -80
      vertex 80.01554445922375 22.625 80
      vertex 79.73743686825037 22.98743686825037 80
    endloop
  endfacet
  facet normal -0.923879536423952 -0.38268342291908025 0
    outer loop
      vertex 80.19037019461393 22.202933326363564 -80
      vertex 80.01554445922375 22.625 80
      vertex 80.01554445922375 22.625 -80
    endloop
  endfacet
  facet normal -0.923879536423952 -0.38268342291908025 0
    outer loop
      vertex 80.19037019461393 22.202933326363564 -80
      vertex 80.19037019461393 22.202933326363564 80
      vertex 80.01554445922375 22.625 80
    endloop
  endfacet
  facet normal -0.991444860883828 -0.13052619594183673 0
    outer loop
      vertex 80.25 21.75 -80
      vertex 80.19037019461393 22.202933326363564 80
      vertex 80.19037019461393 22.202933326363564 -80
    endloop
  endfacet
  facet normal -0.991444860883828 -0.13052619594183673 0
    outer loop
      vertex 80.25 21.75 -80
      vertex 80.25 21.75 80
      vertex 80.19037019461393 22.202933326363564 80
    endloop
  endfacet
  facet normal -0.991444860883828 0.13052619594183673 0
    outer loop
      vertex 80.19037019461393 21.297066673636436 -80
      vertex 80.25 21.75 80
      vertex 80.25 21.75 -80
    endloop
  endfacet
  facet normal -0.991444860883828 0.13052619594183673 0
    outer loop
      vertex 80.19037019461393 21.297066673636436 -80
      vertex 80.19037019461393 21.297066673636436 80
      vertex 80.25 21.75 80
    endloop
  endfacet
  facet normal -0.923879536423952 0.38268342291908025 0
    outer loop
      vertex 80.01554445922375 20.875 -80
      vertex 80.19037019461393 21.297066673636436 80
      vertex 80.19037019461393 21.297066673636436 -80
    endloop
  endfacet
  facet normal -0.923879536423952 0.38268342291908025 0
    outer loop
      vertex 80.01554445922375 20.875 -80
      vertex 80.01554445922375 20.875 80
      vertex 80.19037019461393 21.297066673636436 80
    endloop
  endfacet
  facet normal -0.7933533397348494 0.6087614297338169 0
    outer loop
      vertex 79.73743686825037 20.51256313174963 -80
      vertex 80.01554445922375 20.875 80
      vertex 80.01554445922375 20.875 -80
    endloop
  endfacet
  facet normal -0.7933533397348494 0.6087614297338169 0
    outer loop
      vertex 79.73743686825037 20.51256313174963 -80
      vertex 79.73743686825037 20.51256313174963 80
      vertex 80.01554445922375 20.875 80
    endloop
  endfacet
  facet normal -0.7071067811865476 0.7071067811865476 0
    outer loop
      vertex 77.57487373799086 18.350000001490116 -80
      vertex 79.73743686825037 20.51256313174963 80
      vertex 79.73743686825037 20.51256313174963 -80
    endloop
  endfacet
  facet normal -0.7071067811865476 0.7071067811865476 0
    outer loop
      vertex 77.57487373799086 18.350000001490116 -80
      vertex 77.57487373799086 18.350000001490116 80
      vertex 79.73743686825037 20.51256313174963 80
    endloop
  endfacet
  facet normal 0 -1 0
    outer loop
      vertex 78.5 18.350000001490116 -80
      vertex 77.57487373799086 18.350000001490116 80
      vertex 77.57487373799086 18.350000001490116 -80
    endloop
  endfacet
  facet normal 0 -1 0
    outer loop
      vertex 78.5 18.350000001490116 -80
      vertex 78.5 18.350000001490116 80
      vertex 77.57487373799086 18.350000001490116 80
    endloop
  endfacet
  facet normal -1 0 0
    outer loop
      vertex 78.5 18.320000000298023 -80
      vertex 78.5 18.350000001490116 80
      vertex 78.5 18.350000001490116 -80
    endloop
  endfacet
  facet normal -1 0 0
    outer loop
      vertex 78.5 18.320000000298023 -80
      vertex 78.5 18.320000000298023 80
      vertex 78.5 18.350000001490116 80
    endloop
  endfacet
  facet normal 0 -1 0
    outer loop
      vertex 81.00500000268221 18.320000000298023 -80
      vertex 78.5 18.320000000298023 80
      vertex 78.5 18.320000000298023 -80
    endloop
  endfacet
  facet normal 0 -1 0
    outer loop
      vertex 81.00500000268221 18.320000000298023 -80
      vertex 81.00500000268221 18.320000000298023 80
      vertex 78.5 18.320000000298023 80
    endloop
  endfacet
  facet normal -1 0 0
    outer loop
      vertex 81.00500000268221 16.820000000298023 -80
      vertex 81.00500000268221 18.320000000298023 80
      vertex 81.00500000268221 18.320000000298023 -80
    endloop
  endfacet
  facet normal -1 0 0
    outer loop
      vertex 81.00500000268221 16.820000000298023 -80
      vertex 81.00500000268221 16.820000000298023 80
      vertex 81.00500000268221 18.320000000298023 80
    endloop
  endfacet
  facet normal 0 1 0
    outer loop
      vertex 78.5 16.820000000298023 -80
      vertex 81.00500000268221 16.820000000298023 80
      vertex 81.00500000268221 16.820000000298023 -80
    endloop
  endfacet
  facet normal 0 1 0
    outer loop
      vertex 78.5 16.820000000298023 -80
      vertex 78.5 16.820000000298023 80
      vertex 81.00500000268221 16.820000000298023 80
    endloop
  endfacet
  facet normal -1 0 0
    outer loop
      vertex 78.5 14.820000000298023 -80
      vertex 78.5 16.820000000298023 80
      vertex 78.5 16.820000000298023 -80
    endloop
  endfacet
  facet normal -1 0 0
    outer loop
      vertex 78.5 14.820000000298023 -80
      vertex 78.5 14.820000000298023 80
      vertex 78.5 16.820000000298023 80
    endloop
  endfacet
  facet normal 0 -1 0
    outer loop
      vertex 81.00500000268221 14.820000000298023 -80
      vertex 78.5 14.820000000298023 80
      vertex 78.5 14.820000000298023 -80
    endloop
  endfacet
  facet normal 0 -1 0
    outer loop
      vertex 81.00500000268221 14.820000000298023 -80
      vertex 81.00500000268221 14.820000000298023 80
      vertex 78.5 14.820000000298023 80
    endloop
  endfacet
  facet normal -1 0 0
    outer loop
      vertex 81.00500000268221 13.320000000298023 -80
      vertex 81.00500000268221 14.820000000298023 80
      vertex 81.00500000268221 14.820000000298023 -80
    endloop
  endfacet
  facet normal -1 0 0
    outer loop
      vertex 81.00500000268221 13.320000000298023 -80
      vertex 81.00500000268221 13.320000000298023 80
      vertex 81.00500000268221 14.820000000298023 80
    endloop
  endfacet
  facet normal 0 1 0
    outer loop
      vertex 78.5 13.320000000298023 -80
      vertex 81.00500000268221 13.320000000298023 80
      vertex 81.00500000268221 13.320000000298023 -80
    endloop
  endfacet
  facet normal 0 1 0
    outer loop
      vertex 78.5 13.320000000298023 -80
      vertex 78.5 13.320000000298023 80
      vertex 81.00500000268221 13.320000000298023 80
    endloop
  endfacet
  facet normal -1 0 0
    outer loop
      vertex 78.5 11.320000000298023 -80
      vertex 78.5 13.320000000298023 80
      vertex 78.5 13.320000000298023 -80
    endloop
  endfacet
  facet normal -1 0 0
    outer loop
      vertex 78.5 11.320000000298023 -80
      vertex 78.5 11.320000000298023 80
      vertex 78.5 13.320000000298023 80
    endloop
  endfacet
  facet normal 0 -1 0
    outer loop
      vertex 81.00500000268221 11.320000000298023 -80
      vertex 78.5 11.320000000298023 80
      vertex 78.5 11.320000000298023 -80
    endloop
  endfacet
  facet normal 0 -1 0
    outer loop
      vertex 81.00500000268221 11.320000000298023 -80
      vertex 81.00500000268221 11.320000000298023 80
      vertex 78.5 11.320000000298023 80
    endloop
  endfacet
  facet normal -1 0 0
    outer loop
      vertex 81.00500000268221 9.820000000298023 -80
      vertex 81.00500000268221 11.320000000298023 80
      vertex 81.00500000268221 11.320000000298023 -80
    endloop
  endfacet
  facet normal -1 0 0
    outer loop
      vertex 81.00500000268221 9.820000000298023 -80
      vertex 81.00500000268221 9.820000000298023 80
      vertex 81.00500000268221 11.320000000298023 80
    endloop
  endfacet
  facet normal 0 1 0
    outer loop
      vertex 78.5 9.820000000298023 -80
      vertex 81.00500000268221 9.820000000298023 80
      vertex 81.00500000268221 9.820000000298023 -80
    endloop
  endfacet
  facet normal 0 1 0
    outer loop
      vertex 78.5 9.820000000298023 -80
      vertex 78.5 9.820000000298023 80
      vertex 81.00500000268221 9.820000000298023 80
    endloop
  endfacet
  facet normal -1 0 0
    outer loop
      vertex 78.5 7.820000000298023 -80
      vertex 78.5 9.820000000298023 80
      vertex 78.5 9.820000000298023 -80
    endloop
  endfacet
  facet normal -1 0 0
    outer loop
      vertex 78.5 7.820000000298023 -80
      vertex 78.5 7.820000000298023 80
      vertex 78.5 9.820000000298023 80
    endloop
  endfacet
  facet normal 0 -1 0
    outer loop
      vertex 81.00500000268221 7.820000000298023 -80
      vertex 78.5 7.820000000298023 80
      vertex 78.5 7.820000000298023 -80
    endloop
  endfacet
  facet normal 0 -1 0
    outer loop
      vertex 81.00500000268221 7.820000000298023 -80
      vertex 81.00500000268221 7.820000000298023 80
      vertex 78.5 7.820000000298023 80
    endloop
  endfacet
  facet normal -1 0 0
    outer loop
      vertex 81.00500000268221 6.320000000298023 -80
      vertex 81.00500000268221 7.820000000298023 80
      vertex 81.00500000268221 7.820000000298023 -80
    endloop
  endfacet
  facet normal -1 0 0
    outer loop
      vertex 81.00500000268221 6.320000000298023 -80
      vertex 81.00500000268221 6.320000000298023 80
      vertex 81.00500000268221 7.820000000298023 80
    endloop
  endfacet
  facet normal 0 1 0
    outer loop
      vertex 78.5 6.320000000298023 -80
      vertex 81.00500000268221 6.320000000298023 80
      vertex 81.00500000268221 6.320000000298023 -80
    endloop
  endfacet
  facet normal 0 1 0
    outer loop
      vertex 78.5 6.320000000298023 -80
      vertex 78.5 6.320000000298023 80
      vertex 81.00500000268221 6.320000000298023 80
    endloop
  endfacet
  facet normal -1 0 0
    outer loop
      vertex 78.5 4.320000000298023 -80
      vertex 78.5 6.320000000298023 80
      vertex 78.5 6.320000000298023 -80
    endloop
  endfacet
  facet normal -1 0 0
    outer loop
      vertex 78.5 4.320000000298023 -80
      vertex 78.5 4.320000000298023 80
      vertex 78.5 6.320000000298023 80
    endloop
  endfacet
  facet normal 0 -1 0
    outer loop
      vertex 81.00500000268221 4.320000000298023 -80
      vertex 78.5 4.320000000298023 80
      vertex 78.5 4.320000000298023 -80
    endloop
  endfacet
  facet normal 0 -1 0
    outer loop
      vertex 81.00500000268221 4.320000000298023 -80
      vertex 81.00500000268221 4.320000000298023 80
      vertex 78.5 4.320000000298023 80
    endloop
  endfacet
  facet normal -1 0 0
    outer loop
      vertex 81.00500000268221 2.8200000002980232 -80
      vertex 81.00500000268221 4.320000000298023 80
      vertex 81.00500000268221 4.320000000298023 -80
    endloop
  endfacet
  facet normal -1 0 0
    outer loop
      vertex 81.00500000268221 2.8200000002980232 -80
      vertex 81.00500000268221 2.8200000002980232 80
      vertex 81.00500000268221 4.320000000298023 80
    endloop
  endfacet
  facet normal 0 1 0
    outer loop
      vertex 78.5 2.8200000002980232 -80
      vertex 81.00500000268221 2.8200000002980232 80
      vertex 81.00500000268221 2.8200000002980232 -80
    endloop
  endfacet
  facet normal 0 1 0
    outer loop
      vertex 78.5 2.8200000002980232 -80
      vertex 78.5 2.8200000002980232 80
      vertex 81.00500000268221 2.8200000002980232 80
    endloop
  endfacet
  facet normal -1 0 0
    outer loop
      vertex 78.5 0.8200000002980232 -80
      vertex 78.5 2.8200000002980232 80
      vertex 78.5 2.8200000002980232 -80
    endloop
  endfacet
  facet normal -1 0 0
    outer loop
      vertex 78.5 0.8200000002980232 -80
      vertex 78.5 0.8200000002980232 80
      vertex 78.5 2.8200000002980232 80
    endloop
  endfacet
  facet normal 0 -1 0
    outer loop
      vertex 81.00500000268221 0.8200000002980232 -80
      vertex 78.5 0.8200000002980232 80
      vertex 78.5 0.8200000002980232 -80
    endloop
  endfacet
  facet normal 0 -1 0
    outer loop
      vertex 81.00500000268221 0.8200000002980232 -80
      vertex 81.00500000268221 0.8200000002980232 80
      vertex 78.5 0.8200000002980232 80
    endloop
  endfacet
  facet normal -1 0 0
    outer loop
      vertex 81.00500000268221 -0.6799999997019768 -80
      vertex 81.00500000268221 0.8200000002980232 80
      vertex 81.00500000268221 0.8200000002980232 -80
    endloop
  endfacet
  facet normal -1 0 0
    outer loop
      vertex 81.00500000268221 -0.6799999997019768 -80
      vertex 81.00500000268221 -0.6799999997019768 80
      vertex 81.00500000268221 0.8200000002980232 80
    endloop
  endfacet
  facet normal 0 1 0
    outer loop
      vertex 78.5 -0.6799999997019768 -80
      vertex 81.00500000268221 -0.6799999997019768 80
      vertex 81.00500000268221 -0.6799999997019768 -80
    endloop
  endfacet
  facet normal 0 1 0
    outer loop
      vertex 78.5 -0.6799999997019768 -80
      vertex 78.5 -0.6799999997019768 80
      vertex 81.00500000268221 -0.6799999997019768 80
    endloop
  endfacet
  facet normal -1 0 0
    outer loop
      vertex 78.5 -2.6799999997019768 -80
      vertex 78.5 -0.6799999997019768 80
      vertex 78.5 -0.6799999997019768 -80
    endloop
  endfacet
  facet normal -1 0 0
    outer loop
      vertex 78.5 -2.6799999997019768 -80
      vertex 78.5 -2.6799999997019768 80
      vertex 78.5 -0.6799999997019768 80
    endloop
  endfacet
  facet normal 0 -1 0
    outer loop
      vertex 81.00500000268221 -2.6799999997019768 -80
      vertex 78.5 -2.6799999997019768 80
      vertex 78.5 -2.6799999997019768 -80
    endloop
  endfacet
  facet normal 0 -1 0
    outer loop
      vertex 81.00500000268221 -2.6799999997019768 -80
      vertex 81.00500000268221 -2.6799999997019768 80
      vertex 78.5 -2.6799999997019768 80
    endloop
  endfacet
  facet normal -1 0 0
    outer loop
      vertex 81.00500000268221 -4.179999999701977 -80
      vertex 81.00500000268221 -2.6799999997019768 80
      vertex 81.00500000268221 -2.6799999997019768 -80
    endloop
  endfacet
  facet normal -1 0 0
    outer loop
      vertex 81.00500000268221 -4.179999999701977 -80
      vertex 81.00500000268221 -4.179999999701977 80
      vertex 81.00500000268221 -2.6799999997019768 80
    endloop
  endfacet
  facet normal 0 1 0
    outer loop
      vertex 78.5 -4.179999999701977 -80
      vertex 81.00500000268221 -4.179999999701977 80
      vertex 81.00500000268221 -4.179999999701977 -80
    endloop
  endfacet
  facet normal 0 1 0
    outer loop
      vertex 78.5 -4.179999999701977 -80
      vertex 78.5 -4.179999999701977 80
      vertex 81.00500000268221 -4.179999999701977 80
    endloop
  endfacet
  facet normal -1 0 0
    outer loop
      vertex 78.5 -6.179999999701977 -80
      vertex 78.5 -4.179999999701977 80
      vertex 78.5 -4.179999999701977 -80
    endloop
  endfacet
  facet normal -1 0 0
    outer loop
      vertex 78.5 -6.179999999701977 -80
      vertex 78.5 -6.179999999701977 80
      vertex 78.5 -4.179999999701977 80
    endloop
  endfacet
  facet normal 0 -1 0
    outer loop
      vertex 81.00500000268221 -6.179999999701977 -80
      vertex 78.5 -6.179999999701977 80
      vertex 78.5 -6.179999999701977 -80
    endloop
  endfacet
  facet normal 0 -1 0
    outer loop
      vertex 81.00500000268221 -6.179999999701977 -80
      vertex 81.00500000268221 -6.179999999701977 80
      vertex 78.5 -6.179999999701977 80
    endloop
  endfacet
  facet normal -1 0 0
    outer loop
      vertex 81.00500000268221 -7.679999999701977 -80
      vertex 81.00500000268221 -6.179999999701977 80
      vertex 81.00500000268221 -6.179999999701977 -80
    endloop
  endfacet
  facet normal -1 0 0
    outer loop
      vertex 81.00500000268221 -7.679999999701977 -80
      vertex 81.00500000268221 -7.679999999701977 80
      vertex 81.00500000268221 -6.179999999701977 80
    endloop
  endfacet
  facet normal 0 1 0
    outer loop
      vertex 78.5 -7.679999999701977 -80
      vertex 81.00500000268221 -7.679999999701977 80
      vertex 81.00500000268221 -7.679999999701977 -80
    endloop
  endfacet
  facet normal 0 1 0
    outer loop
      vertex 78.5 -7.679999999701977 -80
      vertex 78.5 -7.679999999701977 80
      vertex 81.00500000268221 -7.679999999701977 80
    endloop
  endfacet
  facet normal -1 0 0
    outer loop
      vertex 78.5 -9.679999999701977 -80
      vertex 78.5 -7.679999999701977 80
      vertex 78.5 -7.679999999701977 -80
    endloop
  endfacet
  facet normal -1 0 0
    outer loop
      vertex 78.5 -9.679999999701977 -80
      vertex 78.5 -9.679999999701977 80
      vertex 78.5 -7.679999999701977 80
    endloop
  endfacet
  facet normal 0 -1 0
    outer loop
      vertex 81.00500000268221 -9.679999999701977 -80
      vertex 78.5 -9.679999999701977 80
      vertex 78.5 -9.679999999701977 -80
    endloop
  endfacet
  facet normal 0 -1 0
    outer loop
      vertex 81.00500000268221 -9.679999999701977 -80
      vertex 81.00500000268221 -9.679999999701977 80
      vertex 78.5 -9.679999999701977 80
    endloop
  endfacet
  facet normal -1 0 0
    outer loop
      vertex 81.00500000268221 -11.179999999701977 -80
      vertex 81.00500000268221 -9.679999999701977 80
      vertex 81.00500000268221 -9.679999999701977 -80
    endloop
  endfacet
  facet normal -1 0 0
    outer loop
      vertex 81.00500000268221 -11.179999999701977 -80
      vertex 81.00500000268221 -11.179999999701977 80
      vertex 81.00500000268221 -9.679999999701977 80
    endloop
  endfacet
  facet normal 0 1 0
    outer loop
      vertex 78.5 -11.179999999701977 -80
      vertex 81.00500000268221 -11.179999999701977 80
      vertex 81.00500000268221 -11.179999999701977 -80
    endloop
  endfacet
  facet normal 0 1 0
    outer loop
      vertex 78.5 -11.179999999701977 -80
      vertex 78.5 -11.179999999701977 80
      vertex 81.00500000268221 -11.179999999701977 80
    endloop
  endfacet
  facet normal -1 0 0
    outer loop
      vertex 78.5 -13.179999999701977 -80
      vertex 78.5 -11.179999999701977 80
      vertex 78.5 -11.179999999701977 -80
    endloop
  endfacet
  facet normal -1 0 0
    outer loop
      vertex 78.5 -13.179999999701977 -80
      vertex 78.5 -13.179999999701977 80
      vertex 78.5 -11.179999999701977 80
    endloop
  endfacet
  facet normal 0 -1 0
    outer loop
      vertex 81.00500000268221 -13.179999999701977 -80
      vertex 78.5 -13.179999999701977 80
      vertex 78.5 -13.179999999701977 -80
    endloop
  endfacet
  facet normal 0 -1 0
    outer loop
      vertex 81.00500000268221 -13.179999999701977 -80
      vertex 81.00500000268221 -13.179999999701977 80
      vertex 78.5 -13.179999999701977 80
    endloop
  endfacet
  facet normal -1 0 0
    outer loop
      vertex 81.00500000268221 -14.679999999701977 -80
      vertex 81.00500000268221 -13.179999999701977 80
      vertex 81.00500000268221 -13.179999999701977 -80
    endloop
  endfacet
  facet normal -1 0 0
    outer loop
      vertex 81.00500000268221 -14.679999999701977 -80
      vertex 81.00500000268221 -14.679999999701977 80
      vertex 81.00500000268221 -13.179999999701977 80
    endloop
  endfacet
  facet normal 0 1 0
    outer loop
      vertex 78.5 -14.679999999701977 -80
      vertex 81.00500000268221 -14.679999999701977 80
      vertex 81.00500000268221 -14.679999999701977 -80
    endloop
  endfacet
  facet normal 0 1 0
    outer loop
      vertex 78.5 -14.679999999701977 -80
      vertex 78.5 -14.679999999701977 80
      vertex 81.00500000268221 -14.679999999701977 80
    endloop
  endfacet
  facet normal -1 0 0
    outer loop
      vertex 78.5 -16.679999999701977 -80
      vertex 78.5 -14.679999999701977 80
      vertex 78.5 -14.679999999701977 -80
    endloop
  endfacet
  facet normal -1 0 0
    outer loop
      vertex 78.5 -16.679999999701977 -80
      vertex 78.5 -16.679999999701977 80
      vertex 78.5 -14.679999999701977 80
    endloop
  endfacet
  facet normal 0 -1 0
    outer loop
      vertex 81.00500000268221 -16.679999999701977 -80
      vertex 78.5 -16.679999999701977 80
      vertex 78.5 -16.679999999701977 -80
    endloop
  endfacet
  facet normal 0 -1 0
    outer loop
      vertex 81.00500000268221 -16.679999999701977 -80
      vertex 81.00500000268221 -16.679999999701977 80
      vertex 78.5 -16.679999999701977 80
    endloop
  endfacet
  facet normal -1 0 0
    outer loop
      vertex 81.00500000268221 -18.179999999701977 -80
      vertex 81.00500000268221 -16.679999999701977 80
      vertex 81.00500000268221 -16.679999999701977 -80
    endloop
  endfacet
  facet normal -1 0 0
    outer loop
      vertex 81.00500000268221 -18.179999999701977 -80
      vertex 81.00500000268221 -18.179999999701977 80
      vertex 81.00500000268221 -16.679999999701977 80
    endloop
  endfacet
  facet normal 0 1 0
    outer loop
      vertex 78.5 -18.179999999701977 -80
      vertex 81.00500000268221 -18.179999999701977 80
      vertex 81.00500000268221 -18.179999999701977 -80
    endloop
  endfacet
  facet normal 0 1 0
    outer loop
      vertex 78.5 -18.179999999701977 -80
      vertex 78.5 -18.179999999701977 80
      vertex 81.00500000268221 -18.179999999701977 80
    endloop
  endfacet
  facet normal -1 0 0
    outer loop
      vertex 78.5 -18.350000001490116 -80
      vertex 78.5 -18.179999999701977 80
      vertex 78.5 -18.179999999701977 -80
    endloop
  endfacet
  facet normal -1 0 0
    outer loop
      vertex 78.5 -18.350000001490116 -80
      vertex 78.5 -18.350000001490116 80
      vertex 78.5 -18.179999999701977 80
    endloop
  endfacet
  facet normal 0 1 0
    outer loop
      vertex 75.10000000149012 -18.350000001490116 -80
      vertex 78.5 -18.350000001490116 80
      vertex 78.5 -18.350000001490116 -80
    endloop
  endfacet
  facet normal 0 1 0
    outer loop
      vertex 75.10000000149012 -18.350000001490116 -80
      vertex 75.10000000149012 -18.350000001490116 80
      vertex 78.5 -18.350000001490116 80
    endloop
  endfacet
  facet normal -1 0 0
    outer loop
      vertex 75.10000000149012 -20.899999998509884 -80
      vertex 75.10000000149012 -18.350000001490116 80
      vertex 75.10000000149012 -18.350000001490116 -80
    endloop
  endfacet
  facet normal -1 0 0
    outer loop
      vertex 75.10000000149012 -20.899999998509884 -80
      vertex 75.10000000149012 -20.899999998509884 80
      vertex 75.10000000149012 -18.350000001490116 80
    endloop
  endfacet
  facet normal 0 -1 0
    outer loop
      vertex 76.974100202322 -20.899999998509884 -80
      vertex 75.10000000149012 -20.899999998509884 80
      vertex 75.10000000149012 -20.899999998509884 -80
    endloop
  endfacet
  facet normal 0 -1 0
    outer loop
      vertex 76.974100202322 -20.899999998509884 -80
      vertex 76.974100202322 -20.899999998509884 80
      vertex 75.10000000149012 -20.899999998509884 80
    endloop
  endfacet
  facet normal 0.9238795323525989 -0.38268343274819644 0
    outer loop
      vertex 76.98445554077625 -20.875 -80
      vertex 76.974100202322 -20.899999998509884 80
      vertex 76.974100202322 -20.899999998509884 -80
    endloop
  endfacet
  facet normal 0.9238795323525989 -0.38268343274819644 0
    outer loop
      vertex 76.98445554077625 -20.875 -80
      vertex 76.98445554077625 -20.875 80
      vertex 76.974100202322 -20.899999998509884 80
    endloop
  endfacet
  facet normal 0.7933533397348494 -0.6087614297338169 0
    outer loop
      vertex 77.26256313174963 -20.51256313174963 -80
      vertex 76.98445554077625 -20.875 80
      vertex 76.98445554077625 -20.875 -80
    endloop
  endfacet
  facet normal 0.7933533397348494 -0.6087614297338169 0
    outer loop
      vertex 77.26256313174963 -20.51256313174963 -80
      vertex 77.26256313174963 -20.51256313174963 80
      vertex 76.98445554077625 -20.875 80
    endloop
  endfacet
  facet normal 0.6087614297338169 -0.7933533397348494 0
    outer loop
      vertex 77.625 -20.234455540776253 -80
      vertex 77.26256313174963 -20.51256313174963 80
      vertex 77.26256313174963 -20.51256313174963 -80
    endloop
  endfacet
  facet normal 0.6087614297338169 -0.7933533397348494 0
    outer loop
      vertex 77.625 -20.234455540776253 -80
      vertex 77.625 -20.234455540776253 80
      vertex 77.26256313174963 -20.51256313174963 80
    endloop
  endfacet
  facet normal 0.38268342291908025 -0.923879536423952 0
    outer loop
      vertex 78.04706667363644 -20.059629805386066 -80
      vertex 77.625 -20.234455540776253 80
      vertex 77.625 -20.234455540776253 -80
    endloop
  endfacet
  facet normal 0.38268342291908025 -0.923879536423952 0
    outer loop
      vertex 78.04706667363644 -20.059629805386066 -80
      vertex 78.04706667363644 -20.059629805386066 80
      vertex 77.625 -20.234455540776253 80
    endloop
  endfacet
  facet normal 0.13052619594183673 -0.991444860883828 0
    outer loop
      vertex 78.5 -20 -80
      vertex 78.04706667363644 -20.059629805386066 80
      vertex 78.04706667363644 -20.059629805386066 -80
    endloop
  endfacet
  facet normal 0.13052619594183673 -0.991444860883828 0
    outer loop
      vertex 78.5 -20 -80
      vertex 78.5 -20 80
      vertex 78.04706667363644 -20.059629805386066 80
    endloop
  endfacet
  facet normal -0.13052619594183673 -0.991444860883828 0
    outer loop
      vertex 78.95293332636356 -20.059629805386066 -80
      vertex 78.5 -20 80
      vertex 78.5 -20 -80
    endloop
  endfacet
  facet normal -0.13052619594183673 -0.991444860883828 0
    outer loop
      vertex 78.95293332636356 -20.059629805386066 -80
      vertex 78.95293332636356 -20.059629805386066 80
      vertex 78.5 -20 80
    endloop
  endfacet
  facet normal -0.38268342291908025 -0.923879536423952 0
    outer loop
      vertex 79.375 -20.234455540776253 -80
      vertex 78.95293332636356 -20.059629805386066 80
      vertex 78.95293332636356 -20.059629805386066 -80
    endloop
  endfacet
  facet normal -0.38268342291908025 -0.923879536423952 0
    outer loop
      vertex 79.375 -20.234455540776253 -80
      vertex 79.375 -20.234455540776253 80
      vertex 78.95293332636356 -20.059629805386066 80
    endloop
  endfacet
  facet normal -0.6087614297338169 -0.7933533397348494 0
    outer loop
      vertex 79.73743686825037 -20.51256313174963 -80
      vertex 79.375 -20.234455540776253 80
      vertex 79.375 -20.234455540776253 -80
    endloop
  endfacet
  facet normal -0.6087614297338169 -0.7933533397348494 0
    outer loop
      vertex 79.73743686825037 -20.51256313174963 -80
      vertex 79.73743686825037 -20.51256313174963 80
      vertex 79.375 -20.234455540776253 80
    endloop
  endfacet
  facet normal -0.7933533397348494 -0.6087614297338169 0
    outer loop
      vertex 80.01554445922375 -20.875 -80
      vertex 79.73743686825037 -20.51256313174963 80
      vertex 79.73743686825037 -20.51256313174963 -80
    endloop
  endfacet
  facet normal -0.7933533397348494 -0.6087614297338169 0
    outer loop
      vertex 80.01554445922375 -20.875 -80
      vertex 80.01554445922375 -20.875 80
      vertex 79.73743686825037 -20.51256313174963 80
    endloop
  endfacet
  facet normal -0.923879536423952 -0.38268342291908025 0
    outer loop
      vertex 80.19037019461393 -21.297066673636436 -80
      vertex 80.01554445922375 -20.875 80
      vertex 80.01554445922375 -20.875 -80
    endloop
  endfacet
  facet normal -0.923879536423952 -0.38268342291908025 0
    outer loop
      vertex 80.19037019461393 -21.297066673636436 -80
      vertex 80.19037019461393 -21.297066673636436 80
      vertex 80.01554445922375 -20.875 80
    endloop
  endfacet
  facet normal -0.991444860883828 -0.13052619594183673 0
    outer loop
      vertex 80.25 -21.75 -80
      vertex 80.19037019461393 -21.297066673636436 80
      vertex 80.19037019461393 -21.297066673636436 -80
    endloop
  endfacet
  facet normal -0.991444860883828 -0.13052619594183673 0
    outer loop
      vertex 80.25 -21.75 -80
      vertex 80.25 -21.75 80
      vertex 80.19037019461393 -21.297066673636436 80
    endloop
  endfacet
  facet normal -0.991444860883828 0.13052619594183673 0
    outer loop
      vertex 80.19037019461393 -22.202933326363564 -80
      vertex 80.25 -21.75 80
      vertex 80.25 -21.75 -80
    endloop
  endfacet
  facet normal -0.991444860883828 0.13052619594183673 0
    outer loop
      vertex 80.19037019461393 -22.202933326363564 -80
      vertex 80.19037019461393 -22.202933326363564 80
      vertex 80.25 -21.75 80
    endloop
  endfacet
  facet normal -0.923879536423952 0.38268342291908025 0
    outer loop
      vertex 80.01554445922375 -22.625 -80
      vertex 80.19037019461393 -22.202933326363564 80
      vertex 80.19037019461393 -22.202933326363564 -80
    endloop
  endfacet
  facet normal -0.923879536423952 0.38268342291908025 0
    outer loop
      vertex 80.01554445922375 -22.625 -80
      vertex 80.01554445922375 -22.625 80
      vertex 80.19037019461393 -22.202933326363564 80
    endloop
  endfacet
  facet normal -0.7933533397348494 0.6087614297338169 0
    outer loop
      vertex 79.73743686825037 -22.98743686825037 -80
      vertex 80.01554445922375 -22.625 80
      vertex 80.01554445922375 -22.625 -80
    endloop
  endfacet
  facet normal -0.7933533397348494 0.6087614297338169 0
    outer loop
      vertex 79.73743686825037 -22.98743686825037 -80
      vertex 79.73743686825037 -22.98743686825037 80
      vertex 80.01554445922375 -22.625 80
    endloop
  endfacet
  facet normal -0.6087614297338169 0.7933533397348494 0
    outer loop
      vertex 79.375 -23.265544459223747 -80
      vertex 79.73743686825037 -22.98743686825037 80
      vertex 79.73743686825037 -22.98743686825037 -80
    endloop
  endfacet
  facet normal -0.6087614297338169 0.7933533397348494 0
    outer loop
      vertex 79.375 -23.265544459223747 -80
      vertex 79.375 -23.265544459223747 80
      vertex 79.73743686825037 -22.98743686825037 80
    endloop
  endfacet
  facet normal -0.38268342291908025 0.923879536423952 0
    outer loop
      vertex 78.95293332636356 -23.440370194613934 -80
      vertex 79.375 -23.265544459223747 80
      vertex 79.375 -23.265544459223747 -80
    endloop
  endfacet
  facet normal -0.38268342291908025 0.923879536423952 0
    outer loop
      vertex 78.95293332636356 -23.440370194613934 -80
      vertex 78.95293332636356 -23.440370194613934 80
      vertex 79.375 -23.265544459223747 80
    endloop
  endfacet
  facet normal -0.13052619594183673 0.991444860883828 0
    outer loop
      vertex 78.5 -23.5 -80
      vertex 78.95293332636356 -23.440370194613934 80
      vertex 78.95293332636356 -23.440370194613934 -80
    endloop
  endfacet
  facet normal -0.13052619594183673 0.991444860883828 0
    outer loop
      vertex 78.5 -23.5 -80
      vertex 78.5 -23.5 80
      vertex 78.95293332636356 -23.440370194613934 80
    endloop
  endfacet
  facet normal 0.13052619594183673 0.991444860883828 0
    outer loop
      vertex 78.04706667363644 -23.440370194613934 -80
      vertex 78.5 -23.5 80
      vertex 78.5 -23.5 -80
    endloop
  endfacet
  facet normal 0.13052619594183673 0.991444860883828 0
    outer loop
      vertex 78.04706667363644 -23.440370194613934 -80
      vertex 78.04706667363644 -23.440370194613934 80
      vertex 78.5 -23.5 80
    endloop
  endfacet
  facet normal 0.38268342291908025 0.923879536423952 0
    outer loop
      vertex 77.625 -23.265544459223747 -80
      vertex 78.04706667363644 -23.440370194613934 80
      vertex 78.04706667363644 -23.440370194613934 -80
    endloop
  endfacet
  facet normal 0.38268342291908025 0.923879536423952 0
    outer loop
      vertex 77.625 -23.265544459223747 -80
      vertex 77.625 -23.265544459223747 80
      vertex 78.04706667363644 -23.440370194613934 80
    endloop
  endfacet
  facet normal 0.6087614297338169 0.7933533397348494 0
    outer loop
      vertex 77.26256313174963 -22.98743686825037 -80
      vertex 77.625 -23.265544459223747 80
      vertex 77.625 -23.265544459223747 -80
    endloop
  endfacet
  facet normal 0.6087614297338169 0.7933533397348494 0
    outer loop
      vertex 77.26256313174963 -22.98743686825037 -80
      vertex 77.26256313174963 -22.98743686825037 80
      vertex 77.625 -23.265544459223747 80
    endloop
  endfacet
  facet normal 0.7933533397348494 0.6087614297338169 0
    outer loop
      vertex 76.98445554077625 -22.625 -80
      vertex 77.26256313174963 -22.98743686825037 80
      vertex 77.26256313174963 -22.98743686825037 -80
    endloop
  endfacet
  facet normal 0.7933533397348494 0.6087614297338169 0
    outer loop
      vertex 76.98445554077625 -22.625 -80
      vertex 76.98445554077625 -22.625 80
      vertex 77.26256313174963 -22.98743686825037 80
    endloop
  endfacet
  facet normal 0.9238795323525989 0.38268343274819644 0
    outer loop
      vertex 76.974100202322 -22.600000001490116 -80
      vertex 76.98445554077625 -22.625 80
      vertex 76.98445554077625 -22.625 -80
    endloop
  endfacet
  facet normal 0.9238795323525989 0.38268343274819644 0
    outer loop
      vertex 76.974100202322 -22.600000001490116 -80
      vertex 76.974100202322 -22.600000001490116 80
      vertex 76.98445554077625 -22.625 80
    endloop
  endfacet
  facet normal 0 1 0
    outer loop
      vertex 75.10000000149012 -22.600000001490116 -80
      vertex 76.974100202322 -22.600000001490116 80
      vertex 76.974100202322 -22.600000001490116 -80
    endloop
  endfacet
  facet normal 0 1 0
    outer loop
      vertex 75.10000000149012 -22.600000001490116 -80
      vertex 75.10000000149012 -22.600000001490116 80
      vertex 76.974100202322 -22.600000001490116 80
    endloop
  endfacet
  facet normal -1 0 0
    outer loop
      vertex 75.10000000149012 -25.75 -80
      vertex 75.10000000149012 -22.600000001490116 80
      vertex 75.10000000149012 -22.600000001490116 -80
    endloop
  endfacet
  facet normal -1 0 0
    outer loop
      vertex 75.10000000149012 -25.75 -80
      vertex 75.10000000149012 -25.75 80
      vertex 75.10000000149012 -22.600000001490116 80
    endloop
  endfacet
  facet normal 0 -1 0
    outer loop
      vertex 78.5 -25.75 -80
      vertex 75.10000000149012 -25.75 80
      vertex 75.10000000149012 -25.75 -80
    endloop
  endfacet
  facet normal 0 -1 0
    outer loop
      vertex 78.5 -25.75 -80
      vertex 78.5 -25.75 80
      vertex 75.10000000149012 -25.75 80
    endloop
  endfacet
  facet normal 0.0490676704157047 -0.9987954563973426 0
    outer loop
      vertex 78.89206856489182 -25.730738908052444 -80
      vertex 78.5 -25.75 80
      vertex 78.5 -25.75 -80
    endloop
  endfacet
  facet normal 0.0490676704157047 -0.9987954563973426 0
    outer loop
      vertex 78.89206856489182 -25.730738908052444 -80
      vertex 78.89206856489182 -25.730738908052444 80
      vertex 78.5 -25.75 80
    endloop
  endfacet
  facet normal 0 0 1
    outer loop
      vertex -77.26256313174963 22.98743686825037 80
      vertex -75.10000000149012 20.824873737990856 80
      vertex -75.10000000149012 24.25500000268221 80
    endloop
  endfacet
  facet normal 0 0 1
    outer loop
      vertex 75.10000000149012 24.25500000268221 80
      vertex 75.10000000149012 20.824873737990856 80
      vertex 77.26256313174963 22.98743686825037 80
    endloop
  endfacet
  facet normal 0 0 1
    outer loop
      vertex -78.5 18.350000001490116 80
      vertex -77.57487373799086 18.350000001490116 80
      vertex -79.73743686825037 20.51256313174963 80
    endloop
  endfacet
  facet normal 0 0 1
    outer loop
      vertex 79.73743686825037 20.51256313174963 80
      vertex 77.57487373799086 18.350000001490116 80
      vertex 78.5 18.350000001490116 80
    endloop
  endfacet
  facet normal 0 0 1
    outer loop
      vertex -78.5 -18.350000001490116 80
      vertex -78.5 -18.179999999701977 80
      vertex -81.00500000268221 -18.179999999701977 80
    endloop
  endfacet
  facet normal 0 0 1
    outer loop
      vertex -81.00500000268221 -16.679999999701977 80
      vertex -78.5 -16.679999999701977 80
      vertex -78.5 -14.679999999701977 80
    endloop
  endfacet
  facet normal 0 0 1
    outer loop
      vertex -81.00500000268221 -16.679999999701977 80
      vertex -78.5 -14.679999999701977 80
      vertex -81.00500000268221 -14.679999999701977 80
    endloop
  endfacet
  facet normal 0 0 1
    outer loop
      vertex -81.00500000268221 -13.179999999701977 80
      vertex -78.5 -13.179999999701977 80
      vertex -78.5 -11.179999999701977 80
    endloop
  endfacet
  facet normal 0 0 1
    outer loop
      vertex -81.00500000268221 -13.179999999701977 80
      vertex -78.5 -11.179999999701977 80
      vertex -81.00500000268221 -11.179999999701977 80
    endloop
  endfacet
  facet normal 0 0 1
    outer loop
      vertex -81.00500000268221 -9.679999999701977 80
      vertex -78.5 -9.679999999701977 80
      vertex -78.5 -7.679999999701977 80
    endloop
  endfacet
  facet normal 0 0 1
    outer loop
      vertex -81.00500000268221 -9.679999999701977 80
      vertex -78.5 -7.679999999701977 80
      vertex -81.00500000268221 -7.679999999701977 80
    endloop
  endfacet
  facet normal 0 0 1
    outer loop
      vertex -81.00500000268221 -6.179999999701977 80
      vertex -78.5 -6.179999999701977 80
      vertex -78.5 -4.179999999701977 80
    endloop
  endfacet
  facet normal 0 0 1
    outer loop
      vertex -81.00500000268221 -6.179999999701977 80
      vertex -78.5 -4.179999999701977 80
      vertex -81.00500000268221 -4.179999999701977 80
    endloop
  endfacet
  facet normal 0 0 1
    outer loop
      vertex -81.00500000268221 -2.6799999997019768 80
      vertex -78.5 -2.6799999997019768 80
      vertex -78.5 -0.6799999997019768 80
    endloop
  endfacet
  facet normal 0 0 1
    outer loop
      vertex -81.00500000268221 -2.6799999997019768 80
      vertex -78.5 -0.6799999997019768 80
      vertex -81.00500000268221 -0.6799999997019768 80
    endloop
  endfacet
  facet normal 0 0 1
    outer loop
      vertex -81.00500000268221 0.8200000002980232 80
      vertex -78.5 0.8200000002980232 80
      vertex -78.5 2.8200000002980232 80
    endloop
  endfacet
  facet normal 0 0 1
    outer loop
      vertex -81.00500000268221 0.8200000002980232 80
      vertex -78.5 2.8200000002980232 80
      vertex -81.00500000268221 2.8200000002980232 80
    endloop
  endfacet
  facet normal 0 0 1
    outer loop
      vertex -81.00500000268221 4.320000000298023 80
      vertex -78.5 4.320000000298023 80
      vertex -78.5 6.320000000298023 80
    endloop
  endfacet
  facet normal 0 0 1
    outer loop
      vertex -81.00500000268221 4.320000000298023 80
      vertex -78.5 6.320000000298023 80
      vertex -81.00500000268221 6.320000000298023 80
    endloop
  endfacet
  facet normal 0 0 1
    outer loop
      vertex -81.00500000268221 7.820000000298023 80
      vertex -78.5 7.820000000298023 80
      vertex -78.5 9.820000000298023 80
    endloop
  endfacet
  facet normal 0 0 1
    outer loop
      vertex -81.00500000268221 7.820000000298023 80
      vertex -78.5 9.820000000298023 80
      vertex -81.00500000268221 9.820000000298023 80
    endloop
  endfacet
  facet normal 0 0 1
    outer loop
      vertex -81.00500000268221 11.320000000298023 80
      vertex -78.5 11.320000000298023 80
      vertex -78.5 13.320000000298023 80
    endloop
  endfacet
  facet normal 0 0 1
    outer loop
      vertex -81.00500000268221 11.320000000298023 80
      vertex -78.5 13.320000000298023 80
      vertex -81.00500000268221 13.320000000298023 80
    endloop
  endfacet
  facet normal 0 0 1
    outer loop
      vertex -81.00500000268221 14.820000000298023 80
      vertex -78.5 14.820000000298023 80
      vertex -78.5 16.820000000298023 80
    endloop
  endfacet
  facet normal 0 0 1
    outer loop
      vertex -81.00500000268221 14.820000000298023 80
      vertex -78.5 16.820000000298023 80
      vertex -81.00500000268221 16.820000000298023 80
    endloop
  endfacet
  facet normal 0 0 1
    outer loop
      vertex -81.00500000268221 18.320000000298023 80
      vertex -78.5 18.320000000298023 80
      vertex -78.5 18.350000001490116 80
    endloop
  endfacet
  facet normal 0 0 1
    outer loop
      vertex -81.00500000268221 18.320000000298023 80
      vertex -78.5 18.350000001490116 80
      vertex -79.73743686825037 20.51256313174963 80
    endloop
  endfacet
  facet normal 0 0 1
    outer loop
      vertex 78.5 18.350000001490116 80
      vertex 78.5 18.320000000298023 80
      vertex 81.00500000268221 18.320000000298023 80
    endloop
  endfacet
  facet normal 0 0 1
    outer loop
      vertex 79.73743686825037 20.51256313174963 80
      vertex 78.5 18.350000001490116 80
      vertex 81.00500000268221 18.320000000298023 80
    endloop
  endfacet
  facet normal 0 0 1
    outer loop
      vertex 81.00500000268221 16.820000000298023 80
      vertex 78.5 16.820000000298023 80
      vertex 78.5 14.820000000298023 80
    endloop
  endfacet
  facet normal 0 0 1
    outer loop
      vertex 81.00500000268221 16.820000000298023 80
      vertex 78.5 14.820000000298023 80
      vertex 81.00500000268221 14.820000000298023 80
    endloop
  endfacet
  facet normal 0 0 1
    outer loop
      vertex 81.00500000268221 13.320000000298023 80
      vertex 78.5 13.320000000298023 80
      vertex 78.5 11.320000000298023 80
    endloop
  endfacet
  facet normal 0 0 1
    outer loop
      vertex 81.00500000268221 13.320000000298023 80
      vertex 78.5 11.320000000298023 80
      vertex 81.00500000268221 11.320000000298023 80
    endloop
  endfacet
  facet normal 0 0 1
    outer loop
      vertex 81.00500000268221 9.820000000298023 80
      vertex 78.5 9.820000000298023 80
      vertex 78.5 7.820000000298023 80
    endloop
  endfacet
  facet normal 0 0 1
    outer loop
      vertex 81.00500000268221 9.820000000298023 80
      vertex 78.5 7.820000000298023 80
      vertex 81.00500000268221 7.820000000298023 80
    endloop
  endfacet
  facet normal 0 0 1
    outer loop
      vertex 81.00500000268221 6.320000000298023 80
      vertex 78.5 6.320000000298023 80
      vertex 78.5 4.320000000298023 80
    endloop
  endfacet
  facet normal 0 0 1
    outer loop
      vertex 81.00500000268221 6.320000000298023 80
      vertex 78.5 4.320000000298023 80
      vertex 81.00500000268221 4.320000000298023 80
    endloop
  endfacet
  facet normal 0 0 1
    outer loop
      vertex 81.00500000268221 2.8200000002980232 80
      vertex 78.5 2.8200000002980232 80
      vertex 78.5 0.8200000002980232 80
    endloop
  endfacet
  facet normal 0 0 1
    outer loop
      vertex 81.00500000268221 2.8200000002980232 80
      vertex 78.5 0.8200000002980232 80
      vertex 81.00500000268221 0.8200000002980232 80
    endloop
  endfacet
  facet normal 0 0 1
    outer loop
      vertex 81.00500000268221 -0.6799999997019768 80
      vertex 78.5 -0.6799999997019768 80
      vertex 78.5 -2.6799999997019768 80
    endloop
  endfacet
  facet normal 0 0 1
    outer loop
      vertex 81.00500000268221 -0.6799999997019768 80
      vertex 78.5 -2.6799999997019768 80
      vertex 81.00500000268221 -2.6799999997019768 80
    endloop
  endfacet
  facet normal 0 0 1
    outer loop
      vertex 81.00500000268221 -4.179999999701977 80
      vertex 78.5 -4.179999999701977 80
      vertex 78.5 -6.179999999701977 80
    endloop
  endfacet
  facet normal 0 0 1
    outer loop
      vertex 81.00500000268221 -4.179999999701977 80
      vertex 78.5 -6.179999999701977 80
      vertex 81.00500000268221 -6.179999999701977 80
    endloop
  endfacet
  facet normal 0 0 1
    outer loop
      vertex 81.00500000268221 -7.679999999701977 80
      vertex 78.5 -7.679999999701977 80
      vertex 78.5 -9.679999999701977 80
    endloop
  endfacet
  facet normal 0 0 1
    outer loop
      vertex 81.00500000268221 -7.679999999701977 80
      vertex 78.5 -9.679999999701977 80
      vertex 81.00500000268221 -9.679999999701977 80
    endloop
  endfacet
  facet normal 0 0 1
    outer loop
      vertex 81.00500000268221 -11.179999999701977 80
      vertex 78.5 -11.179999999701977 80
      vertex 78.5 -13.179999999701977 80
    endloop
  endfacet
  facet normal 0 0 1
    outer loop
      vertex 81.00500000268221 -11.179999999701977 80
      vertex 78.5 -13.179999999701977 80
      vertex 81.00500000268221 -13.179999999701977 80
    endloop
  endfacet
  facet normal 0 0 1
    outer loop
      vertex 81.00500000268221 -14.679999999701977 80
      vertex 78.5 -14.679999999701977 80
      vertex 78.5 -16.679999999701977 80
    endloop
  endfacet
  facet normal 0 0 1
    outer loop
      vertex 81.00500000268221 -14.679999999701977 80
      vertex 78.5 -16.679999999701977 80
      vertex 81.00500000268221 -16.679999999701977 80
    endloop
  endfacet
  facet normal 0 0 1
    outer loop
      vertex 81.00500000268221 -18.179999999701977 80
      vertex 78.5 -18.179999999701977 80
      vertex 78.5 -18.350000001490116 80
    endloop
  endfacet
  facet normal 0 0 1
    outer loop
      vertex -76.974100202322 -20.899999998509884 80
      vertex -75.10000000149012 -20.899999998509884 80
      vertex -75.10000000149012 -18.350000001490116 80
    endloop
  endfacet
  facet normal 0 0 1
    outer loop
      vertex -76.98445554077625 -20.875 80
      vertex -76.974100202322 -20.899999998509884 80
      vertex -75.10000000149012 -18.350000001490116 80
    endloop
  endfacet
  facet normal 0 0 1
    outer loop
      vertex -77.26256313174963 -20.51256313174963 80
      vertex -76.98445554077625 -20.875 80
      vertex -75.10000000149012 -18.350000001490116 80
    endloop
  endfacet
  facet normal 0 0 1
    outer loop
      vertex 75.10000000149012 -18.350000001490116 80
      vertex 75.10000000149012 -20.899999998509884 80
      vertex 76.974100202322 -20.899999998509884 80
    endloop
  endfacet
  facet normal 0 0 1
    outer loop
      vertex 75.10000000149012 -18.350000001490116 80
      vertex 76.974100202322 -20.899999998509884 80
      vertex 76.98445554077625 -20.875 80
    endloop
  endfacet
  facet normal 0 0 1
    outer loop
      vertex 75.10000000149012 -18.350000001490116 80
      vertex 76.98445554077625 -20.875 80
      vertex 77.26256313174963 -20.51256313174963 80
    endloop
  endfacet
  facet normal 0 0 1
    outer loop
      vertex -77.625 -20.234455540776253 80
      vertex -77.26256313174963 -20.51256313174963 80
      vertex -75.10000000149012 -18.350000001490116 80
    endloop
  endfacet
  facet normal 0 0 1
    outer loop
      vertex 75.10000000149012 -18.350000001490116 80
      vertex 77.26256313174963 -20.51256313174963 80
      vertex 77.625 -20.234455540776253 80
    endloop
  endfacet
  facet normal 0 0 1
    outer loop
      vertex -75.10000000149012 -25.75 80
      vertex -75.10000000149012 -22.600000001490116 80
      vertex -76.974100202322 -22.600000001490116 80
    endloop
  endfacet
  facet normal 0 0 1
    outer loop
      vertex -75.10000000149012 -25.75 80
      vertex -76.974100202322 -22.600000001490116 80
      vertex -76.98445554077625 -22.625 80
    endloop
  endfacet
  facet normal 0 0 1
    outer loop
      vertex -75.10000000149012 -25.75 80
      vertex -76.98445554077625 -22.625 80
      vertex -77.26256313174963 -22.98743686825037 80
    endloop
  endfacet
  facet normal 0 0 1
    outer loop
      vertex -75.10000000149012 -25.75 80
      vertex -77.26256313174963 -22.98743686825037 80
      vertex -77.625 -23.265544459223747 80
    endloop
  endfacet
  facet normal 0 0 1
    outer loop
      vertex 76.974100202322 -22.600000001490116 80
      vertex 75.10000000149012 -22.600000001490116 80
      vertex 75.10000000149012 -25.75 80
    endloop
  endfacet
  facet normal 0 0 1
    outer loop
      vertex 76.98445554077625 -22.625 80
      vertex 76.974100202322 -22.600000001490116 80
      vertex 75.10000000149012 -25.75 80
    endloop
  endfacet
  facet normal 0 0 1
    outer loop
      vertex 77.26256313174963 -22.98743686825037 80
      vertex 76.98445554077625 -22.625 80
      vertex 75.10000000149012 -25.75 80
    endloop
  endfacet
  facet normal 0 0 1
    outer loop
      vertex 77.625 -23.265544459223747 80
      vertex 77.26256313174963 -22.98743686825037 80
      vertex 75.10000000149012 -25.75 80
    endloop
  endfacet
  facet normal 0 0 1
    outer loop
      vertex 82.35458029806614 20.261074222624302 80
      vertex 82.5 20.28999999910593 80
      vertex 82.5 21.75 80
    endloop
  endfacet
  facet normal 0 0 1
    outer loop
      vertex -82.5 21.75 80
      vertex -82.5 20.28999999910593 80
      vertex -82.35458029806614 20.261074222624302 80
    endloop
  endfacet
  facet normal 0 0 1
    outer loop
      vertex -82.35458029806614 -20.261074222624302 80
      vertex -82.5 -20.28999999910593 80
      vertex -82.5 -21.75 80
    endloop
  endfacet
  facet normal 0 0 1
    outer loop
      vertex 82.5 -21.75 80
      vertex 82.5 -20.28999999910593 80
      vertex 82.35458029806614 -20.261074222624302 80
    endloop
  endfacet
  facet normal 0 0 1
    outer loop
      vertex -78.5 -25.75 80
      vertex -75.10000000149012 -25.75 80
      vertex -77.625 -23.265544459223747 80
    endloop
  endfacet
  facet normal 0 0 1
    outer loop
      vertex -78.5 -25.75 80
      vertex -77.625 -23.265544459223747 80
      vertex -78.04706667363644 -23.440370194613934 80
    endloop
  endfacet
  facet normal 0 0 1
    outer loop
      vertex -78.5 -25.75 80
      vertex -78.04706667363644 -23.440370194613934 80
      vertex -78.5 -23.5 80
    endloop
  endfacet
  facet normal 0 0 1
    outer loop
      vertex -78.89206856489182 -25.730738908052444 80
      vertex -78.5 -25.75 80
      vertex -78.5 -23.5 80
    endloop
  endfacet
  facet normal 0 0 1
    outer loop
      vertex -78.89206856489182 -25.730738908052444 80
      vertex -78.5 -23.5 80
      vertex -78.95293332636356 -23.440370194613934 80
    endloop
  endfacet
  facet normal 0 0 1
    outer loop
      vertex -79.28036128729582 -25.67314112186432 80
      vertex -78.89206856489182 -25.730738908052444 80
      vertex -78.95293332636356 -23.440370194613934 80
    endloop
  endfacet
  facet normal 0 0 1
    outer loop
      vertex -79.66113870590925 -25.577761344611645 80
      vertex -79.28036128729582 -25.67314112186432 80
      vertex -78.95293332636356 -23.440370194613934 80
    endloop
  endfacet
  facet normal 0 0 1
    outer loop
      vertex -80.0307337269187 -25.445518128573895 80
      vertex -79.66113870590925 -25.577761344611645 80
      vertex -78.95293332636356 -23.440370194613934 80
    endloop
  endfacet
  facet normal 0 0 1
    outer loop
      vertex -80.0307337269187 -25.445518128573895 80
      vertex -78.95293332636356 -23.440370194613934 80
      vertex -79.375 -23.265544459223747 80
    endloop
  endfacet
  facet normal 0 0 1
    outer loop
      vertex -80.38558694720268 -25.277685061097145 80
      vertex -80.0307337269187 -25.445518128573895 80
      vertex -79.375 -23.265544459223747 80
    endloop
  endfacet
  facet normal 0 0 1
    outer loop
      vertex -80.72228093445301 -25.07587844878435 80
      vertex -80.38558694720268 -25.277685061097145 80
      vertex -79.375 -23.265544459223747 80
    endloop
  endfacet
  facet normal 0 0 1
    outer loop
      vertex -81.03757313638926 -24.842041812837124 80
      vertex -80.72228093445301 -25.07587844878435 80
      vertex -79.375 -23.265544459223747 80
    endloop
  endfacet
  facet normal 0 0 1
    outer loop
      vertex -81.03757313638926 -24.842041812837124 80
      vertex -79.375 -23.265544459223747 80
      vertex -79.73743686825037 -22.98743686825037 80
    endloop
  endfacet
  facet normal 0 0 1
    outer loop
      vertex -81.3284271210432 -24.578427121043205 80
      vertex -81.03757313638926 -24.842041812837124 80
      vertex -79.73743686825037 -22.98743686825037 80
    endloop
  endfacet
  facet normal 0 0 1
    outer loop
      vertex -81.59204181283712 -24.287573136389256 80
      vertex -81.3284271210432 -24.578427121043205 80
      vertex -79.73743686825037 -22.98743686825037 80
    endloop
  endfacet
  facet normal 0 0 1
    outer loop
      vertex -81.59204181283712 -24.287573136389256 80
      vertex -79.73743686825037 -22.98743686825037 80
      vertex -80.01554445922375 -22.625 80
    endloop
  endfacet
  facet normal 0 0 1
    outer loop
      vertex -81.82587844878435 -23.97228093445301 80
      vertex -81.59204181283712 -24.287573136389256 80
      vertex -80.01554445922375 -22.625 80
    endloop
  endfacet
  facet normal 0 0 1
    outer loop
      vertex -82.02768506109715 -23.635586947202682 80
      vertex -81.82587844878435 -23.97228093445301 80
      vertex -80.01554445922375 -22.625 80
    endloop
  endfacet
  facet normal 0 0 1
    outer loop
      vertex -82.1955181285739 -23.280733726918697 80
      vertex -82.02768506109715 -23.635586947202682 80
      vertex -80.01554445922375 -22.625 80
    endloop
  endfacet
  facet normal 0 0 1
    outer loop
      vertex -82.1955181285739 -23.280733726918697 80
      vertex -80.01554445922375 -22.625 80
      vertex -80.19037019461393 -22.202933326363564 80
    endloop
  endfacet
  facet normal 0 0 1
    outer loop
      vertex -82.32776134461164 -22.911138705909252 80
      vertex -82.1955181285739 -23.280733726918697 80
      vertex -80.19037019461393 -22.202933326363564 80
    endloop
  endfacet
  facet normal 0 0 1
    outer loop
      vertex -82.42314112186432 -22.53036128729582 80
      vertex -82.32776134461164 -22.911138705909252 80
      vertex -80.19037019461393 -22.202933326363564 80
    endloop
  endfacet
  facet normal 0 0 1
    outer loop
      vertex -82.48073890805244 -22.142068564891815 80
      vertex -82.42314112186432 -22.53036128729582 80
      vertex -80.19037019461393 -22.202933326363564 80
    endloop
  endfacet
  facet normal 0 0 1
    outer loop
      vertex -82.48073890805244 -22.142068564891815 80
      vertex -80.19037019461393 -22.202933326363564 80
      vertex -80.25 -21.75 80
    endloop
  endfacet
  facet normal 0 0 1
    outer loop
      vertex -82.5 -21.75 80
      vertex -82.48073890805244 -22.142068564891815 80
      vertex -80.25 -21.75 80
    endloop
  endfacet
  facet normal 0 0 1
    outer loop
      vertex -82.5 -21.75 80
      vertex -80.25 -21.75 80
      vertex -80.19037019461393 -21.297066673636436 80
    endloop
  endfacet
  facet normal 0 0 1
    outer loop
      vertex -82.35458029806614 -20.261074222624302 80
      vertex -82.5 -21.75 80
      vertex -80.19037019461393 -21.297066673636436 80
    endloop
  endfacet
  facet normal 0 0 1
    outer loop
      vertex -82.23129942268133 -20.17870057374239 80
      vertex -82.35458029806614 -20.261074222624302 80
      vertex -80.19037019461393 -21.297066673636436 80
    endloop
  endfacet
  facet normal 0 0 1
    outer loop
      vertex -82.14892578125 -20.055419705808163 80
      vertex -82.23129942268133 -20.17870057374239 80
      vertex -80.19037019461393 -21.297066673636436 80
    endloop
  endfacet
  facet normal 0 0 1
    outer loop
      vertex -82.14892578125 -20.055419705808163 80
      vertex -80.19037019461393 -21.297066673636436 80
      vertex -80.01554445922375 -20.875 80
    endloop
  endfacet
  facet normal 0 0 1
    outer loop
      vertex -82.11999999731779 -19.90999999642372 80
      vertex -82.14892578125 -20.055419705808163 80
      vertex -80.01554445922375 -20.875 80
    endloop
  endfacet
  facet normal 0 0 1
    outer loop
      vertex -82.11999999731779 -19.90999999642372 80
      vertex -80.01554445922375 -20.875 80
      vertex -79.73743686825037 -20.51256313174963 80
    endloop
  endfacet
  facet normal 0 0 1
    outer loop
      vertex 77.625 -23.265544459223747 80
      vertex 75.10000000149012 -25.75 80
      vertex 78.5 -25.75 80
    endloop
  endfacet
  facet normal 0 0 1
    outer loop
      vertex 78.04706667363644 -23.440370194613934 80
      vertex 77.625 -23.265544459223747 80
      vertex 78.5 -25.75 80
    endloop
  endfacet
  facet normal 0 0 1
    outer loop
      vertex 78.5 -23.5 80
      vertex 78.04706667363644 -23.440370194613934 80
      vertex 78.5 -25.75 80
    endloop
  endfacet
  facet normal 0 0 1
    outer loop
      vertex 78.5 -23.5 80
      vertex 78.5 -25.75 80
      vertex 78.89206856489182 -25.730738908052444 80
    endloop
  endfacet
  facet normal 0 0 1
    outer loop
      vertex 78.95293332636356 -23.440370194613934 80
      vertex 78.5 -23.5 80
      vertex 78.89206856489182 -25.730738908052444 80
    endloop
  endfacet
  facet normal 0 0 1
    outer loop
      vertex 78.95293332636356 -23.440370194613934 80
      vertex 78.89206856489182 -25.730738908052444 80
      vertex 79.28036128729582 -25.67314112186432 80
    endloop
  endfacet
  facet normal 0 0 1
    outer loop
      vertex 78.95293332636356 -23.440370194613934 80
      vertex 79.28036128729582 -25.67314112186432 80
      vertex 79.66113870590925 -25.577761344611645 80
    endloop
  endfacet
  facet normal 0 0 1
    outer loop
      vertex 78.95293332636356 -23.440370194613934 80
      vertex 79.66113870590925 -25.577761344611645 80
      vertex 80.0307337269187 -25.445518128573895 80
    endloop
  endfacet
  facet normal 0 0 1
    outer loop
      vertex 79.375 -23.265544459223747 80
      vertex 78.95293332636356 -23.440370194613934 80
      vertex 80.0307337269187 -25.445518128573895 80
    endloop
  endfacet
  facet normal 0 0 1
    outer loop
      vertex 79.375 -23.265544459223747 80
      vertex 80.0307337269187 -25.445518128573895 80
      vertex 80.38558694720268 -25.277685061097145 80
    endloop
  endfacet
  facet normal 0 0 1
    outer loop
      vertex 79.375 -23.265544459223747 80
      vertex 80.38558694720268 -25.277685061097145 80
      vertex 80.72228093445301 -25.07587844878435 80
    endloop
  endfacet
  facet normal 0 0 1
    outer loop
      vertex 79.375 -23.265544459223747 80
      vertex 80.72228093445301 -25.07587844878435 80
      vertex 81.03757313638926 -24.842041812837124 80
    endloop
  endfacet
  facet normal 0 0 1
    outer loop
      vertex 79.73743686825037 -22.98743686825037 80
      vertex 79.375 -23.265544459223747 80
      vertex 81.03757313638926 -24.842041812837124 80
    endloop
  endfacet
  facet normal 0 0 1
    outer loop
      vertex 79.73743686825037 -22.98743686825037 80
      vertex 81.03757313638926 -24.842041812837124 80
      vertex 81.3284271210432 -24.578427121043205 80
    endloop
  endfacet
  facet normal 0 0 1
    outer loop
      vertex 79.73743686825037 -22.98743686825037 80
      vertex 81.3284271210432 -24.578427121043205 80
      vertex 81.59204181283712 -24.287573136389256 80
    endloop
  endfacet
  facet normal 0 0 1
    outer loop
      vertex 80.01554445922375 -22.625 80
      vertex 79.73743686825037 -22.98743686825037 80
      vertex 81.59204181283712 -24.287573136389256 80
    endloop
  endfacet
  facet normal 0 0 1
    outer loop
      vertex 80.01554445922375 -22.625 80
      vertex 81.59204181283712 -24.287573136389256 80
      vertex 81.82587844878435 -23.97228093445301 80
    endloop
  endfacet
  facet normal 0 0 1
    outer loop
      vertex 80.01554445922375 -22.625 80
      vertex 81.82587844878435 -23.97228093445301 80
      vertex 82.02768506109715 -23.635586947202682 80
    endloop
  endfacet
  facet normal 0 0 1
    outer loop
      vertex 80.01554445922375 -22.625 80
      vertex 82.02768506109715 -23.635586947202682 80
      vertex 82.1955181285739 -23.280733726918697 80
    endloop
  endfacet
  facet normal 0 0 1
    outer loop
      vertex 80.19037019461393 -22.202933326363564 80
      vertex 80.01554445922375 -22.625 80
      vertex 82.1955181285739 -23.280733726918697 80
    endloop
  endfacet
  facet normal 0 0 1
    outer loop
      vertex 80.19037019461393 -22.202933326363564 80
      vertex 82.1955181285739 -23.280733726918697 80
      vertex 82.32776134461164 -22.911138705909252 80
    endloop
  endfacet
  facet normal 0 0 1
    outer loop
      vertex 80.19037019461393 -22.202933326363564 80
      vertex 82.32776134461164 -22.911138705909252 80
      vertex 82.42314112186432 -22.53036128729582 80
    endloop
  endfacet
  facet normal 0 0 1
    outer loop
      vertex 80.19037019461393 -22.202933326363564 80
      vertex 82.42314112186432 -22.53036128729582 80
      vertex 82.48073890805244 -22.142068564891815 80
    endloop
  endfacet
  facet normal 0 0 1
    outer loop
      vertex 80.25 -21.75 80
      vertex 80.19037019461393 -22.202933326363564 80
      vertex 82.48073890805244 -22.142068564891815 80
    endloop
  endfacet
  facet normal 0 0 1
    outer loop
      vertex 80.25 -21.75 80
      vertex 82.48073890805244 -22.142068564891815 80
      vertex 82.5 -21.75 80
    endloop
  endfacet
  facet normal 0 0 1
    outer loop
      vertex 80.19037019461393 -21.297066673636436 80
      vertex 80.25 -21.75 80
      vertex 82.5 -21.75 80
    endloop
  endfacet
  facet normal 0 0 1
    outer loop
      vertex 80.19037019461393 -21.297066673636436 80
      vertex 82.5 -21.75 80
      vertex 82.35458029806614 -20.261074222624302 80
    endloop
  endfacet
  facet normal 0 0 1
    outer loop
      vertex 80.19037019461393 -21.297066673636436 80
      vertex 82.35458029806614 -20.261074222624302 80
      vertex 82.23129942268133 -20.17870057374239 80
    endloop
  endfacet
  facet normal 0 0 1
    outer loop
      vertex 80.19037019461393 -21.297066673636436 80
      vertex 82.23129942268133 -20.17870057374239 80
      vertex 82.14892578125 -20.055419705808163 80
    endloop
  endfacet
  facet normal 0 0 1
    outer loop
      vertex 80.01554445922375 -20.875 80
      vertex 80.19037019461393 -21.297066673636436 80
      vertex 82.14892578125 -20.055419705808163 80
    endloop
  endfacet
  facet normal 0 0 1
    outer loop
      vertex 80.01554445922375 -20.875 80
      vertex 82.14892578125 -20.055419705808163 80
      vertex 82.11999999731779 -19.90999999642372 80
    endloop
  endfacet
  facet normal 0 0 1
    outer loop
      vertex 79.73743686825037 -20.51256313174963 80
      vertex 80.01554445922375 -20.875 80
      vertex 82.11999999731779 -19.90999999642372 80
    endloop
  endfacet
  facet normal 0 0 1
    outer loop
      vertex 82.35458029806614 10.306074224412441 80
      vertex 82.5 10.33500000089407 80
      vertex 82.5 14.552500002086163 80
    endloop
  endfacet
  facet normal 0 0 1
    outer loop
      vertex -82.5 14.552500002086163 80
      vertex -82.5 10.33500000089407 80
      vertex -82.35458029806614 10.306074224412441 80
    endloop
  endfacet
  facet normal 0 0 1
    outer loop
      vertex -77.625 23.265544459223747 80
      vertex -77.26256313174963 22.98743686825037 80
      vertex -75.10000000149012 24.25500000268221 80
    endloop
  endfacet
  facet normal 0 0 1
    outer loop
      vertex 75.10000000149012 24.25500000268221 80
      vertex 77.26256313174963 22.98743686825037 80
      vertex 77.625 23.265544459223747 80
    endloop
  endfacet
  facet normal 0 0 1
    outer loop
      vertex -81.00500000268221 18.320000000298023 80
      vertex -79.73743686825037 20.51256313174963 80
      vertex -80.01554445922375 20.875 80
    endloop
  endfacet
  facet normal 0 0 1
    outer loop
      vertex 80.01554445922375 20.875 80
      vertex 79.73743686825037 20.51256313174963 80
      vertex 81.00500000268221 18.320000000298023 80
    endloop
  endfacet
  facet normal 0 0 1
    outer loop
      vertex 82.5 -14.552500002086163 80
      vertex 82.5 -10.33500000089407 80
      vertex 82.35458029806614 -10.306074224412441 80
    endloop
  endfacet
  facet normal 0 0 1
    outer loop
      vertex -82.35458029806614 -10.306074224412441 80
      vertex -82.5 -10.33500000089407 80
      vertex -82.5 -14.552500002086163 80
    endloop
  endfacet
  facet normal 0 0 1
    outer loop
      vertex 82.35458029806614 -19.55892577767372 80
      vertex 82.5 -19.530000001192093 80
      vertex 82.5 -15.3125 80
    endloop
  endfacet
  facet normal 0 0 1
    outer loop
      vertex -82.5 -15.3125 80
      vertex -82.5 -19.530000001192093 80
      vertex -82.35458029806614 -19.55892577767372 80
    endloop
  endfacet
  facet normal 0 0 1
    outer loop
      vertex -82.14892578125 -19.76458029448986 80
      vertex -82.11999999731779 -19.90999999642372 80
      vertex -79.73743686825037 -20.51256313174963 80
    endloop
  endfacet
  facet normal 0 0 1
    outer loop
      vertex 79.73743686825037 -20.51256313174963 80
      vertex 82.11999999731779 -19.90999999642372 80
      vertex 82.14892578125 -19.76458029448986 80
    endloop
  endfacet
  facet normal 0 0 1
    outer loop
      vertex 82.35458029806614 10.306074224412441 80
      vertex 82.5 14.552500002086163 80
      vertex 82.35458029806614 14.581425778567791 80
    endloop
  endfacet
  facet normal 0 0 1
    outer loop
      vertex -82.35458029806614 14.581425778567791 80
      vertex -82.5 14.552500002086163 80
      vertex -82.35458029806614 10.306074224412441 80
    endloop
  endfacet
  facet normal 0 0 1
    outer loop
      vertex -77.625 -20.234455540776253 80
      vertex -75.10000000149012 -18.350000001490116 80
      vertex -78.5 -18.350000001490116 80
    endloop
  endfacet
  facet normal 0 0 1
    outer loop
      vertex -78.04706667363644 -20.059629805386066 80
      vertex -77.625 -20.234455540776253 80
      vertex -78.5 -18.350000001490116 80
    endloop
  endfacet
  facet normal 0 0 1
    outer loop
      vertex -78.5 -20 80
      vertex -78.04706667363644 -20.059629805386066 80
      vertex -78.5 -18.350000001490116 80
    endloop
  endfacet
  facet normal 0 0 1
    outer loop
      vertex -78.95293332636356 -20.059629805386066 80
      vertex -78.5 -20 80
      vertex -78.5 -18.350000001490116 80
    endloop
  endfacet
  facet normal 0 0 1
    outer loop
      vertex -78.95293332636356 -20.059629805386066 80
      vertex -78.5 -18.350000001490116 80
      vertex -81.00500000268221 -18.179999999701977 80
    endloop
  endfacet
  facet normal 0 0 1
    outer loop
      vertex -79.375 -20.234455540776253 80
      vertex -78.95293332636356 -20.059629805386066 80
      vertex -81.00500000268221 -18.179999999701977 80
    endloop
  endfacet
  facet normal 0 0 1
    outer loop
      vertex -79.73743686825037 -20.51256313174963 80
      vertex -79.375 -20.234455540776253 80
      vertex -81.00500000268221 -18.179999999701977 80
    endloop
  endfacet
  facet normal 0 0 1
    outer loop
      vertex -82.14892578125 -19.76458029448986 80
      vertex -79.73743686825037 -20.51256313174963 80
      vertex -81.00500000268221 -18.179999999701977 80
    endloop
  endfacet
  facet normal 0 0 1
    outer loop
      vertex -82.23129942268133 -19.641299426555634 80
      vertex -82.14892578125 -19.76458029448986 80
      vertex -81.00500000268221 -18.179999999701977 80
    endloop
  endfacet
  facet normal 0 0 1
    outer loop
      vertex -82.35458029806614 -19.55892577767372 80
      vertex -82.23129942268133 -19.641299426555634 80
      vertex -81.00500000268221 -18.179999999701977 80
    endloop
  endfacet
  facet normal 0 0 1
    outer loop
      vertex 78.5 -18.350000001490116 80
      vertex 75.10000000149012 -18.350000001490116 80
      vertex 77.625 -20.234455540776253 80
    endloop
  endfacet
  facet normal 0 0 1
    outer loop
      vertex 78.5 -18.350000001490116 80
      vertex 77.625 -20.234455540776253 80
      vertex 78.04706667363644 -20.059629805386066 80
    endloop
  endfacet
  facet normal 0 0 1
    outer loop
      vertex 78.5 -18.350000001490116 80
      vertex 78.04706667363644 -20.059629805386066 80
      vertex 78.5 -20 80
    endloop
  endfacet
  facet normal 0 0 1
    outer loop
      vertex 78.5 -18.350000001490116 80
      vertex 78.5 -20 80
      vertex 78.95293332636356 -20.059629805386066 80
    endloop
  endfacet
  facet normal 0 0 1
    outer loop
      vertex 81.00500000268221 -18.179999999701977 80
      vertex 78.5 -18.350000001490116 80
      vertex 78.95293332636356 -20.059629805386066 80
    endloop
  endfacet
  facet normal 0 0 1
    outer loop
      vertex 81.00500000268221 -18.179999999701977 80
      vertex 78.95293332636356 -20.059629805386066 80
      vertex 79.375 -20.234455540776253 80
    endloop
  endfacet
  facet normal 0 0 1
    outer loop
      vertex 81.00500000268221 -18.179999999701977 80
      vertex 79.375 -20.234455540776253 80
      vertex 79.73743686825037 -20.51256313174963 80
    endloop
  endfacet
  facet normal 0 0 1
    outer loop
      vertex 81.00500000268221 -18.179999999701977 80
      vertex 79.73743686825037 -20.51256313174963 80
      vertex 82.14892578125 -19.76458029448986 80
    endloop
  endfacet
  facet normal 0 0 1
    outer loop
      vertex 81.00500000268221 -18.179999999701977 80
      vertex 82.14892578125 -19.76458029448986 80
      vertex 82.23129942268133 -19.641299426555634 80
    endloop
  endfacet
  facet normal 0 0 1
    outer loop
      vertex 81.00500000268221 -18.179999999701977 80
      vertex 82.23129942268133 -19.641299426555634 80
      vertex 82.35458029806614 -19.55892577767372 80
    endloop
  endfacet
  facet normal 0 0 1
    outer loop
      vertex 82.5 15.3125 80
      vertex 82.5 19.530000001192093 80
      vertex 82.35458029806614 19.55892577767372 80
    endloop
  endfacet
  facet normal 0 0 1
    outer loop
      vertex -82.35458029806614 19.55892577767372 80
      vertex -82.5 19.530000001192093 80
      vertex -82.5 15.3125 80
    endloop
  endfacet
  facet normal 0 0 1
    outer loop
      vertex 82.35458029806614 -19.55892577767372 80
      vertex 82.5 -15.3125 80
      vertex 82.35458029806614 -15.283574223518372 80
    endloop
  endfacet
  facet normal 0 0 1
    outer loop
      vertex -82.35458029806614 -15.283574223518372 80
      vertex -82.5 -15.3125 80
      vertex -82.35458029806614 -19.55892577767372 80
    endloop
  endfacet
  facet normal 0 0 1
    outer loop
      vertex 82.35458029806614 -14.581425778567791 80
      vertex 82.5 -14.552500002086163 80
      vertex 82.35458029806614 -10.306074224412441 80
    endloop
  endfacet
  facet normal 0 0 1
    outer loop
      vertex -82.35458029806614 -10.306074224412441 80
      vertex -82.5 -14.552500002086163 80
      vertex -82.35458029806614 -14.581425778567791 80
    endloop
  endfacet
  facet normal 0 0 1
    outer loop
      vertex 82.35458029806614 5.328574225306511 80
      vertex 82.5 5.357500001788139 80
      vertex 82.5 9.575000002980232 80
    endloop
  endfacet
  facet normal 0 0 1
    outer loop
      vertex -82.5 9.575000002980232 80
      vertex -82.5 5.357500001788139 80
      vertex -82.35458029806614 5.328574225306511 80
    endloop
  endfacet
  facet normal 0 0 1
    outer loop
      vertex 82.35458029806614 15.283574223518372 80
      vertex 82.5 15.3125 80
      vertex 82.35458029806614 19.55892577767372 80
    endloop
  endfacet
  facet normal 0 0 1
    outer loop
      vertex -82.35458029806614 19.55892577767372 80
      vertex -82.5 15.3125 80
      vertex -82.35458029806614 15.283574223518372 80
    endloop
  endfacet
  facet normal 0 0 1
    outer loop
      vertex 82.35458029806614 0.35107421875 80
      vertex 82.5 0.380000002682209 80
      vertex 82.5 4.597499996423721 80
    endloop
  endfacet
  facet normal 0 0 1
    outer loop
      vertex -82.5 4.597499996423721 80
      vertex -82.5 0.380000002682209 80
      vertex -82.35458029806614 0.35107421875 80
    endloop
  endfacet
  facet normal 0 0 1
    outer loop
      vertex 82.5 -9.575000002980232 80
      vertex 82.5 -5.357500001788139 80
      vertex 82.35458029806614 -5.328574225306511 80
    endloop
  endfacet
  facet normal 0 0 1
    outer loop
      vertex -82.35458029806614 -5.328574225306511 80
      vertex -82.5 -5.357500001788139 80
      vertex -82.5 -9.575000002980232 80
    endloop
  endfacet
  facet normal 0 0 1
    outer loop
      vertex 82.5 -4.597499996423721 80
      vertex 82.5 -0.380000002682209 80
      vertex 82.35458029806614 -0.35107421875 80
    endloop
  endfacet
  facet normal 0 0 1
    outer loop
      vertex -82.35458029806614 -0.35107421875 80
      vertex -82.5 -0.380000002682209 80
      vertex -82.5 -4.597499996423721 80
    endloop
  endfacet
  facet normal 0 0 1
    outer loop
      vertex 82.35458029806614 10.306074224412441 80
      vertex 82.35458029806614 14.581425778567791 80
      vertex 82.23129942268133 14.663799419999123 80
    endloop
  endfacet
  facet normal 0 0 1
    outer loop
      vertex 82.23129942268133 10.223700575530529 80
      vertex 82.35458029806614 10.306074224412441 80
      vertex 82.23129942268133 14.663799419999123 80
    endloop
  endfacet
  facet normal 0 0 1
    outer loop
      vertex -82.23129942268133 14.663799419999123 80
      vertex -82.35458029806614 14.581425778567791 80
      vertex -82.35458029806614 10.306074224412441 80
    endloop
  endfacet
  facet normal 0 0 1
    outer loop
      vertex -82.23129942268133 14.663799419999123 80
      vertex -82.35458029806614 10.306074224412441 80
      vertex -82.23129942268133 10.223700575530529 80
    endloop
  endfacet
  facet normal 0 0 1
    outer loop
      vertex 82.23129942268133 -14.663799419999123 80
      vertex 82.35458029806614 -14.581425778567791 80
      vertex 82.35458029806614 -10.306074224412441 80
    endloop
  endfacet
  facet normal 0 0 1
    outer loop
      vertex -82.35458029806614 -10.306074224412441 80
      vertex -82.35458029806614 -14.581425778567791 80
      vertex -82.23129942268133 -14.663799419999123 80
    endloop
  endfacet
  facet normal 0 0 1
    outer loop
      vertex 82.35458029806614 -19.55892577767372 80
      vertex 82.35458029806614 -15.283574223518372 80
      vertex 82.23129942268133 -15.20120057463646 80
    endloop
  endfacet
  facet normal 0 0 1
    outer loop
      vertex -82.23129942268133 -15.20120057463646 80
      vertex -82.35458029806614 -15.283574223518372 80
      vertex -82.35458029806614 -19.55892577767372 80
    endloop
  endfacet
  facet normal 0 0 1
    outer loop
      vertex 82.35458029806614 15.283574223518372 80
      vertex 82.35458029806614 19.55892577767372 80
      vertex 82.23129942268133 19.641299426555634 80
    endloop
  endfacet
  facet normal 0 0 1
    outer loop
      vertex -82.23129942268133 19.641299426555634 80
      vertex -82.35458029806614 19.55892577767372 80
      vertex -82.35458029806614 15.283574223518372 80
    endloop
  endfacet
  facet normal 0 0 1
    outer loop
      vertex 82.35458029806614 5.328574225306511 80
      vertex 82.5 9.575000002980232 80
      vertex 82.35458029806614 9.60392577946186 80
    endloop
  endfacet
  facet normal 0 0 1
    outer loop
      vertex -82.35458029806614 9.60392577946186 80
      vertex -82.5 9.575000002980232 80
      vertex -82.35458029806614 5.328574225306511 80
    endloop
  endfacet
  facet normal 0 0 1
    outer loop
      vertex 82.35458029806614 0.35107421875 80
      vertex 82.5 4.597499996423721 80
      vertex 82.35458029806614 4.62642578035593 80
    endloop
  endfacet
  facet normal 0 0 1
    outer loop
      vertex -82.35458029806614 4.62642578035593 80
      vertex -82.5 4.597499996423721 80
      vertex -82.35458029806614 0.35107421875 80
    endloop
  endfacet
  facet normal 0 0 1
    outer loop
      vertex 82.23129942268133 -14.663799419999123 80
      vertex 82.35458029806614 -10.306074224412441 80
      vertex 82.23129942268133 -10.223700575530529 80
    endloop
  endfacet
  facet normal 0 0 1
    outer loop
      vertex -82.23129942268133 -10.223700575530529 80
      vertex -82.35458029806614 -10.306074224412441 80
      vertex -82.23129942268133 -14.663799419999123 80
    endloop
  endfacet
  facet normal 0 0 1
    outer loop
      vertex 82.5 -9.575000002980232 80
      vertex 82.35458029806614 -5.328574225306511 80
      vertex 82.23129942268133 -5.246200576424599 80
    endloop
  endfacet
  facet normal 0 0 1
    outer loop
      vertex -82.23129942268133 -5.246200576424599 80
      vertex -82.35458029806614 -5.328574225306511 80
      vertex -82.5 -9.575000002980232 80
    endloop
  endfacet
  facet normal 0 0 1
    outer loop
      vertex 82.5 -4.597499996423721 80
      vertex 82.35458029806614 -0.35107421875 80
      vertex 82.23129942268133 -0.26870057731866837 80
    endloop
  endfacet
  facet normal 0 0 1
    outer loop
      vertex -82.23129942268133 -0.26870057731866837 80
      vertex -82.35458029806614 -0.35107421875 80
      vertex -82.5 -4.597499996423721 80
    endloop
  endfacet
  facet normal 0 0 1
    outer loop
      vertex 82.23129942268133 5.246200576424599 80
      vertex 82.35458029806614 5.328574225306511 80
      vertex 82.35458029806614 9.60392577946186 80
    endloop
  endfacet
  facet normal 0 0 1
    outer loop
      vertex -82.35458029806614 9.60392577946186 80
      vertex -82.35458029806614 5.328574225306511 80
      vertex -82.23129942268133 5.246200576424599 80
    endloop
  endfacet
  facet normal 0 0 1
    outer loop
      vertex 82.23129942268133 15.20120057463646 80
      vertex 82.35458029806614 15.283574223518372 80
      vertex 82.23129942268133 19.641299426555634 80
    endloop
  endfacet
  facet normal 0 0 1
    outer loop
      vertex -82.23129942268133 19.641299426555634 80
      vertex -82.35458029806614 15.283574223518372 80
      vertex -82.23129942268133 15.20120057463646 80
    endloop
  endfacet
  facet normal 0 0 1
    outer loop
      vertex 82.23129942268133 0.26870057731866837 80
      vertex 82.35458029806614 0.35107421875 80
      vertex 82.35458029806614 4.62642578035593 80
    endloop
  endfacet
  facet normal 0 0 1
    outer loop
      vertex -82.35458029806614 4.62642578035593 80
      vertex -82.35458029806614 0.35107421875 80
      vertex -82.23129942268133 0.26870057731866837 80
    endloop
  endfacet
  facet normal 0 0 1
    outer loop
      vertex 82.23129942268133 20.17870057374239 80
      vertex 82.35458029806614 20.261074222624302 80
      vertex 82.5 21.75 80
    endloop
  endfacet
  facet normal 0 0 1
    outer loop
      vertex -82.5 21.75 80
      vertex -82.35458029806614 20.261074222624302 80
      vertex -82.23129942268133 20.17870057374239 80
    endloop
  endfacet
  facet normal 0 0 1
    outer loop
      vertex 82.35458029806614 -9.60392577946186 80
      vertex 82.5 -9.575000002980232 80
      vertex 82.23129942268133 -5.246200576424599 80
    endloop
  endfacet
  facet normal 0 0 1
    outer loop
      vertex -82.23129942268133 -5.246200576424599 80
      vertex -82.5 -9.575000002980232 80
      vertex -82.35458029806614 -9.60392577946186 80
    endloop
  endfacet
  facet normal 0 0 1
    outer loop
      vertex 82.35458029806614 -4.62642578035593 80
      vertex 82.5 -4.597499996423721 80
      vertex 82.23129942268133 -0.26870057731866837 80
    endloop
  endfacet
  facet normal 0 0 1
    outer loop
      vertex -82.23129942268133 -0.26870057731866837 80
      vertex -82.5 -4.597499996423721 80
      vertex -82.35458029806614 -4.62642578035593 80
    endloop
  endfacet
  facet normal 0 0 1
    outer loop
      vertex 82.23129942268133 5.246200576424599 80
      vertex 82.35458029806614 9.60392577946186 80
      vertex 82.23129942268133 9.686299420893192 80
    endloop
  endfacet
  facet normal 0 0 1
    outer loop
      vertex -82.23129942268133 9.686299420893192 80
      vertex -82.35458029806614 9.60392577946186 80
      vertex -82.23129942268133 5.246200576424599 80
    endloop
  endfacet
  facet normal 0 0 1
    outer loop
      vertex 82.23129942268133 0.26870057731866837 80
      vertex 82.35458029806614 4.62642578035593 80
      vertex 82.23129942268133 4.708799421787262 80
    endloop
  endfacet
  facet normal 0 0 1
    outer loop
      vertex -82.23129942268133 4.708799421787262 80
      vertex -82.35458029806614 4.62642578035593 80
      vertex -82.23129942268133 0.26870057731866837 80
    endloop
  endfacet
  facet normal 0 0 1
    outer loop
      vertex 82.23129942268133 -9.686299420893192 80
      vertex 82.35458029806614 -9.60392577946186 80
      vertex 82.23129942268133 -5.246200576424599 80
    endloop
  endfacet
  facet normal 0 0 1
    outer loop
      vertex -82.23129942268133 -5.246200576424599 80
      vertex -82.35458029806614 -9.60392577946186 80
      vertex -82.23129942268133 -9.686299420893192 80
    endloop
  endfacet
  facet normal 0 0 1
    outer loop
      vertex 82.23129942268133 -4.708799421787262 80
      vertex 82.35458029806614 -4.62642578035593 80
      vertex 82.23129942268133 -0.26870057731866837 80
    endloop
  endfacet
  facet normal 0 0 1
    outer loop
      vertex -82.23129942268133 -0.26870057731866837 80
      vertex -82.35458029806614 -4.62642578035593 80
      vertex -82.23129942268133 -4.708799421787262 80
    endloop
  endfacet
  facet normal 0 0 1
    outer loop
      vertex -82.35458029806614 -19.55892577767372 80
      vertex -81.00500000268221 -18.179999999701977 80
      vertex -81.00500000268221 -16.679999999701977 80
    endloop
  endfacet
  facet normal 0 0 1
    outer loop
      vertex -82.23129942268133 -15.20120057463646 80
      vertex -82.35458029806614 -19.55892577767372 80
      vertex -81.00500000268221 -16.679999999701977 80
    endloop
  endfacet
  facet normal 0 0 1
    outer loop
      vertex -82.14892578125 -15.077919706702232 80
      vertex -82.23129942268133 -15.20120057463646 80
      vertex -81.00500000268221 -16.679999999701977 80
    endloop
  endfacet
  facet normal 0 0 1
    outer loop
      vertex -82.14892578125 -15.077919706702232 80
      vertex -81.00500000268221 -16.679999999701977 80
      vertex -81.00500000268221 -14.679999999701977 80
    endloop
  endfacet
  facet normal 0 0 1
    outer loop
      vertex -82.11999999731779 -14.932499997317791 80
      vertex -82.14892578125 -15.077919706702232 80
      vertex -81.00500000268221 -14.679999999701977 80
    endloop
  endfacet
  facet normal 0 0 1
    outer loop
      vertex -82.14892578125 -14.78708029538393 80
      vertex -82.11999999731779 -14.932499997317791 80
      vertex -81.00500000268221 -14.679999999701977 80
    endloop
  endfacet
  facet normal 0 0 1
    outer loop
      vertex -82.14892578125 -14.78708029538393 80
      vertex -81.00500000268221 -14.679999999701977 80
      vertex -81.00500000268221 -13.179999999701977 80
    endloop
  endfacet
  facet normal 0 0 1
    outer loop
      vertex -82.23129942268133 -14.663799419999123 80
      vertex -82.14892578125 -14.78708029538393 80
      vertex -81.00500000268221 -13.179999999701977 80
    endloop
  endfacet
  facet normal 0 0 1
    outer loop
      vertex 81.00500000268221 -16.679999999701977 80
      vertex 81.00500000268221 -18.179999999701977 80
      vertex 82.35458029806614 -19.55892577767372 80
    endloop
  endfacet
  facet normal 0 0 1
    outer loop
      vertex 81.00500000268221 -16.679999999701977 80
      vertex 82.35458029806614 -19.55892577767372 80
      vertex 82.23129942268133 -15.20120057463646 80
    endloop
  endfacet
  facet normal 0 0 1
    outer loop
      vertex 81.00500000268221 -16.679999999701977 80
      vertex 82.23129942268133 -15.20120057463646 80
      vertex 82.14892578125 -15.077919706702232 80
    endloop
  endfacet
  facet normal 0 0 1
    outer loop
      vertex 81.00500000268221 -14.679999999701977 80
      vertex 81.00500000268221 -16.679999999701977 80
      vertex 82.14892578125 -15.077919706702232 80
    endloop
  endfacet
  facet normal 0 0 1
    outer loop
      vertex 81.00500000268221 -14.679999999701977 80
      vertex 82.14892578125 -15.077919706702232 80
      vertex 82.11999999731779 -14.932499997317791 80
    endloop
  endfacet
  facet normal 0 0 1
    outer loop
      vertex 81.00500000268221 -14.679999999701977 80
      vertex 82.11999999731779 -14.932499997317791 80
      vertex 82.14892578125 -14.78708029538393 80
    endloop
  endfacet
  facet normal 0 0 1
    outer loop
      vertex 81.00500000268221 -13.179999999701977 80
      vertex 81.00500000268221 -14.679999999701977 80
      vertex 82.14892578125 -14.78708029538393 80
    endloop
  endfacet
  facet normal 0 0 1
    outer loop
      vertex 81.00500000268221 -13.179999999701977 80
      vertex 82.14892578125 -14.78708029538393 80
      vertex 82.23129942268133 -14.663799419999123 80
    endloop
  endfacet
  facet normal 0 0 1
    outer loop
      vertex -78.04706667363644 23.440370194613934 80
      vertex -77.625 23.265544459223747 80
      vertex -75.10000000149012 24.25500000268221 80
    endloop
  endfacet
  facet normal 0 0 1
    outer loop
      vertex 75.10000000149012 24.25500000268221 80
      vertex 77.625 23.265544459223747 80
      vertex 78.04706667363644 23.440370194613934 80
    endloop
  endfacet
  facet normal 0 0 1
    outer loop
      vertex -81.00500000268221 18.320000000298023 80
      vertex -80.01554445922375 20.875 80
      vertex -80.19037019461393 21.297066673636436 80
    endloop
  endfacet
  facet normal 0 0 1
    outer loop
      vertex 80.19037019461393 21.297066673636436 80
      vertex 80.01554445922375 20.875 80
      vertex 81.00500000268221 18.320000000298023 80
    endloop
  endfacet
  facet normal 0 0 1
    outer loop
      vertex -82.23129942268133 -10.223700575530529 80
      vertex -82.23129942268133 -14.663799419999123 80
      vertex -81.00500000268221 -13.179999999701977 80
    endloop
  endfacet
  facet normal 0 0 1
    outer loop
      vertex -82.23129942268133 -10.223700575530529 80
      vertex -81.00500000268221 -13.179999999701977 80
      vertex -81.00500000268221 -11.179999999701977 80
    endloop
  endfacet
  facet normal 0 0 1
    outer loop
      vertex -82.14892578125 -10.100419707596302 80
      vertex -82.23129942268133 -10.223700575530529 80
      vertex -81.00500000268221 -11.179999999701977 80
    endloop
  endfacet
  facet normal 0 0 1
    outer loop
      vertex -82.14892578125 -10.100419707596302 80
      vertex -81.00500000268221 -11.179999999701977 80
      vertex -81.00500000268221 -9.679999999701977 80
    endloop
  endfacet
  facet normal 0 0 1
    outer loop
      vertex -82.11999999731779 -9.95499999821186 80
      vertex -82.14892578125 -10.100419707596302 80
      vertex -81.00500000268221 -9.679999999701977 80
    endloop
  endfacet
  facet normal 0 0 1
    outer loop
      vertex -82.14892578125 -9.809580296278 80
      vertex -82.11999999731779 -9.95499999821186 80
      vertex -81.00500000268221 -9.679999999701977 80
    endloop
  endfacet
  facet normal 0 0 1
    outer loop
      vertex -82.14892578125 -9.809580296278 80
      vertex -81.00500000268221 -9.679999999701977 80
      vertex -81.00500000268221 -7.679999999701977 80
    endloop
  endfacet
  facet normal 0 0 1
    outer loop
      vertex -82.23129942268133 -9.686299420893192 80
      vertex -82.14892578125 -9.809580296278 80
      vertex -81.00500000268221 -7.679999999701977 80
    endloop
  endfacet
  facet normal 0 0 1
    outer loop
      vertex 81.00500000268221 -13.179999999701977 80
      vertex 82.23129942268133 -14.663799419999123 80
      vertex 82.23129942268133 -10.223700575530529 80
    endloop
  endfacet
  facet normal 0 0 1
    outer loop
      vertex 81.00500000268221 -11.179999999701977 80
      vertex 81.00500000268221 -13.179999999701977 80
      vertex 82.23129942268133 -10.223700575530529 80
    endloop
  endfacet
  facet normal 0 0 1
    outer loop
      vertex 81.00500000268221 -11.179999999701977 80
      vertex 82.23129942268133 -10.223700575530529 80
      vertex 82.14892578125 -10.100419707596302 80
    endloop
  endfacet
  facet normal 0 0 1
    outer loop
      vertex 81.00500000268221 -9.679999999701977 80
      vertex 81.00500000268221 -11.179999999701977 80
      vertex 82.14892578125 -10.100419707596302 80
    endloop
  endfacet
  facet normal 0 0 1
    outer loop
      vertex 81.00500000268221 -9.679999999701977 80
      vertex 82.14892578125 -10.100419707596302 80
      vertex 82.11999999731779 -9.95499999821186 80
    endloop
  endfacet
  facet normal 0 0 1
    outer loop
      vertex 81.00500000268221 -9.679999999701977 80
      vertex 82.11999999731779 -9.95499999821186 80
      vertex 82.14892578125 -9.809580296278 80
    endloop
  endfacet
  facet normal 0 0 1
    outer loop
      vertex 81.00500000268221 -7.679999999701977 80
      vertex 81.00500000268221 -9.679999999701977 80
      vertex 82.14892578125 -9.809580296278 80
    endloop
  endfacet
  facet normal 0 0 1
    outer loop
      vertex 81.00500000268221 -7.679999999701977 80
      vertex 82.14892578125 -9.809580296278 80
      vertex 82.23129942268133 -9.686299420893192 80
    endloop
  endfacet
  facet normal 0 0 1
    outer loop
      vertex -82.23129942268133 -5.246200576424599 80
      vertex -82.23129942268133 -9.686299420893192 80
      vertex -81.00500000268221 -7.679999999701977 80
    endloop
  endfacet
  facet normal 0 0 1
    outer loop
      vertex -82.23129942268133 -5.246200576424599 80
      vertex -81.00500000268221 -7.679999999701977 80
      vertex -81.00500000268221 -6.179999999701977 80
    endloop
  endfacet
  facet normal 0 0 1
    outer loop
      vertex -82.14892578125 -5.122919701039791 80
      vertex -82.23129942268133 -5.246200576424599 80
      vertex -81.00500000268221 -6.179999999701977 80
    endloop
  endfacet
  facet normal 0 0 1
    outer loop
      vertex -82.14892578125 -5.122919701039791 80
      vertex -81.00500000268221 -6.179999999701977 80
      vertex -81.00500000268221 -4.179999999701977 80
    endloop
  endfacet
  facet normal 0 0 1
    outer loop
      vertex -82.11999999731779 -4.97749999910593 80
      vertex -82.14892578125 -5.122919701039791 80
      vertex -81.00500000268221 -4.179999999701977 80
    endloop
  endfacet
  facet normal 0 0 1
    outer loop
      vertex -82.14892578125 -4.8320802971720695 80
      vertex -82.11999999731779 -4.97749999910593 80
      vertex -81.00500000268221 -4.179999999701977 80
    endloop
  endfacet
  facet normal 0 0 1
    outer loop
      vertex -82.23129942268133 -4.708799421787262 80
      vertex -82.14892578125 -4.8320802971720695 80
      vertex -81.00500000268221 -4.179999999701977 80
    endloop
  endfacet
  facet normal 0 0 1
    outer loop
      vertex -82.23129942268133 -4.708799421787262 80
      vertex -81.00500000268221 -4.179999999701977 80
      vertex -81.00500000268221 -2.6799999997019768 80
    endloop
  endfacet
  facet normal 0 0 1
    outer loop
      vertex -82.23129942268133 -0.26870057731866837 80
      vertex -82.23129942268133 -4.708799421787262 80
      vertex -81.00500000268221 -2.6799999997019768 80
    endloop
  endfacet
  facet normal 0 0 1
    outer loop
      vertex -82.23129942268133 -0.26870057731866837 80
      vertex -81.00500000268221 -2.6799999997019768 80
      vertex -81.00500000268221 -0.6799999997019768 80
    endloop
  endfacet
  facet normal 0 0 1
    outer loop
      vertex -82.14892578125 -0.14541970193386078 80
      vertex -82.23129942268133 -0.26870057731866837 80
      vertex -81.00500000268221 -0.6799999997019768 80
    endloop
  endfacet
  facet normal 0 0 1
    outer loop
      vertex -82.11999999731779 0 80
      vertex -82.14892578125 -0.14541970193386078 80
      vertex -81.00500000268221 -0.6799999997019768 80
    endloop
  endfacet
  facet normal 0 0 1
    outer loop
      vertex -82.11999999731779 0 80
      vertex -81.00500000268221 -0.6799999997019768 80
      vertex -81.00500000268221 0.8200000002980232 80
    endloop
  endfacet
  facet normal 0 0 1
    outer loop
      vertex -82.14892578125 0.14541970193386078 80
      vertex -82.11999999731779 0 80
      vertex -81.00500000268221 0.8200000002980232 80
    endloop
  endfacet
  facet normal 0 0 1
    outer loop
      vertex -82.23129942268133 0.26870057731866837 80
      vertex -82.14892578125 0.14541970193386078 80
      vertex -81.00500000268221 0.8200000002980232 80
    endloop
  endfacet
  facet normal 0 0 1
    outer loop
      vertex -82.23129942268133 0.26870057731866837 80
      vertex -81.00500000268221 0.8200000002980232 80
      vertex -81.00500000268221 2.8200000002980232 80
    endloop
  endfacet
  facet normal 0 0 1
    outer loop
      vertex -82.23129942268133 4.708799421787262 80
      vertex -82.23129942268133 0.26870057731866837 80
      vertex -81.00500000268221 2.8200000002980232 80
    endloop
  endfacet
  facet normal 0 0 1
    outer loop
      vertex -82.23129942268133 4.708799421787262 80
      vertex -81.00500000268221 2.8200000002980232 80
      vertex -81.00500000268221 4.320000000298023 80
    endloop
  endfacet
  facet normal 0 0 1
    outer loop
      vertex -82.14892578125 4.8320802971720695 80
      vertex -82.23129942268133 4.708799421787262 80
      vertex -81.00500000268221 4.320000000298023 80
    endloop
  endfacet
  facet normal 0 0 1
    outer loop
      vertex -82.11999999731779 4.97749999910593 80
      vertex -82.14892578125 4.8320802971720695 80
      vertex -81.00500000268221 4.320000000298023 80
    endloop
  endfacet
  facet normal 0 0 1
    outer loop
      vertex -82.11999999731779 4.97749999910593 80
      vertex -81.00500000268221 4.320000000298023 80
      vertex -81.00500000268221 6.320000000298023 80
    endloop
  endfacet
  facet normal 0 0 1
    outer loop
      vertex -82.14892578125 5.122919701039791 80
      vertex -82.11999999731779 4.97749999910593 80
      vertex -81.00500000268221 6.320000000298023 80
    endloop
  endfacet
  facet normal 0 0 1
    outer loop
      vertex -82.23129942268133 5.246200576424599 80
      vertex -82.14892578125 5.122919701039791 80
      vertex -81.00500000268221 6.320000000298023 80
    endloop
  endfacet
  facet normal 0 0 1
    outer loop
      vertex -82.23129942268133 5.246200576424599 80
      vertex -81.00500000268221 6.320000000298023 80
      vertex -81.00500000268221 7.820000000298023 80
    endloop
  endfacet
  facet normal 0 0 1
    outer loop
      vertex -82.23129942268133 9.686299420893192 80
      vertex -82.23129942268133 5.246200576424599 80
      vertex -81.00500000268221 7.820000000298023 80
    endloop
  endfacet
  facet normal 0 0 1
    outer loop
      vertex -82.23129942268133 9.686299420893192 80
      vertex -81.00500000268221 7.820000000298023 80
      vertex -81.00500000268221 9.820000000298023 80
    endloop
  endfacet
  facet normal 0 0 1
    outer loop
      vertex -82.14892578125 9.809580296278 80
      vertex -82.23129942268133 9.686299420893192 80
      vertex -81.00500000268221 9.820000000298023 80
    endloop
  endfacet
  facet normal 0 0 1
    outer loop
      vertex -82.11999999731779 9.95499999821186 80
      vertex -82.14892578125 9.809580296278 80
      vertex -81.00500000268221 9.820000000298023 80
    endloop
  endfacet
  facet normal 0 0 1
    outer loop
      vertex -82.11999999731779 9.95499999821186 80
      vertex -81.00500000268221 9.820000000298023 80
      vertex -81.00500000268221 11.320000000298023 80
    endloop
  endfacet
  facet normal 0 0 1
    outer loop
      vertex -82.14892578125 10.100419707596302 80
      vertex -82.11999999731779 9.95499999821186 80
      vertex -81.00500000268221 11.320000000298023 80
    endloop
  endfacet
  facet normal 0 0 1
    outer loop
      vertex -82.23129942268133 10.223700575530529 80
      vertex -82.14892578125 10.100419707596302 80
      vertex -81.00500000268221 11.320000000298023 80
    endloop
  endfacet
  facet normal 0 0 1
    outer loop
      vertex -82.23129942268133 10.223700575530529 80
      vertex -81.00500000268221 11.320000000298023 80
      vertex -81.00500000268221 13.320000000298023 80
    endloop
  endfacet
  facet normal 0 0 1
    outer loop
      vertex -82.23129942268133 14.663799419999123 80
      vertex -82.23129942268133 10.223700575530529 80
      vertex -81.00500000268221 13.320000000298023 80
    endloop
  endfacet
  facet normal 0 0 1
    outer loop
      vertex -82.14892578125 14.78708029538393 80
      vertex -82.23129942268133 14.663799419999123 80
      vertex -81.00500000268221 13.320000000298023 80
    endloop
  endfacet
  facet normal 0 0 1
    outer loop
      vertex -82.14892578125 14.78708029538393 80
      vertex -81.00500000268221 13.320000000298023 80
      vertex -81.00500000268221 14.820000000298023 80
    endloop
  endfacet
  facet normal 0 0 1
    outer loop
      vertex -82.11999999731779 14.932499997317791 80
      vertex -82.14892578125 14.78708029538393 80
      vertex -81.00500000268221 14.820000000298023 80
    endloop
  endfacet
  facet normal 0 0 1
    outer loop
      vertex -82.11999999731779 14.932499997317791 80
      vertex -81.00500000268221 14.820000000298023 80
      vertex -81.00500000268221 16.820000000298023 80
    endloop
  endfacet
  facet normal 0 0 1
    outer loop
      vertex -82.14892578125 15.077919706702232 80
      vertex -82.11999999731779 14.932499997317791 80
      vertex -81.00500000268221 16.820000000298023 80
    endloop
  endfacet
  facet normal 0 0 1
    outer loop
      vertex -82.23129942268133 15.20120057463646 80
      vertex -82.14892578125 15.077919706702232 80
      vertex -81.00500000268221 16.820000000298023 80
    endloop
  endfacet
  facet normal 0 0 1
    outer loop
      vertex 81.00500000268221 -7.679999999701977 80
      vertex 82.23129942268133 -9.686299420893192 80
      vertex 82.23129942268133 -5.246200576424599 80
    endloop
  endfacet
  facet normal 0 0 1
    outer loop
      vertex 81.00500000268221 -6.179999999701977 80
      vertex 81.00500000268221 -7.679999999701977 80
      vertex 82.23129942268133 -5.246200576424599 80
    endloop
  endfacet
  facet normal 0 0 1
    outer loop
      vertex 81.00500000268221 -6.179999999701977 80
      vertex 82.23129942268133 -5.246200576424599 80
      vertex 82.14892578125 -5.122919701039791 80
    endloop
  endfacet
  facet normal 0 0 1
    outer loop
      vertex 81.00500000268221 -4.179999999701977 80
      vertex 81.00500000268221 -6.179999999701977 80
      vertex 82.14892578125 -5.122919701039791 80
    endloop
  endfacet
  facet normal 0 0 1
    outer loop
      vertex 81.00500000268221 -4.179999999701977 80
      vertex 82.14892578125 -5.122919701039791 80
      vertex 82.11999999731779 -4.97749999910593 80
    endloop
  endfacet
  facet normal 0 0 1
    outer loop
      vertex 81.00500000268221 -4.179999999701977 80
      vertex 82.11999999731779 -4.97749999910593 80
      vertex 82.14892578125 -4.8320802971720695 80
    endloop
  endfacet
  facet normal 0 0 1
    outer loop
      vertex 81.00500000268221 -4.179999999701977 80
      vertex 82.14892578125 -4.8320802971720695 80
      vertex 82.23129942268133 -4.708799421787262 80
    endloop
  endfacet
  facet normal 0 0 1
    outer loop
      vertex 81.00500000268221 -2.6799999997019768 80
      vertex 81.00500000268221 -4.179999999701977 80
      vertex 82.23129942268133 -4.708799421787262 80
    endloop
  endfacet
  facet normal 0 0 1
    outer loop
      vertex 81.00500000268221 -2.6799999997019768 80
      vertex 82.23129942268133 -4.708799421787262 80
      vertex 82.23129942268133 -0.26870057731866837 80
    endloop
  endfacet
  facet normal 0 0 1
    outer loop
      vertex 81.00500000268221 -0.6799999997019768 80
      vertex 81.00500000268221 -2.6799999997019768 80
      vertex 82.23129942268133 -0.26870057731866837 80
    endloop
  endfacet
  facet normal 0 0 1
    outer loop
      vertex 81.00500000268221 -0.6799999997019768 80
      vertex 82.23129942268133 -0.26870057731866837 80
      vertex 82.14892578125 -0.14541970193386078 80
    endloop
  endfacet
  facet normal 0 0 1
    outer loop
      vertex 81.00500000268221 -0.6799999997019768 80
      vertex 82.14892578125 -0.14541970193386078 80
      vertex 82.11999999731779 0 80
    endloop
  endfacet
  facet normal 0 0 1
    outer loop
      vertex 81.00500000268221 0.8200000002980232 80
      vertex 81.00500000268221 -0.6799999997019768 80
      vertex 82.11999999731779 0 80
    endloop
  endfacet
  facet normal 0 0 1
    outer loop
      vertex 81.00500000268221 0.8200000002980232 80
      vertex 82.11999999731779 0 80
      vertex 82.14892578125 0.14541970193386078 80
    endloop
  endfacet
  facet normal 0 0 1
    outer loop
      vertex 81.00500000268221 0.8200000002980232 80
      vertex 82.14892578125 0.14541970193386078 80
      vertex 82.23129942268133 0.26870057731866837 80
    endloop
  endfacet
  facet normal 0 0 1
    outer loop
      vertex 81.00500000268221 2.8200000002980232 80
      vertex 81.00500000268221 0.8200000002980232 80
      vertex 82.23129942268133 0.26870057731866837 80
    endloop
  endfacet
  facet normal 0 0 1
    outer loop
      vertex 81.00500000268221 2.8200000002980232 80
      vertex 82.23129942268133 0.26870057731866837 80
      vertex 82.23129942268133 4.708799421787262 80
    endloop
  endfacet
  facet normal 0 0 1
    outer loop
      vertex 81.00500000268221 4.320000000298023 80
      vertex 81.00500000268221 2.8200000002980232 80
      vertex 82.23129942268133 4.708799421787262 80
    endloop
  endfacet
  facet normal 0 0 1
    outer loop
      vertex 81.00500000268221 4.320000000298023 80
      vertex 82.23129942268133 4.708799421787262 80
      vertex 82.14892578125 4.8320802971720695 80
    endloop
  endfacet
  facet normal 0 0 1
    outer loop
      vertex 81.00500000268221 4.320000000298023 80
      vertex 82.14892578125 4.8320802971720695 80
      vertex 82.11999999731779 4.97749999910593 80
    endloop
  endfacet
  facet normal 0 0 1
    outer loop
      vertex 81.00500000268221 6.320000000298023 80
      vertex 81.00500000268221 4.320000000298023 80
      vertex 82.11999999731779 4.97749999910593 80
    endloop
  endfacet
  facet normal 0 0 1
    outer loop
      vertex 81.00500000268221 6.320000000298023 80
      vertex 82.11999999731779 4.97749999910593 80
      vertex 82.14892578125 5.122919701039791 80
    endloop
  endfacet
  facet normal 0 0 1
    outer loop
      vertex 81.00500000268221 6.320000000298023 80
      vertex 82.14892578125 5.122919701039791 80
      vertex 82.23129942268133 5.246200576424599 80
    endloop
  endfacet
  facet normal 0 0 1
    outer loop
      vertex 81.00500000268221 7.820000000298023 80
      vertex 81.00500000268221 6.320000000298023 80
      vertex 82.23129942268133 5.246200576424599 80
    endloop
  endfacet
  facet normal 0 0 1
    outer loop
      vertex 81.00500000268221 7.820000000298023 80
      vertex 82.23129942268133 5.246200576424599 80
      vertex 82.23129942268133 9.686299420893192 80
    endloop
  endfacet
  facet normal 0 0 1
    outer loop
      vertex 81.00500000268221 9.820000000298023 80
      vertex 81.00500000268221 7.820000000298023 80
      vertex 82.23129942268133 9.686299420893192 80
    endloop
  endfacet
  facet normal 0 0 1
    outer loop
      vertex 81.00500000268221 9.820000000298023 80
      vertex 82.23129942268133 9.686299420893192 80
      vertex 82.14892578125 9.809580296278 80
    endloop
  endfacet
  facet normal 0 0 1
    outer loop
      vertex 81.00500000268221 9.820000000298023 80
      vertex 82.14892578125 9.809580296278 80
      vertex 82.11999999731779 9.95499999821186 80
    endloop
  endfacet
  facet normal 0 0 1
    outer loop
      vertex 81.00500000268221 11.320000000298023 80
      vertex 81.00500000268221 9.820000000298023 80
      vertex 82.11999999731779 9.95499999821186 80
    endloop
  endfacet
  facet normal 0 0 1
    outer loop
      vertex 81.00500000268221 11.320000000298023 80
      vertex 82.11999999731779 9.95499999821186 80
      vertex 82.14892578125 10.100419707596302 80
    endloop
  endfacet
  facet normal 0 0 1
    outer loop
      vertex 81.00500000268221 11.320000000298023 80
      vertex 82.14892578125 10.100419707596302 80
      vertex 82.23129942268133 10.223700575530529 80
    endloop
  endfacet
  facet normal 0 0 1
    outer loop
      vertex 81.00500000268221 13.320000000298023 80
      vertex 81.00500000268221 11.320000000298023 80
      vertex 82.23129942268133 10.223700575530529 80
    endloop
  endfacet
  facet normal 0 0 1
    outer loop
      vertex 81.00500000268221 13.320000000298023 80
      vertex 82.23129942268133 10.223700575530529 80
      vertex 82.23129942268133 14.663799419999123 80
    endloop
  endfacet
  facet normal 0 0 1
    outer loop
      vertex 81.00500000268221 13.320000000298023 80
      vertex 82.23129942268133 14.663799419999123 80
      vertex 82.14892578125 14.78708029538393 80
    endloop
  endfacet
  facet normal 0 0 1
    outer loop
      vertex 81.00500000268221 14.820000000298023 80
      vertex 81.00500000268221 13.320000000298023 80
      vertex 82.14892578125 14.78708029538393 80
    endloop
  endfacet
  facet normal 0 0 1
    outer loop
      vertex 81.00500000268221 14.820000000298023 80
      vertex 82.14892578125 14.78708029538393 80
      vertex 82.11999999731779 14.932499997317791 80
    endloop
  endfacet
  facet normal 0 0 1
    outer loop
      vertex 81.00500000268221 16.820000000298023 80
      vertex 81.00500000268221 14.820000000298023 80
      vertex 82.11999999731779 14.932499997317791 80
    endloop
  endfacet
  facet normal 0 0 1
    outer loop
      vertex 81.00500000268221 16.820000000298023 80
      vertex 82.11999999731779 14.932499997317791 80
      vertex 82.14892578125 15.077919706702232 80
    endloop
  endfacet
  facet normal 0 0 1
    outer loop
      vertex 81.00500000268221 16.820000000298023 80
      vertex 82.14892578125 15.077919706702232 80
      vertex 82.23129942268133 15.20120057463646 80
    endloop
  endfacet
  facet normal 0 0 1
    outer loop
      vertex -82.23129942268133 15.20120057463646 80
      vertex -81.00500000268221 16.820000000298023 80
      vertex -81.00500000268221 18.320000000298023 80
    endloop
  endfacet
  facet normal 0 0 1
    outer loop
      vertex -82.23129942268133 19.641299426555634 80
      vertex -82.23129942268133 15.20120057463646 80
      vertex -81.00500000268221 18.320000000298023 80
    endloop
  endfacet
  facet normal 0 0 1
    outer loop
      vertex -82.14892578125 19.76458029448986 80
      vertex -82.23129942268133 19.641299426555634 80
      vertex -81.00500000268221 18.320000000298023 80
    endloop
  endfacet
  facet normal 0 0 1
    outer loop
      vertex -82.14892578125 19.76458029448986 80
      vertex -81.00500000268221 18.320000000298023 80
      vertex -80.19037019461393 21.297066673636436 80
    endloop
  endfacet
  facet normal 0 0 1
    outer loop
      vertex -82.11999999731779 19.90999999642372 80
      vertex -82.14892578125 19.76458029448986 80
      vertex -80.19037019461393 21.297066673636436 80
    endloop
  endfacet
  facet normal 0 0 1
    outer loop
      vertex -82.14892578125 20.055419705808163 80
      vertex -82.11999999731779 19.90999999642372 80
      vertex -80.19037019461393 21.297066673636436 80
    endloop
  endfacet
  facet normal 0 0 1
    outer loop
      vertex -82.23129942268133 20.17870057374239 80
      vertex -82.14892578125 20.055419705808163 80
      vertex -80.19037019461393 21.297066673636436 80
    endloop
  endfacet
  facet normal 0 0 1
    outer loop
      vertex -82.5 21.75 80
      vertex -82.23129942268133 20.17870057374239 80
      vertex -80.19037019461393 21.297066673636436 80
    endloop
  endfacet
  facet normal 0 0 1
    outer loop
      vertex -82.5 21.75 80
      vertex -80.19037019461393 21.297066673636436 80
      vertex -80.25 21.75 80
    endloop
  endfacet
  facet normal 0 0 1
    outer loop
      vertex -82.48073890805244 22.142068564891815 80
      vertex -82.5 21.75 80
      vertex -80.25 21.75 80
    endloop
  endfacet
  facet normal 0 0 1
    outer loop
      vertex -82.48073890805244 22.142068564891815 80
      vertex -80.25 21.75 80
      vertex -80.19037019461393 22.202933326363564 80
    endloop
  endfacet
  facet normal 0 0 1
    outer loop
      vertex -82.42314112186432 22.53036128729582 80
      vertex -82.48073890805244 22.142068564891815 80
      vertex -80.19037019461393 22.202933326363564 80
    endloop
  endfacet
  facet normal 0 0 1
    outer loop
      vertex -82.32776134461164 22.911138705909252 80
      vertex -82.42314112186432 22.53036128729582 80
      vertex -80.19037019461393 22.202933326363564 80
    endloop
  endfacet
  facet normal 0 0 1
    outer loop
      vertex -82.1955181285739 23.280733726918697 80
      vertex -82.32776134461164 22.911138705909252 80
      vertex -80.19037019461393 22.202933326363564 80
    endloop
  endfacet
  facet normal 0 0 1
    outer loop
      vertex -82.1955181285739 23.280733726918697 80
      vertex -80.19037019461393 22.202933326363564 80
      vertex -80.01554445922375 22.625 80
    endloop
  endfacet
  facet normal 0 0 1
    outer loop
      vertex -82.02768506109715 23.635586947202682 80
      vertex -82.1955181285739 23.280733726918697 80
      vertex -80.01554445922375 22.625 80
    endloop
  endfacet
  facet normal 0 0 1
    outer loop
      vertex -81.82587844878435 23.97228093445301 80
      vertex -82.02768506109715 23.635586947202682 80
      vertex -80.01554445922375 22.625 80
    endloop
  endfacet
  facet normal 0 0 1
    outer loop
      vertex -81.59204181283712 24.287573136389256 80
      vertex -81.82587844878435 23.97228093445301 80
      vertex -80.01554445922375 22.625 80
    endloop
  endfacet
  facet normal 0 0 1
    outer loop
      vertex -81.59204181283712 24.287573136389256 80
      vertex -80.01554445922375 22.625 80
      vertex -79.73743686825037 22.98743686825037 80
    endloop
  endfacet
  facet normal 0 0 1
    outer loop
      vertex -81.3284271210432 24.578427121043205 80
      vertex -81.59204181283712 24.287573136389256 80
      vertex -79.73743686825037 22.98743686825037 80
    endloop
  endfacet
  facet normal 0 0 1
    outer loop
      vertex -81.03757313638926 24.842041812837124 80
      vertex -81.3284271210432 24.578427121043205 80
      vertex -79.73743686825037 22.98743686825037 80
    endloop
  endfacet
  facet normal 0 0 1
    outer loop
      vertex -81.03757313638926 24.842041812837124 80
      vertex -79.73743686825037 22.98743686825037 80
      vertex -79.375 23.265544459223747 80
    endloop
  endfacet
  facet normal 0 0 1
    outer loop
      vertex -80.72228093445301 25.07587844878435 80
      vertex -81.03757313638926 24.842041812837124 80
      vertex -79.375 23.265544459223747 80
    endloop
  endfacet
  facet normal 0 0 1
    outer loop
      vertex -80.38558694720268 25.277685061097145 80
      vertex -80.72228093445301 25.07587844878435 80
      vertex -79.375 23.265544459223747 80
    endloop
  endfacet
  facet normal 0 0 1
    outer loop
      vertex -80.0307337269187 25.445518128573895 80
      vertex -80.38558694720268 25.277685061097145 80
      vertex -79.375 23.265544459223747 80
    endloop
  endfacet
  facet normal 0 0 1
    outer loop
      vertex -80.0307337269187 25.445518128573895 80
      vertex -79.375 23.265544459223747 80
      vertex -78.95293332636356 23.440370194613934 80
    endloop
  endfacet
  facet normal 0 0 1
    outer loop
      vertex -79.66113870590925 25.577761344611645 80
      vertex -80.0307337269187 25.445518128573895 80
      vertex -78.95293332636356 23.440370194613934 80
    endloop
  endfacet
  facet normal 0 0 1
    outer loop
      vertex -79.28036128729582 25.67314112186432 80
      vertex -79.66113870590925 25.577761344611645 80
      vertex -78.95293332636356 23.440370194613934 80
    endloop
  endfacet
  facet normal 0 0 1
    outer loop
      vertex -78.89206856489182 25.730738908052444 80
      vertex -79.28036128729582 25.67314112186432 80
      vertex -78.95293332636356 23.440370194613934 80
    endloop
  endfacet
  facet normal 0 0 1
    outer loop
      vertex -78.89206856489182 25.730738908052444 80
      vertex -78.95293332636356 23.440370194613934 80
      vertex -78.5 23.5 80
    endloop
  endfacet
  facet normal 0 0 1
    outer loop
      vertex -78.5 25.75 80
      vertex -78.89206856489182 25.730738908052444 80
      vertex -78.5 23.5 80
    endloop
  endfacet
  facet normal 0 0 1
    outer loop
      vertex -78.5 25.75 80
      vertex -78.5 23.5 80
      vertex -78.04706667363644 23.440370194613934 80
    endloop
  endfacet
  facet normal 0 0 1
    outer loop
      vertex -78.5 25.75 80
      vertex -78.04706667363644 23.440370194613934 80
      vertex -75.10000000149012 24.25500000268221 80
    endloop
  endfacet
  facet normal 0 0 1
    outer loop
      vertex 78.5 25.75 80
      vertex -78.5 25.75 80
      vertex -75.10000000149012 24.25500000268221 80
    endloop
  endfacet
  facet normal 0 0 1
    outer loop
      vertex 78.5 25.75 80
      vertex -75.10000000149012 24.25500000268221 80
      vertex 75.10000000149012 24.25500000268221 80
    endloop
  endfacet
  facet normal 0 0 1
    outer loop
      vertex 78.5 25.75 80
      vertex 75.10000000149012 24.25500000268221 80
      vertex 78.04706667363644 23.440370194613934 80
    endloop
  endfacet
  facet normal 0 0 1
    outer loop
      vertex 78.5 25.75 80
      vertex 78.04706667363644 23.440370194613934 80
      vertex 78.5 23.5 80
    endloop
  endfacet
  facet normal 0 0 1
    outer loop
      vertex 78.89206856489182 25.730738908052444 80
      vertex 78.5 25.75 80
      vertex 78.5 23.5 80
    endloop
  endfacet
  facet normal 0 0 1
    outer loop
      vertex 78.89206856489182 25.730738908052444 80
      vertex 78.5 23.5 80
      vertex 78.95293332636356 23.440370194613934 80
    endloop
  endfacet
  facet normal 0 0 1
    outer loop
      vertex 79.28036128729582 25.67314112186432 80
      vertex 78.89206856489182 25.730738908052444 80
      vertex 78.95293332636356 23.440370194613934 80
    endloop
  endfacet
  facet normal 0 0 1
    outer loop
      vertex 79.66113870590925 25.577761344611645 80
      vertex 79.28036128729582 25.67314112186432 80
      vertex 78.95293332636356 23.440370194613934 80
    endloop
  endfacet
  facet normal 0 0 1
    outer loop
      vertex 80.0307337269187 25.445518128573895 80
      vertex 79.66113870590925 25.577761344611645 80
      vertex 78.95293332636356 23.440370194613934 80
    endloop
  endfacet
  facet normal 0 0 1
    outer loop
      vertex 80.0307337269187 25.445518128573895 80
      vertex 78.95293332636356 23.440370194613934 80
      vertex 79.375 23.265544459223747 80
    endloop
  endfacet
  facet normal 0 0 1
    outer loop
      vertex 80.38558694720268 25.277685061097145 80
      vertex 80.0307337269187 25.445518128573895 80
      vertex 79.375 23.265544459223747 80
    endloop
  endfacet
  facet normal 0 0 1
    outer loop
      vertex 80.72228093445301 25.07587844878435 80
      vertex 80.38558694720268 25.277685061097145 80
      vertex 79.375 23.265544459223747 80
    endloop
  endfacet
  facet normal 0 0 1
    outer loop
      vertex 81.03757313638926 24.842041812837124 80
      vertex 80.72228093445301 25.07587844878435 80
      vertex 79.375 23.265544459223747 80
    endloop
  endfacet
  facet normal 0 0 1
    outer loop
      vertex 81.03757313638926 24.842041812837124 80
      vertex 79.375 23.265544459223747 80
      vertex 79.73743686825037 22.98743686825037 80
    endloop
  endfacet
  facet normal 0 0 1
    outer loop
      vertex 81.3284271210432 24.578427121043205 80
      vertex 81.03757313638926 24.842041812837124 80
      vertex 79.73743686825037 22.98743686825037 80
    endloop
  endfacet
  facet normal 0 0 1
    outer loop
      vertex 81.59204181283712 24.287573136389256 80
      vertex 81.3284271210432 24.578427121043205 80
      vertex 79.73743686825037 22.98743686825037 80
    endloop
  endfacet
  facet normal 0 0 1
    outer loop
      vertex 81.59204181283712 24.287573136389256 80
      vertex 79.73743686825037 22.98743686825037 80
      vertex 80.01554445922375 22.625 80
    endloop
  endfacet
  facet normal 0 0 1
    outer loop
      vertex 81.82587844878435 23.97228093445301 80
      vertex 81.59204181283712 24.287573136389256 80
      vertex 80.01554445922375 22.625 80
    endloop
  endfacet
  facet normal 0 0 1
    outer loop
      vertex 82.02768506109715 23.635586947202682 80
      vertex 81.82587844878435 23.97228093445301 80
      vertex 80.01554445922375 22.625 80
    endloop
  endfacet
  facet normal 0 0 1
    outer loop
      vertex 82.1955181285739 23.280733726918697 80
      vertex 82.02768506109715 23.635586947202682 80
      vertex 80.01554445922375 22.625 80
    endloop
  endfacet
  facet normal 0 0 1
    outer loop
      vertex 82.1955181285739 23.280733726918697 80
      vertex 80.01554445922375 22.625 80
      vertex 80.19037019461393 22.202933326363564 80
    endloop
  endfacet
  facet normal 0 0 1
    outer loop
      vertex 82.32776134461164 22.911138705909252 80
      vertex 82.1955181285739 23.280733726918697 80
      vertex 80.19037019461393 22.202933326363564 80
    endloop
  endfacet
  facet normal 0 0 1
    outer loop
      vertex 82.42314112186432 22.53036128729582 80
      vertex 82.32776134461164 22.911138705909252 80
      vertex 80.19037019461393 22.202933326363564 80
    endloop
  endfacet
  facet normal 0 0 1
    outer loop
      vertex 82.48073890805244 22.142068564891815 80
      vertex 82.42314112186432 22.53036128729582 80
      vertex 80.19037019461393 22.202933326363564 80
    endloop
  endfacet
  facet normal 0 0 1
    outer loop
      vertex 82.48073890805244 22.142068564891815 80
      vertex 80.19037019461393 22.202933326363564 80
      vertex 80.25 21.75 80
    endloop
  endfacet
  facet normal 0 0 1
    outer loop
      vertex 82.5 21.75 80
      vertex 82.48073890805244 22.142068564891815 80
      vertex 80.25 21.75 80
    endloop
  endfacet
  facet normal 0 0 1
    outer loop
      vertex 82.5 21.75 80
      vertex 80.25 21.75 80
      vertex 80.19037019461393 21.297066673636436 80
    endloop
  endfacet
  facet normal 0 0 1
    outer loop
      vertex 82.23129942268133 20.17870057374239 80
      vertex 82.5 21.75 80
      vertex 80.19037019461393 21.297066673636436 80
    endloop
  endfacet
  facet normal 0 0 1
    outer loop
      vertex 82.14892578125 20.055419705808163 80
      vertex 82.23129942268133 20.17870057374239 80
      vertex 80.19037019461393 21.297066673636436 80
    endloop
  endfacet
  facet normal 0 0 1
    outer loop
      vertex 82.11999999731779 19.90999999642372 80
      vertex 82.14892578125 20.055419705808163 80
      vertex 80.19037019461393 21.297066673636436 80
    endloop
  endfacet
  facet normal 0 0 1
    outer loop
      vertex 82.11999999731779 19.90999999642372 80
      vertex 80.19037019461393 21.297066673636436 80
      vertex 81.00500000268221 18.320000000298023 80
    endloop
  endfacet
  facet normal 0 0 1
    outer loop
      vertex 82.14892578125 19.76458029448986 80
      vertex 82.11999999731779 19.90999999642372 80
      vertex 81.00500000268221 18.320000000298023 80
    endloop
  endfacet
  facet normal 0 0 1
    outer loop
      vertex 82.23129942268133 19.641299426555634 80
      vertex 82.14892578125 19.76458029448986 80
      vertex 81.00500000268221 18.320000000298023 80
    endloop
  endfacet
  facet normal 0 0 1
    outer loop
      vertex 82.23129942268133 19.641299426555634 80
      vertex 81.00500000268221 18.320000000298023 80
      vertex 81.00500000268221 16.820000000298023 80
    endloop
  endfacet
  facet normal 0 0 1
    outer loop
      vertex 82.23129942268133 15.20120057463646 80
      vertex 82.23129942268133 19.641299426555634 80
      vertex 81.00500000268221 16.820000000298023 80
    endloop
  endfacet
  facet normal 0 0 -1
    outer loop
      vertex -75.10000000149012 24.25500000268221 -80
      vertex -75.10000000149012 20.824873737990856 -80
      vertex -77.26256313174963 22.98743686825037 -80
    endloop
  endfacet
  facet normal 0 0 -1
    outer loop
      vertex 77.26256313174963 22.98743686825037 -80
      vertex 75.10000000149012 20.824873737990856 -80
      vertex 75.10000000149012 24.25500000268221 -80
    endloop
  endfacet
  facet normal 0 0 -1
    outer loop
      vertex -79.73743686825037 20.51256313174963 -80
      vertex -77.57487373799086 18.350000001490116 -80
      vertex -78.5 18.350000001490116 -80
    endloop
  endfacet
  facet normal 0 0 -1
    outer loop
      vertex 78.5 18.350000001490116 -80
      vertex 77.57487373799086 18.350000001490116 -80
      vertex 79.73743686825037 20.51256313174963 -80
    endloop
  endfacet
  facet normal 0 0 -1
    outer loop
      vertex -81.00500000268221 -18.179999999701977 -80
      vertex -78.5 -18.179999999701977 -80
      vertex -78.5 -18.350000001490116 -80
    endloop
  endfacet
  facet normal 0 0 -1
    outer loop
      vertex -78.5 -14.679999999701977 -80
      vertex -78.5 -16.679999999701977 -80
      vertex -81.00500000268221 -16.679999999701977 -80
    endloop
  endfacet
  facet normal 0 0 -1
    outer loop
      vertex -81.00500000268221 -14.679999999701977 -80
      vertex -78.5 -14.679999999701977 -80
      vertex -81.00500000268221 -16.679999999701977 -80
    endloop
  endfacet
  facet normal 0 0 -1
    outer loop
      vertex -78.5 -11.179999999701977 -80
      vertex -78.5 -13.179999999701977 -80
      vertex -81.00500000268221 -13.179999999701977 -80
    endloop
  endfacet
  facet normal 0 0 -1
    outer loop
      vertex -81.00500000268221 -11.179999999701977 -80
      vertex -78.5 -11.179999999701977 -80
      vertex -81.00500000268221 -13.179999999701977 -80
    endloop
  endfacet
  facet normal 0 0 -1
    outer loop
      vertex -78.5 -7.679999999701977 -80
      vertex -78.5 -9.679999999701977 -80
      vertex -81.00500000268221 -9.679999999701977 -80
    endloop
  endfacet
  facet normal 0 0 -1
    outer loop
      vertex -81.00500000268221 -7.679999999701977 -80
      vertex -78.5 -7.679999999701977 -80
      vertex -81.00500000268221 -9.679999999701977 -80
    endloop
  endfacet
  facet normal 0 0 -1
    outer loop
      vertex -78.5 -4.179999999701977 -80
      vertex -78.5 -6.179999999701977 -80
      vertex -81.00500000268221 -6.179999999701977 -80
    endloop
  endfacet
  facet normal 0 0 -1
    outer loop
      vertex -81.00500000268221 -4.179999999701977 -80
      vertex -78.5 -4.179999999701977 -80
      vertex -81.00500000268221 -6.179999999701977 -80
    endloop
  endfacet
  facet normal 0 0 -1
    outer loop
      vertex -78.5 -0.6799999997019768 -80
      vertex -78.5 -2.6799999997019768 -80
      vertex -81.00500000268221 -2.6799999997019768 -80
    endloop
  endfacet
  facet normal 0 0 -1
    outer loop
      vertex -81.00500000268221 -0.6799999997019768 -80
      vertex -78.5 -0.6799999997019768 -80
      vertex -81.00500000268221 -2.6799999997019768 -80
    endloop
  endfacet
  facet normal 0 0 -1
    outer loop
      vertex -78.5 2.8200000002980232 -80
      vertex -78.5 0.8200000002980232 -80
      vertex -81.00500000268221 0.8200000002980232 -80
    endloop
  endfacet
  facet normal 0 0 -1
    outer loop
      vertex -81.00500000268221 2.8200000002980232 -80
      vertex -78.5 2.8200000002980232 -80
      vertex -81.00500000268221 0.8200000002980232 -80
    endloop
  endfacet
  facet normal 0 0 -1
    outer loop
      vertex -78.5 6.320000000298023 -80
      vertex -78.5 4.320000000298023 -80
      vertex -81.00500000268221 4.320000000298023 -80
    endloop
  endfacet
  facet normal 0 0 -1
    outer loop
      vertex -81.00500000268221 6.320000000298023 -80
      vertex -78.5 6.320000000298023 -80
      vertex -81.00500000268221 4.320000000298023 -80
    endloop
  endfacet
  facet normal 0 0 -1
    outer loop
      vertex -78.5 9.820000000298023 -80
      vertex -78.5 7.820000000298023 -80
      vertex -81.00500000268221 7.820000000298023 -80
    endloop
  endfacet
  facet normal 0 0 -1
    outer loop
      vertex -81.00500000268221 9.820000000298023 -80
      vertex -78.5 9.820000000298023 -80
      vertex -81.00500000268221 7.820000000298023 -80
    endloop
  endfacet
  facet normal 0 0 -1
    outer loop
      vertex -78.5 13.320000000298023 -80
      vertex -78.5 11.320000000298023 -80
      vertex -81.00500000268221 11.320000000298023 -80
    endloop
  endfacet
  facet normal 0 0 -1
    outer loop
      vertex -81.00500000268221 13.320000000298023 -80
      vertex -78.5 13.320000000298023 -80
      vertex -81.00500000268221 11.320000000298023 -80
    endloop
  endfacet
  facet normal 0 0 -1
    outer loop
      vertex -78.5 16.820000000298023 -80
      vertex -78.5 14.820000000298023 -80
      vertex -81.00500000268221 14.820000000298023 -80
    endloop
  endfacet
  facet normal 0 0 -1
    outer loop
      vertex -81.00500000268221 16.820000000298023 -80
      vertex -78.5 16.820000000298023 -80
      vertex -81.00500000268221 14.820000000298023 -80
    endloop
  endfacet
  facet normal 0 0 -1
    outer loop
      vertex -78.5 18.350000001490116 -80
      vertex -78.5 18.320000000298023 -80
      vertex -81.00500000268221 18.320000000298023 -80
    endloop
  endfacet
  facet normal 0 0 -1
    outer loop
      vertex -79.73743686825037 20.51256313174963 -80
      vertex -78.5 18.350000001490116 -80
      vertex -81.00500000268221 18.320000000298023 -80
    endloop
  endfacet
  facet normal 0 0 -1
    outer loop
      vertex 81.00500000268221 18.320000000298023 -80
      vertex 78.5 18.320000000298023 -80
      vertex 78.5 18.350000001490116 -80
    endloop
  endfacet
  facet normal 0 0 -1
    outer loop
      vertex 81.00500000268221 18.320000000298023 -80
      vertex 78.5 18.350000001490116 -80
      vertex 79.73743686825037 20.51256313174963 -80
    endloop
  endfacet
  facet normal 0 0 -1
    outer loop
      vertex 78.5 14.820000000298023 -80
      vertex 78.5 16.820000000298023 -80
      vertex 81.00500000268221 16.820000000298023 -80
    endloop
  endfacet
  facet normal 0 0 -1
    outer loop
      vertex 81.00500000268221 14.820000000298023 -80
      vertex 78.5 14.820000000298023 -80
      vertex 81.00500000268221 16.820000000298023 -80
    endloop
  endfacet
  facet normal 0 0 -1
    outer loop
      vertex 78.5 11.320000000298023 -80
      vertex 78.5 13.320000000298023 -80
      vertex 81.00500000268221 13.320000000298023 -80
    endloop
  endfacet
  facet normal 0 0 -1
    outer loop
      vertex 81.00500000268221 11.320000000298023 -80
      vertex 78.5 11.320000000298023 -80
      vertex 81.00500000268221 13.320000000298023 -80
    endloop
  endfacet
  facet normal 0 0 -1
    outer loop
      vertex 78.5 7.820000000298023 -80
      vertex 78.5 9.820000000298023 -80
      vertex 81.00500000268221 9.820000000298023 -80
    endloop
  endfacet
  facet normal 0 0 -1
    outer loop
      vertex 81.00500000268221 7.820000000298023 -80
      vertex 78.5 7.820000000298023 -80
      vertex 81.00500000268221 9.820000000298023 -80
    endloop
  endfacet
  facet normal 0 0 -1
    outer loop
      vertex 78.5 4.320000000298023 -80
      vertex 78.5 6.320000000298023 -80
      vertex 81.00500000268221 6.320000000298023 -80
    endloop
  endfacet
  facet normal 0 0 -1
    outer loop
      vertex 81.00500000268221 4.320000000298023 -80
      vertex 78.5 4.320000000298023 -80
      vertex 81.00500000268221 6.320000000298023 -80
    endloop
  endfacet
  facet normal 0 0 -1
    outer loop
      vertex 78.5 0.8200000002980232 -80
      vertex 78.5 2.8200000002980232 -80
      vertex 81.00500000268221 2.8200000002980232 -80
    endloop
  endfacet
  facet normal 0 0 -1
    outer loop
      vertex 81.00500000268221 0.8200000002980232 -80
      vertex 78.5 0.8200000002980232 -80
      vertex 81.00500000268221 2.8200000002980232 -80
    endloop
  endfacet
  facet normal 0 0 -1
    outer loop
      vertex 78.5 -2.6799999997019768 -80
      vertex 78.5 -0.6799999997019768 -80
      vertex 81.00500000268221 -0.6799999997019768 -80
    endloop
  endfacet
  facet normal 0 0 -1
    outer loop
      vertex 81.00500000268221 -2.6799999997019768 -80
      vertex 78.5 -2.6799999997019768 -80
      vertex 81.00500000268221 -0.6799999997019768 -80
    endloop
  endfacet
  facet normal 0 0 -1
    outer loop
      vertex 78.5 -6.179999999701977 -80
      vertex 78.5 -4.179999999701977 -80
      vertex 81.00500000268221 -4.179999999701977 -80
    endloop
  endfacet
  facet normal 0 0 -1
    outer loop
      vertex 81.00500000268221 -6.179999999701977 -80
      vertex 78.5 -6.179999999701977 -80
      vertex 81.00500000268221 -4.179999999701977 -80
    endloop
  endfacet
  facet normal 0 0 -1
    outer loop
      vertex 78.5 -9.679999999701977 -80
      vertex 78.5 -7.679999999701977 -80
      vertex 81.00500000268221 -7.679999999701977 -80
    endloop
  endfacet
  facet normal 0 0 -1
    outer loop
      vertex 81.00500000268221 -9.679999999701977 -80
      vertex 78.5 -9.679999999701977 -80
      vertex 81.00500000268221 -7.679999999701977 -80
    endloop
  endfacet
  facet normal 0 0 -1
    outer loop
      vertex 78.5 -13.179999999701977 -80
      vertex 78.5 -11.179999999701977 -80
      vertex 81.00500000268221 -11.179999999701977 -80
    endloop
  endfacet
  facet normal 0 0 -1
    outer loop
      vertex 81.00500000268221 -13.179999999701977 -80
      vertex 78.5 -13.179999999701977 -80
      vertex 81.00500000268221 -11.179999999701977 -80
    endloop
  endfacet
  facet normal 0 0 -1
    outer loop
      vertex 78.5 -16.679999999701977 -80
      vertex 78.5 -14.679999999701977 -80
      vertex 81.00500000268221 -14.679999999701977 -80
    endloop
  endfacet
  facet normal 0 0 -1
    outer loop
      vertex 81.00500000268221 -16.679999999701977 -80
      vertex 78.5 -16.679999999701977 -80
      vertex 81.00500000268221 -14.679999999701977 -80
    endloop
  endfacet
  facet normal 0 0 -1
    outer loop
      vertex 78.5 -18.350000001490116 -80
      vertex 78.5 -18.179999999701977 -80
      vertex 81.00500000268221 -18.179999999701977 -80
    endloop
  endfacet
  facet normal 0 0 -1
    outer loop
      vertex -75.10000000149012 -18.350000001490116 -80
      vertex -75.10000000149012 -20.899999998509884 -80
      vertex -76.974100202322 -20.899999998509884 -80
    endloop
  endfacet
  facet normal 0 0 -1
    outer loop
      vertex -75.10000000149012 -18.350000001490116 -80
      vertex -76.974100202322 -20.899999998509884 -80
      vertex -76.98445554077625 -20.875 -80
    endloop
  endfacet
  facet normal 0 0 -1
    outer loop
      vertex -75.10000000149012 -18.350000001490116 -80
      vertex -76.98445554077625 -20.875 -80
      vertex -77.26256313174963 -20.51256313174963 -80
    endloop
  endfacet
  facet normal 0 0 -1
    outer loop
      vertex 76.974100202322 -20.899999998509884 -80
      vertex 75.10000000149012 -20.899999998509884 -80
      vertex 75.10000000149012 -18.350000001490116 -80
    endloop
  endfacet
  facet normal 0 0 -1
    outer loop
      vertex 76.98445554077625 -20.875 -80
      vertex 76.974100202322 -20.899999998509884 -80
      vertex 75.10000000149012 -18.350000001490116 -80
    endloop
  endfacet
  facet normal 0 0 -1
    outer loop
      vertex 77.26256313174963 -20.51256313174963 -80
      vertex 76.98445554077625 -20.875 -80
      vertex 75.10000000149012 -18.350000001490116 -80
    endloop
  endfacet
  facet normal 0 0 -1
    outer loop
      vertex -75.10000000149012 -18.350000001490116 -80
      vertex -77.26256313174963 -20.51256313174963 -80
      vertex -77.625 -20.234455540776253 -80
    endloop
  endfacet
  facet normal 0 0 -1
    outer loop
      vertex 77.625 -20.234455540776253 -80
      vertex 77.26256313174963 -20.51256313174963 -80
      vertex 75.10000000149012 -18.350000001490116 -80
    endloop
  endfacet
  facet normal 0 0 -1
    outer loop
      vertex -76.974100202322 -22.600000001490116 -80
      vertex -75.10000000149012 -22.600000001490116 -80
      vertex -75.10000000149012 -25.75 -80
    endloop
  endfacet
  facet normal 0 0 -1
    outer loop
      vertex -76.98445554077625 -22.625 -80
      vertex -76.974100202322 -22.600000001490116 -80
      vertex -75.10000000149012 -25.75 -80
    endloop
  endfacet
  facet normal 0 0 -1
    outer loop
      vertex -77.26256313174963 -22.98743686825037 -80
      vertex -76.98445554077625 -22.625 -80
      vertex -75.10000000149012 -25.75 -80
    endloop
  endfacet
  facet normal 0 0 -1
    outer loop
      vertex -77.625 -23.265544459223747 -80
      vertex -77.26256313174963 -22.98743686825037 -80
      vertex -75.10000000149012 -25.75 -80
    endloop
  endfacet
  facet normal 0 0 -1
    outer loop
      vertex 75.10000000149012 -25.75 -80
      vertex 75.10000000149012 -22.600000001490116 -80
      vertex 76.974100202322 -22.600000001490116 -80
    endloop
  endfacet
  facet normal 0 0 -1
    outer loop
      vertex 75.10000000149012 -25.75 -80
      vertex 76.974100202322 -22.600000001490116 -80
      vertex 76.98445554077625 -22.625 -80
    endloop
  endfacet
  facet normal 0 0 -1
    outer loop
      vertex 75.10000000149012 -25.75 -80
      vertex 76.98445554077625 -22.625 -80
      vertex 77.26256313174963 -22.98743686825037 -80
    endloop
  endfacet
  facet normal 0 0 -1
    outer loop
      vertex 75.10000000149012 -25.75 -80
      vertex 77.26256313174963 -22.98743686825037 -80
      vertex 77.625 -23.265544459223747 -80
    endloop
  endfacet
  facet normal 0 0 -1
    outer loop
      vertex 82.5 21.75 -80
      vertex 82.5 20.28999999910593 -80
      vertex 82.35458029806614 20.261074222624302 -80
    endloop
  endfacet
  facet normal 0 0 -1
    outer loop
      vertex -82.35458029806614 20.261074222624302 -80
      vertex -82.5 20.28999999910593 -80
      vertex -82.5 21.75 -80
    endloop
  endfacet
  facet normal 0 0 -1
    outer loop
      vertex -82.5 -21.75 -80
      vertex -82.5 -20.28999999910593 -80
      vertex -82.35458029806614 -20.261074222624302 -80
    endloop
  endfacet
  facet normal 0 0 -1
    outer loop
      vertex 82.35458029806614 -20.261074222624302 -80
      vertex 82.5 -20.28999999910593 -80
      vertex 82.5 -21.75 -80
    endloop
  endfacet
  facet normal 0 0 -1
    outer loop
      vertex -77.625 -23.265544459223747 -80
      vertex -75.10000000149012 -25.75 -80
      vertex -78.5 -25.75 -80
    endloop
  endfacet
  facet normal 0 0 -1
    outer loop
      vertex -78.04706667363644 -23.440370194613934 -80
      vertex -77.625 -23.265544459223747 -80
      vertex -78.5 -25.75 -80
    endloop
  endfacet
  facet normal 0 0 -1
    outer loop
      vertex -78.5 -23.5 -80
      vertex -78.04706667363644 -23.440370194613934 -80
      vertex -78.5 -25.75 -80
    endloop
  endfacet
  facet normal 0 0 -1
    outer loop
      vertex -78.5 -23.5 -80
      vertex -78.5 -25.75 -80
      vertex -78.89206856489182 -25.730738908052444 -80
    endloop
  endfacet
  facet normal 0 0 -1
    outer loop
      vertex -78.95293332636356 -23.440370194613934 -80
      vertex -78.5 -23.5 -80
      vertex -78.89206856489182 -25.730738908052444 -80
    endloop
  endfacet
  facet normal 0 0 -1
    outer loop
      vertex -78.95293332636356 -23.440370194613934 -80
      vertex -78.89206856489182 -25.730738908052444 -80
      vertex -79.28036128729582 -25.67314112186432 -80
    endloop
  endfacet
  facet normal 0 0 -1
    outer loop
      vertex -78.95293332636356 -23.440370194613934 -80
      vertex -79.28036128729582 -25.67314112186432 -80
      vertex -79.66113870590925 -25.577761344611645 -80
    endloop
  endfacet
  facet normal 0 0 -1
    outer loop
      vertex -78.95293332636356 -23.440370194613934 -80
      vertex -79.66113870590925 -25.577761344611645 -80
      vertex -80.0307337269187 -25.445518128573895 -80
    endloop
  endfacet
  facet normal 0 0 -1
    outer loop
      vertex -79.375 -23.265544459223747 -80
      vertex -78.95293332636356 -23.440370194613934 -80
      vertex -80.0307337269187 -25.445518128573895 -80
    endloop
  endfacet
  facet normal 0 0 -1
    outer loop
      vertex -79.375 -23.265544459223747 -80
      vertex -80.0307337269187 -25.445518128573895 -80
      vertex -80.38558694720268 -25.277685061097145 -80
    endloop
  endfacet
  facet normal 0 0 -1
    outer loop
      vertex -79.375 -23.265544459223747 -80
      vertex -80.38558694720268 -25.277685061097145 -80
      vertex -80.72228093445301 -25.07587844878435 -80
    endloop
  endfacet
  facet normal 0 0 -1
    outer loop
      vertex -79.375 -23.265544459223747 -80
      vertex -80.72228093445301 -25.07587844878435 -80
      vertex -81.03757313638926 -24.842041812837124 -80
    endloop
  endfacet
  facet normal 0 0 -1
    outer loop
      vertex -79.73743686825037 -22.98743686825037 -80
      vertex -79.375 -23.265544459223747 -80
      vertex -81.03757313638926 -24.842041812837124 -80
    endloop
  endfacet
  facet normal 0 0 -1
    outer loop
      vertex -79.73743686825037 -22.98743686825037 -80
      vertex -81.03757313638926 -24.842041812837124 -80
      vertex -81.3284271210432 -24.578427121043205 -80
    endloop
  endfacet
  facet normal 0 0 -1
    outer loop
      vertex -79.73743686825037 -22.98743686825037 -80
      vertex -81.3284271210432 -24.578427121043205 -80
      vertex -81.59204181283712 -24.287573136389256 -80
    endloop
  endfacet
  facet normal 0 0 -1
    outer loop
      vertex -80.01554445922375 -22.625 -80
      vertex -79.73743686825037 -22.98743686825037 -80
      vertex -81.59204181283712 -24.287573136389256 -80
    endloop
  endfacet
  facet normal 0 0 -1
    outer loop
      vertex -80.01554445922375 -22.625 -80
      vertex -81.59204181283712 -24.287573136389256 -80
      vertex -81.82587844878435 -23.97228093445301 -80
    endloop
  endfacet
  facet normal 0 0 -1
    outer loop
      vertex -80.01554445922375 -22.625 -80
      vertex -81.82587844878435 -23.97228093445301 -80
      vertex -82.02768506109715 -23.635586947202682 -80
    endloop
  endfacet
  facet normal 0 0 -1
    outer loop
      vertex -80.01554445922375 -22.625 -80
      vertex -82.02768506109715 -23.635586947202682 -80
      vertex -82.1955181285739 -23.280733726918697 -80
    endloop
  endfacet
  facet normal 0 0 -1
    outer loop
      vertex -80.19037019461393 -22.202933326363564 -80
      vertex -80.01554445922375 -22.625 -80
      vertex -82.1955181285739 -23.280733726918697 -80
    endloop
  endfacet
  facet normal 0 0 -1
    outer loop
      vertex -80.19037019461393 -22.202933326363564 -80
      vertex -82.1955181285739 -23.280733726918697 -80
      vertex -82.32776134461164 -22.911138705909252 -80
    endloop
  endfacet
  facet normal 0 0 -1
    outer loop
      vertex -80.19037019461393 -22.202933326363564 -80
      vertex -82.32776134461164 -22.911138705909252 -80
      vertex -82.42314112186432 -22.53036128729582 -80
    endloop
  endfacet
  facet normal 0 0 -1
    outer loop
      vertex -80.19037019461393 -22.202933326363564 -80
      vertex -82.42314112186432 -22.53036128729582 -80
      vertex -82.48073890805244 -22.142068564891815 -80
    endloop
  endfacet
  facet normal 0 0 -1
    outer loop
      vertex -80.25 -21.75 -80
      vertex -80.19037019461393 -22.202933326363564 -80
      vertex -82.48073890805244 -22.142068564891815 -80
    endloop
  endfacet
  facet normal 0 0 -1
    outer loop
      vertex -80.25 -21.75 -80
      vertex -82.48073890805244 -22.142068564891815 -80
      vertex -82.5 -21.75 -80
    endloop
  endfacet
  facet normal 0 0 -1
    outer loop
      vertex -80.19037019461393 -21.297066673636436 -80
      vertex -80.25 -21.75 -80
      vertex -82.5 -21.75 -80
    endloop
  endfacet
  facet normal 0 0 -1
    outer loop
      vertex -80.19037019461393 -21.297066673636436 -80
      vertex -82.5 -21.75 -80
      vertex -82.35458029806614 -20.261074222624302 -80
    endloop
  endfacet
  facet normal 0 0 -1
    outer loop
      vertex -80.19037019461393 -21.297066673636436 -80
      vertex -82.35458029806614 -20.261074222624302 -80
      vertex -82.23129942268133 -20.17870057374239 -80
    endloop
  endfacet
  facet normal 0 0 -1
    outer loop
      vertex -80.19037019461393 -21.297066673636436 -80
      vertex -82.23129942268133 -20.17870057374239 -80
      vertex -82.14892578125 -20.055419705808163 -80
    endloop
  endfacet
  facet normal 0 0 -1
    outer loop
      vertex -80.01554445922375 -20.875 -80
      vertex -80.19037019461393 -21.297066673636436 -80
      vertex -82.14892578125 -20.055419705808163 -80
    endloop
  endfacet
  facet normal 0 0 -1
    outer loop
      vertex -80.01554445922375 -20.875 -80
      vertex -82.14892578125 -20.055419705808163 -80
      vertex -82.11999999731779 -19.90999999642372 -80
    endloop
  endfacet
  facet normal 0 0 -1
    outer loop
      vertex -79.73743686825037 -20.51256313174963 -80
      vertex -80.01554445922375 -20.875 -80
      vertex -82.11999999731779 -19.90999999642372 -80
    endloop
  endfacet
  facet normal 0 0 -1
    outer loop
      vertex 78.5 -25.75 -80
      vertex 75.10000000149012 -25.75 -80
      vertex 77.625 -23.265544459223747 -80
    endloop
  endfacet
  facet normal 0 0 -1
    outer loop
      vertex 78.5 -25.75 -80
      vertex 77.625 -23.265544459223747 -80
      vertex 78.04706667363644 -23.440370194613934 -80
    endloop
  endfacet
  facet normal 0 0 -1
    outer loop
      vertex 78.5 -25.75 -80
      vertex 78.04706667363644 -23.440370194613934 -80
      vertex 78.5 -23.5 -80
    endloop
  endfacet
  facet normal 0 0 -1
    outer loop
      vertex 78.89206856489182 -25.730738908052444 -80
      vertex 78.5 -25.75 -80
      vertex 78.5 -23.5 -80
    endloop
  endfacet
  facet normal 0 0 -1
    outer loop
      vertex 78.89206856489182 -25.730738908052444 -80
      vertex 78.5 -23.5 -80
      vertex 78.95293332636356 -23.440370194613934 -80
    endloop
  endfacet
  facet normal 0 0 -1
    outer loop
      vertex 79.28036128729582 -25.67314112186432 -80
      vertex 78.89206856489182 -25.730738908052444 -80
      vertex 78.95293332636356 -23.440370194613934 -80
    endloop
  endfacet
  facet normal 0 0 -1
    outer loop
      vertex 79.66113870590925 -25.577761344611645 -80
      vertex 79.28036128729582 -25.67314112186432 -80
      vertex 78.95293332636356 -23.440370194613934 -80
    endloop
  endfacet
  facet normal 0 0 -1
    outer loop
      vertex 80.0307337269187 -25.445518128573895 -80
      vertex 79.66113870590925 -25.577761344611645 -80
      vertex 78.95293332636356 -23.440370194613934 -80
    endloop
  endfacet
  facet normal 0 0 -1
    outer loop
      vertex 80.0307337269187 -25.445518128573895 -80
      vertex 78.95293332636356 -23.440370194613934 -80
      vertex 79.375 -23.265544459223747 -80
    endloop
  endfacet
  facet normal 0 0 -1
    outer loop
      vertex 80.38558694720268 -25.277685061097145 -80
      vertex 80.0307337269187 -25.445518128573895 -80
      vertex 79.375 -23.265544459223747 -80
    endloop
  endfacet
  facet normal 0 0 -1
    outer loop
      vertex 80.72228093445301 -25.07587844878435 -80
      vertex 80.38558694720268 -25.277685061097145 -80
      vertex 79.375 -23.265544459223747 -80
    endloop
  endfacet
  facet normal 0 0 -1
    outer loop
      vertex 81.03757313638926 -24.842041812837124 -80
      vertex 80.72228093445301 -25.07587844878435 -80
      vertex 79.375 -23.265544459223747 -80
    endloop
  endfacet
  facet normal 0 0 -1
    outer loop
      vertex 81.03757313638926 -24.842041812837124 -80
      vertex 79.375 -23.265544459223747 -80
      vertex 79.73743686825037 -22.98743686825037 -80
    endloop
  endfacet
  facet normal 0 0 -1
    outer loop
      vertex 81.3284271210432 -24.578427121043205 -80
      vertex 81.03757313638926 -24.842041812837124 -80
      vertex 79.73743686825037 -22.98743686825037 -80
    endloop
  endfacet
  facet normal 0 0 -1
    outer loop
      vertex 81.59204181283712 -24.287573136389256 -80
      vertex 81.3284271210432 -24.578427121043205 -80
      vertex 79.73743686825037 -22.98743686825037 -80
    endloop
  endfacet
  facet normal 0 0 -1
    outer loop
      vertex 81.59204181283712 -24.287573136389256 -80
      vertex 79.73743686825037 -22.98743686825037 -80
      vertex 80.01554445922375 -22.625 -80
    endloop
  endfacet
  facet normal 0 0 -1
    outer loop
      vertex 81.82587844878435 -23.97228093445301 -80
      vertex 81.59204181283712 -24.287573136389256 -80
      vertex 80.01554445922375 -22.625 -80
    endloop
  endfacet
  facet normal 0 0 -1
    outer loop
      vertex 82.02768506109715 -23.635586947202682 -80
      vertex 81.82587844878435 -23.97228093445301 -80
      vertex 80.01554445922375 -22.625 -80
    endloop
  endfacet
  facet normal 0 0 -1
    outer loop
      vertex 82.1955181285739 -23.280733726918697 -80
      vertex 82.02768506109715 -23.635586947202682 -80
      vertex 80.01554445922375 -22.625 -80
    endloop
  endfacet
  facet normal 0 0 -1
    outer loop
      vertex 82.1955181285739 -23.280733726918697 -80
      vertex 80.01554445922375 -22.625 -80
      vertex 80.19037019461393 -22.202933326363564 -80
    endloop
  endfacet
  facet normal 0 0 -1
    outer loop
      vertex 82.32776134461164 -22.911138705909252 -80
      vertex 82.1955181285739 -23.280733726918697 -80
      vertex 80.19037019461393 -22.202933326363564 -80
    endloop
  endfacet
  facet normal 0 0 -1
    outer loop
      vertex 82.42314112186432 -22.53036128729582 -80
      vertex 82.32776134461164 -22.911138705909252 -80
      vertex 80.19037019461393 -22.202933326363564 -80
    endloop
  endfacet
  facet normal 0 0 -1
    outer loop
      vertex 82.48073890805244 -22.142068564891815 -80
      vertex 82.42314112186432 -22.53036128729582 -80
      vertex 80.19037019461393 -22.202933326363564 -80
    endloop
  endfacet
  facet normal 0 0 -1
    outer loop
      vertex 82.48073890805244 -22.142068564891815 -80
      vertex 80.19037019461393 -22.202933326363564 -80
      vertex 80.25 -21.75 -80
    endloop
  endfacet
  facet normal 0 0 -1
    outer loop
      vertex 82.5 -21.75 -80
      vertex 82.48073890805244 -22.142068564891815 -80
      vertex 80.25 -21.75 -80
    endloop
  endfacet
  facet normal 0 0 -1
    outer loop
      vertex 82.5 -21.75 -80
      vertex 80.25 -21.75 -80
      vertex 80.19037019461393 -21.297066673636436 -80
    endloop
  endfacet
  facet normal 0 0 -1
    outer loop
      vertex 82.35458029806614 -20.261074222624302 -80
      vertex 82.5 -21.75 -80
      vertex 80.19037019461393 -21.297066673636436 -80
    endloop
  endfacet
  facet normal 0 0 -1
    outer loop
      vertex 82.23129942268133 -20.17870057374239 -80
      vertex 82.35458029806614 -20.261074222624302 -80
      vertex 80.19037019461393 -21.297066673636436 -80
    endloop
  endfacet
  facet normal 0 0 -1
    outer loop
      vertex 82.14892578125 -20.055419705808163 -80
      vertex 82.23129942268133 -20.17870057374239 -80
      vertex 80.19037019461393 -21.297066673636436 -80
    endloop
  endfacet
  facet normal 0 0 -1
    outer loop
      vertex 82.14892578125 -20.055419705808163 -80
      vertex 80.19037019461393 -21.297066673636436 -80
      vertex 80.01554445922375 -20.875 -80
    endloop
  endfacet
  facet normal 0 0 -1
    outer loop
      vertex 82.11999999731779 -19.90999999642372 -80
      vertex 82.14892578125 -20.055419705808163 -80
      vertex 80.01554445922375 -20.875 -80
    endloop
  endfacet
  facet normal 0 0 -1
    outer loop
      vertex 82.11999999731779 -19.90999999642372 -80
      vertex 80.01554445922375 -20.875 -80
      vertex 79.73743686825037 -20.51256313174963 -80
    endloop
  endfacet
  facet normal 0 0 -1
    outer loop
      vertex 82.5 14.552500002086163 -80
      vertex 82.5 10.33500000089407 -80
      vertex 82.35458029806614 10.306074224412441 -80
    endloop
  endfacet
  facet normal 0 0 -1
    outer loop
      vertex -82.35458029806614 10.306074224412441 -80
      vertex -82.5 10.33500000089407 -80
      vertex -82.5 14.552500002086163 -80
    endloop
  endfacet
  facet normal 0 0 -1
    outer loop
      vertex -75.10000000149012 24.25500000268221 -80
      vertex -77.26256313174963 22.98743686825037 -80
      vertex -77.625 23.265544459223747 -80
    endloop
  endfacet
  facet normal 0 0 -1
    outer loop
      vertex 77.625 23.265544459223747 -80
      vertex 77.26256313174963 22.98743686825037 -80
      vertex 75.10000000149012 24.25500000268221 -80
    endloop
  endfacet
  facet normal 0 0 -1
    outer loop
      vertex -80.01554445922375 20.875 -80
      vertex -79.73743686825037 20.51256313174963 -80
      vertex -81.00500000268221 18.320000000298023 -80
    endloop
  endfacet
  facet normal 0 0 -1
    outer loop
      vertex 81.00500000268221 18.320000000298023 -80
      vertex 79.73743686825037 20.51256313174963 -80
      vertex 80.01554445922375 20.875 -80
    endloop
  endfacet
  facet normal 0 0 -1
    outer loop
      vertex 82.35458029806614 -10.306074224412441 -80
      vertex 82.5 -10.33500000089407 -80
      vertex 82.5 -14.552500002086163 -80
    endloop
  endfacet
  facet normal 0 0 -1
    outer loop
      vertex -82.5 -14.552500002086163 -80
      vertex -82.5 -10.33500000089407 -80
      vertex -82.35458029806614 -10.306074224412441 -80
    endloop
  endfacet
  facet normal 0 0 -1
    outer loop
      vertex 82.5 -15.3125 -80
      vertex 82.5 -19.530000001192093 -80
      vertex 82.35458029806614 -19.55892577767372 -80
    endloop
  endfacet
  facet normal 0 0 -1
    outer loop
      vertex -82.35458029806614 -19.55892577767372 -80
      vertex -82.5 -19.530000001192093 -80
      vertex -82.5 -15.3125 -80
    endloop
  endfacet
  facet normal 0 0 -1
    outer loop
      vertex -79.73743686825037 -20.51256313174963 -80
      vertex -82.11999999731779 -19.90999999642372 -80
      vertex -82.14892578125 -19.76458029448986 -80
    endloop
  endfacet
  facet normal 0 0 -1
    outer loop
      vertex 82.14892578125 -19.76458029448986 -80
      vertex 82.11999999731779 -19.90999999642372 -80
      vertex 79.73743686825037 -20.51256313174963 -80
    endloop
  endfacet
  facet normal 0 0 -1
    outer loop
      vertex 82.35458029806614 14.581425778567791 -80
      vertex 82.5 14.552500002086163 -80
      vertex 82.35458029806614 10.306074224412441 -80
    endloop
  endfacet
  facet normal 0 0 -1
    outer loop
      vertex -82.35458029806614 10.306074224412441 -80
      vertex -82.5 14.552500002086163 -80
      vertex -82.35458029806614 14.581425778567791 -80
    endloop
  endfacet
  facet normal 0 0 -1
    outer loop
      vertex -78.5 -18.350000001490116 -80
      vertex -75.10000000149012 -18.350000001490116 -80
      vertex -77.625 -20.234455540776253 -80
    endloop
  endfacet
  facet normal 0 0 -1
    outer loop
      vertex -78.5 -18.350000001490116 -80
      vertex -77.625 -20.234455540776253 -80
      vertex -78.04706667363644 -20.059629805386066 -80
    endloop
  endfacet
  facet normal 0 0 -1
    outer loop
      vertex -78.5 -18.350000001490116 -80
      vertex -78.04706667363644 -20.059629805386066 -80
      vertex -78.5 -20 -80
    endloop
  endfacet
  facet normal 0 0 -1
    outer loop
      vertex -78.5 -18.350000001490116 -80
      vertex -78.5 -20 -80
      vertex -78.95293332636356 -20.059629805386066 -80
    endloop
  endfacet
  facet normal 0 0 -1
    outer loop
      vertex -81.00500000268221 -18.179999999701977 -80
      vertex -78.5 -18.350000001490116 -80
      vertex -78.95293332636356 -20.059629805386066 -80
    endloop
  endfacet
  facet normal 0 0 -1
    outer loop
      vertex -81.00500000268221 -18.179999999701977 -80
      vertex -78.95293332636356 -20.059629805386066 -80
      vertex -79.375 -20.234455540776253 -80
    endloop
  endfacet
  facet normal 0 0 -1
    outer loop
      vertex -81.00500000268221 -18.179999999701977 -80
      vertex -79.375 -20.234455540776253 -80
      vertex -79.73743686825037 -20.51256313174963 -80
    endloop
  endfacet
  facet normal 0 0 -1
    outer loop
      vertex -81.00500000268221 -18.179999999701977 -80
      vertex -79.73743686825037 -20.51256313174963 -80
      vertex -82.14892578125 -19.76458029448986 -80
    endloop
  endfacet
  facet normal 0 0 -1
    outer loop
      vertex -81.00500000268221 -18.179999999701977 -80
      vertex -82.14892578125 -19.76458029448986 -80
      vertex -82.23129942268133 -19.641299426555634 -80
    endloop
  endfacet
  facet normal 0 0 -1
    outer loop
      vertex -81.00500000268221 -18.179999999701977 -80
      vertex -82.23129942268133 -19.641299426555634 -80
      vertex -82.35458029806614 -19.55892577767372 -80
    endloop
  endfacet
  facet normal 0 0 -1
    outer loop
      vertex 77.625 -20.234455540776253 -80
      vertex 75.10000000149012 -18.350000001490116 -80
      vertex 78.5 -18.350000001490116 -80
    endloop
  endfacet
  facet normal 0 0 -1
    outer loop
      vertex 78.04706667363644 -20.059629805386066 -80
      vertex 77.625 -20.234455540776253 -80
      vertex 78.5 -18.350000001490116 -80
    endloop
  endfacet
  facet normal 0 0 -1
    outer loop
      vertex 78.5 -20 -80
      vertex 78.04706667363644 -20.059629805386066 -80
      vertex 78.5 -18.350000001490116 -80
    endloop
  endfacet
  facet normal 0 0 -1
    outer loop
      vertex 78.95293332636356 -20.059629805386066 -80
      vertex 78.5 -20 -80
      vertex 78.5 -18.350000001490116 -80
    endloop
  endfacet
  facet normal 0 0 -1
    outer loop
      vertex 78.95293332636356 -20.059629805386066 -80
      vertex 78.5 -18.350000001490116 -80
      vertex 81.00500000268221 -18.179999999701977 -80
    endloop
  endfacet
  facet normal 0 0 -1
    outer loop
      vertex 79.375 -20.234455540776253 -80
      vertex 78.95293332636356 -20.059629805386066 -80
      vertex 81.00500000268221 -18.179999999701977 -80
    endloop
  endfacet
  facet normal 0 0 -1
    outer loop
      vertex 79.73743686825037 -20.51256313174963 -80
      vertex 79.375 -20.234455540776253 -80
      vertex 81.00500000268221 -18.179999999701977 -80
    endloop
  endfacet
  facet normal 0 0 -1
    outer loop
      vertex 82.14892578125 -19.76458029448986 -80
      vertex 79.73743686825037 -20.51256313174963 -80
      vertex 81.00500000268221 -18.179999999701977 -80
    endloop
  endfacet
  facet normal 0 0 -1
    outer loop
      vertex 82.23129942268133 -19.641299426555634 -80
      vertex 82.14892578125 -19.76458029448986 -80
      vertex 81.00500000268221 -18.179999999701977 -80
    endloop
  endfacet
  facet normal 0 0 -1
    outer loop
      vertex 82.35458029806614 -19.55892577767372 -80
      vertex 82.23129942268133 -19.641299426555634 -80
      vertex 81.00500000268221 -18.179999999701977 -80
    endloop
  endfacet
  facet normal 0 0 -1
    outer loop
      vertex 82.35458029806614 19.55892577767372 -80
      vertex 82.5 19.530000001192093 -80
      vertex 82.5 15.3125 -80
    endloop
  endfacet
  facet normal 0 0 -1
    outer loop
      vertex -82.5 15.3125 -80
      vertex -82.5 19.530000001192093 -80
      vertex -82.35458029806614 19.55892577767372 -80
    endloop
  endfacet
  facet normal 0 0 -1
    outer loop
      vertex 82.35458029806614 -15.283574223518372 -80
      vertex 82.5 -15.3125 -80
      vertex 82.35458029806614 -19.55892577767372 -80
    endloop
  endfacet
  facet normal 0 0 -1
    outer loop
      vertex -82.35458029806614 -19.55892577767372 -80
      vertex -82.5 -15.3125 -80
      vertex -82.35458029806614 -15.283574223518372 -80
    endloop
  endfacet
  facet normal 0 0 -1
    outer loop
      vertex 82.35458029806614 -10.306074224412441 -80
      vertex 82.5 -14.552500002086163 -80
      vertex 82.35458029806614 -14.581425778567791 -80
    endloop
  endfacet
  facet normal 0 0 -1
    outer loop
      vertex -82.35458029806614 -14.581425778567791 -80
      vertex -82.5 -14.552500002086163 -80
      vertex -82.35458029806614 -10.306074224412441 -80
    endloop
  endfacet
  facet normal 0 0 -1
    outer loop
      vertex 82.5 9.575000002980232 -80
      vertex 82.5 5.357500001788139 -80
      vertex 82.35458029806614 5.328574225306511 -80
    endloop
  endfacet
  facet normal 0 0 -1
    outer loop
      vertex -82.35458029806614 5.328574225306511 -80
      vertex -82.5 5.357500001788139 -80
      vertex -82.5 9.575000002980232 -80
    endloop
  endfacet
  facet normal 0 0 -1
    outer loop
      vertex 82.35458029806614 19.55892577767372 -80
      vertex 82.5 15.3125 -80
      vertex 82.35458029806614 15.283574223518372 -80
    endloop
  endfacet
  facet normal 0 0 -1
    outer loop
      vertex -82.35458029806614 15.283574223518372 -80
      vertex -82.5 15.3125 -80
      vertex -82.35458029806614 19.55892577767372 -80
    endloop
  endfacet
  facet normal 0 0 -1
    outer loop
      vertex 82.5 4.597499996423721 -80
      vertex 82.5 0.380000002682209 -80
      vertex 82.35458029806614 0.35107421875 -80
    endloop
  endfacet
  facet normal 0 0 -1
    outer loop
      vertex -82.35458029806614 0.35107421875 -80
      vertex -82.5 0.380000002682209 -80
      vertex -82.5 4.597499996423721 -80
    endloop
  endfacet
  facet normal 0 0 -1
    outer loop
      vertex 82.35458029806614 -5.328574225306511 -80
      vertex 82.5 -5.357500001788139 -80
      vertex 82.5 -9.575000002980232 -80
    endloop
  endfacet
  facet normal 0 0 -1
    outer loop
      vertex -82.5 -9.575000002980232 -80
      vertex -82.5 -5.357500001788139 -80
      vertex -82.35458029806614 -5.328574225306511 -80
    endloop
  endfacet
  facet normal 0 0 -1
    outer loop
      vertex 82.35458029806614 -0.35107421875 -80
      vertex 82.5 -0.380000002682209 -80
      vertex 82.5 -4.597499996423721 -80
    endloop
  endfacet
  facet normal 0 0 -1
    outer loop
      vertex -82.5 -4.597499996423721 -80
      vertex -82.5 -0.380000002682209 -80
      vertex -82.35458029806614 -0.35107421875 -80
    endloop
  endfacet
  facet normal 0 0 -1
    outer loop
      vertex 82.23129942268133 14.663799419999123 -80
      vertex 82.35458029806614 14.581425778567791 -80
      vertex 82.35458029806614 10.306074224412441 -80
    endloop
  endfacet
  facet normal 0 0 -1
    outer loop
      vertex 82.23129942268133 14.663799419999123 -80
      vertex 82.35458029806614 10.306074224412441 -80
      vertex 82.23129942268133 10.223700575530529 -80
    endloop
  endfacet
  facet normal 0 0 -1
    outer loop
      vertex -82.35458029806614 10.306074224412441 -80
      vertex -82.35458029806614 14.581425778567791 -80
      vertex -82.23129942268133 14.663799419999123 -80
    endloop
  endfacet
  facet normal 0 0 -1
    outer loop
      vertex -82.23129942268133 10.223700575530529 -80
      vertex -82.35458029806614 10.306074224412441 -80
      vertex -82.23129942268133 14.663799419999123 -80
    endloop
  endfacet
  facet normal 0 0 -1
    outer loop
      vertex 82.35458029806614 -10.306074224412441 -80
      vertex 82.35458029806614 -14.581425778567791 -80
      vertex 82.23129942268133 -14.663799419999123 -80
    endloop
  endfacet
  facet normal 0 0 -1
    outer loop
      vertex -82.23129942268133 -14.663799419999123 -80
      vertex -82.35458029806614 -14.581425778567791 -80
      vertex -82.35458029806614 -10.306074224412441 -80
    endloop
  endfacet
  facet normal 0 0 -1
    outer loop
      vertex 82.23129942268133 -15.20120057463646 -80
      vertex 82.35458029806614 -15.283574223518372 -80
      vertex 82.35458029806614 -19.55892577767372 -80
    endloop
  endfacet
  facet normal 0 0 -1
    outer loop
      vertex -82.35458029806614 -19.55892577767372 -80
      vertex -82.35458029806614 -15.283574223518372 -80
      vertex -82.23129942268133 -15.20120057463646 -80
    endloop
  endfacet
  facet normal 0 0 -1
    outer loop
      vertex 82.23129942268133 19.641299426555634 -80
      vertex 82.35458029806614 19.55892577767372 -80
      vertex 82.35458029806614 15.283574223518372 -80
    endloop
  endfacet
  facet normal 0 0 -1
    outer loop
      vertex -82.35458029806614 15.283574223518372 -80
      vertex -82.35458029806614 19.55892577767372 -80
      vertex -82.23129942268133 19.641299426555634 -80
    endloop
  endfacet
  facet normal 0 0 -1
    outer loop
      vertex 82.35458029806614 9.60392577946186 -80
      vertex 82.5 9.575000002980232 -80
      vertex 82.35458029806614 5.328574225306511 -80
    endloop
  endfacet
  facet normal 0 0 -1
    outer loop
      vertex -82.35458029806614 5.328574225306511 -80
      vertex -82.5 9.575000002980232 -80
      vertex -82.35458029806614 9.60392577946186 -80
    endloop
  endfacet
  facet normal 0 0 -1
    outer loop
      vertex 82.35458029806614 4.62642578035593 -80
      vertex 82.5 4.597499996423721 -80
      vertex 82.35458029806614 0.35107421875 -80
    endloop
  endfacet
  facet normal 0 0 -1
    outer loop
      vertex -82.35458029806614 0.35107421875 -80
      vertex -82.5 4.597499996423721 -80
      vertex -82.35458029806614 4.62642578035593 -80
    endloop
  endfacet
  facet normal 0 0 -1
    outer loop
      vertex 82.23129942268133 -10.223700575530529 -80
      vertex 82.35458029806614 -10.306074224412441 -80
      vertex 82.23129942268133 -14.663799419999123 -80
    endloop
  endfacet
  facet normal 0 0 -1
    outer loop
      vertex -82.23129942268133 -14.663799419999123 -80
      vertex -82.35458029806614 -10.306074224412441 -80
      vertex -82.23129942268133 -10.223700575530529 -80
    endloop
  endfacet
  facet normal 0 0 -1
    outer loop
      vertex 82.23129942268133 -5.246200576424599 -80
      vertex 82.35458029806614 -5.328574225306511 -80
      vertex 82.5 -9.575000002980232 -80
    endloop
  endfacet
  facet normal 0 0 -1
    outer loop
      vertex -82.5 -9.575000002980232 -80
      vertex -82.35458029806614 -5.328574225306511 -80
      vertex -82.23129942268133 -5.246200576424599 -80
    endloop
  endfacet
  facet normal 0 0 -1
    outer loop
      vertex 82.23129942268133 -0.26870057731866837 -80
      vertex 82.35458029806614 -0.35107421875 -80
      vertex 82.5 -4.597499996423721 -80
    endloop
  endfacet
  facet normal 0 0 -1
    outer loop
      vertex -82.5 -4.597499996423721 -80
      vertex -82.35458029806614 -0.35107421875 -80
      vertex -82.23129942268133 -0.26870057731866837 -80
    endloop
  endfacet
  facet normal 0 0 -1
    outer loop
      vertex 82.35458029806614 9.60392577946186 -80
      vertex 82.35458029806614 5.328574225306511 -80
      vertex 82.23129942268133 5.246200576424599 -80
    endloop
  endfacet
  facet normal 0 0 -1
    outer loop
      vertex -82.23129942268133 5.246200576424599 -80
      vertex -82.35458029806614 5.328574225306511 -80
      vertex -82.35458029806614 9.60392577946186 -80
    endloop
  endfacet
  facet normal 0 0 -1
    outer loop
      vertex 82.23129942268133 19.641299426555634 -80
      vertex 82.35458029806614 15.283574223518372 -80
      vertex 82.23129942268133 15.20120057463646 -80
    endloop
  endfacet
  facet normal 0 0 -1
    outer loop
      vertex -82.23129942268133 15.20120057463646 -80
      vertex -82.35458029806614 15.283574223518372 -80
      vertex -82.23129942268133 19.641299426555634 -80
    endloop
  endfacet
  facet normal 0 0 -1
    outer loop
      vertex 82.35458029806614 4.62642578035593 -80
      vertex 82.35458029806614 0.35107421875 -80
      vertex 82.23129942268133 0.26870057731866837 -80
    endloop
  endfacet
  facet normal 0 0 -1
    outer loop
      vertex -82.23129942268133 0.26870057731866837 -80
      vertex -82.35458029806614 0.35107421875 -80
      vertex -82.35458029806614 4.62642578035593 -80
    endloop
  endfacet
  facet normal 0 0 -1
    outer loop
      vertex 82.5 21.75 -80
      vertex 82.35458029806614 20.261074222624302 -80
      vertex 82.23129942268133 20.17870057374239 -80
    endloop
  endfacet
  facet normal 0 0 -1
    outer loop
      vertex -82.23129942268133 20.17870057374239 -80
      vertex -82.35458029806614 20.261074222624302 -80
      vertex -82.5 21.75 -80
    endloop
  endfacet
  facet normal 0 0 -1
    outer loop
      vertex 82.23129942268133 -5.246200576424599 -80
      vertex 82.5 -9.575000002980232 -80
      vertex 82.35458029806614 -9.60392577946186 -80
    endloop
  endfacet
  facet normal 0 0 -1
    outer loop
      vertex -82.35458029806614 -9.60392577946186 -80
      vertex -82.5 -9.575000002980232 -80
      vertex -82.23129942268133 -5.246200576424599 -80
    endloop
  endfacet
  facet normal 0 0 -1
    outer loop
      vertex 82.23129942268133 -0.26870057731866837 -80
      vertex 82.5 -4.597499996423721 -80
      vertex 82.35458029806614 -4.62642578035593 -80
    endloop
  endfacet
  facet normal 0 0 -1
    outer loop
      vertex -82.35458029806614 -4.62642578035593 -80
      vertex -82.5 -4.597499996423721 -80
      vertex -82.23129942268133 -0.26870057731866837 -80
    endloop
  endfacet
  facet normal 0 0 -1
    outer loop
      vertex 82.23129942268133 9.686299420893192 -80
      vertex 82.35458029806614 9.60392577946186 -80
      vertex 82.23129942268133 5.246200576424599 -80
    endloop
  endfacet
  facet normal 0 0 -1
    outer loop
      vertex -82.23129942268133 5.246200576424599 -80
      vertex -82.35458029806614 9.60392577946186 -80
      vertex -82.23129942268133 9.686299420893192 -80
    endloop
  endfacet
  facet normal 0 0 -1
    outer loop
      vertex 82.23129942268133 4.708799421787262 -80
      vertex 82.35458029806614 4.62642578035593 -80
      vertex 82.23129942268133 0.26870057731866837 -80
    endloop
  endfacet
  facet normal 0 0 -1
    outer loop
      vertex -82.23129942268133 0.26870057731866837 -80
      vertex -82.35458029806614 4.62642578035593 -80
      vertex -82.23129942268133 4.708799421787262 -80
    endloop
  endfacet
  facet normal 0 0 -1
    outer loop
      vertex 82.23129942268133 -5.246200576424599 -80
      vertex 82.35458029806614 -9.60392577946186 -80
      vertex 82.23129942268133 -9.686299420893192 -80
    endloop
  endfacet
  facet normal 0 0 -1
    outer loop
      vertex -82.23129942268133 -9.686299420893192 -80
      vertex -82.35458029806614 -9.60392577946186 -80
      vertex -82.23129942268133 -5.246200576424599 -80
    endloop
  endfacet
  facet normal 0 0 -1
    outer loop
      vertex 82.23129942268133 -0.26870057731866837 -80
      vertex 82.35458029806614 -4.62642578035593 -80
      vertex 82.23129942268133 -4.708799421787262 -80
    endloop
  endfacet
  facet normal 0 0 -1
    outer loop
      vertex -82.23129942268133 -4.708799421787262 -80
      vertex -82.35458029806614 -4.62642578035593 -80
      vertex -82.23129942268133 -0.26870057731866837 -80
    endloop
  endfacet
  facet normal 0 0 -1
    outer loop
      vertex -81.00500000268221 -16.679999999701977 -80
      vertex -81.00500000268221 -18.179999999701977 -80
      vertex -82.35458029806614 -19.55892577767372 -80
    endloop
  endfacet
  facet normal 0 0 -1
    outer loop
      vertex -81.00500000268221 -16.679999999701977 -80
      vertex -82.35458029806614 -19.55892577767372 -80
      vertex -82.23129942268133 -15.20120057463646 -80
    endloop
  endfacet
  facet normal 0 0 -1
    outer loop
      vertex -81.00500000268221 -16.679999999701977 -80
      vertex -82.23129942268133 -15.20120057463646 -80
      vertex -82.14892578125 -15.077919706702232 -80
    endloop
  endfacet
  facet normal 0 0 -1
    outer loop
      vertex -81.00500000268221 -14.679999999701977 -80
      vertex -81.00500000268221 -16.679999999701977 -80
      vertex -82.14892578125 -15.077919706702232 -80
    endloop
  endfacet
  facet normal 0 0 -1
    outer loop
      vertex -81.00500000268221 -14.679999999701977 -80
      vertex -82.14892578125 -15.077919706702232 -80
      vertex -82.11999999731779 -14.932499997317791 -80
    endloop
  endfacet
  facet normal 0 0 -1
    outer loop
      vertex -81.00500000268221 -14.679999999701977 -80
      vertex -82.11999999731779 -14.932499997317791 -80
      vertex -82.14892578125 -14.78708029538393 -80
    endloop
  endfacet
  facet normal 0 0 -1
    outer loop
      vertex -81.00500000268221 -13.179999999701977 -80
      vertex -81.00500000268221 -14.679999999701977 -80
      vertex -82.14892578125 -14.78708029538393 -80
    endloop
  endfacet
  facet normal 0 0 -1
    outer loop
      vertex -81.00500000268221 -13.179999999701977 -80
      vertex -82.14892578125 -14.78708029538393 -80
      vertex -82.23129942268133 -14.663799419999123 -80
    endloop
  endfacet
  facet normal 0 0 -1
    outer loop
      vertex 82.35458029806614 -19.55892577767372 -80
      vertex 81.00500000268221 -18.179999999701977 -80
      vertex 81.00500000268221 -16.679999999701977 -80
    endloop
  endfacet
  facet normal 0 0 -1
    outer loop
      vertex 82.23129942268133 -15.20120057463646 -80
      vertex 82.35458029806614 -19.55892577767372 -80
      vertex 81.00500000268221 -16.679999999701977 -80
    endloop
  endfacet
  facet normal 0 0 -1
    outer loop
      vertex 82.14892578125 -15.077919706702232 -80
      vertex 82.23129942268133 -15.20120057463646 -80
      vertex 81.00500000268221 -16.679999999701977 -80
    endloop
  endfacet
  facet normal 0 0 -1
    outer loop
      vertex 82.14892578125 -15.077919706702232 -80
      vertex 81.00500000268221 -16.679999999701977 -80
      vertex 81.00500000268221 -14.679999999701977 -80
    endloop
  endfacet
  facet normal 0 0 -1
    outer loop
      vertex 82.11999999731779 -14.932499997317791 -80
      vertex 82.14892578125 -15.077919706702232 -80
      vertex 81.00500000268221 -14.679999999701977 -80
    endloop
  endfacet
  facet normal 0 0 -1
    outer loop
      vertex 82.14892578125 -14.78708029538393 -80
      vertex 82.11999999731779 -14.932499997317791 -80
      vertex 81.00500000268221 -14.679999999701977 -80
    endloop
  endfacet
  facet normal 0 0 -1
    outer loop
      vertex 82.14892578125 -14.78708029538393 -80
      vertex 81.00500000268221 -14.679999999701977 -80
      vertex 81.00500000268221 -13.179999999701977 -80
    endloop
  endfacet
  facet normal 0 0 -1
    outer loop
      vertex 82.23129942268133 -14.663799419999123 -80
      vertex 82.14892578125 -14.78708029538393 -80
      vertex 81.00500000268221 -13.179999999701977 -80
    endloop
  endfacet
  facet normal 0 0 -1
    outer loop
      vertex -75.10000000149012 24.25500000268221 -80
      vertex -77.625 23.265544459223747 -80
      vertex -78.04706667363644 23.440370194613934 -80
    endloop
  endfacet
  facet normal 0 0 -1
    outer loop
      vertex 78.04706667363644 23.440370194613934 -80
      vertex 77.625 23.265544459223747 -80
      vertex 75.10000000149012 24.25500000268221 -80
    endloop
  endfacet
  facet normal 0 0 -1
    outer loop
      vertex -80.19037019461393 21.297066673636436 -80
      vertex -80.01554445922375 20.875 -80
      vertex -81.00500000268221 18.320000000298023 -80
    endloop
  endfacet
  facet normal 0 0 -1
    outer loop
      vertex 81.00500000268221 18.320000000298023 -80
      vertex 80.01554445922375 20.875 -80
      vertex 80.19037019461393 21.297066673636436 -80
    endloop
  endfacet
  facet normal 0 0 -1
    outer loop
      vertex -81.00500000268221 -13.179999999701977 -80
      vertex -82.23129942268133 -14.663799419999123 -80
      vertex -82.23129942268133 -10.223700575530529 -80
    endloop
  endfacet
  facet normal 0 0 -1
    outer loop
      vertex -81.00500000268221 -11.179999999701977 -80
      vertex -81.00500000268221 -13.179999999701977 -80
      vertex -82.23129942268133 -10.223700575530529 -80
    endloop
  endfacet
  facet normal 0 0 -1
    outer loop
      vertex -81.00500000268221 -11.179999999701977 -80
      vertex -82.23129942268133 -10.223700575530529 -80
      vertex -82.14892578125 -10.100419707596302 -80
    endloop
  endfacet
  facet normal 0 0 -1
    outer loop
      vertex -81.00500000268221 -9.679999999701977 -80
      vertex -81.00500000268221 -11.179999999701977 -80
      vertex -82.14892578125 -10.100419707596302 -80
    endloop
  endfacet
  facet normal 0 0 -1
    outer loop
      vertex -81.00500000268221 -9.679999999701977 -80
      vertex -82.14892578125 -10.100419707596302 -80
      vertex -82.11999999731779 -9.95499999821186 -80
    endloop
  endfacet
  facet normal 0 0 -1
    outer loop
      vertex -81.00500000268221 -9.679999999701977 -80
      vertex -82.11999999731779 -9.95499999821186 -80
      vertex -82.14892578125 -9.809580296278 -80
    endloop
  endfacet
  facet normal 0 0 -1
    outer loop
      vertex -81.00500000268221 -7.679999999701977 -80
      vertex -81.00500000268221 -9.679999999701977 -80
      vertex -82.14892578125 -9.809580296278 -80
    endloop
  endfacet
  facet normal 0 0 -1
    outer loop
      vertex -81.00500000268221 -7.679999999701977 -80
      vertex -82.14892578125 -9.809580296278 -80
      vertex -82.23129942268133 -9.686299420893192 -80
    endloop
  endfacet
  facet normal 0 0 -1
    outer loop
      vertex 82.23129942268133 -10.223700575530529 -80
      vertex 82.23129942268133 -14.663799419999123 -80
      vertex 81.00500000268221 -13.179999999701977 -80
    endloop
  endfacet
  facet normal 0 0 -1
    outer loop
      vertex 82.23129942268133 -10.223700575530529 -80
      vertex 81.00500000268221 -13.179999999701977 -80
      vertex 81.00500000268221 -11.179999999701977 -80
    endloop
  endfacet
  facet normal 0 0 -1
    outer loop
      vertex 82.14892578125 -10.100419707596302 -80
      vertex 82.23129942268133 -10.223700575530529 -80
      vertex 81.00500000268221 -11.179999999701977 -80
    endloop
  endfacet
  facet normal 0 0 -1
    outer loop
      vertex 82.14892578125 -10.100419707596302 -80
      vertex 81.00500000268221 -11.179999999701977 -80
      vertex 81.00500000268221 -9.679999999701977 -80
    endloop
  endfacet
  facet normal 0 0 -1
    outer loop
      vertex 82.11999999731779 -9.95499999821186 -80
      vertex 82.14892578125 -10.100419707596302 -80
      vertex 81.00500000268221 -9.679999999701977 -80
    endloop
  endfacet
  facet normal 0 0 -1
    outer loop
      vertex 82.14892578125 -9.809580296278 -80
      vertex 82.11999999731779 -9.95499999821186 -80
      vertex 81.00500000268221 -9.679999999701977 -80
    endloop
  endfacet
  facet normal 0 0 -1
    outer loop
      vertex 82.14892578125 -9.809580296278 -80
      vertex 81.00500000268221 -9.679999999701977 -80
      vertex 81.00500000268221 -7.679999999701977 -80
    endloop
  endfacet
  facet normal 0 0 -1
    outer loop
      vertex 82.23129942268133 -9.686299420893192 -80
      vertex 82.14892578125 -9.809580296278 -80
      vertex 81.00500000268221 -7.679999999701977 -80
    endloop
  endfacet
  facet normal 0 0 -1
    outer loop
      vertex -81.00500000268221 -7.679999999701977 -80
      vertex -82.23129942268133 -9.686299420893192 -80
      vertex -82.23129942268133 -5.246200576424599 -80
    endloop
  endfacet
  facet normal 0 0 -1
    outer loop
      vertex -81.00500000268221 -6.179999999701977 -80
      vertex -81.00500000268221 -7.679999999701977 -80
      vertex -82.23129942268133 -5.246200576424599 -80
    endloop
  endfacet
  facet normal 0 0 -1
    outer loop
      vertex -81.00500000268221 -6.179999999701977 -80
      vertex -82.23129942268133 -5.246200576424599 -80
      vertex -82.14892578125 -5.122919701039791 -80
    endloop
  endfacet
  facet normal 0 0 -1
    outer loop
      vertex -81.00500000268221 -4.179999999701977 -80
      vertex -81.00500000268221 -6.179999999701977 -80
      vertex -82.14892578125 -5.122919701039791 -80
    endloop
  endfacet
  facet normal 0 0 -1
    outer loop
      vertex -81.00500000268221 -4.179999999701977 -80
      vertex -82.14892578125 -5.122919701039791 -80
      vertex -82.11999999731779 -4.97749999910593 -80
    endloop
  endfacet
  facet normal 0 0 -1
    outer loop
      vertex -81.00500000268221 -4.179999999701977 -80
      vertex -82.11999999731779 -4.97749999910593 -80
      vertex -82.14892578125 -4.8320802971720695 -80
    endloop
  endfacet
  facet normal 0 0 -1
    outer loop
      vertex -81.00500000268221 -4.179999999701977 -80
      vertex -82.14892578125 -4.8320802971720695 -80
      vertex -82.23129942268133 -4.708799421787262 -80
    endloop
  endfacet
  facet normal 0 0 -1
    outer loop
      vertex -81.00500000268221 -2.6799999997019768 -80
      vertex -81.00500000268221 -4.179999999701977 -80
      vertex -82.23129942268133 -4.708799421787262 -80
    endloop
  endfacet
  facet normal 0 0 -1
    outer loop
      vertex -81.00500000268221 -2.6799999997019768 -80
      vertex -82.23129942268133 -4.708799421787262 -80
      vertex -82.23129942268133 -0.26870057731866837 -80
    endloop
  endfacet
  facet normal 0 0 -1
    outer loop
      vertex -81.00500000268221 -0.6799999997019768 -80
      vertex -81.00500000268221 -2.6799999997019768 -80
      vertex -82.23129942268133 -0.26870057731866837 -80
    endloop
  endfacet
  facet normal 0 0 -1
    outer loop
      vertex -81.00500000268221 -0.6799999997019768 -80
      vertex -82.23129942268133 -0.26870057731866837 -80
      vertex -82.14892578125 -0.14541970193386078 -80
    endloop
  endfacet
  facet normal 0 0 -1
    outer loop
      vertex -81.00500000268221 -0.6799999997019768 -80
      vertex -82.14892578125 -0.14541970193386078 -80
      vertex -82.11999999731779 0 -80
    endloop
  endfacet
  facet normal 0 0 -1
    outer loop
      vertex -81.00500000268221 0.8200000002980232 -80
      vertex -81.00500000268221 -0.6799999997019768 -80
      vertex -82.11999999731779 0 -80
    endloop
  endfacet
  facet normal 0 0 -1
    outer loop
      vertex -81.00500000268221 0.8200000002980232 -80
      vertex -82.11999999731779 0 -80
      vertex -82.14892578125 0.14541970193386078 -80
    endloop
  endfacet
  facet normal 0 0 -1
    outer loop
      vertex -81.00500000268221 0.8200000002980232 -80
      vertex -82.14892578125 0.14541970193386078 -80
      vertex -82.23129942268133 0.26870057731866837 -80
    endloop
  endfacet
  facet normal 0 0 -1
    outer loop
      vertex -81.00500000268221 2.8200000002980232 -80
      vertex -81.00500000268221 0.8200000002980232 -80
      vertex -82.23129942268133 0.26870057731866837 -80
    endloop
  endfacet
  facet normal 0 0 -1
    outer loop
      vertex -81.00500000268221 2.8200000002980232 -80
      vertex -82.23129942268133 0.26870057731866837 -80
      vertex -82.23129942268133 4.708799421787262 -80
    endloop
  endfacet
  facet normal 0 0 -1
    outer loop
      vertex -81.00500000268221 4.320000000298023 -80
      vertex -81.00500000268221 2.8200000002980232 -80
      vertex -82.23129942268133 4.708799421787262 -80
    endloop
  endfacet
  facet normal 0 0 -1
    outer loop
      vertex -81.00500000268221 4.320000000298023 -80
      vertex -82.23129942268133 4.708799421787262 -80
      vertex -82.14892578125 4.8320802971720695 -80
    endloop
  endfacet
  facet normal 0 0 -1
    outer loop
      vertex -81.00500000268221 4.320000000298023 -80
      vertex -82.14892578125 4.8320802971720695 -80
      vertex -82.11999999731779 4.97749999910593 -80
    endloop
  endfacet
  facet normal 0 0 -1
    outer loop
      vertex -81.00500000268221 6.320000000298023 -80
      vertex -81.00500000268221 4.320000000298023 -80
      vertex -82.11999999731779 4.97749999910593 -80
    endloop
  endfacet
  facet normal 0 0 -1
    outer loop
      vertex -81.00500000268221 6.320000000298023 -80
      vertex -82.11999999731779 4.97749999910593 -80
      vertex -82.14892578125 5.122919701039791 -80
    endloop
  endfacet
  facet normal 0 0 -1
    outer loop
      vertex -81.00500000268221 6.320000000298023 -80
      vertex -82.14892578125 5.122919701039791 -80
      vertex -82.23129942268133 5.246200576424599 -80
    endloop
  endfacet
  facet normal 0 0 -1
    outer loop
      vertex -81.00500000268221 7.820000000298023 -80
      vertex -81.00500000268221 6.320000000298023 -80
      vertex -82.23129942268133 5.246200576424599 -80
    endloop
  endfacet
  facet normal 0 0 -1
    outer loop
      vertex -81.00500000268221 7.820000000298023 -80
      vertex -82.23129942268133 5.246200576424599 -80
      vertex -82.23129942268133 9.686299420893192 -80
    endloop
  endfacet
  facet normal 0 0 -1
    outer loop
      vertex -81.00500000268221 9.820000000298023 -80
      vertex -81.00500000268221 7.820000000298023 -80
      vertex -82.23129942268133 9.686299420893192 -80
    endloop
  endfacet
  facet normal 0 0 -1
    outer loop
      vertex -81.00500000268221 9.820000000298023 -80
      vertex -82.23129942268133 9.686299420893192 -80
      vertex -82.14892578125 9.809580296278 -80
    endloop
  endfacet
  facet normal 0 0 -1
    outer loop
      vertex -81.00500000268221 9.820000000298023 -80
      vertex -82.14892578125 9.809580296278 -80
      vertex -82.11999999731779 9.95499999821186 -80
    endloop
  endfacet
  facet normal 0 0 -1
    outer loop
      vertex -81.00500000268221 11.320000000298023 -80
      vertex -81.00500000268221 9.820000000298023 -80
      vertex -82.11999999731779 9.95499999821186 -80
    endloop
  endfacet
  facet normal 0 0 -1
    outer loop
      vertex -81.00500000268221 11.320000000298023 -80
      vertex -82.11999999731779 9.95499999821186 -80
      vertex -82.14892578125 10.100419707596302 -80
    endloop
  endfacet
  facet normal 0 0 -1
    outer loop
      vertex -81.00500000268221 11.320000000298023 -80
      vertex -82.14892578125 10.100419707596302 -80
      vertex -82.23129942268133 10.223700575530529 -80
    endloop
  endfacet
  facet normal 0 0 -1
    outer loop
      vertex -81.00500000268221 13.320000000298023 -80
      vertex -81.00500000268221 11.320000000298023 -80
      vertex -82.23129942268133 10.223700575530529 -80
    endloop
  endfacet
  facet normal 0 0 -1
    outer loop
      vertex -81.00500000268221 13.320000000298023 -80
      vertex -82.23129942268133 10.223700575530529 -80
      vertex -82.23129942268133 14.663799419999123 -80
    endloop
  endfacet
  facet normal 0 0 -1
    outer loop
      vertex -81.00500000268221 13.320000000298023 -80
      vertex -82.23129942268133 14.663799419999123 -80
      vertex -82.14892578125 14.78708029538393 -80
    endloop
  endfacet
  facet normal 0 0 -1
    outer loop
      vertex -81.00500000268221 14.820000000298023 -80
      vertex -81.00500000268221 13.320000000298023 -80
      vertex -82.14892578125 14.78708029538393 -80
    endloop
  endfacet
  facet normal 0 0 -1
    outer loop
      vertex -81.00500000268221 14.820000000298023 -80
      vertex -82.14892578125 14.78708029538393 -80
      vertex -82.11999999731779 14.932499997317791 -80
    endloop
  endfacet
  facet normal 0 0 -1
    outer loop
      vertex -81.00500000268221 16.820000000298023 -80
      vertex -81.00500000268221 14.820000000298023 -80
      vertex -82.11999999731779 14.932499997317791 -80
    endloop
  endfacet
  facet normal 0 0 -1
    outer loop
      vertex -81.00500000268221 16.820000000298023 -80
      vertex -82.11999999731779 14.932499997317791 -80
      vertex -82.14892578125 15.077919706702232 -80
    endloop
  endfacet
  facet normal 0 0 -1
    outer loop
      vertex -81.00500000268221 16.820000000298023 -80
      vertex -82.14892578125 15.077919706702232 -80
      vertex -82.23129942268133 15.20120057463646 -80
    endloop
  endfacet
  facet normal 0 0 -1
    outer loop
      vertex 82.23129942268133 -5.246200576424599 -80
      vertex 82.23129942268133 -9.686299420893192 -80
      vertex 81.00500000268221 -7.679999999701977 -80
    endloop
  endfacet
  facet normal 0 0 -1
    outer loop
      vertex 82.23129942268133 -5.246200576424599 -80
      vertex 81.00500000268221 -7.679999999701977 -80
      vertex 81.00500000268221 -6.179999999701977 -80
    endloop
  endfacet
  facet normal 0 0 -1
    outer loop
      vertex 82.14892578125 -5.122919701039791 -80
      vertex 82.23129942268133 -5.246200576424599 -80
      vertex 81.00500000268221 -6.179999999701977 -80
    endloop
  endfacet
  facet normal 0 0 -1
    outer loop
      vertex 82.14892578125 -5.122919701039791 -80
      vertex 81.00500000268221 -6.179999999701977 -80
      vertex 81.00500000268221 -4.179999999701977 -80
    endloop
  endfacet
  facet normal 0 0 -1
    outer loop
      vertex 82.11999999731779 -4.97749999910593 -80
      vertex 82.14892578125 -5.122919701039791 -80
      vertex 81.00500000268221 -4.179999999701977 -80
    endloop
  endfacet
  facet normal 0 0 -1
    outer loop
      vertex 82.14892578125 -4.8320802971720695 -80
      vertex 82.11999999731779 -4.97749999910593 -80
      vertex 81.00500000268221 -4.179999999701977 -80
    endloop
  endfacet
  facet normal 0 0 -1
    outer loop
      vertex 82.23129942268133 -4.708799421787262 -80
      vertex 82.14892578125 -4.8320802971720695 -80
      vertex 81.00500000268221 -4.179999999701977 -80
    endloop
  endfacet
  facet normal 0 0 -1
    outer loop
      vertex 82.23129942268133 -4.708799421787262 -80
      vertex 81.00500000268221 -4.179999999701977 -80
      vertex 81.00500000268221 -2.6799999997019768 -80
    endloop
  endfacet
  facet normal 0 0 -1
    outer loop
      vertex 82.23129942268133 -0.26870057731866837 -80
      vertex 82.23129942268133 -4.708799421787262 -80
      vertex 81.00500000268221 -2.6799999997019768 -80
    endloop
  endfacet
  facet normal 0 0 -1
    outer loop
      vertex 82.23129942268133 -0.26870057731866837 -80
      vertex 81.00500000268221 -2.6799999997019768 -80
      vertex 81.00500000268221 -0.6799999997019768 -80
    endloop
  endfacet
  facet normal 0 0 -1
    outer loop
      vertex 82.14892578125 -0.14541970193386078 -80
      vertex 82.23129942268133 -0.26870057731866837 -80
      vertex 81.00500000268221 -0.6799999997019768 -80
    endloop
  endfacet
  facet normal 0 0 -1
    outer loop
      vertex 82.11999999731779 0 -80
      vertex 82.14892578125 -0.14541970193386078 -80
      vertex 81.00500000268221 -0.6799999997019768 -80
    endloop
  endfacet
  facet normal 0 0 -1
    outer loop
      vertex 82.11999999731779 0 -80
      vertex 81.00500000268221 -0.6799999997019768 -80
      vertex 81.00500000268221 0.8200000002980232 -80
    endloop
  endfacet
  facet normal 0 0 -1
    outer loop
      vertex 82.14892578125 0.14541970193386078 -80
      vertex 82.11999999731779 0 -80
      vertex 81.00500000268221 0.8200000002980232 -80
    endloop
  endfacet
  facet normal 0 0 -1
    outer loop
      vertex 82.23129942268133 0.26870057731866837 -80
      vertex 82.14892578125 0.14541970193386078 -80
      vertex 81.00500000268221 0.8200000002980232 -80
    endloop
  endfacet
  facet normal 0 0 -1
    outer loop
      vertex 82.23129942268133 0.26870057731866837 -80
      vertex 81.00500000268221 0.8200000002980232 -80
      vertex 81.00500000268221 2.8200000002980232 -80
    endloop
  endfacet
  facet normal 0 0 -1
    outer loop
      vertex 82.23129942268133 4.708799421787262 -80
      vertex 82.23129942268133 0.26870057731866837 -80
      vertex 81.00500000268221 2.8200000002980232 -80
    endloop
  endfacet
  facet normal 0 0 -1
    outer loop
      vertex 82.23129942268133 4.708799421787262 -80
      vertex 81.00500000268221 2.8200000002980232 -80
      vertex 81.00500000268221 4.320000000298023 -80
    endloop
  endfacet
  facet normal 0 0 -1
    outer loop
      vertex 82.14892578125 4.8320802971720695 -80
      vertex 82.23129942268133 4.708799421787262 -80
      vertex 81.00500000268221 4.320000000298023 -80
    endloop
  endfacet
  facet normal 0 0 -1
    outer loop
      vertex 82.11999999731779 4.97749999910593 -80
      vertex 82.14892578125 4.8320802971720695 -80
      vertex 81.00500000268221 4.320000000298023 -80
    endloop
  endfacet
  facet normal 0 0 -1
    outer loop
      vertex 82.11999999731779 4.97749999910593 -80
      vertex 81.00500000268221 4.320000000298023 -80
      vertex 81.00500000268221 6.320000000298023 -80
    endloop
  endfacet
  facet normal 0 0 -1
    outer loop
      vertex 82.14892578125 5.122919701039791 -80
      vertex 82.11999999731779 4.97749999910593 -80
      vertex 81.00500000268221 6.320000000298023 -80
    endloop
  endfacet
  facet normal 0 0 -1
    outer loop
      vertex 82.23129942268133 5.246200576424599 -80
      vertex 82.14892578125 5.122919701039791 -80
      vertex 81.00500000268221 6.320000000298023 -80
    endloop
  endfacet
  facet normal 0 0 -1
    outer loop
      vertex 82.23129942268133 5.246200576424599 -80
      vertex 81.00500000268221 6.320000000298023 -80
      vertex 81.00500000268221 7.820000000298023 -80
    endloop
  endfacet
  facet normal 0 0 -1
    outer loop
      vertex 82.23129942268133 9.686299420893192 -80
      vertex 82.23129942268133 5.246200576424599 -80
      vertex 81.00500000268221 7.820000000298023 -80
    endloop
  endfacet
  facet normal 0 0 -1
    outer loop
      vertex 82.23129942268133 9.686299420893192 -80
      vertex 81.00500000268221 7.820000000298023 -80
      vertex 81.00500000268221 9.820000000298023 -80
    endloop
  endfacet
  facet normal 0 0 -1
    outer loop
      vertex 82.14892578125 9.809580296278 -80
      vertex 82.23129942268133 9.686299420893192 -80
      vertex 81.00500000268221 9.820000000298023 -80
    endloop
  endfacet
  facet normal 0 0 -1
    outer loop
      vertex 82.11999999731779 9.95499999821186 -80
      vertex 82.14892578125 9.809580296278 -80
      vertex 81.00500000268221 9.820000000298023 -80
    endloop
  endfacet
  facet normal 0 0 -1
    outer loop
      vertex 82.11999999731779 9.95499999821186 -80
      vertex 81.00500000268221 9.820000000298023 -80
      vertex 81.00500000268221 11.320000000298023 -80
    endloop
  endfacet
  facet normal 0 0 -1
    outer loop
      vertex 82.14892578125 10.100419707596302 -80
      vertex 82.11999999731779 9.95499999821186 -80
      vertex 81.00500000268221 11.320000000298023 -80
    endloop
  endfacet
  facet normal 0 0 -1
    outer loop
      vertex 82.23129942268133 10.223700575530529 -80
      vertex 82.14892578125 10.100419707596302 -80
      vertex 81.00500000268221 11.320000000298023 -80
    endloop
  endfacet
  facet normal 0 0 -1
    outer loop
      vertex 82.23129942268133 10.223700575530529 -80
      vertex 81.00500000268221 11.320000000298023 -80
      vertex 81.00500000268221 13.320000000298023 -80
    endloop
  endfacet
  facet normal 0 0 -1
    outer loop
      vertex 82.23129942268133 14.663799419999123 -80
      vertex 82.23129942268133 10.223700575530529 -80
      vertex 81.00500000268221 13.320000000298023 -80
    endloop
  endfacet
  facet normal 0 0 -1
    outer loop
      vertex 82.14892578125 14.78708029538393 -80
      vertex 82.23129942268133 14.663799419999123 -80
      vertex 81.00500000268221 13.320000000298023 -80
    endloop
  endfacet
  facet normal 0 0 -1
    outer loop
      vertex 82.14892578125 14.78708029538393 -80
      vertex 81.00500000268221 13.320000000298023 -80
      vertex 81.00500000268221 14.820000000298023 -80
    endloop
  endfacet
  facet normal 0 0 -1
    outer loop
      vertex 82.11999999731779 14.932499997317791 -80
      vertex 82.14892578125 14.78708029538393 -80
      vertex 81.00500000268221 14.820000000298023 -80
    endloop
  endfacet
  facet normal 0 0 -1
    outer loop
      vertex 82.11999999731779 14.932499997317791 -80
      vertex 81.00500000268221 14.820000000298023 -80
      vertex 81.00500000268221 16.820000000298023 -80
    endloop
  endfacet
  facet normal 0 0 -1
    outer loop
      vertex 82.14892578125 15.077919706702232 -80
      vertex 82.11999999731779 14.932499997317791 -80
      vertex 81.00500000268221 16.820000000298023 -80
    endloop
  endfacet
  facet normal 0 0 -1
    outer loop
      vertex 82.23129942268133 15.20120057463646 -80
      vertex 82.14892578125 15.077919706702232 -80
      vertex 81.00500000268221 16.820000000298023 -80
    endloop
  endfacet
  facet normal 0 0 -1
    outer loop
      vertex -81.00500000268221 18.320000000298023 -80
      vertex -81.00500000268221 16.820000000298023 -80
      vertex -82.23129942268133 15.20120057463646 -80
    endloop
  endfacet
  facet normal 0 0 -1
    outer loop
      vertex -81.00500000268221 18.320000000298023 -80
      vertex -82.23129942268133 15.20120057463646 -80
      vertex -82.23129942268133 19.641299426555634 -80
    endloop
  endfacet
  facet normal 0 0 -1
    outer loop
      vertex -81.00500000268221 18.320000000298023 -80
      vertex -82.23129942268133 19.641299426555634 -80
      vertex -82.14892578125 19.76458029448986 -80
    endloop
  endfacet
  facet normal 0 0 -1
    outer loop
      vertex -80.19037019461393 21.297066673636436 -80
      vertex -81.00500000268221 18.320000000298023 -80
      vertex -82.14892578125 19.76458029448986 -80
    endloop
  endfacet
  facet normal 0 0 -1
    outer loop
      vertex -80.19037019461393 21.297066673636436 -80
      vertex -82.14892578125 19.76458029448986 -80
      vertex -82.11999999731779 19.90999999642372 -80
    endloop
  endfacet
  facet normal 0 0 -1
    outer loop
      vertex -80.19037019461393 21.297066673636436 -80
      vertex -82.11999999731779 19.90999999642372 -80
      vertex -82.14892578125 20.055419705808163 -80
    endloop
  endfacet
  facet normal 0 0 -1
    outer loop
      vertex -80.19037019461393 21.297066673636436 -80
      vertex -82.14892578125 20.055419705808163 -80
      vertex -82.23129942268133 20.17870057374239 -80
    endloop
  endfacet
  facet normal 0 0 -1
    outer loop
      vertex -80.19037019461393 21.297066673636436 -80
      vertex -82.23129942268133 20.17870057374239 -80
      vertex -82.5 21.75 -80
    endloop
  endfacet
  facet normal 0 0 -1
    outer loop
      vertex -80.25 21.75 -80
      vertex -80.19037019461393 21.297066673636436 -80
      vertex -82.5 21.75 -80
    endloop
  endfacet
  facet normal 0 0 -1
    outer loop
      vertex -80.25 21.75 -80
      vertex -82.5 21.75 -80
      vertex -82.48073890805244 22.142068564891815 -80
    endloop
  endfacet
  facet normal 0 0 -1
    outer loop
      vertex -80.19037019461393 22.202933326363564 -80
      vertex -80.25 21.75 -80
      vertex -82.48073890805244 22.142068564891815 -80
    endloop
  endfacet
  facet normal 0 0 -1
    outer loop
      vertex -80.19037019461393 22.202933326363564 -80
      vertex -82.48073890805244 22.142068564891815 -80
      vertex -82.42314112186432 22.53036128729582 -80
    endloop
  endfacet
  facet normal 0 0 -1
    outer loop
      vertex -80.19037019461393 22.202933326363564 -80
      vertex -82.42314112186432 22.53036128729582 -80
      vertex -82.32776134461164 22.911138705909252 -80
    endloop
  endfacet
  facet normal 0 0 -1
    outer loop
      vertex -80.19037019461393 22.202933326363564 -80
      vertex -82.32776134461164 22.911138705909252 -80
      vertex -82.1955181285739 23.280733726918697 -80
    endloop
  endfacet
  facet normal 0 0 -1
    outer loop
      vertex -80.01554445922375 22.625 -80
      vertex -80.19037019461393 22.202933326363564 -80
      vertex -82.1955181285739 23.280733726918697 -80
    endloop
  endfacet
  facet normal 0 0 -1
    outer loop
      vertex -80.01554445922375 22.625 -80
      vertex -82.1955181285739 23.280733726918697 -80
      vertex -82.02768506109715 23.635586947202682 -80
    endloop
  endfacet
  facet normal 0 0 -1
    outer loop
      vertex -80.01554445922375 22.625 -80
      vertex -82.02768506109715 23.635586947202682 -80
      vertex -81.82587844878435 23.97228093445301 -80
    endloop
  endfacet
  facet normal 0 0 -1
    outer loop
      vertex -80.01554445922375 22.625 -80
      vertex -81.82587844878435 23.97228093445301 -80
      vertex -81.59204181283712 24.287573136389256 -80
    endloop
  endfacet
  facet normal 0 0 -1
    outer loop
      vertex -79.73743686825037 22.98743686825037 -80
      vertex -80.01554445922375 22.625 -80
      vertex -81.59204181283712 24.287573136389256 -80
    endloop
  endfacet
  facet normal 0 0 -1
    outer loop
      vertex -79.73743686825037 22.98743686825037 -80
      vertex -81.59204181283712 24.287573136389256 -80
      vertex -81.3284271210432 24.578427121043205 -80
    endloop
  endfacet
  facet normal 0 0 -1
    outer loop
      vertex -79.73743686825037 22.98743686825037 -80
      vertex -81.3284271210432 24.578427121043205 -80
      vertex -81.03757313638926 24.842041812837124 -80
    endloop
  endfacet
  facet normal 0 0 -1
    outer loop
      vertex -79.375 23.265544459223747 -80
      vertex -79.73743686825037 22.98743686825037 -80
      vertex -81.03757313638926 24.842041812837124 -80
    endloop
  endfacet
  facet normal 0 0 -1
    outer loop
      vertex -79.375 23.265544459223747 -80
      vertex -81.03757313638926 24.842041812837124 -80
      vertex -80.72228093445301 25.07587844878435 -80
    endloop
  endfacet
  facet normal 0 0 -1
    outer loop
      vertex -79.375 23.265544459223747 -80
      vertex -80.72228093445301 25.07587844878435 -80
      vertex -80.38558694720268 25.277685061097145 -80
    endloop
  endfacet
  facet normal 0 0 -1
    outer loop
      vertex -79.375 23.265544459223747 -80
      vertex -80.38558694720268 25.277685061097145 -80
      vertex -80.0307337269187 25.445518128573895 -80
    endloop
  endfacet
  facet normal 0 0 -1
    outer loop
      vertex -78.95293332636356 23.440370194613934 -80
      vertex -79.375 23.265544459223747 -80
      vertex -80.0307337269187 25.445518128573895 -80
    endloop
  endfacet
  facet normal 0 0 -1
    outer loop
      vertex -78.95293332636356 23.440370194613934 -80
      vertex -80.0307337269187 25.445518128573895 -80
      vertex -79.66113870590925 25.577761344611645 -80
    endloop
  endfacet
  facet normal 0 0 -1
    outer loop
      vertex -78.95293332636356 23.440370194613934 -80
      vertex -79.66113870590925 25.577761344611645 -80
      vertex -79.28036128729582 25.67314112186432 -80
    endloop
  endfacet
  facet normal 0 0 -1
    outer loop
      vertex -78.95293332636356 23.440370194613934 -80
      vertex -79.28036128729582 25.67314112186432 -80
      vertex -78.89206856489182 25.730738908052444 -80
    endloop
  endfacet
  facet normal 0 0 -1
    outer loop
      vertex -78.5 23.5 -80
      vertex -78.95293332636356 23.440370194613934 -80
      vertex -78.89206856489182 25.730738908052444 -80
    endloop
  endfacet
  facet normal 0 0 -1
    outer loop
      vertex -78.5 23.5 -80
      vertex -78.89206856489182 25.730738908052444 -80
      vertex -78.5 25.75 -80
    endloop
  endfacet
  facet normal 0 0 -1
    outer loop
      vertex -78.04706667363644 23.440370194613934 -80
      vertex -78.5 23.5 -80
      vertex -78.5 25.75 -80
    endloop
  endfacet
  facet normal 0 0 -1
    outer loop
      vertex -75.10000000149012 24.25500000268221 -80
      vertex -78.04706667363644 23.440370194613934 -80
      vertex -78.5 25.75 -80
    endloop
  endfacet
  facet normal 0 0 -1
    outer loop
      vertex -75.10000000149012 24.25500000268221 -80
      vertex -78.5 25.75 -80
      vertex 78.5 25.75 -80
    endloop
  endfacet
  facet normal 0 0 -1
    outer loop
      vertex 75.10000000149012 24.25500000268221 -80
      vertex -75.10000000149012 24.25500000268221 -80
      vertex 78.5 25.75 -80
    endloop
  endfacet
  facet normal 0 0 -1
    outer loop
      vertex 78.04706667363644 23.440370194613934 -80
      vertex 75.10000000149012 24.25500000268221 -80
      vertex 78.5 25.75 -80
    endloop
  endfacet
  facet normal 0 0 -1
    outer loop
      vertex 78.5 23.5 -80
      vertex 78.04706667363644 23.440370194613934 -80
      vertex 78.5 25.75 -80
    endloop
  endfacet
  facet normal 0 0 -1
    outer loop
      vertex 78.5 23.5 -80
      vertex 78.5 25.75 -80
      vertex 78.89206856489182 25.730738908052444 -80
    endloop
  endfacet
  facet normal 0 0 -1
    outer loop
      vertex 78.95293332636356 23.440370194613934 -80
      vertex 78.5 23.5 -80
      vertex 78.89206856489182 25.730738908052444 -80
    endloop
  endfacet
  facet normal 0 0 -1
    outer loop
      vertex 78.95293332636356 23.440370194613934 -80
      vertex 78.89206856489182 25.730738908052444 -80
      vertex 79.28036128729582 25.67314112186432 -80
    endloop
  endfacet
  facet normal 0 0 -1
    outer loop
      vertex 78.95293332636356 23.440370194613934 -80
      vertex 79.28036128729582 25.67314112186432 -80
      vertex 79.66113870590925 25.577761344611645 -80
    endloop
  endfacet
  facet normal 0 0 -1
    outer loop
      vertex 78.95293332636356 23.440370194613934 -80
      vertex 79.66113870590925 25.577761344611645 -80
      vertex 80.0307337269187 25.445518128573895 -80
    endloop
  endfacet
  facet normal 0 0 -1
    outer loop
      vertex 79.375 23.265544459223747 -80
      vertex 78.95293332636356 23.440370194613934 -80
      vertex 80.0307337269187 25.445518128573895 -80
    endloop
  endfacet
  facet normal 0 0 -1
    outer loop
      vertex 79.375 23.265544459223747 -80
      vertex 80.0307337269187 25.445518128573895 -80
      vertex 80.38558694720268 25.277685061097145 -80
    endloop
  endfacet
  facet normal 0 0 -1
    outer loop
      vertex 79.375 23.265544459223747 -80
      vertex 80.38558694720268 25.277685061097145 -80
      vertex 80.72228093445301 25.07587844878435 -80
    endloop
  endfacet
  facet normal 0 0 -1
    outer loop
      vertex 79.375 23.265544459223747 -80
      vertex 80.72228093445301 25.07587844878435 -80
      vertex 81.03757313638926 24.842041812837124 -80
    endloop
  endfacet
  facet normal 0 0 -1
    outer loop
      vertex 79.73743686825037 22.98743686825037 -80
      vertex 79.375 23.265544459223747 -80
      vertex 81.03757313638926 24.842041812837124 -80
    endloop
  endfacet
  facet normal 0 0 -1
    outer loop
      vertex 79.73743686825037 22.98743686825037 -80
      vertex 81.03757313638926 24.842041812837124 -80
      vertex 81.3284271210432 24.578427121043205 -80
    endloop
  endfacet
  facet normal 0 0 -1
    outer loop
      vertex 79.73743686825037 22.98743686825037 -80
      vertex 81.3284271210432 24.578427121043205 -80
      vertex 81.59204181283712 24.287573136389256 -80
    endloop
  endfacet
  facet normal 0 0 -1
    outer loop
      vertex 80.01554445922375 22.625 -80
      vertex 79.73743686825037 22.98743686825037 -80
      vertex 81.59204181283712 24.287573136389256 -80
    endloop
  endfacet
  facet normal 0 0 -1
    outer loop
      vertex 80.01554445922375 22.625 -80
      vertex 81.59204181283712 24.287573136389256 -80
      vertex 81.82587844878435 23.97228093445301 -80
    endloop
  endfacet
  facet normal 0 0 -1
    outer loop
      vertex 80.01554445922375 22.625 -80
      vertex 81.82587844878435 23.97228093445301 -80
      vertex 82.02768506109715 23.635586947202682 -80
    endloop
  endfacet
  facet normal 0 0 -1
    outer loop
      vertex 80.01554445922375 22.625 -80
      vertex 82.02768506109715 23.635586947202682 -80
      vertex 82.1955181285739 23.280733726918697 -80
    endloop
  endfacet
  facet normal 0 0 -1
    outer loop
      vertex 80.19037019461393 22.202933326363564 -80
      vertex 80.01554445922375 22.625 -80
      vertex 82.1955181285739 23.280733726918697 -80
    endloop
  endfacet
  facet normal 0 0 -1
    outer loop
      vertex 80.19037019461393 22.202933326363564 -80
      vertex 82.1955181285739 23.280733726918697 -80
      vertex 82.32776134461164 22.911138705909252 -80
    endloop
  endfacet
  facet normal 0 0 -1
    outer loop
      vertex 80.19037019461393 22.202933326363564 -80
      vertex 82.32776134461164 22.911138705909252 -80
      vertex 82.42314112186432 22.53036128729582 -80
    endloop
  endfacet
  facet normal 0 0 -1
    outer loop
      vertex 80.19037019461393 22.202933326363564 -80
      vertex 82.42314112186432 22.53036128729582 -80
      vertex 82.48073890805244 22.142068564891815 -80
    endloop
  endfacet
  facet normal 0 0 -1
    outer loop
      vertex 80.25 21.75 -80
      vertex 80.19037019461393 22.202933326363564 -80
      vertex 82.48073890805244 22.142068564891815 -80
    endloop
  endfacet
  facet normal 0 0 -1
    outer loop
      vertex 80.25 21.75 -80
      vertex 82.48073890805244 22.142068564891815 -80
      vertex 82.5 21.75 -80
    endloop
  endfacet
  facet normal 0 0 -1
    outer loop
      vertex 80.19037019461393 21.297066673636436 -80
      vertex 80.25 21.75 -80
      vertex 82.5 21.75 -80
    endloop
  endfacet
  facet normal 0 0 -1
    outer loop
      vertex 80.19037019461393 21.297066673636436 -80
      vertex 82.5 21.75 -80
      vertex 82.23129942268133 20.17870057374239 -80
    endloop
  endfacet
  facet normal 0 0 -1
    outer loop
      vertex 80.19037019461393 21.297066673636436 -80
      vertex 82.23129942268133 20.17870057374239 -80
      vertex 82.14892578125 20.055419705808163 -80
    endloop
  endfacet
  facet normal 0 0 -1
    outer loop
      vertex 80.19037019461393 21.297066673636436 -80
      vertex 82.14892578125 20.055419705808163 -80
      vertex 82.11999999731779 19.90999999642372 -80
    endloop
  endfacet
  facet normal 0 0 -1
    outer loop
      vertex 81.00500000268221 18.320000000298023 -80
      vertex 80.19037019461393 21.297066673636436 -80
      vertex 82.11999999731779 19.90999999642372 -80
    endloop
  endfacet
  facet normal 0 0 -1
    outer loop
      vertex 81.00500000268221 18.320000000298023 -80
      vertex 82.11999999731779 19.90999999642372 -80
      vertex 82.14892578125 19.76458029448986 -80
    endloop
  endfacet
  facet normal 0 0 -1
    outer loop
      vertex 81.00500000268221 18.320000000298023 -80
      vertex 82.14892578125 19.76458029448986 -80
      vertex 82.23129942268133 19.641299426555634 -80
    endloop
  endfacet
  facet normal 0 0 -1
    outer loop
      vertex 81.00500000268221 16.820000000298023 -80
      vertex 81.00500000268221 18.320000000298023 -80
      vertex 82.23129942268133 19.641299426555634 -80
    endloop
  endfacet
  facet normal 0 0 -1
    outer loop
      vertex 81.00500000268221 16.820000000298023 -80
      vertex 82.23129942268133 19.641299426555634 -80
      vertex 82.23129942268133 15.20120057463646 -80
    endloop
  endfacet
endsolid OpenSCAD_Model
