solid OpenSCAD_Model
  facet normal 0.3826834323650907 0.9238795325112864 0
    outer loop
      vertex 4.2 3.614359353944898 1.5
      vertex 4.585889527835967 3.4545186779374903 0
      vertex 4.2 3.614359353944898 0
    endloop
  endfacet
  facet normal -0.13052619222005088 0.9914448613738105 0
    outer loop
      vertex 5 3.4 1.5
      vertex 5.414110472164033 3.4545186779374903 0
      vertex 5 3.4 0
    endloop
  endfacet
  facet normal 0.13052619222005088 0.9914448613738105 0
    outer loop
      vertex 4.585889527835967 3.4545186779374903 1.5
      vertex 5 3.4 0
      vertex 4.585889527835967 3.4545186779374903 0
    endloop
  endfacet
  facet normal 0.6087614290087193 0.7933533402912363 0
    outer loop
      vertex 4.2 3.614359353944898 0
      vertex 3.8686291501015235 3.8686291501015235 0
      vertex 3.8686291501015235 3.8686291501015235 1.5
    endloop
  endfacet
  facet normal 0.7933533402912363 0.6087614290087193 0
    outer loop
      vertex 3.614359353944898 4.2 1.5
      vertex 3.8686291501015235 3.8686291501015235 0
      vertex 3.614359353944898 4.2 0
    endloop
  endfacet
  facet normal 0.9238795325112864 0.3826834323650907 0
    outer loop
      vertex 3.4545186779374903 4.585889527835967 1.5
      vertex 3.614359353944898 4.2 0
      vertex 3.4545186779374903 4.585889527835967 0
    endloop
  endfacet
  facet normal 0.9914448613738105 0.13052619222005088 0
    outer loop
      vertex 3.4 5 1.5
      vertex 3.4545186779374903 4.585889527835967 0
      vertex 3.4 5 0
    endloop
  endfacet
  facet normal 0.9914448613738105 -0.13052619222005088 0
    outer loop
      vertex 3.4545186779374903 5.414110472164033 1.5
      vertex 3.4 5 0
      vertex 3.4545186779374903 5.414110472164033 0
    endloop
  endfacet
  facet normal 0.9238795325112864 -0.3826834323650907 0
    outer loop
      vertex 3.614359353944898 5.8 1.5
      vertex 3.4545186779374903 5.414110472164033 0
      vertex 3.614359353944898 5.8 0
    endloop
  endfacet
  facet normal 0.7933533402912363 -0.6087614290087193 0
    outer loop
      vertex 3.8686291501015235 6.1313708498984765 1.5
      vertex 3.614359353944898 5.8 0
      vertex 3.8686291501015235 6.1313708498984765 0
    endloop
  endfacet
  facet normal 0.6087614290087185 -0.7933533402912366 0
    outer loop
      vertex 4.2 6.385640646055101 1.5
      vertex 3.8686291501015235 6.1313708498984765 0
      vertex 4.2 6.385640646055101 0
    endloop
  endfacet
  facet normal -0.3826834323650907 0.9238795325112864 0
    outer loop
      vertex 5.414110472164033 3.4545186779374903 1.5
      vertex 5.8 3.614359353944898 0
      vertex 5.414110472164033 3.4545186779374903 0
    endloop
  endfacet
  facet normal -0.6087614290087193 0.7933533402912363 0
    outer loop
      vertex 5.8 3.614359353944898 1.5
      vertex 6.1313708498984765 3.8686291501015235 0
      vertex 5.8 3.614359353944898 0
    endloop
  endfacet
  facet normal -0.7933533402912366 0.6087614290087185 0
    outer loop
      vertex 6.1313708498984765 3.8686291501015235 0
      vertex 6.1313708498984765 3.8686291501015235 1.5
      vertex 6.385640646055101 4.2 0
    endloop
  endfacet
  facet normal -0.923879532511286 0.38268343236509156 0
    outer loop
      vertex 6.385640646055101 4.2 1.5
      vertex 6.54548132206251 4.585889527835967 0
      vertex 6.385640646055101 4.2 0
    endloop
  endfacet
  facet normal -0.9914448613738105 0.13052619222004982 0
    outer loop
      vertex 6.54548132206251 4.585889527835967 1.5
      vertex 6.6 5 0
      vertex 6.54548132206251 4.585889527835967 0
    endloop
  endfacet
  facet normal -0.9914448613738105 -0.13052619222004982 0
    outer loop
      vertex 6.6 5 1.5
      vertex 6.54548132206251 5.414110472164033 0
      vertex 6.6 5 0
    endloop
  endfacet
  facet normal -0.923879532511286 -0.38268343236509156 0
    outer loop
      vertex 6.54548132206251 5.414110472164033 1.5
      vertex 6.385640646055101 5.8 0
      vertex 6.54548132206251 5.414110472164033 0
    endloop
  endfacet
  facet normal -0.7933533402912366 -0.6087614290087185 0
    outer loop
      vertex 6.385640646055101 5.8 1.5
      vertex 6.1313708498984765 6.1313708498984765 0
      vertex 6.385640646055101 5.8 0
    endloop
  endfacet
  facet normal -0.6087614290087185 -0.7933533402912366 0
    outer loop
      vertex 6.1313708498984765 6.1313708498984765 1.5
      vertex 5.8 6.385640646055101 0
      vertex 6.1313708498984765 6.1313708498984765 0
    endloop
  endfacet
  facet normal 0.38268343236509156 -0.923879532511286 0
    outer loop
      vertex 4.585889527835967 6.54548132206251 1.5
      vertex 4.2 6.385640646055101 0
      vertex 4.585889527835967 6.54548132206251 0
    endloop
  endfacet
  facet normal 0.13052619222004982 -0.9914448613738105 0
    outer loop
      vertex 5 6.6 1.5
      vertex 4.585889527835967 6.54548132206251 0
      vertex 5 6.6 0
    endloop
  endfacet
  facet normal -0.13052619222004982 -0.9914448613738105 0
    outer loop
      vertex 5.414110472164033 6.54548132206251 1.5
      vertex 5 6.6 0
      vertex 5.414110472164033 6.54548132206251 0
    endloop
  endfacet
  facet normal -0.38268343236509156 -0.923879532511286 0
    outer loop
      vertex 5.8 6.385640646055101 1.5
      vertex 5.414110472164033 6.54548132206251 0
      vertex 5.8 6.385640646055101 0
    endloop
  endfacet
  facet normal 0.7933533402912363 0.6087614290087193 0
    outer loop
      vertex 3.614359353944898 4.2 1.5
      vertex 3.8686291501015235 3.8686291501015235 1.5
      vertex 3.8686291501015235 3.8686291501015235 0
    endloop
  endfacet
  facet normal 0.3826834323650907 0.9238795325112864 0
    outer loop
      vertex 4.585889527835967 3.4545186779374903 1.5
      vertex 4.585889527835967 3.4545186779374903 0
      vertex 4.2 3.614359353944898 1.5
    endloop
  endfacet
  facet normal 0.13052619222005088 0.9914448613738105 0
    outer loop
      vertex 5 3.4 1.5
      vertex 5 3.4 0
      vertex 4.585889527835967 3.4545186779374903 1.5
    endloop
  endfacet
  facet normal 0.6087614290087193 0.7933533402912363 0
    outer loop
      vertex 4.2 3.614359353944898 1.5
      vertex 4.2 3.614359353944898 0
      vertex 3.8686291501015235 3.8686291501015235 1.5
    endloop
  endfacet
  facet normal 0.9238795325112864 0.3826834323650907 0
    outer loop
      vertex 3.4545186779374903 4.585889527835967 1.5
      vertex 3.614359353944898 4.2 1.5
      vertex 3.614359353944898 4.2 0
    endloop
  endfacet
  facet normal 0.9914448613738105 0.13052619222005088 0
    outer loop
      vertex 3.4 5 1.5
      vertex 3.4545186779374903 4.585889527835967 1.5
      vertex 3.4545186779374903 4.585889527835967 0
    endloop
  endfacet
  facet normal 0.9914448613738105 -0.13052619222005088 0
    outer loop
      vertex 3.4545186779374903 5.414110472164033 1.5
      vertex 3.4 5 1.5
      vertex 3.4 5 0
    endloop
  endfacet
  facet normal 0.9238795325112864 -0.3826834323650907 0
    outer loop
      vertex 3.614359353944898 5.8 1.5
      vertex 3.4545186779374903 5.414110472164033 1.5
      vertex 3.4545186779374903 5.414110472164033 0
    endloop
  endfacet
  facet normal 0.7933533402912363 -0.6087614290087193 0
    outer loop
      vertex 3.8686291501015235 6.1313708498984765 1.5
      vertex 3.614359353944898 5.8 1.5
      vertex 3.614359353944898 5.8 0
    endloop
  endfacet
  facet normal 0.6087614290087185 -0.7933533402912366 0
    outer loop
      vertex 3.8686291501015235 6.1313708498984765 1.5
      vertex 3.8686291501015235 6.1313708498984765 0
      vertex 4.2 6.385640646055101 1.5
    endloop
  endfacet
  facet normal -0.13052619222005088 0.9914448613738105 0
    outer loop
      vertex 5.414110472164033 3.4545186779374903 1.5
      vertex 5.414110472164033 3.4545186779374903 0
      vertex 5 3.4 1.5
    endloop
  endfacet
  facet normal -0.3826834323650907 0.9238795325112864 0
    outer loop
      vertex 5.8 3.614359353944898 1.5
      vertex 5.8 3.614359353944898 0
      vertex 5.414110472164033 3.4545186779374903 1.5
    endloop
  endfacet
  facet normal -0.6087614290087193 0.7933533402912363 0
    outer loop
      vertex 6.1313708498984765 3.8686291501015235 1.5
      vertex 6.1313708498984765 3.8686291501015235 0
      vertex 5.8 3.614359353944898 1.5
    endloop
  endfacet
  facet normal -0.7933533402912366 0.6087614290087185 0
    outer loop
      vertex 6.1313708498984765 3.8686291501015235 1.5
      vertex 6.385640646055101 4.2 1.5
      vertex 6.385640646055101 4.2 0
    endloop
  endfacet
  facet normal -0.923879532511286 0.38268343236509156 0
    outer loop
      vertex 6.385640646055101 4.2 1.5
      vertex 6.54548132206251 4.585889527835967 1.5
      vertex 6.54548132206251 4.585889527835967 0
    endloop
  endfacet
  facet normal -0.9914448613738105 0.13052619222004982 0
    outer loop
      vertex 6.54548132206251 4.585889527835967 1.5
      vertex 6.6 5 1.5
      vertex 6.6 5 0
    endloop
  endfacet
  facet normal -0.9914448613738105 -0.13052619222004982 0
    outer loop
      vertex 6.6 5 1.5
      vertex 6.54548132206251 5.414110472164033 1.5
      vertex 6.54548132206251 5.414110472164033 0
    endloop
  endfacet
  facet normal -0.923879532511286 -0.38268343236509156 0
    outer loop
      vertex 6.54548132206251 5.414110472164033 1.5
      vertex 6.385640646055101 5.8 1.5
      vertex 6.385640646055101 5.8 0
    endloop
  endfacet
  facet normal -0.7933533402912366 -0.6087614290087185 0
    outer loop
      vertex 6.385640646055101 5.8 1.5
      vertex 6.1313708498984765 6.1313708498984765 1.5
      vertex 6.1313708498984765 6.1313708498984765 0
    endloop
  endfacet
  facet normal -0.6087614290087185 -0.7933533402912366 0
    outer loop
      vertex 5.8 6.385640646055101 1.5
      vertex 5.8 6.385640646055101 0
      vertex 6.1313708498984765 6.1313708498984765 1.5
    endloop
  endfacet
  facet normal 0.38268343236509156 -0.923879532511286 0
    outer loop
      vertex 4.2 6.385640646055101 1.5
      vertex 4.2 6.385640646055101 0
      vertex 4.585889527835967 6.54548132206251 1.5
    endloop
  endfacet
  facet normal 0.13052619222004982 -0.9914448613738105 0
    outer loop
      vertex 4.585889527835967 6.54548132206251 1.5
      vertex 4.585889527835967 6.54548132206251 0
      vertex 5 6.6 1.5
    endloop
  endfacet
  facet normal -0.13052619222004982 -0.9914448613738105 0
    outer loop
      vertex 5 6.6 1.5
      vertex 5 6.6 0
      vertex 5.414110472164033 6.54548132206251 1.5
    endloop
  endfacet
  facet normal -0.38268343236509156 -0.923879532511286 0
    outer loop
      vertex 5.414110472164033 6.54548132206251 1.5
      vertex 5.414110472164033 6.54548132206251 0
      vertex 5.8 6.385640646055101 1.5
    endloop
  endfacet
  facet normal 0.3826834323650749 0.923879532511293 0
    outer loop
      vertex 159.2 3.614359353944898 0
      vertex 159.2 3.614359353944898 1.5
      vertex 159.58588952783597 3.4545186779374903 0
    endloop
  endfacet
  facet normal 0.13052619222005307 0.9914448613738102 0
    outer loop
      vertex 159.58588952783597 3.4545186779374903 0
      vertex 159.58588952783597 3.4545186779374903 1.5
      vertex 160 3.4 0
    endloop
  endfacet
  facet normal 0.6087614290087358 0.7933533402912236 0
    outer loop
      vertex 159.2 3.614359353944898 0
      vertex 158.86862915010153 3.8686291501015235 0
      vertex 158.86862915010153 3.8686291501015235 1.5
    endloop
  endfacet
  facet normal 0.9238795325112883 0.3826834323650861 0
    outer loop
      vertex 158.6143593539449 4.2 0
      vertex 158.4545186779375 4.585889527835967 0
      vertex 158.4545186779375 4.585889527835967 1.5
    endloop
  endfacet
  facet normal 0.7933533402912418 0.6087614290087119 0
    outer loop
      vertex 158.86862915010153 3.8686291501015235 0
      vertex 158.6143593539449 4.2 0
      vertex 158.6143593539449 4.2 1.5
    endloop
  endfacet
  facet normal 0.9914448613738093 0.1305261922200603 0
    outer loop
      vertex 158.4545186779375 4.585889527835967 0
      vertex 158.4 5 0
      vertex 158.4 5 1.5
    endloop
  endfacet
  facet normal 0.9914448613738093 -0.1305261922200603 0
    outer loop
      vertex 158.4 5 0
      vertex 158.4545186779375 5.414110472164033 0
      vertex 158.4545186779375 5.414110472164033 1.5
    endloop
  endfacet
  facet normal 0.9238795325112883 -0.3826834323650861 0
    outer loop
      vertex 158.4545186779375 5.414110472164033 0
      vertex 158.6143593539449 5.8 0
      vertex 158.6143593539449 5.8 1.5
    endloop
  endfacet
  facet normal 0.7933533402912418 -0.6087614290087119 0
    outer loop
      vertex 158.6143593539449 5.8 0
      vertex 158.86862915010153 6.1313708498984765 0
      vertex 158.86862915010153 6.1313708498984765 1.5
    endloop
  endfacet
  facet normal 0.6087614290087351 -0.7933533402912242 0
    outer loop
      vertex 159.2 6.385640646055101 0
      vertex 159.2 6.385640646055101 1.5
      vertex 158.86862915010153 6.1313708498984765 0
    endloop
  endfacet
  facet normal -0.13052619222005307 0.9914448613738102 0
    outer loop
      vertex 160 3.4 0
      vertex 160 3.4 1.5
      vertex 160.41411047216403 3.4545186779374903 0
    endloop
  endfacet
  facet normal -0.3826834323650749 0.923879532511293 0
    outer loop
      vertex 160.41411047216403 3.4545186779374903 0
      vertex 160.41411047216403 3.4545186779374903 1.5
      vertex 160.8 3.614359353944898 0
    endloop
  endfacet
  facet normal -0.6087614290087358 0.7933533402912236 0
    outer loop
      vertex 160.8 3.614359353944898 0
      vertex 160.8 3.614359353944898 1.5
      vertex 161.13137084989847 3.8686291501015235 0
    endloop
  endfacet
  facet normal -0.7933533402912418 0.6087614290087119 0
    outer loop
      vertex 161.13137084989847 3.8686291501015235 0
      vertex 161.13137084989847 3.8686291501015235 1.5
      vertex 161.3856406460551 4.2 0
    endloop
  endfacet
  facet normal -0.9238795325112883 0.3826834323650861 0
    outer loop
      vertex 161.5454813220625 4.585889527835967 0
      vertex 161.3856406460551 4.2 0
      vertex 161.3856406460551 4.2 1.5
    endloop
  endfacet
  facet normal -0.9914448613738093 0.1305261922200603 0
    outer loop
      vertex 161.6 5 0
      vertex 161.5454813220625 4.585889527835967 0
      vertex 161.5454813220625 4.585889527835967 1.5
    endloop
  endfacet
  facet normal -0.9914448613738093 -0.1305261922200603 0
    outer loop
      vertex 161.5454813220625 5.414110472164033 0
      vertex 161.6 5 0
      vertex 161.6 5 1.5
    endloop
  endfacet
  facet normal -0.9238795325112883 -0.3826834323650861 0
    outer loop
      vertex 161.3856406460551 5.8 0
      vertex 161.5454813220625 5.414110472164033 0
      vertex 161.5454813220625 5.414110472164033 1.5
    endloop
  endfacet
  facet normal -0.6087614290087351 -0.7933533402912242 0
    outer loop
      vertex 161.13137084989847 6.1313708498984765 0
      vertex 161.13137084989847 6.1313708498984765 1.5
      vertex 160.8 6.385640646055101 0
    endloop
  endfacet
  facet normal -0.7933533402912418 -0.6087614290087119 0
    outer loop
      vertex 161.13137084989847 6.1313708498984765 0
      vertex 161.3856406460551 5.8 0
      vertex 161.3856406460551 5.8 1.5
    endloop
  endfacet
  facet normal 0.3826834323650758 -0.9238795325112925 0
    outer loop
      vertex 159.58588952783597 6.54548132206251 0
      vertex 159.58588952783597 6.54548132206251 1.5
      vertex 159.2 6.385640646055101 0
    endloop
  endfacet
  facet normal 0.13052619222005205 -0.9914448613738104 0
    outer loop
      vertex 160 6.6 0
      vertex 160 6.6 1.5
      vertex 159.58588952783597 6.54548132206251 0
    endloop
  endfacet
  facet normal -0.13052619222005205 -0.9914448613738104 0
    outer loop
      vertex 160.41411047216403 6.54548132206251 0
      vertex 160.41411047216403 6.54548132206251 1.5
      vertex 160 6.6 0
    endloop
  endfacet
  facet normal -0.3826834323650758 -0.9238795325112925 0
    outer loop
      vertex 160.8 6.385640646055101 0
      vertex 160.8 6.385640646055101 1.5
      vertex 160.41411047216403 6.54548132206251 0
    endloop
  endfacet
  facet normal 0.3826834323650749 0.923879532511293 0
    outer loop
      vertex 159.58588952783597 3.4545186779374903 0
      vertex 159.2 3.614359353944898 1.5
      vertex 159.58588952783597 3.4545186779374903 1.5
    endloop
  endfacet
  facet normal 0.6087614290087358 0.7933533402912236 0
    outer loop
      vertex 159.2 3.614359353944898 0
      vertex 158.86862915010153 3.8686291501015235 1.5
      vertex 159.2 3.614359353944898 1.5
    endloop
  endfacet
  facet normal 0.7933533402912418 0.6087614290087119 0
    outer loop
      vertex 158.86862915010153 3.8686291501015235 0
      vertex 158.6143593539449 4.2 1.5
      vertex 158.86862915010153 3.8686291501015235 1.5
    endloop
  endfacet
  facet normal 0.9914448613738093 0.1305261922200603 0
    outer loop
      vertex 158.4545186779375 4.585889527835967 0
      vertex 158.4 5 1.5
      vertex 158.4545186779375 4.585889527835967 1.5
    endloop
  endfacet
  facet normal 0.9238795325112883 0.3826834323650861 0
    outer loop
      vertex 158.6143593539449 4.2 0
      vertex 158.4545186779375 4.585889527835967 1.5
      vertex 158.6143593539449 4.2 1.5
    endloop
  endfacet
  facet normal 0.9914448613738093 -0.1305261922200603 0
    outer loop
      vertex 158.4 5 0
      vertex 158.4545186779375 5.414110472164033 1.5
      vertex 158.4 5 1.5
    endloop
  endfacet
  facet normal 0.9238795325112883 -0.3826834323650861 0
    outer loop
      vertex 158.4545186779375 5.414110472164033 0
      vertex 158.6143593539449 5.8 1.5
      vertex 158.4545186779375 5.414110472164033 1.5
    endloop
  endfacet
  facet normal 0.7933533402912418 -0.6087614290087119 0
    outer loop
      vertex 158.6143593539449 5.8 0
      vertex 158.86862915010153 6.1313708498984765 1.5
      vertex 158.6143593539449 5.8 1.5
    endloop
  endfacet
  facet normal 0.6087614290087351 -0.7933533402912242 0
    outer loop
      vertex 158.86862915010153 6.1313708498984765 0
      vertex 159.2 6.385640646055101 1.5
      vertex 158.86862915010153 6.1313708498984765 1.5
    endloop
  endfacet
  facet normal 0.13052619222005307 0.9914448613738102 0
    outer loop
      vertex 160 3.4 0
      vertex 159.58588952783597 3.4545186779374903 1.5
      vertex 160 3.4 1.5
    endloop
  endfacet
  facet normal -0.13052619222005307 0.9914448613738102 0
    outer loop
      vertex 160.41411047216403 3.4545186779374903 0
      vertex 160 3.4 1.5
      vertex 160.41411047216403 3.4545186779374903 1.5
    endloop
  endfacet
  facet normal -0.3826834323650749 0.923879532511293 0
    outer loop
      vertex 160.8 3.614359353944898 0
      vertex 160.41411047216403 3.4545186779374903 1.5
      vertex 160.8 3.614359353944898 1.5
    endloop
  endfacet
  facet normal -0.6087614290087358 0.7933533402912236 0
    outer loop
      vertex 161.13137084989847 3.8686291501015235 0
      vertex 160.8 3.614359353944898 1.5
      vertex 161.13137084989847 3.8686291501015235 1.5
    endloop
  endfacet
  facet normal -0.7933533402912418 0.6087614290087119 0
    outer loop
      vertex 161.3856406460551 4.2 0
      vertex 161.13137084989847 3.8686291501015235 1.5
      vertex 161.3856406460551 4.2 1.5
    endloop
  endfacet
  facet normal -0.9238795325112883 0.3826834323650861 0
    outer loop
      vertex 161.5454813220625 4.585889527835967 0
      vertex 161.3856406460551 4.2 1.5
      vertex 161.5454813220625 4.585889527835967 1.5
    endloop
  endfacet
  facet normal -0.9914448613738093 0.1305261922200603 0
    outer loop
      vertex 161.6 5 0
      vertex 161.5454813220625 4.585889527835967 1.5
      vertex 161.6 5 1.5
    endloop
  endfacet
  facet normal -0.9914448613738093 -0.1305261922200603 0
    outer loop
      vertex 161.5454813220625 5.414110472164033 0
      vertex 161.6 5 1.5
      vertex 161.5454813220625 5.414110472164033 1.5
    endloop
  endfacet
  facet normal -0.6087614290087351 -0.7933533402912242 0
    outer loop
      vertex 160.8 6.385640646055101 0
      vertex 161.13137084989847 6.1313708498984765 1.5
      vertex 160.8 6.385640646055101 1.5
    endloop
  endfacet
  facet normal -0.9238795325112883 -0.3826834323650861 0
    outer loop
      vertex 161.3856406460551 5.8 0
      vertex 161.5454813220625 5.414110472164033 1.5
      vertex 161.3856406460551 5.8 1.5
    endloop
  endfacet
  facet normal -0.7933533402912418 -0.6087614290087119 0
    outer loop
      vertex 161.13137084989847 6.1313708498984765 0
      vertex 161.3856406460551 5.8 1.5
      vertex 161.13137084989847 6.1313708498984765 1.5
    endloop
  endfacet
  facet normal 0.3826834323650758 -0.9238795325112925 0
    outer loop
      vertex 159.2 6.385640646055101 0
      vertex 159.58588952783597 6.54548132206251 1.5
      vertex 159.2 6.385640646055101 1.5
    endloop
  endfacet
  facet normal 0.13052619222005205 -0.9914448613738104 0
    outer loop
      vertex 159.58588952783597 6.54548132206251 0
      vertex 160 6.6 1.5
      vertex 159.58588952783597 6.54548132206251 1.5
    endloop
  endfacet
  facet normal -0.13052619222005205 -0.9914448613738104 0
    outer loop
      vertex 160 6.6 0
      vertex 160.41411047216403 6.54548132206251 1.5
      vertex 160 6.6 1.5
    endloop
  endfacet
  facet normal -0.3826834323650758 -0.9238795325112925 0
    outer loop
      vertex 160.41411047216403 6.54548132206251 0
      vertex 160.8 6.385640646055101 1.5
      vertex 160.41411047216403 6.54548132206251 1.5
    endloop
  endfacet
  facet normal 0.3826834323650861 0.9238795325112883 0
    outer loop
      vertex 4.2 45.1143593539449 1.5
      vertex 4.585889527835967 44.95451867793749 0
      vertex 4.2 45.1143593539449 0
    endloop
  endfacet
  facet normal 0.1305261922200603 0.9914448613738093 0
    outer loop
      vertex 4.585889527835967 44.95451867793749 1.5
      vertex 5 44.9 0
      vertex 4.585889527835967 44.95451867793749 0
    endloop
  endfacet
  facet normal -0.1305261922200603 0.9914448613738093 0
    outer loop
      vertex 5 44.9 1.5
      vertex 5.414110472164033 44.95451867793749 0
      vertex 5 44.9 0
    endloop
  endfacet
  facet normal -0.3826834323650861 0.9238795325112883 0
    outer loop
      vertex 5.414110472164033 44.95451867793749 1.5
      vertex 5.8 45.1143593539449 0
      vertex 5.414110472164033 44.95451867793749 0
    endloop
  endfacet
  facet normal 0.7933533402912363 0.6087614290087193 0
    outer loop
      vertex 3.614359353944898 45.7 1.5
      vertex 3.8686291501015235 45.368629150101526 0
      vertex 3.614359353944898 45.7 0
    endloop
  endfacet
  facet normal 0.6087614290087227 0.7933533402912337 0
    outer loop
      vertex 4.2 45.1143593539449 0
      vertex 3.8686291501015235 45.368629150101526 0
      vertex 3.8686291501015235 45.368629150101526 1.5
    endloop
  endfacet
  facet normal 0.9238795325112855 0.38268343236509295 0
    outer loop
      vertex 3.4545186779374903 46.08588952783597 1.5
      vertex 3.614359353944898 45.7 0
      vertex 3.4545186779374903 46.08588952783597 0
    endloop
  endfacet
  facet normal 0.9914448613738105 0.13052619222005088 0
    outer loop
      vertex 3.4 46.5 1.5
      vertex 3.4545186779374903 46.08588952783597 0
      vertex 3.4 46.5 0
    endloop
  endfacet
  facet normal 0.9914448613738105 -0.13052619222005088 0
    outer loop
      vertex 3.4545186779374903 46.91411047216403 1.5
      vertex 3.4 46.5 0
      vertex 3.4545186779374903 46.91411047216403 0
    endloop
  endfacet
  facet normal 0.9238795325112855 -0.38268343236509295 0
    outer loop
      vertex 3.614359353944898 47.3 1.5
      vertex 3.4545186779374903 46.91411047216403 0
      vertex 3.614359353944898 47.3 0
    endloop
  endfacet
  facet normal 0.7933533402912363 -0.6087614290087193 0
    outer loop
      vertex 3.8686291501015235 47.631370849898474 1.5
      vertex 3.614359353944898 47.3 0
      vertex 3.8686291501015235 47.631370849898474 0
    endloop
  endfacet
  facet normal 0.6087614290087227 -0.7933533402912337 0
    outer loop
      vertex 4.2 47.8856406460551 1.5
      vertex 3.8686291501015235 47.631370849898474 0
      vertex 4.2 47.8856406460551 0
    endloop
  endfacet
  facet normal 0.3826834323650861 -0.9238795325112883 0
    outer loop
      vertex 4.585889527835967 48.04548132206251 1.5
      vertex 4.2 47.8856406460551 0
      vertex 4.585889527835967 48.04548132206251 0
    endloop
  endfacet
  facet normal 0.1305261922200603 -0.9914448613738093 0
    outer loop
      vertex 5 48.1 1.5
      vertex 4.585889527835967 48.04548132206251 0
      vertex 5 48.1 0
    endloop
  endfacet
  facet normal -0.6087614290087227 0.7933533402912337 0
    outer loop
      vertex 5.8 45.1143593539449 1.5
      vertex 6.1313708498984765 45.368629150101526 0
      vertex 5.8 45.1143593539449 0
    endloop
  endfacet
  facet normal -0.7933533402912366 0.6087614290087185 0
    outer loop
      vertex 6.1313708498984765 45.368629150101526 0
      vertex 6.1313708498984765 45.368629150101526 1.5
      vertex 6.385640646055101 45.7 0
    endloop
  endfacet
  facet normal -0.9238795325112852 0.3826834323650939 0
    outer loop
      vertex 6.385640646055101 45.7 1.5
      vertex 6.54548132206251 46.08588952783597 0
      vertex 6.385640646055101 45.7 0
    endloop
  endfacet
  facet normal -0.9914448613738105 0.13052619222004982 0
    outer loop
      vertex 6.54548132206251 46.08588952783597 1.5
      vertex 6.6 46.5 0
      vertex 6.54548132206251 46.08588952783597 0
    endloop
  endfacet
  facet normal -0.9914448613738105 -0.13052619222004982 0
    outer loop
      vertex 6.6 46.5 1.5
      vertex 6.54548132206251 46.91411047216403 0
      vertex 6.6 46.5 0
    endloop
  endfacet
  facet normal -0.7933533402912366 -0.6087614290087185 0
    outer loop
      vertex 6.385640646055101 47.3 1.5
      vertex 6.1313708498984765 47.631370849898474 0
      vertex 6.385640646055101 47.3 0
    endloop
  endfacet
  facet normal -0.9238795325112852 -0.3826834323650939 0
    outer loop
      vertex 6.54548132206251 46.91411047216403 1.5
      vertex 6.385640646055101 47.3 0
      vertex 6.54548132206251 46.91411047216403 0
    endloop
  endfacet
  facet normal -0.6087614290087227 -0.7933533402912337 0
    outer loop
      vertex 6.1313708498984765 47.631370849898474 1.5
      vertex 5.8 47.8856406460551 0
      vertex 6.1313708498984765 47.631370849898474 0
    endloop
  endfacet
  facet normal -0.1305261922200603 -0.9914448613738093 0
    outer loop
      vertex 5.414110472164033 48.04548132206251 1.5
      vertex 5 48.1 0
      vertex 5.414110472164033 48.04548132206251 0
    endloop
  endfacet
  facet normal -0.3826834323650861 -0.9238795325112883 0
    outer loop
      vertex 5.8 47.8856406460551 1.5
      vertex 5.414110472164033 48.04548132206251 0
      vertex 5.8 47.8856406460551 0
    endloop
  endfacet
  facet normal 0.3826834323650861 0.9238795325112883 0
    outer loop
      vertex 4.585889527835967 44.95451867793749 1.5
      vertex 4.585889527835967 44.95451867793749 0
      vertex 4.2 45.1143593539449 1.5
    endloop
  endfacet
  facet normal 0.1305261922200603 0.9914448613738093 0
    outer loop
      vertex 5 44.9 1.5
      vertex 5 44.9 0
      vertex 4.585889527835967 44.95451867793749 1.5
    endloop
  endfacet
  facet normal -0.1305261922200603 0.9914448613738093 0
    outer loop
      vertex 5.414110472164033 44.95451867793749 1.5
      vertex 5.414110472164033 44.95451867793749 0
      vertex 5 44.9 1.5
    endloop
  endfacet
  facet normal -0.3826834323650861 0.9238795325112883 0
    outer loop
      vertex 5.8 45.1143593539449 1.5
      vertex 5.8 45.1143593539449 0
      vertex 5.414110472164033 44.95451867793749 1.5
    endloop
  endfacet
  facet normal 0.7933533402912363 0.6087614290087193 0
    outer loop
      vertex 3.614359353944898 45.7 1.5
      vertex 3.8686291501015235 45.368629150101526 1.5
      vertex 3.8686291501015235 45.368629150101526 0
    endloop
  endfacet
  facet normal 0.9238795325112855 0.38268343236509295 0
    outer loop
      vertex 3.4545186779374903 46.08588952783597 1.5
      vertex 3.614359353944898 45.7 1.5
      vertex 3.614359353944898 45.7 0
    endloop
  endfacet
  facet normal 0.6087614290087227 0.7933533402912337 0
    outer loop
      vertex 4.2 45.1143593539449 1.5
      vertex 4.2 45.1143593539449 0
      vertex 3.8686291501015235 45.368629150101526 1.5
    endloop
  endfacet
  facet normal 0.9914448613738105 0.13052619222005088 0
    outer loop
      vertex 3.4 46.5 1.5
      vertex 3.4545186779374903 46.08588952783597 1.5
      vertex 3.4545186779374903 46.08588952783597 0
    endloop
  endfacet
  facet normal 0.9914448613738105 -0.13052619222005088 0
    outer loop
      vertex 3.4545186779374903 46.91411047216403 1.5
      vertex 3.4 46.5 1.5
      vertex 3.4 46.5 0
    endloop
  endfacet
  facet normal 0.9238795325112855 -0.38268343236509295 0
    outer loop
      vertex 3.614359353944898 47.3 1.5
      vertex 3.4545186779374903 46.91411047216403 1.5
      vertex 3.4545186779374903 46.91411047216403 0
    endloop
  endfacet
  facet normal 0.7933533402912363 -0.6087614290087193 0
    outer loop
      vertex 3.8686291501015235 47.631370849898474 1.5
      vertex 3.614359353944898 47.3 1.5
      vertex 3.614359353944898 47.3 0
    endloop
  endfacet
  facet normal 0.6087614290087227 -0.7933533402912337 0
    outer loop
      vertex 3.8686291501015235 47.631370849898474 1.5
      vertex 3.8686291501015235 47.631370849898474 0
      vertex 4.2 47.8856406460551 1.5
    endloop
  endfacet
  facet normal 0.3826834323650861 -0.9238795325112883 0
    outer loop
      vertex 4.2 47.8856406460551 1.5
      vertex 4.2 47.8856406460551 0
      vertex 4.585889527835967 48.04548132206251 1.5
    endloop
  endfacet
  facet normal 0.1305261922200603 -0.9914448613738093 0
    outer loop
      vertex 4.585889527835967 48.04548132206251 1.5
      vertex 4.585889527835967 48.04548132206251 0
      vertex 5 48.1 1.5
    endloop
  endfacet
  facet normal -0.1305261922200603 -0.9914448613738093 0
    outer loop
      vertex 5 48.1 1.5
      vertex 5 48.1 0
      vertex 5.414110472164033 48.04548132206251 1.5
    endloop
  endfacet
  facet normal -0.6087614290087227 0.7933533402912337 0
    outer loop
      vertex 6.1313708498984765 45.368629150101526 1.5
      vertex 6.1313708498984765 45.368629150101526 0
      vertex 5.8 45.1143593539449 1.5
    endloop
  endfacet
  facet normal -0.7933533402912366 0.6087614290087185 0
    outer loop
      vertex 6.1313708498984765 45.368629150101526 1.5
      vertex 6.385640646055101 45.7 1.5
      vertex 6.385640646055101 45.7 0
    endloop
  endfacet
  facet normal -0.9238795325112852 0.3826834323650939 0
    outer loop
      vertex 6.385640646055101 45.7 1.5
      vertex 6.54548132206251 46.08588952783597 1.5
      vertex 6.54548132206251 46.08588952783597 0
    endloop
  endfacet
  facet normal -0.9914448613738105 0.13052619222004982 0
    outer loop
      vertex 6.54548132206251 46.08588952783597 1.5
      vertex 6.6 46.5 1.5
      vertex 6.6 46.5 0
    endloop
  endfacet
  facet normal -0.9238795325112852 -0.3826834323650939 0
    outer loop
      vertex 6.54548132206251 46.91411047216403 1.5
      vertex 6.385640646055101 47.3 1.5
      vertex 6.385640646055101 47.3 0
    endloop
  endfacet
  facet normal -0.9914448613738105 -0.13052619222004982 0
    outer loop
      vertex 6.6 46.5 1.5
      vertex 6.54548132206251 46.91411047216403 1.5
      vertex 6.54548132206251 46.91411047216403 0
    endloop
  endfacet
  facet normal -0.7933533402912366 -0.6087614290087185 0
    outer loop
      vertex 6.385640646055101 47.3 1.5
      vertex 6.1313708498984765 47.631370849898474 1.5
      vertex 6.1313708498984765 47.631370849898474 0
    endloop
  endfacet
  facet normal -0.6087614290087227 -0.7933533402912337 0
    outer loop
      vertex 5.8 47.8856406460551 1.5
      vertex 5.8 47.8856406460551 0
      vertex 6.1313708498984765 47.631370849898474 1.5
    endloop
  endfacet
  facet normal -0.3826834323650861 -0.9238795325112883 0
    outer loop
      vertex 5.414110472164033 48.04548132206251 1.5
      vertex 5.414110472164033 48.04548132206251 0
      vertex 5.8 47.8856406460551 1.5
    endloop
  endfacet
  facet normal 0.38268343236507035 0.9238795325112947 0
    outer loop
      vertex 159.2 45.1143593539449 0
      vertex 159.2 45.1143593539449 1.5
      vertex 159.58588952783597 44.95451867793749 0
    endloop
  endfacet
  facet normal 0.13052619222006248 0.9914448613738089 0
    outer loop
      vertex 159.58588952783597 44.95451867793749 0
      vertex 159.58588952783597 44.95451867793749 1.5
      vertex 160 44.9 0
    endloop
  endfacet
  facet normal -0.13052619222006248 0.9914448613738089 0
    outer loop
      vertex 160 44.9 0
      vertex 160 44.9 1.5
      vertex 160.41411047216403 44.95451867793749 0
    endloop
  endfacet
  facet normal -0.38268343236507035 0.9238795325112947 0
    outer loop
      vertex 160.41411047216403 44.95451867793749 0
      vertex 160.41411047216403 44.95451867793749 1.5
      vertex 160.8 45.1143593539449 0
    endloop
  endfacet
  facet normal 0.6087614290087391 0.7933533402912211 0
    outer loop
      vertex 159.2 45.1143593539449 0
      vertex 158.86862915010153 45.368629150101526 0
      vertex 158.86862915010153 45.368629150101526 1.5
    endloop
  endfacet
  facet normal 0.7933533402912418 0.6087614290087119 0
    outer loop
      vertex 158.86862915010153 45.368629150101526 0
      vertex 158.6143593539449 45.7 0
      vertex 158.6143593539449 45.7 1.5
    endloop
  endfacet
  facet normal 0.9238795325112873 0.3826834323650884 0
    outer loop
      vertex 158.6143593539449 45.7 0
      vertex 158.4545186779375 46.08588952783597 0
      vertex 158.4545186779375 46.08588952783597 1.5
    endloop
  endfacet
  facet normal 0.9914448613738093 0.1305261922200603 0
    outer loop
      vertex 158.4545186779375 46.08588952783597 0
      vertex 158.4 46.5 0
      vertex 158.4 46.5 1.5
    endloop
  endfacet
  facet normal 0.9914448613738093 -0.1305261922200603 0
    outer loop
      vertex 158.4 46.5 0
      vertex 158.4545186779375 46.91411047216403 0
      vertex 158.4545186779375 46.91411047216403 1.5
    endloop
  endfacet
  facet normal 0.9238795325112873 -0.3826834323650884 0
    outer loop
      vertex 158.4545186779375 46.91411047216403 0
      vertex 158.6143593539449 47.3 0
      vertex 158.6143593539449 47.3 1.5
    endloop
  endfacet
  facet normal 0.7933533402912418 -0.6087614290087119 0
    outer loop
      vertex 158.6143593539449 47.3 0
      vertex 158.86862915010153 47.631370849898474 0
      vertex 158.86862915010153 47.631370849898474 1.5
    endloop
  endfacet
  facet normal 0.6087614290087391 -0.7933533402912211 0
    outer loop
      vertex 159.2 47.8856406460551 0
      vertex 159.2 47.8856406460551 1.5
      vertex 158.86862915010153 47.631370849898474 0
    endloop
  endfacet
  facet normal 0.38268343236507035 -0.9238795325112947 0
    outer loop
      vertex 159.58588952783597 48.04548132206251 0
      vertex 159.58588952783597 48.04548132206251 1.5
      vertex 159.2 47.8856406460551 0
    endloop
  endfacet
  facet normal -0.6087614290087391 0.7933533402912211 0
    outer loop
      vertex 160.8 45.1143593539449 0
      vertex 160.8 45.1143593539449 1.5
      vertex 161.13137084989847 45.368629150101526 0
    endloop
  endfacet
  facet normal -0.7933533402912418 0.6087614290087119 0
    outer loop
      vertex 161.13137084989847 45.368629150101526 0
      vertex 161.13137084989847 45.368629150101526 1.5
      vertex 161.3856406460551 45.7 0
    endloop
  endfacet
  facet normal -0.9238795325112873 0.3826834323650884 0
    outer loop
      vertex 161.5454813220625 46.08588952783597 0
      vertex 161.3856406460551 45.7 0
      vertex 161.3856406460551 45.7 1.5
    endloop
  endfacet
  facet normal -0.9914448613738093 0.1305261922200603 0
    outer loop
      vertex 161.6 46.5 0
      vertex 161.5454813220625 46.08588952783597 0
      vertex 161.5454813220625 46.08588952783597 1.5
    endloop
  endfacet
  facet normal -0.9914448613738093 -0.1305261922200603 0
    outer loop
      vertex 161.5454813220625 46.91411047216403 0
      vertex 161.6 46.5 0
      vertex 161.6 46.5 1.5
    endloop
  endfacet
  facet normal -0.9238795325112873 -0.3826834323650884 0
    outer loop
      vertex 161.3856406460551 47.3 0
      vertex 161.5454813220625 46.91411047216403 0
      vertex 161.5454813220625 46.91411047216403 1.5
    endloop
  endfacet
  facet normal -0.7933533402912418 -0.6087614290087119 0
    outer loop
      vertex 161.13137084989847 47.631370849898474 0
      vertex 161.3856406460551 47.3 0
      vertex 161.3856406460551 47.3 1.5
    endloop
  endfacet
  facet normal -0.6087614290087391 -0.7933533402912211 0
    outer loop
      vertex 161.13137084989847 47.631370849898474 0
      vertex 161.13137084989847 47.631370849898474 1.5
      vertex 160.8 47.8856406460551 0
    endloop
  endfacet
  facet normal -0.13052619222006248 -0.9914448613738089 0
    outer loop
      vertex 160.41411047216403 48.04548132206251 0
      vertex 160.41411047216403 48.04548132206251 1.5
      vertex 160 48.1 0
    endloop
  endfacet
  facet normal 0.13052619222006248 -0.9914448613738089 0
    outer loop
      vertex 160 48.1 0
      vertex 160 48.1 1.5
      vertex 159.58588952783597 48.04548132206251 0
    endloop
  endfacet
  facet normal -0.38268343236507035 -0.9238795325112947 0
    outer loop
      vertex 160.8 47.8856406460551 0
      vertex 160.8 47.8856406460551 1.5
      vertex 160.41411047216403 48.04548132206251 0
    endloop
  endfacet
  facet normal 0.38268343236507035 0.9238795325112947 0
    outer loop
      vertex 159.58588952783597 44.95451867793749 0
      vertex 159.2 45.1143593539449 1.5
      vertex 159.58588952783597 44.95451867793749 1.5
    endloop
  endfacet
  facet normal 0.13052619222006248 0.9914448613738089 0
    outer loop
      vertex 160 44.9 0
      vertex 159.58588952783597 44.95451867793749 1.5
      vertex 160 44.9 1.5
    endloop
  endfacet
  facet normal -0.13052619222006248 0.9914448613738089 0
    outer loop
      vertex 160.41411047216403 44.95451867793749 0
      vertex 160 44.9 1.5
      vertex 160.41411047216403 44.95451867793749 1.5
    endloop
  endfacet
  facet normal -0.38268343236507035 0.9238795325112947 0
    outer loop
      vertex 160.8 45.1143593539449 0
      vertex 160.41411047216403 44.95451867793749 1.5
      vertex 160.8 45.1143593539449 1.5
    endloop
  endfacet
  facet normal 0.6087614290087391 0.7933533402912211 0
    outer loop
      vertex 159.2 45.1143593539449 0
      vertex 158.86862915010153 45.368629150101526 1.5
      vertex 159.2 45.1143593539449 1.5
    endloop
  endfacet
  facet normal 0.7933533402912418 0.6087614290087119 0
    outer loop
      vertex 158.86862915010153 45.368629150101526 0
      vertex 158.6143593539449 45.7 1.5
      vertex 158.86862915010153 45.368629150101526 1.5
    endloop
  endfacet
  facet normal 0.9238795325112873 0.3826834323650884 0
    outer loop
      vertex 158.6143593539449 45.7 0
      vertex 158.4545186779375 46.08588952783597 1.5
      vertex 158.6143593539449 45.7 1.5
    endloop
  endfacet
  facet normal 0.9914448613738093 0.1305261922200603 0
    outer loop
      vertex 158.4545186779375 46.08588952783597 0
      vertex 158.4 46.5 1.5
      vertex 158.4545186779375 46.08588952783597 1.5
    endloop
  endfacet
  facet normal 0.9914448613738093 -0.1305261922200603 0
    outer loop
      vertex 158.4 46.5 0
      vertex 158.4545186779375 46.91411047216403 1.5
      vertex 158.4 46.5 1.5
    endloop
  endfacet
  facet normal 0.9238795325112873 -0.3826834323650884 0
    outer loop
      vertex 158.4545186779375 46.91411047216403 0
      vertex 158.6143593539449 47.3 1.5
      vertex 158.4545186779375 46.91411047216403 1.5
    endloop
  endfacet
  facet normal 0.7933533402912418 -0.6087614290087119 0
    outer loop
      vertex 158.6143593539449 47.3 0
      vertex 158.86862915010153 47.631370849898474 1.5
      vertex 158.6143593539449 47.3 1.5
    endloop
  endfacet
  facet normal 0.6087614290087391 -0.7933533402912211 0
    outer loop
      vertex 158.86862915010153 47.631370849898474 0
      vertex 159.2 47.8856406460551 1.5
      vertex 158.86862915010153 47.631370849898474 1.5
    endloop
  endfacet
  facet normal 0.38268343236507035 -0.9238795325112947 0
    outer loop
      vertex 159.2 47.8856406460551 0
      vertex 159.58588952783597 48.04548132206251 1.5
      vertex 159.2 47.8856406460551 1.5
    endloop
  endfacet
  facet normal 0.13052619222006248 -0.9914448613738089 0
    outer loop
      vertex 159.58588952783597 48.04548132206251 0
      vertex 160 48.1 1.5
      vertex 159.58588952783597 48.04548132206251 1.5
    endloop
  endfacet
  facet normal -0.6087614290087391 0.7933533402912211 0
    outer loop
      vertex 161.13137084989847 45.368629150101526 0
      vertex 160.8 45.1143593539449 1.5
      vertex 161.13137084989847 45.368629150101526 1.5
    endloop
  endfacet
  facet normal -0.7933533402912418 0.6087614290087119 0
    outer loop
      vertex 161.3856406460551 45.7 0
      vertex 161.13137084989847 45.368629150101526 1.5
      vertex 161.3856406460551 45.7 1.5
    endloop
  endfacet
  facet normal -0.9238795325112873 0.3826834323650884 0
    outer loop
      vertex 161.5454813220625 46.08588952783597 0
      vertex 161.3856406460551 45.7 1.5
      vertex 161.5454813220625 46.08588952783597 1.5
    endloop
  endfacet
  facet normal -0.9914448613738093 0.1305261922200603 0
    outer loop
      vertex 161.6 46.5 0
      vertex 161.5454813220625 46.08588952783597 1.5
      vertex 161.6 46.5 1.5
    endloop
  endfacet
  facet normal -0.9914448613738093 -0.1305261922200603 0
    outer loop
      vertex 161.5454813220625 46.91411047216403 0
      vertex 161.6 46.5 1.5
      vertex 161.5454813220625 46.91411047216403 1.5
    endloop
  endfacet
  facet normal -0.9238795325112873 -0.3826834323650884 0
    outer loop
      vertex 161.3856406460551 47.3 0
      vertex 161.5454813220625 46.91411047216403 1.5
      vertex 161.3856406460551 47.3 1.5
    endloop
  endfacet
  facet normal -0.6087614290087391 -0.7933533402912211 0
    outer loop
      vertex 160.8 47.8856406460551 0
      vertex 161.13137084989847 47.631370849898474 1.5
      vertex 160.8 47.8856406460551 1.5
    endloop
  endfacet
  facet normal -0.13052619222006248 -0.9914448613738089 0
    outer loop
      vertex 160 48.1 0
      vertex 160.41411047216403 48.04548132206251 1.5
      vertex 160 48.1 1.5
    endloop
  endfacet
  facet normal -0.38268343236507035 -0.9238795325112947 0
    outer loop
      vertex 160.41411047216403 48.04548132206251 0
      vertex 160.8 47.8856406460551 1.5
      vertex 160.41411047216403 48.04548132206251 1.5
    endloop
  endfacet
  facet normal -0.7933533402912418 -0.6087614290087119 0
    outer loop
      vertex 161.13137084989847 47.631370849898474 0
      vertex 161.3856406460551 47.3 1.5
      vertex 161.13137084989847 47.631370849898474 1.5
    endloop
  endfacet
  facet normal 0 0 -1
    outer loop
      vertex 0 0 0
      vertex 3.614359353944898 4.2 0
      vertex 3.8686291501015235 3.8686291501015235 0
    endloop
  endfacet
  facet normal 0 0 -1
    outer loop
      vertex 0 0 0
      vertex 3.4545186779374903 4.585889527835967 0
      vertex 3.614359353944898 4.2 0
    endloop
  endfacet
  facet normal 0 0 -1
    outer loop
      vertex 0 0 0
      vertex 3.4 5 0
      vertex 3.4545186779374903 4.585889527835967 0
    endloop
  endfacet
  facet normal 0 0 -1
    outer loop
      vertex 0 0 0
      vertex 4.585889527835967 3.4545186779374903 0
      vertex 5 3.4 0
    endloop
  endfacet
  facet normal 0 0 -1
    outer loop
      vertex 0 0 0
      vertex 4.2 3.614359353944898 0
      vertex 4.585889527835967 3.4545186779374903 0
    endloop
  endfacet
  facet normal 0 0 -1
    outer loop
      vertex 0 0 0
      vertex 5 3.4 0
      vertex 5.414110472164033 3.4545186779374903 0
    endloop
  endfacet
  facet normal 0 0 -1
    outer loop
      vertex 0 0 0
      vertex 3.8686291501015235 3.8686291501015235 0
      vertex 4.2 3.614359353944898 0
    endloop
  endfacet
  facet normal 0 0 -1
    outer loop
      vertex 0 0 0
      vertex 57.82127105184961 8.738962277178548 0
      vertex 58.02919337231927 8.349966975705895 0
    endloop
  endfacet
  facet normal 0 0 -1
    outer loop
      vertex 0 0 0
      vertex 57.69323311909273 9.161046775463712 0
      vertex 57.82127105184961 8.738962277178548 0
    endloop
  endfacet
  facet normal 0 0 -1
    outer loop
      vertex 0 0 0
      vertex 57.65 9.6 0
      vertex 57.69323311909273 9.161046775463712 0
    endloop
  endfacet
  facet normal 0 0 -1
    outer loop
      vertex 0 0 0
      vertex 58.649966975705894 7.729193372319273 0
      vertex 59.03896227717855 7.521271051849604 0
    endloop
  endfacet
  facet normal 0 0 -1
    outer loop
      vertex 0 0 0
      vertex 59.03896227717855 7.521271051849604 0
      vertex 59.46104677546371 7.393233119092731 0
    endloop
  endfacet
  facet normal 0 0 -1
    outer loop
      vertex 0 0 0
      vertex 59.46104677546371 7.393233119092731 0
      vertex 59.9 7.35 0
    endloop
  endfacet
  facet normal 0 0 -1
    outer loop
      vertex 0 0 0
      vertex 58.30900974233027 8.009009742330267 0
      vertex 58.649966975705894 7.729193372319273 0
    endloop
  endfacet
  facet normal 0 0 -1
    outer loop
      vertex 0 0 0
      vertex 58.02919337231927 8.349966975705895 0
      vertex 58.30900974233027 8.009009742330267 0
    endloop
  endfacet
  facet normal 0 0 -1
    outer loop
      vertex 0 0 0
      vertex 57.69323311909273 10.038953224536288 0
      vertex 57.65 9.6 0
    endloop
  endfacet
  facet normal 0 0 -1
    outer loop
      vertex 0 0 0
      vertex 57.82127105184961 10.461037722821452 0
      vertex 57.69323311909273 10.038953224536288 0
    endloop
  endfacet
  facet normal 0 0 -1
    outer loop
      vertex 0 0 0
      vertex 58.02919337231927 10.850033024294104 0
      vertex 57.82127105184961 10.461037722821452 0
    endloop
  endfacet
  facet normal 0 0 -1
    outer loop
      vertex 0 0 0
      vertex 58.30900974233027 11.190990257669732 0
      vertex 58.02919337231927 10.850033024294104 0
    endloop
  endfacet
  facet normal 0 0 -1
    outer loop
      vertex 0 0 0
      vertex 58.649966975705894 11.470806627680727 0
      vertex 58.30900974233027 11.190990257669732 0
    endloop
  endfacet
  facet normal 0 0 -1
    outer loop
      vertex 0 0 0
      vertex 59.03896227717855 11.678728948150395 0
      vertex 58.649966975705894 11.470806627680727 0
    endloop
  endfacet
  facet normal 0 0 -1
    outer loop
      vertex 0 0 0
      vertex 0 51.5 0
      vertex 3.4 5 0
    endloop
  endfacet
  facet normal 0 0 -1
    outer loop
      vertex 3.4 5 0
      vertex 3.4545186779374903 46.08588952783597 0
      vertex 3.4545186779374903 5.414110472164033 0
    endloop
  endfacet
  facet normal 0 0 -1
    outer loop
      vertex 3.4545186779374903 5.414110472164033 0
      vertex 3.614359353944898 45.7 0
      vertex 3.614359353944898 5.8 0
    endloop
  endfacet
  facet normal 0 0 -1
    outer loop
      vertex 3.614359353944898 5.8 0
      vertex 3.8686291501015235 45.368629150101526 0
      vertex 3.8686291501015235 6.1313708498984765 0
    endloop
  endfacet
  facet normal 0 0 -1
    outer loop
      vertex 4.2 6.385640646055101 0
      vertex 3.8686291501015235 6.1313708498984765 0
      vertex 4.2 45.1143593539449 0
    endloop
  endfacet
  facet normal 0 0 -1
    outer loop
      vertex 4.585889527835967 6.54548132206251 0
      vertex 4.2 6.385640646055101 0
      vertex 4.585889527835967 44.95451867793749 0
    endloop
  endfacet
  facet normal 0 0 -1
    outer loop
      vertex 6.1313708498984765 6.1313708498984765 0
      vertex 5.8 6.385640646055101 0
      vertex 6.1313708498984765 45.368629150101526 0
    endloop
  endfacet
  facet normal 0 0 -1
    outer loop
      vertex 5 6.6 0
      vertex 4.585889527835967 6.54548132206251 0
      vertex 5 44.9 0
    endloop
  endfacet
  facet normal 0 0 -1
    outer loop
      vertex 5.414110472164033 6.54548132206251 0
      vertex 5 6.6 0
      vertex 5.414110472164033 44.95451867793749 0
    endloop
  endfacet
  facet normal 0 0 -1
    outer loop
      vertex 5.8 6.385640646055101 0
      vertex 5.414110472164033 6.54548132206251 0
      vertex 5.8 45.1143593539449 0
    endloop
  endfacet
  facet normal 0 0 -1
    outer loop
      vertex 0 0 0
      vertex 59.9 7.35 0
      vertex 158.4 5 0
    endloop
  endfacet
  facet normal 0 0 -1
    outer loop
      vertex 59.9 7.35 0
      vertex 60.33895322453629 7.393233119092731 0
      vertex 111.75 7.6 0
    endloop
  endfacet
  facet normal 0 0 -1
    outer loop
      vertex 60.33895322453629 7.393233119092731 0
      vertex 60.76103772282145 7.521271051849604 0
      vertex 111.75 7.6 0
    endloop
  endfacet
  facet normal 0 0 -1
    outer loop
      vertex 60.76103772282145 7.521271051849604 0
      vertex 61.1500330242941 7.729193372319273 0
      vertex 111.75 7.6 0
    endloop
  endfacet
  facet normal 0 0 -1
    outer loop
      vertex 61.1500330242941 7.729193372319273 0
      vertex 61.49099025766973 8.009009742330267 0
      vertex 111.75 7.6 0
    endloop
  endfacet
  facet normal 0 0 -1
    outer loop
      vertex 61.49099025766973 8.009009742330267 0
      vertex 61.77080662768073 8.349966975705895 0
      vertex 111.75 7.6 0
    endloop
  endfacet
  facet normal 0 0 -1
    outer loop
      vertex 61.97872894815039 8.738962277178548 0
      vertex 111.75 7.6 0
      vertex 61.77080662768073 8.349966975705895 0
    endloop
  endfacet
  facet normal 0 0 -1
    outer loop
      vertex 62.106766880907266 9.161046775463712 0
      vertex 111.75 7.6 0
      vertex 61.97872894815039 8.738962277178548 0
    endloop
  endfacet
  facet normal 0 0 -1
    outer loop
      vertex 62.15 9.6 0
      vertex 111.75 7.6 0
      vertex 62.106766880907266 9.161046775463712 0
    endloop
  endfacet
  facet normal 0 0 -1
    outer loop
      vertex 61.97872894815039 10.461037722821452 0
      vertex 111.75 7.6 0
      vertex 62.106766880907266 10.038953224536288 0
    endloop
  endfacet
  facet normal 0 0 -1
    outer loop
      vertex 62.106766880907266 10.038953224536288 0
      vertex 111.75 7.6 0
      vertex 62.15 9.6 0
    endloop
  endfacet
  facet normal 0 0 -1
    outer loop
      vertex 0 0 0
      vertex 5.414110472164033 3.4545186779374903 0
      vertex 165 51.5 0
    endloop
  endfacet
  facet normal 0 0 -1
    outer loop
      vertex 165 51.5 0
      vertex 5.414110472164033 3.4545186779374903 0
      vertex 5.8 3.614359353944898 0
    endloop
  endfacet
  facet normal 0 0 -1
    outer loop
      vertex 165 51.5 0
      vertex 5.8 3.614359353944898 0
      vertex 6.1313708498984765 3.8686291501015235 0
    endloop
  endfacet
  facet normal 0 0 -1
    outer loop
      vertex 165 51.5 0
      vertex 6.1313708498984765 3.8686291501015235 0
      vertex 6.385640646055101 4.2 0
    endloop
  endfacet
  facet normal 0 0 -1
    outer loop
      vertex 165 51.5 0
      vertex 6.385640646055101 4.2 0
      vertex 6.54548132206251 4.585889527835967 0
    endloop
  endfacet
  facet normal 0 0 -1
    outer loop
      vertex 165 51.5 0
      vertex 6.54548132206251 4.585889527835967 0
      vertex 6.6 5 0
    endloop
  endfacet
  facet normal 0 0 -1
    outer loop
      vertex 165 51.5 0
      vertex 6.6 5 0
      vertex 6.54548132206251 5.414110472164033 0
    endloop
  endfacet
  facet normal 0 0 -1
    outer loop
      vertex 165 51.5 0
      vertex 6.54548132206251 5.414110472164033 0
      vertex 6.385640646055101 5.8 0
    endloop
  endfacet
  facet normal 0 0 -1
    outer loop
      vertex 165 51.5 0
      vertex 6.385640646055101 5.8 0
      vertex 6.1313708498984765 6.1313708498984765 0
    endloop
  endfacet
  facet normal 0 0 -1
    outer loop
      vertex 59.9 11.85 0
      vertex 59.46104677546371 11.806766880907269 0
      vertex 111.75 21.6 0
    endloop
  endfacet
  facet normal 0 0 -1
    outer loop
      vertex 60.33895322453629 11.806766880907269 0
      vertex 59.9 11.85 0
      vertex 111.75 21.6 0
    endloop
  endfacet
  facet normal 0 0 -1
    outer loop
      vertex 61.77080662768073 10.850033024294104 0
      vertex 111.75 21.6 0
      vertex 61.97872894815039 10.461037722821452 0
    endloop
  endfacet
  facet normal 0 0 -1
    outer loop
      vertex 61.49099025766973 11.190990257669732 0
      vertex 111.75 21.6 0
      vertex 61.77080662768073 10.850033024294104 0
    endloop
  endfacet
  facet normal 0 0 -1
    outer loop
      vertex 61.49099025766973 11.190990257669732 0
      vertex 61.1500330242941 11.470806627680727 0
      vertex 111.75 21.6 0
    endloop
  endfacet
  facet normal 0 0 -1
    outer loop
      vertex 60.76103772282145 11.678728948150395 0
      vertex 60.33895322453629 11.806766880907269 0
      vertex 111.75 21.6 0
    endloop
  endfacet
  facet normal 0 0 -1
    outer loop
      vertex 61.1500330242941 11.470806627680727 0
      vertex 60.76103772282145 11.678728948150395 0
      vertex 111.75 21.6 0
    endloop
  endfacet
  facet normal 0 0 -1
    outer loop
      vertex 0 0 0
      vertex 160 44.9 0
      vertex 59.03896227717855 11.678728948150395 0
    endloop
  endfacet
  facet normal 0 0 1
    outer loop
      vertex 0 0 1.5
      vertex 3.8686291501015235 3.8686291501015235 1.5
      vertex 3.614359353944898 4.2 1.5
    endloop
  endfacet
  facet normal 0 0 1
    outer loop
      vertex 0 0 1.5
      vertex 3.614359353944898 4.2 1.5
      vertex 3.4545186779374903 4.585889527835967 1.5
    endloop
  endfacet
  facet normal 0 0 1
    outer loop
      vertex 0 0 1.5
      vertex 3.4545186779374903 4.585889527835967 1.5
      vertex 3.4 5 1.5
    endloop
  endfacet
  facet normal 0 0 1
    outer loop
      vertex 0 0 1.5
      vertex 5 3.4 1.5
      vertex 4.585889527835967 3.4545186779374903 1.5
    endloop
  endfacet
  facet normal 0 0 1
    outer loop
      vertex 0 0 1.5
      vertex 4.585889527835967 3.4545186779374903 1.5
      vertex 4.2 3.614359353944898 1.5
    endloop
  endfacet
  facet normal 0 0 1
    outer loop
      vertex 0 0 1.5
      vertex 5.414110472164033 3.4545186779374903 1.5
      vertex 5 3.4 1.5
    endloop
  endfacet
  facet normal 0 0 1
    outer loop
      vertex 0 0 1.5
      vertex 5.8 3.614359353944898 1.5
      vertex 5.414110472164033 3.4545186779374903 1.5
    endloop
  endfacet
  facet normal 0 0 1
    outer loop
      vertex 0 0 1.5
      vertex 4.2 3.614359353944898 1.5
      vertex 3.8686291501015235 3.8686291501015235 1.5
    endloop
  endfacet
  facet normal 0 0 1
    outer loop
      vertex 58.649966975705894 7.729193372319273 1.5
      vertex 58.30900974233027 8.009009742330267 1.5
      vertex 6.385640646055101 5.8 1.5
    endloop
  endfacet
  facet normal 0 0 1
    outer loop
      vertex 58.02919337231927 8.349966975705895 1.5
      vertex 6.385640646055101 5.8 1.5
      vertex 58.30900974233027 8.009009742330267 1.5
    endloop
  endfacet
  facet normal -1 0 0
    outer loop
      vertex 0 0 0
      vertex 0 0 1.5
      vertex 0 51.5 1.5
    endloop
  endfacet
  facet normal 0 0 1
    outer loop
      vertex 0 0 1.5
      vertex 3.4 5 1.5
      vertex 0 51.5 1.5
    endloop
  endfacet
  facet normal 0 0 1
    outer loop
      vertex 0 51.5 1.5
      vertex 3.4 5 1.5
      vertex 3.4545186779374903 5.414110472164033 1.5
    endloop
  endfacet
  facet normal 0 0 1
    outer loop
      vertex 0 51.5 1.5
      vertex 3.4545186779374903 5.414110472164033 1.5
      vertex 3.614359353944898 5.8 1.5
    endloop
  endfacet
  facet normal 0 0 1
    outer loop
      vertex 0 51.5 1.5
      vertex 3.614359353944898 5.8 1.5
      vertex 3.8686291501015235 6.1313708498984765 1.5
    endloop
  endfacet
  facet normal 0 0 1
    outer loop
      vertex 0 51.5 1.5
      vertex 3.8686291501015235 6.1313708498984765 1.5
      vertex 4.2 6.385640646055101 1.5
    endloop
  endfacet
  facet normal 0 0 1
    outer loop
      vertex 0 51.5 1.5
      vertex 4.2 6.385640646055101 1.5
      vertex 4.585889527835967 6.54548132206251 1.5
    endloop
  endfacet
  facet normal 0 0 1
    outer loop
      vertex 0 51.5 1.5
      vertex 4.585889527835967 6.54548132206251 1.5
      vertex 5 6.6 1.5
    endloop
  endfacet
  facet normal 0 0 1
    outer loop
      vertex 0 51.5 1.5
      vertex 5.414110472164033 6.54548132206251 1.5
      vertex 5.8 6.385640646055101 1.5
    endloop
  endfacet
  facet normal 0 0 1
    outer loop
      vertex 0 51.5 1.5
      vertex 5 6.6 1.5
      vertex 5.414110472164033 6.54548132206251 1.5
    endloop
  endfacet
  facet normal 0 0 1
    outer loop
      vertex 0 51.5 1.5
      vertex 6.1313708498984765 6.1313708498984765 1.5
      vertex 6.385640646055101 5.8 1.5
    endloop
  endfacet
  facet normal 0 0 1
    outer loop
      vertex 0 51.5 1.5
      vertex 5.8 6.385640646055101 1.5
      vertex 6.1313708498984765 6.1313708498984765 1.5
    endloop
  endfacet
  facet normal 0 0 1
    outer loop
      vertex 6.385640646055101 5.8 1.5
      vertex 58.02919337231927 8.349966975705895 1.5
      vertex 4.585889527835967 44.95451867793749 1.5
    endloop
  endfacet
  facet normal 0 0 1
    outer loop
      vertex 57.82127105184961 8.738962277178548 1.5
      vertex 5 44.9 1.5
      vertex 58.02919337231927 8.349966975705895 1.5
    endloop
  endfacet
  facet normal 0 0 1
    outer loop
      vertex 57.69323311909273 9.161046775463712 1.5
      vertex 5 44.9 1.5
      vertex 57.82127105184961 8.738962277178548 1.5
    endloop
  endfacet
  facet normal 0 0 1
    outer loop
      vertex 57.65 9.6 1.5
      vertex 5.414110472164033 44.95451867793749 1.5
      vertex 57.69323311909273 9.161046775463712 1.5
    endloop
  endfacet
  facet normal 0 0 1
    outer loop
      vertex 57.69323311909273 10.038953224536288 1.5
      vertex 5.8 45.1143593539449 1.5
      vertex 57.65 9.6 1.5
    endloop
  endfacet
  facet normal 0 0 1
    outer loop
      vertex 57.82127105184961 10.461037722821452 1.5
      vertex 6.1313708498984765 45.368629150101526 1.5
      vertex 57.69323311909273 10.038953224536288 1.5
    endloop
  endfacet
  facet normal 0 0 1
    outer loop
      vertex 58.02919337231927 10.850033024294104 1.5
      vertex 6.1313708498984765 45.368629150101526 1.5
      vertex 57.82127105184961 10.461037722821452 1.5
    endloop
  endfacet
  facet normal 0 0 1
    outer loop
      vertex 58.30900974233027 11.190990257669732 1.5
      vertex 6.385640646055101 45.7 1.5
      vertex 58.02919337231927 10.850033024294104 1.5
    endloop
  endfacet
  facet normal 0 0 1
    outer loop
      vertex 58.30900974233027 11.190990257669732 1.5
      vertex 58.649966975705894 11.470806627680727 1.5
      vertex 6.385640646055101 45.7 1.5
    endloop
  endfacet
  facet normal 0 -1 0
    outer loop
      vertex 0 0 0
      vertex 165 0 1.5
      vertex 0 0 1.5
    endloop
  endfacet
  facet normal 0 0 1
    outer loop
      vertex 0 0 1.5
      vertex 165 0 1.5
      vertex 5.8 3.614359353944898 1.5
    endloop
  endfacet
  facet normal 0 0 1
    outer loop
      vertex 165 0 1.5
      vertex 6.1313708498984765 3.8686291501015235 1.5
      vertex 5.8 3.614359353944898 1.5
    endloop
  endfacet
  facet normal 0 0 1
    outer loop
      vertex 165 0 1.5
      vertex 6.385640646055101 4.2 1.5
      vertex 6.1313708498984765 3.8686291501015235 1.5
    endloop
  endfacet
  facet normal 0 0 1
    outer loop
      vertex 165 0 1.5
      vertex 6.54548132206251 4.585889527835967 1.5
      vertex 6.385640646055101 4.2 1.5
    endloop
  endfacet
  facet normal 0 0 1
    outer loop
      vertex 165 0 1.5
      vertex 6.6 5 1.5
      vertex 6.54548132206251 4.585889527835967 1.5
    endloop
  endfacet
  facet normal 0 0 1
    outer loop
      vertex 165 0 1.5
      vertex 6.54548132206251 5.414110472164033 1.5
      vertex 6.6 5 1.5
    endloop
  endfacet
  facet normal 0 0 1
    outer loop
      vertex 165 0 1.5
      vertex 6.385640646055101 5.8 1.5
      vertex 6.54548132206251 5.414110472164033 1.5
    endloop
  endfacet
  facet normal 0 0 1
    outer loop
      vertex 59.03896227717855 7.521271051849604 1.5
      vertex 58.649966975705894 7.729193372319273 1.5
      vertex 6.385640646055101 5.8 1.5
    endloop
  endfacet
  facet normal 0 0 1
    outer loop
      vertex 59.46104677546371 7.393233119092731 1.5
      vertex 59.03896227717855 7.521271051849604 1.5
      vertex 6.385640646055101 5.8 1.5
    endloop
  endfacet
  facet normal 0 0 1
    outer loop
      vertex 59.9 7.35 1.5
      vertex 59.46104677546371 7.393233119092731 1.5
      vertex 6.385640646055101 5.8 1.5
    endloop
  endfacet
  facet normal 0 0 1
    outer loop
      vertex 165 0 1.5
      vertex 59.9 7.35 1.5
      vertex 6.385640646055101 5.8 1.5
    endloop
  endfacet
  facet normal 0 0 1
    outer loop
      vertex 60.33895322453629 7.393233119092731 1.5
      vertex 59.9 7.35 1.5
      vertex 111.75 7.6 1.5
    endloop
  endfacet
  facet normal 0 0 1
    outer loop
      vertex 60.76103772282145 7.521271051849604 1.5
      vertex 60.33895322453629 7.393233119092731 1.5
      vertex 111.75 7.6 1.5
    endloop
  endfacet
  facet normal 0 0 1
    outer loop
      vertex 61.1500330242941 7.729193372319273 1.5
      vertex 60.76103772282145 7.521271051849604 1.5
      vertex 111.75 7.6 1.5
    endloop
  endfacet
  facet normal 0 0 1
    outer loop
      vertex 61.49099025766973 8.009009742330267 1.5
      vertex 61.1500330242941 7.729193372319273 1.5
      vertex 111.75 7.6 1.5
    endloop
  endfacet
  facet normal 0 0 1
    outer loop
      vertex 61.49099025766973 8.009009742330267 1.5
      vertex 111.75 7.6 1.5
      vertex 61.77080662768073 8.349966975705895 1.5
    endloop
  endfacet
  facet normal 0 0 1
    outer loop
      vertex 61.77080662768073 8.349966975705895 1.5
      vertex 111.75 7.6 1.5
      vertex 61.97872894815039 8.738962277178548 1.5
    endloop
  endfacet
  facet normal 0 0 1
    outer loop
      vertex 61.97872894815039 8.738962277178548 1.5
      vertex 111.75 7.6 1.5
      vertex 62.106766880907266 9.161046775463712 1.5
    endloop
  endfacet
  facet normal 0 0 1
    outer loop
      vertex 62.106766880907266 9.161046775463712 1.5
      vertex 111.75 7.6 1.5
      vertex 62.15 9.6 1.5
    endloop
  endfacet
  facet normal 0 0 1
    outer loop
      vertex 58.649966975705894 11.470806627680727 1.5
      vertex 59.03896227717855 11.678728948150395 1.5
      vertex 6.54548132206251 46.08588952783597 1.5
    endloop
  endfacet
  facet normal 0 0 1
    outer loop
      vertex 59.03896227717855 11.678728948150395 1.5
      vertex 59.46104677546371 11.806766880907269 1.5
      vertex 6.6 46.5 1.5
    endloop
  endfacet
  facet normal 0 0 1
    outer loop
      vertex 60.76103772282145 11.678728948150395 1.5
      vertex 61.1500330242941 11.470806627680727 1.5
      vertex 6.6 46.5 1.5
    endloop
  endfacet
  facet normal 0 0 1
    outer loop
      vertex 60.33895322453629 11.806766880907269 1.5
      vertex 60.76103772282145 11.678728948150395 1.5
      vertex 6.6 46.5 1.5
    endloop
  endfacet
  facet normal 0 0 1
    outer loop
      vertex 59.46104677546371 11.806766880907269 1.5
      vertex 59.9 11.85 1.5
      vertex 6.6 46.5 1.5
    endloop
  endfacet
  facet normal 0 0 1
    outer loop
      vertex 59.9 11.85 1.5
      vertex 60.33895322453629 11.806766880907269 1.5
      vertex 6.6 46.5 1.5
    endloop
  endfacet
  facet normal 0 0 1
    outer loop
      vertex 111.75 21.6 1.5
      vertex 61.97872894815039 10.461037722821452 1.5
      vertex 62.106766880907266 10.038953224536288 1.5
    endloop
  endfacet
  facet normal 0 0 1
    outer loop
      vertex 111.75 21.6 1.5
      vertex 61.77080662768073 10.850033024294104 1.5
      vertex 61.97872894815039 10.461037722821452 1.5
    endloop
  endfacet
  facet normal 0 0 1
    outer loop
      vertex 111.75 21.6 1.5
      vertex 62.106766880907266 10.038953224536288 1.5
      vertex 62.15 9.6 1.5
    endloop
  endfacet
  facet normal 0 0 1
    outer loop
      vertex 111.75 21.6 1.5
      vertex 61.49099025766973 11.190990257669732 1.5
      vertex 61.77080662768073 10.850033024294104 1.5
    endloop
  endfacet
  facet normal 0 0 1
    outer loop
      vertex 111.75 21.6 1.5
      vertex 61.1500330242941 11.470806627680727 1.5
      vertex 61.49099025766973 11.190990257669732 1.5
    endloop
  endfacet
  facet normal 0 0 -1
    outer loop
      vertex 4.2 6.385640646055101 0
      vertex 4.2 45.1143593539449 0
      vertex 4.585889527835967 44.95451867793749 0
    endloop
  endfacet
  facet normal 0 0 -1
    outer loop
      vertex 4.585889527835967 6.54548132206251 0
      vertex 4.585889527835967 44.95451867793749 0
      vertex 5 44.9 0
    endloop
  endfacet
  facet normal 0 0 -1
    outer loop
      vertex 5 6.6 0
      vertex 5 44.9 0
      vertex 5.414110472164033 44.95451867793749 0
    endloop
  endfacet
  facet normal 0 0 -1
    outer loop
      vertex 3.614359353944898 5.8 0
      vertex 3.614359353944898 45.7 0
      vertex 3.8686291501015235 45.368629150101526 0
    endloop
  endfacet
  facet normal 0 0 -1
    outer loop
      vertex 3.4545186779374903 5.414110472164033 0
      vertex 3.4545186779374903 46.08588952783597 0
      vertex 3.614359353944898 45.7 0
    endloop
  endfacet
  facet normal 0 0 -1
    outer loop
      vertex 3.4 5 0
      vertex 3.4 46.5 0
      vertex 3.4545186779374903 46.08588952783597 0
    endloop
  endfacet
  facet normal 0 0 -1
    outer loop
      vertex 3.8686291501015235 6.1313708498984765 0
      vertex 3.8686291501015235 45.368629150101526 0
      vertex 4.2 45.1143593539449 0
    endloop
  endfacet
  facet normal 0 0 -1
    outer loop
      vertex 0 51.5 0
      vertex 3.4 46.5 0
      vertex 3.4 5 0
    endloop
  endfacet
  facet normal 0 0 -1
    outer loop
      vertex 5.414110472164033 6.54548132206251 0
      vertex 5.414110472164033 44.95451867793749 0
      vertex 5.8 45.1143593539449 0
    endloop
  endfacet
  facet normal 0 0 -1
    outer loop
      vertex 5.8 6.385640646055101 0
      vertex 5.8 45.1143593539449 0
      vertex 6.1313708498984765 45.368629150101526 0
    endloop
  endfacet
  facet normal -1 0 0
    outer loop
      vertex 0 0 0
      vertex 0 51.5 1.5
      vertex 0 51.5 0
    endloop
  endfacet
  facet normal 0 0 -1
    outer loop
      vertex 0 51.5 0
      vertex 3.4545186779374903 46.91411047216403 0
      vertex 3.4 46.5 0
    endloop
  endfacet
  facet normal 0 0 -1
    outer loop
      vertex 0 51.5 0
      vertex 3.614359353944898 47.3 0
      vertex 3.4545186779374903 46.91411047216403 0
    endloop
  endfacet
  facet normal 0 0 -1
    outer loop
      vertex 0 51.5 0
      vertex 3.8686291501015235 47.631370849898474 0
      vertex 3.614359353944898 47.3 0
    endloop
  endfacet
  facet normal 0 0 -1
    outer loop
      vertex 0 51.5 0
      vertex 4.2 47.8856406460551 0
      vertex 3.8686291501015235 47.631370849898474 0
    endloop
  endfacet
  facet normal 0 0 -1
    outer loop
      vertex 0 51.5 0
      vertex 4.585889527835967 48.04548132206251 0
      vertex 4.2 47.8856406460551 0
    endloop
  endfacet
  facet normal 0 0 -1
    outer loop
      vertex 0 51.5 0
      vertex 5 48.1 0
      vertex 4.585889527835967 48.04548132206251 0
    endloop
  endfacet
  facet normal 0 0 -1
    outer loop
      vertex 165 51.5 0
      vertex 6.1313708498984765 6.1313708498984765 0
      vertex 6.1313708498984765 45.368629150101526 0
    endloop
  endfacet
  facet normal 0 0 -1
    outer loop
      vertex 165 51.5 0
      vertex 6.1313708498984765 45.368629150101526 0
      vertex 6.385640646055101 45.7 0
    endloop
  endfacet
  facet normal 0 0 -1
    outer loop
      vertex 165 51.5 0
      vertex 6.385640646055101 45.7 0
      vertex 6.54548132206251 46.08588952783597 0
    endloop
  endfacet
  facet normal 0 0 -1
    outer loop
      vertex 165 51.5 0
      vertex 6.54548132206251 46.08588952783597 0
      vertex 6.6 46.5 0
    endloop
  endfacet
  facet normal 0 0 -1
    outer loop
      vertex 0 51.5 0
      vertex 165 51.5 0
      vertex 5 48.1 0
    endloop
  endfacet
  facet normal 0 0 -1
    outer loop
      vertex 165 51.5 0
      vertex 6.385640646055101 47.3 0
      vertex 6.1313708498984765 47.631370849898474 0
    endloop
  endfacet
  facet normal 0 0 -1
    outer loop
      vertex 165 51.5 0
      vertex 6.1313708498984765 47.631370849898474 0
      vertex 5.8 47.8856406460551 0
    endloop
  endfacet
  facet normal 0 0 -1
    outer loop
      vertex 165 51.5 0
      vertex 5.414110472164033 48.04548132206251 0
      vertex 5 48.1 0
    endloop
  endfacet
  facet normal 0 0 -1
    outer loop
      vertex 165 51.5 0
      vertex 5.8 47.8856406460551 0
      vertex 5.414110472164033 48.04548132206251 0
    endloop
  endfacet
  facet normal 0 0 -1
    outer loop
      vertex 165 51.5 0
      vertex 6.6 46.5 0
      vertex 6.54548132206251 46.91411047216403 0
    endloop
  endfacet
  facet normal 0 0 -1
    outer loop
      vertex 165 51.5 0
      vertex 6.54548132206251 46.91411047216403 0
      vertex 6.385640646055101 47.3 0
    endloop
  endfacet
  facet normal 0 1 0
    outer loop
      vertex 0 51.5 0
      vertex 0 51.5 1.5
      vertex 165 51.5 0
    endloop
  endfacet
  facet normal 0 0 1
    outer loop
      vertex 6.385640646055101 5.8 1.5
      vertex 4.585889527835967 44.95451867793749 1.5
      vertex 4.2 45.1143593539449 1.5
    endloop
  endfacet
  facet normal 0 0 1
    outer loop
      vertex 6.385640646055101 5.8 1.5
      vertex 4.2 45.1143593539449 1.5
      vertex 3.8686291501015235 45.368629150101526 1.5
    endloop
  endfacet
  facet normal 0 0 1
    outer loop
      vertex 6.385640646055101 5.8 1.5
      vertex 3.614359353944898 45.7 1.5
      vertex 3.4545186779374903 46.08588952783597 1.5
    endloop
  endfacet
  facet normal 0 0 1
    outer loop
      vertex 6.385640646055101 5.8 1.5
      vertex 3.8686291501015235 45.368629150101526 1.5
      vertex 3.614359353944898 45.7 1.5
    endloop
  endfacet
  facet normal 0 0 1
    outer loop
      vertex 6.385640646055101 5.8 1.5
      vertex 3.4545186779374903 46.08588952783597 1.5
      vertex 3.4 46.5 1.5
    endloop
  endfacet
  facet normal 0 0 1
    outer loop
      vertex 0 51.5 1.5
      vertex 6.385640646055101 5.8 1.5
      vertex 3.4 46.5 1.5
    endloop
  endfacet
  facet normal 0 0 1
    outer loop
      vertex 58.02919337231927 8.349966975705895 1.5
      vertex 5 44.9 1.5
      vertex 4.585889527835967 44.95451867793749 1.5
    endloop
  endfacet
  facet normal 0 0 1
    outer loop
      vertex 57.69323311909273 9.161046775463712 1.5
      vertex 5.414110472164033 44.95451867793749 1.5
      vertex 5 44.9 1.5
    endloop
  endfacet
  facet normal 0 0 1
    outer loop
      vertex 57.65 9.6 1.5
      vertex 5.8 45.1143593539449 1.5
      vertex 5.414110472164033 44.95451867793749 1.5
    endloop
  endfacet
  facet normal 0 0 1
    outer loop
      vertex 57.69323311909273 10.038953224536288 1.5
      vertex 6.1313708498984765 45.368629150101526 1.5
      vertex 5.8 45.1143593539449 1.5
    endloop
  endfacet
  facet normal 0 0 1
    outer loop
      vertex 58.02919337231927 10.850033024294104 1.5
      vertex 6.385640646055101 45.7 1.5
      vertex 6.1313708498984765 45.368629150101526 1.5
    endloop
  endfacet
  facet normal 0 0 1
    outer loop
      vertex 58.649966975705894 11.470806627680727 1.5
      vertex 6.54548132206251 46.08588952783597 1.5
      vertex 6.385640646055101 45.7 1.5
    endloop
  endfacet
  facet normal 0 0 1
    outer loop
      vertex 59.03896227717855 11.678728948150395 1.5
      vertex 6.6 46.5 1.5
      vertex 6.54548132206251 46.08588952783597 1.5
    endloop
  endfacet
  facet normal 0 0 1
    outer loop
      vertex 0 51.5 1.5
      vertex 3.4 46.5 1.5
      vertex 3.4545186779374903 46.91411047216403 1.5
    endloop
  endfacet
  facet normal 0 0 1
    outer loop
      vertex 0 51.5 1.5
      vertex 3.4545186779374903 46.91411047216403 1.5
      vertex 3.614359353944898 47.3 1.5
    endloop
  endfacet
  facet normal 0 0 1
    outer loop
      vertex 0 51.5 1.5
      vertex 3.614359353944898 47.3 1.5
      vertex 3.8686291501015235 47.631370849898474 1.5
    endloop
  endfacet
  facet normal 0 0 1
    outer loop
      vertex 0 51.5 1.5
      vertex 3.8686291501015235 47.631370849898474 1.5
      vertex 4.2 47.8856406460551 1.5
    endloop
  endfacet
  facet normal 0 0 1
    outer loop
      vertex 0 51.5 1.5
      vertex 4.2 47.8856406460551 1.5
      vertex 4.585889527835967 48.04548132206251 1.5
    endloop
  endfacet
  facet normal 0 0 1
    outer loop
      vertex 0 51.5 1.5
      vertex 4.585889527835967 48.04548132206251 1.5
      vertex 5 48.1 1.5
    endloop
  endfacet
  facet normal 0 0 1
    outer loop
      vertex 0 51.5 1.5
      vertex 5 48.1 1.5
      vertex 5.414110472164033 48.04548132206251 1.5
    endloop
  endfacet
  facet normal 0 0 1
    outer loop
      vertex 0 51.5 1.5
      vertex 5.414110472164033 48.04548132206251 1.5
      vertex 5.8 47.8856406460551 1.5
    endloop
  endfacet
  facet normal 0 0 1
    outer loop
      vertex 111.75 21.6 1.5
      vertex 5.8 47.8856406460551 1.5
      vertex 6.1313708498984765 47.631370849898474 1.5
    endloop
  endfacet
  facet normal 0 0 1
    outer loop
      vertex 0 51.5 1.5
      vertex 5.8 47.8856406460551 1.5
      vertex 111.75 21.6 1.5
    endloop
  endfacet
  facet normal 0 0 1
    outer loop
      vertex 111.75 21.6 1.5
      vertex 6.6 46.5 1.5
      vertex 61.1500330242941 11.470806627680727 1.5
    endloop
  endfacet
  facet normal 0 0 1
    outer loop
      vertex 111.75 21.6 1.5
      vertex 6.54548132206251 46.91411047216403 1.5
      vertex 6.6 46.5 1.5
    endloop
  endfacet
  facet normal 0 0 1
    outer loop
      vertex 111.75 21.6 1.5
      vertex 6.385640646055101 47.3 1.5
      vertex 6.54548132206251 46.91411047216403 1.5
    endloop
  endfacet
  facet normal 0 0 1
    outer loop
      vertex 111.75 21.6 1.5
      vertex 6.1313708498984765 47.631370849898474 1.5
      vertex 6.385640646055101 47.3 1.5
    endloop
  endfacet
  facet normal 0 0 -1
    outer loop
      vertex 59.9 7.35 0
      vertex 111.75 7.6 0
      vertex 120.95 6.85 0
    endloop
  endfacet
  facet normal 0 0 -1
    outer loop
      vertex 0 0 0
      vertex 159.2 3.614359353944898 0
      vertex 165 0 0
    endloop
  endfacet
  facet normal 0 0 -1
    outer loop
      vertex 0 0 0
      vertex 158.4545186779375 4.585889527835967 0
      vertex 158.6143593539449 4.2 0
    endloop
  endfacet
  facet normal 0 0 -1
    outer loop
      vertex 0 0 0
      vertex 158.4 5 0
      vertex 158.4545186779375 4.585889527835967 0
    endloop
  endfacet
  facet normal 0 0 -1
    outer loop
      vertex 0 0 0
      vertex 158.86862915010153 3.8686291501015235 0
      vertex 159.2 3.614359353944898 0
    endloop
  endfacet
  facet normal 0 0 -1
    outer loop
      vertex 0 0 0
      vertex 158.6143593539449 4.2 0
      vertex 158.86862915010153 3.8686291501015235 0
    endloop
  endfacet
  facet normal 0 0 -1
    outer loop
      vertex 59.9 7.35 0
      vertex 120.95 6.85 0
      vertex 158.4 5 0
    endloop
  endfacet
  facet normal 0 0 -1
    outer loop
      vertex 112.75 7.6 0
      vertex 120.95 6.85 0
      vertex 111.75 7.6 0
    endloop
  endfacet
  facet normal 0 0 -1
    outer loop
      vertex 112.75 7.6 0
      vertex 120.95 7.6 0
      vertex 120.95 6.85 0
    endloop
  endfacet
  facet normal 0 -1 0
    outer loop
      vertex 0 0 0
      vertex 165 0 0
      vertex 165 0 1.5
    endloop
  endfacet
  facet normal 0 0 -1
    outer loop
      vertex 61.97872894815039 10.461037722821452 0
      vertex 111.75 21.6 0
      vertex 111.75 7.6 0
    endloop
  endfacet
  facet normal 0 0 -1
    outer loop
      vertex 59.46104677546371 11.806766880907269 0
      vertex 59.03896227717855 11.678728948150395 0
      vertex 160 44.9 0
    endloop
  endfacet
  facet normal 0 0 -1
    outer loop
      vertex 120.95 6.85 0
      vertex 130.45 6.85 0
      vertex 158.4 5 0
    endloop
  endfacet
  facet normal 0 0 -1
    outer loop
      vertex 130.45 6.85 0
      vertex 158.4545186779375 5.414110472164033 0
      vertex 158.4 5 0
    endloop
  endfacet
  facet normal 0 0 -1
    outer loop
      vertex 130.45 6.85 0
      vertex 158.6143593539449 5.8 0
      vertex 158.4545186779375 5.414110472164033 0
    endloop
  endfacet
  facet normal 0 0 -1
    outer loop
      vertex 130.45 6.85 0
      vertex 158.86862915010153 6.1313708498984765 0
      vertex 158.6143593539449 5.8 0
    endloop
  endfacet
  facet normal 0 0 -1
    outer loop
      vertex 165 0 0
      vertex 159.2 3.614359353944898 0
      vertex 159.58588952783597 3.4545186779374903 0
    endloop
  endfacet
  facet normal 0 0 -1
    outer loop
      vertex 165 0 0
      vertex 159.58588952783597 3.4545186779374903 0
      vertex 160 3.4 0
    endloop
  endfacet
  facet normal 0 0 -1
    outer loop
      vertex 165 0 0
      vertex 160 3.4 0
      vertex 160.41411047216403 3.4545186779374903 0
    endloop
  endfacet
  facet normal 0 0 -1
    outer loop
      vertex 165 0 0
      vertex 160.41411047216403 3.4545186779374903 0
      vertex 160.8 3.614359353944898 0
    endloop
  endfacet
  facet normal 0 0 -1
    outer loop
      vertex 165 0 0
      vertex 160.8 3.614359353944898 0
      vertex 161.13137084989847 3.8686291501015235 0
    endloop
  endfacet
  facet normal 0 0 -1
    outer loop
      vertex 165 0 0
      vertex 161.13137084989847 3.8686291501015235 0
      vertex 161.3856406460551 4.2 0
    endloop
  endfacet
  facet normal 0 0 -1
    outer loop
      vertex 165 0 0
      vertex 161.3856406460551 4.2 0
      vertex 161.5454813220625 4.585889527835967 0
    endloop
  endfacet
  facet normal 0 0 -1
    outer loop
      vertex 165 0 0
      vertex 161.5454813220625 4.585889527835967 0
      vertex 161.6 5 0
    endloop
  endfacet
  facet normal 0 0 -1
    outer loop
      vertex 130.45 6.85 0
      vertex 159.2 6.385640646055101 0
      vertex 158.86862915010153 6.1313708498984765 0
    endloop
  endfacet
  facet normal 0 0 -1
    outer loop
      vertex 130.45 6.85 0
      vertex 159.58588952783597 6.54548132206251 0
      vertex 159.2 6.385640646055101 0
    endloop
  endfacet
  facet normal 0 0 -1
    outer loop
      vertex 128.25 18.35 0
      vertex 128.25 21.6 0
      vertex 130.45 18.35 0
    endloop
  endfacet
  facet normal 0 0 -1
    outer loop
      vertex 130.45 6.85 0
      vertex 130.45 18.35 0
      vertex 160 44.9 0
    endloop
  endfacet
  facet normal 0 0 -1
    outer loop
      vertex 165 0 0
      vertex 161.6 5 0
      vertex 160 44.9 0
    endloop
  endfacet
  facet normal 0 0 -1
    outer loop
      vertex 161.5454813220625 5.414110472164033 0
      vertex 160 44.9 0
      vertex 161.6 5 0
    endloop
  endfacet
  facet normal 0 0 -1
    outer loop
      vertex 161.3856406460551 5.8 0
      vertex 160 44.9 0
      vertex 161.5454813220625 5.414110472164033 0
    endloop
  endfacet
  facet normal 0 0 -1
    outer loop
      vertex 160.8 6.385640646055101 0
      vertex 160.41411047216403 6.54548132206251 0
      vertex 160 44.9 0
    endloop
  endfacet
  facet normal 0 0 -1
    outer loop
      vertex 161.13137084989847 6.1313708498984765 0
      vertex 160 44.9 0
      vertex 161.3856406460551 5.8 0
    endloop
  endfacet
  facet normal 0 0 -1
    outer loop
      vertex 161.13137084989847 6.1313708498984765 0
      vertex 160.8 6.385640646055101 0
      vertex 160 44.9 0
    endloop
  endfacet
  facet normal 0 0 -1
    outer loop
      vertex 130.45 6.85 0
      vertex 160 44.9 0
      vertex 159.58588952783597 6.54548132206251 0
    endloop
  endfacet
  facet normal 0 0 -1
    outer loop
      vertex 160 6.6 0
      vertex 159.58588952783597 6.54548132206251 0
      vertex 160 44.9 0
    endloop
  endfacet
  facet normal 0 0 -1
    outer loop
      vertex 160.41411047216403 6.54548132206251 0
      vertex 160 6.6 0
      vertex 160 44.9 0
    endloop
  endfacet
  facet normal 1 0 0
    outer loop
      vertex 165 0 0
      vertex 165 51.5 0
      vertex 165 0 1.5
    endloop
  endfacet
  facet normal 0 0 1
    outer loop
      vertex 59.9 7.35 1.5
      vertex 112.75 7.6 1.5
      vertex 111.75 7.6 1.5
    endloop
  endfacet
  facet normal 0 0 1
    outer loop
      vertex 59.9 7.35 1.5
      vertex 120.95 6.85 1.5
      vertex 112.75 7.6 1.5
    endloop
  endfacet
  facet normal 0 0 1
    outer loop
      vertex 165 0 1.5
      vertex 120.95 6.85 1.5
      vertex 59.9 7.35 1.5
    endloop
  endfacet
  facet normal 0 0 1
    outer loop
      vertex 112.75 7.6 1.5
      vertex 120.95 6.85 1.5
      vertex 120.95 7.6 1.5
    endloop
  endfacet
  facet normal 0 0 1
    outer loop
      vertex 111.75 21.6 1.5
      vertex 62.15 9.6 1.5
      vertex 111.75 7.6 1.5
    endloop
  endfacet
  facet normal 0 0 1
    outer loop
      vertex 165 0 1.5
      vertex 130.45 6.85 1.5
      vertex 120.95 6.85 1.5
    endloop
  endfacet
  facet normal 0 0 1
    outer loop
      vertex 165 0 1.5
      vertex 130.45 18.35 1.5
      vertex 130.45 6.85 1.5
    endloop
  endfacet
  facet normal 0 0 1
    outer loop
      vertex 165 0 1.5
      vertex 159.58588952783597 3.4545186779374903 1.5
      vertex 159.2 3.614359353944898 1.5
    endloop
  endfacet
  facet normal 0 0 1
    outer loop
      vertex 165 0 1.5
      vertex 160 3.4 1.5
      vertex 159.58588952783597 3.4545186779374903 1.5
    endloop
  endfacet
  facet normal 0 0 1
    outer loop
      vertex 165 0 1.5
      vertex 160.41411047216403 3.4545186779374903 1.5
      vertex 160 3.4 1.5
    endloop
  endfacet
  facet normal 0 0 1
    outer loop
      vertex 165 0 1.5
      vertex 160.8 3.614359353944898 1.5
      vertex 160.41411047216403 3.4545186779374903 1.5
    endloop
  endfacet
  facet normal 0 0 1
    outer loop
      vertex 165 0 1.5
      vertex 161.13137084989847 3.8686291501015235 1.5
      vertex 160.8 3.614359353944898 1.5
    endloop
  endfacet
  facet normal 0 0 1
    outer loop
      vertex 165 0 1.5
      vertex 161.3856406460551 4.2 1.5
      vertex 161.13137084989847 3.8686291501015235 1.5
    endloop
  endfacet
  facet normal 0 0 1
    outer loop
      vertex 165 0 1.5
      vertex 161.5454813220625 4.585889527835967 1.5
      vertex 161.3856406460551 4.2 1.5
    endloop
  endfacet
  facet normal 0 0 1
    outer loop
      vertex 165 0 1.5
      vertex 161.6 5 1.5
      vertex 161.5454813220625 4.585889527835967 1.5
    endloop
  endfacet
  facet normal 0 0 1
    outer loop
      vertex 165 0 1.5
      vertex 159.2 3.614359353944898 1.5
      vertex 128.25 21.6 1.5
    endloop
  endfacet
  facet normal 0 0 1
    outer loop
      vertex 159.2 3.614359353944898 1.5
      vertex 158.86862915010153 3.8686291501015235 1.5
      vertex 128.25 21.6 1.5
    endloop
  endfacet
  facet normal 0 0 1
    outer loop
      vertex 158.6143593539449 4.2 1.5
      vertex 128.25 21.6 1.5
      vertex 158.86862915010153 3.8686291501015235 1.5
    endloop
  endfacet
  facet normal 0 0 1
    outer loop
      vertex 158.4545186779375 4.585889527835967 1.5
      vertex 128.25 21.6 1.5
      vertex 158.6143593539449 4.2 1.5
    endloop
  endfacet
  facet normal 0 0 1
    outer loop
      vertex 158.4 5 1.5
      vertex 128.25 21.6 1.5
      vertex 158.4545186779375 4.585889527835967 1.5
    endloop
  endfacet
  facet normal 0 0 1
    outer loop
      vertex 158.4545186779375 5.414110472164033 1.5
      vertex 128.25 21.6 1.5
      vertex 158.4 5 1.5
    endloop
  endfacet
  facet normal 0 0 1
    outer loop
      vertex 165 0 1.5
      vertex 128.25 21.6 1.5
      vertex 130.45 18.35 1.5
    endloop
  endfacet
  facet normal 0 0 1
    outer loop
      vertex 128.25 21.6 1.5
      vertex 128.25 18.35 1.5
      vertex 130.45 18.35 1.5
    endloop
  endfacet
  facet normal 0 0 1
    outer loop
      vertex 158.6143593539449 5.8 1.5
      vertex 158.4545186779375 46.08588952783597 1.5
      vertex 158.4545186779375 5.414110472164033 1.5
    endloop
  endfacet
  facet normal 0 0 1
    outer loop
      vertex 158.86862915010153 6.1313708498984765 1.5
      vertex 158.6143593539449 45.7 1.5
      vertex 158.6143593539449 5.8 1.5
    endloop
  endfacet
  facet normal 0 0 1
    outer loop
      vertex 158.86862915010153 6.1313708498984765 1.5
      vertex 159.2 6.385640646055101 1.5
      vertex 158.86862915010153 45.368629150101526 1.5
    endloop
  endfacet
  facet normal 0 0 1
    outer loop
      vertex 160.41411047216403 6.54548132206251 1.5
      vertex 160.8 6.385640646055101 1.5
      vertex 160.41411047216403 44.95451867793749 1.5
    endloop
  endfacet
  facet normal 0 0 1
    outer loop
      vertex 160.8 6.385640646055101 1.5
      vertex 161.13137084989847 6.1313708498984765 1.5
      vertex 160.8 45.1143593539449 1.5
    endloop
  endfacet
  facet normal 0 0 1
    outer loop
      vertex 161.6 5 1.5
      vertex 161.5454813220625 46.08588952783597 1.5
      vertex 161.5454813220625 5.414110472164033 1.5
    endloop
  endfacet
  facet normal 0 0 1
    outer loop
      vertex 161.5454813220625 5.414110472164033 1.5
      vertex 161.3856406460551 45.7 1.5
      vertex 161.3856406460551 5.8 1.5
    endloop
  endfacet
  facet normal 0 0 1
    outer loop
      vertex 161.3856406460551 5.8 1.5
      vertex 161.13137084989847 45.368629150101526 1.5
      vertex 161.13137084989847 6.1313708498984765 1.5
    endloop
  endfacet
  facet normal 0 0 1
    outer loop
      vertex 165 0 1.5
      vertex 165 51.5 1.5
      vertex 161.6 5 1.5
    endloop
  endfacet
  facet normal 0 0 1
    outer loop
      vertex 128.25 21.6 1.5
      vertex 158.4545186779375 5.414110472164033 1.5
      vertex 158.4545186779375 46.08588952783597 1.5
    endloop
  endfacet
  facet normal 0 0 1
    outer loop
      vertex 159.2 6.385640646055101 1.5
      vertex 159.58588952783597 6.54548132206251 1.5
      vertex 159.2 45.1143593539449 1.5
    endloop
  endfacet
  facet normal 0 0 1
    outer loop
      vertex 159.58588952783597 6.54548132206251 1.5
      vertex 160 6.6 1.5
      vertex 159.58588952783597 44.95451867793749 1.5
    endloop
  endfacet
  facet normal 0 0 1
    outer loop
      vertex 160 6.6 1.5
      vertex 160.41411047216403 6.54548132206251 1.5
      vertex 160 44.9 1.5
    endloop
  endfacet
  facet normal 0 0 -1
    outer loop
      vertex 59.46104677546371 11.806766880907269 0
      vertex 160 44.9 0
      vertex 111.75 21.6 0
    endloop
  endfacet
  facet normal 0 0 -1
    outer loop
      vertex 0 0 0
      vertex 158.86862915010153 45.368629150101526 0
      vertex 159.2 45.1143593539449 0
    endloop
  endfacet
  facet normal 0 0 -1
    outer loop
      vertex 0 0 0
      vertex 159.2 45.1143593539449 0
      vertex 159.58588952783597 44.95451867793749 0
    endloop
  endfacet
  facet normal 0 0 -1
    outer loop
      vertex 0 0 0
      vertex 159.58588952783597 44.95451867793749 0
      vertex 160 44.9 0
    endloop
  endfacet
  facet normal 0 0 -1
    outer loop
      vertex 0 0 0
      vertex 158.6143593539449 45.7 0
      vertex 158.86862915010153 45.368629150101526 0
    endloop
  endfacet
  facet normal 0 0 -1
    outer loop
      vertex 0 0 0
      vertex 158.4545186779375 46.08588952783597 0
      vertex 158.6143593539449 45.7 0
    endloop
  endfacet
  facet normal 0 0 -1
    outer loop
      vertex 0 0 0
      vertex 158.4 46.5 0
      vertex 158.4545186779375 46.08588952783597 0
    endloop
  endfacet
  facet normal 0 0 -1
    outer loop
      vertex 0 0 0
      vertex 158.4545186779375 46.91411047216403 0
      vertex 158.4 46.5 0
    endloop
  endfacet
  facet normal 0 0 -1
    outer loop
      vertex 0 0 0
      vertex 158.6143593539449 47.3 0
      vertex 158.4545186779375 46.91411047216403 0
    endloop
  endfacet
  facet normal 0 0 -1
    outer loop
      vertex 0 0 0
      vertex 158.86862915010153 47.631370849898474 0
      vertex 158.6143593539449 47.3 0
    endloop
  endfacet
  facet normal 0 0 -1
    outer loop
      vertex 0 0 0
      vertex 159.2 47.8856406460551 0
      vertex 158.86862915010153 47.631370849898474 0
    endloop
  endfacet
  facet normal 0 0 -1
    outer loop
      vertex 0 0 0
      vertex 165 51.5 0
      vertex 159.2 47.8856406460551 0
    endloop
  endfacet
  facet normal 0 0 -1
    outer loop
      vertex 128.25 21.6 0
      vertex 111.75 21.6 0
      vertex 160 44.9 0
    endloop
  endfacet
  facet normal 0 0 -1
    outer loop
      vertex 128.25 21.6 0
      vertex 160 44.9 0
      vertex 130.45 18.35 0
    endloop
  endfacet
  facet normal 0 0 -1
    outer loop
      vertex 165 0 0
      vertex 160 44.9 0
      vertex 160.41411047216403 44.95451867793749 0
    endloop
  endfacet
  facet normal 0 0 -1
    outer loop
      vertex 165 0 0
      vertex 160.41411047216403 44.95451867793749 0
      vertex 160.8 45.1143593539449 0
    endloop
  endfacet
  facet normal 0 0 -1
    outer loop
      vertex 165 0 0
      vertex 160.8 45.1143593539449 0
      vertex 161.13137084989847 45.368629150101526 0
    endloop
  endfacet
  facet normal 0 0 -1
    outer loop
      vertex 165 0 0
      vertex 161.13137084989847 45.368629150101526 0
      vertex 161.3856406460551 45.7 0
    endloop
  endfacet
  facet normal 0 0 -1
    outer loop
      vertex 165 0 0
      vertex 161.3856406460551 45.7 0
      vertex 161.5454813220625 46.08588952783597 0
    endloop
  endfacet
  facet normal 0 0 -1
    outer loop
      vertex 165 0 0
      vertex 161.5454813220625 46.08588952783597 0
      vertex 161.6 46.5 0
    endloop
  endfacet
  facet normal 0 0 -1
    outer loop
      vertex 165 0 0
      vertex 161.6 46.5 0
      vertex 165 51.5 0
    endloop
  endfacet
  facet normal 0 0 -1
    outer loop
      vertex 165 51.5 0
      vertex 161.13137084989847 47.631370849898474 0
      vertex 160.8 47.8856406460551 0
    endloop
  endfacet
  facet normal 0 0 -1
    outer loop
      vertex 165 51.5 0
      vertex 159.58588952783597 48.04548132206251 0
      vertex 159.2 47.8856406460551 0
    endloop
  endfacet
  facet normal 0 0 -1
    outer loop
      vertex 165 51.5 0
      vertex 160 48.1 0
      vertex 159.58588952783597 48.04548132206251 0
    endloop
  endfacet
  facet normal 0 0 -1
    outer loop
      vertex 165 51.5 0
      vertex 160.8 47.8856406460551 0
      vertex 160.41411047216403 48.04548132206251 0
    endloop
  endfacet
  facet normal 0 0 -1
    outer loop
      vertex 165 51.5 0
      vertex 160.41411047216403 48.04548132206251 0
      vertex 160 48.1 0
    endloop
  endfacet
  facet normal 0 0 -1
    outer loop
      vertex 165 51.5 0
      vertex 161.6 46.5 0
      vertex 161.5454813220625 46.91411047216403 0
    endloop
  endfacet
  facet normal 0 0 -1
    outer loop
      vertex 165 51.5 0
      vertex 161.5454813220625 46.91411047216403 0
      vertex 161.3856406460551 47.3 0
    endloop
  endfacet
  facet normal 0 0 -1
    outer loop
      vertex 165 51.5 0
      vertex 161.3856406460551 47.3 0
      vertex 161.13137084989847 47.631370849898474 0
    endloop
  endfacet
  facet normal 0 1 0
    outer loop
      vertex 0 51.5 1.5
      vertex 165 51.5 1.5
      vertex 165 51.5 0
    endloop
  endfacet
  facet normal 0 0 1
    outer loop
      vertex 0 51.5 1.5
      vertex 111.75 21.6 1.5
      vertex 165 51.5 1.5
    endloop
  endfacet
  facet normal 1 0 0
    outer loop
      vertex 165 0 1.5
      vertex 165 51.5 0
      vertex 165 51.5 1.5
    endloop
  endfacet
  facet normal 0 0 1
    outer loop
      vertex 128.25 21.6 1.5
      vertex 158.4545186779375 46.91411047216403 1.5
      vertex 111.75 21.6 1.5
    endloop
  endfacet
  facet normal 0 0 1
    outer loop
      vertex 111.75 21.6 1.5
      vertex 158.4545186779375 46.91411047216403 1.5
      vertex 158.6143593539449 47.3 1.5
    endloop
  endfacet
  facet normal 0 0 1
    outer loop
      vertex 160 6.6 1.5
      vertex 160 44.9 1.5
      vertex 159.58588952783597 44.95451867793749 1.5
    endloop
  endfacet
  facet normal 0 0 1
    outer loop
      vertex 160.41411047216403 6.54548132206251 1.5
      vertex 160.41411047216403 44.95451867793749 1.5
      vertex 160 44.9 1.5
    endloop
  endfacet
  facet normal 0 0 1
    outer loop
      vertex 160.8 6.385640646055101 1.5
      vertex 160.8 45.1143593539449 1.5
      vertex 160.41411047216403 44.95451867793749 1.5
    endloop
  endfacet
  facet normal 0 0 1
    outer loop
      vertex 128.25 21.6 1.5
      vertex 158.4545186779375 46.08588952783597 1.5
      vertex 158.4 46.5 1.5
    endloop
  endfacet
  facet normal 0 0 1
    outer loop
      vertex 128.25 21.6 1.5
      vertex 158.4 46.5 1.5
      vertex 158.4545186779375 46.91411047216403 1.5
    endloop
  endfacet
  facet normal 0 0 1
    outer loop
      vertex 159.2 6.385640646055101 1.5
      vertex 159.2 45.1143593539449 1.5
      vertex 158.86862915010153 45.368629150101526 1.5
    endloop
  endfacet
  facet normal 0 0 1
    outer loop
      vertex 158.86862915010153 6.1313708498984765 1.5
      vertex 158.86862915010153 45.368629150101526 1.5
      vertex 158.6143593539449 45.7 1.5
    endloop
  endfacet
  facet normal 0 0 1
    outer loop
      vertex 158.6143593539449 5.8 1.5
      vertex 158.6143593539449 45.7 1.5
      vertex 158.4545186779375 46.08588952783597 1.5
    endloop
  endfacet
  facet normal 0 0 1
    outer loop
      vertex 159.58588952783597 6.54548132206251 1.5
      vertex 159.58588952783597 44.95451867793749 1.5
      vertex 159.2 45.1143593539449 1.5
    endloop
  endfacet
  facet normal 0 0 1
    outer loop
      vertex 161.13137084989847 6.1313708498984765 1.5
      vertex 161.13137084989847 45.368629150101526 1.5
      vertex 160.8 45.1143593539449 1.5
    endloop
  endfacet
  facet normal 0 0 1
    outer loop
      vertex 161.3856406460551 5.8 1.5
      vertex 161.3856406460551 45.7 1.5
      vertex 161.13137084989847 45.368629150101526 1.5
    endloop
  endfacet
  facet normal 0 0 1
    outer loop
      vertex 161.5454813220625 5.414110472164033 1.5
      vertex 161.5454813220625 46.08588952783597 1.5
      vertex 161.3856406460551 45.7 1.5
    endloop
  endfacet
  facet normal 0 0 1
    outer loop
      vertex 161.6 5 1.5
      vertex 161.6 46.5 1.5
      vertex 161.5454813220625 46.08588952783597 1.5
    endloop
  endfacet
  facet normal 0 0 1
    outer loop
      vertex 165 51.5 1.5
      vertex 161.6 46.5 1.5
      vertex 161.6 5 1.5
    endloop
  endfacet
  facet normal 0 0 1
    outer loop
      vertex 111.75 21.6 1.5
      vertex 158.6143593539449 47.3 1.5
      vertex 158.86862915010153 47.631370849898474 1.5
    endloop
  endfacet
  facet normal 0 0 1
    outer loop
      vertex 111.75 21.6 1.5
      vertex 158.86862915010153 47.631370849898474 1.5
      vertex 159.2 47.8856406460551 1.5
    endloop
  endfacet
  facet normal 0 0 1
    outer loop
      vertex 165 51.5 1.5
      vertex 111.75 21.6 1.5
      vertex 159.2 47.8856406460551 1.5
    endloop
  endfacet
  facet normal 0 0 1
    outer loop
      vertex 165 51.5 1.5
      vertex 160.8 47.8856406460551 1.5
      vertex 161.13137084989847 47.631370849898474 1.5
    endloop
  endfacet
  facet normal 0 0 1
    outer loop
      vertex 165 51.5 1.5
      vertex 159.2 47.8856406460551 1.5
      vertex 159.58588952783597 48.04548132206251 1.5
    endloop
  endfacet
  facet normal 0 0 1
    outer loop
      vertex 165 51.5 1.5
      vertex 159.58588952783597 48.04548132206251 1.5
      vertex 160 48.1 1.5
    endloop
  endfacet
  facet normal 0 0 1
    outer loop
      vertex 165 51.5 1.5
      vertex 160.41411047216403 48.04548132206251 1.5
      vertex 160.8 47.8856406460551 1.5
    endloop
  endfacet
  facet normal 0 0 1
    outer loop
      vertex 165 51.5 1.5
      vertex 160 48.1 1.5
      vertex 160.41411047216403 48.04548132206251 1.5
    endloop
  endfacet
  facet normal 0 0 1
    outer loop
      vertex 165 51.5 1.5
      vertex 161.5454813220625 46.91411047216403 1.5
      vertex 161.6 46.5 1.5
    endloop
  endfacet
  facet normal 0 0 1
    outer loop
      vertex 165 51.5 1.5
      vertex 161.3856406460551 47.3 1.5
      vertex 161.5454813220625 46.91411047216403 1.5
    endloop
  endfacet
  facet normal 0 0 1
    outer loop
      vertex 165 51.5 1.5
      vertex 161.13137084989847 47.631370849898474 1.5
      vertex 161.3856406460551 47.3 1.5
    endloop
  endfacet
  facet normal 1 0 0
    outer loop
      vertex 120.95 7.6 1.5
      vertex 120.95 6.85 0
      vertex 120.95 7.6 0
    endloop
  endfacet
  facet normal 0 1 0
    outer loop
      vertex 120.95 6.85 1.5
      vertex 130.45 6.85 0
      vertex 120.95 6.85 0
    endloop
  endfacet
  facet normal -1 0 0
    outer loop
      vertex 130.45 6.85 0
      vertex 130.45 6.85 1.5
      vertex 130.45 18.35 0
    endloop
  endfacet
  facet normal 0 -1 0
    outer loop
      vertex 128.25 18.35 0
      vertex 130.45 18.35 0
      vertex 130.45 18.35 1.5
    endloop
  endfacet
  facet normal 1 0 0
    outer loop
      vertex 120.95 7.6 1.5
      vertex 120.95 6.85 1.5
      vertex 120.95 6.85 0
    endloop
  endfacet
  facet normal 0 1 0
    outer loop
      vertex 130.45 6.85 1.5
      vertex 130.45 6.85 0
      vertex 120.95 6.85 1.5
    endloop
  endfacet
  facet normal -1 0 0
    outer loop
      vertex 130.45 6.85 1.5
      vertex 130.45 18.35 1.5
      vertex 130.45 18.35 0
    endloop
  endfacet
  facet normal 0 -1 0
    outer loop
      vertex 128.25 18.35 0
      vertex 130.45 18.35 1.5
      vertex 128.25 18.35 1.5
    endloop
  endfacet
  facet normal 0 1 0
    outer loop
      vertex 112.75 7.6 0
      vertex 111.75 7.6 0
      vertex 111.75 7.6 1.5
    endloop
  endfacet
  facet normal 1 0 0
    outer loop
      vertex 111.75 7.6 0
      vertex 111.75 21.6 0
      vertex 111.75 21.6 1.5
    endloop
  endfacet
  facet normal 0 -1 0
    outer loop
      vertex 128.25 21.6 0
      vertex 128.25 21.6 1.5
      vertex 111.75 21.6 0
    endloop
  endfacet
  facet normal -1 0 0
    outer loop
      vertex 128.25 18.35 0
      vertex 128.25 18.35 1.5
      vertex 128.25 21.6 0
    endloop
  endfacet
  facet normal 0 1 0
    outer loop
      vertex 112.75 7.6 1.5
      vertex 112.75 7.6 0
      vertex 111.75 7.6 1.5
    endloop
  endfacet
  facet normal 1 0 0
    outer loop
      vertex 111.75 21.6 1.5
      vertex 111.75 7.6 1.5
      vertex 111.75 7.6 0
    endloop
  endfacet
  facet normal 0 -1 0
    outer loop
      vertex 128.25 21.6 1.5
      vertex 111.75 21.6 1.5
      vertex 111.75 21.6 0
    endloop
  endfacet
  facet normal -1 0 0
    outer loop
      vertex 128.25 21.6 0
      vertex 128.25 18.35 1.5
      vertex 128.25 21.6 1.5
    endloop
  endfacet
  facet normal 0 1 0
    outer loop
      vertex 112.75 7.6 0
      vertex 112.75 7.6 1.5
      vertex 120.95 7.6 0
    endloop
  endfacet
  facet normal 0 1 0
    outer loop
      vertex 112.75 7.6 1.5
      vertex 120.95 7.6 1.5
      vertex 120.95 7.6 0
    endloop
  endfacet
  facet normal 0.29028467725446555 0.9569403357322078 0
    outer loop
      vertex 59.03896227717855 7.521271051849604 1.5
      vertex 59.46104677546371 7.393233119092731 0
      vertex 59.03896227717855 7.521271051849604 0
    endloop
  endfacet
  facet normal 0.6343932841636463 0.7730104533627363 0
    outer loop
      vertex 58.649966975705894 7.729193372319273 0
      vertex 58.30900974233027 8.009009742330267 0
      vertex 58.30900974233027 8.009009742330267 1.5
    endloop
  endfacet
  facet normal 0.47139673682599653 0.8819212643483556 0
    outer loop
      vertex 58.649966975705894 7.729193372319273 1.5
      vertex 59.03896227717855 7.521271051849604 0
      vertex 58.649966975705894 7.729193372319273 0
    endloop
  endfacet
  facet normal 0.09801714032955906 0.995184726672197 0
    outer loop
      vertex 59.46104677546371 7.393233119092731 1.5
      vertex 59.9 7.35 0
      vertex 59.46104677546371 7.393233119092731 0
    endloop
  endfacet
  facet normal -0.09801714032955906 0.995184726672197 0
    outer loop
      vertex 59.9 7.35 1.5
      vertex 60.33895322453629 7.393233119092731 0
      vertex 59.9 7.35 0
    endloop
  endfacet
  facet normal -0.29028467725446555 0.9569403357322078 0
    outer loop
      vertex 60.33895322453629 7.393233119092731 1.5
      vertex 60.76103772282145 7.521271051849604 0
      vertex 60.33895322453629 7.393233119092731 0
    endloop
  endfacet
  facet normal -0.47139673682599653 0.8819212643483556 0
    outer loop
      vertex 60.76103772282145 7.521271051849604 1.5
      vertex 61.1500330242941 7.729193372319273 0
      vertex 60.76103772282145 7.521271051849604 0
    endloop
  endfacet
  facet normal -0.6343932841636463 0.7730104533627363 0
    outer loop
      vertex 61.1500330242941 7.729193372319273 1.5
      vertex 61.49099025766973 8.009009742330267 0
      vertex 61.1500330242941 7.729193372319273 0
    endloop
  endfacet
  facet normal 0.8819212643483597 0.4713967368259888 0
    outer loop
      vertex 57.82127105184961 8.738962277178548 1.5
      vertex 58.02919337231927 8.349966975705895 0
      vertex 57.82127105184961 8.738962277178548 0
    endloop
  endfacet
  facet normal 0.773010453362734 0.634393284163649 0
    outer loop
      vertex 58.02919337231927 8.349966975705895 1.5
      vertex 58.30900974233027 8.009009742330267 0
      vertex 58.02919337231927 8.349966975705895 0
    endloop
  endfacet
  facet normal 0.9569403357322077 0.2902846772544659 0
    outer loop
      vertex 57.69323311909273 9.161046775463712 1.5
      vertex 57.82127105184961 8.738962277178548 0
      vertex 57.69323311909273 9.161046775463712 0
    endloop
  endfacet
  facet normal 0.9951847266721966 0.09801714032956384 0
    outer loop
      vertex 57.65 9.6 1.5
      vertex 57.69323311909273 9.161046775463712 0
      vertex 57.65 9.6 0
    endloop
  endfacet
  facet normal -0.773010453362734 0.634393284163649 0
    outer loop
      vertex 61.49099025766973 8.009009742330267 0
      vertex 61.49099025766973 8.009009742330267 1.5
      vertex 61.77080662768073 8.349966975705895 0
    endloop
  endfacet
  facet normal -0.8819212643483597 0.4713967368259888 0
    outer loop
      vertex 61.77080662768073 8.349966975705895 1.5
      vertex 61.97872894815039 8.738962277178548 0
      vertex 61.77080662768073 8.349966975705895 0
    endloop
  endfacet
  facet normal 0.9951847266721966 -0.09801714032956384 0
    outer loop
      vertex 57.69323311909273 10.038953224536288 1.5
      vertex 57.65 9.6 0
      vertex 57.69323311909273 10.038953224536288 0
    endloop
  endfacet
  facet normal 0.9569403357322077 -0.2902846772544659 0
    outer loop
      vertex 57.82127105184961 10.461037722821452 1.5
      vertex 57.69323311909273 10.038953224536288 0
      vertex 57.82127105184961 10.461037722821452 0
    endloop
  endfacet
  facet normal 0.8819212643483597 -0.4713967368259888 0
    outer loop
      vertex 58.02919337231927 10.850033024294104 1.5
      vertex 57.82127105184961 10.461037722821452 0
      vertex 58.02919337231927 10.850033024294104 0
    endloop
  endfacet
  facet normal 0.773010453362734 -0.634393284163649 0
    outer loop
      vertex 58.30900974233027 11.190990257669732 1.5
      vertex 58.02919337231927 10.850033024294104 0
      vertex 58.30900974233027 11.190990257669732 0
    endloop
  endfacet
  facet normal -0.773010453362734 -0.634393284163649 0
    outer loop
      vertex 61.77080662768073 10.850033024294104 1.5
      vertex 61.49099025766973 11.190990257669732 0
      vertex 61.77080662768073 10.850033024294104 0
    endloop
  endfacet
  facet normal 0.6343932841636463 -0.7730104533627363 0
    outer loop
      vertex 58.649966975705894 11.470806627680727 1.5
      vertex 58.30900974233027 11.190990257669732 0
      vertex 58.649966975705894 11.470806627680727 0
    endloop
  endfacet
  facet normal 0.47139673682599653 -0.8819212643483556 0
    outer loop
      vertex 59.03896227717855 11.678728948150395 1.5
      vertex 58.649966975705894 11.470806627680727 0
      vertex 59.03896227717855 11.678728948150395 0
    endloop
  endfacet
  facet normal 0.29028467725446555 -0.9569403357322078 0
    outer loop
      vertex 59.46104677546371 11.806766880907269 1.5
      vertex 59.03896227717855 11.678728948150395 0
      vertex 59.46104677546371 11.806766880907269 0
    endloop
  endfacet
  facet normal 0.09801714032955906 -0.995184726672197 0
    outer loop
      vertex 59.9 11.85 1.5
      vertex 59.46104677546371 11.806766880907269 0
      vertex 59.9 11.85 0
    endloop
  endfacet
  facet normal -0.09801714032955906 -0.995184726672197 0
    outer loop
      vertex 60.33895322453629 11.806766880907269 1.5
      vertex 59.9 11.85 0
      vertex 60.33895322453629 11.806766880907269 0
    endloop
  endfacet
  facet normal -0.47139673682599653 -0.8819212643483556 0
    outer loop
      vertex 61.1500330242941 11.470806627680727 1.5
      vertex 60.76103772282145 11.678728948150395 0
      vertex 61.1500330242941 11.470806627680727 0
    endloop
  endfacet
  facet normal -0.6343932841636463 -0.7730104533627363 0
    outer loop
      vertex 61.49099025766973 11.190990257669732 1.5
      vertex 61.1500330242941 11.470806627680727 0
      vertex 61.49099025766973 11.190990257669732 0
    endloop
  endfacet
  facet normal -0.29028467725446555 -0.9569403357322078 0
    outer loop
      vertex 60.76103772282145 11.678728948150395 1.5
      vertex 60.33895322453629 11.806766880907269 0
      vertex 60.76103772282145 11.678728948150395 0
    endloop
  endfacet
  facet normal -0.9569403357322077 0.2902846772544659 0
    outer loop
      vertex 61.97872894815039 8.738962277178548 1.5
      vertex 62.106766880907266 9.161046775463712 0
      vertex 61.97872894815039 8.738962277178548 0
    endloop
  endfacet
  facet normal -0.9951847266721966 0.09801714032956384 0
    outer loop
      vertex 62.106766880907266 9.161046775463712 1.5
      vertex 62.15 9.6 0
      vertex 62.106766880907266 9.161046775463712 0
    endloop
  endfacet
  facet normal -0.9951847266721966 -0.09801714032956384 0
    outer loop
      vertex 62.15 9.6 1.5
      vertex 62.106766880907266 10.038953224536288 0
      vertex 62.15 9.6 0
    endloop
  endfacet
  facet normal -0.9569403357322077 -0.2902846772544659 0
    outer loop
      vertex 62.106766880907266 10.038953224536288 1.5
      vertex 61.97872894815039 10.461037722821452 0
      vertex 62.106766880907266 10.038953224536288 0
    endloop
  endfacet
  facet normal -0.8819212643483597 -0.4713967368259888 0
    outer loop
      vertex 61.97872894815039 10.461037722821452 1.5
      vertex 61.77080662768073 10.850033024294104 0
      vertex 61.97872894815039 10.461037722821452 0
    endloop
  endfacet
  facet normal 0.47139673682599653 0.8819212643483556 0
    outer loop
      vertex 59.03896227717855 7.521271051849604 1.5
      vertex 59.03896227717855 7.521271051849604 0
      vertex 58.649966975705894 7.729193372319273 1.5
    endloop
  endfacet
  facet normal 0.6343932841636463 0.7730104533627363 0
    outer loop
      vertex 58.649966975705894 7.729193372319273 1.5
      vertex 58.649966975705894 7.729193372319273 0
      vertex 58.30900974233027 8.009009742330267 1.5
    endloop
  endfacet
  facet normal 0.29028467725446555 0.9569403357322078 0
    outer loop
      vertex 59.46104677546371 7.393233119092731 1.5
      vertex 59.46104677546371 7.393233119092731 0
      vertex 59.03896227717855 7.521271051849604 1.5
    endloop
  endfacet
  facet normal 0.09801714032955906 0.995184726672197 0
    outer loop
      vertex 59.9 7.35 1.5
      vertex 59.9 7.35 0
      vertex 59.46104677546371 7.393233119092731 1.5
    endloop
  endfacet
  facet normal -0.09801714032955906 0.995184726672197 0
    outer loop
      vertex 60.33895322453629 7.393233119092731 1.5
      vertex 60.33895322453629 7.393233119092731 0
      vertex 59.9 7.35 1.5
    endloop
  endfacet
  facet normal -0.29028467725446555 0.9569403357322078 0
    outer loop
      vertex 60.76103772282145 7.521271051849604 1.5
      vertex 60.76103772282145 7.521271051849604 0
      vertex 60.33895322453629 7.393233119092731 1.5
    endloop
  endfacet
  facet normal -0.47139673682599653 0.8819212643483556 0
    outer loop
      vertex 61.1500330242941 7.729193372319273 1.5
      vertex 61.1500330242941 7.729193372319273 0
      vertex 60.76103772282145 7.521271051849604 1.5
    endloop
  endfacet
  facet normal -0.6343932841636463 0.7730104533627363 0
    outer loop
      vertex 61.49099025766973 8.009009742330267 1.5
      vertex 61.49099025766973 8.009009742330267 0
      vertex 61.1500330242941 7.729193372319273 1.5
    endloop
  endfacet
  facet normal 0.8819212643483597 0.4713967368259888 0
    outer loop
      vertex 57.82127105184961 8.738962277178548 1.5
      vertex 58.02919337231927 8.349966975705895 1.5
      vertex 58.02919337231927 8.349966975705895 0
    endloop
  endfacet
  facet normal 0.773010453362734 0.634393284163649 0
    outer loop
      vertex 58.02919337231927 8.349966975705895 1.5
      vertex 58.30900974233027 8.009009742330267 1.5
      vertex 58.30900974233027 8.009009742330267 0
    endloop
  endfacet
  facet normal 0.9569403357322077 0.2902846772544659 0
    outer loop
      vertex 57.69323311909273 9.161046775463712 1.5
      vertex 57.82127105184961 8.738962277178548 1.5
      vertex 57.82127105184961 8.738962277178548 0
    endloop
  endfacet
  facet normal 0.9951847266721966 0.09801714032956384 0
    outer loop
      vertex 57.65 9.6 1.5
      vertex 57.69323311909273 9.161046775463712 1.5
      vertex 57.69323311909273 9.161046775463712 0
    endloop
  endfacet
  facet normal -0.773010453362734 0.634393284163649 0
    outer loop
      vertex 61.49099025766973 8.009009742330267 1.5
      vertex 61.77080662768073 8.349966975705895 1.5
      vertex 61.77080662768073 8.349966975705895 0
    endloop
  endfacet
  facet normal 0.9951847266721966 -0.09801714032956384 0
    outer loop
      vertex 57.69323311909273 10.038953224536288 1.5
      vertex 57.65 9.6 1.5
      vertex 57.65 9.6 0
    endloop
  endfacet
  facet normal 0.9569403357322077 -0.2902846772544659 0
    outer loop
      vertex 57.82127105184961 10.461037722821452 1.5
      vertex 57.69323311909273 10.038953224536288 1.5
      vertex 57.69323311909273 10.038953224536288 0
    endloop
  endfacet
  facet normal 0.8819212643483597 -0.4713967368259888 0
    outer loop
      vertex 58.02919337231927 10.850033024294104 1.5
      vertex 57.82127105184961 10.461037722821452 1.5
      vertex 57.82127105184961 10.461037722821452 0
    endloop
  endfacet
  facet normal 0.773010453362734 -0.634393284163649 0
    outer loop
      vertex 58.30900974233027 11.190990257669732 1.5
      vertex 58.02919337231927 10.850033024294104 1.5
      vertex 58.02919337231927 10.850033024294104 0
    endloop
  endfacet
  facet normal -0.8819212643483597 -0.4713967368259888 0
    outer loop
      vertex 61.97872894815039 10.461037722821452 1.5
      vertex 61.77080662768073 10.850033024294104 1.5
      vertex 61.77080662768073 10.850033024294104 0
    endloop
  endfacet
  facet normal -0.773010453362734 -0.634393284163649 0
    outer loop
      vertex 61.77080662768073 10.850033024294104 1.5
      vertex 61.49099025766973 11.190990257669732 1.5
      vertex 61.49099025766973 11.190990257669732 0
    endloop
  endfacet
  facet normal 0.6343932841636463 -0.7730104533627363 0
    outer loop
      vertex 58.30900974233027 11.190990257669732 1.5
      vertex 58.30900974233027 11.190990257669732 0
      vertex 58.649966975705894 11.470806627680727 1.5
    endloop
  endfacet
  facet normal 0.47139673682599653 -0.8819212643483556 0
    outer loop
      vertex 58.649966975705894 11.470806627680727 1.5
      vertex 58.649966975705894 11.470806627680727 0
      vertex 59.03896227717855 11.678728948150395 1.5
    endloop
  endfacet
  facet normal 0.29028467725446555 -0.9569403357322078 0
    outer loop
      vertex 59.03896227717855 11.678728948150395 1.5
      vertex 59.03896227717855 11.678728948150395 0
      vertex 59.46104677546371 11.806766880907269 1.5
    endloop
  endfacet
  facet normal 0.09801714032955906 -0.995184726672197 0
    outer loop
      vertex 59.46104677546371 11.806766880907269 1.5
      vertex 59.46104677546371 11.806766880907269 0
      vertex 59.9 11.85 1.5
    endloop
  endfacet
  facet normal -0.09801714032955906 -0.995184726672197 0
    outer loop
      vertex 59.9 11.85 1.5
      vertex 59.9 11.85 0
      vertex 60.33895322453629 11.806766880907269 1.5
    endloop
  endfacet
  facet normal -0.29028467725446555 -0.9569403357322078 0
    outer loop
      vertex 60.33895322453629 11.806766880907269 1.5
      vertex 60.33895322453629 11.806766880907269 0
      vertex 60.76103772282145 11.678728948150395 1.5
    endloop
  endfacet
  facet normal -0.47139673682599653 -0.8819212643483556 0
    outer loop
      vertex 60.76103772282145 11.678728948150395 1.5
      vertex 60.76103772282145 11.678728948150395 0
      vertex 61.1500330242941 11.470806627680727 1.5
    endloop
  endfacet
  facet normal -0.6343932841636463 -0.7730104533627363 0
    outer loop
      vertex 61.1500330242941 11.470806627680727 1.5
      vertex 61.1500330242941 11.470806627680727 0
      vertex 61.49099025766973 11.190990257669732 1.5
    endloop
  endfacet
  facet normal -0.8819212643483597 0.4713967368259888 0
    outer loop
      vertex 61.77080662768073 8.349966975705895 1.5
      vertex 61.97872894815039 8.738962277178548 1.5
      vertex 61.97872894815039 8.738962277178548 0
    endloop
  endfacet
  facet normal -0.9569403357322077 0.2902846772544659 0
    outer loop
      vertex 61.97872894815039 8.738962277178548 1.5
      vertex 62.106766880907266 9.161046775463712 1.5
      vertex 62.106766880907266 9.161046775463712 0
    endloop
  endfacet
  facet normal -0.9951847266721966 0.09801714032956384 0
    outer loop
      vertex 62.106766880907266 9.161046775463712 1.5
      vertex 62.15 9.6 1.5
      vertex 62.15 9.6 0
    endloop
  endfacet
  facet normal -0.9951847266721966 -0.09801714032956384 0
    outer loop
      vertex 62.15 9.6 1.5
      vertex 62.106766880907266 10.038953224536288 1.5
      vertex 62.106766880907266 10.038953224536288 0
    endloop
  endfacet
  facet normal -0.9569403357322077 -0.2902846772544659 0
    outer loop
      vertex 62.106766880907266 10.038953224536288 1.5
      vertex 61.97872894815039 10.461037722821452 1.5
      vertex 61.97872894815039 10.461037722821452 0
    endloop
  endfacet
endsolid OpenSCAD_Model
