  0
SECTION
  2
HEADER
  9
$ANGBASE
  50
0.0
  9
$ANGDIR
  70
1
  9
$MEASUREMENT
  70
1
  9
$INSUNITS
  70
4
  0
ENDSEC
  0
SECTION
  2
TABLES
  0
TABLE
  2
LTYPE
  70
4
  0
LTYPE
  5
40F
  2
CONTINUOUS
  70
0
  3
Solid line
  72
65
  73
0
  40
0.0
  0
LTYPE
  5
410
  2
DASHDOT
 70
0
  3
Dash Dot ____ _ ____ _
 72
65
 73
4
 40
2.0
 49
1.25
 49
-0.25
 49
0.25
 49
-0.25
  0
LTYPE
  5
411
  2
DASHED
 70
0
  3
Dashed __ __ __ __ __
 72
65
 73
2
 40
0.75
 49
0.5
 49
-0.25
  0
LTYPE
  5
43B
  2
DOTTED
 70
0
  3
Dotted .  .  .  .
 72
65
 73
2
 40
0.2
 49
0.0
 49
-0.2
  0
ENDTAB
  0
TABLE
  2
STYLE
  70
4
  0
STYLE
  2
KICAD
  70
0
  40
0
  41
1
  42
1
  50
0
  71
0
  3
isocp.shx
  0
STYLE
  2
KICADB
  70
0
  40
0
  41
1
  42
1
  50
0
  71
0
  3
isocp.shx
  0
STYLE
  2
KICADI
  70
0
  40
0
  41
1
  42
1
  50
15
  71
0
  3
isocp.shx
  0
STYLE
  2
KICADBI
  70
0
  40
0
  41
1
  42
1
  50
15
  71
0
  3
isocp.shx
  0
ENDTAB
  0
TABLE
  2
LAYER
  70
1
  0
LAYER
  2
BLACK
  70
0
  62
250
  6
CONTINUOUS
  0
ENDTAB
  0
ENDSEC
  0
SECTION
  2
ENTITIES
0
LINE
8
BLACK
6
CONTINUOUS
10
96.4494699999999909
20
-118.7133209999999934
11
96.5062439999999953
21
-118.7512559999999979
0
LINE
8
BLACK
6
CONTINUOUS
10
96.5062439999999953
20
-118.7512559999999979
11
96.5441789999999997
21
-118.808029999999988
0
LINE
8
BLACK
6
CONTINUOUS
10
96.5441789999999997
20
-118.808029999999988
11
96.5574999999999903
21
-118.875
0
LINE
8
BLACK
6
CONTINUOUS
10
96.5574999999999903
20
-118.875
11
96.5574999999999903
21
-119.2249999999999943
0
LINE
8
BLACK
6
CONTINUOUS
10
96.5574999999999903
20
-119.2249999999999943
11
96.5441789999999997
21
-119.2919699999999921
0
LINE
8
BLACK
6
CONTINUOUS
10
96.5441789999999997
20
-119.2919699999999921
11
96.5062439999999953
21
-119.3487439999999964
0
LINE
8
BLACK
6
CONTINUOUS
10
96.5062439999999953
20
-119.3487439999999964
11
96.4494699999999909
21
-119.3866790000000009
0
LINE
8
BLACK
6
CONTINUOUS
10
96.4494699999999909
20
-119.3866790000000009
11
96.3824999999999932
21
-119.3999999999999915
0
LINE
8
BLACK
6
CONTINUOUS
10
96.3824999999999932
20
-119.3999999999999915
11
95.7175000000000011
21
-119.3999999999999915
0
LINE
8
BLACK
6
CONTINUOUS
10
95.7175000000000011
20
-119.3999999999999915
11
95.6505299999999892
21
-119.3866790000000009
0
LINE
8
BLACK
6
CONTINUOUS
10
95.6505299999999892
20
-119.3866790000000009
11
95.5937559999999991
21
-119.3487439999999964
0
LINE
8
BLACK
6
CONTINUOUS
10
95.5937559999999991
20
-119.3487439999999964
11
95.5558209999999946
21
-119.2919699999999921
0
LINE
8
BLACK
6
CONTINUOUS
10
95.5558209999999946
20
-119.2919699999999921
11
95.5424999999999898
21
-119.2249999999999943
0
LINE
8
BLACK
6
CONTINUOUS
10
95.5424999999999898
20
-119.2249999999999943
11
95.5424999999999898
21
-118.875
0
LINE
8
BLACK
6
CONTINUOUS
10
95.5424999999999898
20
-118.875
11
95.5558209999999946
21
-118.808029999999988
0
LINE
8
BLACK
6
CONTINUOUS
10
95.5558209999999946
20
-118.808029999999988
11
95.5937559999999991
21
-118.7512559999999979
0
LINE
8
BLACK
6
CONTINUOUS
10
95.5937559999999991
20
-118.7512559999999979
11
95.6505299999999892
21
-118.7133209999999934
0
LINE
8
BLACK
6
CONTINUOUS
10
95.6505299999999892
20
-118.7133209999999934
11
95.7175000000000011
21
-118.6999999999999886
0
LINE
8
BLACK
6
CONTINUOUS
10
95.7175000000000011
20
-118.6999999999999886
11
96.3824999999999932
21
-118.6999999999999886
0
LINE
8
BLACK
6
CONTINUOUS
10
96.3824999999999932
20
-118.6999999999999886
11
96.4494699999999909
21
-118.7133209999999934
0
LINE
8
BLACK
6
CONTINUOUS
10
96.4494699999999909
20
-116.8133209999999877
11
96.5062439999999953
21
-116.8512559999999922
0
LINE
8
BLACK
6
CONTINUOUS
10
96.5062439999999953
20
-116.8512559999999922
11
96.5441789999999997
21
-116.9080299999999966
0
LINE
8
BLACK
6
CONTINUOUS
10
96.5441789999999997
20
-116.9080299999999966
11
96.5574999999999903
21
-116.9749999999999943
0
LINE
8
BLACK
6
CONTINUOUS
10
96.5574999999999903
20
-116.9749999999999943
11
96.5574999999999903
21
-117.3249999999999886
0
LINE
8
BLACK
6
CONTINUOUS
10
96.5574999999999903
20
-117.3249999999999886
11
96.5441789999999997
21
-117.3919700000000006
0
LINE
8
BLACK
6
CONTINUOUS
10
96.5441789999999997
20
-117.3919700000000006
11
96.5062439999999953
21
-117.4487439999999907
0
LINE
8
BLACK
6
CONTINUOUS
10
96.5062439999999953
20
-117.4487439999999907
11
96.4494699999999909
21
-117.4866789999999952
0
LINE
8
BLACK
6
CONTINUOUS
10
96.4494699999999909
20
-117.4866789999999952
11
96.3824999999999932
21
-117.5
0
LINE
8
BLACK
6
CONTINUOUS
10
96.3824999999999932
20
-117.5
11
95.7175000000000011
21
-117.5
0
LINE
8
BLACK
6
CONTINUOUS
10
95.7175000000000011
20
-117.5
11
95.6505299999999892
21
-117.4866789999999952
0
LINE
8
BLACK
6
CONTINUOUS
10
95.6505299999999892
20
-117.4866789999999952
11
95.5937559999999991
21
-117.4487439999999907
0
LINE
8
BLACK
6
CONTINUOUS
10
95.5937559999999991
20
-117.4487439999999907
11
95.5558209999999946
21
-117.3919700000000006
0
LINE
8
BLACK
6
CONTINUOUS
10
95.5558209999999946
20
-117.3919700000000006
11
95.5424999999999898
21
-117.3249999999999886
0
LINE
8
BLACK
6
CONTINUOUS
10
95.5424999999999898
20
-117.3249999999999886
11
95.5424999999999898
21
-116.9749999999999943
0
LINE
8
BLACK
6
CONTINUOUS
10
95.5424999999999898
20
-116.9749999999999943
11
95.5558209999999946
21
-116.9080299999999966
0
LINE
8
BLACK
6
CONTINUOUS
10
95.5558209999999946
20
-116.9080299999999966
11
95.5937559999999991
21
-116.8512559999999922
0
LINE
8
BLACK
6
CONTINUOUS
10
95.5937559999999991
20
-116.8512559999999922
11
95.6505299999999892
21
-116.8133209999999877
0
LINE
8
BLACK
6
CONTINUOUS
10
95.6505299999999892
20
-116.8133209999999877
11
95.7175000000000011
21
-116.7999999999999972
0
LINE
8
BLACK
6
CONTINUOUS
10
95.7175000000000011
20
-116.7999999999999972
11
96.3824999999999932
21
-116.7999999999999972
0
LINE
8
BLACK
6
CONTINUOUS
10
96.3824999999999932
20
-116.7999999999999972
11
96.4494699999999909
21
-116.8133209999999877
0
LINE
8
BLACK
6
CONTINUOUS
10
68.3514430000000033
20
-117.1121469999999931
11
66.706442999999993
21
-117.1121469999999931
0
LINE
8
BLACK
6
CONTINUOUS
10
66.706442999999993
20
-117.1121469999999931
11
66.706442999999993
21
-113.5421469999999999
0
LINE
8
BLACK
6
CONTINUOUS
10
66.706442999999993
20
-113.5421469999999999
11
68.3514430000000033
21
-113.5421469999999999
0
LINE
8
BLACK
6
CONTINUOUS
10
68.3514430000000033
20
-113.5421469999999999
11
68.3514430000000033
21
-117.1121469999999931
0
LINE
8
BLACK
6
CONTINUOUS
10
72.5014429999999948
20
-117.1121469999999931
11
70.8564429999999987
21
-117.1121469999999931
0
LINE
8
BLACK
6
CONTINUOUS
10
70.8564429999999987
20
-117.1121469999999931
11
70.8564429999999987
21
-113.5421469999999999
0
LINE
8
BLACK
6
CONTINUOUS
10
70.8564429999999987
20
-113.5421469999999999
11
72.5014429999999948
21
-113.5421469999999999
0
LINE
8
BLACK
6
CONTINUOUS
10
72.5014429999999948
20
-113.5421469999999999
11
72.5014429999999948
21
-117.1121469999999931
0
LINE
8
BLACK
6
CONTINUOUS
10
81.8994699999999938
20
-115.1133209999999991
11
81.9562439999999981
21
-115.1512559999999894
0
LINE
8
BLACK
6
CONTINUOUS
10
81.9562439999999981
20
-115.1512559999999894
11
81.9941790000000026
21
-115.2080299999999937
0
LINE
8
BLACK
6
CONTINUOUS
10
81.9941790000000026
20
-115.2080299999999937
11
82.0074999999999932
21
-115.2749999999999915
0
LINE
8
BLACK
6
CONTINUOUS
10
82.0074999999999932
20
-115.2749999999999915
11
82.0074999999999932
21
-115.625
0
LINE
8
BLACK
6
CONTINUOUS
10
82.0074999999999932
20
-115.625
11
81.9941790000000026
21
-115.6919699999999978
0
LINE
8
BLACK
6
CONTINUOUS
10
81.9941790000000026
20
-115.6919699999999978
11
81.9562439999999981
21
-115.7487439999999879
0
LINE
8
BLACK
6
CONTINUOUS
10
81.9562439999999981
20
-115.7487439999999879
11
81.8994699999999938
21
-115.7866789999999924
0
LINE
8
BLACK
6
CONTINUOUS
10
81.8994699999999938
20
-115.7866789999999924
11
81.832499999999996
21
-115.7999999999999972
0
LINE
8
BLACK
6
CONTINUOUS
10
81.832499999999996
20
-115.7999999999999972
11
81.1674999999999898
21
-115.7999999999999972
0
LINE
8
BLACK
6
CONTINUOUS
10
81.1674999999999898
20
-115.7999999999999972
11
81.100529999999992
21
-115.7866789999999924
0
LINE
8
BLACK
6
CONTINUOUS
10
81.100529999999992
20
-115.7866789999999924
11
81.0437560000000019
21
-115.7487439999999879
0
LINE
8
BLACK
6
CONTINUOUS
10
81.0437560000000019
20
-115.7487439999999879
11
81.0058209999999974
21
-115.6919699999999978
0
LINE
8
BLACK
6
CONTINUOUS
10
81.0058209999999974
20
-115.6919699999999978
11
80.9924999999999926
21
-115.625
0
LINE
8
BLACK
6
CONTINUOUS
10
80.9924999999999926
20
-115.625
11
80.9924999999999926
21
-115.2749999999999915
0
LINE
8
BLACK
6
CONTINUOUS
10
80.9924999999999926
20
-115.2749999999999915
11
81.0058209999999974
21
-115.2080299999999937
0
LINE
8
BLACK
6
CONTINUOUS
10
81.0058209999999974
20
-115.2080299999999937
11
81.0437560000000019
21
-115.1512559999999894
0
LINE
8
BLACK
6
CONTINUOUS
10
81.0437560000000019
20
-115.1512559999999894
11
81.100529999999992
21
-115.1133209999999991
0
LINE
8
BLACK
6
CONTINUOUS
10
81.100529999999992
20
-115.1133209999999991
11
81.1674999999999898
21
-115.0999999999999943
0
LINE
8
BLACK
6
CONTINUOUS
10
81.1674999999999898
20
-115.0999999999999943
11
81.832499999999996
21
-115.0999999999999943
0
LINE
8
BLACK
6
CONTINUOUS
10
81.832499999999996
20
-115.0999999999999943
11
81.8994699999999938
21
-115.1133209999999991
0
LINE
8
BLACK
6
CONTINUOUS
10
83.8694699999999926
20
-115.1133209999999991
11
83.926243999999997
21
-115.1512559999999894
0
LINE
8
BLACK
6
CONTINUOUS
10
83.926243999999997
20
-115.1512559999999894
11
83.9641790000000015
21
-115.2080299999999937
0
LINE
8
BLACK
6
CONTINUOUS
10
83.9641790000000015
20
-115.2080299999999937
11
83.977499999999992
21
-115.2749999999999915
0
LINE
8
BLACK
6
CONTINUOUS
10
83.977499999999992
20
-115.2749999999999915
11
83.977499999999992
21
-115.625
0
LINE
8
BLACK
6
CONTINUOUS
10
83.977499999999992
20
-115.625
11
83.9641790000000015
21
-115.6919699999999978
0
LINE
8
BLACK
6
CONTINUOUS
10
83.9641790000000015
20
-115.6919699999999978
11
83.926243999999997
21
-115.7487439999999879
0
LINE
8
BLACK
6
CONTINUOUS
10
83.926243999999997
20
-115.7487439999999879
11
83.8694699999999926
21
-115.7866789999999924
0
LINE
8
BLACK
6
CONTINUOUS
10
83.8694699999999926
20
-115.7866789999999924
11
83.8024999999999949
21
-115.7999999999999972
0
LINE
8
BLACK
6
CONTINUOUS
10
83.8024999999999949
20
-115.7999999999999972
11
83.1375000000000028
21
-115.7999999999999972
0
LINE
8
BLACK
6
CONTINUOUS
10
83.1375000000000028
20
-115.7999999999999972
11
83.0705299999999909
21
-115.7866789999999924
0
LINE
8
BLACK
6
CONTINUOUS
10
83.0705299999999909
20
-115.7866789999999924
11
83.0137560000000008
21
-115.7487439999999879
0
LINE
8
BLACK
6
CONTINUOUS
10
83.0137560000000008
20
-115.7487439999999879
11
82.9758209999999963
21
-115.6919699999999978
0
LINE
8
BLACK
6
CONTINUOUS
10
82.9758209999999963
20
-115.6919699999999978
11
82.9624999999999915
21
-115.625
0
LINE
8
BLACK
6
CONTINUOUS
10
82.9624999999999915
20
-115.625
11
82.9624999999999915
21
-115.2749999999999915
0
LINE
8
BLACK
6
CONTINUOUS
10
82.9624999999999915
20
-115.2749999999999915
11
82.9758209999999963
21
-115.2080299999999937
0
LINE
8
BLACK
6
CONTINUOUS
10
82.9758209999999963
20
-115.2080299999999937
11
83.0137560000000008
21
-115.1512559999999894
0
LINE
8
BLACK
6
CONTINUOUS
10
83.0137560000000008
20
-115.1512559999999894
11
83.0705299999999909
21
-115.1133209999999991
0
LINE
8
BLACK
6
CONTINUOUS
10
83.0705299999999909
20
-115.1133209999999991
11
83.1375000000000028
21
-115.0999999999999943
0
LINE
8
BLACK
6
CONTINUOUS
10
83.1375000000000028
20
-115.0999999999999943
11
83.8024999999999949
21
-115.0999999999999943
0
LINE
8
BLACK
6
CONTINUOUS
10
83.8024999999999949
20
-115.0999999999999943
11
83.8694699999999926
21
-115.1133209999999991
0
LINE
8
BLACK
6
CONTINUOUS
10
85.8494699999999966
20
-115.1133209999999991
11
85.9062440000000009
21
-115.1512559999999894
0
LINE
8
BLACK
6
CONTINUOUS
10
85.9062440000000009
20
-115.1512559999999894
11
85.9441789999999912
21
-115.2080299999999937
0
LINE
8
BLACK
6
CONTINUOUS
10
85.9441789999999912
20
-115.2080299999999937
11
85.957499999999996
21
-115.2749999999999915
0
LINE
8
BLACK
6
CONTINUOUS
10
85.957499999999996
20
-115.2749999999999915
11
85.957499999999996
21
-115.625
0
LINE
8
BLACK
6
CONTINUOUS
10
85.957499999999996
20
-115.625
11
85.9441789999999912
21
-115.6919699999999978
0
LINE
8
BLACK
6
CONTINUOUS
10
85.9441789999999912
20
-115.6919699999999978
11
85.9062440000000009
21
-115.7487439999999879
0
LINE
8
BLACK
6
CONTINUOUS
10
85.9062440000000009
20
-115.7487439999999879
11
85.8494699999999966
21
-115.7866789999999924
0
LINE
8
BLACK
6
CONTINUOUS
10
85.8494699999999966
20
-115.7866789999999924
11
85.7824999999999989
21
-115.7999999999999972
0
LINE
8
BLACK
6
CONTINUOUS
10
85.7824999999999989
20
-115.7999999999999972
11
85.1174999999999926
21
-115.7999999999999972
0
LINE
8
BLACK
6
CONTINUOUS
10
85.1174999999999926
20
-115.7999999999999972
11
85.0505299999999949
21
-115.7866789999999924
0
LINE
8
BLACK
6
CONTINUOUS
10
85.0505299999999949
20
-115.7866789999999924
11
84.9937559999999905
21
-115.7487439999999879
0
LINE
8
BLACK
6
CONTINUOUS
10
84.9937559999999905
20
-115.7487439999999879
11
84.9558210000000003
21
-115.6919699999999978
0
LINE
8
BLACK
6
CONTINUOUS
10
84.9558210000000003
20
-115.6919699999999978
11
84.9424999999999955
21
-115.625
0
LINE
8
BLACK
6
CONTINUOUS
10
84.9424999999999955
20
-115.625
11
84.9424999999999955
21
-115.2749999999999915
0
LINE
8
BLACK
6
CONTINUOUS
10
84.9424999999999955
20
-115.2749999999999915
11
84.9558210000000003
21
-115.2080299999999937
0
LINE
8
BLACK
6
CONTINUOUS
10
84.9558210000000003
20
-115.2080299999999937
11
84.9937559999999905
21
-115.1512559999999894
0
LINE
8
BLACK
6
CONTINUOUS
10
84.9937559999999905
20
-115.1512559999999894
11
85.0505299999999949
21
-115.1133209999999991
0
LINE
8
BLACK
6
CONTINUOUS
10
85.0505299999999949
20
-115.1133209999999991
11
85.1174999999999926
21
-115.0999999999999943
0
LINE
8
BLACK
6
CONTINUOUS
10
85.1174999999999926
20
-115.0999999999999943
11
85.7824999999999989
21
-115.0999999999999943
0
LINE
8
BLACK
6
CONTINUOUS
10
85.7824999999999989
20
-115.0999999999999943
11
85.8494699999999966
21
-115.1133209999999991
0
LINE
8
BLACK
6
CONTINUOUS
10
87.8494699999999966
20
-115.1133209999999991
11
87.9062440000000009
21
-115.1512559999999894
0
LINE
8
BLACK
6
CONTINUOUS
10
87.9062440000000009
20
-115.1512559999999894
11
87.9441789999999912
21
-115.2080299999999937
0
LINE
8
BLACK
6
CONTINUOUS
10
87.9441789999999912
20
-115.2080299999999937
11
87.957499999999996
21
-115.2749999999999915
0
LINE
8
BLACK
6
CONTINUOUS
10
87.957499999999996
20
-115.2749999999999915
11
87.957499999999996
21
-115.625
0
LINE
8
BLACK
6
CONTINUOUS
10
87.957499999999996
20
-115.625
11
87.9441789999999912
21
-115.6919699999999978
0
LINE
8
BLACK
6
CONTINUOUS
10
87.9441789999999912
20
-115.6919699999999978
11
87.9062440000000009
21
-115.7487439999999879
0
LINE
8
BLACK
6
CONTINUOUS
10
87.9062440000000009
20
-115.7487439999999879
11
87.8494699999999966
21
-115.7866789999999924
0
LINE
8
BLACK
6
CONTINUOUS
10
87.8494699999999966
20
-115.7866789999999924
11
87.7824999999999989
21
-115.7999999999999972
0
LINE
8
BLACK
6
CONTINUOUS
10
87.7824999999999989
20
-115.7999999999999972
11
87.1174999999999926
21
-115.7999999999999972
0
LINE
8
BLACK
6
CONTINUOUS
10
87.1174999999999926
20
-115.7999999999999972
11
87.0505299999999949
21
-115.7866789999999924
0
LINE
8
BLACK
6
CONTINUOUS
10
87.0505299999999949
20
-115.7866789999999924
11
86.9937559999999905
21
-115.7487439999999879
0
LINE
8
BLACK
6
CONTINUOUS
10
86.9937559999999905
20
-115.7487439999999879
11
86.9558210000000003
21
-115.6919699999999978
0
LINE
8
BLACK
6
CONTINUOUS
10
86.9558210000000003
20
-115.6919699999999978
11
86.9424999999999955
21
-115.625
0
LINE
8
BLACK
6
CONTINUOUS
10
86.9424999999999955
20
-115.625
11
86.9424999999999955
21
-115.2749999999999915
0
LINE
8
BLACK
6
CONTINUOUS
10
86.9424999999999955
20
-115.2749999999999915
11
86.9558210000000003
21
-115.2080299999999937
0
LINE
8
BLACK
6
CONTINUOUS
10
86.9558210000000003
20
-115.2080299999999937
11
86.9937559999999905
21
-115.1512559999999894
0
LINE
8
BLACK
6
CONTINUOUS
10
86.9937559999999905
20
-115.1512559999999894
11
87.0505299999999949
21
-115.1133209999999991
0
LINE
8
BLACK
6
CONTINUOUS
10
87.0505299999999949
20
-115.1133209999999991
11
87.1174999999999926
21
-115.0999999999999943
0
LINE
8
BLACK
6
CONTINUOUS
10
87.1174999999999926
20
-115.0999999999999943
11
87.7824999999999989
21
-115.0999999999999943
0
LINE
8
BLACK
6
CONTINUOUS
10
87.7824999999999989
20
-115.0999999999999943
11
87.8494699999999966
21
-115.1133209999999991
0
LINE
8
BLACK
6
CONTINUOUS
10
77.4719699999999989
20
-114.7058199999999886
11
77.5287440000000032
21
-114.7437549999999931
0
LINE
8
BLACK
6
CONTINUOUS
10
77.5287440000000032
20
-114.7437549999999931
11
77.5666789999999935
21
-114.8005289999999974
0
LINE
8
BLACK
6
CONTINUOUS
10
77.5666789999999935
20
-114.8005289999999974
11
77.5799999999999983
21
-114.8674989999999951
0
LINE
8
BLACK
6
CONTINUOUS
10
77.5799999999999983
20
-114.8674989999999951
11
77.5799999999999983
21
-115.5324990000000014
0
LINE
8
BLACK
6
CONTINUOUS
10
77.5799999999999983
20
-115.5324990000000014
11
77.5666789999999935
21
-115.5994689999999991
0
LINE
8
BLACK
6
CONTINUOUS
10
77.5666789999999935
20
-115.5994689999999991
11
77.5287440000000032
21
-115.6562429999999893
0
LINE
8
BLACK
6
CONTINUOUS
10
77.5287440000000032
20
-115.6562429999999893
11
77.4719699999999989
21
-115.6941779999999937
0
LINE
8
BLACK
6
CONTINUOUS
10
77.4719699999999989
20
-115.6941779999999937
11
77.4050000000000011
21
-115.7074989999999985
0
LINE
8
BLACK
6
CONTINUOUS
10
77.4050000000000011
20
-115.7074989999999985
11
77.0549999999999926
21
-115.7074989999999985
0
LINE
8
BLACK
6
CONTINUOUS
10
77.0549999999999926
20
-115.7074989999999985
11
76.9880299999999949
21
-115.6941779999999937
0
LINE
8
BLACK
6
CONTINUOUS
10
76.9880299999999949
20
-115.6941779999999937
11
76.9312559999999905
21
-115.6562429999999893
0
LINE
8
BLACK
6
CONTINUOUS
10
76.9312559999999905
20
-115.6562429999999893
11
76.8933210000000003
21
-115.5994689999999991
0
LINE
8
BLACK
6
CONTINUOUS
10
76.8933210000000003
20
-115.5994689999999991
11
76.8799999999999955
21
-115.5324990000000014
0
LINE
8
BLACK
6
CONTINUOUS
10
76.8799999999999955
20
-115.5324990000000014
11
76.8799999999999955
21
-114.8674989999999951
0
LINE
8
BLACK
6
CONTINUOUS
10
76.8799999999999955
20
-114.8674989999999951
11
76.8933210000000003
21
-114.8005289999999974
0
LINE
8
BLACK
6
CONTINUOUS
10
76.8933210000000003
20
-114.8005289999999974
11
76.9312559999999905
21
-114.7437549999999931
0
LINE
8
BLACK
6
CONTINUOUS
10
76.9312559999999905
20
-114.7437549999999931
11
76.9880299999999949
21
-114.7058199999999886
0
LINE
8
BLACK
6
CONTINUOUS
10
76.9880299999999949
20
-114.7058199999999886
11
77.0549999999999926
21
-114.692498999999998
0
LINE
8
BLACK
6
CONTINUOUS
10
77.0549999999999926
20
-114.692498999999998
11
77.4050000000000011
21
-114.692498999999998
0
LINE
8
BLACK
6
CONTINUOUS
10
77.4050000000000011
20
-114.692498999999998
11
77.4719699999999989
21
-114.7058199999999886
0
LINE
8
BLACK
6
CONTINUOUS
10
79.3719699999999904
20
-114.7058199999999886
11
79.4287439999999947
21
-114.7437549999999931
0
LINE
8
BLACK
6
CONTINUOUS
10
79.4287439999999947
20
-114.7437549999999931
11
79.4666789999999992
21
-114.8005289999999974
0
LINE
8
BLACK
6
CONTINUOUS
10
79.4666789999999992
20
-114.8005289999999974
11
79.4799999999999898
21
-114.8674989999999951
0
LINE
8
BLACK
6
CONTINUOUS
10
79.4799999999999898
20
-114.8674989999999951
11
79.4799999999999898
21
-115.5324990000000014
0
LINE
8
BLACK
6
CONTINUOUS
10
79.4799999999999898
20
-115.5324990000000014
11
79.4666789999999992
21
-115.5994689999999991
0
LINE
8
BLACK
6
CONTINUOUS
10
79.4666789999999992
20
-115.5994689999999991
11
79.4287439999999947
21
-115.6562429999999893
0
LINE
8
BLACK
6
CONTINUOUS
10
79.4287439999999947
20
-115.6562429999999893
11
79.3719699999999904
21
-115.6941779999999937
0
LINE
8
BLACK
6
CONTINUOUS
10
79.3719699999999904
20
-115.6941779999999937
11
79.3049999999999926
21
-115.7074989999999985
0
LINE
8
BLACK
6
CONTINUOUS
10
79.3049999999999926
20
-115.7074989999999985
11
78.9549999999999983
21
-115.7074989999999985
0
LINE
8
BLACK
6
CONTINUOUS
10
78.9549999999999983
20
-115.7074989999999985
11
78.8880300000000005
21
-115.6941779999999937
0
LINE
8
BLACK
6
CONTINUOUS
10
78.8880300000000005
20
-115.6941779999999937
11
78.8312559999999962
21
-115.6562429999999893
0
LINE
8
BLACK
6
CONTINUOUS
10
78.8312559999999962
20
-115.6562429999999893
11
78.7933209999999917
21
-115.5994689999999991
0
LINE
8
BLACK
6
CONTINUOUS
10
78.7933209999999917
20
-115.5994689999999991
11
78.7800000000000011
21
-115.5324990000000014
0
LINE
8
BLACK
6
CONTINUOUS
10
78.7800000000000011
20
-115.5324990000000014
11
78.7800000000000011
21
-114.8674989999999951
0
LINE
8
BLACK
6
CONTINUOUS
10
78.7800000000000011
20
-114.8674989999999951
11
78.7933209999999917
21
-114.8005289999999974
0
LINE
8
BLACK
6
CONTINUOUS
10
78.7933209999999917
20
-114.8005289999999974
11
78.8312559999999962
21
-114.7437549999999931
0
LINE
8
BLACK
6
CONTINUOUS
10
78.8312559999999962
20
-114.7437549999999931
11
78.8880300000000005
21
-114.7058199999999886
0
LINE
8
BLACK
6
CONTINUOUS
10
78.8880300000000005
20
-114.7058199999999886
11
78.9549999999999983
21
-114.692498999999998
0
LINE
8
BLACK
6
CONTINUOUS
10
78.9549999999999983
20
-114.692498999999998
11
79.3049999999999926
21
-114.692498999999998
0
LINE
8
BLACK
6
CONTINUOUS
10
79.3049999999999926
20
-114.692498999999998
11
79.3719699999999904
21
-114.7058199999999886
0
LINE
8
BLACK
6
CONTINUOUS
10
74.1382199999999898
20
-114.7233200000000011
11
74.1949939999999941
21
-114.7612549999999914
0
LINE
8
BLACK
6
CONTINUOUS
10
74.1949939999999941
20
-114.7612549999999914
11
74.2329289999999986
21
-114.8180289999999957
0
LINE
8
BLACK
6
CONTINUOUS
10
74.2329289999999986
20
-114.8180289999999957
11
74.2462500000000034
21
-114.8849989999999934
0
LINE
8
BLACK
6
CONTINUOUS
10
74.2462500000000034
20
-114.8849989999999934
11
74.2462500000000034
21
-115.5149989999999889
0
LINE
8
BLACK
6
CONTINUOUS
10
74.2462500000000034
20
-115.5149989999999889
11
74.2329289999999986
21
-115.5819690000000008
0
LINE
8
BLACK
6
CONTINUOUS
10
74.2329289999999986
20
-115.5819690000000008
11
74.1949939999999941
21
-115.638742999999991
0
LINE
8
BLACK
6
CONTINUOUS
10
74.1949939999999941
20
-115.638742999999991
11
74.1382199999999898
21
-115.6766779999999954
0
LINE
8
BLACK
6
CONTINUOUS
10
74.1382199999999898
20
-115.6766779999999954
11
74.071249999999992
21
-115.6899990000000003
0
LINE
8
BLACK
6
CONTINUOUS
10
74.071249999999992
20
-115.6899990000000003
11
73.7037499999999994
21
-115.6899990000000003
0
LINE
8
BLACK
6
CONTINUOUS
10
73.7037499999999994
20
-115.6899990000000003
11
73.6367800000000017
21
-115.6766779999999954
0
LINE
8
BLACK
6
CONTINUOUS
10
73.6367800000000017
20
-115.6766779999999954
11
73.5800059999999974
21
-115.638742999999991
0
LINE
8
BLACK
6
CONTINUOUS
10
73.5800059999999974
20
-115.638742999999991
11
73.5420709999999929
21
-115.5819690000000008
0
LINE
8
BLACK
6
CONTINUOUS
10
73.5420709999999929
20
-115.5819690000000008
11
73.5287500000000023
21
-115.5149989999999889
0
LINE
8
BLACK
6
CONTINUOUS
10
73.5287500000000023
20
-115.5149989999999889
11
73.5287500000000023
21
-114.8849989999999934
0
LINE
8
BLACK
6
CONTINUOUS
10
73.5287500000000023
20
-114.8849989999999934
11
73.5420709999999929
21
-114.8180289999999957
0
LINE
8
BLACK
6
CONTINUOUS
10
73.5420709999999929
20
-114.8180289999999957
11
73.5800059999999974
21
-114.7612549999999914
0
LINE
8
BLACK
6
CONTINUOUS
10
73.5800059999999974
20
-114.7612549999999914
11
73.6367800000000017
21
-114.7233200000000011
0
LINE
8
BLACK
6
CONTINUOUS
10
73.6367800000000017
20
-114.7233200000000011
11
73.7037499999999994
21
-114.7099989999999963
0
LINE
8
BLACK
6
CONTINUOUS
10
73.7037499999999994
20
-114.7099989999999963
11
74.071249999999992
21
-114.7099989999999963
0
LINE
8
BLACK
6
CONTINUOUS
10
74.071249999999992
20
-114.7099989999999963
11
74.1382199999999898
21
-114.7233200000000011
0
LINE
8
BLACK
6
CONTINUOUS
10
75.9632199999999926
20
-114.7233200000000011
11
76.019993999999997
21
-114.7612549999999914
0
LINE
8
BLACK
6
CONTINUOUS
10
76.019993999999997
20
-114.7612549999999914
11
76.0579290000000015
21
-114.8180289999999957
0
LINE
8
BLACK
6
CONTINUOUS
10
76.0579290000000015
20
-114.8180289999999957
11
76.071249999999992
21
-114.8849989999999934
0
LINE
8
BLACK
6
CONTINUOUS
10
76.071249999999992
20
-114.8849989999999934
11
76.071249999999992
21
-115.5149989999999889
0
LINE
8
BLACK
6
CONTINUOUS
10
76.071249999999992
20
-115.5149989999999889
11
76.0579290000000015
21
-115.5819690000000008
0
LINE
8
BLACK
6
CONTINUOUS
10
76.0579290000000015
20
-115.5819690000000008
11
76.019993999999997
21
-115.638742999999991
0
LINE
8
BLACK
6
CONTINUOUS
10
76.019993999999997
20
-115.638742999999991
11
75.9632199999999926
21
-115.6766779999999954
0
LINE
8
BLACK
6
CONTINUOUS
10
75.9632199999999926
20
-115.6766779999999954
11
75.8962499999999949
21
-115.6899990000000003
0
LINE
8
BLACK
6
CONTINUOUS
10
75.8962499999999949
20
-115.6899990000000003
11
75.5287500000000023
21
-115.6899990000000003
0
LINE
8
BLACK
6
CONTINUOUS
10
75.5287500000000023
20
-115.6899990000000003
11
75.4617799999999903
21
-115.6766779999999954
0
LINE
8
BLACK
6
CONTINUOUS
10
75.4617799999999903
20
-115.6766779999999954
11
75.4050060000000002
21
-115.638742999999991
0
LINE
8
BLACK
6
CONTINUOUS
10
75.4050060000000002
20
-115.638742999999991
11
75.3670709999999957
21
-115.5819690000000008
0
LINE
8
BLACK
6
CONTINUOUS
10
75.3670709999999957
20
-115.5819690000000008
11
75.3537499999999909
21
-115.5149989999999889
0
LINE
8
BLACK
6
CONTINUOUS
10
75.3537499999999909
20
-115.5149989999999889
11
75.3537499999999909
21
-114.8849989999999934
0
LINE
8
BLACK
6
CONTINUOUS
10
75.3537499999999909
20
-114.8849989999999934
11
75.3670709999999957
21
-114.8180289999999957
0
LINE
8
BLACK
6
CONTINUOUS
10
75.3670709999999957
20
-114.8180289999999957
11
75.4050060000000002
21
-114.7612549999999914
0
LINE
8
BLACK
6
CONTINUOUS
10
75.4050060000000002
20
-114.7612549999999914
11
75.4617799999999903
21
-114.7233200000000011
0
LINE
8
BLACK
6
CONTINUOUS
10
75.4617799999999903
20
-114.7233200000000011
11
75.5287500000000023
21
-114.7099989999999963
0
LINE
8
BLACK
6
CONTINUOUS
10
75.5287500000000023
20
-114.7099989999999963
11
75.8962499999999949
21
-114.7099989999999963
0
LINE
8
BLACK
6
CONTINUOUS
10
75.8962499999999949
20
-114.7099989999999963
11
75.9632199999999926
21
-114.7233200000000011
0
LINE
8
BLACK
6
CONTINUOUS
10
91.6252549999999957
20
-115.6841069999999974
11
90.0852549999999894
21
-115.6841069999999974
0
LINE
8
BLACK
6
CONTINUOUS
10
90.0852549999999894
20
-115.6841069999999974
11
90.0852549999999894
21
-115.2641069999999957
0
LINE
8
BLACK
6
CONTINUOUS
10
90.0852549999999894
20
-115.2641069999999957
11
91.6252549999999957
21
-115.2641069999999957
0
LINE
8
BLACK
6
CONTINUOUS
10
91.6252549999999957
20
-115.2641069999999957
11
91.6252549999999957
21
-115.6841069999999974
0
LINE
8
BLACK
6
CONTINUOUS
10
100.2644699999999887
20
-114.290820999999994
11
100.321243999999993
21
-114.3287559999999985
0
LINE
8
BLACK
6
CONTINUOUS
10
100.321243999999993
20
-114.3287559999999985
11
100.3591789999999975
21
-114.3855299999999886
0
LINE
8
BLACK
6
CONTINUOUS
10
100.3591789999999975
20
-114.3855299999999886
11
100.3725000000000023
21
-114.4525000000000006
0
LINE
8
BLACK
6
CONTINUOUS
10
100.3725000000000023
20
-114.4525000000000006
11
100.3725000000000023
21
-115.0474999999999994
0
LINE
8
BLACK
6
CONTINUOUS
10
100.3725000000000023
20
-115.0474999999999994
11
100.3591789999999975
21
-115.1144699999999972
0
LINE
8
BLACK
6
CONTINUOUS
10
100.3591789999999975
20
-115.1144699999999972
11
100.321243999999993
21
-115.1712440000000015
0
LINE
8
BLACK
6
CONTINUOUS
10
100.321243999999993
20
-115.1712440000000015
11
100.2644699999999887
21
-115.2091789999999918
0
LINE
8
BLACK
6
CONTINUOUS
10
100.2644699999999887
20
-115.2091789999999918
11
100.1974999999999909
21
-115.2224999999999966
0
LINE
8
BLACK
6
CONTINUOUS
10
100.1974999999999909
20
-115.2224999999999966
11
98.2025000000000006
21
-115.2224999999999966
0
LINE
8
BLACK
6
CONTINUOUS
10
98.2025000000000006
20
-115.2224999999999966
11
98.1355299999999886
21
-115.2091789999999918
0
LINE
8
BLACK
6
CONTINUOUS
10
98.1355299999999886
20
-115.2091789999999918
11
98.0787559999999985
21
-115.1712440000000015
0
LINE
8
BLACK
6
CONTINUOUS
10
98.0787559999999985
20
-115.1712440000000015
11
98.040820999999994
21
-115.1144699999999972
0
LINE
8
BLACK
6
CONTINUOUS
10
98.040820999999994
20
-115.1144699999999972
11
98.0274999999999892
21
-115.0474999999999994
0
LINE
8
BLACK
6
CONTINUOUS
10
98.0274999999999892
20
-115.0474999999999994
11
98.0274999999999892
21
-114.4525000000000006
0
LINE
8
BLACK
6
CONTINUOUS
10
98.0274999999999892
20
-114.4525000000000006
11
98.040820999999994
21
-114.3855299999999886
0
LINE
8
BLACK
6
CONTINUOUS
10
98.040820999999994
20
-114.3855299999999886
11
98.0787559999999985
21
-114.3287559999999985
0
LINE
8
BLACK
6
CONTINUOUS
10
98.0787559999999985
20
-114.3287559999999985
11
98.1355299999999886
21
-114.290820999999994
0
LINE
8
BLACK
6
CONTINUOUS
10
98.1355299999999886
20
-114.290820999999994
11
98.2025000000000006
21
-114.2774999999999892
0
LINE
8
BLACK
6
CONTINUOUS
10
98.2025000000000006
20
-114.2774999999999892
11
100.1974999999999909
21
-114.2774999999999892
0
LINE
8
BLACK
6
CONTINUOUS
10
100.1974999999999909
20
-114.2774999999999892
11
100.2644699999999887
21
-114.290820999999994
0
LINE
8
BLACK
6
CONTINUOUS
10
96.8252549999999985
20
-115.1091069999999945
11
95.2852549999999923
21
-115.1091069999999945
0
LINE
8
BLACK
6
CONTINUOUS
10
95.2852549999999923
20
-115.1091069999999945
11
95.2852549999999923
21
-112.0291069999999962
0
LINE
8
BLACK
6
CONTINUOUS
10
95.2852549999999923
20
-112.0291069999999962
11
96.8252549999999985
21
-112.0291069999999962
0
LINE
8
BLACK
6
CONTINUOUS
10
96.8252549999999985
20
-112.0291069999999962
11
96.8252549999999985
21
-115.1091069999999945
0
LINE
8
BLACK
6
CONTINUOUS
10
62.68947
20
-114.4133199999999988
11
62.7462439999999972
21
-114.4512549999999891
0
LINE
8
BLACK
6
CONTINUOUS
10
62.7462439999999972
20
-114.4512549999999891
11
62.7841789999999946
21
-114.5080289999999934
0
LINE
8
BLACK
6
CONTINUOUS
10
62.7841789999999946
20
-114.5080289999999934
11
62.7974999999999994
21
-114.5749989999999912
0
LINE
8
BLACK
6
CONTINUOUS
10
62.7974999999999994
20
-114.5749989999999912
11
62.7974999999999994
21
-114.9249989999999997
0
LINE
8
BLACK
6
CONTINUOUS
10
62.7974999999999994
20
-114.9249989999999997
11
62.7841789999999946
21
-114.9919689999999974
0
LINE
8
BLACK
6
CONTINUOUS
10
62.7841789999999946
20
-114.9919689999999974
11
62.7462439999999972
21
-115.0487430000000018
0
LINE
8
BLACK
6
CONTINUOUS
10
62.7462439999999972
20
-115.0487430000000018
11
62.68947
21
-115.086677999999992
0
LINE
8
BLACK
6
CONTINUOUS
10
62.68947
20
-115.086677999999992
11
62.6224999999999952
21
-115.0999989999999968
0
LINE
8
BLACK
6
CONTINUOUS
10
62.6224999999999952
20
-115.0999989999999968
11
61.957499999999996
21
-115.0999989999999968
0
LINE
8
BLACK
6
CONTINUOUS
10
61.957499999999996
20
-115.0999989999999968
11
61.8905299999999983
21
-115.086677999999992
0
LINE
8
BLACK
6
CONTINUOUS
10
61.8905299999999983
20
-115.086677999999992
11
61.8337559999999939
21
-115.0487430000000018
0
LINE
8
BLACK
6
CONTINUOUS
10
61.8337559999999939
20
-115.0487430000000018
11
61.7958209999999966
21
-114.9919689999999974
0
LINE
8
BLACK
6
CONTINUOUS
10
61.7958209999999966
20
-114.9919689999999974
11
61.7824999999999989
21
-114.9249989999999997
0
LINE
8
BLACK
6
CONTINUOUS
10
61.7824999999999989
20
-114.9249989999999997
11
61.7824999999999989
21
-114.5749989999999912
0
LINE
8
BLACK
6
CONTINUOUS
10
61.7824999999999989
20
-114.5749989999999912
11
61.7958209999999966
21
-114.5080289999999934
0
LINE
8
BLACK
6
CONTINUOUS
10
61.7958209999999966
20
-114.5080289999999934
11
61.8337559999999939
21
-114.4512549999999891
0
LINE
8
BLACK
6
CONTINUOUS
10
61.8337559999999939
20
-114.4512549999999891
11
61.8905299999999983
21
-114.4133199999999988
0
LINE
8
BLACK
6
CONTINUOUS
10
61.8905299999999983
20
-114.4133199999999988
11
61.957499999999996
21
-114.399998999999994
0
LINE
8
BLACK
6
CONTINUOUS
10
61.957499999999996
20
-114.399998999999994
11
62.6224999999999952
21
-114.399998999999994
0
LINE
8
BLACK
6
CONTINUOUS
10
62.6224999999999952
20
-114.399998999999994
11
62.68947
21
-114.4133199999999988
0
LINE
8
BLACK
6
CONTINUOUS
10
64.68947
20
-114.4133199999999988
11
64.7462439999999901
21
-114.4512549999999891
0
LINE
8
BLACK
6
CONTINUOUS
10
64.7462439999999901
20
-114.4512549999999891
11
64.7841789999999946
21
-114.5080289999999934
0
LINE
8
BLACK
6
CONTINUOUS
10
64.7841789999999946
20
-114.5080289999999934
11
64.7974999999999994
21
-114.5749989999999912
0
LINE
8
BLACK
6
CONTINUOUS
10
64.7974999999999994
20
-114.5749989999999912
11
64.7974999999999994
21
-114.9249989999999997
0
LINE
8
BLACK
6
CONTINUOUS
10
64.7974999999999994
20
-114.9249989999999997
11
64.7841789999999946
21
-114.9919689999999974
0
LINE
8
BLACK
6
CONTINUOUS
10
64.7841789999999946
20
-114.9919689999999974
11
64.7462439999999901
21
-115.0487430000000018
0
LINE
8
BLACK
6
CONTINUOUS
10
64.7462439999999901
20
-115.0487430000000018
11
64.68947
21
-115.086677999999992
0
LINE
8
BLACK
6
CONTINUOUS
10
64.68947
20
-115.086677999999992
11
64.6225000000000023
21
-115.0999989999999968
0
LINE
8
BLACK
6
CONTINUOUS
10
64.6225000000000023
20
-115.0999989999999968
11
63.957499999999996
21
-115.0999989999999968
0
LINE
8
BLACK
6
CONTINUOUS
10
63.957499999999996
20
-115.0999989999999968
11
63.8905299999999983
21
-115.086677999999992
0
LINE
8
BLACK
6
CONTINUOUS
10
63.8905299999999983
20
-115.086677999999992
11
63.8337559999999939
21
-115.0487430000000018
0
LINE
8
BLACK
6
CONTINUOUS
10
63.8337559999999939
20
-115.0487430000000018
11
63.7958209999999966
21
-114.9919689999999974
0
LINE
8
BLACK
6
CONTINUOUS
10
63.7958209999999966
20
-114.9919689999999974
11
63.7824999999999989
21
-114.9249989999999997
0
LINE
8
BLACK
6
CONTINUOUS
10
63.7824999999999989
20
-114.9249989999999997
11
63.7824999999999989
21
-114.5749989999999912
0
LINE
8
BLACK
6
CONTINUOUS
10
63.7824999999999989
20
-114.5749989999999912
11
63.7958209999999966
21
-114.5080289999999934
0
LINE
8
BLACK
6
CONTINUOUS
10
63.7958209999999966
20
-114.5080289999999934
11
63.8337559999999939
21
-114.4512549999999891
0
LINE
8
BLACK
6
CONTINUOUS
10
63.8337559999999939
20
-114.4512549999999891
11
63.8905299999999983
21
-114.4133199999999988
0
LINE
8
BLACK
6
CONTINUOUS
10
63.8905299999999983
20
-114.4133199999999988
11
63.957499999999996
21
-114.399998999999994
0
LINE
8
BLACK
6
CONTINUOUS
10
63.957499999999996
20
-114.399998999999994
11
64.6225000000000023
21
-114.399998999999994
0
LINE
8
BLACK
6
CONTINUOUS
10
64.6225000000000023
20
-114.399998999999994
11
64.68947
21
-114.4133199999999988
0
LINE
8
BLACK
6
CONTINUOUS
10
91.6252549999999957
20
-114.0366069999999894
11
90.0852549999999894
21
-114.0366069999999894
0
LINE
8
BLACK
6
CONTINUOUS
10
90.0852549999999894
20
-114.0366069999999894
11
90.0852549999999894
21
-111.8316069999999911
0
LINE
8
BLACK
6
CONTINUOUS
10
90.0852549999999894
20
-111.8316069999999911
11
91.6252549999999957
21
-111.8316069999999911
0
LINE
8
BLACK
6
CONTINUOUS
10
91.6252549999999957
20
-111.8316069999999911
11
91.6252549999999957
21
-114.0366069999999894
0
LINE
8
BLACK
6
CONTINUOUS
10
81.8994699999999938
20
-113.2133209999999934
11
81.9562439999999981
21
-113.2512559999999979
0
LINE
8
BLACK
6
CONTINUOUS
10
81.9562439999999981
20
-113.2512559999999979
11
81.9941790000000026
21
-113.308029999999988
0
LINE
8
BLACK
6
CONTINUOUS
10
81.9941790000000026
20
-113.308029999999988
11
82.0074999999999932
21
-113.375
0
LINE
8
BLACK
6
CONTINUOUS
10
82.0074999999999932
20
-113.375
11
82.0074999999999932
21
-113.7249999999999943
0
LINE
8
BLACK
6
CONTINUOUS
10
82.0074999999999932
20
-113.7249999999999943
11
81.9941790000000026
21
-113.7919699999999921
0
LINE
8
BLACK
6
CONTINUOUS
10
81.9941790000000026
20
-113.7919699999999921
11
81.9562439999999981
21
-113.8487439999999964
0
LINE
8
BLACK
6
CONTINUOUS
10
81.9562439999999981
20
-113.8487439999999964
11
81.8994699999999938
21
-113.8866790000000009
0
LINE
8
BLACK
6
CONTINUOUS
10
81.8994699999999938
20
-113.8866790000000009
11
81.832499999999996
21
-113.8999999999999915
0
LINE
8
BLACK
6
CONTINUOUS
10
81.832499999999996
20
-113.8999999999999915
11
81.1674999999999898
21
-113.8999999999999915
0
LINE
8
BLACK
6
CONTINUOUS
10
81.1674999999999898
20
-113.8999999999999915
11
81.100529999999992
21
-113.8866790000000009
0
LINE
8
BLACK
6
CONTINUOUS
10
81.100529999999992
20
-113.8866790000000009
11
81.0437560000000019
21
-113.8487439999999964
0
LINE
8
BLACK
6
CONTINUOUS
10
81.0437560000000019
20
-113.8487439999999964
11
81.0058209999999974
21
-113.7919699999999921
0
LINE
8
BLACK
6
CONTINUOUS
10
81.0058209999999974
20
-113.7919699999999921
11
80.9924999999999926
21
-113.7249999999999943
0
LINE
8
BLACK
6
CONTINUOUS
10
80.9924999999999926
20
-113.7249999999999943
11
80.9924999999999926
21
-113.375
0
LINE
8
BLACK
6
CONTINUOUS
10
80.9924999999999926
20
-113.375
11
81.0058209999999974
21
-113.308029999999988
0
LINE
8
BLACK
6
CONTINUOUS
10
81.0058209999999974
20
-113.308029999999988
11
81.0437560000000019
21
-113.2512559999999979
0
LINE
8
BLACK
6
CONTINUOUS
10
81.0437560000000019
20
-113.2512559999999979
11
81.100529999999992
21
-113.2133209999999934
0
LINE
8
BLACK
6
CONTINUOUS
10
81.100529999999992
20
-113.2133209999999934
11
81.1674999999999898
21
-113.1999999999999886
0
LINE
8
BLACK
6
CONTINUOUS
10
81.1674999999999898
20
-113.1999999999999886
11
81.832499999999996
21
-113.1999999999999886
0
LINE
8
BLACK
6
CONTINUOUS
10
81.832499999999996
20
-113.1999999999999886
11
81.8994699999999938
21
-113.2133209999999934
0
LINE
8
BLACK
6
CONTINUOUS
10
83.8694699999999926
20
-113.2133209999999934
11
83.926243999999997
21
-113.2512559999999979
0
LINE
8
BLACK
6
CONTINUOUS
10
83.926243999999997
20
-113.2512559999999979
11
83.9641790000000015
21
-113.308029999999988
0
LINE
8
BLACK
6
CONTINUOUS
10
83.9641790000000015
20
-113.308029999999988
11
83.977499999999992
21
-113.375
0
LINE
8
BLACK
6
CONTINUOUS
10
83.977499999999992
20
-113.375
11
83.977499999999992
21
-113.7249999999999943
0
LINE
8
BLACK
6
CONTINUOUS
10
83.977499999999992
20
-113.7249999999999943
11
83.9641790000000015
21
-113.7919699999999921
0
LINE
8
BLACK
6
CONTINUOUS
10
83.9641790000000015
20
-113.7919699999999921
11
83.926243999999997
21
-113.8487439999999964
0
LINE
8
BLACK
6
CONTINUOUS
10
83.926243999999997
20
-113.8487439999999964
11
83.8694699999999926
21
-113.8866790000000009
0
LINE
8
BLACK
6
CONTINUOUS
10
83.8694699999999926
20
-113.8866790000000009
11
83.8024999999999949
21
-113.8999999999999915
0
LINE
8
BLACK
6
CONTINUOUS
10
83.8024999999999949
20
-113.8999999999999915
11
83.1375000000000028
21
-113.8999999999999915
0
LINE
8
BLACK
6
CONTINUOUS
10
83.1375000000000028
20
-113.8999999999999915
11
83.0705299999999909
21
-113.8866790000000009
0
LINE
8
BLACK
6
CONTINUOUS
10
83.0705299999999909
20
-113.8866790000000009
11
83.0137560000000008
21
-113.8487439999999964
0
LINE
8
BLACK
6
CONTINUOUS
10
83.0137560000000008
20
-113.8487439999999964
11
82.9758209999999963
21
-113.7919699999999921
0
LINE
8
BLACK
6
CONTINUOUS
10
82.9758209999999963
20
-113.7919699999999921
11
82.9624999999999915
21
-113.7249999999999943
0
LINE
8
BLACK
6
CONTINUOUS
10
82.9624999999999915
20
-113.7249999999999943
11
82.9624999999999915
21
-113.375
0
LINE
8
BLACK
6
CONTINUOUS
10
82.9624999999999915
20
-113.375
11
82.9758209999999963
21
-113.308029999999988
0
LINE
8
BLACK
6
CONTINUOUS
10
82.9758209999999963
20
-113.308029999999988
11
83.0137560000000008
21
-113.2512559999999979
0
LINE
8
BLACK
6
CONTINUOUS
10
83.0137560000000008
20
-113.2512559999999979
11
83.0705299999999909
21
-113.2133209999999934
0
LINE
8
BLACK
6
CONTINUOUS
10
83.0705299999999909
20
-113.2133209999999934
11
83.1375000000000028
21
-113.1999999999999886
0
LINE
8
BLACK
6
CONTINUOUS
10
83.1375000000000028
20
-113.1999999999999886
11
83.8024999999999949
21
-113.1999999999999886
0
LINE
8
BLACK
6
CONTINUOUS
10
83.8024999999999949
20
-113.1999999999999886
11
83.8694699999999926
21
-113.2133209999999934
0
LINE
8
BLACK
6
CONTINUOUS
10
85.8494699999999966
20
-113.2133209999999934
11
85.9062440000000009
21
-113.2512559999999979
0
LINE
8
BLACK
6
CONTINUOUS
10
85.9062440000000009
20
-113.2512559999999979
11
85.9441789999999912
21
-113.308029999999988
0
LINE
8
BLACK
6
CONTINUOUS
10
85.9441789999999912
20
-113.308029999999988
11
85.957499999999996
21
-113.375
0
LINE
8
BLACK
6
CONTINUOUS
10
85.957499999999996
20
-113.375
11
85.957499999999996
21
-113.7249999999999943
0
LINE
8
BLACK
6
CONTINUOUS
10
85.957499999999996
20
-113.7249999999999943
11
85.9441789999999912
21
-113.7919699999999921
0
LINE
8
BLACK
6
CONTINUOUS
10
85.9441789999999912
20
-113.7919699999999921
11
85.9062440000000009
21
-113.8487439999999964
0
LINE
8
BLACK
6
CONTINUOUS
10
85.9062440000000009
20
-113.8487439999999964
11
85.8494699999999966
21
-113.8866790000000009
0
LINE
8
BLACK
6
CONTINUOUS
10
85.8494699999999966
20
-113.8866790000000009
11
85.7824999999999989
21
-113.8999999999999915
0
LINE
8
BLACK
6
CONTINUOUS
10
85.7824999999999989
20
-113.8999999999999915
11
85.1174999999999926
21
-113.8999999999999915
0
LINE
8
BLACK
6
CONTINUOUS
10
85.1174999999999926
20
-113.8999999999999915
11
85.0505299999999949
21
-113.8866790000000009
0
LINE
8
BLACK
6
CONTINUOUS
10
85.0505299999999949
20
-113.8866790000000009
11
84.9937559999999905
21
-113.8487439999999964
0
LINE
8
BLACK
6
CONTINUOUS
10
84.9937559999999905
20
-113.8487439999999964
11
84.9558210000000003
21
-113.7919699999999921
0
LINE
8
BLACK
6
CONTINUOUS
10
84.9558210000000003
20
-113.7919699999999921
11
84.9424999999999955
21
-113.7249999999999943
0
LINE
8
BLACK
6
CONTINUOUS
10
84.9424999999999955
20
-113.7249999999999943
11
84.9424999999999955
21
-113.375
0
LINE
8
BLACK
6
CONTINUOUS
10
84.9424999999999955
20
-113.375
11
84.9558210000000003
21
-113.308029999999988
0
LINE
8
BLACK
6
CONTINUOUS
10
84.9558210000000003
20
-113.308029999999988
11
84.9937559999999905
21
-113.2512559999999979
0
LINE
8
BLACK
6
CONTINUOUS
10
84.9937559999999905
20
-113.2512559999999979
11
85.0505299999999949
21
-113.2133209999999934
0
LINE
8
BLACK
6
CONTINUOUS
10
85.0505299999999949
20
-113.2133209999999934
11
85.1174999999999926
21
-113.1999999999999886
0
LINE
8
BLACK
6
CONTINUOUS
10
85.1174999999999926
20
-113.1999999999999886
11
85.7824999999999989
21
-113.1999999999999886
0
LINE
8
BLACK
6
CONTINUOUS
10
85.7824999999999989
20
-113.1999999999999886
11
85.8494699999999966
21
-113.2133209999999934
0
LINE
8
BLACK
6
CONTINUOUS
10
87.8494699999999966
20
-113.2133209999999934
11
87.9062440000000009
21
-113.2512559999999979
0
LINE
8
BLACK
6
CONTINUOUS
10
87.9062440000000009
20
-113.2512559999999979
11
87.9441789999999912
21
-113.308029999999988
0
LINE
8
BLACK
6
CONTINUOUS
10
87.9441789999999912
20
-113.308029999999988
11
87.957499999999996
21
-113.375
0
LINE
8
BLACK
6
CONTINUOUS
10
87.957499999999996
20
-113.375
11
87.957499999999996
21
-113.7249999999999943
0
LINE
8
BLACK
6
CONTINUOUS
10
87.957499999999996
20
-113.7249999999999943
11
87.9441789999999912
21
-113.7919699999999921
0
LINE
8
BLACK
6
CONTINUOUS
10
87.9441789999999912
20
-113.7919699999999921
11
87.9062440000000009
21
-113.8487439999999964
0
LINE
8
BLACK
6
CONTINUOUS
10
87.9062440000000009
20
-113.8487439999999964
11
87.8494699999999966
21
-113.8866790000000009
0
LINE
8
BLACK
6
CONTINUOUS
10
87.8494699999999966
20
-113.8866790000000009
11
87.7824999999999989
21
-113.8999999999999915
0
LINE
8
BLACK
6
CONTINUOUS
10
87.7824999999999989
20
-113.8999999999999915
11
87.1174999999999926
21
-113.8999999999999915
0
LINE
8
BLACK
6
CONTINUOUS
10
87.1174999999999926
20
-113.8999999999999915
11
87.0505299999999949
21
-113.8866790000000009
0
LINE
8
BLACK
6
CONTINUOUS
10
87.0505299999999949
20
-113.8866790000000009
11
86.9937559999999905
21
-113.8487439999999964
0
LINE
8
BLACK
6
CONTINUOUS
10
86.9937559999999905
20
-113.8487439999999964
11
86.9558210000000003
21
-113.7919699999999921
0
LINE
8
BLACK
6
CONTINUOUS
10
86.9558210000000003
20
-113.7919699999999921
11
86.9424999999999955
21
-113.7249999999999943
0
LINE
8
BLACK
6
CONTINUOUS
10
86.9424999999999955
20
-113.7249999999999943
11
86.9424999999999955
21
-113.375
0
LINE
8
BLACK
6
CONTINUOUS
10
86.9424999999999955
20
-113.375
11
86.9558210000000003
21
-113.308029999999988
0
LINE
8
BLACK
6
CONTINUOUS
10
86.9558210000000003
20
-113.308029999999988
11
86.9937559999999905
21
-113.2512559999999979
0
LINE
8
BLACK
6
CONTINUOUS
10
86.9937559999999905
20
-113.2512559999999979
11
87.0505299999999949
21
-113.2133209999999934
0
LINE
8
BLACK
6
CONTINUOUS
10
87.0505299999999949
20
-113.2133209999999934
11
87.1174999999999926
21
-113.1999999999999886
0
LINE
8
BLACK
6
CONTINUOUS
10
87.1174999999999926
20
-113.1999999999999886
11
87.7824999999999989
21
-113.1999999999999886
0
LINE
8
BLACK
6
CONTINUOUS
10
87.7824999999999989
20
-113.1999999999999886
11
87.8494699999999966
21
-113.2133209999999934
0
LINE
8
BLACK
6
CONTINUOUS
10
54.3964700000000008
20
-111.9068199999999962
11
54.453243999999998
21
-111.9447550000000007
0
LINE
8
BLACK
6
CONTINUOUS
10
54.453243999999998
20
-111.9447550000000007
11
54.4911789999999954
21
-112.0015289999999908
0
LINE
8
BLACK
6
CONTINUOUS
10
54.4911789999999954
20
-112.0015289999999908
11
54.5045000000000002
21
-112.0684989999999885
0
LINE
8
BLACK
6
CONTINUOUS
10
54.5045000000000002
20
-112.0684989999999885
11
54.5045000000000002
21
-113.5314989999999966
0
LINE
8
BLACK
6
CONTINUOUS
10
54.5045000000000002
20
-113.5314989999999966
11
54.4911789999999954
21
-113.5984689999999944
0
LINE
8
BLACK
6
CONTINUOUS
10
54.4911789999999954
20
-113.5984689999999944
11
54.453243999999998
21
-113.6552429999999987
0
LINE
8
BLACK
6
CONTINUOUS
10
54.453243999999998
20
-113.6552429999999987
11
54.3964700000000008
21
-113.693177999999989
0
LINE
8
BLACK
6
CONTINUOUS
10
54.3964700000000008
20
-113.693177999999989
11
54.3294999999999959
21
-113.7064989999999938
0
LINE
8
BLACK
6
CONTINUOUS
10
54.3294999999999959
20
-113.7064989999999938
11
53.2304999999999993
21
-113.7064989999999938
0
LINE
8
BLACK
6
CONTINUOUS
10
53.2304999999999993
20
-113.7064989999999938
11
53.1635299999999944
21
-113.693177999999989
0
LINE
8
BLACK
6
CONTINUOUS
10
53.1635299999999944
20
-113.693177999999989
11
53.1067559999999972
21
-113.6552429999999987
0
LINE
8
BLACK
6
CONTINUOUS
10
53.1067559999999972
20
-113.6552429999999987
11
53.0688209999999998
21
-113.5984689999999944
0
LINE
8
BLACK
6
CONTINUOUS
10
53.0688209999999998
20
-113.5984689999999944
11
53.055499999999995
21
-113.5314989999999966
0
LINE
8
BLACK
6
CONTINUOUS
10
53.055499999999995
20
-113.5314989999999966
11
53.055499999999995
21
-112.0684989999999885
0
LINE
8
BLACK
6
CONTINUOUS
10
53.055499999999995
20
-112.0684989999999885
11
53.0688209999999998
21
-112.0015289999999908
0
LINE
8
BLACK
6
CONTINUOUS
10
53.0688209999999998
20
-112.0015289999999908
11
53.1067559999999972
21
-111.9447550000000007
0
LINE
8
BLACK
6
CONTINUOUS
10
53.1067559999999972
20
-111.9447550000000007
11
53.1635299999999944
21
-111.9068199999999962
0
LINE
8
BLACK
6
CONTINUOUS
10
53.1635299999999944
20
-111.9068199999999962
11
53.2304999999999993
21
-111.8934989999999914
0
LINE
8
BLACK
6
CONTINUOUS
10
53.2304999999999993
20
-111.8934989999999914
11
54.3294999999999959
21
-111.8934989999999914
0
LINE
8
BLACK
6
CONTINUOUS
10
54.3294999999999959
20
-111.8934989999999914
11
54.3964700000000008
21
-111.9068199999999962
0
LINE
8
BLACK
6
CONTINUOUS
10
60.6364699999999957
20
-111.9068199999999962
11
60.693244
21
-111.9447550000000007
0
LINE
8
BLACK
6
CONTINUOUS
10
60.693244
20
-111.9447550000000007
11
60.7311789999999974
21
-112.0015289999999908
0
LINE
8
BLACK
6
CONTINUOUS
10
60.7311789999999974
20
-112.0015289999999908
11
60.7444999999999951
21
-112.0684989999999885
0
LINE
8
BLACK
6
CONTINUOUS
10
60.7444999999999951
20
-112.0684989999999885
11
60.7444999999999951
21
-113.5314989999999966
0
LINE
8
BLACK
6
CONTINUOUS
10
60.7444999999999951
20
-113.5314989999999966
11
60.7311789999999974
21
-113.5984689999999944
0
LINE
8
BLACK
6
CONTINUOUS
10
60.7311789999999974
20
-113.5984689999999944
11
60.693244
21
-113.6552429999999987
0
LINE
8
BLACK
6
CONTINUOUS
10
60.693244
20
-113.6552429999999987
11
60.6364699999999957
21
-113.693177999999989
0
LINE
8
BLACK
6
CONTINUOUS
10
60.6364699999999957
20
-113.693177999999989
11
60.5694999999999979
21
-113.7064989999999938
0
LINE
8
BLACK
6
CONTINUOUS
10
60.5694999999999979
20
-113.7064989999999938
11
59.4704999999999941
21
-113.7064989999999938
0
LINE
8
BLACK
6
CONTINUOUS
10
59.4704999999999941
20
-113.7064989999999938
11
59.4035299999999964
21
-113.693177999999989
0
LINE
8
BLACK
6
CONTINUOUS
10
59.4035299999999964
20
-113.693177999999989
11
59.3467559999999992
21
-113.6552429999999987
0
LINE
8
BLACK
6
CONTINUOUS
10
59.3467559999999992
20
-113.6552429999999987
11
59.3088209999999947
21
-113.5984689999999944
0
LINE
8
BLACK
6
CONTINUOUS
10
59.3088209999999947
20
-113.5984689999999944
11
59.295499999999997
21
-113.5314989999999966
0
LINE
8
BLACK
6
CONTINUOUS
10
59.295499999999997
20
-113.5314989999999966
11
59.295499999999997
21
-112.0684989999999885
0
LINE
8
BLACK
6
CONTINUOUS
10
59.295499999999997
20
-112.0684989999999885
11
59.3088209999999947
21
-112.0015289999999908
0
LINE
8
BLACK
6
CONTINUOUS
10
59.3088209999999947
20
-112.0015289999999908
11
59.3467559999999992
21
-111.9447550000000007
0
LINE
8
BLACK
6
CONTINUOUS
10
59.3467559999999992
20
-111.9447550000000007
11
59.4035299999999964
21
-111.9068199999999962
0
LINE
8
BLACK
6
CONTINUOUS
10
59.4035299999999964
20
-111.9068199999999962
11
59.4704999999999941
21
-111.8934989999999914
0
LINE
8
BLACK
6
CONTINUOUS
10
59.4704999999999941
20
-111.8934989999999914
11
60.5694999999999979
21
-111.8934989999999914
0
LINE
8
BLACK
6
CONTINUOUS
10
60.5694999999999979
20
-111.8934989999999914
11
60.6364699999999957
21
-111.9068199999999962
0
LINE
8
BLACK
6
CONTINUOUS
10
74.7939319999999981
20
-113.222099
11
74.8279959999999988
21
-113.2448599999999885
0
LINE
8
BLACK
6
CONTINUOUS
10
74.8279959999999988
20
-113.2448599999999885
11
74.8507570000000015
21
-113.2789239999999893
0
LINE
8
BLACK
6
CONTINUOUS
10
74.8507570000000015
20
-113.2789239999999893
11
74.8587500000000006
21
-113.3191059999999908
0
LINE
8
BLACK
6
CONTINUOUS
10
74.8587500000000006
20
-113.3191059999999908
11
74.8587500000000006
21
-113.5291059999999987
0
LINE
8
BLACK
6
CONTINUOUS
10
74.8587500000000006
20
-113.5291059999999987
11
74.8507570000000015
21
-113.5692880000000002
0
LINE
8
BLACK
6
CONTINUOUS
10
74.8507570000000015
20
-113.5692880000000002
11
74.8279959999999988
21
-113.603352000000001
0
LINE
8
BLACK
6
CONTINUOUS
10
74.8279959999999988
20
-113.603352000000001
11
74.7939319999999981
21
-113.6261129999999895
0
LINE
8
BLACK
6
CONTINUOUS
10
74.7939319999999981
20
-113.6261129999999895
11
74.7537499999999966
21
-113.6341059999999885
0
LINE
8
BLACK
6
CONTINUOUS
10
74.7537499999999966
20
-113.6341059999999885
11
73.7212499999999977
21
-113.6341059999999885
0
LINE
8
BLACK
6
CONTINUOUS
10
73.7212499999999977
20
-113.6341059999999885
11
73.6810679999999962
21
-113.6261129999999895
0
LINE
8
BLACK
6
CONTINUOUS
10
73.6810679999999962
20
-113.6261129999999895
11
73.6470039999999955
21
-113.603352000000001
0
LINE
8
BLACK
6
CONTINUOUS
10
73.6470039999999955
20
-113.603352000000001
11
73.6242429999999928
21
-113.5692880000000002
0
LINE
8
BLACK
6
CONTINUOUS
10
73.6242429999999928
20
-113.5692880000000002
11
73.6162499999999937
21
-113.5291059999999987
0
LINE
8
BLACK
6
CONTINUOUS
10
73.6162499999999937
20
-113.5291059999999987
11
73.6162499999999937
21
-113.3191059999999908
0
LINE
8
BLACK
6
CONTINUOUS
10
73.6162499999999937
20
-113.3191059999999908
11
73.6242429999999928
21
-113.2789239999999893
0
LINE
8
BLACK
6
CONTINUOUS
10
73.6242429999999928
20
-113.2789239999999893
11
73.6470039999999955
21
-113.2448599999999885
0
LINE
8
BLACK
6
CONTINUOUS
10
73.6470039999999955
20
-113.2448599999999885
11
73.6810679999999962
21
-113.222099
0
LINE
8
BLACK
6
CONTINUOUS
10
73.6810679999999962
20
-113.222099
11
73.7212499999999977
21
-113.214106000000001
0
LINE
8
BLACK
6
CONTINUOUS
10
73.7212499999999977
20
-113.214106000000001
11
74.7537499999999966
21
-113.214106000000001
0
LINE
8
BLACK
6
CONTINUOUS
10
74.7537499999999966
20
-113.214106000000001
11
74.7939319999999981
21
-113.222099
0
LINE
8
BLACK
6
CONTINUOUS
10
79.9189319999999981
20
-113.222099
11
79.9529959999999988
21
-113.2448599999999885
0
LINE
8
BLACK
6
CONTINUOUS
10
79.9529959999999988
20
-113.2448599999999885
11
79.9757570000000015
21
-113.2789239999999893
0
LINE
8
BLACK
6
CONTINUOUS
10
79.9757570000000015
20
-113.2789239999999893
11
79.9837500000000006
21
-113.3191059999999908
0
LINE
8
BLACK
6
CONTINUOUS
10
79.9837500000000006
20
-113.3191059999999908
11
79.9837500000000006
21
-113.5291059999999987
0
LINE
8
BLACK
6
CONTINUOUS
10
79.9837500000000006
20
-113.5291059999999987
11
79.9757570000000015
21
-113.5692880000000002
0
LINE
8
BLACK
6
CONTINUOUS
10
79.9757570000000015
20
-113.5692880000000002
11
79.9529959999999988
21
-113.603352000000001
0
LINE
8
BLACK
6
CONTINUOUS
10
79.9529959999999988
20
-113.603352000000001
11
79.9189319999999981
21
-113.6261129999999895
0
LINE
8
BLACK
6
CONTINUOUS
10
79.9189319999999981
20
-113.6261129999999895
11
79.8787499999999966
21
-113.6341059999999885
0
LINE
8
BLACK
6
CONTINUOUS
10
79.8787499999999966
20
-113.6341059999999885
11
78.8462499999999977
21
-113.6341059999999885
0
LINE
8
BLACK
6
CONTINUOUS
10
78.8462499999999977
20
-113.6341059999999885
11
78.8060679999999962
21
-113.6261129999999895
0
LINE
8
BLACK
6
CONTINUOUS
10
78.8060679999999962
20
-113.6261129999999895
11
78.7720039999999955
21
-113.603352000000001
0
LINE
8
BLACK
6
CONTINUOUS
10
78.7720039999999955
20
-113.603352000000001
11
78.7492429999999928
21
-113.5692880000000002
0
LINE
8
BLACK
6
CONTINUOUS
10
78.7492429999999928
20
-113.5692880000000002
11
78.7412499999999937
21
-113.5291059999999987
0
LINE
8
BLACK
6
CONTINUOUS
10
78.7412499999999937
20
-113.5291059999999987
11
78.7412499999999937
21
-113.3191059999999908
0
LINE
8
BLACK
6
CONTINUOUS
10
78.7412499999999937
20
-113.3191059999999908
11
78.7492429999999928
21
-113.2789239999999893
0
LINE
8
BLACK
6
CONTINUOUS
10
78.7492429999999928
20
-113.2789239999999893
11
78.7720039999999955
21
-113.2448599999999885
0
LINE
8
BLACK
6
CONTINUOUS
10
78.7720039999999955
20
-113.2448599999999885
11
78.8060679999999962
21
-113.222099
0
LINE
8
BLACK
6
CONTINUOUS
10
78.8060679999999962
20
-113.222099
11
78.8462499999999977
21
-113.214106000000001
0
LINE
8
BLACK
6
CONTINUOUS
10
78.8462499999999977
20
-113.214106000000001
11
79.8787499999999966
21
-113.214106000000001
0
LINE
8
BLACK
6
CONTINUOUS
10
79.8787499999999966
20
-113.214106000000001
11
79.9189319999999981
21
-113.222099
0
LINE
8
BLACK
6
CONTINUOUS
10
62.68947
20
-112.5133199999999931
11
62.7462439999999972
21
-112.5512549999999976
0
LINE
8
BLACK
6
CONTINUOUS
10
62.7462439999999972
20
-112.5512549999999976
11
62.7841789999999946
21
-112.6080290000000019
0
LINE
8
BLACK
6
CONTINUOUS
10
62.7841789999999946
20
-112.6080290000000019
11
62.7974999999999994
21
-112.6749989999999997
0
LINE
8
BLACK
6
CONTINUOUS
10
62.7974999999999994
20
-112.6749989999999997
11
62.7974999999999994
21
-113.024998999999994
0
LINE
8
BLACK
6
CONTINUOUS
10
62.7974999999999994
20
-113.024998999999994
11
62.7841789999999946
21
-113.0919689999999918
0
LINE
8
BLACK
6
CONTINUOUS
10
62.7841789999999946
20
-113.0919689999999918
11
62.7462439999999972
21
-113.1487429999999961
0
LINE
8
BLACK
6
CONTINUOUS
10
62.7462439999999972
20
-113.1487429999999961
11
62.68947
21
-113.1866780000000006
0
LINE
8
BLACK
6
CONTINUOUS
10
62.68947
20
-113.1866780000000006
11
62.6224999999999952
21
-113.1999989999999912
0
LINE
8
BLACK
6
CONTINUOUS
10
62.6224999999999952
20
-113.1999989999999912
11
61.957499999999996
21
-113.1999989999999912
0
LINE
8
BLACK
6
CONTINUOUS
10
61.957499999999996
20
-113.1999989999999912
11
61.8905299999999983
21
-113.1866780000000006
0
LINE
8
BLACK
6
CONTINUOUS
10
61.8905299999999983
20
-113.1866780000000006
11
61.8337559999999939
21
-113.1487429999999961
0
LINE
8
BLACK
6
CONTINUOUS
10
61.8337559999999939
20
-113.1487429999999961
11
61.7958209999999966
21
-113.0919689999999918
0
LINE
8
BLACK
6
CONTINUOUS
10
61.7958209999999966
20
-113.0919689999999918
11
61.7824999999999989
21
-113.024998999999994
0
LINE
8
BLACK
6
CONTINUOUS
10
61.7824999999999989
20
-113.024998999999994
11
61.7824999999999989
21
-112.6749989999999997
0
LINE
8
BLACK
6
CONTINUOUS
10
61.7824999999999989
20
-112.6749989999999997
11
61.7958209999999966
21
-112.6080290000000019
0
LINE
8
BLACK
6
CONTINUOUS
10
61.7958209999999966
20
-112.6080290000000019
11
61.8337559999999939
21
-112.5512549999999976
0
LINE
8
BLACK
6
CONTINUOUS
10
61.8337559999999939
20
-112.5512549999999976
11
61.8905299999999983
21
-112.5133199999999931
0
LINE
8
BLACK
6
CONTINUOUS
10
61.8905299999999983
20
-112.5133199999999931
11
61.957499999999996
21
-112.4999989999999883
0
LINE
8
BLACK
6
CONTINUOUS
10
61.957499999999996
20
-112.4999989999999883
11
62.6224999999999952
21
-112.4999989999999883
0
LINE
8
BLACK
6
CONTINUOUS
10
62.6224999999999952
20
-112.4999989999999883
11
62.68947
21
-112.5133199999999931
0
LINE
8
BLACK
6
CONTINUOUS
10
64.68947
20
-112.5133199999999931
11
64.7462439999999901
21
-112.5512549999999976
0
LINE
8
BLACK
6
CONTINUOUS
10
64.7462439999999901
20
-112.5512549999999976
11
64.7841789999999946
21
-112.6080290000000019
0
LINE
8
BLACK
6
CONTINUOUS
10
64.7841789999999946
20
-112.6080290000000019
11
64.7974999999999994
21
-112.6749989999999997
0
LINE
8
BLACK
6
CONTINUOUS
10
64.7974999999999994
20
-112.6749989999999997
11
64.7974999999999994
21
-113.024998999999994
0
LINE
8
BLACK
6
CONTINUOUS
10
64.7974999999999994
20
-113.024998999999994
11
64.7841789999999946
21
-113.0919689999999918
0
LINE
8
BLACK
6
CONTINUOUS
10
64.7841789999999946
20
-113.0919689999999918
11
64.7462439999999901
21
-113.1487429999999961
0
LINE
8
BLACK
6
CONTINUOUS
10
64.7462439999999901
20
-113.1487429999999961
11
64.68947
21
-113.1866780000000006
0
LINE
8
BLACK
6
CONTINUOUS
10
64.68947
20
-113.1866780000000006
11
64.6225000000000023
21
-113.1999989999999912
0
LINE
8
BLACK
6
CONTINUOUS
10
64.6225000000000023
20
-113.1999989999999912
11
63.957499999999996
21
-113.1999989999999912
0
LINE
8
BLACK
6
CONTINUOUS
10
63.957499999999996
20
-113.1999989999999912
11
63.8905299999999983
21
-113.1866780000000006
0
LINE
8
BLACK
6
CONTINUOUS
10
63.8905299999999983
20
-113.1866780000000006
11
63.8337559999999939
21
-113.1487429999999961
0
LINE
8
BLACK
6
CONTINUOUS
10
63.8337559999999939
20
-113.1487429999999961
11
63.7958209999999966
21
-113.0919689999999918
0
LINE
8
BLACK
6
CONTINUOUS
10
63.7958209999999966
20
-113.0919689999999918
11
63.7824999999999989
21
-113.024998999999994
0
LINE
8
BLACK
6
CONTINUOUS
10
63.7824999999999989
20
-113.024998999999994
11
63.7824999999999989
21
-112.6749989999999997
0
LINE
8
BLACK
6
CONTINUOUS
10
63.7824999999999989
20
-112.6749989999999997
11
63.7958209999999966
21
-112.6080290000000019
0
LINE
8
BLACK
6
CONTINUOUS
10
63.7958209999999966
20
-112.6080290000000019
11
63.8337559999999939
21
-112.5512549999999976
0
LINE
8
BLACK
6
CONTINUOUS
10
63.8337559999999939
20
-112.5512549999999976
11
63.8905299999999983
21
-112.5133199999999931
0
LINE
8
BLACK
6
CONTINUOUS
10
63.8905299999999983
20
-112.5133199999999931
11
63.957499999999996
21
-112.4999989999999883
0
LINE
8
BLACK
6
CONTINUOUS
10
63.957499999999996
20
-112.4999989999999883
11
64.6225000000000023
21
-112.4999989999999883
0
LINE
8
BLACK
6
CONTINUOUS
10
64.6225000000000023
20
-112.4999989999999883
11
64.68947
21
-112.5133199999999931
0
LINE
8
BLACK
6
CONTINUOUS
10
76.5306709999999981
20
-111.678135999999995
11
76.6117770000000036
21
-111.7323289999999929
0
LINE
8
BLACK
6
CONTINUOUS
10
76.6117770000000036
20
-111.7323289999999929
11
76.6659700000000015
21
-111.8134349999999984
0
LINE
8
BLACK
6
CONTINUOUS
10
76.6659700000000015
20
-111.8134349999999984
11
76.6850000000000023
21
-111.9091059999999942
0
LINE
8
BLACK
6
CONTINUOUS
10
76.6850000000000023
20
-111.9091059999999942
11
76.6850000000000023
21
-112.8291059999999959
0
LINE
8
BLACK
6
CONTINUOUS
10
76.6850000000000023
20
-112.8291059999999959
11
76.6659700000000015
21
-112.9247769999999917
0
LINE
8
BLACK
6
CONTINUOUS
10
76.6659700000000015
20
-112.9247769999999917
11
76.6117770000000036
21
-113.0058829999999972
0
LINE
8
BLACK
6
CONTINUOUS
10
76.6117770000000036
20
-113.0058829999999972
11
76.5306709999999981
21
-113.0600759999999951
0
LINE
8
BLACK
6
CONTINUOUS
10
76.5306709999999981
20
-113.0600759999999951
11
76.4350000000000023
21
-113.0791059999999959
0
LINE
8
BLACK
6
CONTINUOUS
10
76.4350000000000023
20
-113.0791059999999959
11
75.8049999999999926
21
-113.0791059999999959
0
LINE
8
BLACK
6
CONTINUOUS
10
75.8049999999999926
20
-113.0791059999999959
11
75.7093289999999968
21
-113.0600759999999951
0
LINE
8
BLACK
6
CONTINUOUS
10
75.7093289999999968
20
-113.0600759999999951
11
75.6282229999999913
21
-113.0058829999999972
0
LINE
8
BLACK
6
CONTINUOUS
10
75.6282229999999913
20
-113.0058829999999972
11
75.5740299999999934
21
-112.9247769999999917
0
LINE
8
BLACK
6
CONTINUOUS
10
75.5740299999999934
20
-112.9247769999999917
11
75.5549999999999926
21
-112.8291059999999959
0
LINE
8
BLACK
6
CONTINUOUS
10
75.5549999999999926
20
-112.8291059999999959
11
75.5549999999999926
21
-111.9091059999999942
0
LINE
8
BLACK
6
CONTINUOUS
10
75.5549999999999926
20
-111.9091059999999942
11
75.5740299999999934
21
-111.8134349999999984
0
LINE
8
BLACK
6
CONTINUOUS
10
75.5740299999999934
20
-111.8134349999999984
11
75.6282229999999913
21
-111.7323289999999929
0
LINE
8
BLACK
6
CONTINUOUS
10
75.6282229999999913
20
-111.7323289999999929
11
75.7093289999999968
21
-111.678135999999995
0
LINE
8
BLACK
6
CONTINUOUS
10
75.7093289999999968
20
-111.678135999999995
11
75.8049999999999926
21
-111.6591059999999942
0
LINE
8
BLACK
6
CONTINUOUS
10
75.8049999999999926
20
-111.6591059999999942
11
76.4350000000000023
21
-111.6591059999999942
0
LINE
8
BLACK
6
CONTINUOUS
10
76.4350000000000023
20
-111.6591059999999942
11
76.5306709999999981
21
-111.678135999999995
0
LINE
8
BLACK
6
CONTINUOUS
10
77.8906709999999975
20
-111.678135999999995
11
77.971777000000003
21
-111.7323289999999929
0
LINE
8
BLACK
6
CONTINUOUS
10
77.971777000000003
20
-111.7323289999999929
11
78.0259700000000009
21
-111.8134349999999984
0
LINE
8
BLACK
6
CONTINUOUS
10
78.0259700000000009
20
-111.8134349999999984
11
78.0450000000000017
21
-111.9091059999999942
0
LINE
8
BLACK
6
CONTINUOUS
10
78.0450000000000017
20
-111.9091059999999942
11
78.0450000000000017
21
-112.8291059999999959
0
LINE
8
BLACK
6
CONTINUOUS
10
78.0450000000000017
20
-112.8291059999999959
11
78.0259700000000009
21
-112.9247769999999917
0
LINE
8
BLACK
6
CONTINUOUS
10
78.0259700000000009
20
-112.9247769999999917
11
77.971777000000003
21
-113.0058829999999972
0
LINE
8
BLACK
6
CONTINUOUS
10
77.971777000000003
20
-113.0058829999999972
11
77.8906709999999975
21
-113.0600759999999951
0
LINE
8
BLACK
6
CONTINUOUS
10
77.8906709999999975
20
-113.0600759999999951
11
77.7950000000000017
21
-113.0791059999999959
0
LINE
8
BLACK
6
CONTINUOUS
10
77.7950000000000017
20
-113.0791059999999959
11
77.164999999999992
21
-113.0791059999999959
0
LINE
8
BLACK
6
CONTINUOUS
10
77.164999999999992
20
-113.0791059999999959
11
77.0693289999999962
21
-113.0600759999999951
0
LINE
8
BLACK
6
CONTINUOUS
10
77.0693289999999962
20
-113.0600759999999951
11
76.9882229999999907
21
-113.0058829999999972
0
LINE
8
BLACK
6
CONTINUOUS
10
76.9882229999999907
20
-113.0058829999999972
11
76.9340299999999928
21
-112.9247769999999917
0
LINE
8
BLACK
6
CONTINUOUS
10
76.9340299999999928
20
-112.9247769999999917
11
76.914999999999992
21
-112.8291059999999959
0
LINE
8
BLACK
6
CONTINUOUS
10
76.914999999999992
20
-112.8291059999999959
11
76.914999999999992
21
-111.9091059999999942
0
LINE
8
BLACK
6
CONTINUOUS
10
76.914999999999992
20
-111.9091059999999942
11
76.9340299999999928
21
-111.8134349999999984
0
LINE
8
BLACK
6
CONTINUOUS
10
76.9340299999999928
20
-111.8134349999999984
11
76.9882229999999907
21
-111.7323289999999929
0
LINE
8
BLACK
6
CONTINUOUS
10
76.9882229999999907
20
-111.7323289999999929
11
77.0693289999999962
21
-111.678135999999995
0
LINE
8
BLACK
6
CONTINUOUS
10
77.0693289999999962
20
-111.678135999999995
11
77.164999999999992
21
-111.6591059999999942
0
LINE
8
BLACK
6
CONTINUOUS
10
77.164999999999992
20
-111.6591059999999942
11
77.7950000000000017
21
-111.6591059999999942
0
LINE
8
BLACK
6
CONTINUOUS
10
77.7950000000000017
20
-111.6591059999999942
11
77.8906709999999975
21
-111.678135999999995
0
LINE
8
BLACK
6
CONTINUOUS
10
74.7939319999999981
20
-111.9520989999999898
11
74.8279959999999988
21
-111.9748599999999925
0
LINE
8
BLACK
6
CONTINUOUS
10
74.8279959999999988
20
-111.9748599999999925
11
74.8507570000000015
21
-112.0089239999999933
0
LINE
8
BLACK
6
CONTINUOUS
10
74.8507570000000015
20
-112.0089239999999933
11
74.8587500000000006
21
-112.0491059999999948
0
LINE
8
BLACK
6
CONTINUOUS
10
74.8587500000000006
20
-112.0491059999999948
11
74.8587500000000006
21
-112.2591059999999885
0
LINE
8
BLACK
6
CONTINUOUS
10
74.8587500000000006
20
-112.2591059999999885
11
74.8507570000000015
21
-112.29928799999999
0
LINE
8
BLACK
6
CONTINUOUS
10
74.8507570000000015
20
-112.29928799999999
11
74.8279959999999988
21
-112.3333519999999908
0
LINE
8
BLACK
6
CONTINUOUS
10
74.8279959999999988
20
-112.3333519999999908
11
74.7939319999999981
21
-112.3561129999999935
0
LINE
8
BLACK
6
CONTINUOUS
10
74.7939319999999981
20
-112.3561129999999935
11
74.7537499999999966
21
-112.3641059999999925
0
LINE
8
BLACK
6
CONTINUOUS
10
74.7537499999999966
20
-112.3641059999999925
11
73.7212499999999977
21
-112.3641059999999925
0
LINE
8
BLACK
6
CONTINUOUS
10
73.7212499999999977
20
-112.3641059999999925
11
73.6810679999999962
21
-112.3561129999999935
0
LINE
8
BLACK
6
CONTINUOUS
10
73.6810679999999962
20
-112.3561129999999935
11
73.6470039999999955
21
-112.3333519999999908
0
LINE
8
BLACK
6
CONTINUOUS
10
73.6470039999999955
20
-112.3333519999999908
11
73.6242429999999928
21
-112.29928799999999
0
LINE
8
BLACK
6
CONTINUOUS
10
73.6242429999999928
20
-112.29928799999999
11
73.6162499999999937
21
-112.2591059999999885
0
LINE
8
BLACK
6
CONTINUOUS
10
73.6162499999999937
20
-112.2591059999999885
11
73.6162499999999937
21
-112.0491059999999948
0
LINE
8
BLACK
6
CONTINUOUS
10
73.6162499999999937
20
-112.0491059999999948
11
73.6242429999999928
21
-112.0089239999999933
0
LINE
8
BLACK
6
CONTINUOUS
10
73.6242429999999928
20
-112.0089239999999933
11
73.6470039999999955
21
-111.9748599999999925
0
LINE
8
BLACK
6
CONTINUOUS
10
73.6470039999999955
20
-111.9748599999999925
11
73.6810679999999962
21
-111.9520989999999898
0
LINE
8
BLACK
6
CONTINUOUS
10
73.6810679999999962
20
-111.9520989999999898
11
73.7212499999999977
21
-111.9441059999999908
0
LINE
8
BLACK
6
CONTINUOUS
10
73.7212499999999977
20
-111.9441059999999908
11
74.7537499999999966
21
-111.9441059999999908
0
LINE
8
BLACK
6
CONTINUOUS
10
74.7537499999999966
20
-111.9441059999999908
11
74.7939319999999981
21
-111.9520989999999898
0
LINE
8
BLACK
6
CONTINUOUS
10
79.9189319999999981
20
-111.9520989999999898
11
79.9529959999999988
21
-111.9748599999999925
0
LINE
8
BLACK
6
CONTINUOUS
10
79.9529959999999988
20
-111.9748599999999925
11
79.9757570000000015
21
-112.0089239999999933
0
LINE
8
BLACK
6
CONTINUOUS
10
79.9757570000000015
20
-112.0089239999999933
11
79.9837500000000006
21
-112.0491059999999948
0
LINE
8
BLACK
6
CONTINUOUS
10
79.9837500000000006
20
-112.0491059999999948
11
79.9837500000000006
21
-112.2591059999999885
0
LINE
8
BLACK
6
CONTINUOUS
10
79.9837500000000006
20
-112.2591059999999885
11
79.9757570000000015
21
-112.29928799999999
0
LINE
8
BLACK
6
CONTINUOUS
10
79.9757570000000015
20
-112.29928799999999
11
79.9529959999999988
21
-112.3333519999999908
0
LINE
8
BLACK
6
CONTINUOUS
10
79.9529959999999988
20
-112.3333519999999908
11
79.9189319999999981
21
-112.3561129999999935
0
LINE
8
BLACK
6
CONTINUOUS
10
79.9189319999999981
20
-112.3561129999999935
11
79.8787499999999966
21
-112.3641059999999925
0
LINE
8
BLACK
6
CONTINUOUS
10
79.8787499999999966
20
-112.3641059999999925
11
78.8462499999999977
21
-112.3641059999999925
0
LINE
8
BLACK
6
CONTINUOUS
10
78.8462499999999977
20
-112.3641059999999925
11
78.8060679999999962
21
-112.3561129999999935
0
LINE
8
BLACK
6
CONTINUOUS
10
78.8060679999999962
20
-112.3561129999999935
11
78.7720039999999955
21
-112.3333519999999908
0
LINE
8
BLACK
6
CONTINUOUS
10
78.7720039999999955
20
-112.3333519999999908
11
78.7492429999999928
21
-112.29928799999999
0
LINE
8
BLACK
6
CONTINUOUS
10
78.7492429999999928
20
-112.29928799999999
11
78.7412499999999937
21
-112.2591059999999885
0
LINE
8
BLACK
6
CONTINUOUS
10
78.7412499999999937
20
-112.2591059999999885
11
78.7412499999999937
21
-112.0491059999999948
0
LINE
8
BLACK
6
CONTINUOUS
10
78.7412499999999937
20
-112.0491059999999948
11
78.7492429999999928
21
-112.0089239999999933
0
LINE
8
BLACK
6
CONTINUOUS
10
78.7492429999999928
20
-112.0089239999999933
11
78.7720039999999955
21
-111.9748599999999925
0
LINE
8
BLACK
6
CONTINUOUS
10
78.7720039999999955
20
-111.9748599999999925
11
78.8060679999999962
21
-111.9520989999999898
0
LINE
8
BLACK
6
CONTINUOUS
10
78.8060679999999962
20
-111.9520989999999898
11
78.8462499999999977
21
-111.9441059999999908
0
LINE
8
BLACK
6
CONTINUOUS
10
78.8462499999999977
20
-111.9441059999999908
11
79.8787499999999966
21
-111.9441059999999908
0
LINE
8
BLACK
6
CONTINUOUS
10
79.8787499999999966
20
-111.9441059999999908
11
79.9189319999999981
21
-111.9520989999999898
0
LINE
8
BLACK
6
CONTINUOUS
10
62.699469999999998
20
-110.963319999999996
11
62.7562439999999953
21
-111.0012550000000005
0
LINE
8
BLACK
6
CONTINUOUS
10
62.7562439999999953
20
-111.0012550000000005
11
62.7941789999999997
21
-111.0580289999999906
0
LINE
8
BLACK
6
CONTINUOUS
10
62.7941789999999997
20
-111.0580289999999906
11
62.8074999999999974
21
-111.1249989999999883
0
LINE
8
BLACK
6
CONTINUOUS
10
62.8074999999999974
20
-111.1249989999999883
11
62.8074999999999974
21
-111.4749989999999968
0
LINE
8
BLACK
6
CONTINUOUS
10
62.8074999999999974
20
-111.4749989999999968
11
62.7941789999999997
21
-111.5419689999999946
0
LINE
8
BLACK
6
CONTINUOUS
10
62.7941789999999997
20
-111.5419689999999946
11
62.7562439999999953
21
-111.5987429999999989
0
LINE
8
BLACK
6
CONTINUOUS
10
62.7562439999999953
20
-111.5987429999999989
11
62.699469999999998
21
-111.6366779999999892
0
LINE
8
BLACK
6
CONTINUOUS
10
62.699469999999998
20
-111.6366779999999892
11
62.6325000000000003
21
-111.649998999999994
0
LINE
8
BLACK
6
CONTINUOUS
10
62.6325000000000003
20
-111.649998999999994
11
61.967499999999994
21
-111.649998999999994
0
LINE
8
BLACK
6
CONTINUOUS
10
61.967499999999994
20
-111.649998999999994
11
61.9005299999999963
21
-111.6366779999999892
0
LINE
8
BLACK
6
CONTINUOUS
10
61.9005299999999963
20
-111.6366779999999892
11
61.8437559999999991
21
-111.5987429999999989
0
LINE
8
BLACK
6
CONTINUOUS
10
61.8437559999999991
20
-111.5987429999999989
11
61.8058209999999946
21
-111.5419689999999946
0
LINE
8
BLACK
6
CONTINUOUS
10
61.8058209999999946
20
-111.5419689999999946
11
61.7924999999999969
21
-111.4749989999999968
0
LINE
8
BLACK
6
CONTINUOUS
10
61.7924999999999969
20
-111.4749989999999968
11
61.7924999999999969
21
-111.1249989999999883
0
LINE
8
BLACK
6
CONTINUOUS
10
61.7924999999999969
20
-111.1249989999999883
11
61.8058209999999946
21
-111.0580289999999906
0
LINE
8
BLACK
6
CONTINUOUS
10
61.8058209999999946
20
-111.0580289999999906
11
61.8437559999999991
21
-111.0012550000000005
0
LINE
8
BLACK
6
CONTINUOUS
10
61.8437559999999991
20
-111.0012550000000005
11
61.9005299999999963
21
-110.963319999999996
0
LINE
8
BLACK
6
CONTINUOUS
10
61.9005299999999963
20
-110.963319999999996
11
61.967499999999994
21
-110.9499989999999912
0
LINE
8
BLACK
6
CONTINUOUS
10
61.967499999999994
20
-110.9499989999999912
11
62.6325000000000003
21
-110.9499989999999912
0
LINE
8
BLACK
6
CONTINUOUS
10
62.6325000000000003
20
-110.9499989999999912
11
62.699469999999998
21
-110.963319999999996
0
LINE
8
BLACK
6
CONTINUOUS
10
64.6994699999999909
20
-110.963319999999996
11
64.7562439999999953
21
-111.0012550000000005
0
LINE
8
BLACK
6
CONTINUOUS
10
64.7562439999999953
20
-111.0012550000000005
11
64.7941789999999997
21
-111.0580289999999906
0
LINE
8
BLACK
6
CONTINUOUS
10
64.7941789999999997
20
-111.0580289999999906
11
64.8074999999999903
21
-111.1249989999999883
0
LINE
8
BLACK
6
CONTINUOUS
10
64.8074999999999903
20
-111.1249989999999883
11
64.8074999999999903
21
-111.4749989999999968
0
LINE
8
BLACK
6
CONTINUOUS
10
64.8074999999999903
20
-111.4749989999999968
11
64.7941789999999997
21
-111.5419689999999946
0
LINE
8
BLACK
6
CONTINUOUS
10
64.7941789999999997
20
-111.5419689999999946
11
64.7562439999999953
21
-111.5987429999999989
0
LINE
8
BLACK
6
CONTINUOUS
10
64.7562439999999953
20
-111.5987429999999989
11
64.6994699999999909
21
-111.6366779999999892
0
LINE
8
BLACK
6
CONTINUOUS
10
64.6994699999999909
20
-111.6366779999999892
11
64.6324999999999932
21
-111.649998999999994
0
LINE
8
BLACK
6
CONTINUOUS
10
64.6324999999999932
20
-111.649998999999994
11
63.967499999999994
21
-111.649998999999994
0
LINE
8
BLACK
6
CONTINUOUS
10
63.967499999999994
20
-111.649998999999994
11
63.9005299999999963
21
-111.6366779999999892
0
LINE
8
BLACK
6
CONTINUOUS
10
63.9005299999999963
20
-111.6366779999999892
11
63.8437559999999991
21
-111.5987429999999989
0
LINE
8
BLACK
6
CONTINUOUS
10
63.8437559999999991
20
-111.5987429999999989
11
63.8058209999999946
21
-111.5419689999999946
0
LINE
8
BLACK
6
CONTINUOUS
10
63.8058209999999946
20
-111.5419689999999946
11
63.7924999999999969
21
-111.4749989999999968
0
LINE
8
BLACK
6
CONTINUOUS
10
63.7924999999999969
20
-111.4749989999999968
11
63.7924999999999969
21
-111.1249989999999883
0
LINE
8
BLACK
6
CONTINUOUS
10
63.7924999999999969
20
-111.1249989999999883
11
63.8058209999999946
21
-111.0580289999999906
0
LINE
8
BLACK
6
CONTINUOUS
10
63.8058209999999946
20
-111.0580289999999906
11
63.8437559999999991
21
-111.0012550000000005
0
LINE
8
BLACK
6
CONTINUOUS
10
63.8437559999999991
20
-111.0012550000000005
11
63.9005299999999963
21
-110.963319999999996
0
LINE
8
BLACK
6
CONTINUOUS
10
63.9005299999999963
20
-110.963319999999996
11
63.967499999999994
21
-110.9499989999999912
0
LINE
8
BLACK
6
CONTINUOUS
10
63.967499999999994
20
-110.9499989999999912
11
64.6324999999999932
21
-110.9499989999999912
0
LINE
8
BLACK
6
CONTINUOUS
10
64.6324999999999932
20
-110.9499989999999912
11
64.6994699999999909
21
-110.963319999999996
0
LINE
8
BLACK
6
CONTINUOUS
10
66.6994699999999909
20
-110.963319999999996
11
66.7562439999999953
21
-111.0012550000000005
0
LINE
8
BLACK
6
CONTINUOUS
10
66.7562439999999953
20
-111.0012550000000005
11
66.7941789999999997
21
-111.0580289999999906
0
LINE
8
BLACK
6
CONTINUOUS
10
66.7941789999999997
20
-111.0580289999999906
11
66.8074999999999903
21
-111.1249989999999883
0
LINE
8
BLACK
6
CONTINUOUS
10
66.8074999999999903
20
-111.1249989999999883
11
66.8074999999999903
21
-111.4749989999999968
0
LINE
8
BLACK
6
CONTINUOUS
10
66.8074999999999903
20
-111.4749989999999968
11
66.7941789999999997
21
-111.5419689999999946
0
LINE
8
BLACK
6
CONTINUOUS
10
66.7941789999999997
20
-111.5419689999999946
11
66.7562439999999953
21
-111.5987429999999989
0
LINE
8
BLACK
6
CONTINUOUS
10
66.7562439999999953
20
-111.5987429999999989
11
66.6994699999999909
21
-111.6366779999999892
0
LINE
8
BLACK
6
CONTINUOUS
10
66.6994699999999909
20
-111.6366779999999892
11
66.6324999999999932
21
-111.649998999999994
0
LINE
8
BLACK
6
CONTINUOUS
10
66.6324999999999932
20
-111.649998999999994
11
65.9675000000000011
21
-111.649998999999994
0
LINE
8
BLACK
6
CONTINUOUS
10
65.9675000000000011
20
-111.649998999999994
11
65.9005300000000034
21
-111.6366779999999892
0
LINE
8
BLACK
6
CONTINUOUS
10
65.9005300000000034
20
-111.6366779999999892
11
65.8437559999999991
21
-111.5987429999999989
0
LINE
8
BLACK
6
CONTINUOUS
10
65.8437559999999991
20
-111.5987429999999989
11
65.8058209999999946
21
-111.5419689999999946
0
LINE
8
BLACK
6
CONTINUOUS
10
65.8058209999999946
20
-111.5419689999999946
11
65.792500000000004
21
-111.4749989999999968
0
LINE
8
BLACK
6
CONTINUOUS
10
65.792500000000004
20
-111.4749989999999968
11
65.792500000000004
21
-111.1249989999999883
0
LINE
8
BLACK
6
CONTINUOUS
10
65.792500000000004
20
-111.1249989999999883
11
65.8058209999999946
21
-111.0580289999999906
0
LINE
8
BLACK
6
CONTINUOUS
10
65.8058209999999946
20
-111.0580289999999906
11
65.8437559999999991
21
-111.0012550000000005
0
LINE
8
BLACK
6
CONTINUOUS
10
65.8437559999999991
20
-111.0012550000000005
11
65.9005300000000034
21
-110.963319999999996
0
LINE
8
BLACK
6
CONTINUOUS
10
65.9005300000000034
20
-110.963319999999996
11
65.9675000000000011
21
-110.9499989999999912
0
LINE
8
BLACK
6
CONTINUOUS
10
65.9675000000000011
20
-110.9499989999999912
11
66.6324999999999932
21
-110.9499989999999912
0
LINE
8
BLACK
6
CONTINUOUS
10
66.6324999999999932
20
-110.9499989999999912
11
66.6994699999999909
21
-110.963319999999996
0
LINE
8
BLACK
6
CONTINUOUS
10
68.6319699999999955
20
-110.9170699999999954
11
68.6887439999999998
21
-110.9550049999999999
0
LINE
8
BLACK
6
CONTINUOUS
10
68.6887439999999998
20
-110.9550049999999999
11
68.7266789999999901
21
-111.01177899999999
0
LINE
8
BLACK
6
CONTINUOUS
10
68.7266789999999901
20
-111.01177899999999
11
68.7399999999999949
21
-111.078749000000002
0
LINE
8
BLACK
6
CONTINUOUS
10
68.7399999999999949
20
-111.078749000000002
11
68.7399999999999949
21
-111.4462489999999946
0
LINE
8
BLACK
6
CONTINUOUS
10
68.7399999999999949
20
-111.4462489999999946
11
68.7266789999999901
21
-111.5132189999999923
0
LINE
8
BLACK
6
CONTINUOUS
10
68.7266789999999901
20
-111.5132189999999923
11
68.6887439999999998
21
-111.5699929999999966
0
LINE
8
BLACK
6
CONTINUOUS
10
68.6887439999999998
20
-111.5699929999999966
11
68.6319699999999955
21
-111.6079280000000011
0
LINE
8
BLACK
6
CONTINUOUS
10
68.6319699999999955
20
-111.6079280000000011
11
68.5649999999999977
21
-111.6212489999999917
0
LINE
8
BLACK
6
CONTINUOUS
10
68.5649999999999977
20
-111.6212489999999917
11
67.9350000000000023
21
-111.6212489999999917
0
LINE
8
BLACK
6
CONTINUOUS
10
67.9350000000000023
20
-111.6212489999999917
11
67.8680299999999903
21
-111.6079280000000011
0
LINE
8
BLACK
6
CONTINUOUS
10
67.8680299999999903
20
-111.6079280000000011
11
67.8112560000000002
21
-111.5699929999999966
0
LINE
8
BLACK
6
CONTINUOUS
10
67.8112560000000002
20
-111.5699929999999966
11
67.7733209999999957
21
-111.5132189999999923
0
LINE
8
BLACK
6
CONTINUOUS
10
67.7733209999999957
20
-111.5132189999999923
11
67.7599999999999909
21
-111.4462489999999946
0
LINE
8
BLACK
6
CONTINUOUS
10
67.7599999999999909
20
-111.4462489999999946
11
67.7599999999999909
21
-111.078749000000002
0
LINE
8
BLACK
6
CONTINUOUS
10
67.7599999999999909
20
-111.078749000000002
11
67.7733209999999957
21
-111.01177899999999
0
LINE
8
BLACK
6
CONTINUOUS
10
67.7733209999999957
20
-111.01177899999999
11
67.8112560000000002
21
-110.9550049999999999
0
LINE
8
BLACK
6
CONTINUOUS
10
67.8112560000000002
20
-110.9550049999999999
11
67.8680299999999903
21
-110.9170699999999954
0
LINE
8
BLACK
6
CONTINUOUS
10
67.8680299999999903
20
-110.9170699999999954
11
67.9350000000000023
21
-110.9037489999999906
0
LINE
8
BLACK
6
CONTINUOUS
10
67.9350000000000023
20
-110.9037489999999906
11
68.5649999999999977
21
-110.9037489999999906
0
LINE
8
BLACK
6
CONTINUOUS
10
68.5649999999999977
20
-110.9037489999999906
11
68.6319699999999955
21
-110.9170699999999954
0
LINE
8
BLACK
6
CONTINUOUS
10
81.8994699999999938
20
-110.7633209999999906
11
81.9562439999999981
21
-110.8012559999999951
0
LINE
8
BLACK
6
CONTINUOUS
10
81.9562439999999981
20
-110.8012559999999951
11
81.9941790000000026
21
-110.8580299999999994
0
LINE
8
BLACK
6
CONTINUOUS
10
81.9941790000000026
20
-110.8580299999999994
11
82.0074999999999932
21
-110.9249999999999972
0
LINE
8
BLACK
6
CONTINUOUS
10
82.0074999999999932
20
-110.9249999999999972
11
82.0074999999999932
21
-111.2749999999999915
0
LINE
8
BLACK
6
CONTINUOUS
10
82.0074999999999932
20
-111.2749999999999915
11
81.9941790000000026
21
-111.3419699999999892
0
LINE
8
BLACK
6
CONTINUOUS
10
81.9941790000000026
20
-111.3419699999999892
11
81.9562439999999981
21
-111.3987439999999935
0
LINE
8
BLACK
6
CONTINUOUS
10
81.9562439999999981
20
-111.3987439999999935
11
81.8994699999999938
21
-111.436678999999998
0
LINE
8
BLACK
6
CONTINUOUS
10
81.8994699999999938
20
-111.436678999999998
11
81.832499999999996
21
-111.4499999999999886
0
LINE
8
BLACK
6
CONTINUOUS
10
81.832499999999996
20
-111.4499999999999886
11
81.1674999999999898
21
-111.4499999999999886
0
LINE
8
BLACK
6
CONTINUOUS
10
81.1674999999999898
20
-111.4499999999999886
11
81.100529999999992
21
-111.436678999999998
0
LINE
8
BLACK
6
CONTINUOUS
10
81.100529999999992
20
-111.436678999999998
11
81.0437560000000019
21
-111.3987439999999935
0
LINE
8
BLACK
6
CONTINUOUS
10
81.0437560000000019
20
-111.3987439999999935
11
81.0058209999999974
21
-111.3419699999999892
0
LINE
8
BLACK
6
CONTINUOUS
10
81.0058209999999974
20
-111.3419699999999892
11
80.9924999999999926
21
-111.2749999999999915
0
LINE
8
BLACK
6
CONTINUOUS
10
80.9924999999999926
20
-111.2749999999999915
11
80.9924999999999926
21
-110.9249999999999972
0
LINE
8
BLACK
6
CONTINUOUS
10
80.9924999999999926
20
-110.9249999999999972
11
81.0058209999999974
21
-110.8580299999999994
0
LINE
8
BLACK
6
CONTINUOUS
10
81.0058209999999974
20
-110.8580299999999994
11
81.0437560000000019
21
-110.8012559999999951
0
LINE
8
BLACK
6
CONTINUOUS
10
81.0437560000000019
20
-110.8012559999999951
11
81.100529999999992
21
-110.7633209999999906
0
LINE
8
BLACK
6
CONTINUOUS
10
81.100529999999992
20
-110.7633209999999906
11
81.1674999999999898
21
-110.75
0
LINE
8
BLACK
6
CONTINUOUS
10
81.1674999999999898
20
-110.75
11
81.832499999999996
21
-110.75
0
LINE
8
BLACK
6
CONTINUOUS
10
81.832499999999996
20
-110.75
11
81.8994699999999938
21
-110.7633209999999906
0
LINE
8
BLACK
6
CONTINUOUS
10
83.8994699999999938
20
-110.7633209999999906
11
83.9562439999999981
21
-110.8012559999999951
0
LINE
8
BLACK
6
CONTINUOUS
10
83.9562439999999981
20
-110.8012559999999951
11
83.9941790000000026
21
-110.8580299999999994
0
LINE
8
BLACK
6
CONTINUOUS
10
83.9941790000000026
20
-110.8580299999999994
11
84.0074999999999932
21
-110.9249999999999972
0
LINE
8
BLACK
6
CONTINUOUS
10
84.0074999999999932
20
-110.9249999999999972
11
84.0074999999999932
21
-111.2749999999999915
0
LINE
8
BLACK
6
CONTINUOUS
10
84.0074999999999932
20
-111.2749999999999915
11
83.9941790000000026
21
-111.3419699999999892
0
LINE
8
BLACK
6
CONTINUOUS
10
83.9941790000000026
20
-111.3419699999999892
11
83.9562439999999981
21
-111.3987439999999935
0
LINE
8
BLACK
6
CONTINUOUS
10
83.9562439999999981
20
-111.3987439999999935
11
83.8994699999999938
21
-111.436678999999998
0
LINE
8
BLACK
6
CONTINUOUS
10
83.8994699999999938
20
-111.436678999999998
11
83.832499999999996
21
-111.4499999999999886
0
LINE
8
BLACK
6
CONTINUOUS
10
83.832499999999996
20
-111.4499999999999886
11
83.1674999999999898
21
-111.4499999999999886
0
LINE
8
BLACK
6
CONTINUOUS
10
83.1674999999999898
20
-111.4499999999999886
11
83.100529999999992
21
-111.436678999999998
0
LINE
8
BLACK
6
CONTINUOUS
10
83.100529999999992
20
-111.436678999999998
11
83.0437560000000019
21
-111.3987439999999935
0
LINE
8
BLACK
6
CONTINUOUS
10
83.0437560000000019
20
-111.3987439999999935
11
83.0058209999999974
21
-111.3419699999999892
0
LINE
8
BLACK
6
CONTINUOUS
10
83.0058209999999974
20
-111.3419699999999892
11
82.9924999999999926
21
-111.2749999999999915
0
LINE
8
BLACK
6
CONTINUOUS
10
82.9924999999999926
20
-111.2749999999999915
11
82.9924999999999926
21
-110.9249999999999972
0
LINE
8
BLACK
6
CONTINUOUS
10
82.9924999999999926
20
-110.9249999999999972
11
83.0058209999999974
21
-110.8580299999999994
0
LINE
8
BLACK
6
CONTINUOUS
10
83.0058209999999974
20
-110.8580299999999994
11
83.0437560000000019
21
-110.8012559999999951
0
LINE
8
BLACK
6
CONTINUOUS
10
83.0437560000000019
20
-110.8012559999999951
11
83.100529999999992
21
-110.7633209999999906
0
LINE
8
BLACK
6
CONTINUOUS
10
83.100529999999992
20
-110.7633209999999906
11
83.1674999999999898
21
-110.75
0
LINE
8
BLACK
6
CONTINUOUS
10
83.1674999999999898
20
-110.75
11
83.832499999999996
21
-110.75
0
LINE
8
BLACK
6
CONTINUOUS
10
83.832499999999996
20
-110.75
11
83.8994699999999938
21
-110.7633209999999906
0
LINE
8
BLACK
6
CONTINUOUS
10
85.8994699999999938
20
-110.7633209999999906
11
85.9562439999999981
21
-110.8012559999999951
0
LINE
8
BLACK
6
CONTINUOUS
10
85.9562439999999981
20
-110.8012559999999951
11
85.9941790000000026
21
-110.8580299999999994
0
LINE
8
BLACK
6
CONTINUOUS
10
85.9941790000000026
20
-110.8580299999999994
11
86.0074999999999932
21
-110.9249999999999972
0
LINE
8
BLACK
6
CONTINUOUS
10
86.0074999999999932
20
-110.9249999999999972
11
86.0074999999999932
21
-111.2749999999999915
0
LINE
8
BLACK
6
CONTINUOUS
10
86.0074999999999932
20
-111.2749999999999915
11
85.9941790000000026
21
-111.3419699999999892
0
LINE
8
BLACK
6
CONTINUOUS
10
85.9941790000000026
20
-111.3419699999999892
11
85.9562439999999981
21
-111.3987439999999935
0
LINE
8
BLACK
6
CONTINUOUS
10
85.9562439999999981
20
-111.3987439999999935
11
85.8994699999999938
21
-111.436678999999998
0
LINE
8
BLACK
6
CONTINUOUS
10
85.8994699999999938
20
-111.436678999999998
11
85.832499999999996
21
-111.4499999999999886
0
LINE
8
BLACK
6
CONTINUOUS
10
85.832499999999996
20
-111.4499999999999886
11
85.1674999999999898
21
-111.4499999999999886
0
LINE
8
BLACK
6
CONTINUOUS
10
85.1674999999999898
20
-111.4499999999999886
11
85.100529999999992
21
-111.436678999999998
0
LINE
8
BLACK
6
CONTINUOUS
10
85.100529999999992
20
-111.436678999999998
11
85.0437560000000019
21
-111.3987439999999935
0
LINE
8
BLACK
6
CONTINUOUS
10
85.0437560000000019
20
-111.3987439999999935
11
85.0058209999999974
21
-111.3419699999999892
0
LINE
8
BLACK
6
CONTINUOUS
10
85.0058209999999974
20
-111.3419699999999892
11
84.9924999999999926
21
-111.2749999999999915
0
LINE
8
BLACK
6
CONTINUOUS
10
84.9924999999999926
20
-111.2749999999999915
11
84.9924999999999926
21
-110.9249999999999972
0
LINE
8
BLACK
6
CONTINUOUS
10
84.9924999999999926
20
-110.9249999999999972
11
85.0058209999999974
21
-110.8580299999999994
0
LINE
8
BLACK
6
CONTINUOUS
10
85.0058209999999974
20
-110.8580299999999994
11
85.0437560000000019
21
-110.8012559999999951
0
LINE
8
BLACK
6
CONTINUOUS
10
85.0437560000000019
20
-110.8012559999999951
11
85.100529999999992
21
-110.7633209999999906
0
LINE
8
BLACK
6
CONTINUOUS
10
85.100529999999992
20
-110.7633209999999906
11
85.1674999999999898
21
-110.75
0
LINE
8
BLACK
6
CONTINUOUS
10
85.1674999999999898
20
-110.75
11
85.832499999999996
21
-110.75
0
LINE
8
BLACK
6
CONTINUOUS
10
85.832499999999996
20
-110.75
11
85.8994699999999938
21
-110.7633209999999906
0
LINE
8
BLACK
6
CONTINUOUS
10
76.5306709999999981
20
-109.9781359999999921
11
76.6117770000000036
21
-110.0323289999999901
0
LINE
8
BLACK
6
CONTINUOUS
10
76.6117770000000036
20
-110.0323289999999901
11
76.6659700000000015
21
-110.1134349999999955
0
LINE
8
BLACK
6
CONTINUOUS
10
76.6659700000000015
20
-110.1134349999999955
11
76.6850000000000023
21
-110.2091059999999914
0
LINE
8
BLACK
6
CONTINUOUS
10
76.6850000000000023
20
-110.2091059999999914
11
76.6850000000000023
21
-111.1291059999999931
0
LINE
8
BLACK
6
CONTINUOUS
10
76.6850000000000023
20
-111.1291059999999931
11
76.6659700000000015
21
-111.2247769999999889
0
LINE
8
BLACK
6
CONTINUOUS
10
76.6659700000000015
20
-111.2247769999999889
11
76.6117770000000036
21
-111.3058829999999944
0
LINE
8
BLACK
6
CONTINUOUS
10
76.6117770000000036
20
-111.3058829999999944
11
76.5306709999999981
21
-111.3600759999999923
0
LINE
8
BLACK
6
CONTINUOUS
10
76.5306709999999981
20
-111.3600759999999923
11
76.4350000000000023
21
-111.3791059999999931
0
LINE
8
BLACK
6
CONTINUOUS
10
76.4350000000000023
20
-111.3791059999999931
11
75.8049999999999926
21
-111.3791059999999931
0
LINE
8
BLACK
6
CONTINUOUS
10
75.8049999999999926
20
-111.3791059999999931
11
75.7093289999999968
21
-111.3600759999999923
0
LINE
8
BLACK
6
CONTINUOUS
10
75.7093289999999968
20
-111.3600759999999923
11
75.6282229999999913
21
-111.3058829999999944
0
LINE
8
BLACK
6
CONTINUOUS
10
75.6282229999999913
20
-111.3058829999999944
11
75.5740299999999934
21
-111.2247769999999889
0
LINE
8
BLACK
6
CONTINUOUS
10
75.5740299999999934
20
-111.2247769999999889
11
75.5549999999999926
21
-111.1291059999999931
0
LINE
8
BLACK
6
CONTINUOUS
10
75.5549999999999926
20
-111.1291059999999931
11
75.5549999999999926
21
-110.2091059999999914
0
LINE
8
BLACK
6
CONTINUOUS
10
75.5549999999999926
20
-110.2091059999999914
11
75.5740299999999934
21
-110.1134349999999955
0
LINE
8
BLACK
6
CONTINUOUS
10
75.5740299999999934
20
-110.1134349999999955
11
75.6282229999999913
21
-110.0323289999999901
0
LINE
8
BLACK
6
CONTINUOUS
10
75.6282229999999913
20
-110.0323289999999901
11
75.7093289999999968
21
-109.9781359999999921
0
LINE
8
BLACK
6
CONTINUOUS
10
75.7093289999999968
20
-109.9781359999999921
11
75.8049999999999926
21
-109.9591059999999914
0
LINE
8
BLACK
6
CONTINUOUS
10
75.8049999999999926
20
-109.9591059999999914
11
76.4350000000000023
21
-109.9591059999999914
0
LINE
8
BLACK
6
CONTINUOUS
10
76.4350000000000023
20
-109.9591059999999914
11
76.5306709999999981
21
-109.9781359999999921
0
LINE
8
BLACK
6
CONTINUOUS
10
77.8906709999999975
20
-109.9781359999999921
11
77.971777000000003
21
-110.0323289999999901
0
LINE
8
BLACK
6
CONTINUOUS
10
77.971777000000003
20
-110.0323289999999901
11
78.0259700000000009
21
-110.1134349999999955
0
LINE
8
BLACK
6
CONTINUOUS
10
78.0259700000000009
20
-110.1134349999999955
11
78.0450000000000017
21
-110.2091059999999914
0
LINE
8
BLACK
6
CONTINUOUS
10
78.0450000000000017
20
-110.2091059999999914
11
78.0450000000000017
21
-111.1291059999999931
0
LINE
8
BLACK
6
CONTINUOUS
10
78.0450000000000017
20
-111.1291059999999931
11
78.0259700000000009
21
-111.2247769999999889
0
LINE
8
BLACK
6
CONTINUOUS
10
78.0259700000000009
20
-111.2247769999999889
11
77.971777000000003
21
-111.3058829999999944
0
LINE
8
BLACK
6
CONTINUOUS
10
77.971777000000003
20
-111.3058829999999944
11
77.8906709999999975
21
-111.3600759999999923
0
LINE
8
BLACK
6
CONTINUOUS
10
77.8906709999999975
20
-111.3600759999999923
11
77.7950000000000017
21
-111.3791059999999931
0
LINE
8
BLACK
6
CONTINUOUS
10
77.7950000000000017
20
-111.3791059999999931
11
77.164999999999992
21
-111.3791059999999931
0
LINE
8
BLACK
6
CONTINUOUS
10
77.164999999999992
20
-111.3791059999999931
11
77.0693289999999962
21
-111.3600759999999923
0
LINE
8
BLACK
6
CONTINUOUS
10
77.0693289999999962
20
-111.3600759999999923
11
76.9882229999999907
21
-111.3058829999999944
0
LINE
8
BLACK
6
CONTINUOUS
10
76.9882229999999907
20
-111.3058829999999944
11
76.9340299999999928
21
-111.2247769999999889
0
LINE
8
BLACK
6
CONTINUOUS
10
76.9340299999999928
20
-111.2247769999999889
11
76.914999999999992
21
-111.1291059999999931
0
LINE
8
BLACK
6
CONTINUOUS
10
76.914999999999992
20
-111.1291059999999931
11
76.914999999999992
21
-110.2091059999999914
0
LINE
8
BLACK
6
CONTINUOUS
10
76.914999999999992
20
-110.2091059999999914
11
76.9340299999999928
21
-110.1134349999999955
0
LINE
8
BLACK
6
CONTINUOUS
10
76.9340299999999928
20
-110.1134349999999955
11
76.9882229999999907
21
-110.0323289999999901
0
LINE
8
BLACK
6
CONTINUOUS
10
76.9882229999999907
20
-110.0323289999999901
11
77.0693289999999962
21
-109.9781359999999921
0
LINE
8
BLACK
6
CONTINUOUS
10
77.0693289999999962
20
-109.9781359999999921
11
77.164999999999992
21
-109.9591059999999914
0
LINE
8
BLACK
6
CONTINUOUS
10
77.164999999999992
20
-109.9591059999999914
11
77.7950000000000017
21
-109.9591059999999914
0
LINE
8
BLACK
6
CONTINUOUS
10
77.7950000000000017
20
-109.9591059999999914
11
77.8906709999999975
21
-109.9781359999999921
0
LINE
8
BLACK
6
CONTINUOUS
10
70.5994699999999966
20
-110.5633199999999903
11
70.6562440000000009
21
-110.6012549999999948
0
LINE
8
BLACK
6
CONTINUOUS
10
70.6562440000000009
20
-110.6012549999999948
11
70.6941789999999912
21
-110.6580289999999991
0
LINE
8
BLACK
6
CONTINUOUS
10
70.6941789999999912
20
-110.6580289999999991
11
70.707499999999996
21
-110.7249989999999968
0
LINE
8
BLACK
6
CONTINUOUS
10
70.707499999999996
20
-110.7249989999999968
11
70.707499999999996
21
-111.0749989999999912
0
LINE
8
BLACK
6
CONTINUOUS
10
70.707499999999996
20
-111.0749989999999912
11
70.6941789999999912
21
-111.1419689999999889
0
LINE
8
BLACK
6
CONTINUOUS
10
70.6941789999999912
20
-111.1419689999999889
11
70.6562440000000009
21
-111.1987429999999932
0
LINE
8
BLACK
6
CONTINUOUS
10
70.6562440000000009
20
-111.1987429999999932
11
70.5994699999999966
21
-111.2366779999999977
0
LINE
8
BLACK
6
CONTINUOUS
10
70.5994699999999966
20
-111.2366779999999977
11
70.5324999999999989
21
-111.2499989999999883
0
LINE
8
BLACK
6
CONTINUOUS
10
70.5324999999999989
20
-111.2499989999999883
11
69.8674999999999926
21
-111.2499989999999883
0
LINE
8
BLACK
6
CONTINUOUS
10
69.8674999999999926
20
-111.2499989999999883
11
69.8005299999999949
21
-111.2366779999999977
0
LINE
8
BLACK
6
CONTINUOUS
10
69.8005299999999949
20
-111.2366779999999977
11
69.7437559999999905
21
-111.1987429999999932
0
LINE
8
BLACK
6
CONTINUOUS
10
69.7437559999999905
20
-111.1987429999999932
11
69.7058210000000003
21
-111.1419689999999889
0
LINE
8
BLACK
6
CONTINUOUS
10
69.7058210000000003
20
-111.1419689999999889
11
69.6924999999999955
21
-111.0749989999999912
0
LINE
8
BLACK
6
CONTINUOUS
10
69.6924999999999955
20
-111.0749989999999912
11
69.6924999999999955
21
-110.7249989999999968
0
LINE
8
BLACK
6
CONTINUOUS
10
69.6924999999999955
20
-110.7249989999999968
11
69.7058210000000003
21
-110.6580289999999991
0
LINE
8
BLACK
6
CONTINUOUS
10
69.7058210000000003
20
-110.6580289999999991
11
69.7437559999999905
21
-110.6012549999999948
0
LINE
8
BLACK
6
CONTINUOUS
10
69.7437559999999905
20
-110.6012549999999948
11
69.8005299999999949
21
-110.5633199999999903
0
LINE
8
BLACK
6
CONTINUOUS
10
69.8005299999999949
20
-110.5633199999999903
11
69.8674999999999926
21
-110.5499989999999997
0
LINE
8
BLACK
6
CONTINUOUS
10
69.8674999999999926
20
-110.5499989999999997
11
70.5324999999999989
21
-110.5499989999999997
0
LINE
8
BLACK
6
CONTINUOUS
10
70.5324999999999989
20
-110.5499989999999997
11
70.5994699999999966
21
-110.5633199999999903
0
LINE
8
BLACK
6
CONTINUOUS
10
72.5319700000000012
20
-110.5170699999999897
11
72.5887439999999913
21
-110.5550049999999942
0
LINE
8
BLACK
6
CONTINUOUS
10
72.5887439999999913
20
-110.5550049999999942
11
72.6266789999999958
21
-110.6117789999999985
0
LINE
8
BLACK
6
CONTINUOUS
10
72.6266789999999958
20
-110.6117789999999985
11
72.6400000000000006
21
-110.6787489999999963
0
LINE
8
BLACK
6
CONTINUOUS
10
72.6400000000000006
20
-110.6787489999999963
11
72.6400000000000006
21
-111.0462489999999889
0
LINE
8
BLACK
6
CONTINUOUS
10
72.6400000000000006
20
-111.0462489999999889
11
72.6266789999999958
21
-111.1132190000000008
0
LINE
8
BLACK
6
CONTINUOUS
10
72.6266789999999958
20
-111.1132190000000008
11
72.5887439999999913
21
-111.169992999999991
0
LINE
8
BLACK
6
CONTINUOUS
10
72.5887439999999913
20
-111.169992999999991
11
72.5319700000000012
21
-111.2079279999999954
0
LINE
8
BLACK
6
CONTINUOUS
10
72.5319700000000012
20
-111.2079279999999954
11
72.4650000000000034
21
-111.2212490000000003
0
LINE
8
BLACK
6
CONTINUOUS
10
72.4650000000000034
20
-111.2212490000000003
11
71.8349999999999937
21
-111.2212490000000003
0
LINE
8
BLACK
6
CONTINUOUS
10
71.8349999999999937
20
-111.2212490000000003
11
71.768029999999996
21
-111.2079279999999954
0
LINE
8
BLACK
6
CONTINUOUS
10
71.768029999999996
20
-111.2079279999999954
11
71.7112559999999917
21
-111.169992999999991
0
LINE
8
BLACK
6
CONTINUOUS
10
71.7112559999999917
20
-111.169992999999991
11
71.6733210000000014
21
-111.1132190000000008
0
LINE
8
BLACK
6
CONTINUOUS
10
71.6733210000000014
20
-111.1132190000000008
11
71.6599999999999966
21
-111.0462489999999889
0
LINE
8
BLACK
6
CONTINUOUS
10
71.6599999999999966
20
-111.0462489999999889
11
71.6599999999999966
21
-110.6787489999999963
0
LINE
8
BLACK
6
CONTINUOUS
10
71.6599999999999966
20
-110.6787489999999963
11
71.6733210000000014
21
-110.6117789999999985
0
LINE
8
BLACK
6
CONTINUOUS
10
71.6733210000000014
20
-110.6117789999999985
11
71.7112559999999917
21
-110.5550049999999942
0
LINE
8
BLACK
6
CONTINUOUS
10
71.7112559999999917
20
-110.5550049999999942
11
71.768029999999996
21
-110.5170699999999897
0
LINE
8
BLACK
6
CONTINUOUS
10
71.768029999999996
20
-110.5170699999999897
11
71.8349999999999937
21
-110.5037489999999991
0
LINE
8
BLACK
6
CONTINUOUS
10
71.8349999999999937
20
-110.5037489999999991
11
72.4650000000000034
21
-110.5037489999999991
0
LINE
8
BLACK
6
CONTINUOUS
10
72.4650000000000034
20
-110.5037489999999991
11
72.5319700000000012
21
-110.5170699999999897
0
LINE
8
BLACK
6
CONTINUOUS
10
74.7939319999999981
20
-110.6820989999999938
11
74.8279959999999988
21
-110.7048599999999965
0
LINE
8
BLACK
6
CONTINUOUS
10
74.8279959999999988
20
-110.7048599999999965
11
74.8507570000000015
21
-110.7389239999999972
0
LINE
8
BLACK
6
CONTINUOUS
10
74.8507570000000015
20
-110.7389239999999972
11
74.8587500000000006
21
-110.7791059999999987
0
LINE
8
BLACK
6
CONTINUOUS
10
74.8587500000000006
20
-110.7791059999999987
11
74.8587500000000006
21
-110.9891059999999925
0
LINE
8
BLACK
6
CONTINUOUS
10
74.8587500000000006
20
-110.9891059999999925
11
74.8507570000000015
21
-111.029287999999994
0
LINE
8
BLACK
6
CONTINUOUS
10
74.8507570000000015
20
-111.029287999999994
11
74.8279959999999988
21
-111.0633519999999947
0
LINE
8
BLACK
6
CONTINUOUS
10
74.8279959999999988
20
-111.0633519999999947
11
74.7939319999999981
21
-111.0861129999999974
0
LINE
8
BLACK
6
CONTINUOUS
10
74.7939319999999981
20
-111.0861129999999974
11
74.7537499999999966
21
-111.0941059999999965
0
LINE
8
BLACK
6
CONTINUOUS
10
74.7537499999999966
20
-111.0941059999999965
11
73.7212499999999977
21
-111.0941059999999965
0
LINE
8
BLACK
6
CONTINUOUS
10
73.7212499999999977
20
-111.0941059999999965
11
73.6810679999999962
21
-111.0861129999999974
0
LINE
8
BLACK
6
CONTINUOUS
10
73.6810679999999962
20
-111.0861129999999974
11
73.6470039999999955
21
-111.0633519999999947
0
LINE
8
BLACK
6
CONTINUOUS
10
73.6470039999999955
20
-111.0633519999999947
11
73.6242429999999928
21
-111.029287999999994
0
LINE
8
BLACK
6
CONTINUOUS
10
73.6242429999999928
20
-111.029287999999994
11
73.6162499999999937
21
-110.9891059999999925
0
LINE
8
BLACK
6
CONTINUOUS
10
73.6162499999999937
20
-110.9891059999999925
11
73.6162499999999937
21
-110.7791059999999987
0
LINE
8
BLACK
6
CONTINUOUS
10
73.6162499999999937
20
-110.7791059999999987
11
73.6242429999999928
21
-110.7389239999999972
0
LINE
8
BLACK
6
CONTINUOUS
10
73.6242429999999928
20
-110.7389239999999972
11
73.6470039999999955
21
-110.7048599999999965
0
LINE
8
BLACK
6
CONTINUOUS
10
73.6470039999999955
20
-110.7048599999999965
11
73.6810679999999962
21
-110.6820989999999938
0
LINE
8
BLACK
6
CONTINUOUS
10
73.6810679999999962
20
-110.6820989999999938
11
73.7212499999999977
21
-110.6741059999999948
0
LINE
8
BLACK
6
CONTINUOUS
10
73.7212499999999977
20
-110.6741059999999948
11
74.7537499999999966
21
-110.6741059999999948
0
LINE
8
BLACK
6
CONTINUOUS
10
74.7537499999999966
20
-110.6741059999999948
11
74.7939319999999981
21
-110.6820989999999938
0
LINE
8
BLACK
6
CONTINUOUS
10
79.9189319999999981
20
-110.6820989999999938
11
79.9529959999999988
21
-110.7048599999999965
0
LINE
8
BLACK
6
CONTINUOUS
10
79.9529959999999988
20
-110.7048599999999965
11
79.9757570000000015
21
-110.7389239999999972
0
LINE
8
BLACK
6
CONTINUOUS
10
79.9757570000000015
20
-110.7389239999999972
11
79.9837500000000006
21
-110.7791059999999987
0
LINE
8
BLACK
6
CONTINUOUS
10
79.9837500000000006
20
-110.7791059999999987
11
79.9837500000000006
21
-110.9891059999999925
0
LINE
8
BLACK
6
CONTINUOUS
10
79.9837500000000006
20
-110.9891059999999925
11
79.9757570000000015
21
-111.029287999999994
0
LINE
8
BLACK
6
CONTINUOUS
10
79.9757570000000015
20
-111.029287999999994
11
79.9529959999999988
21
-111.0633519999999947
0
LINE
8
BLACK
6
CONTINUOUS
10
79.9529959999999988
20
-111.0633519999999947
11
79.9189319999999981
21
-111.0861129999999974
0
LINE
8
BLACK
6
CONTINUOUS
10
79.9189319999999981
20
-111.0861129999999974
11
79.8787499999999966
21
-111.0941059999999965
0
LINE
8
BLACK
6
CONTINUOUS
10
79.8787499999999966
20
-111.0941059999999965
11
78.8462499999999977
21
-111.0941059999999965
0
LINE
8
BLACK
6
CONTINUOUS
10
78.8462499999999977
20
-111.0941059999999965
11
78.8060679999999962
21
-111.0861129999999974
0
LINE
8
BLACK
6
CONTINUOUS
10
78.8060679999999962
20
-111.0861129999999974
11
78.7720039999999955
21
-111.0633519999999947
0
LINE
8
BLACK
6
CONTINUOUS
10
78.7720039999999955
20
-111.0633519999999947
11
78.7492429999999928
21
-111.029287999999994
0
LINE
8
BLACK
6
CONTINUOUS
10
78.7492429999999928
20
-111.029287999999994
11
78.7412499999999937
21
-110.9891059999999925
0
LINE
8
BLACK
6
CONTINUOUS
10
78.7412499999999937
20
-110.9891059999999925
11
78.7412499999999937
21
-110.7791059999999987
0
LINE
8
BLACK
6
CONTINUOUS
10
78.7412499999999937
20
-110.7791059999999987
11
78.7492429999999928
21
-110.7389239999999972
0
LINE
8
BLACK
6
CONTINUOUS
10
78.7492429999999928
20
-110.7389239999999972
11
78.7720039999999955
21
-110.7048599999999965
0
LINE
8
BLACK
6
CONTINUOUS
10
78.7720039999999955
20
-110.7048599999999965
11
78.8060679999999962
21
-110.6820989999999938
0
LINE
8
BLACK
6
CONTINUOUS
10
78.8060679999999962
20
-110.6820989999999938
11
78.8462499999999977
21
-110.6741059999999948
0
LINE
8
BLACK
6
CONTINUOUS
10
78.8462499999999977
20
-110.6741059999999948
11
79.8787499999999966
21
-110.6741059999999948
0
LINE
8
BLACK
6
CONTINUOUS
10
79.8787499999999966
20
-110.6741059999999948
11
79.9189319999999981
21
-110.6820989999999938
0
LINE
8
BLACK
6
CONTINUOUS
10
96.3994699999999938
20
-109.6633209999999963
11
96.4562439999999981
21
-109.7012560000000008
0
LINE
8
BLACK
6
CONTINUOUS
10
96.4562439999999981
20
-109.7012560000000008
11
96.4941790000000026
21
-109.7580299999999909
0
LINE
8
BLACK
6
CONTINUOUS
10
96.4941790000000026
20
-109.7580299999999909
11
96.5074999999999932
21
-109.8249999999999886
0
LINE
8
BLACK
6
CONTINUOUS
10
96.5074999999999932
20
-109.8249999999999886
11
96.5074999999999932
21
-110.1749999999999972
0
LINE
8
BLACK
6
CONTINUOUS
10
96.5074999999999932
20
-110.1749999999999972
11
96.4941790000000026
21
-110.2419699999999949
0
LINE
8
BLACK
6
CONTINUOUS
10
96.4941790000000026
20
-110.2419699999999949
11
96.4562439999999981
21
-110.2987439999999992
0
LINE
8
BLACK
6
CONTINUOUS
10
96.4562439999999981
20
-110.2987439999999992
11
96.3994699999999938
21
-110.3366789999999895
0
LINE
8
BLACK
6
CONTINUOUS
10
96.3994699999999938
20
-110.3366789999999895
11
96.332499999999996
21
-110.3499999999999943
0
LINE
8
BLACK
6
CONTINUOUS
10
96.332499999999996
20
-110.3499999999999943
11
95.6674999999999898
21
-110.3499999999999943
0
LINE
8
BLACK
6
CONTINUOUS
10
95.6674999999999898
20
-110.3499999999999943
11
95.600529999999992
21
-110.3366789999999895
0
LINE
8
BLACK
6
CONTINUOUS
10
95.600529999999992
20
-110.3366789999999895
11
95.5437560000000019
21
-110.2987439999999992
0
LINE
8
BLACK
6
CONTINUOUS
10
95.5437560000000019
20
-110.2987439999999992
11
95.5058209999999974
21
-110.2419699999999949
0
LINE
8
BLACK
6
CONTINUOUS
10
95.5058209999999974
20
-110.2419699999999949
11
95.4924999999999926
21
-110.1749999999999972
0
LINE
8
BLACK
6
CONTINUOUS
10
95.4924999999999926
20
-110.1749999999999972
11
95.4924999999999926
21
-109.8249999999999886
0
LINE
8
BLACK
6
CONTINUOUS
10
95.4924999999999926
20
-109.8249999999999886
11
95.5058209999999974
21
-109.7580299999999909
0
LINE
8
BLACK
6
CONTINUOUS
10
95.5058209999999974
20
-109.7580299999999909
11
95.5437560000000019
21
-109.7012560000000008
0
LINE
8
BLACK
6
CONTINUOUS
10
95.5437560000000019
20
-109.7012560000000008
11
95.600529999999992
21
-109.6633209999999963
0
LINE
8
BLACK
6
CONTINUOUS
10
95.600529999999992
20
-109.6633209999999963
11
95.6674999999999898
21
-109.6499999999999915
0
LINE
8
BLACK
6
CONTINUOUS
10
95.6674999999999898
20
-109.6499999999999915
11
96.332499999999996
21
-109.6499999999999915
0
LINE
8
BLACK
6
CONTINUOUS
10
96.332499999999996
20
-109.6499999999999915
11
96.3994699999999938
21
-109.6633209999999963
0
LINE
8
BLACK
6
CONTINUOUS
10
60.699469999999998
20
-109.2633209999999906
11
60.7562439999999953
21
-109.3012559999999951
0
LINE
8
BLACK
6
CONTINUOUS
10
60.7562439999999953
20
-109.3012559999999951
11
60.7941789999999997
21
-109.3580299999999994
0
LINE
8
BLACK
6
CONTINUOUS
10
60.7941789999999997
20
-109.3580299999999994
11
60.8074999999999974
21
-109.4249999999999972
0
LINE
8
BLACK
6
CONTINUOUS
10
60.8074999999999974
20
-109.4249999999999972
11
60.8074999999999974
21
-109.7749999999999915
0
LINE
8
BLACK
6
CONTINUOUS
10
60.8074999999999974
20
-109.7749999999999915
11
60.7941789999999997
21
-109.8419699999999892
0
LINE
8
BLACK
6
CONTINUOUS
10
60.7941789999999997
20
-109.8419699999999892
11
60.7562439999999953
21
-109.8987439999999935
0
LINE
8
BLACK
6
CONTINUOUS
10
60.7562439999999953
20
-109.8987439999999935
11
60.699469999999998
21
-109.936678999999998
0
LINE
8
BLACK
6
CONTINUOUS
10
60.699469999999998
20
-109.936678999999998
11
60.6325000000000003
21
-109.9499999999999886
0
LINE
8
BLACK
6
CONTINUOUS
10
60.6325000000000003
20
-109.9499999999999886
11
59.967499999999994
21
-109.9499999999999886
0
LINE
8
BLACK
6
CONTINUOUS
10
59.967499999999994
20
-109.9499999999999886
11
59.9005299999999963
21
-109.936678999999998
0
LINE
8
BLACK
6
CONTINUOUS
10
59.9005299999999963
20
-109.936678999999998
11
59.8437559999999991
21
-109.8987439999999935
0
LINE
8
BLACK
6
CONTINUOUS
10
59.8437559999999991
20
-109.8987439999999935
11
59.8058209999999946
21
-109.8419699999999892
0
LINE
8
BLACK
6
CONTINUOUS
10
59.8058209999999946
20
-109.8419699999999892
11
59.7924999999999969
21
-109.7749999999999915
0
LINE
8
BLACK
6
CONTINUOUS
10
59.7924999999999969
20
-109.7749999999999915
11
59.7924999999999969
21
-109.4249999999999972
0
LINE
8
BLACK
6
CONTINUOUS
10
59.7924999999999969
20
-109.4249999999999972
11
59.8058209999999946
21
-109.3580299999999994
0
LINE
8
BLACK
6
CONTINUOUS
10
59.8058209999999946
20
-109.3580299999999994
11
59.8437559999999991
21
-109.3012559999999951
0
LINE
8
BLACK
6
CONTINUOUS
10
59.8437559999999991
20
-109.3012559999999951
11
59.9005299999999963
21
-109.2633209999999906
0
LINE
8
BLACK
6
CONTINUOUS
10
59.9005299999999963
20
-109.2633209999999906
11
59.967499999999994
21
-109.25
0
LINE
8
BLACK
6
CONTINUOUS
10
59.967499999999994
20
-109.25
11
60.6325000000000003
21
-109.25
0
LINE
8
BLACK
6
CONTINUOUS
10
60.6325000000000003
20
-109.25
11
60.699469999999998
21
-109.2633209999999906
0
LINE
8
BLACK
6
CONTINUOUS
10
74.7939319999999981
20
-109.4120989999999978
11
74.8279959999999988
21
-109.4348600000000005
0
LINE
8
BLACK
6
CONTINUOUS
10
74.8279959999999988
20
-109.4348600000000005
11
74.8507570000000015
21
-109.4689240000000012
0
LINE
8
BLACK
6
CONTINUOUS
10
74.8507570000000015
20
-109.4689240000000012
11
74.8587500000000006
21
-109.5091059999999885
0
LINE
8
BLACK
6
CONTINUOUS
10
74.8587500000000006
20
-109.5091059999999885
11
74.8587500000000006
21
-109.7191059999999965
0
LINE
8
BLACK
6
CONTINUOUS
10
74.8587500000000006
20
-109.7191059999999965
11
74.8507570000000015
21
-109.759287999999998
0
LINE
8
BLACK
6
CONTINUOUS
10
74.8507570000000015
20
-109.759287999999998
11
74.8279959999999988
21
-109.7933519999999987
0
LINE
8
BLACK
6
CONTINUOUS
10
74.8279959999999988
20
-109.7933519999999987
11
74.7939319999999981
21
-109.8161130000000014
0
LINE
8
BLACK
6
CONTINUOUS
10
74.7939319999999981
20
-109.8161130000000014
11
74.7537499999999966
21
-109.8241060000000004
0
LINE
8
BLACK
6
CONTINUOUS
10
74.7537499999999966
20
-109.8241060000000004
11
73.7212499999999977
21
-109.8241060000000004
0
LINE
8
BLACK
6
CONTINUOUS
10
73.7212499999999977
20
-109.8241060000000004
11
73.6810679999999962
21
-109.8161130000000014
0
LINE
8
BLACK
6
CONTINUOUS
10
73.6810679999999962
20
-109.8161130000000014
11
73.6470039999999955
21
-109.7933519999999987
0
LINE
8
BLACK
6
CONTINUOUS
10
73.6470039999999955
20
-109.7933519999999987
11
73.6242429999999928
21
-109.759287999999998
0
LINE
8
BLACK
6
CONTINUOUS
10
73.6242429999999928
20
-109.759287999999998
11
73.6162499999999937
21
-109.7191059999999965
0
LINE
8
BLACK
6
CONTINUOUS
10
73.6162499999999937
20
-109.7191059999999965
11
73.6162499999999937
21
-109.5091059999999885
0
LINE
8
BLACK
6
CONTINUOUS
10
73.6162499999999937
20
-109.5091059999999885
11
73.6242429999999928
21
-109.4689240000000012
0
LINE
8
BLACK
6
CONTINUOUS
10
73.6242429999999928
20
-109.4689240000000012
11
73.6470039999999955
21
-109.4348600000000005
0
LINE
8
BLACK
6
CONTINUOUS
10
73.6470039999999955
20
-109.4348600000000005
11
73.6810679999999962
21
-109.4120989999999978
0
LINE
8
BLACK
6
CONTINUOUS
10
73.6810679999999962
20
-109.4120989999999978
11
73.7212499999999977
21
-109.4041059999999987
0
LINE
8
BLACK
6
CONTINUOUS
10
73.7212499999999977
20
-109.4041059999999987
11
74.7537499999999966
21
-109.4041059999999987
0
LINE
8
BLACK
6
CONTINUOUS
10
74.7537499999999966
20
-109.4041059999999987
11
74.7939319999999981
21
-109.4120989999999978
0
LINE
8
BLACK
6
CONTINUOUS
10
79.9189319999999981
20
-109.4120989999999978
11
79.9529959999999988
21
-109.4348600000000005
0
LINE
8
BLACK
6
CONTINUOUS
10
79.9529959999999988
20
-109.4348600000000005
11
79.9757570000000015
21
-109.4689240000000012
0
LINE
8
BLACK
6
CONTINUOUS
10
79.9757570000000015
20
-109.4689240000000012
11
79.9837500000000006
21
-109.5091059999999885
0
LINE
8
BLACK
6
CONTINUOUS
10
79.9837500000000006
20
-109.5091059999999885
11
79.9837500000000006
21
-109.7191059999999965
0
LINE
8
BLACK
6
CONTINUOUS
10
79.9837500000000006
20
-109.7191059999999965
11
79.9757570000000015
21
-109.759287999999998
0
LINE
8
BLACK
6
CONTINUOUS
10
79.9757570000000015
20
-109.759287999999998
11
79.9529959999999988
21
-109.7933519999999987
0
LINE
8
BLACK
6
CONTINUOUS
10
79.9529959999999988
20
-109.7933519999999987
11
79.9189319999999981
21
-109.8161130000000014
0
LINE
8
BLACK
6
CONTINUOUS
10
79.9189319999999981
20
-109.8161130000000014
11
79.8787499999999966
21
-109.8241060000000004
0
LINE
8
BLACK
6
CONTINUOUS
10
79.8787499999999966
20
-109.8241060000000004
11
78.8462499999999977
21
-109.8241060000000004
0
LINE
8
BLACK
6
CONTINUOUS
10
78.8462499999999977
20
-109.8241060000000004
11
78.8060679999999962
21
-109.8161130000000014
0
LINE
8
BLACK
6
CONTINUOUS
10
78.8060679999999962
20
-109.8161130000000014
11
78.7720039999999955
21
-109.7933519999999987
0
LINE
8
BLACK
6
CONTINUOUS
10
78.7720039999999955
20
-109.7933519999999987
11
78.7492429999999928
21
-109.759287999999998
0
LINE
8
BLACK
6
CONTINUOUS
10
78.7492429999999928
20
-109.759287999999998
11
78.7412499999999937
21
-109.7191059999999965
0
LINE
8
BLACK
6
CONTINUOUS
10
78.7412499999999937
20
-109.7191059999999965
11
78.7412499999999937
21
-109.5091059999999885
0
LINE
8
BLACK
6
CONTINUOUS
10
78.7412499999999937
20
-109.5091059999999885
11
78.7492429999999928
21
-109.4689240000000012
0
LINE
8
BLACK
6
CONTINUOUS
10
78.7492429999999928
20
-109.4689240000000012
11
78.7720039999999955
21
-109.4348600000000005
0
LINE
8
BLACK
6
CONTINUOUS
10
78.7720039999999955
20
-109.4348600000000005
11
78.8060679999999962
21
-109.4120989999999978
0
LINE
8
BLACK
6
CONTINUOUS
10
78.8060679999999962
20
-109.4120989999999978
11
78.8462499999999977
21
-109.4041059999999987
0
LINE
8
BLACK
6
CONTINUOUS
10
78.8462499999999977
20
-109.4041059999999987
11
79.8787499999999966
21
-109.4041059999999987
0
LINE
8
BLACK
6
CONTINUOUS
10
79.8787499999999966
20
-109.4041059999999987
11
79.9189319999999981
21
-109.4120989999999978
0
LINE
8
BLACK
6
CONTINUOUS
10
53.7729539999999986
20
-108.4299819999999954
11
53.8581159999999954
21
-108.4868839999999892
0
LINE
8
BLACK
6
CONTINUOUS
10
53.8581159999999954
20
-108.4868839999999892
11
53.9150179999999963
21
-108.5720460000000003
0
LINE
8
BLACK
6
CONTINUOUS
10
53.9150179999999963
20
-108.5720460000000003
11
53.9349999999999952
21
-108.6724999999999994
0
LINE
8
BLACK
6
CONTINUOUS
10
53.9349999999999952
20
-108.6724999999999994
11
53.9349999999999952
21
-109.5474999999999994
0
LINE
8
BLACK
6
CONTINUOUS
10
53.9349999999999952
20
-109.5474999999999994
11
53.9150179999999963
21
-109.6479539999999986
0
LINE
8
BLACK
6
CONTINUOUS
10
53.9150179999999963
20
-109.6479539999999986
11
53.8581159999999954
21
-109.7331159999999954
0
LINE
8
BLACK
6
CONTINUOUS
10
53.8581159999999954
20
-109.7331159999999954
11
53.7729539999999986
21
-109.7900179999999892
0
LINE
8
BLACK
6
CONTINUOUS
10
53.7729539999999986
20
-109.7900179999999892
11
53.6724999999999994
21
-109.8099999999999881
0
LINE
8
BLACK
6
CONTINUOUS
10
53.6724999999999994
20
-109.8099999999999881
11
53.1475000000000009
21
-109.8099999999999881
0
LINE
8
BLACK
6
CONTINUOUS
10
53.1475000000000009
20
-109.8099999999999881
11
53.0470459999999946
21
-109.7900179999999892
0
LINE
8
BLACK
6
CONTINUOUS
10
53.0470459999999946
20
-109.7900179999999892
11
52.9618839999999977
21
-109.7331159999999954
0
LINE
8
BLACK
6
CONTINUOUS
10
52.9618839999999977
20
-109.7331159999999954
11
52.9049819999999968
21
-109.6479539999999986
0
LINE
8
BLACK
6
CONTINUOUS
10
52.9049819999999968
20
-109.6479539999999986
11
52.884999999999998
21
-109.5474999999999994
0
LINE
8
BLACK
6
CONTINUOUS
10
52.884999999999998
20
-109.5474999999999994
11
52.884999999999998
21
-108.6724999999999994
0
LINE
8
BLACK
6
CONTINUOUS
10
52.884999999999998
20
-108.6724999999999994
11
52.9049819999999968
21
-108.5720460000000003
0
LINE
8
BLACK
6
CONTINUOUS
10
52.9049819999999968
20
-108.5720460000000003
11
52.9618839999999977
21
-108.4868839999999892
0
LINE
8
BLACK
6
CONTINUOUS
10
52.9618839999999977
20
-108.4868839999999892
11
53.0470459999999946
21
-108.4299819999999954
0
LINE
8
BLACK
6
CONTINUOUS
10
53.0470459999999946
20
-108.4299819999999954
11
53.1475000000000009
21
-108.4099999999999966
0
LINE
8
BLACK
6
CONTINUOUS
10
53.1475000000000009
20
-108.4099999999999966
11
53.6724999999999994
21
-108.4099999999999966
0
LINE
8
BLACK
6
CONTINUOUS
10
53.6724999999999994
20
-108.4099999999999966
11
53.7729539999999986
21
-108.4299819999999954
0
LINE
8
BLACK
6
CONTINUOUS
10
56.0729539999999957
20
-108.4299819999999954
11
56.1581159999999997
21
-108.4868839999999892
0
LINE
8
BLACK
6
CONTINUOUS
10
56.1581159999999997
20
-108.4868839999999892
11
56.2150180000000006
21
-108.5720460000000003
0
LINE
8
BLACK
6
CONTINUOUS
10
56.2150180000000006
20
-108.5720460000000003
11
56.2349999999999994
21
-108.6724999999999994
0
LINE
8
BLACK
6
CONTINUOUS
10
56.2349999999999994
20
-108.6724999999999994
11
56.2349999999999994
21
-109.5474999999999994
0
LINE
8
BLACK
6
CONTINUOUS
10
56.2349999999999994
20
-109.5474999999999994
11
56.2150180000000006
21
-109.6479539999999986
0
LINE
8
BLACK
6
CONTINUOUS
10
56.2150180000000006
20
-109.6479539999999986
11
56.1581159999999997
21
-109.7331159999999954
0
LINE
8
BLACK
6
CONTINUOUS
10
56.1581159999999997
20
-109.7331159999999954
11
56.0729539999999957
21
-109.7900179999999892
0
LINE
8
BLACK
6
CONTINUOUS
10
56.0729539999999957
20
-109.7900179999999892
11
55.9724999999999966
21
-109.8099999999999881
0
LINE
8
BLACK
6
CONTINUOUS
10
55.9724999999999966
20
-109.8099999999999881
11
55.447499999999998
21
-109.8099999999999881
0
LINE
8
BLACK
6
CONTINUOUS
10
55.447499999999998
20
-109.8099999999999881
11
55.3470459999999989
21
-109.7900179999999892
0
LINE
8
BLACK
6
CONTINUOUS
10
55.3470459999999989
20
-109.7900179999999892
11
55.2618839999999949
21
-109.7331159999999954
0
LINE
8
BLACK
6
CONTINUOUS
10
55.2618839999999949
20
-109.7331159999999954
11
55.204981999999994
21
-109.6479539999999986
0
LINE
8
BLACK
6
CONTINUOUS
10
55.204981999999994
20
-109.6479539999999986
11
55.1849999999999952
21
-109.5474999999999994
0
LINE
8
BLACK
6
CONTINUOUS
10
55.1849999999999952
20
-109.5474999999999994
11
55.1849999999999952
21
-108.6724999999999994
0
LINE
8
BLACK
6
CONTINUOUS
10
55.1849999999999952
20
-108.6724999999999994
11
55.204981999999994
21
-108.5720460000000003
0
LINE
8
BLACK
6
CONTINUOUS
10
55.204981999999994
20
-108.5720460000000003
11
55.2618839999999949
21
-108.4868839999999892
0
LINE
8
BLACK
6
CONTINUOUS
10
55.2618839999999949
20
-108.4868839999999892
11
55.3470459999999989
21
-108.4299819999999954
0
LINE
8
BLACK
6
CONTINUOUS
10
55.3470459999999989
20
-108.4299819999999954
11
55.447499999999998
21
-108.4099999999999966
0
LINE
8
BLACK
6
CONTINUOUS
10
55.447499999999998
20
-108.4099999999999966
11
55.9724999999999966
21
-108.4099999999999966
0
LINE
8
BLACK
6
CONTINUOUS
10
55.9724999999999966
20
-108.4099999999999966
11
56.0729539999999957
21
-108.4299819999999954
0
LINE
8
BLACK
6
CONTINUOUS
10
58.372954
20
-108.4299819999999954
11
58.4581159999999969
21
-108.4868839999999892
0
LINE
8
BLACK
6
CONTINUOUS
10
58.4581159999999969
20
-108.4868839999999892
11
58.5150179999999978
21
-108.5720460000000003
0
LINE
8
BLACK
6
CONTINUOUS
10
58.5150179999999978
20
-108.5720460000000003
11
58.5349999999999966
21
-108.6724999999999994
0
LINE
8
BLACK
6
CONTINUOUS
10
58.5349999999999966
20
-108.6724999999999994
11
58.5349999999999966
21
-109.5474999999999994
0
LINE
8
BLACK
6
CONTINUOUS
10
58.5349999999999966
20
-109.5474999999999994
11
58.5150179999999978
21
-109.6479539999999986
0
LINE
8
BLACK
6
CONTINUOUS
10
58.5150179999999978
20
-109.6479539999999986
11
58.4581159999999969
21
-109.7331159999999954
0
LINE
8
BLACK
6
CONTINUOUS
10
58.4581159999999969
20
-109.7331159999999954
11
58.372954
21
-109.7900179999999892
0
LINE
8
BLACK
6
CONTINUOUS
10
58.372954
20
-109.7900179999999892
11
58.2725000000000009
21
-109.8099999999999881
0
LINE
8
BLACK
6
CONTINUOUS
10
58.2725000000000009
20
-109.8099999999999881
11
57.7474999999999952
21
-109.8099999999999881
0
LINE
8
BLACK
6
CONTINUOUS
10
57.7474999999999952
20
-109.8099999999999881
11
57.647045999999996
21
-109.7900179999999892
0
LINE
8
BLACK
6
CONTINUOUS
10
57.647045999999996
20
-109.7900179999999892
11
57.5618839999999992
21
-109.7331159999999954
0
LINE
8
BLACK
6
CONTINUOUS
10
57.5618839999999992
20
-109.7331159999999954
11
57.5049819999999983
21
-109.6479539999999986
0
LINE
8
BLACK
6
CONTINUOUS
10
57.5049819999999983
20
-109.6479539999999986
11
57.4849999999999994
21
-109.5474999999999994
0
LINE
8
BLACK
6
CONTINUOUS
10
57.4849999999999994
20
-109.5474999999999994
11
57.4849999999999994
21
-108.6724999999999994
0
LINE
8
BLACK
6
CONTINUOUS
10
57.4849999999999994
20
-108.6724999999999994
11
57.5049819999999983
21
-108.5720460000000003
0
LINE
8
BLACK
6
CONTINUOUS
10
57.5049819999999983
20
-108.5720460000000003
11
57.5618839999999992
21
-108.4868839999999892
0
LINE
8
BLACK
6
CONTINUOUS
10
57.5618839999999992
20
-108.4868839999999892
11
57.647045999999996
21
-108.4299819999999954
0
LINE
8
BLACK
6
CONTINUOUS
10
57.647045999999996
20
-108.4299819999999954
11
57.7474999999999952
21
-108.4099999999999966
0
LINE
8
BLACK
6
CONTINUOUS
10
57.7474999999999952
20
-108.4099999999999966
11
58.2725000000000009
21
-108.4099999999999966
0
LINE
8
BLACK
6
CONTINUOUS
10
58.2725000000000009
20
-108.4099999999999966
11
58.372954
21
-108.4299819999999954
0
LINE
8
BLACK
6
CONTINUOUS
10
68.6319699999999955
20
-109.0920699999999925
11
68.6887439999999998
21
-109.130004999999997
0
LINE
8
BLACK
6
CONTINUOUS
10
68.6887439999999998
20
-109.130004999999997
11
68.7266789999999901
21
-109.1867790000000014
0
LINE
8
BLACK
6
CONTINUOUS
10
68.7266789999999901
20
-109.1867790000000014
11
68.7399999999999949
21
-109.2537489999999991
0
LINE
8
BLACK
6
CONTINUOUS
10
68.7399999999999949
20
-109.2537489999999991
11
68.7399999999999949
21
-109.6212489999999917
0
LINE
8
BLACK
6
CONTINUOUS
10
68.7399999999999949
20
-109.6212489999999917
11
68.7266789999999901
21
-109.6882189999999895
0
LINE
8
BLACK
6
CONTINUOUS
10
68.7266789999999901
20
-109.6882189999999895
11
68.6887439999999998
21
-109.7449929999999938
0
LINE
8
BLACK
6
CONTINUOUS
10
68.6887439999999998
20
-109.7449929999999938
11
68.6319699999999955
21
-109.7829279999999983
0
LINE
8
BLACK
6
CONTINUOUS
10
68.6319699999999955
20
-109.7829279999999983
11
68.5649999999999977
21
-109.7962489999999889
0
LINE
8
BLACK
6
CONTINUOUS
10
68.5649999999999977
20
-109.7962489999999889
11
67.9350000000000023
21
-109.7962489999999889
0
LINE
8
BLACK
6
CONTINUOUS
10
67.9350000000000023
20
-109.7962489999999889
11
67.8680299999999903
21
-109.7829279999999983
0
LINE
8
BLACK
6
CONTINUOUS
10
67.8680299999999903
20
-109.7829279999999983
11
67.8112560000000002
21
-109.7449929999999938
0
LINE
8
BLACK
6
CONTINUOUS
10
67.8112560000000002
20
-109.7449929999999938
11
67.7733209999999957
21
-109.6882189999999895
0
LINE
8
BLACK
6
CONTINUOUS
10
67.7733209999999957
20
-109.6882189999999895
11
67.7599999999999909
21
-109.6212489999999917
0
LINE
8
BLACK
6
CONTINUOUS
10
67.7599999999999909
20
-109.6212489999999917
11
67.7599999999999909
21
-109.2537489999999991
0
LINE
8
BLACK
6
CONTINUOUS
10
67.7599999999999909
20
-109.2537489999999991
11
67.7733209999999957
21
-109.1867790000000014
0
LINE
8
BLACK
6
CONTINUOUS
10
67.7733209999999957
20
-109.1867790000000014
11
67.8112560000000002
21
-109.130004999999997
0
LINE
8
BLACK
6
CONTINUOUS
10
67.8112560000000002
20
-109.130004999999997
11
67.8680299999999903
21
-109.0920699999999925
0
LINE
8
BLACK
6
CONTINUOUS
10
67.8680299999999903
20
-109.0920699999999925
11
67.9350000000000023
21
-109.078749000000002
0
LINE
8
BLACK
6
CONTINUOUS
10
67.9350000000000023
20
-109.078749000000002
11
68.5649999999999977
21
-109.078749000000002
0
LINE
8
BLACK
6
CONTINUOUS
10
68.5649999999999977
20
-109.078749000000002
11
68.6319699999999955
21
-109.0920699999999925
0
LINE
8
BLACK
6
CONTINUOUS
10
62.699469999999998
20
-109.0633199999999903
11
62.7562439999999953
21
-109.1012549999999948
0
LINE
8
BLACK
6
CONTINUOUS
10
62.7562439999999953
20
-109.1012549999999948
11
62.7941789999999997
21
-109.1580289999999991
0
LINE
8
BLACK
6
CONTINUOUS
10
62.7941789999999997
20
-109.1580289999999991
11
62.8074999999999974
21
-109.2249989999999968
0
LINE
8
BLACK
6
CONTINUOUS
10
62.8074999999999974
20
-109.2249989999999968
11
62.8074999999999974
21
-109.5749989999999912
0
LINE
8
BLACK
6
CONTINUOUS
10
62.8074999999999974
20
-109.5749989999999912
11
62.7941789999999997
21
-109.6419689999999889
0
LINE
8
BLACK
6
CONTINUOUS
10
62.7941789999999997
20
-109.6419689999999889
11
62.7562439999999953
21
-109.6987429999999932
0
LINE
8
BLACK
6
CONTINUOUS
10
62.7562439999999953
20
-109.6987429999999932
11
62.699469999999998
21
-109.7366779999999977
0
LINE
8
BLACK
6
CONTINUOUS
10
62.699469999999998
20
-109.7366779999999977
11
62.6325000000000003
21
-109.7499989999999883
0
LINE
8
BLACK
6
CONTINUOUS
10
62.6325000000000003
20
-109.7499989999999883
11
61.967499999999994
21
-109.7499989999999883
0
LINE
8
BLACK
6
CONTINUOUS
10
61.967499999999994
20
-109.7499989999999883
11
61.9005299999999963
21
-109.7366779999999977
0
LINE
8
BLACK
6
CONTINUOUS
10
61.9005299999999963
20
-109.7366779999999977
11
61.8437559999999991
21
-109.6987429999999932
0
LINE
8
BLACK
6
CONTINUOUS
10
61.8437559999999991
20
-109.6987429999999932
11
61.8058209999999946
21
-109.6419689999999889
0
LINE
8
BLACK
6
CONTINUOUS
10
61.8058209999999946
20
-109.6419689999999889
11
61.7924999999999969
21
-109.5749989999999912
0
LINE
8
BLACK
6
CONTINUOUS
10
61.7924999999999969
20
-109.5749989999999912
11
61.7924999999999969
21
-109.2249989999999968
0
LINE
8
BLACK
6
CONTINUOUS
10
61.7924999999999969
20
-109.2249989999999968
11
61.8058209999999946
21
-109.1580289999999991
0
LINE
8
BLACK
6
CONTINUOUS
10
61.8058209999999946
20
-109.1580289999999991
11
61.8437559999999991
21
-109.1012549999999948
0
LINE
8
BLACK
6
CONTINUOUS
10
61.8437559999999991
20
-109.1012549999999948
11
61.9005299999999963
21
-109.0633199999999903
0
LINE
8
BLACK
6
CONTINUOUS
10
61.9005299999999963
20
-109.0633199999999903
11
61.967499999999994
21
-109.0499989999999997
0
LINE
8
BLACK
6
CONTINUOUS
10
61.967499999999994
20
-109.0499989999999997
11
62.6325000000000003
21
-109.0499989999999997
0
LINE
8
BLACK
6
CONTINUOUS
10
62.6325000000000003
20
-109.0499989999999997
11
62.699469999999998
21
-109.0633199999999903
0
LINE
8
BLACK
6
CONTINUOUS
10
64.6994699999999909
20
-109.0633199999999903
11
64.7562439999999953
21
-109.1012549999999948
0
LINE
8
BLACK
6
CONTINUOUS
10
64.7562439999999953
20
-109.1012549999999948
11
64.7941789999999997
21
-109.1580289999999991
0
LINE
8
BLACK
6
CONTINUOUS
10
64.7941789999999997
20
-109.1580289999999991
11
64.8074999999999903
21
-109.2249989999999968
0
LINE
8
BLACK
6
CONTINUOUS
10
64.8074999999999903
20
-109.2249989999999968
11
64.8074999999999903
21
-109.5749989999999912
0
LINE
8
BLACK
6
CONTINUOUS
10
64.8074999999999903
20
-109.5749989999999912
11
64.7941789999999997
21
-109.6419689999999889
0
LINE
8
BLACK
6
CONTINUOUS
10
64.7941789999999997
20
-109.6419689999999889
11
64.7562439999999953
21
-109.6987429999999932
0
LINE
8
BLACK
6
CONTINUOUS
10
64.7562439999999953
20
-109.6987429999999932
11
64.6994699999999909
21
-109.7366779999999977
0
LINE
8
BLACK
6
CONTINUOUS
10
64.6994699999999909
20
-109.7366779999999977
11
64.6324999999999932
21
-109.7499989999999883
0
LINE
8
BLACK
6
CONTINUOUS
10
64.6324999999999932
20
-109.7499989999999883
11
63.967499999999994
21
-109.7499989999999883
0
LINE
8
BLACK
6
CONTINUOUS
10
63.967499999999994
20
-109.7499989999999883
11
63.9005299999999963
21
-109.7366779999999977
0
LINE
8
BLACK
6
CONTINUOUS
10
63.9005299999999963
20
-109.7366779999999977
11
63.8437559999999991
21
-109.6987429999999932
0
LINE
8
BLACK
6
CONTINUOUS
10
63.8437559999999991
20
-109.6987429999999932
11
63.8058209999999946
21
-109.6419689999999889
0
LINE
8
BLACK
6
CONTINUOUS
10
63.8058209999999946
20
-109.6419689999999889
11
63.7924999999999969
21
-109.5749989999999912
0
LINE
8
BLACK
6
CONTINUOUS
10
63.7924999999999969
20
-109.5749989999999912
11
63.7924999999999969
21
-109.2249989999999968
0
LINE
8
BLACK
6
CONTINUOUS
10
63.7924999999999969
20
-109.2249989999999968
11
63.8058209999999946
21
-109.1580289999999991
0
LINE
8
BLACK
6
CONTINUOUS
10
63.8058209999999946
20
-109.1580289999999991
11
63.8437559999999991
21
-109.1012549999999948
0
LINE
8
BLACK
6
CONTINUOUS
10
63.8437559999999991
20
-109.1012549999999948
11
63.9005299999999963
21
-109.0633199999999903
0
LINE
8
BLACK
6
CONTINUOUS
10
63.9005299999999963
20
-109.0633199999999903
11
63.967499999999994
21
-109.0499989999999997
0
LINE
8
BLACK
6
CONTINUOUS
10
63.967499999999994
20
-109.0499989999999997
11
64.6324999999999932
21
-109.0499989999999997
0
LINE
8
BLACK
6
CONTINUOUS
10
64.6324999999999932
20
-109.0499989999999997
11
64.6994699999999909
21
-109.0633199999999903
0
LINE
8
BLACK
6
CONTINUOUS
10
66.6994699999999909
20
-109.0633199999999903
11
66.7562439999999953
21
-109.1012549999999948
0
LINE
8
BLACK
6
CONTINUOUS
10
66.7562439999999953
20
-109.1012549999999948
11
66.7941789999999997
21
-109.1580289999999991
0
LINE
8
BLACK
6
CONTINUOUS
10
66.7941789999999997
20
-109.1580289999999991
11
66.8074999999999903
21
-109.2249989999999968
0
LINE
8
BLACK
6
CONTINUOUS
10
66.8074999999999903
20
-109.2249989999999968
11
66.8074999999999903
21
-109.5749989999999912
0
LINE
8
BLACK
6
CONTINUOUS
10
66.8074999999999903
20
-109.5749989999999912
11
66.7941789999999997
21
-109.6419689999999889
0
LINE
8
BLACK
6
CONTINUOUS
10
66.7941789999999997
20
-109.6419689999999889
11
66.7562439999999953
21
-109.6987429999999932
0
LINE
8
BLACK
6
CONTINUOUS
10
66.7562439999999953
20
-109.6987429999999932
11
66.6994699999999909
21
-109.7366779999999977
0
LINE
8
BLACK
6
CONTINUOUS
10
66.6994699999999909
20
-109.7366779999999977
11
66.6324999999999932
21
-109.7499989999999883
0
LINE
8
BLACK
6
CONTINUOUS
10
66.6324999999999932
20
-109.7499989999999883
11
65.9675000000000011
21
-109.7499989999999883
0
LINE
8
BLACK
6
CONTINUOUS
10
65.9675000000000011
20
-109.7499989999999883
11
65.9005300000000034
21
-109.7366779999999977
0
LINE
8
BLACK
6
CONTINUOUS
10
65.9005300000000034
20
-109.7366779999999977
11
65.8437559999999991
21
-109.6987429999999932
0
LINE
8
BLACK
6
CONTINUOUS
10
65.8437559999999991
20
-109.6987429999999932
11
65.8058209999999946
21
-109.6419689999999889
0
LINE
8
BLACK
6
CONTINUOUS
10
65.8058209999999946
20
-109.6419689999999889
11
65.792500000000004
21
-109.5749989999999912
0
LINE
8
BLACK
6
CONTINUOUS
10
65.792500000000004
20
-109.5749989999999912
11
65.792500000000004
21
-109.2249989999999968
0
LINE
8
BLACK
6
CONTINUOUS
10
65.792500000000004
20
-109.2249989999999968
11
65.8058209999999946
21
-109.1580289999999991
0
LINE
8
BLACK
6
CONTINUOUS
10
65.8058209999999946
20
-109.1580289999999991
11
65.8437559999999991
21
-109.1012549999999948
0
LINE
8
BLACK
6
CONTINUOUS
10
65.8437559999999991
20
-109.1012549999999948
11
65.9005300000000034
21
-109.0633199999999903
0
LINE
8
BLACK
6
CONTINUOUS
10
65.9005300000000034
20
-109.0633199999999903
11
65.9675000000000011
21
-109.0499989999999997
0
LINE
8
BLACK
6
CONTINUOUS
10
65.9675000000000011
20
-109.0499989999999997
11
66.6324999999999932
21
-109.0499989999999997
0
LINE
8
BLACK
6
CONTINUOUS
10
66.6324999999999932
20
-109.0499989999999997
11
66.6994699999999909
21
-109.0633199999999903
0
LINE
8
BLACK
6
CONTINUOUS
10
81.8994699999999938
20
-108.8633209999999991
11
81.9562439999999981
21
-108.9012559999999894
0
LINE
8
BLACK
6
CONTINUOUS
10
81.9562439999999981
20
-108.9012559999999894
11
81.9941790000000026
21
-108.9580299999999937
0
LINE
8
BLACK
6
CONTINUOUS
10
81.9941790000000026
20
-108.9580299999999937
11
82.0074999999999932
21
-109.0249999999999915
0
LINE
8
BLACK
6
CONTINUOUS
10
82.0074999999999932
20
-109.0249999999999915
11
82.0074999999999932
21
-109.375
0
LINE
8
BLACK
6
CONTINUOUS
10
82.0074999999999932
20
-109.375
11
81.9941790000000026
21
-109.4419699999999978
0
LINE
8
BLACK
6
CONTINUOUS
10
81.9941790000000026
20
-109.4419699999999978
11
81.9562439999999981
21
-109.4987440000000021
0
LINE
8
BLACK
6
CONTINUOUS
10
81.9562439999999981
20
-109.4987440000000021
11
81.8994699999999938
21
-109.5366789999999924
0
LINE
8
BLACK
6
CONTINUOUS
10
81.8994699999999938
20
-109.5366789999999924
11
81.832499999999996
21
-109.5499999999999972
0
LINE
8
BLACK
6
CONTINUOUS
10
81.832499999999996
20
-109.5499999999999972
11
81.1674999999999898
21
-109.5499999999999972
0
LINE
8
BLACK
6
CONTINUOUS
10
81.1674999999999898
20
-109.5499999999999972
11
81.100529999999992
21
-109.5366789999999924
0
LINE
8
BLACK
6
CONTINUOUS
10
81.100529999999992
20
-109.5366789999999924
11
81.0437560000000019
21
-109.4987440000000021
0
LINE
8
BLACK
6
CONTINUOUS
10
81.0437560000000019
20
-109.4987440000000021
11
81.0058209999999974
21
-109.4419699999999978
0
LINE
8
BLACK
6
CONTINUOUS
10
81.0058209999999974
20
-109.4419699999999978
11
80.9924999999999926
21
-109.375
0
LINE
8
BLACK
6
CONTINUOUS
10
80.9924999999999926
20
-109.375
11
80.9924999999999926
21
-109.0249999999999915
0
LINE
8
BLACK
6
CONTINUOUS
10
80.9924999999999926
20
-109.0249999999999915
11
81.0058209999999974
21
-108.9580299999999937
0
LINE
8
BLACK
6
CONTINUOUS
10
81.0058209999999974
20
-108.9580299999999937
11
81.0437560000000019
21
-108.9012559999999894
0
LINE
8
BLACK
6
CONTINUOUS
10
81.0437560000000019
20
-108.9012559999999894
11
81.100529999999992
21
-108.8633209999999991
0
LINE
8
BLACK
6
CONTINUOUS
10
81.100529999999992
20
-108.8633209999999991
11
81.1674999999999898
21
-108.8499999999999943
0
LINE
8
BLACK
6
CONTINUOUS
10
81.1674999999999898
20
-108.8499999999999943
11
81.832499999999996
21
-108.8499999999999943
0
LINE
8
BLACK
6
CONTINUOUS
10
81.832499999999996
20
-108.8499999999999943
11
81.8994699999999938
21
-108.8633209999999991
0
LINE
8
BLACK
6
CONTINUOUS
10
83.8994699999999938
20
-108.8633209999999991
11
83.9562439999999981
21
-108.9012559999999894
0
LINE
8
BLACK
6
CONTINUOUS
10
83.9562439999999981
20
-108.9012559999999894
11
83.9941790000000026
21
-108.9580299999999937
0
LINE
8
BLACK
6
CONTINUOUS
10
83.9941790000000026
20
-108.9580299999999937
11
84.0074999999999932
21
-109.0249999999999915
0
LINE
8
BLACK
6
CONTINUOUS
10
84.0074999999999932
20
-109.0249999999999915
11
84.0074999999999932
21
-109.375
0
LINE
8
BLACK
6
CONTINUOUS
10
84.0074999999999932
20
-109.375
11
83.9941790000000026
21
-109.4419699999999978
0
LINE
8
BLACK
6
CONTINUOUS
10
83.9941790000000026
20
-109.4419699999999978
11
83.9562439999999981
21
-109.4987440000000021
0
LINE
8
BLACK
6
CONTINUOUS
10
83.9562439999999981
20
-109.4987440000000021
11
83.8994699999999938
21
-109.5366789999999924
0
LINE
8
BLACK
6
CONTINUOUS
10
83.8994699999999938
20
-109.5366789999999924
11
83.832499999999996
21
-109.5499999999999972
0
LINE
8
BLACK
6
CONTINUOUS
10
83.832499999999996
20
-109.5499999999999972
11
83.1674999999999898
21
-109.5499999999999972
0
LINE
8
BLACK
6
CONTINUOUS
10
83.1674999999999898
20
-109.5499999999999972
11
83.100529999999992
21
-109.5366789999999924
0
LINE
8
BLACK
6
CONTINUOUS
10
83.100529999999992
20
-109.5366789999999924
11
83.0437560000000019
21
-109.4987440000000021
0
LINE
8
BLACK
6
CONTINUOUS
10
83.0437560000000019
20
-109.4987440000000021
11
83.0058209999999974
21
-109.4419699999999978
0
LINE
8
BLACK
6
CONTINUOUS
10
83.0058209999999974
20
-109.4419699999999978
11
82.9924999999999926
21
-109.375
0
LINE
8
BLACK
6
CONTINUOUS
10
82.9924999999999926
20
-109.375
11
82.9924999999999926
21
-109.0249999999999915
0
LINE
8
BLACK
6
CONTINUOUS
10
82.9924999999999926
20
-109.0249999999999915
11
83.0058209999999974
21
-108.9580299999999937
0
LINE
8
BLACK
6
CONTINUOUS
10
83.0058209999999974
20
-108.9580299999999937
11
83.0437560000000019
21
-108.9012559999999894
0
LINE
8
BLACK
6
CONTINUOUS
10
83.0437560000000019
20
-108.9012559999999894
11
83.100529999999992
21
-108.8633209999999991
0
LINE
8
BLACK
6
CONTINUOUS
10
83.100529999999992
20
-108.8633209999999991
11
83.1674999999999898
21
-108.8499999999999943
0
LINE
8
BLACK
6
CONTINUOUS
10
83.1674999999999898
20
-108.8499999999999943
11
83.832499999999996
21
-108.8499999999999943
0
LINE
8
BLACK
6
CONTINUOUS
10
83.832499999999996
20
-108.8499999999999943
11
83.8994699999999938
21
-108.8633209999999991
0
LINE
8
BLACK
6
CONTINUOUS
10
85.8994699999999938
20
-108.8633209999999991
11
85.9562439999999981
21
-108.9012559999999894
0
LINE
8
BLACK
6
CONTINUOUS
10
85.9562439999999981
20
-108.9012559999999894
11
85.9941790000000026
21
-108.9580299999999937
0
LINE
8
BLACK
6
CONTINUOUS
10
85.9941790000000026
20
-108.9580299999999937
11
86.0074999999999932
21
-109.0249999999999915
0
LINE
8
BLACK
6
CONTINUOUS
10
86.0074999999999932
20
-109.0249999999999915
11
86.0074999999999932
21
-109.375
0
LINE
8
BLACK
6
CONTINUOUS
10
86.0074999999999932
20
-109.375
11
85.9941790000000026
21
-109.4419699999999978
0
LINE
8
BLACK
6
CONTINUOUS
10
85.9941790000000026
20
-109.4419699999999978
11
85.9562439999999981
21
-109.4987440000000021
0
LINE
8
BLACK
6
CONTINUOUS
10
85.9562439999999981
20
-109.4987440000000021
11
85.8994699999999938
21
-109.5366789999999924
0
LINE
8
BLACK
6
CONTINUOUS
10
85.8994699999999938
20
-109.5366789999999924
11
85.832499999999996
21
-109.5499999999999972
0
LINE
8
BLACK
6
CONTINUOUS
10
85.832499999999996
20
-109.5499999999999972
11
85.1674999999999898
21
-109.5499999999999972
0
LINE
8
BLACK
6
CONTINUOUS
10
85.1674999999999898
20
-109.5499999999999972
11
85.100529999999992
21
-109.5366789999999924
0
LINE
8
BLACK
6
CONTINUOUS
10
85.100529999999992
20
-109.5366789999999924
11
85.0437560000000019
21
-109.4987440000000021
0
LINE
8
BLACK
6
CONTINUOUS
10
85.0437560000000019
20
-109.4987440000000021
11
85.0058209999999974
21
-109.4419699999999978
0
LINE
8
BLACK
6
CONTINUOUS
10
85.0058209999999974
20
-109.4419699999999978
11
84.9924999999999926
21
-109.375
0
LINE
8
BLACK
6
CONTINUOUS
10
84.9924999999999926
20
-109.375
11
84.9924999999999926
21
-109.0249999999999915
0
LINE
8
BLACK
6
CONTINUOUS
10
84.9924999999999926
20
-109.0249999999999915
11
85.0058209999999974
21
-108.9580299999999937
0
LINE
8
BLACK
6
CONTINUOUS
10
85.0058209999999974
20
-108.9580299999999937
11
85.0437560000000019
21
-108.9012559999999894
0
LINE
8
BLACK
6
CONTINUOUS
10
85.0437560000000019
20
-108.9012559999999894
11
85.100529999999992
21
-108.8633209999999991
0
LINE
8
BLACK
6
CONTINUOUS
10
85.100529999999992
20
-108.8633209999999991
11
85.1674999999999898
21
-108.8499999999999943
0
LINE
8
BLACK
6
CONTINUOUS
10
85.1674999999999898
20
-108.8499999999999943
11
85.832499999999996
21
-108.8499999999999943
0
LINE
8
BLACK
6
CONTINUOUS
10
85.832499999999996
20
-108.8499999999999943
11
85.8994699999999938
21
-108.8633209999999991
0
LINE
8
BLACK
6
CONTINUOUS
10
100.2644699999999887
20
-108.4908209999999968
11
100.321243999999993
21
-108.5287560000000013
0
LINE
8
BLACK
6
CONTINUOUS
10
100.321243999999993
20
-108.5287560000000013
11
100.3591789999999975
21
-108.5855299999999914
0
LINE
8
BLACK
6
CONTINUOUS
10
100.3591789999999975
20
-108.5855299999999914
11
100.3725000000000023
21
-108.6524999999999892
0
LINE
8
BLACK
6
CONTINUOUS
10
100.3725000000000023
20
-108.6524999999999892
11
100.3725000000000023
21
-109.2474999999999881
0
LINE
8
BLACK
6
CONTINUOUS
10
100.3725000000000023
20
-109.2474999999999881
11
100.3591789999999975
21
-109.31447
0
LINE
8
BLACK
6
CONTINUOUS
10
100.3591789999999975
20
-109.31447
11
100.321243999999993
21
-109.3712439999999901
0
LINE
8
BLACK
6
CONTINUOUS
10
100.321243999999993
20
-109.3712439999999901
11
100.2644699999999887
21
-109.4091789999999946
0
LINE
8
BLACK
6
CONTINUOUS
10
100.2644699999999887
20
-109.4091789999999946
11
100.1974999999999909
21
-109.4224999999999994
0
LINE
8
BLACK
6
CONTINUOUS
10
100.1974999999999909
20
-109.4224999999999994
11
98.2025000000000006
21
-109.4224999999999994
0
LINE
8
BLACK
6
CONTINUOUS
10
98.2025000000000006
20
-109.4224999999999994
11
98.1355299999999886
21
-109.4091789999999946
0
LINE
8
BLACK
6
CONTINUOUS
10
98.1355299999999886
20
-109.4091789999999946
11
98.0787559999999985
21
-109.3712439999999901
0
LINE
8
BLACK
6
CONTINUOUS
10
98.0787559999999985
20
-109.3712439999999901
11
98.040820999999994
21
-109.31447
0
LINE
8
BLACK
6
CONTINUOUS
10
98.040820999999994
20
-109.31447
11
98.0274999999999892
21
-109.2474999999999881
0
LINE
8
BLACK
6
CONTINUOUS
10
98.0274999999999892
20
-109.2474999999999881
11
98.0274999999999892
21
-108.6524999999999892
0
LINE
8
BLACK
6
CONTINUOUS
10
98.0274999999999892
20
-108.6524999999999892
11
98.040820999999994
21
-108.5855299999999914
0
LINE
8
BLACK
6
CONTINUOUS
10
98.040820999999994
20
-108.5855299999999914
11
98.0787559999999985
21
-108.5287560000000013
0
LINE
8
BLACK
6
CONTINUOUS
10
98.0787559999999985
20
-108.5287560000000013
11
98.1355299999999886
21
-108.4908209999999968
0
LINE
8
BLACK
6
CONTINUOUS
10
98.1355299999999886
20
-108.4908209999999968
11
98.2025000000000006
21
-108.477499999999992
0
LINE
8
BLACK
6
CONTINUOUS
10
98.2025000000000006
20
-108.477499999999992
11
100.1974999999999909
21
-108.477499999999992
0
LINE
8
BLACK
6
CONTINUOUS
10
100.1974999999999909
20
-108.477499999999992
11
100.2644699999999887
21
-108.4908209999999968
0
LINE
8
BLACK
6
CONTINUOUS
10
72.5319700000000012
20
-108.6920700000000011
11
72.5887439999999913
21
-108.7300049999999914
0
LINE
8
BLACK
6
CONTINUOUS
10
72.5887439999999913
20
-108.7300049999999914
11
72.6266789999999958
21
-108.7867789999999957
0
LINE
8
BLACK
6
CONTINUOUS
10
72.6266789999999958
20
-108.7867789999999957
11
72.6400000000000006
21
-108.8537489999999934
0
LINE
8
BLACK
6
CONTINUOUS
10
72.6400000000000006
20
-108.8537489999999934
11
72.6400000000000006
21
-109.2212490000000003
0
LINE
8
BLACK
6
CONTINUOUS
10
72.6400000000000006
20
-109.2212490000000003
11
72.6266789999999958
21
-109.288218999999998
0
LINE
8
BLACK
6
CONTINUOUS
10
72.6266789999999958
20
-109.288218999999998
11
72.5887439999999913
21
-109.3449929999999881
0
LINE
8
BLACK
6
CONTINUOUS
10
72.5887439999999913
20
-109.3449929999999881
11
72.5319700000000012
21
-109.3829279999999926
0
LINE
8
BLACK
6
CONTINUOUS
10
72.5319700000000012
20
-109.3829279999999926
11
72.4650000000000034
21
-109.3962489999999974
0
LINE
8
BLACK
6
CONTINUOUS
10
72.4650000000000034
20
-109.3962489999999974
11
71.8349999999999937
21
-109.3962489999999974
0
LINE
8
BLACK
6
CONTINUOUS
10
71.8349999999999937
20
-109.3962489999999974
11
71.768029999999996
21
-109.3829279999999926
0
LINE
8
BLACK
6
CONTINUOUS
10
71.768029999999996
20
-109.3829279999999926
11
71.7112559999999917
21
-109.3449929999999881
0
LINE
8
BLACK
6
CONTINUOUS
10
71.7112559999999917
20
-109.3449929999999881
11
71.6733210000000014
21
-109.288218999999998
0
LINE
8
BLACK
6
CONTINUOUS
10
71.6733210000000014
20
-109.288218999999998
11
71.6599999999999966
21
-109.2212490000000003
0
LINE
8
BLACK
6
CONTINUOUS
10
71.6599999999999966
20
-109.2212490000000003
11
71.6599999999999966
21
-108.8537489999999934
0
LINE
8
BLACK
6
CONTINUOUS
10
71.6599999999999966
20
-108.8537489999999934
11
71.6733210000000014
21
-108.7867789999999957
0
LINE
8
BLACK
6
CONTINUOUS
10
71.6733210000000014
20
-108.7867789999999957
11
71.7112559999999917
21
-108.7300049999999914
0
LINE
8
BLACK
6
CONTINUOUS
10
71.7112559999999917
20
-108.7300049999999914
11
71.768029999999996
21
-108.6920700000000011
0
LINE
8
BLACK
6
CONTINUOUS
10
71.768029999999996
20
-108.6920700000000011
11
71.8349999999999937
21
-108.6787489999999963
0
LINE
8
BLACK
6
CONTINUOUS
10
71.8349999999999937
20
-108.6787489999999963
11
72.4650000000000034
21
-108.6787489999999963
0
LINE
8
BLACK
6
CONTINUOUS
10
72.4650000000000034
20
-108.6787489999999963
11
72.5319700000000012
21
-108.6920700000000011
0
LINE
8
BLACK
6
CONTINUOUS
10
70.5994699999999966
20
-108.6633199999999988
11
70.6562440000000009
21
-108.7012549999999891
0
LINE
8
BLACK
6
CONTINUOUS
10
70.6562440000000009
20
-108.7012549999999891
11
70.6941789999999912
21
-108.7580289999999934
0
LINE
8
BLACK
6
CONTINUOUS
10
70.6941789999999912
20
-108.7580289999999934
11
70.707499999999996
21
-108.8249989999999912
0
LINE
8
BLACK
6
CONTINUOUS
10
70.707499999999996
20
-108.8249989999999912
11
70.707499999999996
21
-109.1749989999999997
0
LINE
8
BLACK
6
CONTINUOUS
10
70.707499999999996
20
-109.1749989999999997
11
70.6941789999999912
21
-109.2419689999999974
0
LINE
8
BLACK
6
CONTINUOUS
10
70.6941789999999912
20
-109.2419689999999974
11
70.6562440000000009
21
-109.2987430000000018
0
LINE
8
BLACK
6
CONTINUOUS
10
70.6562440000000009
20
-109.2987430000000018
11
70.5994699999999966
21
-109.336677999999992
0
LINE
8
BLACK
6
CONTINUOUS
10
70.5994699999999966
20
-109.336677999999992
11
70.5324999999999989
21
-109.3499989999999968
0
LINE
8
BLACK
6
CONTINUOUS
10
70.5324999999999989
20
-109.3499989999999968
11
69.8674999999999926
21
-109.3499989999999968
0
LINE
8
BLACK
6
CONTINUOUS
10
69.8674999999999926
20
-109.3499989999999968
11
69.8005299999999949
21
-109.336677999999992
0
LINE
8
BLACK
6
CONTINUOUS
10
69.8005299999999949
20
-109.336677999999992
11
69.7437559999999905
21
-109.2987430000000018
0
LINE
8
BLACK
6
CONTINUOUS
10
69.7437559999999905
20
-109.2987430000000018
11
69.7058210000000003
21
-109.2419689999999974
0
LINE
8
BLACK
6
CONTINUOUS
10
69.7058210000000003
20
-109.2419689999999974
11
69.6924999999999955
21
-109.1749989999999997
0
LINE
8
BLACK
6
CONTINUOUS
10
69.6924999999999955
20
-109.1749989999999997
11
69.6924999999999955
21
-108.8249989999999912
0
LINE
8
BLACK
6
CONTINUOUS
10
69.6924999999999955
20
-108.8249989999999912
11
69.7058210000000003
21
-108.7580289999999934
0
LINE
8
BLACK
6
CONTINUOUS
10
69.7058210000000003
20
-108.7580289999999934
11
69.7437559999999905
21
-108.7012549999999891
0
LINE
8
BLACK
6
CONTINUOUS
10
69.7437559999999905
20
-108.7012549999999891
11
69.8005299999999949
21
-108.6633199999999988
0
LINE
8
BLACK
6
CONTINUOUS
10
69.8005299999999949
20
-108.6633199999999988
11
69.8674999999999926
21
-108.649998999999994
0
LINE
8
BLACK
6
CONTINUOUS
10
69.8674999999999926
20
-108.649998999999994
11
70.5324999999999989
21
-108.649998999999994
0
LINE
8
BLACK
6
CONTINUOUS
10
70.5324999999999989
20
-108.649998999999994
11
70.5994699999999966
21
-108.6633199999999988
0
LINE
8
BLACK
6
CONTINUOUS
10
89.3719699999999904
20
-106.3583209999999895
11
89.4287439999999947
21
-106.3962559999999939
0
LINE
8
BLACK
6
CONTINUOUS
10
89.4287439999999947
20
-106.3962559999999939
11
89.4666789999999992
21
-106.4530299999999983
0
LINE
8
BLACK
6
CONTINUOUS
10
89.4666789999999992
20
-106.4530299999999983
11
89.4799999999999898
21
-106.519999999999996
0
LINE
8
BLACK
6
CONTINUOUS
10
89.4799999999999898
20
-106.519999999999996
11
89.4799999999999898
21
-108.6199999999999903
0
LINE
8
BLACK
6
CONTINUOUS
10
89.4799999999999898
20
-108.6199999999999903
11
89.4666789999999992
21
-108.6869699999999881
0
LINE
8
BLACK
6
CONTINUOUS
10
89.4666789999999992
20
-108.6869699999999881
11
89.4287439999999947
21
-108.7437439999999924
0
LINE
8
BLACK
6
CONTINUOUS
10
89.4287439999999947
20
-108.7437439999999924
11
89.3719699999999904
21
-108.7816789999999969
0
LINE
8
BLACK
6
CONTINUOUS
10
89.3719699999999904
20
-108.7816789999999969
11
89.3049999999999926
21
-108.7950000000000017
0
LINE
8
BLACK
6
CONTINUOUS
10
89.3049999999999926
20
-108.7950000000000017
11
88.5349999999999966
21
-108.7950000000000017
0
LINE
8
BLACK
6
CONTINUOUS
10
88.5349999999999966
20
-108.7950000000000017
11
88.4680299999999988
21
-108.7816789999999969
0
LINE
8
BLACK
6
CONTINUOUS
10
88.4680299999999988
20
-108.7816789999999969
11
88.4112559999999945
21
-108.7437439999999924
0
LINE
8
BLACK
6
CONTINUOUS
10
88.4112559999999945
20
-108.7437439999999924
11
88.37332099999999
21
-108.6869699999999881
0
LINE
8
BLACK
6
CONTINUOUS
10
88.37332099999999
20
-108.6869699999999881
11
88.3599999999999994
21
-108.6199999999999903
0
LINE
8
BLACK
6
CONTINUOUS
10
88.3599999999999994
20
-108.6199999999999903
11
88.3599999999999994
21
-106.519999999999996
0
LINE
8
BLACK
6
CONTINUOUS
10
88.3599999999999994
20
-106.519999999999996
11
88.37332099999999
21
-106.4530299999999983
0
LINE
8
BLACK
6
CONTINUOUS
10
88.37332099999999
20
-106.4530299999999983
11
88.4112559999999945
21
-106.3962559999999939
0
LINE
8
BLACK
6
CONTINUOUS
10
88.4112559999999945
20
-106.3962559999999939
11
88.4680299999999988
21
-106.3583209999999895
0
LINE
8
BLACK
6
CONTINUOUS
10
88.4680299999999988
20
-106.3583209999999895
11
88.5349999999999966
21
-106.3449999999999989
0
LINE
8
BLACK
6
CONTINUOUS
10
88.5349999999999966
20
-106.3449999999999989
11
89.3049999999999926
21
-106.3449999999999989
0
LINE
8
BLACK
6
CONTINUOUS
10
89.3049999999999926
20
-106.3449999999999989
11
89.3719699999999904
21
-106.3583209999999895
0
LINE
8
BLACK
6
CONTINUOUS
10
50.3569699999999969
20
-107.9120709999999974
11
50.4137440000000012
21
-107.9500060000000019
0
LINE
8
BLACK
6
CONTINUOUS
10
50.4137440000000012
20
-107.9500060000000019
11
50.4516789999999986
21
-108.006779999999992
0
LINE
8
BLACK
6
CONTINUOUS
10
50.4516789999999986
20
-108.006779999999992
11
50.4649999999999963
21
-108.0737499999999898
0
LINE
8
BLACK
6
CONTINUOUS
10
50.4649999999999963
20
-108.0737499999999898
11
50.4649999999999963
21
-108.4412499999999966
0
LINE
8
BLACK
6
CONTINUOUS
10
50.4649999999999963
20
-108.4412499999999966
11
50.4516789999999986
21
-108.5082199999999943
0
LINE
8
BLACK
6
CONTINUOUS
10
50.4516789999999986
20
-108.5082199999999943
11
50.4137440000000012
21
-108.5649939999999987
0
LINE
8
BLACK
6
CONTINUOUS
10
50.4137440000000012
20
-108.5649939999999987
11
50.3569699999999969
21
-108.6029289999999889
0
LINE
8
BLACK
6
CONTINUOUS
10
50.3569699999999969
20
-108.6029289999999889
11
50.2899999999999991
21
-108.6162499999999937
0
LINE
8
BLACK
6
CONTINUOUS
10
50.2899999999999991
20
-108.6162499999999937
11
49.6599999999999966
21
-108.6162499999999937
0
LINE
8
BLACK
6
CONTINUOUS
10
49.6599999999999966
20
-108.6162499999999937
11
49.5930299999999988
21
-108.6029289999999889
0
LINE
8
BLACK
6
CONTINUOUS
10
49.5930299999999988
20
-108.6029289999999889
11
49.5362559999999945
21
-108.5649939999999987
0
LINE
8
BLACK
6
CONTINUOUS
10
49.5362559999999945
20
-108.5649939999999987
11
49.4983209999999971
21
-108.5082199999999943
0
LINE
8
BLACK
6
CONTINUOUS
10
49.4983209999999971
20
-108.5082199999999943
11
49.4849999999999994
21
-108.4412499999999966
0
LINE
8
BLACK
6
CONTINUOUS
10
49.4849999999999994
20
-108.4412499999999966
11
49.4849999999999994
21
-108.0737499999999898
0
LINE
8
BLACK
6
CONTINUOUS
10
49.4849999999999994
20
-108.0737499999999898
11
49.4983209999999971
21
-108.006779999999992
0
LINE
8
BLACK
6
CONTINUOUS
10
49.4983209999999971
20
-108.006779999999992
11
49.5362559999999945
21
-107.9500060000000019
0
LINE
8
BLACK
6
CONTINUOUS
10
49.5362559999999945
20
-107.9500060000000019
11
49.5930299999999988
21
-107.9120709999999974
0
LINE
8
BLACK
6
CONTINUOUS
10
49.5930299999999988
20
-107.9120709999999974
11
49.6599999999999966
21
-107.8987499999999926
0
LINE
8
BLACK
6
CONTINUOUS
10
49.6599999999999966
20
-107.8987499999999926
11
50.2899999999999991
21
-107.8987499999999926
0
LINE
8
BLACK
6
CONTINUOUS
10
50.2899999999999991
20
-107.8987499999999926
11
50.3569699999999969
21
-107.9120709999999974
0
LINE
8
BLACK
6
CONTINUOUS
10
96.3994699999999938
20
-107.7633209999999906
11
96.4562439999999981
21
-107.8012559999999951
0
LINE
8
BLACK
6
CONTINUOUS
10
96.4562439999999981
20
-107.8012559999999951
11
96.4941790000000026
21
-107.8580299999999994
0
LINE
8
BLACK
6
CONTINUOUS
10
96.4941790000000026
20
-107.8580299999999994
11
96.5074999999999932
21
-107.9249999999999972
0
LINE
8
BLACK
6
CONTINUOUS
10
96.5074999999999932
20
-107.9249999999999972
11
96.5074999999999932
21
-108.2749999999999915
0
LINE
8
BLACK
6
CONTINUOUS
10
96.5074999999999932
20
-108.2749999999999915
11
96.4941790000000026
21
-108.3419699999999892
0
LINE
8
BLACK
6
CONTINUOUS
10
96.4941790000000026
20
-108.3419699999999892
11
96.4562439999999981
21
-108.3987439999999935
0
LINE
8
BLACK
6
CONTINUOUS
10
96.4562439999999981
20
-108.3987439999999935
11
96.3994699999999938
21
-108.436678999999998
0
LINE
8
BLACK
6
CONTINUOUS
10
96.3994699999999938
20
-108.436678999999998
11
96.332499999999996
21
-108.4499999999999886
0
LINE
8
BLACK
6
CONTINUOUS
10
96.332499999999996
20
-108.4499999999999886
11
95.6674999999999898
21
-108.4499999999999886
0
LINE
8
BLACK
6
CONTINUOUS
10
95.6674999999999898
20
-108.4499999999999886
11
95.600529999999992
21
-108.436678999999998
0
LINE
8
BLACK
6
CONTINUOUS
10
95.600529999999992
20
-108.436678999999998
11
95.5437560000000019
21
-108.3987439999999935
0
LINE
8
BLACK
6
CONTINUOUS
10
95.5437560000000019
20
-108.3987439999999935
11
95.5058209999999974
21
-108.3419699999999892
0
LINE
8
BLACK
6
CONTINUOUS
10
95.5058209999999974
20
-108.3419699999999892
11
95.4924999999999926
21
-108.2749999999999915
0
LINE
8
BLACK
6
CONTINUOUS
10
95.4924999999999926
20
-108.2749999999999915
11
95.4924999999999926
21
-107.9249999999999972
0
LINE
8
BLACK
6
CONTINUOUS
10
95.4924999999999926
20
-107.9249999999999972
11
95.5058209999999974
21
-107.8580299999999994
0
LINE
8
BLACK
6
CONTINUOUS
10
95.5058209999999974
20
-107.8580299999999994
11
95.5437560000000019
21
-107.8012559999999951
0
LINE
8
BLACK
6
CONTINUOUS
10
95.5437560000000019
20
-107.8012559999999951
11
95.600529999999992
21
-107.7633209999999906
0
LINE
8
BLACK
6
CONTINUOUS
10
95.600529999999992
20
-107.7633209999999906
11
95.6674999999999898
21
-107.75
0
LINE
8
BLACK
6
CONTINUOUS
10
95.6674999999999898
20
-107.75
11
96.332499999999996
21
-107.75
0
LINE
8
BLACK
6
CONTINUOUS
10
96.332499999999996
20
-107.75
11
96.3994699999999938
21
-107.7633209999999906
0
LINE
8
BLACK
6
CONTINUOUS
10
77.6419700000000006
20
-107.3058199999999971
11
77.6987439999999907
21
-107.3437550000000016
0
LINE
8
BLACK
6
CONTINUOUS
10
77.6987439999999907
20
-107.3437550000000016
11
77.7366789999999952
21
-107.4005289999999917
0
LINE
8
BLACK
6
CONTINUOUS
10
77.7366789999999952
20
-107.4005289999999917
11
77.75
21
-107.4674989999999895
0
LINE
8
BLACK
6
CONTINUOUS
10
77.75
20
-107.4674989999999895
11
77.75
21
-108.1324989999999957
0
LINE
8
BLACK
6
CONTINUOUS
10
77.75
20
-108.1324989999999957
11
77.7366789999999952
21
-108.1994689999999935
0
LINE
8
BLACK
6
CONTINUOUS
10
77.7366789999999952
20
-108.1994689999999935
11
77.6987439999999907
21
-108.2562429999999978
0
LINE
8
BLACK
6
CONTINUOUS
10
77.6987439999999907
20
-108.2562429999999978
11
77.6419700000000006
21
-108.2941779999999881
0
LINE
8
BLACK
6
CONTINUOUS
10
77.6419700000000006
20
-108.2941779999999881
11
77.5750000000000028
21
-108.3074989999999929
0
LINE
8
BLACK
6
CONTINUOUS
10
77.5750000000000028
20
-108.3074989999999929
11
77.2249999999999943
21
-108.3074989999999929
0
LINE
8
BLACK
6
CONTINUOUS
10
77.2249999999999943
20
-108.3074989999999929
11
77.1580299999999966
21
-108.2941779999999881
0
LINE
8
BLACK
6
CONTINUOUS
10
77.1580299999999966
20
-108.2941779999999881
11
77.1012559999999922
21
-108.2562429999999978
0
LINE
8
BLACK
6
CONTINUOUS
10
77.1012559999999922
20
-108.2562429999999978
11
77.063321000000002
21
-108.1994689999999935
0
LINE
8
BLACK
6
CONTINUOUS
10
77.063321000000002
20
-108.1994689999999935
11
77.0499999999999972
21
-108.1324989999999957
0
LINE
8
BLACK
6
CONTINUOUS
10
77.0499999999999972
20
-108.1324989999999957
11
77.0499999999999972
21
-107.4674989999999895
0
LINE
8
BLACK
6
CONTINUOUS
10
77.0499999999999972
20
-107.4674989999999895
11
77.063321000000002
21
-107.4005289999999917
0
LINE
8
BLACK
6
CONTINUOUS
10
77.063321000000002
20
-107.4005289999999917
11
77.1012559999999922
21
-107.3437550000000016
0
LINE
8
BLACK
6
CONTINUOUS
10
77.1012559999999922
20
-107.3437550000000016
11
77.1580299999999966
21
-107.3058199999999971
0
LINE
8
BLACK
6
CONTINUOUS
10
77.1580299999999966
20
-107.3058199999999971
11
77.2249999999999943
21
-107.2924989999999923
0
LINE
8
BLACK
6
CONTINUOUS
10
77.2249999999999943
20
-107.2924989999999923
11
77.5750000000000028
21
-107.2924989999999923
0
LINE
8
BLACK
6
CONTINUOUS
10
77.5750000000000028
20
-107.2924989999999923
11
77.6419700000000006
21
-107.3058199999999971
0
LINE
8
BLACK
6
CONTINUOUS
10
79.5419699999999921
20
-107.3058199999999971
11
79.5987439999999964
21
-107.3437550000000016
0
LINE
8
BLACK
6
CONTINUOUS
10
79.5987439999999964
20
-107.3437550000000016
11
79.6366790000000009
21
-107.4005289999999917
0
LINE
8
BLACK
6
CONTINUOUS
10
79.6366790000000009
20
-107.4005289999999917
11
79.6499999999999915
21
-107.4674989999999895
0
LINE
8
BLACK
6
CONTINUOUS
10
79.6499999999999915
20
-107.4674989999999895
11
79.6499999999999915
21
-108.1324989999999957
0
LINE
8
BLACK
6
CONTINUOUS
10
79.6499999999999915
20
-108.1324989999999957
11
79.6366790000000009
21
-108.1994689999999935
0
LINE
8
BLACK
6
CONTINUOUS
10
79.6366790000000009
20
-108.1994689999999935
11
79.5987439999999964
21
-108.2562429999999978
0
LINE
8
BLACK
6
CONTINUOUS
10
79.5987439999999964
20
-108.2562429999999978
11
79.5419699999999921
21
-108.2941779999999881
0
LINE
8
BLACK
6
CONTINUOUS
10
79.5419699999999921
20
-108.2941779999999881
11
79.4749999999999943
21
-108.3074989999999929
0
LINE
8
BLACK
6
CONTINUOUS
10
79.4749999999999943
20
-108.3074989999999929
11
79.125
21
-108.3074989999999929
0
LINE
8
BLACK
6
CONTINUOUS
10
79.125
20
-108.3074989999999929
11
79.0580300000000022
21
-108.2941779999999881
0
LINE
8
BLACK
6
CONTINUOUS
10
79.0580300000000022
20
-108.2941779999999881
11
79.0012559999999979
21
-108.2562429999999978
0
LINE
8
BLACK
6
CONTINUOUS
10
79.0012559999999979
20
-108.2562429999999978
11
78.9633209999999934
21
-108.1994689999999935
0
LINE
8
BLACK
6
CONTINUOUS
10
78.9633209999999934
20
-108.1994689999999935
11
78.9500000000000028
21
-108.1324989999999957
0
LINE
8
BLACK
6
CONTINUOUS
10
78.9500000000000028
20
-108.1324989999999957
11
78.9500000000000028
21
-107.4674989999999895
0
LINE
8
BLACK
6
CONTINUOUS
10
78.9500000000000028
20
-107.4674989999999895
11
78.9633209999999934
21
-107.4005289999999917
0
LINE
8
BLACK
6
CONTINUOUS
10
78.9633209999999934
20
-107.4005289999999917
11
79.0012559999999979
21
-107.3437550000000016
0
LINE
8
BLACK
6
CONTINUOUS
10
79.0012559999999979
20
-107.3437550000000016
11
79.0580300000000022
21
-107.3058199999999971
0
LINE
8
BLACK
6
CONTINUOUS
10
79.0580300000000022
20
-107.3058199999999971
11
79.125
21
-107.2924989999999923
0
LINE
8
BLACK
6
CONTINUOUS
10
79.125
20
-107.2924989999999923
11
79.4749999999999943
21
-107.2924989999999923
0
LINE
8
BLACK
6
CONTINUOUS
10
79.4749999999999943
20
-107.2924989999999923
11
79.5419699999999921
21
-107.3058199999999971
0
LINE
8
BLACK
6
CONTINUOUS
10
64.6421629999999965
20
-107.2004680000000008
11
64.6989370000000008
21
-107.238402999999991
0
LINE
8
BLACK
6
CONTINUOUS
10
64.6989370000000008
20
-107.238402999999991
11
64.7368719999999911
21
-107.2951769999999954
0
LINE
8
BLACK
6
CONTINUOUS
10
64.7368719999999911
20
-107.2951769999999954
11
64.7501929999999959
21
-107.3621469999999931
0
LINE
8
BLACK
6
CONTINUOUS
10
64.7501929999999959
20
-107.3621469999999931
11
64.7501929999999959
21
-107.9921469999999886
0
LINE
8
BLACK
6
CONTINUOUS
10
64.7501929999999959
20
-107.9921469999999886
11
64.7368719999999911
21
-108.0591170000000005
0
LINE
8
BLACK
6
CONTINUOUS
10
64.7368719999999911
20
-108.0591170000000005
11
64.6989370000000008
21
-108.1158909999999906
0
LINE
8
BLACK
6
CONTINUOUS
10
64.6989370000000008
20
-108.1158909999999906
11
64.6421629999999965
21
-108.1538259999999951
0
LINE
8
BLACK
6
CONTINUOUS
10
64.6421629999999965
20
-108.1538259999999951
11
64.5751929999999987
21
-108.1671469999999999
0
LINE
8
BLACK
6
CONTINUOUS
10
64.5751929999999987
20
-108.1671469999999999
11
64.2076929999999919
21
-108.1671469999999999
0
LINE
8
BLACK
6
CONTINUOUS
10
64.2076929999999919
20
-108.1671469999999999
11
64.1407229999999942
21
-108.1538259999999951
0
LINE
8
BLACK
6
CONTINUOUS
10
64.1407229999999942
20
-108.1538259999999951
11
64.083949000000004
21
-108.1158909999999906
0
LINE
8
BLACK
6
CONTINUOUS
10
64.083949000000004
20
-108.1158909999999906
11
64.0460139999999996
21
-108.0591170000000005
0
LINE
8
BLACK
6
CONTINUOUS
10
64.0460139999999996
20
-108.0591170000000005
11
64.0326929999999948
21
-107.9921469999999886
0
LINE
8
BLACK
6
CONTINUOUS
10
64.0326929999999948
20
-107.9921469999999886
11
64.0326929999999948
21
-107.3621469999999931
0
LINE
8
BLACK
6
CONTINUOUS
10
64.0326929999999948
20
-107.3621469999999931
11
64.0460139999999996
21
-107.2951769999999954
0
LINE
8
BLACK
6
CONTINUOUS
10
64.0460139999999996
20
-107.2951769999999954
11
64.083949000000004
21
-107.238402999999991
0
LINE
8
BLACK
6
CONTINUOUS
10
64.083949000000004
20
-107.238402999999991
11
64.1407229999999942
21
-107.2004680000000008
0
LINE
8
BLACK
6
CONTINUOUS
10
64.1407229999999942
20
-107.2004680000000008
11
64.2076929999999919
21
-107.187146999999996
0
LINE
8
BLACK
6
CONTINUOUS
10
64.2076929999999919
20
-107.187146999999996
11
64.5751929999999987
21
-107.187146999999996
0
LINE
8
BLACK
6
CONTINUOUS
10
64.5751929999999987
20
-107.187146999999996
11
64.6421629999999965
21
-107.2004680000000008
0
LINE
8
BLACK
6
CONTINUOUS
10
66.4671629999999993
20
-107.2004680000000008
11
66.5239370000000036
21
-107.238402999999991
0
LINE
8
BLACK
6
CONTINUOUS
10
66.5239370000000036
20
-107.238402999999991
11
66.5618719999999939
21
-107.2951769999999954
0
LINE
8
BLACK
6
CONTINUOUS
10
66.5618719999999939
20
-107.2951769999999954
11
66.5751929999999987
21
-107.3621469999999931
0
LINE
8
BLACK
6
CONTINUOUS
10
66.5751929999999987
20
-107.3621469999999931
11
66.5751929999999987
21
-107.9921469999999886
0
LINE
8
BLACK
6
CONTINUOUS
10
66.5751929999999987
20
-107.9921469999999886
11
66.5618719999999939
21
-108.0591170000000005
0
LINE
8
BLACK
6
CONTINUOUS
10
66.5618719999999939
20
-108.0591170000000005
11
66.5239370000000036
21
-108.1158909999999906
0
LINE
8
BLACK
6
CONTINUOUS
10
66.5239370000000036
20
-108.1158909999999906
11
66.4671629999999993
21
-108.1538259999999951
0
LINE
8
BLACK
6
CONTINUOUS
10
66.4671629999999993
20
-108.1538259999999951
11
66.4001930000000016
21
-108.1671469999999999
0
LINE
8
BLACK
6
CONTINUOUS
10
66.4001930000000016
20
-108.1671469999999999
11
66.0326929999999948
21
-108.1671469999999999
0
LINE
8
BLACK
6
CONTINUOUS
10
66.0326929999999948
20
-108.1671469999999999
11
65.965722999999997
21
-108.1538259999999951
0
LINE
8
BLACK
6
CONTINUOUS
10
65.965722999999997
20
-108.1538259999999951
11
65.9089489999999927
21
-108.1158909999999906
0
LINE
8
BLACK
6
CONTINUOUS
10
65.9089489999999927
20
-108.1158909999999906
11
65.8710140000000024
21
-108.0591170000000005
0
LINE
8
BLACK
6
CONTINUOUS
10
65.8710140000000024
20
-108.0591170000000005
11
65.8576929999999976
21
-107.9921469999999886
0
LINE
8
BLACK
6
CONTINUOUS
10
65.8576929999999976
20
-107.9921469999999886
11
65.8576929999999976
21
-107.3621469999999931
0
LINE
8
BLACK
6
CONTINUOUS
10
65.8576929999999976
20
-107.3621469999999931
11
65.8710140000000024
21
-107.2951769999999954
0
LINE
8
BLACK
6
CONTINUOUS
10
65.8710140000000024
20
-107.2951769999999954
11
65.9089489999999927
21
-107.238402999999991
0
LINE
8
BLACK
6
CONTINUOUS
10
65.9089489999999927
20
-107.238402999999991
11
65.965722999999997
21
-107.2004680000000008
0
LINE
8
BLACK
6
CONTINUOUS
10
65.965722999999997
20
-107.2004680000000008
11
66.0326929999999948
21
-107.187146999999996
0
LINE
8
BLACK
6
CONTINUOUS
10
66.0326929999999948
20
-107.187146999999996
11
66.4001930000000016
21
-107.187146999999996
0
LINE
8
BLACK
6
CONTINUOUS
10
66.4001930000000016
20
-107.187146999999996
11
66.4671629999999993
21
-107.2004680000000008
0
LINE
8
BLACK
6
CONTINUOUS
10
60.699469999999998
20
-107.3633209999999991
11
60.7562439999999953
21
-107.4012559999999894
0
LINE
8
BLACK
6
CONTINUOUS
10
60.7562439999999953
20
-107.4012559999999894
11
60.7941789999999997
21
-107.4580299999999937
0
LINE
8
BLACK
6
CONTINUOUS
10
60.7941789999999997
20
-107.4580299999999937
11
60.8074999999999974
21
-107.5249999999999915
0
LINE
8
BLACK
6
CONTINUOUS
10
60.8074999999999974
20
-107.5249999999999915
11
60.8074999999999974
21
-107.875
0
LINE
8
BLACK
6
CONTINUOUS
10
60.8074999999999974
20
-107.875
11
60.7941789999999997
21
-107.9419699999999978
0
LINE
8
BLACK
6
CONTINUOUS
10
60.7941789999999997
20
-107.9419699999999978
11
60.7562439999999953
21
-107.9987440000000021
0
LINE
8
BLACK
6
CONTINUOUS
10
60.7562439999999953
20
-107.9987440000000021
11
60.699469999999998
21
-108.0366789999999924
0
LINE
8
BLACK
6
CONTINUOUS
10
60.699469999999998
20
-108.0366789999999924
11
60.6325000000000003
21
-108.0499999999999972
0
LINE
8
BLACK
6
CONTINUOUS
10
60.6325000000000003
20
-108.0499999999999972
11
59.967499999999994
21
-108.0499999999999972
0
LINE
8
BLACK
6
CONTINUOUS
10
59.967499999999994
20
-108.0499999999999972
11
59.9005299999999963
21
-108.0366789999999924
0
LINE
8
BLACK
6
CONTINUOUS
10
59.9005299999999963
20
-108.0366789999999924
11
59.8437559999999991
21
-107.9987440000000021
0
LINE
8
BLACK
6
CONTINUOUS
10
59.8437559999999991
20
-107.9987440000000021
11
59.8058209999999946
21
-107.9419699999999978
0
LINE
8
BLACK
6
CONTINUOUS
10
59.8058209999999946
20
-107.9419699999999978
11
59.7924999999999969
21
-107.875
0
LINE
8
BLACK
6
CONTINUOUS
10
59.7924999999999969
20
-107.875
11
59.7924999999999969
21
-107.5249999999999915
0
LINE
8
BLACK
6
CONTINUOUS
10
59.7924999999999969
20
-107.5249999999999915
11
59.8058209999999946
21
-107.4580299999999937
0
LINE
8
BLACK
6
CONTINUOUS
10
59.8058209999999946
20
-107.4580299999999937
11
59.8437559999999991
21
-107.4012559999999894
0
LINE
8
BLACK
6
CONTINUOUS
10
59.8437559999999991
20
-107.4012559999999894
11
59.9005299999999963
21
-107.3633209999999991
0
LINE
8
BLACK
6
CONTINUOUS
10
59.9005299999999963
20
-107.3633209999999991
11
59.967499999999994
21
-107.3499999999999943
0
LINE
8
BLACK
6
CONTINUOUS
10
59.967499999999994
20
-107.3499999999999943
11
60.6325000000000003
21
-107.3499999999999943
0
LINE
8
BLACK
6
CONTINUOUS
10
60.6325000000000003
20
-107.3499999999999943
11
60.699469999999998
21
-107.3633209999999991
0
LINE
8
BLACK
6
CONTINUOUS
10
70.4419699999999978
20
-106.7558199999999999
11
70.4987440000000021
21
-106.7937549999999902
0
LINE
8
BLACK
6
CONTINUOUS
10
70.4987440000000021
20
-106.7937549999999902
11
70.5366789999999924
21
-106.8505289999999945
0
LINE
8
BLACK
6
CONTINUOUS
10
70.5366789999999924
20
-106.8505289999999945
11
70.5499999999999972
21
-106.9174989999999923
0
LINE
8
BLACK
6
CONTINUOUS
10
70.5499999999999972
20
-106.9174989999999923
11
70.5499999999999972
21
-107.5824989999999985
0
LINE
8
BLACK
6
CONTINUOUS
10
70.5499999999999972
20
-107.5824989999999985
11
70.5366789999999924
21
-107.6494689999999963
0
LINE
8
BLACK
6
CONTINUOUS
10
70.5366789999999924
20
-107.6494689999999963
11
70.4987440000000021
21
-107.7062430000000006
0
LINE
8
BLACK
6
CONTINUOUS
10
70.4987440000000021
20
-107.7062430000000006
11
70.4419699999999978
21
-107.7441779999999909
0
LINE
8
BLACK
6
CONTINUOUS
10
70.4419699999999978
20
-107.7441779999999909
11
70.375
21
-107.7574989999999957
0
LINE
8
BLACK
6
CONTINUOUS
10
70.375
20
-107.7574989999999957
11
70.0249999999999915
21
-107.7574989999999957
0
LINE
8
BLACK
6
CONTINUOUS
10
70.0249999999999915
20
-107.7574989999999957
11
69.9580299999999937
21
-107.7441779999999909
0
LINE
8
BLACK
6
CONTINUOUS
10
69.9580299999999937
20
-107.7441779999999909
11
69.9012560000000036
21
-107.7062430000000006
0
LINE
8
BLACK
6
CONTINUOUS
10
69.9012560000000036
20
-107.7062430000000006
11
69.8633209999999991
21
-107.6494689999999963
0
LINE
8
BLACK
6
CONTINUOUS
10
69.8633209999999991
20
-107.6494689999999963
11
69.8499999999999943
21
-107.5824989999999985
0
LINE
8
BLACK
6
CONTINUOUS
10
69.8499999999999943
20
-107.5824989999999985
11
69.8499999999999943
21
-106.9174989999999923
0
LINE
8
BLACK
6
CONTINUOUS
10
69.8499999999999943
20
-106.9174989999999923
11
69.8633209999999991
21
-106.8505289999999945
0
LINE
8
BLACK
6
CONTINUOUS
10
69.8633209999999991
20
-106.8505289999999945
11
69.9012560000000036
21
-106.7937549999999902
0
LINE
8
BLACK
6
CONTINUOUS
10
69.9012560000000036
20
-106.7937549999999902
11
69.9580299999999937
21
-106.7558199999999999
0
LINE
8
BLACK
6
CONTINUOUS
10
69.9580299999999937
20
-106.7558199999999999
11
70.0249999999999915
21
-106.7424989999999951
0
LINE
8
BLACK
6
CONTINUOUS
10
70.0249999999999915
20
-106.7424989999999951
11
70.375
21
-106.7424989999999951
0
LINE
8
BLACK
6
CONTINUOUS
10
70.375
20
-106.7424989999999951
11
70.4419699999999978
21
-106.7558199999999999
0
LINE
8
BLACK
6
CONTINUOUS
10
72.3419700000000034
20
-106.7558199999999999
11
72.3987439999999935
21
-106.7937549999999902
0
LINE
8
BLACK
6
CONTINUOUS
10
72.3987439999999935
20
-106.7937549999999902
11
72.436678999999998
21
-106.8505289999999945
0
LINE
8
BLACK
6
CONTINUOUS
10
72.436678999999998
20
-106.8505289999999945
11
72.4500000000000028
21
-106.9174989999999923
0
LINE
8
BLACK
6
CONTINUOUS
10
72.4500000000000028
20
-106.9174989999999923
11
72.4500000000000028
21
-107.5824989999999985
0
LINE
8
BLACK
6
CONTINUOUS
10
72.4500000000000028
20
-107.5824989999999985
11
72.436678999999998
21
-107.6494689999999963
0
LINE
8
BLACK
6
CONTINUOUS
10
72.436678999999998
20
-107.6494689999999963
11
72.3987439999999935
21
-107.7062430000000006
0
LINE
8
BLACK
6
CONTINUOUS
10
72.3987439999999935
20
-107.7062430000000006
11
72.3419700000000034
21
-107.7441779999999909
0
LINE
8
BLACK
6
CONTINUOUS
10
72.3419700000000034
20
-107.7441779999999909
11
72.2749999999999915
21
-107.7574989999999957
0
LINE
8
BLACK
6
CONTINUOUS
10
72.2749999999999915
20
-107.7574989999999957
11
71.9249999999999972
21
-107.7574989999999957
0
LINE
8
BLACK
6
CONTINUOUS
10
71.9249999999999972
20
-107.7574989999999957
11
71.8580299999999994
21
-107.7441779999999909
0
LINE
8
BLACK
6
CONTINUOUS
10
71.8580299999999994
20
-107.7441779999999909
11
71.8012559999999951
21
-107.7062430000000006
0
LINE
8
BLACK
6
CONTINUOUS
10
71.8012559999999951
20
-107.7062430000000006
11
71.7633209999999906
21
-107.6494689999999963
0
LINE
8
BLACK
6
CONTINUOUS
10
71.7633209999999906
20
-107.6494689999999963
11
71.75
21
-107.5824989999999985
0
LINE
8
BLACK
6
CONTINUOUS
10
71.75
20
-107.5824989999999985
11
71.75
21
-106.9174989999999923
0
LINE
8
BLACK
6
CONTINUOUS
10
71.75
20
-106.9174989999999923
11
71.7633209999999906
21
-106.8505289999999945
0
LINE
8
BLACK
6
CONTINUOUS
10
71.7633209999999906
20
-106.8505289999999945
11
71.8012559999999951
21
-106.7937549999999902
0
LINE
8
BLACK
6
CONTINUOUS
10
71.8012559999999951
20
-106.7937549999999902
11
71.8580299999999994
21
-106.7558199999999999
0
LINE
8
BLACK
6
CONTINUOUS
10
71.8580299999999994
20
-106.7558199999999999
11
71.9249999999999972
21
-106.7424989999999951
0
LINE
8
BLACK
6
CONTINUOUS
10
71.9249999999999972
20
-106.7424989999999951
11
72.2749999999999915
21
-106.7424989999999951
0
LINE
8
BLACK
6
CONTINUOUS
10
72.2749999999999915
20
-106.7424989999999951
11
72.3419700000000034
21
-106.7558199999999999
0
LINE
8
BLACK
6
CONTINUOUS
10
33.4882199999999983
20
-106.1308209999999974
11
33.5449939999999955
21
-106.1687560000000019
0
LINE
8
BLACK
6
CONTINUOUS
10
33.5449939999999955
20
-106.1687560000000019
11
33.582929
21
-106.225529999999992
0
LINE
8
BLACK
6
CONTINUOUS
10
33.582929
20
-106.225529999999992
11
33.5962499999999977
21
-106.2924999999999898
0
LINE
8
BLACK
6
CONTINUOUS
10
33.5962499999999977
20
-106.2924999999999898
11
33.5962499999999977
21
-106.9224999999999994
0
LINE
8
BLACK
6
CONTINUOUS
10
33.5962499999999977
20
-106.9224999999999994
11
33.582929
21
-106.9894699999999972
0
LINE
8
BLACK
6
CONTINUOUS
10
33.582929
20
-106.9894699999999972
11
33.5449939999999955
21
-107.0462440000000015
0
LINE
8
BLACK
6
CONTINUOUS
10
33.5449939999999955
20
-107.0462440000000015
11
33.4882199999999983
21
-107.0841789999999918
0
LINE
8
BLACK
6
CONTINUOUS
10
33.4882199999999983
20
-107.0841789999999918
11
33.4212500000000006
21
-107.0974999999999966
0
LINE
8
BLACK
6
CONTINUOUS
10
33.4212500000000006
20
-107.0974999999999966
11
33.0537500000000009
21
-107.0974999999999966
0
LINE
8
BLACK
6
CONTINUOUS
10
33.0537500000000009
20
-107.0974999999999966
11
32.986779999999996
21
-107.0841789999999918
0
LINE
8
BLACK
6
CONTINUOUS
10
32.986779999999996
20
-107.0841789999999918
11
32.9300059999999988
21
-107.0462440000000015
0
LINE
8
BLACK
6
CONTINUOUS
10
32.9300059999999988
20
-107.0462440000000015
11
32.8920710000000014
21
-106.9894699999999972
0
LINE
8
BLACK
6
CONTINUOUS
10
32.8920710000000014
20
-106.9894699999999972
11
32.8787499999999966
21
-106.9224999999999994
0
LINE
8
BLACK
6
CONTINUOUS
10
32.8787499999999966
20
-106.9224999999999994
11
32.8787499999999966
21
-106.2924999999999898
0
LINE
8
BLACK
6
CONTINUOUS
10
32.8787499999999966
20
-106.2924999999999898
11
32.8920710000000014
21
-106.225529999999992
0
LINE
8
BLACK
6
CONTINUOUS
10
32.8920710000000014
20
-106.225529999999992
11
32.9300059999999988
21
-106.1687560000000019
0
LINE
8
BLACK
6
CONTINUOUS
10
32.9300059999999988
20
-106.1687560000000019
11
32.986779999999996
21
-106.1308209999999974
0
LINE
8
BLACK
6
CONTINUOUS
10
32.986779999999996
20
-106.1308209999999974
11
33.0537500000000009
21
-106.1174999999999926
0
LINE
8
BLACK
6
CONTINUOUS
10
33.0537500000000009
20
-106.1174999999999926
11
33.4212500000000006
21
-106.1174999999999926
0
LINE
8
BLACK
6
CONTINUOUS
10
33.4212500000000006
20
-106.1174999999999926
11
33.4882199999999983
21
-106.1308209999999974
0
LINE
8
BLACK
6
CONTINUOUS
10
35.3132200000000012
20
-106.1308209999999974
11
35.3699939999999984
21
-106.1687560000000019
0
LINE
8
BLACK
6
CONTINUOUS
10
35.3699939999999984
20
-106.1687560000000019
11
35.4079289999999958
21
-106.225529999999992
0
LINE
8
BLACK
6
CONTINUOUS
10
35.4079289999999958
20
-106.225529999999992
11
35.4212500000000006
21
-106.2924999999999898
0
LINE
8
BLACK
6
CONTINUOUS
10
35.4212500000000006
20
-106.2924999999999898
11
35.4212500000000006
21
-106.9224999999999994
0
LINE
8
BLACK
6
CONTINUOUS
10
35.4212500000000006
20
-106.9224999999999994
11
35.4079289999999958
21
-106.9894699999999972
0
LINE
8
BLACK
6
CONTINUOUS
10
35.4079289999999958
20
-106.9894699999999972
11
35.3699939999999984
21
-107.0462440000000015
0
LINE
8
BLACK
6
CONTINUOUS
10
35.3699939999999984
20
-107.0462440000000015
11
35.3132200000000012
21
-107.0841789999999918
0
LINE
8
BLACK
6
CONTINUOUS
10
35.3132200000000012
20
-107.0841789999999918
11
35.2462499999999963
21
-107.0974999999999966
0
LINE
8
BLACK
6
CONTINUOUS
10
35.2462499999999963
20
-107.0974999999999966
11
34.8787499999999966
21
-107.0974999999999966
0
LINE
8
BLACK
6
CONTINUOUS
10
34.8787499999999966
20
-107.0974999999999966
11
34.8117799999999988
21
-107.0841789999999918
0
LINE
8
BLACK
6
CONTINUOUS
10
34.8117799999999988
20
-107.0841789999999918
11
34.7550060000000016
21
-107.0462440000000015
0
LINE
8
BLACK
6
CONTINUOUS
10
34.7550060000000016
20
-107.0462440000000015
11
34.7170709999999971
21
-106.9894699999999972
0
LINE
8
BLACK
6
CONTINUOUS
10
34.7170709999999971
20
-106.9894699999999972
11
34.7037499999999994
21
-106.9224999999999994
0
LINE
8
BLACK
6
CONTINUOUS
10
34.7037499999999994
20
-106.9224999999999994
11
34.7037499999999994
21
-106.2924999999999898
0
LINE
8
BLACK
6
CONTINUOUS
10
34.7037499999999994
20
-106.2924999999999898
11
34.7170709999999971
21
-106.225529999999992
0
LINE
8
BLACK
6
CONTINUOUS
10
34.7170709999999971
20
-106.225529999999992
11
34.7550060000000016
21
-106.1687560000000019
0
LINE
8
BLACK
6
CONTINUOUS
10
34.7550060000000016
20
-106.1687560000000019
11
34.8117799999999988
21
-106.1308209999999974
0
LINE
8
BLACK
6
CONTINUOUS
10
34.8117799999999988
20
-106.1308209999999974
11
34.8787499999999966
21
-106.1174999999999926
0
LINE
8
BLACK
6
CONTINUOUS
10
34.8787499999999966
20
-106.1174999999999926
11
35.2462499999999963
21
-106.1174999999999926
0
LINE
8
BLACK
6
CONTINUOUS
10
35.2462499999999963
20
-106.1174999999999926
11
35.3132200000000012
21
-106.1308209999999974
0
LINE
8
BLACK
6
CONTINUOUS
10
46.3282189999999972
20
-106.12332099999999
11
46.3849929999999944
21
-106.1612559999999945
0
LINE
8
BLACK
6
CONTINUOUS
10
46.3849929999999944
20
-106.1612559999999945
11
46.4229279999999989
21
-106.2180299999999988
0
LINE
8
BLACK
6
CONTINUOUS
10
46.4229279999999989
20
-106.2180299999999988
11
46.4362489999999966
21
-106.2849999999999966
0
LINE
8
BLACK
6
CONTINUOUS
10
46.4362489999999966
20
-106.2849999999999966
11
46.4362489999999966
21
-106.914999999999992
0
LINE
8
BLACK
6
CONTINUOUS
10
46.4362489999999966
20
-106.914999999999992
11
46.4229279999999989
21
-106.9819699999999898
0
LINE
8
BLACK
6
CONTINUOUS
10
46.4229279999999989
20
-106.9819699999999898
11
46.3849929999999944
21
-107.0387439999999941
0
LINE
8
BLACK
6
CONTINUOUS
10
46.3849929999999944
20
-107.0387439999999941
11
46.3282189999999972
21
-107.0766789999999986
0
LINE
8
BLACK
6
CONTINUOUS
10
46.3282189999999972
20
-107.0766789999999986
11
46.2612489999999994
21
-107.0899999999999892
0
LINE
8
BLACK
6
CONTINUOUS
10
46.2612489999999994
20
-107.0899999999999892
11
45.8937489999999997
21
-107.0899999999999892
0
LINE
8
BLACK
6
CONTINUOUS
10
45.8937489999999997
20
-107.0899999999999892
11
45.8267789999999948
21
-107.0766789999999986
0
LINE
8
BLACK
6
CONTINUOUS
10
45.8267789999999948
20
-107.0766789999999986
11
45.7700049999999976
21
-107.0387439999999941
0
LINE
8
BLACK
6
CONTINUOUS
10
45.7700049999999976
20
-107.0387439999999941
11
45.7320700000000002
21
-106.9819699999999898
0
LINE
8
BLACK
6
CONTINUOUS
10
45.7320700000000002
20
-106.9819699999999898
11
45.7187489999999954
21
-106.914999999999992
0
LINE
8
BLACK
6
CONTINUOUS
10
45.7187489999999954
20
-106.914999999999992
11
45.7187489999999954
21
-106.2849999999999966
0
LINE
8
BLACK
6
CONTINUOUS
10
45.7187489999999954
20
-106.2849999999999966
11
45.7320700000000002
21
-106.2180299999999988
0
LINE
8
BLACK
6
CONTINUOUS
10
45.7320700000000002
20
-106.2180299999999988
11
45.7700049999999976
21
-106.1612559999999945
0
LINE
8
BLACK
6
CONTINUOUS
10
45.7700049999999976
20
-106.1612559999999945
11
45.8267789999999948
21
-106.12332099999999
0
LINE
8
BLACK
6
CONTINUOUS
10
45.8267789999999948
20
-106.12332099999999
11
45.8937489999999997
21
-106.1099999999999994
0
LINE
8
BLACK
6
CONTINUOUS
10
45.8937489999999997
20
-106.1099999999999994
11
46.2612489999999994
21
-106.1099999999999994
0
LINE
8
BLACK
6
CONTINUOUS
10
46.2612489999999994
20
-106.1099999999999994
11
46.3282189999999972
21
-106.12332099999999
0
LINE
8
BLACK
6
CONTINUOUS
10
48.153219
20
-106.12332099999999
11
48.2099929999999972
21
-106.1612559999999945
0
LINE
8
BLACK
6
CONTINUOUS
10
48.2099929999999972
20
-106.1612559999999945
11
48.2479279999999946
21
-106.2180299999999988
0
LINE
8
BLACK
6
CONTINUOUS
10
48.2479279999999946
20
-106.2180299999999988
11
48.2612489999999994
21
-106.2849999999999966
0
LINE
8
BLACK
6
CONTINUOUS
10
48.2612489999999994
20
-106.2849999999999966
11
48.2612489999999994
21
-106.914999999999992
0
LINE
8
BLACK
6
CONTINUOUS
10
48.2612489999999994
20
-106.914999999999992
11
48.2479279999999946
21
-106.9819699999999898
0
LINE
8
BLACK
6
CONTINUOUS
10
48.2479279999999946
20
-106.9819699999999898
11
48.2099929999999972
21
-107.0387439999999941
0
LINE
8
BLACK
6
CONTINUOUS
10
48.2099929999999972
20
-107.0387439999999941
11
48.153219
21
-107.0766789999999986
0
LINE
8
BLACK
6
CONTINUOUS
10
48.153219
20
-107.0766789999999986
11
48.0862489999999951
21
-107.0899999999999892
0
LINE
8
BLACK
6
CONTINUOUS
10
48.0862489999999951
20
-107.0899999999999892
11
47.7187489999999954
21
-107.0899999999999892
0
LINE
8
BLACK
6
CONTINUOUS
10
47.7187489999999954
20
-107.0899999999999892
11
47.6517789999999977
21
-107.0766789999999986
0
LINE
8
BLACK
6
CONTINUOUS
10
47.6517789999999977
20
-107.0766789999999986
11
47.5950050000000005
21
-107.0387439999999941
0
LINE
8
BLACK
6
CONTINUOUS
10
47.5950050000000005
20
-107.0387439999999941
11
47.557069999999996
21
-106.9819699999999898
0
LINE
8
BLACK
6
CONTINUOUS
10
47.557069999999996
20
-106.9819699999999898
11
47.5437489999999983
21
-106.914999999999992
0
LINE
8
BLACK
6
CONTINUOUS
10
47.5437489999999983
20
-106.914999999999992
11
47.5437489999999983
21
-106.2849999999999966
0
LINE
8
BLACK
6
CONTINUOUS
10
47.5437489999999983
20
-106.2849999999999966
11
47.557069999999996
21
-106.2180299999999988
0
LINE
8
BLACK
6
CONTINUOUS
10
47.557069999999996
20
-106.2180299999999988
11
47.5950050000000005
21
-106.1612559999999945
0
LINE
8
BLACK
6
CONTINUOUS
10
47.5950050000000005
20
-106.1612559999999945
11
47.6517789999999977
21
-106.12332099999999
0
LINE
8
BLACK
6
CONTINUOUS
10
47.6517789999999977
20
-106.12332099999999
11
47.7187489999999954
21
-106.1099999999999994
0
LINE
8
BLACK
6
CONTINUOUS
10
47.7187489999999954
20
-106.1099999999999994
11
48.0862489999999951
21
-106.1099999999999994
0
LINE
8
BLACK
6
CONTINUOUS
10
48.0862489999999951
20
-106.1099999999999994
11
48.153219
21
-106.12332099999999
0
LINE
8
BLACK
6
CONTINUOUS
10
50.3569699999999969
20
-106.0870709999999946
11
50.4137440000000012
21
-106.1250059999999991
0
LINE
8
BLACK
6
CONTINUOUS
10
50.4137440000000012
20
-106.1250059999999991
11
50.4516789999999986
21
-106.1817799999999892
0
LINE
8
BLACK
6
CONTINUOUS
10
50.4516789999999986
20
-106.1817799999999892
11
50.4649999999999963
21
-106.2487500000000011
0
LINE
8
BLACK
6
CONTINUOUS
10
50.4649999999999963
20
-106.2487500000000011
11
50.4649999999999963
21
-106.6162499999999937
0
LINE
8
BLACK
6
CONTINUOUS
10
50.4649999999999963
20
-106.6162499999999937
11
50.4516789999999986
21
-106.6832199999999915
0
LINE
8
BLACK
6
CONTINUOUS
10
50.4516789999999986
20
-106.6832199999999915
11
50.4137440000000012
21
-106.7399939999999958
0
LINE
8
BLACK
6
CONTINUOUS
10
50.4137440000000012
20
-106.7399939999999958
11
50.3569699999999969
21
-106.7779290000000003
0
LINE
8
BLACK
6
CONTINUOUS
10
50.3569699999999969
20
-106.7779290000000003
11
50.2899999999999991
21
-106.7912499999999909
0
LINE
8
BLACK
6
CONTINUOUS
10
50.2899999999999991
20
-106.7912499999999909
11
49.6599999999999966
21
-106.7912499999999909
0
LINE
8
BLACK
6
CONTINUOUS
10
49.6599999999999966
20
-106.7912499999999909
11
49.5930299999999988
21
-106.7779290000000003
0
LINE
8
BLACK
6
CONTINUOUS
10
49.5930299999999988
20
-106.7779290000000003
11
49.5362559999999945
21
-106.7399939999999958
0
LINE
8
BLACK
6
CONTINUOUS
10
49.5362559999999945
20
-106.7399939999999958
11
49.4983209999999971
21
-106.6832199999999915
0
LINE
8
BLACK
6
CONTINUOUS
10
49.4983209999999971
20
-106.6832199999999915
11
49.4849999999999994
21
-106.6162499999999937
0
LINE
8
BLACK
6
CONTINUOUS
10
49.4849999999999994
20
-106.6162499999999937
11
49.4849999999999994
21
-106.2487500000000011
0
LINE
8
BLACK
6
CONTINUOUS
10
49.4849999999999994
20
-106.2487500000000011
11
49.4983209999999971
21
-106.1817799999999892
0
LINE
8
BLACK
6
CONTINUOUS
10
49.4983209999999971
20
-106.1817799999999892
11
49.5362559999999945
21
-106.1250059999999991
0
LINE
8
BLACK
6
CONTINUOUS
10
49.5362559999999945
20
-106.1250059999999991
11
49.5930299999999988
21
-106.0870709999999946
0
LINE
8
BLACK
6
CONTINUOUS
10
49.5930299999999988
20
-106.0870709999999946
11
49.6599999999999966
21
-106.0737499999999898
0
LINE
8
BLACK
6
CONTINUOUS
10
49.6599999999999966
20
-106.0737499999999898
11
50.2899999999999991
21
-106.0737499999999898
0
LINE
8
BLACK
6
CONTINUOUS
10
50.2899999999999991
20
-106.0737499999999898
11
50.3569699999999969
21
-106.0870709999999946
0
LINE
8
BLACK
6
CONTINUOUS
10
31.3874999999999993
20
-105.1774999999999949
11
29.1824999999999974
21
-105.1774999999999949
0
LINE
8
BLACK
6
CONTINUOUS
10
29.1824999999999974
20
-105.1774999999999949
11
29.1824999999999974
21
-103.6374999999999886
0
LINE
8
BLACK
6
CONTINUOUS
10
29.1824999999999974
20
-103.6374999999999886
11
31.3874999999999993
21
-103.6374999999999886
0
LINE
8
BLACK
6
CONTINUOUS
10
31.3874999999999993
20
-103.6374999999999886
11
31.3874999999999993
21
-105.1774999999999949
0
LINE
8
BLACK
6
CONTINUOUS
10
33.0349999999999966
20
-105.1774999999999949
11
32.615000000000002
21
-105.1774999999999949
0
LINE
8
BLACK
6
CONTINUOUS
10
32.615000000000002
20
-105.1774999999999949
11
32.615000000000002
21
-103.6374999999999886
0
LINE
8
BLACK
6
CONTINUOUS
10
32.615000000000002
20
-103.6374999999999886
11
33.0349999999999966
21
-103.6374999999999886
0
LINE
8
BLACK
6
CONTINUOUS
10
33.0349999999999966
20
-103.6374999999999886
11
33.0349999999999966
21
-105.1774999999999949
0
LINE
8
BLACK
6
CONTINUOUS
10
44.1674999999999969
20
-105.1700000000000017
11
41.9624999999999986
21
-105.1700000000000017
0
LINE
8
BLACK
6
CONTINUOUS
10
41.9624999999999986
20
-105.1700000000000017
11
41.9624999999999986
21
-103.6299999999999955
0
LINE
8
BLACK
6
CONTINUOUS
10
41.9624999999999986
20
-103.6299999999999955
11
44.1674999999999969
21
-103.6299999999999955
0
LINE
8
BLACK
6
CONTINUOUS
10
44.1674999999999969
20
-103.6299999999999955
11
44.1674999999999969
21
-105.1700000000000017
0
LINE
8
BLACK
6
CONTINUOUS
10
45.8149999999999977
20
-105.1700000000000017
11
45.394999999999996
21
-105.1700000000000017
0
LINE
8
BLACK
6
CONTINUOUS
10
45.394999999999996
20
-105.1700000000000017
11
45.394999999999996
21
-103.6299999999999955
0
LINE
8
BLACK
6
CONTINUOUS
10
45.394999999999996
20
-103.6299999999999955
11
45.8149999999999977
21
-103.6299999999999955
0
LINE
8
BLACK
6
CONTINUOUS
10
45.8149999999999977
20
-103.6299999999999955
11
45.8149999999999977
21
-105.1700000000000017
0
LINE
8
BLACK
6
CONTINUOUS
10
49.8489329999999953
20
-104.6979929999999968
11
49.882996999999996
21
-104.7207539999999995
0
LINE
8
BLACK
6
CONTINUOUS
10
49.882996999999996
20
-104.7207539999999995
11
49.9057579999999987
21
-104.7548180000000002
0
LINE
8
BLACK
6
CONTINUOUS
10
49.9057579999999987
20
-104.7548180000000002
11
49.9137509999999978
21
-104.7950000000000017
0
LINE
8
BLACK
6
CONTINUOUS
10
49.9137509999999978
20
-104.7950000000000017
11
49.9137509999999978
21
-105.0049999999999955
0
LINE
8
BLACK
6
CONTINUOUS
10
49.9137509999999978
20
-105.0049999999999955
11
49.9057579999999987
21
-105.0451819999999969
0
LINE
8
BLACK
6
CONTINUOUS
10
49.9057579999999987
20
-105.0451819999999969
11
49.882996999999996
21
-105.0792459999999977
0
LINE
8
BLACK
6
CONTINUOUS
10
49.882996999999996
20
-105.0792459999999977
11
49.8489329999999953
21
-105.1020070000000004
0
LINE
8
BLACK
6
CONTINUOUS
10
49.8489329999999953
20
-105.1020070000000004
11
49.8087510000000009
21
-105.1099999999999994
0
LINE
8
BLACK
6
CONTINUOUS
10
49.8087510000000009
20
-105.1099999999999994
11
48.9862509999999958
21
-105.1099999999999994
0
LINE
8
BLACK
6
CONTINUOUS
10
48.9862509999999958
20
-105.1099999999999994
11
48.9460689999999943
21
-105.1020070000000004
0
LINE
8
BLACK
6
CONTINUOUS
10
48.9460689999999943
20
-105.1020070000000004
11
48.9120050000000006
21
-105.0792459999999977
0
LINE
8
BLACK
6
CONTINUOUS
10
48.9120050000000006
20
-105.0792459999999977
11
48.8892439999999979
21
-105.0451819999999969
0
LINE
8
BLACK
6
CONTINUOUS
10
48.8892439999999979
20
-105.0451819999999969
11
48.8812509999999989
21
-105.0049999999999955
0
LINE
8
BLACK
6
CONTINUOUS
10
48.8812509999999989
20
-105.0049999999999955
11
48.8812509999999989
21
-104.7950000000000017
0
LINE
8
BLACK
6
CONTINUOUS
10
48.8812509999999989
20
-104.7950000000000017
11
48.8892439999999979
21
-104.7548180000000002
0
LINE
8
BLACK
6
CONTINUOUS
10
48.8892439999999979
20
-104.7548180000000002
11
48.9120050000000006
21
-104.7207539999999995
0
LINE
8
BLACK
6
CONTINUOUS
10
48.9120050000000006
20
-104.7207539999999995
11
48.9460689999999943
21
-104.6979929999999968
0
LINE
8
BLACK
6
CONTINUOUS
10
48.9460689999999943
20
-104.6979929999999968
11
48.9862509999999958
21
-104.6899999999999977
0
LINE
8
BLACK
6
CONTINUOUS
10
48.9862509999999958
20
-104.6899999999999977
11
49.8087510000000009
21
-104.6899999999999977
0
LINE
8
BLACK
6
CONTINUOUS
10
49.8087510000000009
20
-104.6899999999999977
11
49.8489329999999953
21
-104.6979929999999968
0
LINE
8
BLACK
6
CONTINUOUS
10
37.0589319999999987
20
-104.695492999999999
11
37.0929959999999994
21
-104.7182540000000017
0
LINE
8
BLACK
6
CONTINUOUS
10
37.0929959999999994
20
-104.7182540000000017
11
37.115756999999995
21
-104.7523179999999883
0
LINE
8
BLACK
6
CONTINUOUS
10
37.115756999999995
20
-104.7523179999999883
11
37.1237500000000011
21
-104.7924999999999898
0
LINE
8
BLACK
6
CONTINUOUS
10
37.1237500000000011
20
-104.7924999999999898
11
37.1237500000000011
21
-105.0024999999999977
0
LINE
8
BLACK
6
CONTINUOUS
10
37.1237500000000011
20
-105.0024999999999977
11
37.115756999999995
21
-105.0426819999999992
0
LINE
8
BLACK
6
CONTINUOUS
10
37.115756999999995
20
-105.0426819999999992
11
37.0929959999999994
21
-105.076746
0
LINE
8
BLACK
6
CONTINUOUS
10
37.0929959999999994
20
-105.076746
11
37.0589319999999987
21
-105.0995069999999885
0
LINE
8
BLACK
6
CONTINUOUS
10
37.0589319999999987
20
-105.0995069999999885
11
37.0187499999999972
21
-105.1075000000000017
0
LINE
8
BLACK
6
CONTINUOUS
10
37.0187499999999972
20
-105.1075000000000017
11
36.1962499999999991
21
-105.1075000000000017
0
LINE
8
BLACK
6
CONTINUOUS
10
36.1962499999999991
20
-105.1075000000000017
11
36.1560679999999977
21
-105.0995069999999885
0
LINE
8
BLACK
6
CONTINUOUS
10
36.1560679999999977
20
-105.0995069999999885
11
36.1220039999999969
21
-105.076746
0
LINE
8
BLACK
6
CONTINUOUS
10
36.1220039999999969
20
-105.076746
11
36.0992430000000013
21
-105.0426819999999992
0
LINE
8
BLACK
6
CONTINUOUS
10
36.0992430000000013
20
-105.0426819999999992
11
36.0912499999999952
21
-105.0024999999999977
0
LINE
8
BLACK
6
CONTINUOUS
10
36.0912499999999952
20
-105.0024999999999977
11
36.0912499999999952
21
-104.7924999999999898
0
LINE
8
BLACK
6
CONTINUOUS
10
36.0912499999999952
20
-104.7924999999999898
11
36.0992430000000013
21
-104.7523179999999883
0
LINE
8
BLACK
6
CONTINUOUS
10
36.0992430000000013
20
-104.7523179999999883
11
36.1220039999999969
21
-104.7182540000000017
0
LINE
8
BLACK
6
CONTINUOUS
10
36.1220039999999969
20
-104.7182540000000017
11
36.1560679999999977
21
-104.695492999999999
0
LINE
8
BLACK
6
CONTINUOUS
10
36.1560679999999977
20
-104.695492999999999
11
36.1962499999999991
21
-104.6875
0
LINE
8
BLACK
6
CONTINUOUS
10
36.1962499999999991
20
-104.6875
11
37.0187499999999972
21
-104.6875
0
LINE
8
BLACK
6
CONTINUOUS
10
37.0187499999999972
20
-104.6875
11
37.0589319999999987
21
-104.695492999999999
0
LINE
8
BLACK
6
CONTINUOUS
10
60.699469999999998
20
-104.3633209999999991
11
60.7562439999999953
21
-104.4012559999999894
0
LINE
8
BLACK
6
CONTINUOUS
10
60.7562439999999953
20
-104.4012559999999894
11
60.7941789999999997
21
-104.4580299999999937
0
LINE
8
BLACK
6
CONTINUOUS
10
60.7941789999999997
20
-104.4580299999999937
11
60.8074999999999974
21
-104.5249999999999915
0
LINE
8
BLACK
6
CONTINUOUS
10
60.8074999999999974
20
-104.5249999999999915
11
60.8074999999999974
21
-104.875
0
LINE
8
BLACK
6
CONTINUOUS
10
60.8074999999999974
20
-104.875
11
60.7941789999999997
21
-104.9419699999999978
0
LINE
8
BLACK
6
CONTINUOUS
10
60.7941789999999997
20
-104.9419699999999978
11
60.7562439999999953
21
-104.9987440000000021
0
LINE
8
BLACK
6
CONTINUOUS
10
60.7562439999999953
20
-104.9987440000000021
11
60.699469999999998
21
-105.0366789999999924
0
LINE
8
BLACK
6
CONTINUOUS
10
60.699469999999998
20
-105.0366789999999924
11
60.6325000000000003
21
-105.0499999999999972
0
LINE
8
BLACK
6
CONTINUOUS
10
60.6325000000000003
20
-105.0499999999999972
11
59.967499999999994
21
-105.0499999999999972
0
LINE
8
BLACK
6
CONTINUOUS
10
59.967499999999994
20
-105.0499999999999972
11
59.9005299999999963
21
-105.0366789999999924
0
LINE
8
BLACK
6
CONTINUOUS
10
59.9005299999999963
20
-105.0366789999999924
11
59.8437559999999991
21
-104.9987440000000021
0
LINE
8
BLACK
6
CONTINUOUS
10
59.8437559999999991
20
-104.9987440000000021
11
59.8058209999999946
21
-104.9419699999999978
0
LINE
8
BLACK
6
CONTINUOUS
10
59.8058209999999946
20
-104.9419699999999978
11
59.7924999999999969
21
-104.875
0
LINE
8
BLACK
6
CONTINUOUS
10
59.7924999999999969
20
-104.875
11
59.7924999999999969
21
-104.5249999999999915
0
LINE
8
BLACK
6
CONTINUOUS
10
59.7924999999999969
20
-104.5249999999999915
11
59.8058209999999946
21
-104.4580299999999937
0
LINE
8
BLACK
6
CONTINUOUS
10
59.8058209999999946
20
-104.4580299999999937
11
59.8437559999999991
21
-104.4012559999999894
0
LINE
8
BLACK
6
CONTINUOUS
10
59.8437559999999991
20
-104.4012559999999894
11
59.9005299999999963
21
-104.3633209999999991
0
LINE
8
BLACK
6
CONTINUOUS
10
59.9005299999999963
20
-104.3633209999999991
11
59.967499999999994
21
-104.3499999999999943
0
LINE
8
BLACK
6
CONTINUOUS
10
59.967499999999994
20
-104.3499999999999943
11
60.6325000000000003
21
-104.3499999999999943
0
LINE
8
BLACK
6
CONTINUOUS
10
60.6325000000000003
20
-104.3499999999999943
11
60.699469999999998
21
-104.3633209999999991
0
LINE
8
BLACK
6
CONTINUOUS
10
47.9739329999999953
20
-103.7479929999999939
11
48.007996999999996
21
-103.7707539999999966
0
LINE
8
BLACK
6
CONTINUOUS
10
48.007996999999996
20
-103.7707539999999966
11
48.0307579999999987
21
-103.8048179999999974
0
LINE
8
BLACK
6
CONTINUOUS
10
48.0307579999999987
20
-103.8048179999999974
11
48.0387509999999978
21
-103.8449999999999989
0
LINE
8
BLACK
6
CONTINUOUS
10
48.0387509999999978
20
-103.8449999999999989
11
48.0387509999999978
21
-104.0549999999999926
0
LINE
8
BLACK
6
CONTINUOUS
10
48.0387509999999978
20
-104.0549999999999926
11
48.0307579999999987
21
-104.0951819999999941
0
LINE
8
BLACK
6
CONTINUOUS
10
48.0307579999999987
20
-104.0951819999999941
11
48.007996999999996
21
-104.1292459999999949
0
LINE
8
BLACK
6
CONTINUOUS
10
48.007996999999996
20
-104.1292459999999949
11
47.9739329999999953
21
-104.1520069999999976
0
LINE
8
BLACK
6
CONTINUOUS
10
47.9739329999999953
20
-104.1520069999999976
11
47.9337510000000009
21
-104.1599999999999966
0
LINE
8
BLACK
6
CONTINUOUS
10
47.9337510000000009
20
-104.1599999999999966
11
47.1112509999999958
21
-104.1599999999999966
0
LINE
8
BLACK
6
CONTINUOUS
10
47.1112509999999958
20
-104.1599999999999966
11
47.0710690000000014
21
-104.1520069999999976
0
LINE
8
BLACK
6
CONTINUOUS
10
47.0710690000000014
20
-104.1520069999999976
11
47.0370050000000006
21
-104.1292459999999949
0
LINE
8
BLACK
6
CONTINUOUS
10
47.0370050000000006
20
-104.1292459999999949
11
47.0142439999999979
21
-104.0951819999999941
0
LINE
8
BLACK
6
CONTINUOUS
10
47.0142439999999979
20
-104.0951819999999941
11
47.0062509999999989
21
-104.0549999999999926
0
LINE
8
BLACK
6
CONTINUOUS
10
47.0062509999999989
20
-104.0549999999999926
11
47.0062509999999989
21
-103.8449999999999989
0
LINE
8
BLACK
6
CONTINUOUS
10
47.0062509999999989
20
-103.8449999999999989
11
47.0142439999999979
21
-103.8048179999999974
0
LINE
8
BLACK
6
CONTINUOUS
10
47.0142439999999979
20
-103.8048179999999974
11
47.0370050000000006
21
-103.7707539999999966
0
LINE
8
BLACK
6
CONTINUOUS
10
47.0370050000000006
20
-103.7707539999999966
11
47.0710690000000014
21
-103.7479929999999939
0
LINE
8
BLACK
6
CONTINUOUS
10
47.0710690000000014
20
-103.7479929999999939
11
47.1112509999999958
21
-103.7399999999999949
0
LINE
8
BLACK
6
CONTINUOUS
10
47.1112509999999958
20
-103.7399999999999949
11
47.9337510000000009
21
-103.7399999999999949
0
LINE
8
BLACK
6
CONTINUOUS
10
47.9337510000000009
20
-103.7399999999999949
11
47.9739329999999953
21
-103.7479929999999939
0
LINE
8
BLACK
6
CONTINUOUS
10
35.1839319999999987
20
-103.7454929999999962
11
35.2179959999999994
21
-103.7682539999999989
0
LINE
8
BLACK
6
CONTINUOUS
10
35.2179959999999994
20
-103.7682539999999989
11
35.240756999999995
21
-103.8023179999999996
0
LINE
8
BLACK
6
CONTINUOUS
10
35.240756999999995
20
-103.8023179999999996
11
35.2487500000000011
21
-103.8425000000000011
0
LINE
8
BLACK
6
CONTINUOUS
10
35.2487500000000011
20
-103.8425000000000011
11
35.2487500000000011
21
-104.0524999999999949
0
LINE
8
BLACK
6
CONTINUOUS
10
35.2487500000000011
20
-104.0524999999999949
11
35.240756999999995
21
-104.0926819999999964
0
LINE
8
BLACK
6
CONTINUOUS
10
35.240756999999995
20
-104.0926819999999964
11
35.2179959999999994
21
-104.1267459999999971
0
LINE
8
BLACK
6
CONTINUOUS
10
35.2179959999999994
20
-104.1267459999999971
11
35.1839319999999987
21
-104.1495069999999998
0
LINE
8
BLACK
6
CONTINUOUS
10
35.1839319999999987
20
-104.1495069999999998
11
35.1437499999999972
21
-104.1574999999999989
0
LINE
8
BLACK
6
CONTINUOUS
10
35.1437499999999972
20
-104.1574999999999989
11
34.3212499999999991
21
-104.1574999999999989
0
LINE
8
BLACK
6
CONTINUOUS
10
34.3212499999999991
20
-104.1574999999999989
11
34.2810679999999977
21
-104.1495069999999998
0
LINE
8
BLACK
6
CONTINUOUS
10
34.2810679999999977
20
-104.1495069999999998
11
34.2470039999999969
21
-104.1267459999999971
0
LINE
8
BLACK
6
CONTINUOUS
10
34.2470039999999969
20
-104.1267459999999971
11
34.2242430000000013
21
-104.0926819999999964
0
LINE
8
BLACK
6
CONTINUOUS
10
34.2242430000000013
20
-104.0926819999999964
11
34.2162499999999952
21
-104.0524999999999949
0
LINE
8
BLACK
6
CONTINUOUS
10
34.2162499999999952
20
-104.0524999999999949
11
34.2162499999999952
21
-103.8425000000000011
0
LINE
8
BLACK
6
CONTINUOUS
10
34.2162499999999952
20
-103.8425000000000011
11
34.2242430000000013
21
-103.8023179999999996
0
LINE
8
BLACK
6
CONTINUOUS
10
34.2242430000000013
20
-103.8023179999999996
11
34.2470039999999969
21
-103.7682539999999989
0
LINE
8
BLACK
6
CONTINUOUS
10
34.2470039999999969
20
-103.7682539999999989
11
34.2810679999999977
21
-103.7454929999999962
0
LINE
8
BLACK
6
CONTINUOUS
10
34.2810679999999977
20
-103.7454929999999962
11
34.3212499999999991
21
-103.7374999999999972
0
LINE
8
BLACK
6
CONTINUOUS
10
34.3212499999999991
20
-103.7374999999999972
11
35.1437499999999972
21
-103.7374999999999972
0
LINE
8
BLACK
6
CONTINUOUS
10
35.1437499999999972
20
-103.7374999999999972
11
35.1839319999999987
21
-103.7454929999999962
0
LINE
8
BLACK
6
CONTINUOUS
10
56.7898679999999985
20
-102.1245499999999993
11
56.893377000000001
21
-102.1751529999999946
0
LINE
8
BLACK
6
CONTINUOUS
10
56.893377000000001
20
-102.1751529999999946
11
56.9748469999999969
21
-102.2566229999999905
0
LINE
8
BLACK
6
CONTINUOUS
10
56.9748469999999969
20
-102.2566229999999905
11
57.0254499999999993
21
-102.360131999999993
0
LINE
8
BLACK
6
CONTINUOUS
10
57.0254499999999993
20
-102.360131999999993
11
57.0399999999999991
21
-102.4599999999999937
0
LINE
8
BLACK
6
CONTINUOUS
10
57.0399999999999991
20
-102.4599999999999937
11
57.0399999999999991
21
-103.1599999999999966
0
LINE
8
BLACK
6
CONTINUOUS
10
57.0399999999999991
20
-103.1599999999999966
11
57.0254499999999993
21
-103.2598679999999973
0
LINE
8
BLACK
6
CONTINUOUS
10
57.0254499999999993
20
-103.2598679999999973
11
56.9748469999999969
21
-103.3633769999999998
0
LINE
8
BLACK
6
CONTINUOUS
10
56.9748469999999969
20
-103.3633769999999998
11
56.893377000000001
21
-103.4448469999999958
0
LINE
8
BLACK
6
CONTINUOUS
10
56.893377000000001
20
-103.4448469999999958
11
56.7898679999999985
21
-103.4954499999999911
0
LINE
8
BLACK
6
CONTINUOUS
10
56.7898679999999985
20
-103.4954499999999911
11
56.6899999999999977
21
-103.5099999999999909
0
LINE
8
BLACK
6
CONTINUOUS
10
56.6899999999999977
20
-103.5099999999999909
11
54.7299999999999969
21
-103.5099999999999909
0
LINE
8
BLACK
6
CONTINUOUS
10
54.7299999999999969
20
-103.5099999999999909
11
54.6301319999999961
21
-103.4954499999999911
0
LINE
8
BLACK
6
CONTINUOUS
10
54.6301319999999961
20
-103.4954499999999911
11
54.5266230000000007
21
-103.4448469999999958
0
LINE
8
BLACK
6
CONTINUOUS
10
54.5266230000000007
20
-103.4448469999999958
11
54.4451529999999977
21
-103.3633769999999998
0
LINE
8
BLACK
6
CONTINUOUS
10
54.4451529999999977
20
-103.3633769999999998
11
54.3945499999999953
21
-103.2598679999999973
0
LINE
8
BLACK
6
CONTINUOUS
10
54.3945499999999953
20
-103.2598679999999973
11
54.3799999999999955
21
-103.1599999999999966
0
LINE
8
BLACK
6
CONTINUOUS
10
54.3799999999999955
20
-103.1599999999999966
11
54.3799999999999955
21
-102.4599999999999937
0
LINE
8
BLACK
6
CONTINUOUS
10
54.3799999999999955
20
-102.4599999999999937
11
54.3945499999999953
21
-102.360131999999993
0
LINE
8
BLACK
6
CONTINUOUS
10
54.3945499999999953
20
-102.360131999999993
11
54.4451529999999977
21
-102.2566229999999905
0
LINE
8
BLACK
6
CONTINUOUS
10
54.4451529999999977
20
-102.2566229999999905
11
54.5266230000000007
21
-102.1751529999999946
0
LINE
8
BLACK
6
CONTINUOUS
10
54.5266230000000007
20
-102.1751529999999946
11
54.6301319999999961
21
-102.1245499999999993
0
LINE
8
BLACK
6
CONTINUOUS
10
54.6301319999999961
20
-102.1245499999999993
11
54.7299999999999969
21
-102.1099999999999994
0
LINE
8
BLACK
6
CONTINUOUS
10
54.7299999999999969
20
-102.1099999999999994
11
56.6899999999999977
21
-102.1099999999999994
0
LINE
8
BLACK
6
CONTINUOUS
10
56.6899999999999977
20
-102.1099999999999994
11
56.7898679999999985
21
-102.1245499999999993
0
LINE
8
BLACK
6
CONTINUOUS
10
89.3719699999999904
20
-100.958320999999998
11
89.4287439999999947
21
-100.9962560000000025
0
LINE
8
BLACK
6
CONTINUOUS
10
89.4287439999999947
20
-100.9962560000000025
11
89.4666789999999992
21
-101.0530299999999926
0
LINE
8
BLACK
6
CONTINUOUS
10
89.4666789999999992
20
-101.0530299999999926
11
89.4799999999999898
21
-101.1199999999999903
0
LINE
8
BLACK
6
CONTINUOUS
10
89.4799999999999898
20
-101.1199999999999903
11
89.4799999999999898
21
-103.2199999999999989
0
LINE
8
BLACK
6
CONTINUOUS
10
89.4799999999999898
20
-103.2199999999999989
11
89.4666789999999992
21
-103.2869699999999966
0
LINE
8
BLACK
6
CONTINUOUS
10
89.4666789999999992
20
-103.2869699999999966
11
89.4287439999999947
21
-103.3437440000000009
0
LINE
8
BLACK
6
CONTINUOUS
10
89.4287439999999947
20
-103.3437440000000009
11
89.3719699999999904
21
-103.3816789999999912
0
LINE
8
BLACK
6
CONTINUOUS
10
89.3719699999999904
20
-103.3816789999999912
11
89.3049999999999926
21
-103.394999999999996
0
LINE
8
BLACK
6
CONTINUOUS
10
89.3049999999999926
20
-103.394999999999996
11
88.5349999999999966
21
-103.394999999999996
0
LINE
8
BLACK
6
CONTINUOUS
10
88.5349999999999966
20
-103.394999999999996
11
88.4680299999999988
21
-103.3816789999999912
0
LINE
8
BLACK
6
CONTINUOUS
10
88.4680299999999988
20
-103.3816789999999912
11
88.4112559999999945
21
-103.3437440000000009
0
LINE
8
BLACK
6
CONTINUOUS
10
88.4112559999999945
20
-103.3437440000000009
11
88.37332099999999
21
-103.2869699999999966
0
LINE
8
BLACK
6
CONTINUOUS
10
88.37332099999999
20
-103.2869699999999966
11
88.3599999999999994
21
-103.2199999999999989
0
LINE
8
BLACK
6
CONTINUOUS
10
88.3599999999999994
20
-103.2199999999999989
11
88.3599999999999994
21
-101.1199999999999903
0
LINE
8
BLACK
6
CONTINUOUS
10
88.3599999999999994
20
-101.1199999999999903
11
88.37332099999999
21
-101.0530299999999926
0
LINE
8
BLACK
6
CONTINUOUS
10
88.37332099999999
20
-101.0530299999999926
11
88.4112559999999945
21
-100.9962560000000025
0
LINE
8
BLACK
6
CONTINUOUS
10
88.4112559999999945
20
-100.9962560000000025
11
88.4680299999999988
21
-100.958320999999998
0
LINE
8
BLACK
6
CONTINUOUS
10
88.4680299999999988
20
-100.958320999999998
11
88.5349999999999966
21
-100.9449999999999932
0
LINE
8
BLACK
6
CONTINUOUS
10
88.5349999999999966
20
-100.9449999999999932
11
89.3049999999999926
21
-100.9449999999999932
0
LINE
8
BLACK
6
CONTINUOUS
10
89.3049999999999926
20
-100.9449999999999932
11
89.3719699999999904
21
-100.958320999999998
0
LINE
8
BLACK
6
CONTINUOUS
10
49.8489329999999953
20
-102.7979929999999911
11
49.882996999999996
21
-102.8207539999999938
0
LINE
8
BLACK
6
CONTINUOUS
10
49.882996999999996
20
-102.8207539999999938
11
49.9057579999999987
21
-102.8548179999999945
0
LINE
8
BLACK
6
CONTINUOUS
10
49.9057579999999987
20
-102.8548179999999945
11
49.9137509999999978
21
-102.894999999999996
0
LINE
8
BLACK
6
CONTINUOUS
10
49.9137509999999978
20
-102.894999999999996
11
49.9137509999999978
21
-103.1049999999999898
0
LINE
8
BLACK
6
CONTINUOUS
10
49.9137509999999978
20
-103.1049999999999898
11
49.9057579999999987
21
-103.1451819999999913
0
LINE
8
BLACK
6
CONTINUOUS
10
49.9057579999999987
20
-103.1451819999999913
11
49.882996999999996
21
-103.179245999999992
0
LINE
8
BLACK
6
CONTINUOUS
10
49.882996999999996
20
-103.179245999999992
11
49.8489329999999953
21
-103.2020069999999947
0
LINE
8
BLACK
6
CONTINUOUS
10
49.8489329999999953
20
-103.2020069999999947
11
49.8087510000000009
21
-103.2099999999999937
0
LINE
8
BLACK
6
CONTINUOUS
10
49.8087510000000009
20
-103.2099999999999937
11
48.9862509999999958
21
-103.2099999999999937
0
LINE
8
BLACK
6
CONTINUOUS
10
48.9862509999999958
20
-103.2099999999999937
11
48.9460689999999943
21
-103.2020069999999947
0
LINE
8
BLACK
6
CONTINUOUS
10
48.9460689999999943
20
-103.2020069999999947
11
48.9120050000000006
21
-103.179245999999992
0
LINE
8
BLACK
6
CONTINUOUS
10
48.9120050000000006
20
-103.179245999999992
11
48.8892439999999979
21
-103.1451819999999913
0
LINE
8
BLACK
6
CONTINUOUS
10
48.8892439999999979
20
-103.1451819999999913
11
48.8812509999999989
21
-103.1049999999999898
0
LINE
8
BLACK
6
CONTINUOUS
10
48.8812509999999989
20
-103.1049999999999898
11
48.8812509999999989
21
-102.894999999999996
0
LINE
8
BLACK
6
CONTINUOUS
10
48.8812509999999989
20
-102.894999999999996
11
48.8892439999999979
21
-102.8548179999999945
0
LINE
8
BLACK
6
CONTINUOUS
10
48.8892439999999979
20
-102.8548179999999945
11
48.9120050000000006
21
-102.8207539999999938
0
LINE
8
BLACK
6
CONTINUOUS
10
48.9120050000000006
20
-102.8207539999999938
11
48.9460689999999943
21
-102.7979929999999911
0
LINE
8
BLACK
6
CONTINUOUS
10
48.9460689999999943
20
-102.7979929999999911
11
48.9862509999999958
21
-102.789999999999992
0
LINE
8
BLACK
6
CONTINUOUS
10
48.9862509999999958
20
-102.789999999999992
11
49.8087510000000009
21
-102.789999999999992
0
LINE
8
BLACK
6
CONTINUOUS
10
49.8087510000000009
20
-102.789999999999992
11
49.8489329999999953
21
-102.7979929999999911
0
LINE
8
BLACK
6
CONTINUOUS
10
37.0589319999999987
20
-102.7954929999999933
11
37.0929959999999994
21
-102.818253999999996
0
LINE
8
BLACK
6
CONTINUOUS
10
37.0929959999999994
20
-102.818253999999996
11
37.115756999999995
21
-102.8523179999999968
0
LINE
8
BLACK
6
CONTINUOUS
10
37.115756999999995
20
-102.8523179999999968
11
37.1237500000000011
21
-102.8924999999999983
0
LINE
8
BLACK
6
CONTINUOUS
10
37.1237500000000011
20
-102.8924999999999983
11
37.1237500000000011
21
-103.102499999999992
0
LINE
8
BLACK
6
CONTINUOUS
10
37.1237500000000011
20
-103.102499999999992
11
37.115756999999995
21
-103.1426819999999935
0
LINE
8
BLACK
6
CONTINUOUS
10
37.115756999999995
20
-103.1426819999999935
11
37.0929959999999994
21
-103.1767459999999943
0
LINE
8
BLACK
6
CONTINUOUS
10
37.0929959999999994
20
-103.1767459999999943
11
37.0589319999999987
21
-103.199506999999997
0
LINE
8
BLACK
6
CONTINUOUS
10
37.0589319999999987
20
-103.199506999999997
11
37.0187499999999972
21
-103.207499999999996
0
LINE
8
BLACK
6
CONTINUOUS
10
37.0187499999999972
20
-103.207499999999996
11
36.1962499999999991
21
-103.207499999999996
0
LINE
8
BLACK
6
CONTINUOUS
10
36.1962499999999991
20
-103.207499999999996
11
36.1560679999999977
21
-103.199506999999997
0
LINE
8
BLACK
6
CONTINUOUS
10
36.1560679999999977
20
-103.199506999999997
11
36.1220039999999969
21
-103.1767459999999943
0
LINE
8
BLACK
6
CONTINUOUS
10
36.1220039999999969
20
-103.1767459999999943
11
36.0992430000000013
21
-103.1426819999999935
0
LINE
8
BLACK
6
CONTINUOUS
10
36.0992430000000013
20
-103.1426819999999935
11
36.0912499999999952
21
-103.102499999999992
0
LINE
8
BLACK
6
CONTINUOUS
10
36.0912499999999952
20
-103.102499999999992
11
36.0912499999999952
21
-102.8924999999999983
0
LINE
8
BLACK
6
CONTINUOUS
10
36.0912499999999952
20
-102.8924999999999983
11
36.0992430000000013
21
-102.8523179999999968
0
LINE
8
BLACK
6
CONTINUOUS
10
36.0992430000000013
20
-102.8523179999999968
11
36.1220039999999969
21
-102.818253999999996
0
LINE
8
BLACK
6
CONTINUOUS
10
36.1220039999999969
20
-102.818253999999996
11
36.1560679999999977
21
-102.7954929999999933
0
LINE
8
BLACK
6
CONTINUOUS
10
36.1560679999999977
20
-102.7954929999999933
11
36.1962499999999991
21
-102.7874999999999943
0
LINE
8
BLACK
6
CONTINUOUS
10
36.1962499999999991
20
-102.7874999999999943
11
37.0187499999999972
21
-102.7874999999999943
0
LINE
8
BLACK
6
CONTINUOUS
10
37.0187499999999972
20
-102.7874999999999943
11
37.0589319999999987
21
-102.7954929999999933
0
LINE
8
BLACK
6
CONTINUOUS
10
60.699469999999998
20
-102.4633209999999934
11
60.7562439999999953
21
-102.5012559999999979
0
LINE
8
BLACK
6
CONTINUOUS
10
60.7562439999999953
20
-102.5012559999999979
11
60.7941789999999997
21
-102.5580300000000022
0
LINE
8
BLACK
6
CONTINUOUS
10
60.7941789999999997
20
-102.5580300000000022
11
60.8074999999999974
21
-102.625
0
LINE
8
BLACK
6
CONTINUOUS
10
60.8074999999999974
20
-102.625
11
60.8074999999999974
21
-102.9749999999999943
0
LINE
8
BLACK
6
CONTINUOUS
10
60.8074999999999974
20
-102.9749999999999943
11
60.7941789999999997
21
-103.0419699999999921
0
LINE
8
BLACK
6
CONTINUOUS
10
60.7941789999999997
20
-103.0419699999999921
11
60.7562439999999953
21
-103.0987439999999964
0
LINE
8
BLACK
6
CONTINUOUS
10
60.7562439999999953
20
-103.0987439999999964
11
60.699469999999998
21
-103.1366790000000009
0
LINE
8
BLACK
6
CONTINUOUS
10
60.699469999999998
20
-103.1366790000000009
11
60.6325000000000003
21
-103.1499999999999915
0
LINE
8
BLACK
6
CONTINUOUS
10
60.6325000000000003
20
-103.1499999999999915
11
59.967499999999994
21
-103.1499999999999915
0
LINE
8
BLACK
6
CONTINUOUS
10
59.967499999999994
20
-103.1499999999999915
11
59.9005299999999963
21
-103.1366790000000009
0
LINE
8
BLACK
6
CONTINUOUS
10
59.9005299999999963
20
-103.1366790000000009
11
59.8437559999999991
21
-103.0987439999999964
0
LINE
8
BLACK
6
CONTINUOUS
10
59.8437559999999991
20
-103.0987439999999964
11
59.8058209999999946
21
-103.0419699999999921
0
LINE
8
BLACK
6
CONTINUOUS
10
59.8058209999999946
20
-103.0419699999999921
11
59.7924999999999969
21
-102.9749999999999943
0
LINE
8
BLACK
6
CONTINUOUS
10
59.7924999999999969
20
-102.9749999999999943
11
59.7924999999999969
21
-102.625
0
LINE
8
BLACK
6
CONTINUOUS
10
59.7924999999999969
20
-102.625
11
59.8058209999999946
21
-102.5580300000000022
0
LINE
8
BLACK
6
CONTINUOUS
10
59.8058209999999946
20
-102.5580300000000022
11
59.8437559999999991
21
-102.5012559999999979
0
LINE
8
BLACK
6
CONTINUOUS
10
59.8437559999999991
20
-102.5012559999999979
11
59.9005299999999963
21
-102.4633209999999934
0
LINE
8
BLACK
6
CONTINUOUS
10
59.9005299999999963
20
-102.4633209999999934
11
59.967499999999994
21
-102.4499999999999886
0
LINE
8
BLACK
6
CONTINUOUS
10
59.967499999999994
20
-102.4499999999999886
11
60.6325000000000003
21
-102.4499999999999886
0
LINE
8
BLACK
6
CONTINUOUS
10
60.6325000000000003
20
-102.4499999999999886
11
60.699469999999998
21
-102.4633209999999934
0
LINE
8
BLACK
6
CONTINUOUS
10
49.7319699999999969
20
-100.3670709999999957
11
49.7887440000000012
21
-100.4050060000000002
0
LINE
8
BLACK
6
CONTINUOUS
10
49.7887440000000012
20
-100.4050060000000002
11
49.8266789999999986
21
-100.4617799999999903
0
LINE
8
BLACK
6
CONTINUOUS
10
49.8266789999999986
20
-100.4617799999999903
11
49.8399999999999963
21
-100.5287500000000023
0
LINE
8
BLACK
6
CONTINUOUS
10
49.8399999999999963
20
-100.5287500000000023
11
49.8399999999999963
21
-100.8962499999999949
0
LINE
8
BLACK
6
CONTINUOUS
10
49.8399999999999963
20
-100.8962499999999949
11
49.8266789999999986
21
-100.9632199999999926
0
LINE
8
BLACK
6
CONTINUOUS
10
49.8266789999999986
20
-100.9632199999999926
11
49.7887440000000012
21
-101.019993999999997
0
LINE
8
BLACK
6
CONTINUOUS
10
49.7887440000000012
20
-101.019993999999997
11
49.7319699999999969
21
-101.0579290000000015
0
LINE
8
BLACK
6
CONTINUOUS
10
49.7319699999999969
20
-101.0579290000000015
11
49.6649999999999991
21
-101.071249999999992
0
LINE
8
BLACK
6
CONTINUOUS
10
49.6649999999999991
20
-101.071249999999992
11
49.0349999999999966
21
-101.071249999999992
0
LINE
8
BLACK
6
CONTINUOUS
10
49.0349999999999966
20
-101.071249999999992
11
48.9680299999999988
21
-101.0579290000000015
0
LINE
8
BLACK
6
CONTINUOUS
10
48.9680299999999988
20
-101.0579290000000015
11
48.9112559999999945
21
-101.019993999999997
0
LINE
8
BLACK
6
CONTINUOUS
10
48.9112559999999945
20
-101.019993999999997
11
48.8733209999999971
21
-100.9632199999999926
0
LINE
8
BLACK
6
CONTINUOUS
10
48.8733209999999971
20
-100.9632199999999926
11
48.8599999999999994
21
-100.8962499999999949
0
LINE
8
BLACK
6
CONTINUOUS
10
48.8599999999999994
20
-100.8962499999999949
11
48.8599999999999994
21
-100.5287500000000023
0
LINE
8
BLACK
6
CONTINUOUS
10
48.8599999999999994
20
-100.5287500000000023
11
48.8733209999999971
21
-100.4617799999999903
0
LINE
8
BLACK
6
CONTINUOUS
10
48.8733209999999971
20
-100.4617799999999903
11
48.9112559999999945
21
-100.4050060000000002
0
LINE
8
BLACK
6
CONTINUOUS
10
48.9112559999999945
20
-100.4050060000000002
11
48.9680299999999988
21
-100.3670709999999957
0
LINE
8
BLACK
6
CONTINUOUS
10
48.9680299999999988
20
-100.3670709999999957
11
49.0349999999999966
21
-100.3537499999999909
0
LINE
8
BLACK
6
CONTINUOUS
10
49.0349999999999966
20
-100.3537499999999909
11
49.6649999999999991
21
-100.3537499999999909
0
LINE
8
BLACK
6
CONTINUOUS
10
49.6649999999999991
20
-100.3537499999999909
11
49.7319699999999969
21
-100.3670709999999957
0
LINE
8
BLACK
6
CONTINUOUS
10
62.8419709999999938
20
-99.2433189999999996
11
62.8987449999999981
21
-99.2812539999999899
0
LINE
8
BLACK
6
CONTINUOUS
10
62.8987449999999981
20
-99.2812539999999899
11
62.9366799999999955
21
-99.3380279999999942
0
LINE
8
BLACK
6
CONTINUOUS
10
62.9366799999999955
20
-99.3380279999999942
11
62.9500010000000003
21
-99.404997999999992
0
LINE
8
BLACK
6
CONTINUOUS
10
62.9500010000000003
20
-99.404997999999992
11
62.9500010000000003
21
-100.0699979999999982
0
LINE
8
BLACK
6
CONTINUOUS
10
62.9500010000000003
20
-100.0699979999999982
11
62.9366799999999955
21
-100.136967999999996
0
LINE
8
BLACK
6
CONTINUOUS
10
62.9366799999999955
20
-100.136967999999996
11
62.8987449999999981
21
-100.1937420000000003
0
LINE
8
BLACK
6
CONTINUOUS
10
62.8987449999999981
20
-100.1937420000000003
11
62.8419709999999938
21
-100.2316769999999906
0
LINE
8
BLACK
6
CONTINUOUS
10
62.8419709999999938
20
-100.2316769999999906
11
62.7750009999999961
21
-100.2449979999999954
0
LINE
8
BLACK
6
CONTINUOUS
10
62.7750009999999961
20
-100.2449979999999954
11
62.4250009999999946
21
-100.2449979999999954
0
LINE
8
BLACK
6
CONTINUOUS
10
62.4250009999999946
20
-100.2449979999999954
11
62.3580309999999969
21
-100.2316769999999906
0
LINE
8
BLACK
6
CONTINUOUS
10
62.3580309999999969
20
-100.2316769999999906
11
62.3012569999999997
21
-100.1937420000000003
0
LINE
8
BLACK
6
CONTINUOUS
10
62.3012569999999997
20
-100.1937420000000003
11
62.2633219999999952
21
-100.136967999999996
0
LINE
8
BLACK
6
CONTINUOUS
10
62.2633219999999952
20
-100.136967999999996
11
62.2500009999999975
21
-100.0699979999999982
0
LINE
8
BLACK
6
CONTINUOUS
10
62.2500009999999975
20
-100.0699979999999982
11
62.2500009999999975
21
-99.404997999999992
0
LINE
8
BLACK
6
CONTINUOUS
10
62.2500009999999975
20
-99.404997999999992
11
62.2633219999999952
21
-99.3380279999999942
0
LINE
8
BLACK
6
CONTINUOUS
10
62.2633219999999952
20
-99.3380279999999942
11
62.3012569999999997
21
-99.2812539999999899
0
LINE
8
BLACK
6
CONTINUOUS
10
62.3012569999999997
20
-99.2812539999999899
11
62.3580309999999969
21
-99.2433189999999996
0
LINE
8
BLACK
6
CONTINUOUS
10
62.3580309999999969
20
-99.2433189999999996
11
62.4250009999999946
21
-99.2299979999999948
0
LINE
8
BLACK
6
CONTINUOUS
10
62.4250009999999946
20
-99.2299979999999948
11
62.7750009999999961
21
-99.2299979999999948
0
LINE
8
BLACK
6
CONTINUOUS
10
62.7750009999999961
20
-99.2299979999999948
11
62.8419709999999938
21
-99.2433189999999996
0
LINE
8
BLACK
6
CONTINUOUS
10
64.7419709999999924
20
-99.2433189999999996
11
64.7987449999999967
21
-99.2812539999999899
0
LINE
8
BLACK
6
CONTINUOUS
10
64.7987449999999967
20
-99.2812539999999899
11
64.8366800000000012
21
-99.3380279999999942
0
LINE
8
BLACK
6
CONTINUOUS
10
64.8366800000000012
20
-99.3380279999999942
11
64.8500009999999918
21
-99.404997999999992
0
LINE
8
BLACK
6
CONTINUOUS
10
64.8500009999999918
20
-99.404997999999992
11
64.8500009999999918
21
-100.0699979999999982
0
LINE
8
BLACK
6
CONTINUOUS
10
64.8500009999999918
20
-100.0699979999999982
11
64.8366800000000012
21
-100.136967999999996
0
LINE
8
BLACK
6
CONTINUOUS
10
64.8366800000000012
20
-100.136967999999996
11
64.7987449999999967
21
-100.1937420000000003
0
LINE
8
BLACK
6
CONTINUOUS
10
64.7987449999999967
20
-100.1937420000000003
11
64.7419709999999924
21
-100.2316769999999906
0
LINE
8
BLACK
6
CONTINUOUS
10
64.7419709999999924
20
-100.2316769999999906
11
64.6750009999999946
21
-100.2449979999999954
0
LINE
8
BLACK
6
CONTINUOUS
10
64.6750009999999946
20
-100.2449979999999954
11
64.3250010000000003
21
-100.2449979999999954
0
LINE
8
BLACK
6
CONTINUOUS
10
64.3250010000000003
20
-100.2449979999999954
11
64.2580310000000026
21
-100.2316769999999906
0
LINE
8
BLACK
6
CONTINUOUS
10
64.2580310000000026
20
-100.2316769999999906
11
64.2012569999999982
21
-100.1937420000000003
0
LINE
8
BLACK
6
CONTINUOUS
10
64.2012569999999982
20
-100.1937420000000003
11
64.1633219999999937
21
-100.136967999999996
0
LINE
8
BLACK
6
CONTINUOUS
10
64.1633219999999937
20
-100.136967999999996
11
64.1500010000000032
21
-100.0699979999999982
0
LINE
8
BLACK
6
CONTINUOUS
10
64.1500010000000032
20
-100.0699979999999982
11
64.1500010000000032
21
-99.404997999999992
0
LINE
8
BLACK
6
CONTINUOUS
10
64.1500010000000032
20
-99.404997999999992
11
64.1633219999999937
21
-99.3380279999999942
0
LINE
8
BLACK
6
CONTINUOUS
10
64.1633219999999937
20
-99.3380279999999942
11
64.2012569999999982
21
-99.2812539999999899
0
LINE
8
BLACK
6
CONTINUOUS
10
64.2012569999999982
20
-99.2812539999999899
11
64.2580310000000026
21
-99.2433189999999996
0
LINE
8
BLACK
6
CONTINUOUS
10
64.2580310000000026
20
-99.2433189999999996
11
64.3250010000000003
21
-99.2299979999999948
0
LINE
8
BLACK
6
CONTINUOUS
10
64.3250010000000003
20
-99.2299979999999948
11
64.6750009999999946
21
-99.2299979999999948
0
LINE
8
BLACK
6
CONTINUOUS
10
64.6750009999999946
20
-99.2299979999999948
11
64.7419709999999924
21
-99.2433189999999996
0
LINE
8
BLACK
6
CONTINUOUS
10
66.1901829999999904
20
-98.787990999999991
11
66.2242469999999912
21
-98.8107519999999937
0
LINE
8
BLACK
6
CONTINUOUS
10
66.2242469999999912
20
-98.8107519999999937
11
66.2470079999999939
21
-98.8448159999999945
0
LINE
8
BLACK
6
CONTINUOUS
10
66.2470079999999939
20
-98.8448159999999945
11
66.2550009999999929
21
-98.884997999999996
0
LINE
8
BLACK
6
CONTINUOUS
10
66.2550009999999929
20
-98.884997999999996
11
66.2550009999999929
21
-100.0399979999999971
0
LINE
8
BLACK
6
CONTINUOUS
10
66.2550009999999929
20
-100.0399979999999971
11
66.2470079999999939
21
-100.0801799999999986
0
LINE
8
BLACK
6
CONTINUOUS
10
66.2470079999999939
20
-100.0801799999999986
11
66.2242469999999912
21
-100.1142439999999993
0
LINE
8
BLACK
6
CONTINUOUS
10
66.2242469999999912
20
-100.1142439999999993
11
66.1901829999999904
21
-100.137005000000002
0
LINE
8
BLACK
6
CONTINUOUS
10
66.1901829999999904
20
-100.137005000000002
11
66.1500010000000032
21
-100.1449980000000011
0
LINE
8
BLACK
6
CONTINUOUS
10
66.1500010000000032
20
-100.1449980000000011
11
65.9400009999999952
21
-100.1449980000000011
0
LINE
8
BLACK
6
CONTINUOUS
10
65.9400009999999952
20
-100.1449980000000011
11
65.8998189999999937
21
-100.137005000000002
0
LINE
8
BLACK
6
CONTINUOUS
10
65.8998189999999937
20
-100.137005000000002
11
65.8657549999999929
21
-100.1142439999999993
0
LINE
8
BLACK
6
CONTINUOUS
10
65.8657549999999929
20
-100.1142439999999993
11
65.8429939999999903
21
-100.0801799999999986
0
LINE
8
BLACK
6
CONTINUOUS
10
65.8429939999999903
20
-100.0801799999999986
11
65.8350009999999912
21
-100.0399979999999971
0
LINE
8
BLACK
6
CONTINUOUS
10
65.8350009999999912
20
-100.0399979999999971
11
65.8350009999999912
21
-98.884997999999996
0
LINE
8
BLACK
6
CONTINUOUS
10
65.8350009999999912
20
-98.884997999999996
11
65.8429939999999903
21
-98.8448159999999945
0
LINE
8
BLACK
6
CONTINUOUS
10
65.8429939999999903
20
-98.8448159999999945
11
65.8657549999999929
21
-98.8107519999999937
0
LINE
8
BLACK
6
CONTINUOUS
10
65.8657549999999929
20
-98.8107519999999937
11
65.8998189999999937
21
-98.787990999999991
0
LINE
8
BLACK
6
CONTINUOUS
10
65.8998189999999937
20
-98.787990999999991
11
65.9400009999999952
21
-98.779997999999992
0
LINE
8
BLACK
6
CONTINUOUS
10
65.9400009999999952
20
-98.779997999999992
11
66.1500010000000032
21
-98.779997999999992
0
LINE
8
BLACK
6
CONTINUOUS
10
66.1500010000000032
20
-98.779997999999992
11
66.1901829999999904
21
-98.787990999999991
0
LINE
8
BLACK
6
CONTINUOUS
10
67.4601830000000007
20
-98.787990999999991
11
67.4942470000000014
21
-98.8107519999999937
0
LINE
8
BLACK
6
CONTINUOUS
10
67.4942470000000014
20
-98.8107519999999937
11
67.5170079999999899
21
-98.8448159999999945
0
LINE
8
BLACK
6
CONTINUOUS
10
67.5170079999999899
20
-98.8448159999999945
11
67.5250010000000032
21
-98.884997999999996
0
LINE
8
BLACK
6
CONTINUOUS
10
67.5250010000000032
20
-98.884997999999996
11
67.5250010000000032
21
-100.0399979999999971
0
LINE
8
BLACK
6
CONTINUOUS
10
67.5250010000000032
20
-100.0399979999999971
11
67.5170079999999899
21
-100.0801799999999986
0
LINE
8
BLACK
6
CONTINUOUS
10
67.5170079999999899
20
-100.0801799999999986
11
67.4942470000000014
21
-100.1142439999999993
0
LINE
8
BLACK
6
CONTINUOUS
10
67.4942470000000014
20
-100.1142439999999993
11
67.4601830000000007
21
-100.137005000000002
0
LINE
8
BLACK
6
CONTINUOUS
10
67.4601830000000007
20
-100.137005000000002
11
67.4200009999999992
21
-100.1449980000000011
0
LINE
8
BLACK
6
CONTINUOUS
10
67.4200009999999992
20
-100.1449980000000011
11
67.2100009999999912
21
-100.1449980000000011
0
LINE
8
BLACK
6
CONTINUOUS
10
67.2100009999999912
20
-100.1449980000000011
11
67.1698190000000039
21
-100.137005000000002
0
LINE
8
BLACK
6
CONTINUOUS
10
67.1698190000000039
20
-100.137005000000002
11
67.1357550000000032
21
-100.1142439999999993
0
LINE
8
BLACK
6
CONTINUOUS
10
67.1357550000000032
20
-100.1142439999999993
11
67.1129940000000005
21
-100.0801799999999986
0
LINE
8
BLACK
6
CONTINUOUS
10
67.1129940000000005
20
-100.0801799999999986
11
67.1050010000000015
21
-100.0399979999999971
0
LINE
8
BLACK
6
CONTINUOUS
10
67.1050010000000015
20
-100.0399979999999971
11
67.1050010000000015
21
-98.884997999999996
0
LINE
8
BLACK
6
CONTINUOUS
10
67.1050010000000015
20
-98.884997999999996
11
67.1129940000000005
21
-98.8448159999999945
0
LINE
8
BLACK
6
CONTINUOUS
10
67.1129940000000005
20
-98.8448159999999945
11
67.1357550000000032
21
-98.8107519999999937
0
LINE
8
BLACK
6
CONTINUOUS
10
67.1357550000000032
20
-98.8107519999999937
11
67.1698190000000039
21
-98.787990999999991
0
LINE
8
BLACK
6
CONTINUOUS
10
67.1698190000000039
20
-98.787990999999991
11
67.2100009999999912
21
-98.779997999999992
0
LINE
8
BLACK
6
CONTINUOUS
10
67.2100009999999912
20
-98.779997999999992
11
67.4200009999999992
21
-98.779997999999992
0
LINE
8
BLACK
6
CONTINUOUS
10
67.4200009999999992
20
-98.779997999999992
11
67.4601830000000007
21
-98.787990999999991
0
LINE
8
BLACK
6
CONTINUOUS
10
68.7301829999999967
20
-98.787990999999991
11
68.7642469999999975
21
-98.8107519999999937
0
LINE
8
BLACK
6
CONTINUOUS
10
68.7642469999999975
20
-98.8107519999999937
11
68.7870080000000002
21
-98.8448159999999945
0
LINE
8
BLACK
6
CONTINUOUS
10
68.7870080000000002
20
-98.8448159999999945
11
68.7950009999999992
21
-98.884997999999996
0
LINE
8
BLACK
6
CONTINUOUS
10
68.7950009999999992
20
-98.884997999999996
11
68.7950009999999992
21
-100.0399979999999971
0
LINE
8
BLACK
6
CONTINUOUS
10
68.7950009999999992
20
-100.0399979999999971
11
68.7870080000000002
21
-100.0801799999999986
0
LINE
8
BLACK
6
CONTINUOUS
10
68.7870080000000002
20
-100.0801799999999986
11
68.7642469999999975
21
-100.1142439999999993
0
LINE
8
BLACK
6
CONTINUOUS
10
68.7642469999999975
20
-100.1142439999999993
11
68.7301829999999967
21
-100.137005000000002
0
LINE
8
BLACK
6
CONTINUOUS
10
68.7301829999999967
20
-100.137005000000002
11
68.6900009999999952
21
-100.1449980000000011
0
LINE
8
BLACK
6
CONTINUOUS
10
68.6900009999999952
20
-100.1449980000000011
11
68.4800010000000015
21
-100.1449980000000011
0
LINE
8
BLACK
6
CONTINUOUS
10
68.4800010000000015
20
-100.1449980000000011
11
68.439819
21
-100.137005000000002
0
LINE
8
BLACK
6
CONTINUOUS
10
68.439819
20
-100.137005000000002
11
68.4057549999999992
21
-100.1142439999999993
0
LINE
8
BLACK
6
CONTINUOUS
10
68.4057549999999992
20
-100.1142439999999993
11
68.3829939999999965
21
-100.0801799999999986
0
LINE
8
BLACK
6
CONTINUOUS
10
68.3829939999999965
20
-100.0801799999999986
11
68.3750009999999975
21
-100.0399979999999971
0
LINE
8
BLACK
6
CONTINUOUS
10
68.3750009999999975
20
-100.0399979999999971
11
68.3750009999999975
21
-98.884997999999996
0
LINE
8
BLACK
6
CONTINUOUS
10
68.3750009999999975
20
-98.884997999999996
11
68.3829939999999965
21
-98.8448159999999945
0
LINE
8
BLACK
6
CONTINUOUS
10
68.3829939999999965
20
-98.8448159999999945
11
68.4057549999999992
21
-98.8107519999999937
0
LINE
8
BLACK
6
CONTINUOUS
10
68.4057549999999992
20
-98.8107519999999937
11
68.439819
21
-98.787990999999991
0
LINE
8
BLACK
6
CONTINUOUS
10
68.439819
20
-98.787990999999991
11
68.4800010000000015
21
-98.779997999999992
0
LINE
8
BLACK
6
CONTINUOUS
10
68.4800010000000015
20
-98.779997999999992
11
68.6900009999999952
21
-98.779997999999992
0
LINE
8
BLACK
6
CONTINUOUS
10
68.6900009999999952
20
-98.779997999999992
11
68.7301829999999967
21
-98.787990999999991
0
LINE
8
BLACK
6
CONTINUOUS
10
70.0001829999999927
20
-98.787990999999991
11
70.0342469999999935
21
-98.8107519999999937
0
LINE
8
BLACK
6
CONTINUOUS
10
70.0342469999999935
20
-98.8107519999999937
11
70.0570079999999962
21
-98.8448159999999945
0
LINE
8
BLACK
6
CONTINUOUS
10
70.0570079999999962
20
-98.8448159999999945
11
70.0650009999999952
21
-98.884997999999996
0
LINE
8
BLACK
6
CONTINUOUS
10
70.0650009999999952
20
-98.884997999999996
11
70.0650009999999952
21
-100.0399979999999971
0
LINE
8
BLACK
6
CONTINUOUS
10
70.0650009999999952
20
-100.0399979999999971
11
70.0570079999999962
21
-100.0801799999999986
0
LINE
8
BLACK
6
CONTINUOUS
10
70.0570079999999962
20
-100.0801799999999986
11
70.0342469999999935
21
-100.1142439999999993
0
LINE
8
BLACK
6
CONTINUOUS
10
70.0342469999999935
20
-100.1142439999999993
11
70.0001829999999927
21
-100.137005000000002
0
LINE
8
BLACK
6
CONTINUOUS
10
70.0001829999999927
20
-100.137005000000002
11
69.9600009999999912
21
-100.1449980000000011
0
LINE
8
BLACK
6
CONTINUOUS
10
69.9600009999999912
20
-100.1449980000000011
11
69.7500009999999975
21
-100.1449980000000011
0
LINE
8
BLACK
6
CONTINUOUS
10
69.7500009999999975
20
-100.1449980000000011
11
69.709818999999996
21
-100.137005000000002
0
LINE
8
BLACK
6
CONTINUOUS
10
69.709818999999996
20
-100.137005000000002
11
69.6757549999999952
21
-100.1142439999999993
0
LINE
8
BLACK
6
CONTINUOUS
10
69.6757549999999952
20
-100.1142439999999993
11
69.6529939999999925
21
-100.0801799999999986
0
LINE
8
BLACK
6
CONTINUOUS
10
69.6529939999999925
20
-100.0801799999999986
11
69.6450009999999935
21
-100.0399979999999971
0
LINE
8
BLACK
6
CONTINUOUS
10
69.6450009999999935
20
-100.0399979999999971
11
69.6450009999999935
21
-98.884997999999996
0
LINE
8
BLACK
6
CONTINUOUS
10
69.6450009999999935
20
-98.884997999999996
11
69.6529939999999925
21
-98.8448159999999945
0
LINE
8
BLACK
6
CONTINUOUS
10
69.6529939999999925
20
-98.8448159999999945
11
69.6757549999999952
21
-98.8107519999999937
0
LINE
8
BLACK
6
CONTINUOUS
10
69.6757549999999952
20
-98.8107519999999937
11
69.709818999999996
21
-98.787990999999991
0
LINE
8
BLACK
6
CONTINUOUS
10
69.709818999999996
20
-98.787990999999991
11
69.7500009999999975
21
-98.779997999999992
0
LINE
8
BLACK
6
CONTINUOUS
10
69.7500009999999975
20
-98.779997999999992
11
69.9600009999999912
21
-98.779997999999992
0
LINE
8
BLACK
6
CONTINUOUS
10
69.9600009999999912
20
-98.779997999999992
11
70.0001829999999927
21
-98.787990999999991
0
LINE
8
BLACK
6
CONTINUOUS
10
32.4600000000000009
20
-99.977499999999992
11
29.379999999999999
21
-99.977499999999992
0
LINE
8
BLACK
6
CONTINUOUS
10
29.379999999999999
20
-99.977499999999992
11
29.379999999999999
21
-98.4375
0
LINE
8
BLACK
6
CONTINUOUS
10
29.379999999999999
20
-98.4375
11
32.4600000000000009
21
-98.4375
0
LINE
8
BLACK
6
CONTINUOUS
10
32.4600000000000009
20
-98.4375
11
32.4600000000000009
21
-99.977499999999992
0
LINE
8
BLACK
6
CONTINUOUS
10
45.2399999999999949
20
-99.9699999999999989
11
42.1599999999999966
21
-99.9699999999999989
0
LINE
8
BLACK
6
CONTINUOUS
10
42.1599999999999966
20
-99.9699999999999989
11
42.1599999999999966
21
-98.4299999999999926
0
LINE
8
BLACK
6
CONTINUOUS
10
42.1599999999999966
20
-98.4299999999999926
11
45.2399999999999949
21
-98.4299999999999926
0
LINE
8
BLACK
6
CONTINUOUS
10
45.2399999999999949
20
-98.4299999999999926
11
45.2399999999999949
21
-99.9699999999999989
0
LINE
8
BLACK
6
CONTINUOUS
10
71.7382209999999958
20
-98.7108190000000008
11
71.7949950000000001
21
-98.748753999999991
0
LINE
8
BLACK
6
CONTINUOUS
10
71.7949950000000001
20
-98.748753999999991
11
71.8329299999999904
21
-98.8055279999999954
0
LINE
8
BLACK
6
CONTINUOUS
10
71.8329299999999904
20
-98.8055279999999954
11
71.8462509999999952
21
-98.8724979999999931
0
LINE
8
BLACK
6
CONTINUOUS
10
71.8462509999999952
20
-98.8724979999999931
11
71.8462509999999952
21
-99.5024979999999886
0
LINE
8
BLACK
6
CONTINUOUS
10
71.8462509999999952
20
-99.5024979999999886
11
71.8329299999999904
21
-99.5694680000000005
0
LINE
8
BLACK
6
CONTINUOUS
10
71.8329299999999904
20
-99.5694680000000005
11
71.7949950000000001
21
-99.6262419999999906
0
LINE
8
BLACK
6
CONTINUOUS
10
71.7949950000000001
20
-99.6262419999999906
11
71.7382209999999958
21
-99.6641769999999951
0
LINE
8
BLACK
6
CONTINUOUS
10
71.7382209999999958
20
-99.6641769999999951
11
71.671250999999998
21
-99.6774979999999999
0
LINE
8
BLACK
6
CONTINUOUS
10
71.671250999999998
20
-99.6774979999999999
11
71.3037509999999912
21
-99.6774979999999999
0
LINE
8
BLACK
6
CONTINUOUS
10
71.3037509999999912
20
-99.6774979999999999
11
71.2367809999999935
21
-99.6641769999999951
0
LINE
8
BLACK
6
CONTINUOUS
10
71.2367809999999935
20
-99.6641769999999951
11
71.1800070000000034
21
-99.6262419999999906
0
LINE
8
BLACK
6
CONTINUOUS
10
71.1800070000000034
20
-99.6262419999999906
11
71.1420719999999989
21
-99.5694680000000005
0
LINE
8
BLACK
6
CONTINUOUS
10
71.1420719999999989
20
-99.5694680000000005
11
71.1287509999999941
21
-99.5024979999999886
0
LINE
8
BLACK
6
CONTINUOUS
10
71.1287509999999941
20
-99.5024979999999886
11
71.1287509999999941
21
-98.8724979999999931
0
LINE
8
BLACK
6
CONTINUOUS
10
71.1287509999999941
20
-98.8724979999999931
11
71.1420719999999989
21
-98.8055279999999954
0
LINE
8
BLACK
6
CONTINUOUS
10
71.1420719999999989
20
-98.8055279999999954
11
71.1800070000000034
21
-98.748753999999991
0
LINE
8
BLACK
6
CONTINUOUS
10
71.1800070000000034
20
-98.748753999999991
11
71.2367809999999935
21
-98.7108190000000008
0
LINE
8
BLACK
6
CONTINUOUS
10
71.2367809999999935
20
-98.7108190000000008
11
71.3037509999999912
21
-98.697497999999996
0
LINE
8
BLACK
6
CONTINUOUS
10
71.3037509999999912
20
-98.697497999999996
11
71.671250999999998
21
-98.697497999999996
0
LINE
8
BLACK
6
CONTINUOUS
10
71.671250999999998
20
-98.697497999999996
11
71.7382209999999958
21
-98.7108190000000008
0
LINE
8
BLACK
6
CONTINUOUS
10
73.5632209999999986
20
-98.7108190000000008
11
73.619995000000003
21
-98.748753999999991
0
LINE
8
BLACK
6
CONTINUOUS
10
73.619995000000003
20
-98.748753999999991
11
73.6579299999999932
21
-98.8055279999999954
0
LINE
8
BLACK
6
CONTINUOUS
10
73.6579299999999932
20
-98.8055279999999954
11
73.671250999999998
21
-98.8724979999999931
0
LINE
8
BLACK
6
CONTINUOUS
10
73.671250999999998
20
-98.8724979999999931
11
73.671250999999998
21
-99.5024979999999886
0
LINE
8
BLACK
6
CONTINUOUS
10
73.671250999999998
20
-99.5024979999999886
11
73.6579299999999932
21
-99.5694680000000005
0
LINE
8
BLACK
6
CONTINUOUS
10
73.6579299999999932
20
-99.5694680000000005
11
73.619995000000003
21
-99.6262419999999906
0
LINE
8
BLACK
6
CONTINUOUS
10
73.619995000000003
20
-99.6262419999999906
11
73.5632209999999986
21
-99.6641769999999951
0
LINE
8
BLACK
6
CONTINUOUS
10
73.5632209999999986
20
-99.6641769999999951
11
73.4962510000000009
21
-99.6774979999999999
0
LINE
8
BLACK
6
CONTINUOUS
10
73.4962510000000009
20
-99.6774979999999999
11
73.1287509999999941
21
-99.6774979999999999
0
LINE
8
BLACK
6
CONTINUOUS
10
73.1287509999999941
20
-99.6774979999999999
11
73.0617809999999963
21
-99.6641769999999951
0
LINE
8
BLACK
6
CONTINUOUS
10
73.0617809999999963
20
-99.6641769999999951
11
73.005006999999992
21
-99.6262419999999906
0
LINE
8
BLACK
6
CONTINUOUS
10
73.005006999999992
20
-99.6262419999999906
11
72.9670720000000017
21
-99.5694680000000005
0
LINE
8
BLACK
6
CONTINUOUS
10
72.9670720000000017
20
-99.5694680000000005
11
72.9537509999999969
21
-99.5024979999999886
0
LINE
8
BLACK
6
CONTINUOUS
10
72.9537509999999969
20
-99.5024979999999886
11
72.9537509999999969
21
-98.8724979999999931
0
LINE
8
BLACK
6
CONTINUOUS
10
72.9537509999999969
20
-98.8724979999999931
11
72.9670720000000017
21
-98.8055279999999954
0
LINE
8
BLACK
6
CONTINUOUS
10
72.9670720000000017
20
-98.8055279999999954
11
73.005006999999992
21
-98.748753999999991
0
LINE
8
BLACK
6
CONTINUOUS
10
73.005006999999992
20
-98.748753999999991
11
73.0617809999999963
21
-98.7108190000000008
0
LINE
8
BLACK
6
CONTINUOUS
10
73.0617809999999963
20
-98.7108190000000008
11
73.1287509999999941
21
-98.697497999999996
0
LINE
8
BLACK
6
CONTINUOUS
10
73.1287509999999941
20
-98.697497999999996
11
73.4962510000000009
21
-98.697497999999996
0
LINE
8
BLACK
6
CONTINUOUS
10
73.4962510000000009
20
-98.697497999999996
11
73.5632209999999986
21
-98.7108190000000008
0
LINE
8
BLACK
6
CONTINUOUS
10
49.7319699999999969
20
-98.5420709999999929
11
49.7887440000000012
21
-98.5800059999999974
0
LINE
8
BLACK
6
CONTINUOUS
10
49.7887440000000012
20
-98.5800059999999974
11
49.8266789999999986
21
-98.6367800000000017
0
LINE
8
BLACK
6
CONTINUOUS
10
49.8266789999999986
20
-98.6367800000000017
11
49.8399999999999963
21
-98.7037499999999994
0
LINE
8
BLACK
6
CONTINUOUS
10
49.8399999999999963
20
-98.7037499999999994
11
49.8399999999999963
21
-99.071249999999992
0
LINE
8
BLACK
6
CONTINUOUS
10
49.8399999999999963
20
-99.071249999999992
11
49.8266789999999986
21
-99.1382199999999898
0
LINE
8
BLACK
6
CONTINUOUS
10
49.8266789999999986
20
-99.1382199999999898
11
49.7887440000000012
21
-99.1949939999999941
0
LINE
8
BLACK
6
CONTINUOUS
10
49.7887440000000012
20
-99.1949939999999941
11
49.7319699999999969
21
-99.2329289999999986
0
LINE
8
BLACK
6
CONTINUOUS
10
49.7319699999999969
20
-99.2329289999999986
11
49.6649999999999991
21
-99.2462499999999892
0
LINE
8
BLACK
6
CONTINUOUS
10
49.6649999999999991
20
-99.2462499999999892
11
49.0349999999999966
21
-99.2462499999999892
0
LINE
8
BLACK
6
CONTINUOUS
10
49.0349999999999966
20
-99.2462499999999892
11
48.9680299999999988
21
-99.2329289999999986
0
LINE
8
BLACK
6
CONTINUOUS
10
48.9680299999999988
20
-99.2329289999999986
11
48.9112559999999945
21
-99.1949939999999941
0
LINE
8
BLACK
6
CONTINUOUS
10
48.9112559999999945
20
-99.1949939999999941
11
48.8733209999999971
21
-99.1382199999999898
0
LINE
8
BLACK
6
CONTINUOUS
10
48.8733209999999971
20
-99.1382199999999898
11
48.8599999999999994
21
-99.071249999999992
0
LINE
8
BLACK
6
CONTINUOUS
10
48.8599999999999994
20
-99.071249999999992
11
48.8599999999999994
21
-98.7037499999999994
0
LINE
8
BLACK
6
CONTINUOUS
10
48.8599999999999994
20
-98.7037499999999994
11
48.8733209999999971
21
-98.6367800000000017
0
LINE
8
BLACK
6
CONTINUOUS
10
48.8733209999999971
20
-98.6367800000000017
11
48.9112559999999945
21
-98.5800059999999974
0
LINE
8
BLACK
6
CONTINUOUS
10
48.9112559999999945
20
-98.5800059999999974
11
48.9680299999999988
21
-98.5420709999999929
0
LINE
8
BLACK
6
CONTINUOUS
10
48.9680299999999988
20
-98.5420709999999929
11
49.0349999999999966
21
-98.5287500000000023
0
LINE
8
BLACK
6
CONTINUOUS
10
49.0349999999999966
20
-98.5287500000000023
11
49.6649999999999991
21
-98.5287500000000023
0
LINE
8
BLACK
6
CONTINUOUS
10
49.6649999999999991
20
-98.5287500000000023
11
49.7319699999999969
21
-98.5420709999999929
0
LINE
8
BLACK
6
CONTINUOUS
10
55.8544709999999966
20
-97.3558199999999943
11
55.911245000000001
21
-97.3937549999999987
0
LINE
8
BLACK
6
CONTINUOUS
10
55.911245000000001
20
-97.3937549999999987
11
55.9491799999999984
21
-97.4505289999999889
0
LINE
8
BLACK
6
CONTINUOUS
10
55.9491799999999984
20
-97.4505289999999889
11
55.9625009999999961
21
-97.5174990000000008
0
LINE
8
BLACK
6
CONTINUOUS
10
55.9625009999999961
20
-97.5174990000000008
11
55.9625009999999961
21
-98.1824989999999929
0
LINE
8
BLACK
6
CONTINUOUS
10
55.9625009999999961
20
-98.1824989999999929
11
55.9491799999999984
21
-98.2494689999999906
0
LINE
8
BLACK
6
CONTINUOUS
10
55.9491799999999984
20
-98.2494689999999906
11
55.911245000000001
21
-98.3062429999999949
0
LINE
8
BLACK
6
CONTINUOUS
10
55.911245000000001
20
-98.3062429999999949
11
55.8544709999999966
21
-98.3441779999999994
0
LINE
8
BLACK
6
CONTINUOUS
10
55.8544709999999966
20
-98.3441779999999994
11
55.7875009999999989
21
-98.35749899999999
0
LINE
8
BLACK
6
CONTINUOUS
10
55.7875009999999989
20
-98.35749899999999
11
55.4375009999999975
21
-98.35749899999999
0
LINE
8
BLACK
6
CONTINUOUS
10
55.4375009999999975
20
-98.35749899999999
11
55.3705309999999997
21
-98.3441779999999994
0
LINE
8
BLACK
6
CONTINUOUS
10
55.3705309999999997
20
-98.3441779999999994
11
55.3137569999999954
21
-98.3062429999999949
0
LINE
8
BLACK
6
CONTINUOUS
10
55.3137569999999954
20
-98.3062429999999949
11
55.275821999999998
21
-98.2494689999999906
0
LINE
8
BLACK
6
CONTINUOUS
10
55.275821999999998
20
-98.2494689999999906
11
55.2625010000000003
21
-98.1824989999999929
0
LINE
8
BLACK
6
CONTINUOUS
10
55.2625010000000003
20
-98.1824989999999929
11
55.2625010000000003
21
-97.5174990000000008
0
LINE
8
BLACK
6
CONTINUOUS
10
55.2625010000000003
20
-97.5174990000000008
11
55.275821999999998
21
-97.4505289999999889
0
LINE
8
BLACK
6
CONTINUOUS
10
55.275821999999998
20
-97.4505289999999889
11
55.3137569999999954
21
-97.3937549999999987
0
LINE
8
BLACK
6
CONTINUOUS
10
55.3137569999999954
20
-97.3937549999999987
11
55.3705309999999997
21
-97.3558199999999943
0
LINE
8
BLACK
6
CONTINUOUS
10
55.3705309999999997
20
-97.3558199999999943
11
55.4375009999999975
21
-97.3424989999999895
0
LINE
8
BLACK
6
CONTINUOUS
10
55.4375009999999975
20
-97.3424989999999895
11
55.7875009999999989
21
-97.3424989999999895
0
LINE
8
BLACK
6
CONTINUOUS
10
55.7875009999999989
20
-97.3424989999999895
11
55.8544709999999966
21
-97.3558199999999943
0
LINE
8
BLACK
6
CONTINUOUS
10
57.7544709999999952
20
-97.3558199999999943
11
57.8112449999999995
21
-97.3937549999999987
0
LINE
8
BLACK
6
CONTINUOUS
10
57.8112449999999995
20
-97.3937549999999987
11
57.8491799999999969
21
-97.4505289999999889
0
LINE
8
BLACK
6
CONTINUOUS
10
57.8491799999999969
20
-97.4505289999999889
11
57.8625009999999946
21
-97.5174990000000008
0
LINE
8
BLACK
6
CONTINUOUS
10
57.8625009999999946
20
-97.5174990000000008
11
57.8625009999999946
21
-98.1824989999999929
0
LINE
8
BLACK
6
CONTINUOUS
10
57.8625009999999946
20
-98.1824989999999929
11
57.8491799999999969
21
-98.2494689999999906
0
LINE
8
BLACK
6
CONTINUOUS
10
57.8491799999999969
20
-98.2494689999999906
11
57.8112449999999995
21
-98.3062429999999949
0
LINE
8
BLACK
6
CONTINUOUS
10
57.8112449999999995
20
-98.3062429999999949
11
57.7544709999999952
21
-98.3441779999999994
0
LINE
8
BLACK
6
CONTINUOUS
10
57.7544709999999952
20
-98.3441779999999994
11
57.6875009999999975
21
-98.35749899999999
0
LINE
8
BLACK
6
CONTINUOUS
10
57.6875009999999975
20
-98.35749899999999
11
57.3375009999999961
21
-98.35749899999999
0
LINE
8
BLACK
6
CONTINUOUS
10
57.3375009999999961
20
-98.35749899999999
11
57.2705309999999983
21
-98.3441779999999994
0
LINE
8
BLACK
6
CONTINUOUS
10
57.2705309999999983
20
-98.3441779999999994
11
57.213756999999994
21
-98.3062429999999949
0
LINE
8
BLACK
6
CONTINUOUS
10
57.213756999999994
20
-98.3062429999999949
11
57.1758219999999966
21
-98.2494689999999906
0
LINE
8
BLACK
6
CONTINUOUS
10
57.1758219999999966
20
-98.2494689999999906
11
57.1625009999999989
21
-98.1824989999999929
0
LINE
8
BLACK
6
CONTINUOUS
10
57.1625009999999989
20
-98.1824989999999929
11
57.1625009999999989
21
-97.5174990000000008
0
LINE
8
BLACK
6
CONTINUOUS
10
57.1625009999999989
20
-97.5174990000000008
11
57.1758219999999966
21
-97.4505289999999889
0
LINE
8
BLACK
6
CONTINUOUS
10
57.1758219999999966
20
-97.4505289999999889
11
57.213756999999994
21
-97.3937549999999987
0
LINE
8
BLACK
6
CONTINUOUS
10
57.213756999999994
20
-97.3937549999999987
11
57.2705309999999983
21
-97.3558199999999943
0
LINE
8
BLACK
6
CONTINUOUS
10
57.2705309999999983
20
-97.3558199999999943
11
57.3375009999999961
21
-97.3424989999999895
0
LINE
8
BLACK
6
CONTINUOUS
10
57.3375009999999961
20
-97.3424989999999895
11
57.6875009999999975
21
-97.3424989999999895
0
LINE
8
BLACK
6
CONTINUOUS
10
57.6875009999999975
20
-97.3424989999999895
11
57.7544709999999952
21
-97.3558199999999943
0
LINE
8
BLACK
6
CONTINUOUS
10
59.3007209999999958
20
-97.3233199999999954
11
59.3574950000000001
21
-97.3612549999999999
0
LINE
8
BLACK
6
CONTINUOUS
10
59.3574950000000001
20
-97.3612549999999999
11
59.3954299999999975
21
-97.41802899999999
0
LINE
8
BLACK
6
CONTINUOUS
10
59.3954299999999975
20
-97.41802899999999
11
59.4087509999999952
21
-97.484999000000002
0
LINE
8
BLACK
6
CONTINUOUS
10
59.4087509999999952
20
-97.484999000000002
11
59.4087509999999952
21
-98.1149989999999974
0
LINE
8
BLACK
6
CONTINUOUS
10
59.4087509999999952
20
-98.1149989999999974
11
59.3954299999999975
21
-98.1819689999999952
0
LINE
8
BLACK
6
CONTINUOUS
10
59.3954299999999975
20
-98.1819689999999952
11
59.3574950000000001
21
-98.2387429999999995
0
LINE
8
BLACK
6
CONTINUOUS
10
59.3574950000000001
20
-98.2387429999999995
11
59.3007209999999958
21
-98.2766779999999898
0
LINE
8
BLACK
6
CONTINUOUS
10
59.3007209999999958
20
-98.2766779999999898
11
59.233750999999998
21
-98.2899989999999946
0
LINE
8
BLACK
6
CONTINUOUS
10
59.233750999999998
20
-98.2899989999999946
11
58.8662509999999983
21
-98.2899989999999946
0
LINE
8
BLACK
6
CONTINUOUS
10
58.8662509999999983
20
-98.2899989999999946
11
58.7992810000000006
21
-98.2766779999999898
0
LINE
8
BLACK
6
CONTINUOUS
10
58.7992810000000006
20
-98.2766779999999898
11
58.7425069999999963
21
-98.2387429999999995
0
LINE
8
BLACK
6
CONTINUOUS
10
58.7425069999999963
20
-98.2387429999999995
11
58.7045719999999989
21
-98.1819689999999952
0
LINE
8
BLACK
6
CONTINUOUS
10
58.7045719999999989
20
-98.1819689999999952
11
58.6912509999999941
21
-98.1149989999999974
0
LINE
8
BLACK
6
CONTINUOUS
10
58.6912509999999941
20
-98.1149989999999974
11
58.6912509999999941
21
-97.484999000000002
0
LINE
8
BLACK
6
CONTINUOUS
10
58.6912509999999941
20
-97.484999000000002
11
58.7045719999999989
21
-97.41802899999999
0
LINE
8
BLACK
6
CONTINUOUS
10
58.7045719999999989
20
-97.41802899999999
11
58.7425069999999963
21
-97.3612549999999999
0
LINE
8
BLACK
6
CONTINUOUS
10
58.7425069999999963
20
-97.3612549999999999
11
58.7992810000000006
21
-97.3233199999999954
0
LINE
8
BLACK
6
CONTINUOUS
10
58.7992810000000006
20
-97.3233199999999954
11
58.8662509999999983
21
-97.3099989999999906
0
LINE
8
BLACK
6
CONTINUOUS
10
58.8662509999999983
20
-97.3099989999999906
11
59.233750999999998
21
-97.3099989999999906
0
LINE
8
BLACK
6
CONTINUOUS
10
59.233750999999998
20
-97.3099989999999906
11
59.3007209999999958
21
-97.3233199999999954
0
LINE
8
BLACK
6
CONTINUOUS
10
61.1257209999999986
20
-97.3233199999999954
11
61.1824949999999959
21
-97.3612549999999999
0
LINE
8
BLACK
6
CONTINUOUS
10
61.1824949999999959
20
-97.3612549999999999
11
61.2204300000000003
21
-97.41802899999999
0
LINE
8
BLACK
6
CONTINUOUS
10
61.2204300000000003
20
-97.41802899999999
11
61.233750999999998
21
-97.484999000000002
0
LINE
8
BLACK
6
CONTINUOUS
10
61.233750999999998
20
-97.484999000000002
11
61.233750999999998
21
-98.1149989999999974
0
LINE
8
BLACK
6
CONTINUOUS
10
61.233750999999998
20
-98.1149989999999974
11
61.2204300000000003
21
-98.1819689999999952
0
LINE
8
BLACK
6
CONTINUOUS
10
61.2204300000000003
20
-98.1819689999999952
11
61.1824949999999959
21
-98.2387429999999995
0
LINE
8
BLACK
6
CONTINUOUS
10
61.1824949999999959
20
-98.2387429999999995
11
61.1257209999999986
21
-98.2766779999999898
0
LINE
8
BLACK
6
CONTINUOUS
10
61.1257209999999986
20
-98.2766779999999898
11
61.0587509999999938
21
-98.2899989999999946
0
LINE
8
BLACK
6
CONTINUOUS
10
61.0587509999999938
20
-98.2899989999999946
11
60.6912509999999941
21
-98.2899989999999946
0
LINE
8
BLACK
6
CONTINUOUS
10
60.6912509999999941
20
-98.2899989999999946
11
60.6242809999999963
21
-98.2766779999999898
0
LINE
8
BLACK
6
CONTINUOUS
10
60.6242809999999963
20
-98.2766779999999898
11
60.5675069999999991
21
-98.2387429999999995
0
LINE
8
BLACK
6
CONTINUOUS
10
60.5675069999999991
20
-98.2387429999999995
11
60.5295719999999946
21
-98.1819689999999952
0
LINE
8
BLACK
6
CONTINUOUS
10
60.5295719999999946
20
-98.1819689999999952
11
60.5162509999999969
21
-98.1149989999999974
0
LINE
8
BLACK
6
CONTINUOUS
10
60.5162509999999969
20
-98.1149989999999974
11
60.5162509999999969
21
-97.484999000000002
0
LINE
8
BLACK
6
CONTINUOUS
10
60.5162509999999969
20
-97.484999000000002
11
60.5295719999999946
21
-97.41802899999999
0
LINE
8
BLACK
6
CONTINUOUS
10
60.5295719999999946
20
-97.41802899999999
11
60.5675069999999991
21
-97.3612549999999999
0
LINE
8
BLACK
6
CONTINUOUS
10
60.5675069999999991
20
-97.3612549999999999
11
60.6242809999999963
21
-97.3233199999999954
0
LINE
8
BLACK
6
CONTINUOUS
10
60.6242809999999963
20
-97.3233199999999954
11
60.6912509999999941
21
-97.3099989999999906
0
LINE
8
BLACK
6
CONTINUOUS
10
60.6912509999999941
20
-97.3099989999999906
11
61.0587509999999938
21
-97.3099989999999906
0
LINE
8
BLACK
6
CONTINUOUS
10
61.0587509999999938
20
-97.3099989999999906
11
61.1257209999999986
21
-97.3233199999999954
0
LINE
8
BLACK
6
CONTINUOUS
10
71.6882209999999986
20
-96.6108189999999922
11
71.744995000000003
21
-96.6487539999999967
0
LINE
8
BLACK
6
CONTINUOUS
10
71.744995000000003
20
-96.6487539999999967
11
71.7829299999999932
21
-96.705528000000001
0
LINE
8
BLACK
6
CONTINUOUS
10
71.7829299999999932
20
-96.705528000000001
11
71.796250999999998
21
-96.7724979999999988
0
LINE
8
BLACK
6
CONTINUOUS
10
71.796250999999998
20
-96.7724979999999988
11
71.796250999999998
21
-97.4024979999999942
0
LINE
8
BLACK
6
CONTINUOUS
10
71.796250999999998
20
-97.4024979999999942
11
71.7829299999999932
21
-97.469467999999992
0
LINE
8
BLACK
6
CONTINUOUS
10
71.7829299999999932
20
-97.469467999999992
11
71.744995000000003
21
-97.5262419999999963
0
LINE
8
BLACK
6
CONTINUOUS
10
71.744995000000003
20
-97.5262419999999963
11
71.6882209999999986
21
-97.5641770000000008
0
LINE
8
BLACK
6
CONTINUOUS
10
71.6882209999999986
20
-97.5641770000000008
11
71.6212510000000009
21
-97.5774979999999914
0
LINE
8
BLACK
6
CONTINUOUS
10
71.6212510000000009
20
-97.5774979999999914
11
71.2537509999999941
21
-97.5774979999999914
0
LINE
8
BLACK
6
CONTINUOUS
10
71.2537509999999941
20
-97.5774979999999914
11
71.1867809999999963
21
-97.5641770000000008
0
LINE
8
BLACK
6
CONTINUOUS
10
71.1867809999999963
20
-97.5641770000000008
11
71.130006999999992
21
-97.5262419999999963
0
LINE
8
BLACK
6
CONTINUOUS
10
71.130006999999992
20
-97.5262419999999963
11
71.0920720000000017
21
-97.469467999999992
0
LINE
8
BLACK
6
CONTINUOUS
10
71.0920720000000017
20
-97.469467999999992
11
71.0787509999999969
21
-97.4024979999999942
0
LINE
8
BLACK
6
CONTINUOUS
10
71.0787509999999969
20
-97.4024979999999942
11
71.0787509999999969
21
-96.7724979999999988
0
LINE
8
BLACK
6
CONTINUOUS
10
71.0787509999999969
20
-96.7724979999999988
11
71.0920720000000017
21
-96.705528000000001
0
LINE
8
BLACK
6
CONTINUOUS
10
71.0920720000000017
20
-96.705528000000001
11
71.130006999999992
21
-96.6487539999999967
0
LINE
8
BLACK
6
CONTINUOUS
10
71.130006999999992
20
-96.6487539999999967
11
71.1867809999999963
21
-96.6108189999999922
0
LINE
8
BLACK
6
CONTINUOUS
10
71.1867809999999963
20
-96.6108189999999922
11
71.2537509999999941
21
-96.5974980000000016
0
LINE
8
BLACK
6
CONTINUOUS
10
71.2537509999999941
20
-96.5974980000000016
11
71.6212510000000009
21
-96.5974980000000016
0
LINE
8
BLACK
6
CONTINUOUS
10
71.6212510000000009
20
-96.5974980000000016
11
71.6882209999999986
21
-96.6108189999999922
0
LINE
8
BLACK
6
CONTINUOUS
10
73.5132210000000015
20
-96.6108189999999922
11
73.5699949999999916
21
-96.6487539999999967
0
LINE
8
BLACK
6
CONTINUOUS
10
73.5699949999999916
20
-96.6487539999999967
11
73.6079299999999961
21
-96.705528000000001
0
LINE
8
BLACK
6
CONTINUOUS
10
73.6079299999999961
20
-96.705528000000001
11
73.6212510000000009
21
-96.7724979999999988
0
LINE
8
BLACK
6
CONTINUOUS
10
73.6212510000000009
20
-96.7724979999999988
11
73.6212510000000009
21
-97.4024979999999942
0
LINE
8
BLACK
6
CONTINUOUS
10
73.6212510000000009
20
-97.4024979999999942
11
73.6079299999999961
21
-97.469467999999992
0
LINE
8
BLACK
6
CONTINUOUS
10
73.6079299999999961
20
-97.469467999999992
11
73.5699949999999916
21
-97.5262419999999963
0
LINE
8
BLACK
6
CONTINUOUS
10
73.5699949999999916
20
-97.5262419999999963
11
73.5132210000000015
21
-97.5641770000000008
0
LINE
8
BLACK
6
CONTINUOUS
10
73.5132210000000015
20
-97.5641770000000008
11
73.4462510000000037
21
-97.5774979999999914
0
LINE
8
BLACK
6
CONTINUOUS
10
73.4462510000000037
20
-97.5774979999999914
11
73.0787509999999969
21
-97.5774979999999914
0
LINE
8
BLACK
6
CONTINUOUS
10
73.0787509999999969
20
-97.5774979999999914
11
73.0117809999999992
21
-97.5641770000000008
0
LINE
8
BLACK
6
CONTINUOUS
10
73.0117809999999992
20
-97.5641770000000008
11
72.9550069999999948
21
-97.5262419999999963
0
LINE
8
BLACK
6
CONTINUOUS
10
72.9550069999999948
20
-97.5262419999999963
11
72.9170719999999903
21
-97.469467999999992
0
LINE
8
BLACK
6
CONTINUOUS
10
72.9170719999999903
20
-97.469467999999992
11
72.9037509999999997
21
-97.4024979999999942
0
LINE
8
BLACK
6
CONTINUOUS
10
72.9037509999999997
20
-97.4024979999999942
11
72.9037509999999997
21
-96.7724979999999988
0
LINE
8
BLACK
6
CONTINUOUS
10
72.9037509999999997
20
-96.7724979999999988
11
72.9170719999999903
21
-96.705528000000001
0
LINE
8
BLACK
6
CONTINUOUS
10
72.9170719999999903
20
-96.705528000000001
11
72.9550069999999948
21
-96.6487539999999967
0
LINE
8
BLACK
6
CONTINUOUS
10
72.9550069999999948
20
-96.6487539999999967
11
73.0117809999999992
21
-96.6108189999999922
0
LINE
8
BLACK
6
CONTINUOUS
10
73.0117809999999992
20
-96.6108189999999922
11
73.0787509999999969
21
-96.5974980000000016
0
LINE
8
BLACK
6
CONTINUOUS
10
73.0787509999999969
20
-96.5974980000000016
11
73.4462510000000037
21
-96.5974980000000016
0
LINE
8
BLACK
6
CONTINUOUS
10
73.4462510000000037
20
-96.5974980000000016
11
73.5132210000000015
21
-96.6108189999999922
0
LINE
8
BLACK
6
CONTINUOUS
10
63.6076829999999944
20
-95.6292419999999908
11
63.6417469999999952
21
-95.6520029999999934
0
LINE
8
BLACK
6
CONTINUOUS
10
63.6417469999999952
20
-95.6520029999999934
11
63.6645079999999979
21
-95.6860669999999942
0
LINE
8
BLACK
6
CONTINUOUS
10
63.6645079999999979
20
-95.6860669999999942
11
63.6725009999999969
21
-95.7262489999999957
0
LINE
8
BLACK
6
CONTINUOUS
10
63.6725009999999969
20
-95.7262489999999957
11
63.6725009999999969
21
-96.5487490000000008
0
LINE
8
BLACK
6
CONTINUOUS
10
63.6725009999999969
20
-96.5487490000000008
11
63.6645079999999979
21
-96.5889310000000023
0
LINE
8
BLACK
6
CONTINUOUS
10
63.6645079999999979
20
-96.5889310000000023
11
63.6417469999999952
21
-96.6229949999999889
0
LINE
8
BLACK
6
CONTINUOUS
10
63.6417469999999952
20
-96.6229949999999889
11
63.6076829999999944
21
-96.6457559999999916
0
LINE
8
BLACK
6
CONTINUOUS
10
63.6076829999999944
20
-96.6457559999999916
11
63.567501
21
-96.6537489999999906
0
LINE
8
BLACK
6
CONTINUOUS
10
63.567501
20
-96.6537489999999906
11
63.3575009999999992
21
-96.6537489999999906
0
LINE
8
BLACK
6
CONTINUOUS
10
63.3575009999999992
20
-96.6537489999999906
11
63.3173189999999977
21
-96.6457559999999916
0
LINE
8
BLACK
6
CONTINUOUS
10
63.3173189999999977
20
-96.6457559999999916
11
63.2832549999999969
21
-96.6229949999999889
0
LINE
8
BLACK
6
CONTINUOUS
10
63.2832549999999969
20
-96.6229949999999889
11
63.2604939999999942
21
-96.5889310000000023
0
LINE
8
BLACK
6
CONTINUOUS
10
63.2604939999999942
20
-96.5889310000000023
11
63.2525009999999952
21
-96.5487490000000008
0
LINE
8
BLACK
6
CONTINUOUS
10
63.2525009999999952
20
-96.5487490000000008
11
63.2525009999999952
21
-95.7262489999999957
0
LINE
8
BLACK
6
CONTINUOUS
10
63.2525009999999952
20
-95.7262489999999957
11
63.2604939999999942
21
-95.6860669999999942
0
LINE
8
BLACK
6
CONTINUOUS
10
63.2604939999999942
20
-95.6860669999999942
11
63.2832549999999969
21
-95.6520029999999934
0
LINE
8
BLACK
6
CONTINUOUS
10
63.2832549999999969
20
-95.6520029999999934
11
63.3173189999999977
21
-95.6292419999999908
0
LINE
8
BLACK
6
CONTINUOUS
10
63.3173189999999977
20
-95.6292419999999908
11
63.3575009999999992
21
-95.6212489999999917
0
LINE
8
BLACK
6
CONTINUOUS
10
63.3575009999999992
20
-95.6212489999999917
11
63.567501
21
-95.6212489999999917
0
LINE
8
BLACK
6
CONTINUOUS
10
63.567501
20
-95.6212489999999917
11
63.6076829999999944
21
-95.6292419999999908
0
LINE
8
BLACK
6
CONTINUOUS
10
56.9944709999999972
20
-95.7170699999999925
11
57.0512449999999944
21
-95.755004999999997
0
LINE
8
BLACK
6
CONTINUOUS
10
57.0512449999999944
20
-95.755004999999997
11
57.0891799999999989
21
-95.8117790000000014
0
LINE
8
BLACK
6
CONTINUOUS
10
57.0891799999999989
20
-95.8117790000000014
11
57.1025009999999966
21
-95.8787489999999991
0
LINE
8
BLACK
6
CONTINUOUS
10
57.1025009999999966
20
-95.8787489999999991
11
57.1025009999999966
21
-96.2462489999999917
0
LINE
8
BLACK
6
CONTINUOUS
10
57.1025009999999966
20
-96.2462489999999917
11
57.0891799999999989
21
-96.3132189999999895
0
LINE
8
BLACK
6
CONTINUOUS
10
57.0891799999999989
20
-96.3132189999999895
11
57.0512449999999944
21
-96.3699929999999938
0
LINE
8
BLACK
6
CONTINUOUS
10
57.0512449999999944
20
-96.3699929999999938
11
56.9944709999999972
21
-96.4079279999999983
0
LINE
8
BLACK
6
CONTINUOUS
10
56.9944709999999972
20
-96.4079279999999983
11
56.9275009999999995
21
-96.4212489999999889
0
LINE
8
BLACK
6
CONTINUOUS
10
56.9275009999999995
20
-96.4212489999999889
11
56.2975009999999969
21
-96.4212489999999889
0
LINE
8
BLACK
6
CONTINUOUS
10
56.2975009999999969
20
-96.4212489999999889
11
56.2305309999999992
21
-96.4079279999999983
0
LINE
8
BLACK
6
CONTINUOUS
10
56.2305309999999992
20
-96.4079279999999983
11
56.1737569999999948
21
-96.3699929999999938
0
LINE
8
BLACK
6
CONTINUOUS
10
56.1737569999999948
20
-96.3699929999999938
11
56.1358219999999974
21
-96.3132189999999895
0
LINE
8
BLACK
6
CONTINUOUS
10
56.1358219999999974
20
-96.3132189999999895
11
56.1225009999999997
21
-96.2462489999999917
0
LINE
8
BLACK
6
CONTINUOUS
10
56.1225009999999997
20
-96.2462489999999917
11
56.1225009999999997
21
-95.8787489999999991
0
LINE
8
BLACK
6
CONTINUOUS
10
56.1225009999999997
20
-95.8787489999999991
11
56.1358219999999974
21
-95.8117790000000014
0
LINE
8
BLACK
6
CONTINUOUS
10
56.1358219999999974
20
-95.8117790000000014
11
56.1737569999999948
21
-95.755004999999997
0
LINE
8
BLACK
6
CONTINUOUS
10
56.1737569999999948
20
-95.755004999999997
11
56.2305309999999992
21
-95.7170699999999925
0
LINE
8
BLACK
6
CONTINUOUS
10
56.2305309999999992
20
-95.7170699999999925
11
56.2975009999999969
21
-95.703749000000002
0
LINE
8
BLACK
6
CONTINUOUS
10
56.2975009999999969
20
-95.703749000000002
11
56.9275009999999995
21
-95.703749000000002
0
LINE
8
BLACK
6
CONTINUOUS
10
56.9275009999999995
20
-95.703749000000002
11
56.9944709999999972
21
-95.7170699999999925
0
LINE
8
BLACK
6
CONTINUOUS
10
58.8739329999999939
20
-95.8979920000000021
11
58.9079969999999946
21
-95.9207529999999906
0
LINE
8
BLACK
6
CONTINUOUS
10
58.9079969999999946
20
-95.9207529999999906
11
58.9307579999999973
21
-95.9548169999999914
0
LINE
8
BLACK
6
CONTINUOUS
10
58.9307579999999973
20
-95.9548169999999914
11
58.9387509999999963
21
-95.9949989999999929
0
LINE
8
BLACK
6
CONTINUOUS
10
58.9387509999999963
20
-95.9949989999999929
11
58.9387509999999963
21
-96.2049990000000008
0
LINE
8
BLACK
6
CONTINUOUS
10
58.9387509999999963
20
-96.2049990000000008
11
58.9307579999999973
21
-96.2451810000000023
0
LINE
8
BLACK
6
CONTINUOUS
10
58.9307579999999973
20
-96.2451810000000023
11
58.9079969999999946
21
-96.2792449999999889
0
LINE
8
BLACK
6
CONTINUOUS
10
58.9079969999999946
20
-96.2792449999999889
11
58.8739329999999939
21
-96.3020059999999916
0
LINE
8
BLACK
6
CONTINUOUS
10
58.8739329999999939
20
-96.3020059999999916
11
58.8337509999999995
21
-96.3099989999999906
0
LINE
8
BLACK
6
CONTINUOUS
10
58.8337509999999995
20
-96.3099989999999906
11
58.1162509999999983
21
-96.3099989999999906
0
LINE
8
BLACK
6
CONTINUOUS
10
58.1162509999999983
20
-96.3099989999999906
11
58.0760689999999968
21
-96.3020059999999916
0
LINE
8
BLACK
6
CONTINUOUS
10
58.0760689999999968
20
-96.3020059999999916
11
58.0420049999999961
21
-96.2792449999999889
0
LINE
8
BLACK
6
CONTINUOUS
10
58.0420049999999961
20
-96.2792449999999889
11
58.0192440000000005
21
-96.2451810000000023
0
LINE
8
BLACK
6
CONTINUOUS
10
58.0192440000000005
20
-96.2451810000000023
11
58.0112509999999943
21
-96.2049990000000008
0
LINE
8
BLACK
6
CONTINUOUS
10
58.0112509999999943
20
-96.2049990000000008
11
58.0112509999999943
21
-95.9949989999999929
0
LINE
8
BLACK
6
CONTINUOUS
10
58.0112509999999943
20
-95.9949989999999929
11
58.0192440000000005
21
-95.9548169999999914
0
LINE
8
BLACK
6
CONTINUOUS
10
58.0192440000000005
20
-95.9548169999999914
11
58.0420049999999961
21
-95.9207529999999906
0
LINE
8
BLACK
6
CONTINUOUS
10
58.0420049999999961
20
-95.9207529999999906
11
58.0760689999999968
21
-95.8979920000000021
0
LINE
8
BLACK
6
CONTINUOUS
10
58.0760689999999968
20
-95.8979920000000021
11
58.1162509999999983
21
-95.8899989999999889
0
LINE
8
BLACK
6
CONTINUOUS
10
58.1162509999999983
20
-95.8899989999999889
11
58.8337509999999995
21
-95.8899989999999889
0
LINE
8
BLACK
6
CONTINUOUS
10
58.8337509999999995
20
-95.8899989999999889
11
58.8739329999999939
21
-95.8979920000000021
0
LINE
8
BLACK
6
CONTINUOUS
10
61.1489329999999995
20
-95.8979920000000021
11
61.1829970000000003
21
-95.9207529999999906
0
LINE
8
BLACK
6
CONTINUOUS
10
61.1829970000000003
20
-95.9207529999999906
11
61.2057579999999959
21
-95.9548169999999914
0
LINE
8
BLACK
6
CONTINUOUS
10
61.2057579999999959
20
-95.9548169999999914
11
61.2137509999999949
21
-95.9949989999999929
0
LINE
8
BLACK
6
CONTINUOUS
10
61.2137509999999949
20
-95.9949989999999929
11
61.2137509999999949
21
-96.2049990000000008
0
LINE
8
BLACK
6
CONTINUOUS
10
61.2137509999999949
20
-96.2049990000000008
11
61.2057579999999959
21
-96.2451810000000023
0
LINE
8
BLACK
6
CONTINUOUS
10
61.2057579999999959
20
-96.2451810000000023
11
61.1829970000000003
21
-96.2792449999999889
0
LINE
8
BLACK
6
CONTINUOUS
10
61.1829970000000003
20
-96.2792449999999889
11
61.1489329999999995
21
-96.3020059999999916
0
LINE
8
BLACK
6
CONTINUOUS
10
61.1489329999999995
20
-96.3020059999999916
11
61.108750999999998
21
-96.3099989999999906
0
LINE
8
BLACK
6
CONTINUOUS
10
61.108750999999998
20
-96.3099989999999906
11
60.3912509999999969
21
-96.3099989999999906
0
LINE
8
BLACK
6
CONTINUOUS
10
60.3912509999999969
20
-96.3099989999999906
11
60.3510689999999954
21
-96.3020059999999916
0
LINE
8
BLACK
6
CONTINUOUS
10
60.3510689999999954
20
-96.3020059999999916
11
60.3170049999999947
21
-96.2792449999999889
0
LINE
8
BLACK
6
CONTINUOUS
10
60.3170049999999947
20
-96.2792449999999889
11
60.2942439999999991
21
-96.2451810000000023
0
LINE
8
BLACK
6
CONTINUOUS
10
60.2942439999999991
20
-96.2451810000000023
11
60.286251
21
-96.2049990000000008
0
LINE
8
BLACK
6
CONTINUOUS
10
60.286251
20
-96.2049990000000008
11
60.286251
21
-95.9949989999999929
0
LINE
8
BLACK
6
CONTINUOUS
10
60.286251
20
-95.9949989999999929
11
60.2942439999999991
21
-95.9548169999999914
0
LINE
8
BLACK
6
CONTINUOUS
10
60.2942439999999991
20
-95.9548169999999914
11
60.3170049999999947
21
-95.9207529999999906
0
LINE
8
BLACK
6
CONTINUOUS
10
60.3170049999999947
20
-95.9207529999999906
11
60.3510689999999954
21
-95.8979920000000021
0
LINE
8
BLACK
6
CONTINUOUS
10
60.3510689999999954
20
-95.8979920000000021
11
60.3912509999999969
21
-95.8899989999999889
0
LINE
8
BLACK
6
CONTINUOUS
10
60.3912509999999969
20
-95.8899989999999889
11
61.108750999999998
21
-95.8899989999999889
0
LINE
8
BLACK
6
CONTINUOUS
10
61.108750999999998
20
-95.8899989999999889
11
61.1489329999999995
21
-95.8979920000000021
0
LINE
8
BLACK
6
CONTINUOUS
10
61.1489329999999995
20
-94.9479919999999993
11
61.1829970000000003
21
-94.970753000000002
0
LINE
8
BLACK
6
CONTINUOUS
10
61.1829970000000003
20
-94.970753000000002
11
61.2057579999999959
21
-95.0048170000000027
0
LINE
8
BLACK
6
CONTINUOUS
10
61.2057579999999959
20
-95.0048170000000027
11
61.2137509999999949
21
-95.04499899999999
0
LINE
8
BLACK
6
CONTINUOUS
10
61.2137509999999949
20
-95.04499899999999
11
61.2137509999999949
21
-95.254998999999998
0
LINE
8
BLACK
6
CONTINUOUS
10
61.2137509999999949
20
-95.254998999999998
11
61.2057579999999959
21
-95.2951809999999995
0
LINE
8
BLACK
6
CONTINUOUS
10
61.2057579999999959
20
-95.2951809999999995
11
61.1829970000000003
21
-95.3292450000000002
0
LINE
8
BLACK
6
CONTINUOUS
10
61.1829970000000003
20
-95.3292450000000002
11
61.1489329999999995
21
-95.3520059999999887
0
LINE
8
BLACK
6
CONTINUOUS
10
61.1489329999999995
20
-95.3520059999999887
11
61.108750999999998
21
-95.359999000000002
0
LINE
8
BLACK
6
CONTINUOUS
10
61.108750999999998
20
-95.359999000000002
11
60.3912509999999969
21
-95.359999000000002
0
LINE
8
BLACK
6
CONTINUOUS
10
60.3912509999999969
20
-95.359999000000002
11
60.3510689999999954
21
-95.3520059999999887
0
LINE
8
BLACK
6
CONTINUOUS
10
60.3510689999999954
20
-95.3520059999999887
11
60.3170049999999947
21
-95.3292450000000002
0
LINE
8
BLACK
6
CONTINUOUS
10
60.3170049999999947
20
-95.3292450000000002
11
60.2942439999999991
21
-95.2951809999999995
0
LINE
8
BLACK
6
CONTINUOUS
10
60.2942439999999991
20
-95.2951809999999995
11
60.286251
21
-95.254998999999998
0
LINE
8
BLACK
6
CONTINUOUS
10
60.286251
20
-95.254998999999998
11
60.286251
21
-95.04499899999999
0
LINE
8
BLACK
6
CONTINUOUS
10
60.286251
20
-95.04499899999999
11
60.2942439999999991
21
-95.0048170000000027
0
LINE
8
BLACK
6
CONTINUOUS
10
60.2942439999999991
20
-95.0048170000000027
11
60.3170049999999947
21
-94.970753000000002
0
LINE
8
BLACK
6
CONTINUOUS
10
60.3170049999999947
20
-94.970753000000002
11
60.3510689999999954
21
-94.9479919999999993
0
LINE
8
BLACK
6
CONTINUOUS
10
60.3510689999999954
20
-94.9479919999999993
11
60.3912509999999969
21
-94.9399990000000003
0
LINE
8
BLACK
6
CONTINUOUS
10
60.3912509999999969
20
-94.9399990000000003
11
61.108750999999998
21
-94.9399990000000003
0
LINE
8
BLACK
6
CONTINUOUS
10
61.108750999999998
20
-94.9399990000000003
11
61.1489329999999995
21
-94.9479919999999993
0
LINE
8
BLACK
6
CONTINUOUS
10
66.1901829999999904
20
-93.8379910000000024
11
66.2242469999999912
21
-93.8607519999999909
0
LINE
8
BLACK
6
CONTINUOUS
10
66.2242469999999912
20
-93.8607519999999909
11
66.2470079999999939
21
-93.8948159999999916
0
LINE
8
BLACK
6
CONTINUOUS
10
66.2470079999999939
20
-93.8948159999999916
11
66.2550009999999929
21
-93.9349979999999931
0
LINE
8
BLACK
6
CONTINUOUS
10
66.2550009999999929
20
-93.9349979999999931
11
66.2550009999999929
21
-95.0899979999999942
0
LINE
8
BLACK
6
CONTINUOUS
10
66.2550009999999929
20
-95.0899979999999942
11
66.2470079999999939
21
-95.1301799999999957
0
LINE
8
BLACK
6
CONTINUOUS
10
66.2470079999999939
20
-95.1301799999999957
11
66.2242469999999912
21
-95.1642439999999965
0
LINE
8
BLACK
6
CONTINUOUS
10
66.2242469999999912
20
-95.1642439999999965
11
66.1901829999999904
21
-95.1870049999999992
0
LINE
8
BLACK
6
CONTINUOUS
10
66.1901829999999904
20
-95.1870049999999992
11
66.1500010000000032
21
-95.1949979999999982
0
LINE
8
BLACK
6
CONTINUOUS
10
66.1500010000000032
20
-95.1949979999999982
11
65.9400009999999952
21
-95.1949979999999982
0
LINE
8
BLACK
6
CONTINUOUS
10
65.9400009999999952
20
-95.1949979999999982
11
65.8998189999999937
21
-95.1870049999999992
0
LINE
8
BLACK
6
CONTINUOUS
10
65.8998189999999937
20
-95.1870049999999992
11
65.8657549999999929
21
-95.1642439999999965
0
LINE
8
BLACK
6
CONTINUOUS
10
65.8657549999999929
20
-95.1642439999999965
11
65.8429939999999903
21
-95.1301799999999957
0
LINE
8
BLACK
6
CONTINUOUS
10
65.8429939999999903
20
-95.1301799999999957
11
65.8350009999999912
21
-95.0899979999999942
0
LINE
8
BLACK
6
CONTINUOUS
10
65.8350009999999912
20
-95.0899979999999942
11
65.8350009999999912
21
-93.9349979999999931
0
LINE
8
BLACK
6
CONTINUOUS
10
65.8350009999999912
20
-93.9349979999999931
11
65.8429939999999903
21
-93.8948159999999916
0
LINE
8
BLACK
6
CONTINUOUS
10
65.8429939999999903
20
-93.8948159999999916
11
65.8657549999999929
21
-93.8607519999999909
0
LINE
8
BLACK
6
CONTINUOUS
10
65.8657549999999929
20
-93.8607519999999909
11
65.8998189999999937
21
-93.8379910000000024
0
LINE
8
BLACK
6
CONTINUOUS
10
65.8998189999999937
20
-93.8379910000000024
11
65.9400009999999952
21
-93.8299979999999891
0
LINE
8
BLACK
6
CONTINUOUS
10
65.9400009999999952
20
-93.8299979999999891
11
66.1500010000000032
21
-93.8299979999999891
0
LINE
8
BLACK
6
CONTINUOUS
10
66.1500010000000032
20
-93.8299979999999891
11
66.1901829999999904
21
-93.8379910000000024
0
LINE
8
BLACK
6
CONTINUOUS
10
67.4601830000000007
20
-93.8379910000000024
11
67.4942470000000014
21
-93.8607519999999909
0
LINE
8
BLACK
6
CONTINUOUS
10
67.4942470000000014
20
-93.8607519999999909
11
67.5170079999999899
21
-93.8948159999999916
0
LINE
8
BLACK
6
CONTINUOUS
10
67.5170079999999899
20
-93.8948159999999916
11
67.5250010000000032
21
-93.9349979999999931
0
LINE
8
BLACK
6
CONTINUOUS
10
67.5250010000000032
20
-93.9349979999999931
11
67.5250010000000032
21
-95.0899979999999942
0
LINE
8
BLACK
6
CONTINUOUS
10
67.5250010000000032
20
-95.0899979999999942
11
67.5170079999999899
21
-95.1301799999999957
0
LINE
8
BLACK
6
CONTINUOUS
10
67.5170079999999899
20
-95.1301799999999957
11
67.4942470000000014
21
-95.1642439999999965
0
LINE
8
BLACK
6
CONTINUOUS
10
67.4942470000000014
20
-95.1642439999999965
11
67.4601830000000007
21
-95.1870049999999992
0
LINE
8
BLACK
6
CONTINUOUS
10
67.4601830000000007
20
-95.1870049999999992
11
67.4200009999999992
21
-95.1949979999999982
0
LINE
8
BLACK
6
CONTINUOUS
10
67.4200009999999992
20
-95.1949979999999982
11
67.2100009999999912
21
-95.1949979999999982
0
LINE
8
BLACK
6
CONTINUOUS
10
67.2100009999999912
20
-95.1949979999999982
11
67.1698190000000039
21
-95.1870049999999992
0
LINE
8
BLACK
6
CONTINUOUS
10
67.1698190000000039
20
-95.1870049999999992
11
67.1357550000000032
21
-95.1642439999999965
0
LINE
8
BLACK
6
CONTINUOUS
10
67.1357550000000032
20
-95.1642439999999965
11
67.1129940000000005
21
-95.1301799999999957
0
LINE
8
BLACK
6
CONTINUOUS
10
67.1129940000000005
20
-95.1301799999999957
11
67.1050010000000015
21
-95.0899979999999942
0
LINE
8
BLACK
6
CONTINUOUS
10
67.1050010000000015
20
-95.0899979999999942
11
67.1050010000000015
21
-93.9349979999999931
0
LINE
8
BLACK
6
CONTINUOUS
10
67.1050010000000015
20
-93.9349979999999931
11
67.1129940000000005
21
-93.8948159999999916
0
LINE
8
BLACK
6
CONTINUOUS
10
67.1129940000000005
20
-93.8948159999999916
11
67.1357550000000032
21
-93.8607519999999909
0
LINE
8
BLACK
6
CONTINUOUS
10
67.1357550000000032
20
-93.8607519999999909
11
67.1698190000000039
21
-93.8379910000000024
0
LINE
8
BLACK
6
CONTINUOUS
10
67.1698190000000039
20
-93.8379910000000024
11
67.2100009999999912
21
-93.8299979999999891
0
LINE
8
BLACK
6
CONTINUOUS
10
67.2100009999999912
20
-93.8299979999999891
11
67.4200009999999992
21
-93.8299979999999891
0
LINE
8
BLACK
6
CONTINUOUS
10
67.4200009999999992
20
-93.8299979999999891
11
67.4601830000000007
21
-93.8379910000000024
0
LINE
8
BLACK
6
CONTINUOUS
10
68.7301829999999967
20
-93.8379910000000024
11
68.7642469999999975
21
-93.8607519999999909
0
LINE
8
BLACK
6
CONTINUOUS
10
68.7642469999999975
20
-93.8607519999999909
11
68.7870080000000002
21
-93.8948159999999916
0
LINE
8
BLACK
6
CONTINUOUS
10
68.7870080000000002
20
-93.8948159999999916
11
68.7950009999999992
21
-93.9349979999999931
0
LINE
8
BLACK
6
CONTINUOUS
10
68.7950009999999992
20
-93.9349979999999931
11
68.7950009999999992
21
-95.0899979999999942
0
LINE
8
BLACK
6
CONTINUOUS
10
68.7950009999999992
20
-95.0899979999999942
11
68.7870080000000002
21
-95.1301799999999957
0
LINE
8
BLACK
6
CONTINUOUS
10
68.7870080000000002
20
-95.1301799999999957
11
68.7642469999999975
21
-95.1642439999999965
0
LINE
8
BLACK
6
CONTINUOUS
10
68.7642469999999975
20
-95.1642439999999965
11
68.7301829999999967
21
-95.1870049999999992
0
LINE
8
BLACK
6
CONTINUOUS
10
68.7301829999999967
20
-95.1870049999999992
11
68.6900009999999952
21
-95.1949979999999982
0
LINE
8
BLACK
6
CONTINUOUS
10
68.6900009999999952
20
-95.1949979999999982
11
68.4800010000000015
21
-95.1949979999999982
0
LINE
8
BLACK
6
CONTINUOUS
10
68.4800010000000015
20
-95.1949979999999982
11
68.439819
21
-95.1870049999999992
0
LINE
8
BLACK
6
CONTINUOUS
10
68.439819
20
-95.1870049999999992
11
68.4057549999999992
21
-95.1642439999999965
0
LINE
8
BLACK
6
CONTINUOUS
10
68.4057549999999992
20
-95.1642439999999965
11
68.3829939999999965
21
-95.1301799999999957
0
LINE
8
BLACK
6
CONTINUOUS
10
68.3829939999999965
20
-95.1301799999999957
11
68.3750009999999975
21
-95.0899979999999942
0
LINE
8
BLACK
6
CONTINUOUS
10
68.3750009999999975
20
-95.0899979999999942
11
68.3750009999999975
21
-93.9349979999999931
0
LINE
8
BLACK
6
CONTINUOUS
10
68.3750009999999975
20
-93.9349979999999931
11
68.3829939999999965
21
-93.8948159999999916
0
LINE
8
BLACK
6
CONTINUOUS
10
68.3829939999999965
20
-93.8948159999999916
11
68.4057549999999992
21
-93.8607519999999909
0
LINE
8
BLACK
6
CONTINUOUS
10
68.4057549999999992
20
-93.8607519999999909
11
68.439819
21
-93.8379910000000024
0
LINE
8
BLACK
6
CONTINUOUS
10
68.439819
20
-93.8379910000000024
11
68.4800010000000015
21
-93.8299979999999891
0
LINE
8
BLACK
6
CONTINUOUS
10
68.4800010000000015
20
-93.8299979999999891
11
68.6900009999999952
21
-93.8299979999999891
0
LINE
8
BLACK
6
CONTINUOUS
10
68.6900009999999952
20
-93.8299979999999891
11
68.7301829999999967
21
-93.8379910000000024
0
LINE
8
BLACK
6
CONTINUOUS
10
70.0001829999999927
20
-93.8379910000000024
11
70.0342469999999935
21
-93.8607519999999909
0
LINE
8
BLACK
6
CONTINUOUS
10
70.0342469999999935
20
-93.8607519999999909
11
70.0570079999999962
21
-93.8948159999999916
0
LINE
8
BLACK
6
CONTINUOUS
10
70.0570079999999962
20
-93.8948159999999916
11
70.0650009999999952
21
-93.9349979999999931
0
LINE
8
BLACK
6
CONTINUOUS
10
70.0650009999999952
20
-93.9349979999999931
11
70.0650009999999952
21
-95.0899979999999942
0
LINE
8
BLACK
6
CONTINUOUS
10
70.0650009999999952
20
-95.0899979999999942
11
70.0570079999999962
21
-95.1301799999999957
0
LINE
8
BLACK
6
CONTINUOUS
10
70.0570079999999962
20
-95.1301799999999957
11
70.0342469999999935
21
-95.1642439999999965
0
LINE
8
BLACK
6
CONTINUOUS
10
70.0342469999999935
20
-95.1642439999999965
11
70.0001829999999927
21
-95.1870049999999992
0
LINE
8
BLACK
6
CONTINUOUS
10
70.0001829999999927
20
-95.1870049999999992
11
69.9600009999999912
21
-95.1949979999999982
0
LINE
8
BLACK
6
CONTINUOUS
10
69.9600009999999912
20
-95.1949979999999982
11
69.7500009999999975
21
-95.1949979999999982
0
LINE
8
BLACK
6
CONTINUOUS
10
69.7500009999999975
20
-95.1949979999999982
11
69.709818999999996
21
-95.1870049999999992
0
LINE
8
BLACK
6
CONTINUOUS
10
69.709818999999996
20
-95.1870049999999992
11
69.6757549999999952
21
-95.1642439999999965
0
LINE
8
BLACK
6
CONTINUOUS
10
69.6757549999999952
20
-95.1642439999999965
11
69.6529939999999925
21
-95.1301799999999957
0
LINE
8
BLACK
6
CONTINUOUS
10
69.6529939999999925
20
-95.1301799999999957
11
69.6450009999999935
21
-95.0899979999999942
0
LINE
8
BLACK
6
CONTINUOUS
10
69.6450009999999935
20
-95.0899979999999942
11
69.6450009999999935
21
-93.9349979999999931
0
LINE
8
BLACK
6
CONTINUOUS
10
69.6450009999999935
20
-93.9349979999999931
11
69.6529939999999925
21
-93.8948159999999916
0
LINE
8
BLACK
6
CONTINUOUS
10
69.6529939999999925
20
-93.8948159999999916
11
69.6757549999999952
21
-93.8607519999999909
0
LINE
8
BLACK
6
CONTINUOUS
10
69.6757549999999952
20
-93.8607519999999909
11
69.709818999999996
21
-93.8379910000000024
0
LINE
8
BLACK
6
CONTINUOUS
10
69.709818999999996
20
-93.8379910000000024
11
69.7500009999999975
21
-93.8299979999999891
0
LINE
8
BLACK
6
CONTINUOUS
10
69.7500009999999975
20
-93.8299979999999891
11
69.9600009999999912
21
-93.8299979999999891
0
LINE
8
BLACK
6
CONTINUOUS
10
69.9600009999999912
20
-93.8299979999999891
11
70.0001829999999927
21
-93.8379910000000024
0
LINE
8
BLACK
6
CONTINUOUS
10
62.6576829999999987
20
-93.7542419999999908
11
62.6917469999999994
21
-93.7770029999999934
0
LINE
8
BLACK
6
CONTINUOUS
10
62.6917469999999994
20
-93.7770029999999934
11
62.714507999999995
21
-93.8110669999999942
0
LINE
8
BLACK
6
CONTINUOUS
10
62.714507999999995
20
-93.8110669999999942
11
62.7225009999999941
21
-93.8512489999999957
0
LINE
8
BLACK
6
CONTINUOUS
10
62.7225009999999941
20
-93.8512489999999957
11
62.7225009999999941
21
-94.6737490000000008
0
LINE
8
BLACK
6
CONTINUOUS
10
62.7225009999999941
20
-94.6737490000000008
11
62.714507999999995
21
-94.7139310000000023
0
LINE
8
BLACK
6
CONTINUOUS
10
62.714507999999995
20
-94.7139310000000023
11
62.6917469999999994
21
-94.7479949999999889
0
LINE
8
BLACK
6
CONTINUOUS
10
62.6917469999999994
20
-94.7479949999999889
11
62.6576829999999987
21
-94.7707559999999916
0
LINE
8
BLACK
6
CONTINUOUS
10
62.6576829999999987
20
-94.7707559999999916
11
62.6175009999999972
21
-94.7787489999999906
0
LINE
8
BLACK
6
CONTINUOUS
10
62.6175009999999972
20
-94.7787489999999906
11
62.4075009999999963
21
-94.7787489999999906
0
LINE
8
BLACK
6
CONTINUOUS
10
62.4075009999999963
20
-94.7787489999999906
11
62.3673189999999948
21
-94.7707559999999916
0
LINE
8
BLACK
6
CONTINUOUS
10
62.3673189999999948
20
-94.7707559999999916
11
62.3332549999999941
21
-94.7479949999999889
0
LINE
8
BLACK
6
CONTINUOUS
10
62.3332549999999941
20
-94.7479949999999889
11
62.3104939999999985
21
-94.7139310000000023
0
LINE
8
BLACK
6
CONTINUOUS
10
62.3104939999999985
20
-94.7139310000000023
11
62.3025009999999995
21
-94.6737490000000008
0
LINE
8
BLACK
6
CONTINUOUS
10
62.3025009999999995
20
-94.6737490000000008
11
62.3025009999999995
21
-93.8512489999999957
0
LINE
8
BLACK
6
CONTINUOUS
10
62.3025009999999995
20
-93.8512489999999957
11
62.3104939999999985
21
-93.8110669999999942
0
LINE
8
BLACK
6
CONTINUOUS
10
62.3104939999999985
20
-93.8110669999999942
11
62.3332549999999941
21
-93.7770029999999934
0
LINE
8
BLACK
6
CONTINUOUS
10
62.3332549999999941
20
-93.7770029999999934
11
62.3673189999999948
21
-93.7542419999999908
0
LINE
8
BLACK
6
CONTINUOUS
10
62.3673189999999948
20
-93.7542419999999908
11
62.4075009999999963
21
-93.7462489999999917
0
LINE
8
BLACK
6
CONTINUOUS
10
62.4075009999999963
20
-93.7462489999999917
11
62.6175009999999972
21
-93.7462489999999917
0
LINE
8
BLACK
6
CONTINUOUS
10
62.6175009999999972
20
-93.7462489999999917
11
62.6576829999999987
21
-93.7542419999999908
0
LINE
8
BLACK
6
CONTINUOUS
10
64.5576829999999973
20
-93.7542419999999908
11
64.591746999999998
21
-93.7770029999999934
0
LINE
8
BLACK
6
CONTINUOUS
10
64.591746999999998
20
-93.7770029999999934
11
64.6145080000000007
21
-93.8110669999999942
0
LINE
8
BLACK
6
CONTINUOUS
10
64.6145080000000007
20
-93.8110669999999942
11
64.6225009999999997
21
-93.8512489999999957
0
LINE
8
BLACK
6
CONTINUOUS
10
64.6225009999999997
20
-93.8512489999999957
11
64.6225009999999997
21
-94.6737490000000008
0
LINE
8
BLACK
6
CONTINUOUS
10
64.6225009999999997
20
-94.6737490000000008
11
64.6145080000000007
21
-94.7139310000000023
0
LINE
8
BLACK
6
CONTINUOUS
10
64.6145080000000007
20
-94.7139310000000023
11
64.591746999999998
21
-94.7479949999999889
0
LINE
8
BLACK
6
CONTINUOUS
10
64.591746999999998
20
-94.7479949999999889
11
64.5576829999999973
21
-94.7707559999999916
0
LINE
8
BLACK
6
CONTINUOUS
10
64.5576829999999973
20
-94.7707559999999916
11
64.5175009999999958
21
-94.7787489999999906
0
LINE
8
BLACK
6
CONTINUOUS
10
64.5175009999999958
20
-94.7787489999999906
11
64.307501000000002
21
-94.7787489999999906
0
LINE
8
BLACK
6
CONTINUOUS
10
64.307501000000002
20
-94.7787489999999906
11
64.2673190000000005
21
-94.7707559999999916
0
LINE
8
BLACK
6
CONTINUOUS
10
64.2673190000000005
20
-94.7707559999999916
11
64.2332549999999998
21
-94.7479949999999889
0
LINE
8
BLACK
6
CONTINUOUS
10
64.2332549999999998
20
-94.7479949999999889
11
64.2104939999999971
21
-94.7139310000000023
0
LINE
8
BLACK
6
CONTINUOUS
10
64.2104939999999971
20
-94.7139310000000023
11
64.202500999999998
21
-94.6737490000000008
0
LINE
8
BLACK
6
CONTINUOUS
10
64.202500999999998
20
-94.6737490000000008
11
64.202500999999998
21
-93.8512489999999957
0
LINE
8
BLACK
6
CONTINUOUS
10
64.202500999999998
20
-93.8512489999999957
11
64.2104939999999971
21
-93.8110669999999942
0
LINE
8
BLACK
6
CONTINUOUS
10
64.2104939999999971
20
-93.8110669999999942
11
64.2332549999999998
21
-93.7770029999999934
0
LINE
8
BLACK
6
CONTINUOUS
10
64.2332549999999998
20
-93.7770029999999934
11
64.2673190000000005
21
-93.7542419999999908
0
LINE
8
BLACK
6
CONTINUOUS
10
64.2673190000000005
20
-93.7542419999999908
11
64.307501000000002
21
-93.7462489999999917
0
LINE
8
BLACK
6
CONTINUOUS
10
64.307501000000002
20
-93.7462489999999917
11
64.5175009999999958
21
-93.7462489999999917
0
LINE
8
BLACK
6
CONTINUOUS
10
64.5175009999999958
20
-93.7462489999999917
11
64.5576829999999973
21
-93.7542419999999908
0
LINE
8
BLACK
6
CONTINUOUS
10
56.9944709999999972
20
-93.8920699999999897
11
57.0512449999999944
21
-93.9300049999999942
0
LINE
8
BLACK
6
CONTINUOUS
10
57.0512449999999944
20
-93.9300049999999942
11
57.0891799999999989
21
-93.9867789999999985
0
LINE
8
BLACK
6
CONTINUOUS
10
57.0891799999999989
20
-93.9867789999999985
11
57.1025009999999966
21
-94.0537489999999963
0
LINE
8
BLACK
6
CONTINUOUS
10
57.1025009999999966
20
-94.0537489999999963
11
57.1025009999999966
21
-94.4212489999999889
0
LINE
8
BLACK
6
CONTINUOUS
10
57.1025009999999966
20
-94.4212489999999889
11
57.0891799999999989
21
-94.4882190000000008
0
LINE
8
BLACK
6
CONTINUOUS
10
57.0891799999999989
20
-94.4882190000000008
11
57.0512449999999944
21
-94.544992999999991
0
LINE
8
BLACK
6
CONTINUOUS
10
57.0512449999999944
20
-94.544992999999991
11
56.9944709999999972
21
-94.5829279999999954
0
LINE
8
BLACK
6
CONTINUOUS
10
56.9944709999999972
20
-94.5829279999999954
11
56.9275009999999995
21
-94.5962490000000003
0
LINE
8
BLACK
6
CONTINUOUS
10
56.9275009999999995
20
-94.5962490000000003
11
56.2975009999999969
21
-94.5962490000000003
0
LINE
8
BLACK
6
CONTINUOUS
10
56.2975009999999969
20
-94.5962490000000003
11
56.2305309999999992
21
-94.5829279999999954
0
LINE
8
BLACK
6
CONTINUOUS
10
56.2305309999999992
20
-94.5829279999999954
11
56.1737569999999948
21
-94.544992999999991
0
LINE
8
BLACK
6
CONTINUOUS
10
56.1737569999999948
20
-94.544992999999991
11
56.1358219999999974
21
-94.4882190000000008
0
LINE
8
BLACK
6
CONTINUOUS
10
56.1358219999999974
20
-94.4882190000000008
11
56.1225009999999997
21
-94.4212489999999889
0
LINE
8
BLACK
6
CONTINUOUS
10
56.1225009999999997
20
-94.4212489999999889
11
56.1225009999999997
21
-94.0537489999999963
0
LINE
8
BLACK
6
CONTINUOUS
10
56.1225009999999997
20
-94.0537489999999963
11
56.1358219999999974
21
-93.9867789999999985
0
LINE
8
BLACK
6
CONTINUOUS
10
56.1358219999999974
20
-93.9867789999999985
11
56.1737569999999948
21
-93.9300049999999942
0
LINE
8
BLACK
6
CONTINUOUS
10
56.1737569999999948
20
-93.9300049999999942
11
56.2305309999999992
21
-93.8920699999999897
0
LINE
8
BLACK
6
CONTINUOUS
10
56.2305309999999992
20
-93.8920699999999897
11
56.2975009999999969
21
-93.8787489999999991
0
LINE
8
BLACK
6
CONTINUOUS
10
56.2975009999999969
20
-93.8787489999999991
11
56.9275009999999995
21
-93.8787489999999991
0
LINE
8
BLACK
6
CONTINUOUS
10
56.9275009999999995
20
-93.8787489999999991
11
56.9944709999999972
21
-93.8920699999999897
0
LINE
8
BLACK
6
CONTINUOUS
10
73.6819709999999901
20
-93.8545689999999979
11
73.7387449999999944
21
-93.8925040000000024
0
LINE
8
BLACK
6
CONTINUOUS
10
73.7387449999999944
20
-93.8925040000000024
11
73.7766799999999989
21
-93.9492779999999925
0
LINE
8
BLACK
6
CONTINUOUS
10
73.7766799999999989
20
-93.9492779999999925
11
73.7900010000000037
21
-94.0162479999999903
0
LINE
8
BLACK
6
CONTINUOUS
10
73.7900010000000037
20
-94.0162479999999903
11
73.7900010000000037
21
-94.3837479999999971
0
LINE
8
BLACK
6
CONTINUOUS
10
73.7900010000000037
20
-94.3837479999999971
11
73.7766799999999989
21
-94.4507179999999948
0
LINE
8
BLACK
6
CONTINUOUS
10
73.7766799999999989
20
-94.4507179999999948
11
73.7387449999999944
21
-94.5074919999999992
0
LINE
8
BLACK
6
CONTINUOUS
10
73.7387449999999944
20
-94.5074919999999992
11
73.6819709999999901
21
-94.5454269999999894
0
LINE
8
BLACK
6
CONTINUOUS
10
73.6819709999999901
20
-94.5454269999999894
11
73.6150009999999924
21
-94.5587479999999942
0
LINE
8
BLACK
6
CONTINUOUS
10
73.6150009999999924
20
-94.5587479999999942
11
72.9850009999999969
21
-94.5587479999999942
0
LINE
8
BLACK
6
CONTINUOUS
10
72.9850009999999969
20
-94.5587479999999942
11
72.9180309999999992
21
-94.5454269999999894
0
LINE
8
BLACK
6
CONTINUOUS
10
72.9180309999999992
20
-94.5454269999999894
11
72.8612569999999948
21
-94.5074919999999992
0
LINE
8
BLACK
6
CONTINUOUS
10
72.8612569999999948
20
-94.5074919999999992
11
72.8233219999999903
21
-94.4507179999999948
0
LINE
8
BLACK
6
CONTINUOUS
10
72.8233219999999903
20
-94.4507179999999948
11
72.8100009999999997
21
-94.3837479999999971
0
LINE
8
BLACK
6
CONTINUOUS
10
72.8100009999999997
20
-94.3837479999999971
11
72.8100009999999997
21
-94.0162479999999903
0
LINE
8
BLACK
6
CONTINUOUS
10
72.8100009999999997
20
-94.0162479999999903
11
72.8233219999999903
21
-93.9492779999999925
0
LINE
8
BLACK
6
CONTINUOUS
10
72.8233219999999903
20
-93.9492779999999925
11
72.8612569999999948
21
-93.8925040000000024
0
LINE
8
BLACK
6
CONTINUOUS
10
72.8612569999999948
20
-93.8925040000000024
11
72.9180309999999992
21
-93.8545689999999979
0
LINE
8
BLACK
6
CONTINUOUS
10
72.9180309999999992
20
-93.8545689999999979
11
72.9850009999999969
21
-93.8412479999999931
0
LINE
8
BLACK
6
CONTINUOUS
10
72.9850009999999969
20
-93.8412479999999931
11
73.6150009999999924
21
-93.8412479999999931
0
LINE
8
BLACK
6
CONTINUOUS
10
73.6150009999999924
20
-93.8412479999999931
11
73.6819709999999901
21
-93.8545689999999979
0
LINE
8
BLACK
6
CONTINUOUS
10
58.8739329999999939
20
-93.9979919999999964
11
58.9079969999999946
21
-94.0207529999999991
0
LINE
8
BLACK
6
CONTINUOUS
10
58.9079969999999946
20
-94.0207529999999991
11
58.9307579999999973
21
-94.0548169999999999
0
LINE
8
BLACK
6
CONTINUOUS
10
58.9307579999999973
20
-94.0548169999999999
11
58.9387509999999963
21
-94.0949990000000014
0
LINE
8
BLACK
6
CONTINUOUS
10
58.9387509999999963
20
-94.0949990000000014
11
58.9387509999999963
21
-94.3049989999999951
0
LINE
8
BLACK
6
CONTINUOUS
10
58.9387509999999963
20
-94.3049989999999951
11
58.9307579999999973
21
-94.3451809999999966
0
LINE
8
BLACK
6
CONTINUOUS
10
58.9307579999999973
20
-94.3451809999999966
11
58.9079969999999946
21
-94.3792449999999974
0
LINE
8
BLACK
6
CONTINUOUS
10
58.9079969999999946
20
-94.3792449999999974
11
58.8739329999999939
21
-94.4020060000000001
0
LINE
8
BLACK
6
CONTINUOUS
10
58.8739329999999939
20
-94.4020060000000001
11
58.8337509999999995
21
-94.4099989999999991
0
LINE
8
BLACK
6
CONTINUOUS
10
58.8337509999999995
20
-94.4099989999999991
11
58.1162509999999983
21
-94.4099989999999991
0
LINE
8
BLACK
6
CONTINUOUS
10
58.1162509999999983
20
-94.4099989999999991
11
58.0760689999999968
21
-94.4020060000000001
0
LINE
8
BLACK
6
CONTINUOUS
10
58.0760689999999968
20
-94.4020060000000001
11
58.0420049999999961
21
-94.3792449999999974
0
LINE
8
BLACK
6
CONTINUOUS
10
58.0420049999999961
20
-94.3792449999999974
11
58.0192440000000005
21
-94.3451809999999966
0
LINE
8
BLACK
6
CONTINUOUS
10
58.0192440000000005
20
-94.3451809999999966
11
58.0112509999999943
21
-94.3049989999999951
0
LINE
8
BLACK
6
CONTINUOUS
10
58.0112509999999943
20
-94.3049989999999951
11
58.0112509999999943
21
-94.0949990000000014
0
LINE
8
BLACK
6
CONTINUOUS
10
58.0112509999999943
20
-94.0949990000000014
11
58.0192440000000005
21
-94.0548169999999999
0
LINE
8
BLACK
6
CONTINUOUS
10
58.0192440000000005
20
-94.0548169999999999
11
58.0420049999999961
21
-94.0207529999999991
0
LINE
8
BLACK
6
CONTINUOUS
10
58.0420049999999961
20
-94.0207529999999991
11
58.0760689999999968
21
-93.9979919999999964
0
LINE
8
BLACK
6
CONTINUOUS
10
58.0760689999999968
20
-93.9979919999999964
11
58.1162509999999983
21
-93.9899989999999974
0
LINE
8
BLACK
6
CONTINUOUS
10
58.1162509999999983
20
-93.9899989999999974
11
58.8337509999999995
21
-93.9899989999999974
0
LINE
8
BLACK
6
CONTINUOUS
10
58.8337509999999995
20
-93.9899989999999974
11
58.8739329999999939
21
-93.9979919999999964
0
LINE
8
BLACK
6
CONTINUOUS
10
61.1489329999999995
20
-93.9979919999999964
11
61.1829970000000003
21
-94.0207529999999991
0
LINE
8
BLACK
6
CONTINUOUS
10
61.1829970000000003
20
-94.0207529999999991
11
61.2057579999999959
21
-94.0548169999999999
0
LINE
8
BLACK
6
CONTINUOUS
10
61.2057579999999959
20
-94.0548169999999999
11
61.2137509999999949
21
-94.0949990000000014
0
LINE
8
BLACK
6
CONTINUOUS
10
61.2137509999999949
20
-94.0949990000000014
11
61.2137509999999949
21
-94.3049989999999951
0
LINE
8
BLACK
6
CONTINUOUS
10
61.2137509999999949
20
-94.3049989999999951
11
61.2057579999999959
21
-94.3451809999999966
0
LINE
8
BLACK
6
CONTINUOUS
10
61.2057579999999959
20
-94.3451809999999966
11
61.1829970000000003
21
-94.3792449999999974
0
LINE
8
BLACK
6
CONTINUOUS
10
61.1829970000000003
20
-94.3792449999999974
11
61.1489329999999995
21
-94.4020060000000001
0
LINE
8
BLACK
6
CONTINUOUS
10
61.1489329999999995
20
-94.4020060000000001
11
61.108750999999998
21
-94.4099989999999991
0
LINE
8
BLACK
6
CONTINUOUS
10
61.108750999999998
20
-94.4099989999999991
11
60.3912509999999969
21
-94.4099989999999991
0
LINE
8
BLACK
6
CONTINUOUS
10
60.3912509999999969
20
-94.4099989999999991
11
60.3510689999999954
21
-94.4020060000000001
0
LINE
8
BLACK
6
CONTINUOUS
10
60.3510689999999954
20
-94.4020060000000001
11
60.3170049999999947
21
-94.3792449999999974
0
LINE
8
BLACK
6
CONTINUOUS
10
60.3170049999999947
20
-94.3792449999999974
11
60.2942439999999991
21
-94.3451809999999966
0
LINE
8
BLACK
6
CONTINUOUS
10
60.2942439999999991
20
-94.3451809999999966
11
60.286251
21
-94.3049989999999951
0
LINE
8
BLACK
6
CONTINUOUS
10
60.286251
20
-94.3049989999999951
11
60.286251
21
-94.0949990000000014
0
LINE
8
BLACK
6
CONTINUOUS
10
60.286251
20
-94.0949990000000014
11
60.2942439999999991
21
-94.0548169999999999
0
LINE
8
BLACK
6
CONTINUOUS
10
60.2942439999999991
20
-94.0548169999999999
11
60.3170049999999947
21
-94.0207529999999991
0
LINE
8
BLACK
6
CONTINUOUS
10
60.3170049999999947
20
-94.0207529999999991
11
60.3510689999999954
21
-93.9979919999999964
0
LINE
8
BLACK
6
CONTINUOUS
10
60.3510689999999954
20
-93.9979919999999964
11
60.3912509999999969
21
-93.9899989999999974
0
LINE
8
BLACK
6
CONTINUOUS
10
60.3912509999999969
20
-93.9899989999999974
11
61.108750999999998
21
-93.9899989999999974
0
LINE
8
BLACK
6
CONTINUOUS
10
61.108750999999998
20
-93.9899989999999974
11
61.1489329999999995
21
-93.9979919999999964
0
LINE
8
BLACK
6
CONTINUOUS
10
71.7819709999999986
20
-92.6545689999999951
11
71.838745000000003
21
-92.6925039999999996
0
LINE
8
BLACK
6
CONTINUOUS
10
71.838745000000003
20
-92.6925039999999996
11
71.8766799999999932
21
-92.7492779999999897
0
LINE
8
BLACK
6
CONTINUOUS
10
71.8766799999999932
20
-92.7492779999999897
11
71.890000999999998
21
-92.8162480000000016
0
LINE
8
BLACK
6
CONTINUOUS
10
71.890000999999998
20
-92.8162480000000016
11
71.890000999999998
21
-93.1837479999999942
0
LINE
8
BLACK
6
CONTINUOUS
10
71.890000999999998
20
-93.1837479999999942
11
71.8766799999999932
21
-93.250717999999992
0
LINE
8
BLACK
6
CONTINUOUS
10
71.8766799999999932
20
-93.250717999999992
11
71.838745000000003
21
-93.3074919999999963
0
LINE
8
BLACK
6
CONTINUOUS
10
71.838745000000003
20
-93.3074919999999963
11
71.7819709999999986
21
-93.3454270000000008
0
LINE
8
BLACK
6
CONTINUOUS
10
71.7819709999999986
20
-93.3454270000000008
11
71.7150010000000009
21
-93.3587479999999914
0
LINE
8
BLACK
6
CONTINUOUS
10
71.7150010000000009
20
-93.3587479999999914
11
71.0850009999999912
21
-93.3587479999999914
0
LINE
8
BLACK
6
CONTINUOUS
10
71.0850009999999912
20
-93.3587479999999914
11
71.0180309999999935
21
-93.3454270000000008
0
LINE
8
BLACK
6
CONTINUOUS
10
71.0180309999999935
20
-93.3454270000000008
11
70.9612570000000034
21
-93.3074919999999963
0
LINE
8
BLACK
6
CONTINUOUS
10
70.9612570000000034
20
-93.3074919999999963
11
70.9233219999999989
21
-93.250717999999992
0
LINE
8
BLACK
6
CONTINUOUS
10
70.9233219999999989
20
-93.250717999999992
11
70.9100009999999941
21
-93.1837479999999942
0
LINE
8
BLACK
6
CONTINUOUS
10
70.9100009999999941
20
-93.1837479999999942
11
70.9100009999999941
21
-92.8162480000000016
0
LINE
8
BLACK
6
CONTINUOUS
10
70.9100009999999941
20
-92.8162480000000016
11
70.9233219999999989
21
-92.7492779999999897
0
LINE
8
BLACK
6
CONTINUOUS
10
70.9233219999999989
20
-92.7492779999999897
11
70.9612570000000034
21
-92.6925039999999996
0
LINE
8
BLACK
6
CONTINUOUS
10
70.9612570000000034
20
-92.6925039999999996
11
71.0180309999999935
21
-92.6545689999999951
0
LINE
8
BLACK
6
CONTINUOUS
10
71.0180309999999935
20
-92.6545689999999951
11
71.0850009999999912
21
-92.6412479999999903
0
LINE
8
BLACK
6
CONTINUOUS
10
71.0850009999999912
20
-92.6412479999999903
11
71.7150010000000009
21
-92.6412479999999903
0
LINE
8
BLACK
6
CONTINUOUS
10
71.7150010000000009
20
-92.6412479999999903
11
71.7819709999999986
21
-92.6545689999999951
0
LINE
8
BLACK
6
CONTINUOUS
10
73.6819709999999901
20
-92.0295689999999951
11
73.7387449999999944
21
-92.0675039999999996
0
LINE
8
BLACK
6
CONTINUOUS
10
73.7387449999999944
20
-92.0675039999999996
11
73.7766799999999989
21
-92.1242779999999897
0
LINE
8
BLACK
6
CONTINUOUS
10
73.7766799999999989
20
-92.1242779999999897
11
73.7900010000000037
21
-92.1912480000000016
0
LINE
8
BLACK
6
CONTINUOUS
10
73.7900010000000037
20
-92.1912480000000016
11
73.7900010000000037
21
-92.5587479999999942
0
LINE
8
BLACK
6
CONTINUOUS
10
73.7900010000000037
20
-92.5587479999999942
11
73.7766799999999989
21
-92.625717999999992
0
LINE
8
BLACK
6
CONTINUOUS
10
73.7766799999999989
20
-92.625717999999992
11
73.7387449999999944
21
-92.6824919999999963
0
LINE
8
BLACK
6
CONTINUOUS
10
73.7387449999999944
20
-92.6824919999999963
11
73.6819709999999901
21
-92.7204270000000008
0
LINE
8
BLACK
6
CONTINUOUS
10
73.6819709999999901
20
-92.7204270000000008
11
73.6150009999999924
21
-92.7337479999999914
0
LINE
8
BLACK
6
CONTINUOUS
10
73.6150009999999924
20
-92.7337479999999914
11
72.9850009999999969
21
-92.7337479999999914
0
LINE
8
BLACK
6
CONTINUOUS
10
72.9850009999999969
20
-92.7337479999999914
11
72.9180309999999992
21
-92.7204270000000008
0
LINE
8
BLACK
6
CONTINUOUS
10
72.9180309999999992
20
-92.7204270000000008
11
72.8612569999999948
21
-92.6824919999999963
0
LINE
8
BLACK
6
CONTINUOUS
10
72.8612569999999948
20
-92.6824919999999963
11
72.8233219999999903
21
-92.625717999999992
0
LINE
8
BLACK
6
CONTINUOUS
10
72.8233219999999903
20
-92.625717999999992
11
72.8100009999999997
21
-92.5587479999999942
0
LINE
8
BLACK
6
CONTINUOUS
10
72.8100009999999997
20
-92.5587479999999942
11
72.8100009999999997
21
-92.1912480000000016
0
LINE
8
BLACK
6
CONTINUOUS
10
72.8100009999999997
20
-92.1912480000000016
11
72.8233219999999903
21
-92.1242779999999897
0
LINE
8
BLACK
6
CONTINUOUS
10
72.8233219999999903
20
-92.1242779999999897
11
72.8612569999999948
21
-92.0675039999999996
0
LINE
8
BLACK
6
CONTINUOUS
10
72.8612569999999948
20
-92.0675039999999996
11
72.9180309999999992
21
-92.0295689999999951
0
LINE
8
BLACK
6
CONTINUOUS
10
72.9180309999999992
20
-92.0295689999999951
11
72.9850009999999969
21
-92.0162479999999903
0
LINE
8
BLACK
6
CONTINUOUS
10
72.9850009999999969
20
-92.0162479999999903
11
73.6150009999999924
21
-92.0162479999999903
0
LINE
8
BLACK
6
CONTINUOUS
10
73.6150009999999924
20
-92.0162479999999903
11
73.6819709999999901
21
-92.0295689999999951
0
LINE
8
BLACK
6
CONTINUOUS
10
71.7819709999999986
20
-90.8295689999999922
11
71.838745000000003
21
-90.8675039999999967
0
LINE
8
BLACK
6
CONTINUOUS
10
71.838745000000003
20
-90.8675039999999967
11
71.8766799999999932
21
-90.924278000000001
0
LINE
8
BLACK
6
CONTINUOUS
10
71.8766799999999932
20
-90.924278000000001
11
71.890000999999998
21
-90.9912479999999988
0
LINE
8
BLACK
6
CONTINUOUS
10
71.890000999999998
20
-90.9912479999999988
11
71.890000999999998
21
-91.3587479999999914
0
LINE
8
BLACK
6
CONTINUOUS
10
71.890000999999998
20
-91.3587479999999914
11
71.8766799999999932
21
-91.4257179999999892
0
LINE
8
BLACK
6
CONTINUOUS
10
71.8766799999999932
20
-91.4257179999999892
11
71.838745000000003
21
-91.4824919999999935
0
LINE
8
BLACK
6
CONTINUOUS
10
71.838745000000003
20
-91.4824919999999935
11
71.7819709999999986
21
-91.520426999999998
0
LINE
8
BLACK
6
CONTINUOUS
10
71.7819709999999986
20
-91.520426999999998
11
71.7150010000000009
21
-91.5337480000000028
0
LINE
8
BLACK
6
CONTINUOUS
10
71.7150010000000009
20
-91.5337480000000028
11
71.0850009999999912
21
-91.5337480000000028
0
LINE
8
BLACK
6
CONTINUOUS
10
71.0850009999999912
20
-91.5337480000000028
11
71.0180309999999935
21
-91.520426999999998
0
LINE
8
BLACK
6
CONTINUOUS
10
71.0180309999999935
20
-91.520426999999998
11
70.9612570000000034
21
-91.4824919999999935
0
LINE
8
BLACK
6
CONTINUOUS
10
70.9612570000000034
20
-91.4824919999999935
11
70.9233219999999989
21
-91.4257179999999892
0
LINE
8
BLACK
6
CONTINUOUS
10
70.9233219999999989
20
-91.4257179999999892
11
70.9100009999999941
21
-91.3587479999999914
0
LINE
8
BLACK
6
CONTINUOUS
10
70.9100009999999941
20
-91.3587479999999914
11
70.9100009999999941
21
-90.9912479999999988
0
LINE
8
BLACK
6
CONTINUOUS
10
70.9100009999999941
20
-90.9912479999999988
11
70.9233219999999989
21
-90.924278000000001
0
LINE
8
BLACK
6
CONTINUOUS
10
70.9233219999999989
20
-90.924278000000001
11
70.9612570000000034
21
-90.8675039999999967
0
LINE
8
BLACK
6
CONTINUOUS
10
70.9612570000000034
20
-90.8675039999999967
11
71.0180309999999935
21
-90.8295689999999922
0
LINE
8
BLACK
6
CONTINUOUS
10
71.0180309999999935
20
-90.8295689999999922
11
71.0850009999999912
21
-90.8162480000000016
0
LINE
8
BLACK
6
CONTINUOUS
10
71.0850009999999912
20
-90.8162480000000016
11
71.7150010000000009
21
-90.8162480000000016
0
LINE
8
BLACK
6
CONTINUOUS
10
71.7150010000000009
20
-90.8162480000000016
11
71.7819709999999986
21
-90.8295689999999922
0
LINE
8
BLACK
6
CONTINUOUS
10
24.5898599999999981
20
-85.6561590000000024
11
24.6267630000000004
21
-85.6808169999999905
0
LINE
8
BLACK
6
CONTINUOUS
10
24.6267630000000004
20
-85.6808169999999905
11
24.6514209999999991
21
-85.7177199999999999
0
LINE
8
BLACK
6
CONTINUOUS
10
24.6514209999999991
20
-85.7177199999999999
11
24.6600799999999971
21
-85.7612499999999898
0
LINE
8
BLACK
6
CONTINUOUS
10
24.6600799999999971
20
-85.7612499999999898
11
24.6600799999999971
21
-85.988749999999996
0
LINE
8
BLACK
6
CONTINUOUS
10
24.6600799999999971
20
-85.988749999999996
11
24.6514209999999991
21
-86.0322800000000001
0
LINE
8
BLACK
6
CONTINUOUS
10
24.6514209999999991
20
-86.0322800000000001
11
24.6267630000000004
21
-86.0691829999999953
0
LINE
8
BLACK
6
CONTINUOUS
10
24.6267630000000004
20
-86.0691829999999953
11
24.5898599999999981
21
-86.0938409999999976
0
LINE
8
BLACK
6
CONTINUOUS
10
24.5898599999999981
20
-86.0938409999999976
11
24.5463299999999975
21
-86.102499999999992
0
LINE
8
BLACK
6
CONTINUOUS
10
24.5463299999999975
20
-86.102499999999992
11
23.4438299999999984
21
-86.102499999999992
0
LINE
8
BLACK
6
CONTINUOUS
10
23.4438299999999984
20
-86.102499999999992
11
23.4002999999999979
21
-86.0938409999999976
0
LINE
8
BLACK
6
CONTINUOUS
10
23.4002999999999979
20
-86.0938409999999976
11
23.3633969999999991
21
-86.0691829999999953
0
LINE
8
BLACK
6
CONTINUOUS
10
23.3633969999999991
20
-86.0691829999999953
11
23.3387390000000003
21
-86.0322800000000001
0
LINE
8
BLACK
6
CONTINUOUS
10
23.3387390000000003
20
-86.0322800000000001
11
23.3300799999999988
21
-85.988749999999996
0
LINE
8
BLACK
6
CONTINUOUS
10
23.3300799999999988
20
-85.988749999999996
11
23.3300799999999988
21
-85.7612499999999898
0
LINE
8
BLACK
6
CONTINUOUS
10
23.3300799999999988
20
-85.7612499999999898
11
23.3387390000000003
21
-85.7177199999999999
0
LINE
8
BLACK
6
CONTINUOUS
10
23.3387390000000003
20
-85.7177199999999999
11
23.3633969999999991
21
-85.6808169999999905
0
LINE
8
BLACK
6
CONTINUOUS
10
23.3633969999999991
20
-85.6808169999999905
11
23.4002999999999979
21
-85.6561590000000024
0
LINE
8
BLACK
6
CONTINUOUS
10
23.4002999999999979
20
-85.6561590000000024
11
23.4438299999999984
21
-85.6474999999999937
0
LINE
8
BLACK
6
CONTINUOUS
10
23.4438299999999984
20
-85.6474999999999937
11
24.5463299999999975
21
-85.6474999999999937
0
LINE
8
BLACK
6
CONTINUOUS
10
24.5463299999999975
20
-85.6474999999999937
11
24.5898599999999981
21
-85.6561590000000024
0
LINE
8
BLACK
6
CONTINUOUS
10
24.5898599999999981
20
-84.3861589999999921
11
24.6267630000000004
21
-84.4108169999999944
0
LINE
8
BLACK
6
CONTINUOUS
10
24.6267630000000004
20
-84.4108169999999944
11
24.6514209999999991
21
-84.4477199999999897
0
LINE
8
BLACK
6
CONTINUOUS
10
24.6514209999999991
20
-84.4477199999999897
11
24.6600799999999971
21
-84.4912499999999937
0
LINE
8
BLACK
6
CONTINUOUS
10
24.6600799999999971
20
-84.4912499999999937
11
24.6600799999999971
21
-84.71875
0
LINE
8
BLACK
6
CONTINUOUS
10
24.6600799999999971
20
-84.71875
11
24.6514209999999991
21
-84.7622799999999899
0
LINE
8
BLACK
6
CONTINUOUS
10
24.6514209999999991
20
-84.7622799999999899
11
24.6267630000000004
21
-84.7991829999999993
0
LINE
8
BLACK
6
CONTINUOUS
10
24.6267630000000004
20
-84.7991829999999993
11
24.5898599999999981
21
-84.8238410000000016
0
LINE
8
BLACK
6
CONTINUOUS
10
24.5898599999999981
20
-84.8238410000000016
11
24.5463299999999975
21
-84.832499999999996
0
LINE
8
BLACK
6
CONTINUOUS
10
24.5463299999999975
20
-84.832499999999996
11
23.4438299999999984
21
-84.832499999999996
0
LINE
8
BLACK
6
CONTINUOUS
10
23.4438299999999984
20
-84.832499999999996
11
23.4002999999999979
21
-84.8238410000000016
0
LINE
8
BLACK
6
CONTINUOUS
10
23.4002999999999979
20
-84.8238410000000016
11
23.3633969999999991
21
-84.7991829999999993
0
LINE
8
BLACK
6
CONTINUOUS
10
23.3633969999999991
20
-84.7991829999999993
11
23.3387390000000003
21
-84.7622799999999899
0
LINE
8
BLACK
6
CONTINUOUS
10
23.3387390000000003
20
-84.7622799999999899
11
23.3300799999999988
21
-84.71875
0
LINE
8
BLACK
6
CONTINUOUS
10
23.3300799999999988
20
-84.71875
11
23.3300799999999988
21
-84.4912499999999937
0
LINE
8
BLACK
6
CONTINUOUS
10
23.3300799999999988
20
-84.4912499999999937
11
23.3387390000000003
21
-84.4477199999999897
0
LINE
8
BLACK
6
CONTINUOUS
10
23.3387390000000003
20
-84.4477199999999897
11
23.3633969999999991
21
-84.4108169999999944
0
LINE
8
BLACK
6
CONTINUOUS
10
23.3633969999999991
20
-84.4108169999999944
11
23.4002999999999979
21
-84.3861589999999921
0
LINE
8
BLACK
6
CONTINUOUS
10
23.4002999999999979
20
-84.3861589999999921
11
23.4438299999999984
21
-84.3774999999999977
0
LINE
8
BLACK
6
CONTINUOUS
10
23.4438299999999984
20
-84.3774999999999977
11
24.5463299999999975
21
-84.3774999999999977
0
LINE
8
BLACK
6
CONTINUOUS
10
24.5463299999999975
20
-84.3774999999999977
11
24.5898599999999981
21
-84.3861589999999921
0
LINE
8
BLACK
6
CONTINUOUS
10
24.5898599999999981
20
-83.1161589999999961
11
24.6267630000000004
21
-83.1408169999999984
0
LINE
8
BLACK
6
CONTINUOUS
10
24.6267630000000004
20
-83.1408169999999984
11
24.6514209999999991
21
-83.1777199999999937
0
LINE
8
BLACK
6
CONTINUOUS
10
24.6514209999999991
20
-83.1777199999999937
11
24.6600799999999971
21
-83.2212499999999977
0
LINE
8
BLACK
6
CONTINUOUS
10
24.6600799999999971
20
-83.2212499999999977
11
24.6600799999999971
21
-83.4487499999999898
0
LINE
8
BLACK
6
CONTINUOUS
10
24.6600799999999971
20
-83.4487499999999898
11
24.6514209999999991
21
-83.4922799999999938
0
LINE
8
BLACK
6
CONTINUOUS
10
24.6514209999999991
20
-83.4922799999999938
11
24.6267630000000004
21
-83.5291830000000033
0
LINE
8
BLACK
6
CONTINUOUS
10
24.6267630000000004
20
-83.5291830000000033
11
24.5898599999999981
21
-83.5538409999999914
0
LINE
8
BLACK
6
CONTINUOUS
10
24.5898599999999981
20
-83.5538409999999914
11
24.5463299999999975
21
-83.5625
0
LINE
8
BLACK
6
CONTINUOUS
10
24.5463299999999975
20
-83.5625
11
23.4438299999999984
21
-83.5625
0
LINE
8
BLACK
6
CONTINUOUS
10
23.4438299999999984
20
-83.5625
11
23.4002999999999979
21
-83.5538409999999914
0
LINE
8
BLACK
6
CONTINUOUS
10
23.4002999999999979
20
-83.5538409999999914
11
23.3633969999999991
21
-83.5291830000000033
0
LINE
8
BLACK
6
CONTINUOUS
10
23.3633969999999991
20
-83.5291830000000033
11
23.3387390000000003
21
-83.4922799999999938
0
LINE
8
BLACK
6
CONTINUOUS
10
23.3387390000000003
20
-83.4922799999999938
11
23.3300799999999988
21
-83.4487499999999898
0
LINE
8
BLACK
6
CONTINUOUS
10
23.3300799999999988
20
-83.4487499999999898
11
23.3300799999999988
21
-83.2212499999999977
0
LINE
8
BLACK
6
CONTINUOUS
10
23.3300799999999988
20
-83.2212499999999977
11
23.3387390000000003
21
-83.1777199999999937
0
LINE
8
BLACK
6
CONTINUOUS
10
23.3387390000000003
20
-83.1777199999999937
11
23.3633969999999991
21
-83.1408169999999984
0
LINE
8
BLACK
6
CONTINUOUS
10
23.3633969999999991
20
-83.1408169999999984
11
23.4002999999999979
21
-83.1161589999999961
0
LINE
8
BLACK
6
CONTINUOUS
10
23.4002999999999979
20
-83.1161589999999961
11
23.4438299999999984
21
-83.1075000000000017
0
LINE
8
BLACK
6
CONTINUOUS
10
23.4438299999999984
20
-83.1075000000000017
11
24.5463299999999975
21
-83.1075000000000017
0
LINE
8
BLACK
6
CONTINUOUS
10
24.5463299999999975
20
-83.1075000000000017
11
24.5898599999999981
21
-83.1161589999999961
0
LINE
8
BLACK
6
CONTINUOUS
10
41.9382200000000012
20
-81.8233209999999929
11
41.9949939999999984
21
-81.8612559999999974
0
LINE
8
BLACK
6
CONTINUOUS
10
41.9949939999999984
20
-81.8612559999999974
11
42.0329289999999958
21
-81.9180300000000017
0
LINE
8
BLACK
6
CONTINUOUS
10
42.0329289999999958
20
-81.9180300000000017
11
42.0462500000000006
21
-81.9849999999999994
0
LINE
8
BLACK
6
CONTINUOUS
10
42.0462500000000006
20
-81.9849999999999994
11
42.0462500000000006
21
-82.6149999999999949
0
LINE
8
BLACK
6
CONTINUOUS
10
42.0462500000000006
20
-82.6149999999999949
11
42.0329289999999958
21
-82.6819699999999926
0
LINE
8
BLACK
6
CONTINUOUS
10
42.0329289999999958
20
-82.6819699999999926
11
41.9949939999999984
21
-82.738743999999997
0
LINE
8
BLACK
6
CONTINUOUS
10
41.9949939999999984
20
-82.738743999999997
11
41.9382200000000012
21
-82.7766790000000015
0
LINE
8
BLACK
6
CONTINUOUS
10
41.9382200000000012
20
-82.7766790000000015
11
41.8712499999999963
21
-82.789999999999992
0
LINE
8
BLACK
6
CONTINUOUS
10
41.8712499999999963
20
-82.789999999999992
11
41.5037499999999966
21
-82.789999999999992
0
LINE
8
BLACK
6
CONTINUOUS
10
41.5037499999999966
20
-82.789999999999992
11
41.4367799999999988
21
-82.7766790000000015
0
LINE
8
BLACK
6
CONTINUOUS
10
41.4367799999999988
20
-82.7766790000000015
11
41.3800060000000016
21
-82.738743999999997
0
LINE
8
BLACK
6
CONTINUOUS
10
41.3800060000000016
20
-82.738743999999997
11
41.3420709999999971
21
-82.6819699999999926
0
LINE
8
BLACK
6
CONTINUOUS
10
41.3420709999999971
20
-82.6819699999999926
11
41.3287499999999994
21
-82.6149999999999949
0
LINE
8
BLACK
6
CONTINUOUS
10
41.3287499999999994
20
-82.6149999999999949
11
41.3287499999999994
21
-81.9849999999999994
0
LINE
8
BLACK
6
CONTINUOUS
10
41.3287499999999994
20
-81.9849999999999994
11
41.3420709999999971
21
-81.9180300000000017
0
LINE
8
BLACK
6
CONTINUOUS
10
41.3420709999999971
20
-81.9180300000000017
11
41.3800060000000016
21
-81.8612559999999974
0
LINE
8
BLACK
6
CONTINUOUS
10
41.3800060000000016
20
-81.8612559999999974
11
41.4367799999999988
21
-81.8233209999999929
0
LINE
8
BLACK
6
CONTINUOUS
10
41.4367799999999988
20
-81.8233209999999929
11
41.5037499999999966
21
-81.8100000000000023
0
LINE
8
BLACK
6
CONTINUOUS
10
41.5037499999999966
20
-81.8100000000000023
11
41.8712499999999963
21
-81.8100000000000023
0
LINE
8
BLACK
6
CONTINUOUS
10
41.8712499999999963
20
-81.8100000000000023
11
41.9382200000000012
21
-81.8233209999999929
0
LINE
8
BLACK
6
CONTINUOUS
10
43.7632199999999969
20
-81.8233209999999929
11
43.8199940000000012
21
-81.8612559999999974
0
LINE
8
BLACK
6
CONTINUOUS
10
43.8199940000000012
20
-81.8612559999999974
11
43.8579289999999986
21
-81.9180300000000017
0
LINE
8
BLACK
6
CONTINUOUS
10
43.8579289999999986
20
-81.9180300000000017
11
43.8712499999999963
21
-81.9849999999999994
0
LINE
8
BLACK
6
CONTINUOUS
10
43.8712499999999963
20
-81.9849999999999994
11
43.8712499999999963
21
-82.6149999999999949
0
LINE
8
BLACK
6
CONTINUOUS
10
43.8712499999999963
20
-82.6149999999999949
11
43.8579289999999986
21
-82.6819699999999926
0
LINE
8
BLACK
6
CONTINUOUS
10
43.8579289999999986
20
-82.6819699999999926
11
43.8199940000000012
21
-82.738743999999997
0
LINE
8
BLACK
6
CONTINUOUS
10
43.8199940000000012
20
-82.738743999999997
11
43.7632199999999969
21
-82.7766790000000015
0
LINE
8
BLACK
6
CONTINUOUS
10
43.7632199999999969
20
-82.7766790000000015
11
43.6962499999999991
21
-82.789999999999992
0
LINE
8
BLACK
6
CONTINUOUS
10
43.6962499999999991
20
-82.789999999999992
11
43.3287499999999994
21
-82.789999999999992
0
LINE
8
BLACK
6
CONTINUOUS
10
43.3287499999999994
20
-82.789999999999992
11
43.2617799999999946
21
-82.7766790000000015
0
LINE
8
BLACK
6
CONTINUOUS
10
43.2617799999999946
20
-82.7766790000000015
11
43.2050059999999974
21
-82.738743999999997
0
LINE
8
BLACK
6
CONTINUOUS
10
43.2050059999999974
20
-82.738743999999997
11
43.167071
21
-82.6819699999999926
0
LINE
8
BLACK
6
CONTINUOUS
10
43.167071
20
-82.6819699999999926
11
43.1537499999999952
21
-82.6149999999999949
0
LINE
8
BLACK
6
CONTINUOUS
10
43.1537499999999952
20
-82.6149999999999949
11
43.1537499999999952
21
-81.9849999999999994
0
LINE
8
BLACK
6
CONTINUOUS
10
43.1537499999999952
20
-81.9849999999999994
11
43.167071
21
-81.9180300000000017
0
LINE
8
BLACK
6
CONTINUOUS
10
43.167071
20
-81.9180300000000017
11
43.2050059999999974
21
-81.8612559999999974
0
LINE
8
BLACK
6
CONTINUOUS
10
43.2050059999999974
20
-81.8612559999999974
11
43.2617799999999946
21
-81.8233209999999929
0
LINE
8
BLACK
6
CONTINUOUS
10
43.2617799999999946
20
-81.8233209999999929
11
43.3287499999999994
21
-81.8100000000000023
0
LINE
8
BLACK
6
CONTINUOUS
10
43.3287499999999994
20
-81.8100000000000023
11
43.6962499999999991
21
-81.8100000000000023
0
LINE
8
BLACK
6
CONTINUOUS
10
43.6962499999999991
20
-81.8100000000000023
11
43.7632199999999969
21
-81.8233209999999929
0
LINE
8
BLACK
6
CONTINUOUS
10
24.5898599999999981
20
-81.8461590000000001
11
24.6267630000000004
21
-81.8708170000000024
0
LINE
8
BLACK
6
CONTINUOUS
10
24.6267630000000004
20
-81.8708170000000024
11
24.6514209999999991
21
-81.9077199999999976
0
LINE
8
BLACK
6
CONTINUOUS
10
24.6514209999999991
20
-81.9077199999999976
11
24.6600799999999971
21
-81.9512500000000017
0
LINE
8
BLACK
6
CONTINUOUS
10
24.6600799999999971
20
-81.9512500000000017
11
24.6600799999999971
21
-82.1787499999999937
0
LINE
8
BLACK
6
CONTINUOUS
10
24.6600799999999971
20
-82.1787499999999937
11
24.6514209999999991
21
-82.2222799999999978
0
LINE
8
BLACK
6
CONTINUOUS
10
24.6514209999999991
20
-82.2222799999999978
11
24.6267630000000004
21
-82.2591829999999931
0
LINE
8
BLACK
6
CONTINUOUS
10
24.6267630000000004
20
-82.2591829999999931
11
24.5898599999999981
21
-82.2838409999999953
0
LINE
8
BLACK
6
CONTINUOUS
10
24.5898599999999981
20
-82.2838409999999953
11
24.5463299999999975
21
-82.2924999999999898
0
LINE
8
BLACK
6
CONTINUOUS
10
24.5463299999999975
20
-82.2924999999999898
11
23.4438299999999984
21
-82.2924999999999898
0
LINE
8
BLACK
6
CONTINUOUS
10
23.4438299999999984
20
-82.2924999999999898
11
23.4002999999999979
21
-82.2838409999999953
0
LINE
8
BLACK
6
CONTINUOUS
10
23.4002999999999979
20
-82.2838409999999953
11
23.3633969999999991
21
-82.2591829999999931
0
LINE
8
BLACK
6
CONTINUOUS
10
23.3633969999999991
20
-82.2591829999999931
11
23.3387390000000003
21
-82.2222799999999978
0
LINE
8
BLACK
6
CONTINUOUS
10
23.3387390000000003
20
-82.2222799999999978
11
23.3300799999999988
21
-82.1787499999999937
0
LINE
8
BLACK
6
CONTINUOUS
10
23.3300799999999988
20
-82.1787499999999937
11
23.3300799999999988
21
-81.9512500000000017
0
LINE
8
BLACK
6
CONTINUOUS
10
23.3300799999999988
20
-81.9512500000000017
11
23.3387390000000003
21
-81.9077199999999976
0
LINE
8
BLACK
6
CONTINUOUS
10
23.3387390000000003
20
-81.9077199999999976
11
23.3633969999999991
21
-81.8708170000000024
0
LINE
8
BLACK
6
CONTINUOUS
10
23.3633969999999991
20
-81.8708170000000024
11
23.4002999999999979
21
-81.8461590000000001
0
LINE
8
BLACK
6
CONTINUOUS
10
23.4002999999999979
20
-81.8461590000000001
11
23.4438299999999984
21
-81.8374999999999915
0
LINE
8
BLACK
6
CONTINUOUS
10
23.4438299999999984
20
-81.8374999999999915
11
24.5463299999999975
21
-81.8374999999999915
0
LINE
8
BLACK
6
CONTINUOUS
10
24.5463299999999975
20
-81.8374999999999915
11
24.5898599999999981
21
-81.8461590000000001
0
LINE
8
BLACK
6
CONTINUOUS
10
104.9482199999999921
20
-80.1433210000000003
11
105.0049939999999964
21
-80.1812559999999905
0
LINE
8
BLACK
6
CONTINUOUS
10
105.0049939999999964
20
-80.1812559999999905
11
105.0429290000000009
21
-80.2380299999999949
0
LINE
8
BLACK
6
CONTINUOUS
10
105.0429290000000009
20
-80.2380299999999949
11
105.0562499999999915
21
-80.3049999999999926
0
LINE
8
BLACK
6
CONTINUOUS
10
105.0562499999999915
20
-80.3049999999999926
11
105.0562499999999915
21
-80.9350000000000023
0
LINE
8
BLACK
6
CONTINUOUS
10
105.0562499999999915
20
-80.9350000000000023
11
105.0429290000000009
21
-81.00197
0
LINE
8
BLACK
6
CONTINUOUS
10
105.0429290000000009
20
-81.00197
11
105.0049939999999964
21
-81.0587439999999901
0
LINE
8
BLACK
6
CONTINUOUS
10
105.0049939999999964
20
-81.0587439999999901
11
104.9482199999999921
21
-81.0966789999999946
0
LINE
8
BLACK
6
CONTINUOUS
10
104.9482199999999921
20
-81.0966789999999946
11
104.8812499999999943
21
-81.1099999999999994
0
LINE
8
BLACK
6
CONTINUOUS
10
104.8812499999999943
20
-81.1099999999999994
11
104.5137500000000017
21
-81.1099999999999994
0
LINE
8
BLACK
6
CONTINUOUS
10
104.5137500000000017
20
-81.1099999999999994
11
104.4467799999999897
21
-81.0966789999999946
0
LINE
8
BLACK
6
CONTINUOUS
10
104.4467799999999897
20
-81.0966789999999946
11
104.3900059999999996
21
-81.0587439999999901
0
LINE
8
BLACK
6
CONTINUOUS
10
104.3900059999999996
20
-81.0587439999999901
11
104.3520709999999951
21
-81.00197
0
LINE
8
BLACK
6
CONTINUOUS
10
104.3520709999999951
20
-81.00197
11
104.3387499999999903
21
-80.9350000000000023
0
LINE
8
BLACK
6
CONTINUOUS
10
104.3387499999999903
20
-80.9350000000000023
11
104.3387499999999903
21
-80.3049999999999926
0
LINE
8
BLACK
6
CONTINUOUS
10
104.3387499999999903
20
-80.3049999999999926
11
104.3520709999999951
21
-80.2380299999999949
0
LINE
8
BLACK
6
CONTINUOUS
10
104.3520709999999951
20
-80.2380299999999949
11
104.3900059999999996
21
-80.1812559999999905
0
LINE
8
BLACK
6
CONTINUOUS
10
104.3900059999999996
20
-80.1812559999999905
11
104.4467799999999897
21
-80.1433210000000003
0
LINE
8
BLACK
6
CONTINUOUS
10
104.4467799999999897
20
-80.1433210000000003
11
104.5137500000000017
21
-80.1299999999999955
0
LINE
8
BLACK
6
CONTINUOUS
10
104.5137500000000017
20
-80.1299999999999955
11
104.8812499999999943
21
-80.1299999999999955
0
LINE
8
BLACK
6
CONTINUOUS
10
104.8812499999999943
20
-80.1299999999999955
11
104.9482199999999921
21
-80.1433210000000003
0
LINE
8
BLACK
6
CONTINUOUS
10
106.7732199999999949
20
-80.1433210000000003
11
106.8299939999999992
21
-80.1812559999999905
0
LINE
8
BLACK
6
CONTINUOUS
10
106.8299939999999992
20
-80.1812559999999905
11
106.8679289999999895
21
-80.2380299999999949
0
LINE
8
BLACK
6
CONTINUOUS
10
106.8679289999999895
20
-80.2380299999999949
11
106.8812499999999943
21
-80.3049999999999926
0
LINE
8
BLACK
6
CONTINUOUS
10
106.8812499999999943
20
-80.3049999999999926
11
106.8812499999999943
21
-80.9350000000000023
0
LINE
8
BLACK
6
CONTINUOUS
10
106.8812499999999943
20
-80.9350000000000023
11
106.8679289999999895
21
-81.00197
0
LINE
8
BLACK
6
CONTINUOUS
10
106.8679289999999895
20
-81.00197
11
106.8299939999999992
21
-81.0587439999999901
0
LINE
8
BLACK
6
CONTINUOUS
10
106.8299939999999992
20
-81.0587439999999901
11
106.7732199999999949
21
-81.0966789999999946
0
LINE
8
BLACK
6
CONTINUOUS
10
106.7732199999999949
20
-81.0966789999999946
11
106.7062499999999972
21
-81.1099999999999994
0
LINE
8
BLACK
6
CONTINUOUS
10
106.7062499999999972
20
-81.1099999999999994
11
106.3387499999999903
21
-81.1099999999999994
0
LINE
8
BLACK
6
CONTINUOUS
10
106.3387499999999903
20
-81.1099999999999994
11
106.2717799999999926
21
-81.0966789999999946
0
LINE
8
BLACK
6
CONTINUOUS
10
106.2717799999999926
20
-81.0966789999999946
11
106.2150059999999883
21
-81.0587439999999901
0
LINE
8
BLACK
6
CONTINUOUS
10
106.2150059999999883
20
-81.0587439999999901
11
106.177070999999998
21
-81.00197
0
LINE
8
BLACK
6
CONTINUOUS
10
106.177070999999998
20
-81.00197
11
106.1637499999999932
21
-80.9350000000000023
0
LINE
8
BLACK
6
CONTINUOUS
10
106.1637499999999932
20
-80.9350000000000023
11
106.1637499999999932
21
-80.3049999999999926
0
LINE
8
BLACK
6
CONTINUOUS
10
106.1637499999999932
20
-80.3049999999999926
11
106.177070999999998
21
-80.2380299999999949
0
LINE
8
BLACK
6
CONTINUOUS
10
106.177070999999998
20
-80.2380299999999949
11
106.2150059999999883
21
-80.1812559999999905
0
LINE
8
BLACK
6
CONTINUOUS
10
106.2150059999999883
20
-80.1812559999999905
11
106.2717799999999926
21
-80.1433210000000003
0
LINE
8
BLACK
6
CONTINUOUS
10
106.2717799999999926
20
-80.1433210000000003
11
106.3387499999999903
21
-80.1299999999999955
0
LINE
8
BLACK
6
CONTINUOUS
10
106.3387499999999903
20
-80.1299999999999955
11
106.7062499999999972
21
-80.1299999999999955
0
LINE
8
BLACK
6
CONTINUOUS
10
106.7062499999999972
20
-80.1299999999999955
11
106.7732199999999949
21
-80.1433210000000003
0
LINE
8
BLACK
6
CONTINUOUS
10
96.3409699999999987
20
-80.0548209999999898
11
96.3977439999999888
21
-80.0927559999999943
0
LINE
8
BLACK
6
CONTINUOUS
10
96.3977439999999888
20
-80.0927559999999943
11
96.4356789999999933
21
-80.1495299999999986
0
LINE
8
BLACK
6
CONTINUOUS
10
96.4356789999999933
20
-80.1495299999999986
11
96.4489999999999981
21
-80.2164999999999964
0
LINE
8
BLACK
6
CONTINUOUS
10
96.4489999999999981
20
-80.2164999999999964
11
96.4489999999999981
21
-80.8815000000000026
0
LINE
8
BLACK
6
CONTINUOUS
10
96.4489999999999981
20
-80.8815000000000026
11
96.4356789999999933
21
-80.9484700000000004
0
LINE
8
BLACK
6
CONTINUOUS
10
96.4356789999999933
20
-80.9484700000000004
11
96.3977439999999888
21
-81.0052439999999905
0
LINE
8
BLACK
6
CONTINUOUS
10
96.3977439999999888
20
-81.0052439999999905
11
96.3409699999999987
21
-81.043178999999995
0
LINE
8
BLACK
6
CONTINUOUS
10
96.3409699999999987
20
-81.043178999999995
11
96.2740000000000009
21
-81.0564999999999998
0
LINE
8
BLACK
6
CONTINUOUS
10
96.2740000000000009
20
-81.0564999999999998
11
95.9239999999999924
21
-81.0564999999999998
0
LINE
8
BLACK
6
CONTINUOUS
10
95.9239999999999924
20
-81.0564999999999998
11
95.8570299999999946
21
-81.043178999999995
0
LINE
8
BLACK
6
CONTINUOUS
10
95.8570299999999946
20
-81.043178999999995
11
95.8002559999999903
21
-81.0052439999999905
0
LINE
8
BLACK
6
CONTINUOUS
10
95.8002559999999903
20
-81.0052439999999905
11
95.762321
21
-80.9484700000000004
0
LINE
8
BLACK
6
CONTINUOUS
10
95.762321
20
-80.9484700000000004
11
95.7489999999999952
21
-80.8815000000000026
0
LINE
8
BLACK
6
CONTINUOUS
10
95.7489999999999952
20
-80.8815000000000026
11
95.7489999999999952
21
-80.2164999999999964
0
LINE
8
BLACK
6
CONTINUOUS
10
95.7489999999999952
20
-80.2164999999999964
11
95.762321
21
-80.1495299999999986
0
LINE
8
BLACK
6
CONTINUOUS
10
95.762321
20
-80.1495299999999986
11
95.8002559999999903
21
-80.0927559999999943
0
LINE
8
BLACK
6
CONTINUOUS
10
95.8002559999999903
20
-80.0927559999999943
11
95.8570299999999946
21
-80.0548209999999898
0
LINE
8
BLACK
6
CONTINUOUS
10
95.8570299999999946
20
-80.0548209999999898
11
95.9239999999999924
21
-80.0414999999999992
0
LINE
8
BLACK
6
CONTINUOUS
10
95.9239999999999924
20
-80.0414999999999992
11
96.2740000000000009
21
-80.0414999999999992
0
LINE
8
BLACK
6
CONTINUOUS
10
96.2740000000000009
20
-80.0414999999999992
11
96.3409699999999987
21
-80.0548209999999898
0
LINE
8
BLACK
6
CONTINUOUS
10
98.2409699999999901
20
-80.0548209999999898
11
98.2977439999999945
21
-80.0927559999999943
0
LINE
8
BLACK
6
CONTINUOUS
10
98.2977439999999945
20
-80.0927559999999943
11
98.335678999999999
21
-80.1495299999999986
0
LINE
8
BLACK
6
CONTINUOUS
10
98.335678999999999
20
-80.1495299999999986
11
98.3489999999999895
21
-80.2164999999999964
0
LINE
8
BLACK
6
CONTINUOUS
10
98.3489999999999895
20
-80.2164999999999964
11
98.3489999999999895
21
-80.8815000000000026
0
LINE
8
BLACK
6
CONTINUOUS
10
98.3489999999999895
20
-80.8815000000000026
11
98.335678999999999
21
-80.9484700000000004
0
LINE
8
BLACK
6
CONTINUOUS
10
98.335678999999999
20
-80.9484700000000004
11
98.2977439999999945
21
-81.0052439999999905
0
LINE
8
BLACK
6
CONTINUOUS
10
98.2977439999999945
20
-81.0052439999999905
11
98.2409699999999901
21
-81.043178999999995
0
LINE
8
BLACK
6
CONTINUOUS
10
98.2409699999999901
20
-81.043178999999995
11
98.1739999999999924
21
-81.0564999999999998
0
LINE
8
BLACK
6
CONTINUOUS
10
98.1739999999999924
20
-81.0564999999999998
11
97.8239999999999981
21
-81.0564999999999998
0
LINE
8
BLACK
6
CONTINUOUS
10
97.8239999999999981
20
-81.0564999999999998
11
97.7570300000000003
21
-81.043178999999995
0
LINE
8
BLACK
6
CONTINUOUS
10
97.7570300000000003
20
-81.043178999999995
11
97.700255999999996
21
-81.0052439999999905
0
LINE
8
BLACK
6
CONTINUOUS
10
97.700255999999996
20
-81.0052439999999905
11
97.6623209999999915
21
-80.9484700000000004
0
LINE
8
BLACK
6
CONTINUOUS
10
97.6623209999999915
20
-80.9484700000000004
11
97.6490000000000009
21
-80.8815000000000026
0
LINE
8
BLACK
6
CONTINUOUS
10
97.6490000000000009
20
-80.8815000000000026
11
97.6490000000000009
21
-80.2164999999999964
0
LINE
8
BLACK
6
CONTINUOUS
10
97.6490000000000009
20
-80.2164999999999964
11
97.6623209999999915
21
-80.1495299999999986
0
LINE
8
BLACK
6
CONTINUOUS
10
97.6623209999999915
20
-80.1495299999999986
11
97.700255999999996
21
-80.0927559999999943
0
LINE
8
BLACK
6
CONTINUOUS
10
97.700255999999996
20
-80.0927559999999943
11
97.7570300000000003
21
-80.0548209999999898
0
LINE
8
BLACK
6
CONTINUOUS
10
97.7570300000000003
20
-80.0548209999999898
11
97.8239999999999981
21
-80.0414999999999992
0
LINE
8
BLACK
6
CONTINUOUS
10
97.8239999999999981
20
-80.0414999999999992
11
98.1739999999999924
21
-80.0414999999999992
0
LINE
8
BLACK
6
CONTINUOUS
10
98.1739999999999924
20
-80.0414999999999992
11
98.2409699999999901
21
-80.0548209999999898
0
LINE
8
BLACK
6
CONTINUOUS
10
92.8312200000000018
20
-80.0723210000000023
11
92.887993999999992
21
-80.1102559999999926
0
LINE
8
BLACK
6
CONTINUOUS
10
92.887993999999992
20
-80.1102559999999926
11
92.9259289999999964
21
-80.1670299999999969
0
LINE
8
BLACK
6
CONTINUOUS
10
92.9259289999999964
20
-80.1670299999999969
11
92.9392500000000013
21
-80.2339999999999947
0
LINE
8
BLACK
6
CONTINUOUS
10
92.9392500000000013
20
-80.2339999999999947
11
92.9392500000000013
21
-80.8639999999999901
0
LINE
8
BLACK
6
CONTINUOUS
10
92.9392500000000013
20
-80.8639999999999901
11
92.9259289999999964
21
-80.9309700000000021
0
LINE
8
BLACK
6
CONTINUOUS
10
92.9259289999999964
20
-80.9309700000000021
11
92.887993999999992
21
-80.9877439999999922
0
LINE
8
BLACK
6
CONTINUOUS
10
92.887993999999992
20
-80.9877439999999922
11
92.8312200000000018
21
-81.0256789999999967
0
LINE
8
BLACK
6
CONTINUOUS
10
92.8312200000000018
20
-81.0256789999999967
11
92.7642499999999899
21
-81.0390000000000015
0
LINE
8
BLACK
6
CONTINUOUS
10
92.7642499999999899
20
-81.0390000000000015
11
92.3967499999999973
21
-81.0390000000000015
0
LINE
8
BLACK
6
CONTINUOUS
10
92.3967499999999973
20
-81.0390000000000015
11
92.3297799999999995
21
-81.0256789999999967
0
LINE
8
BLACK
6
CONTINUOUS
10
92.3297799999999995
20
-81.0256789999999967
11
92.2730059999999952
21
-80.9877439999999922
0
LINE
8
BLACK
6
CONTINUOUS
10
92.2730059999999952
20
-80.9877439999999922
11
92.2350709999999907
21
-80.9309700000000021
0
LINE
8
BLACK
6
CONTINUOUS
10
92.2350709999999907
20
-80.9309700000000021
11
92.2217500000000001
21
-80.8639999999999901
0
LINE
8
BLACK
6
CONTINUOUS
10
92.2217500000000001
20
-80.8639999999999901
11
92.2217500000000001
21
-80.2339999999999947
0
LINE
8
BLACK
6
CONTINUOUS
10
92.2217500000000001
20
-80.2339999999999947
11
92.2350709999999907
21
-80.1670299999999969
0
LINE
8
BLACK
6
CONTINUOUS
10
92.2350709999999907
20
-80.1670299999999969
11
92.2730059999999952
21
-80.1102559999999926
0
LINE
8
BLACK
6
CONTINUOUS
10
92.2730059999999952
20
-80.1102559999999926
11
92.3297799999999995
21
-80.0723210000000023
0
LINE
8
BLACK
6
CONTINUOUS
10
92.3297799999999995
20
-80.0723210000000023
11
92.3967499999999973
21
-80.0589999999999975
0
LINE
8
BLACK
6
CONTINUOUS
10
92.3967499999999973
20
-80.0589999999999975
11
92.7642499999999899
21
-80.0589999999999975
0
LINE
8
BLACK
6
CONTINUOUS
10
92.7642499999999899
20
-80.0589999999999975
11
92.8312200000000018
21
-80.0723210000000023
0
LINE
8
BLACK
6
CONTINUOUS
10
94.6562199999999905
20
-80.0723210000000023
11
94.7129939999999948
21
-80.1102559999999926
0
LINE
8
BLACK
6
CONTINUOUS
10
94.7129939999999948
20
-80.1102559999999926
11
94.7509289999999993
21
-80.1670299999999969
0
LINE
8
BLACK
6
CONTINUOUS
10
94.7509289999999993
20
-80.1670299999999969
11
94.7642499999999899
21
-80.2339999999999947
0
LINE
8
BLACK
6
CONTINUOUS
10
94.7642499999999899
20
-80.2339999999999947
11
94.7642499999999899
21
-80.8639999999999901
0
LINE
8
BLACK
6
CONTINUOUS
10
94.7642499999999899
20
-80.8639999999999901
11
94.7509289999999993
21
-80.9309700000000021
0
LINE
8
BLACK
6
CONTINUOUS
10
94.7509289999999993
20
-80.9309700000000021
11
94.7129939999999948
21
-80.9877439999999922
0
LINE
8
BLACK
6
CONTINUOUS
10
94.7129939999999948
20
-80.9877439999999922
11
94.6562199999999905
21
-81.0256789999999967
0
LINE
8
BLACK
6
CONTINUOUS
10
94.6562199999999905
20
-81.0256789999999967
11
94.5892499999999927
21
-81.0390000000000015
0
LINE
8
BLACK
6
CONTINUOUS
10
94.5892499999999927
20
-81.0390000000000015
11
94.2217500000000001
21
-81.0390000000000015
0
LINE
8
BLACK
6
CONTINUOUS
10
94.2217500000000001
20
-81.0390000000000015
11
94.1547800000000024
21
-81.0256789999999967
0
LINE
8
BLACK
6
CONTINUOUS
10
94.1547800000000024
20
-81.0256789999999967
11
94.098005999999998
21
-80.9877439999999922
0
LINE
8
BLACK
6
CONTINUOUS
10
94.098005999999998
20
-80.9877439999999922
11
94.0600709999999935
21
-80.9309700000000021
0
LINE
8
BLACK
6
CONTINUOUS
10
94.0600709999999935
20
-80.9309700000000021
11
94.0467499999999887
21
-80.8639999999999901
0
LINE
8
BLACK
6
CONTINUOUS
10
94.0467499999999887
20
-80.8639999999999901
11
94.0467499999999887
21
-80.2339999999999947
0
LINE
8
BLACK
6
CONTINUOUS
10
94.0467499999999887
20
-80.2339999999999947
11
94.0600709999999935
21
-80.1670299999999969
0
LINE
8
BLACK
6
CONTINUOUS
10
94.0600709999999935
20
-80.1670299999999969
11
94.098005999999998
21
-80.1102559999999926
0
LINE
8
BLACK
6
CONTINUOUS
10
94.098005999999998
20
-80.1102559999999926
11
94.1547800000000024
21
-80.0723210000000023
0
LINE
8
BLACK
6
CONTINUOUS
10
94.1547800000000024
20
-80.0723210000000023
11
94.2217500000000001
21
-80.0589999999999975
0
LINE
8
BLACK
6
CONTINUOUS
10
94.2217500000000001
20
-80.0589999999999975
11
94.5892499999999927
21
-80.0589999999999975
0
LINE
8
BLACK
6
CONTINUOUS
10
94.5892499999999927
20
-80.0589999999999975
11
94.6562199999999905
21
-80.0723210000000023
0
LINE
8
BLACK
6
CONTINUOUS
10
24.5898599999999981
20
-80.5761589999999899
11
24.6267630000000004
21
-80.6008169999999922
0
LINE
8
BLACK
6
CONTINUOUS
10
24.6267630000000004
20
-80.6008169999999922
11
24.6514209999999991
21
-80.6377200000000016
0
LINE
8
BLACK
6
CONTINUOUS
10
24.6514209999999991
20
-80.6377200000000016
11
24.6600799999999971
21
-80.6812499999999915
0
LINE
8
BLACK
6
CONTINUOUS
10
24.6600799999999971
20
-80.6812499999999915
11
24.6600799999999971
21
-80.9087499999999977
0
LINE
8
BLACK
6
CONTINUOUS
10
24.6600799999999971
20
-80.9087499999999977
11
24.6514209999999991
21
-80.9522800000000018
0
LINE
8
BLACK
6
CONTINUOUS
10
24.6514209999999991
20
-80.9522800000000018
11
24.6267630000000004
21
-80.989182999999997
0
LINE
8
BLACK
6
CONTINUOUS
10
24.6267630000000004
20
-80.989182999999997
11
24.5898599999999981
21
-81.0138409999999993
0
LINE
8
BLACK
6
CONTINUOUS
10
24.5898599999999981
20
-81.0138409999999993
11
24.5463299999999975
21
-81.0224999999999937
0
LINE
8
BLACK
6
CONTINUOUS
10
24.5463299999999975
20
-81.0224999999999937
11
23.4438299999999984
21
-81.0224999999999937
0
LINE
8
BLACK
6
CONTINUOUS
10
23.4438299999999984
20
-81.0224999999999937
11
23.4002999999999979
21
-81.0138409999999993
0
LINE
8
BLACK
6
CONTINUOUS
10
23.4002999999999979
20
-81.0138409999999993
11
23.3633969999999991
21
-80.989182999999997
0
LINE
8
BLACK
6
CONTINUOUS
10
23.3633969999999991
20
-80.989182999999997
11
23.3387390000000003
21
-80.9522800000000018
0
LINE
8
BLACK
6
CONTINUOUS
10
23.3387390000000003
20
-80.9522800000000018
11
23.3300799999999988
21
-80.9087499999999977
0
LINE
8
BLACK
6
CONTINUOUS
10
23.3300799999999988
20
-80.9087499999999977
11
23.3300799999999988
21
-80.6812499999999915
0
LINE
8
BLACK
6
CONTINUOUS
10
23.3300799999999988
20
-80.6812499999999915
11
23.3387390000000003
21
-80.6377200000000016
0
LINE
8
BLACK
6
CONTINUOUS
10
23.3387390000000003
20
-80.6377200000000016
11
23.3633969999999991
21
-80.6008169999999922
0
LINE
8
BLACK
6
CONTINUOUS
10
23.3633969999999991
20
-80.6008169999999922
11
23.4002999999999979
21
-80.5761589999999899
0
LINE
8
BLACK
6
CONTINUOUS
10
23.4002999999999979
20
-80.5761589999999899
11
23.4438299999999984
21
-80.5674999999999955
0
LINE
8
BLACK
6
CONTINUOUS
10
23.4438299999999984
20
-80.5674999999999955
11
24.5463299999999975
21
-80.5674999999999955
0
LINE
8
BLACK
6
CONTINUOUS
10
24.5463299999999975
20
-80.5674999999999955
11
24.5898599999999981
21
-80.5761589999999899
0
LINE
8
BLACK
6
CONTINUOUS
10
24.5898599999999981
20
-79.3061589999999939
11
24.6267630000000004
21
-79.3308169999999961
0
LINE
8
BLACK
6
CONTINUOUS
10
24.6267630000000004
20
-79.3308169999999961
11
24.6514209999999991
21
-79.3677199999999914
0
LINE
8
BLACK
6
CONTINUOUS
10
24.6514209999999991
20
-79.3677199999999914
11
24.6600799999999971
21
-79.4112499999999955
0
LINE
8
BLACK
6
CONTINUOUS
10
24.6600799999999971
20
-79.4112499999999955
11
24.6600799999999971
21
-79.6387500000000017
0
LINE
8
BLACK
6
CONTINUOUS
10
24.6600799999999971
20
-79.6387500000000017
11
24.6514209999999991
21
-79.6822799999999916
0
LINE
8
BLACK
6
CONTINUOUS
10
24.6514209999999991
20
-79.6822799999999916
11
24.6267630000000004
21
-79.719183000000001
0
LINE
8
BLACK
6
CONTINUOUS
10
24.6267630000000004
20
-79.719183000000001
11
24.5898599999999981
21
-79.7438410000000033
0
LINE
8
BLACK
6
CONTINUOUS
10
24.5898599999999981
20
-79.7438410000000033
11
24.5463299999999975
21
-79.7524999999999977
0
LINE
8
BLACK
6
CONTINUOUS
10
24.5463299999999975
20
-79.7524999999999977
11
23.4438299999999984
21
-79.7524999999999977
0
LINE
8
BLACK
6
CONTINUOUS
10
23.4438299999999984
20
-79.7524999999999977
11
23.4002999999999979
21
-79.7438410000000033
0
LINE
8
BLACK
6
CONTINUOUS
10
23.4002999999999979
20
-79.7438410000000033
11
23.3633969999999991
21
-79.719183000000001
0
LINE
8
BLACK
6
CONTINUOUS
10
23.3633969999999991
20
-79.719183000000001
11
23.3387390000000003
21
-79.6822799999999916
0
LINE
8
BLACK
6
CONTINUOUS
10
23.3387390000000003
20
-79.6822799999999916
11
23.3300799999999988
21
-79.6387500000000017
0
LINE
8
BLACK
6
CONTINUOUS
10
23.3300799999999988
20
-79.6387500000000017
11
23.3300799999999988
21
-79.4112499999999955
0
LINE
8
BLACK
6
CONTINUOUS
10
23.3300799999999988
20
-79.4112499999999955
11
23.3387390000000003
21
-79.3677199999999914
0
LINE
8
BLACK
6
CONTINUOUS
10
23.3387390000000003
20
-79.3677199999999914
11
23.3633969999999991
21
-79.3308169999999961
0
LINE
8
BLACK
6
CONTINUOUS
10
23.3633969999999991
20
-79.3308169999999961
11
23.4002999999999979
21
-79.3061589999999939
0
LINE
8
BLACK
6
CONTINUOUS
10
23.4002999999999979
20
-79.3061589999999939
11
23.4438299999999984
21
-79.2974999999999994
0
LINE
8
BLACK
6
CONTINUOUS
10
23.4438299999999984
20
-79.2974999999999994
11
24.5463299999999975
21
-79.2974999999999994
0
LINE
8
BLACK
6
CONTINUOUS
10
24.5463299999999975
20
-79.2974999999999994
11
24.5898599999999981
21
-79.3061589999999939
0
LINE
8
BLACK
6
CONTINUOUS
10
24.5898599999999981
20
-78.0361589999999978
11
24.6267630000000004
21
-78.0608170000000001
0
LINE
8
BLACK
6
CONTINUOUS
10
24.6267630000000004
20
-78.0608170000000001
11
24.6514209999999991
21
-78.0977199999999954
0
LINE
8
BLACK
6
CONTINUOUS
10
24.6514209999999991
20
-78.0977199999999954
11
24.6600799999999971
21
-78.1412499999999994
0
LINE
8
BLACK
6
CONTINUOUS
10
24.6600799999999971
20
-78.1412499999999994
11
24.6600799999999971
21
-78.3687499999999915
0
LINE
8
BLACK
6
CONTINUOUS
10
24.6600799999999971
20
-78.3687499999999915
11
24.6514209999999991
21
-78.4122799999999955
0
LINE
8
BLACK
6
CONTINUOUS
10
24.6514209999999991
20
-78.4122799999999955
11
24.6267630000000004
21
-78.4491829999999908
0
LINE
8
BLACK
6
CONTINUOUS
10
24.6267630000000004
20
-78.4491829999999908
11
24.5898599999999981
21
-78.4738409999999931
0
LINE
8
BLACK
6
CONTINUOUS
10
24.5898599999999981
20
-78.4738409999999931
11
24.5463299999999975
21
-78.4825000000000017
0
LINE
8
BLACK
6
CONTINUOUS
10
24.5463299999999975
20
-78.4825000000000017
11
23.4438299999999984
21
-78.4825000000000017
0
LINE
8
BLACK
6
CONTINUOUS
10
23.4438299999999984
20
-78.4825000000000017
11
23.4002999999999979
21
-78.4738409999999931
0
LINE
8
BLACK
6
CONTINUOUS
10
23.4002999999999979
20
-78.4738409999999931
11
23.3633969999999991
21
-78.4491829999999908
0
LINE
8
BLACK
6
CONTINUOUS
10
23.3633969999999991
20
-78.4491829999999908
11
23.3387390000000003
21
-78.4122799999999955
0
LINE
8
BLACK
6
CONTINUOUS
10
23.3387390000000003
20
-78.4122799999999955
11
23.3300799999999988
21
-78.3687499999999915
0
LINE
8
BLACK
6
CONTINUOUS
10
23.3300799999999988
20
-78.3687499999999915
11
23.3300799999999988
21
-78.1412499999999994
0
LINE
8
BLACK
6
CONTINUOUS
10
23.3300799999999988
20
-78.1412499999999994
11
23.3387390000000003
21
-78.0977199999999954
0
LINE
8
BLACK
6
CONTINUOUS
10
23.3387390000000003
20
-78.0977199999999954
11
23.3633969999999991
21
-78.0608170000000001
0
LINE
8
BLACK
6
CONTINUOUS
10
23.3633969999999991
20
-78.0608170000000001
11
23.4002999999999979
21
-78.0361589999999978
0
LINE
8
BLACK
6
CONTINUOUS
10
23.4002999999999979
20
-78.0361589999999978
11
23.4438299999999984
21
-78.0275000000000034
0
LINE
8
BLACK
6
CONTINUOUS
10
23.4438299999999984
20
-78.0275000000000034
11
24.5463299999999975
21
-78.0275000000000034
0
LINE
8
BLACK
6
CONTINUOUS
10
24.5463299999999975
20
-78.0275000000000034
11
24.5898599999999981
21
-78.0361589999999978
0
LINE
8
BLACK
6
CONTINUOUS
10
24.5898599999999981
20
-76.7661590000000018
11
24.6267630000000004
21
-76.7908169999999899
0
LINE
8
BLACK
6
CONTINUOUS
10
24.6267630000000004
20
-76.7908169999999899
11
24.6514209999999991
21
-76.8277199999999993
0
LINE
8
BLACK
6
CONTINUOUS
10
24.6514209999999991
20
-76.8277199999999993
11
24.6600799999999971
21
-76.8712500000000034
0
LINE
8
BLACK
6
CONTINUOUS
10
24.6600799999999971
20
-76.8712500000000034
11
24.6600799999999971
21
-77.0987499999999955
0
LINE
8
BLACK
6
CONTINUOUS
10
24.6600799999999971
20
-77.0987499999999955
11
24.6514209999999991
21
-77.1422799999999995
0
LINE
8
BLACK
6
CONTINUOUS
10
24.6514209999999991
20
-77.1422799999999995
11
24.6267630000000004
21
-77.1791829999999948
0
LINE
8
BLACK
6
CONTINUOUS
10
24.6267630000000004
20
-77.1791829999999948
11
24.5898599999999981
21
-77.2038409999999971
0
LINE
8
BLACK
6
CONTINUOUS
10
24.5898599999999981
20
-77.2038409999999971
11
24.5463299999999975
21
-77.2124999999999915
0
LINE
8
BLACK
6
CONTINUOUS
10
24.5463299999999975
20
-77.2124999999999915
11
23.4438299999999984
21
-77.2124999999999915
0
LINE
8
BLACK
6
CONTINUOUS
10
23.4438299999999984
20
-77.2124999999999915
11
23.4002999999999979
21
-77.2038409999999971
0
LINE
8
BLACK
6
CONTINUOUS
10
23.4002999999999979
20
-77.2038409999999971
11
23.3633969999999991
21
-77.1791829999999948
0
LINE
8
BLACK
6
CONTINUOUS
10
23.3633969999999991
20
-77.1791829999999948
11
23.3387390000000003
21
-77.1422799999999995
0
LINE
8
BLACK
6
CONTINUOUS
10
23.3387390000000003
20
-77.1422799999999995
11
23.3300799999999988
21
-77.0987499999999955
0
LINE
8
BLACK
6
CONTINUOUS
10
23.3300799999999988
20
-77.0987499999999955
11
23.3300799999999988
21
-76.8712500000000034
0
LINE
8
BLACK
6
CONTINUOUS
10
23.3300799999999988
20
-76.8712500000000034
11
23.3387390000000003
21
-76.8277199999999993
0
LINE
8
BLACK
6
CONTINUOUS
10
23.3387390000000003
20
-76.8277199999999993
11
23.3633969999999991
21
-76.7908169999999899
0
LINE
8
BLACK
6
CONTINUOUS
10
23.3633969999999991
20
-76.7908169999999899
11
23.4002999999999979
21
-76.7661590000000018
0
LINE
8
BLACK
6
CONTINUOUS
10
23.4002999999999979
20
-76.7661590000000018
11
23.4438299999999984
21
-76.7574999999999932
0
LINE
8
BLACK
6
CONTINUOUS
10
23.4438299999999984
20
-76.7574999999999932
11
24.5463299999999975
21
-76.7574999999999932
0
LINE
8
BLACK
6
CONTINUOUS
10
24.5463299999999975
20
-76.7574999999999932
11
24.5898599999999981
21
-76.7661590000000018
0
LINE
8
BLACK
6
CONTINUOUS
10
24.5898599999999981
20
-75.4961589999999916
11
24.6267630000000004
21
-75.5208169999999939
0
LINE
8
BLACK
6
CONTINUOUS
10
24.6267630000000004
20
-75.5208169999999939
11
24.6514209999999991
21
-75.5577200000000033
0
LINE
8
BLACK
6
CONTINUOUS
10
24.6514209999999991
20
-75.5577200000000033
11
24.6600799999999971
21
-75.6012499999999932
0
LINE
8
BLACK
6
CONTINUOUS
10
24.6600799999999971
20
-75.6012499999999932
11
24.6600799999999971
21
-75.8287499999999994
0
LINE
8
BLACK
6
CONTINUOUS
10
24.6600799999999971
20
-75.8287499999999994
11
24.6514209999999991
21
-75.8722800000000035
0
LINE
8
BLACK
6
CONTINUOUS
10
24.6514209999999991
20
-75.8722800000000035
11
24.6267630000000004
21
-75.9091829999999987
0
LINE
8
BLACK
6
CONTINUOUS
10
24.6267630000000004
20
-75.9091829999999987
11
24.5898599999999981
21
-75.933841000000001
0
LINE
8
BLACK
6
CONTINUOUS
10
24.5898599999999981
20
-75.933841000000001
11
24.5463299999999975
21
-75.9424999999999955
0
LINE
8
BLACK
6
CONTINUOUS
10
24.5463299999999975
20
-75.9424999999999955
11
23.4438299999999984
21
-75.9424999999999955
0
LINE
8
BLACK
6
CONTINUOUS
10
23.4438299999999984
20
-75.9424999999999955
11
23.4002999999999979
21
-75.933841000000001
0
LINE
8
BLACK
6
CONTINUOUS
10
23.4002999999999979
20
-75.933841000000001
11
23.3633969999999991
21
-75.9091829999999987
0
LINE
8
BLACK
6
CONTINUOUS
10
23.3633969999999991
20
-75.9091829999999987
11
23.3387390000000003
21
-75.8722800000000035
0
LINE
8
BLACK
6
CONTINUOUS
10
23.3387390000000003
20
-75.8722800000000035
11
23.3300799999999988
21
-75.8287499999999994
0
LINE
8
BLACK
6
CONTINUOUS
10
23.3300799999999988
20
-75.8287499999999994
11
23.3300799999999988
21
-75.6012499999999932
0
LINE
8
BLACK
6
CONTINUOUS
10
23.3300799999999988
20
-75.6012499999999932
11
23.3387390000000003
21
-75.5577200000000033
0
LINE
8
BLACK
6
CONTINUOUS
10
23.3387390000000003
20
-75.5577200000000033
11
23.3633969999999991
21
-75.5208169999999939
0
LINE
8
BLACK
6
CONTINUOUS
10
23.3633969999999991
20
-75.5208169999999939
11
23.4002999999999979
21
-75.4961589999999916
0
LINE
8
BLACK
6
CONTINUOUS
10
23.4002999999999979
20
-75.4961589999999916
11
23.4438299999999984
21
-75.4874999999999972
0
LINE
8
BLACK
6
CONTINUOUS
10
23.4438299999999984
20
-75.4874999999999972
11
24.5463299999999975
21
-75.4874999999999972
0
LINE
8
BLACK
6
CONTINUOUS
10
24.5463299999999975
20
-75.4874999999999972
11
24.5898599999999981
21
-75.4961589999999916
0
LINE
8
BLACK
6
CONTINUOUS
10
24.5898599999999981
20
-74.2261589999999956
11
24.6267630000000004
21
-74.2508169999999978
0
LINE
8
BLACK
6
CONTINUOUS
10
24.6267630000000004
20
-74.2508169999999978
11
24.6514209999999991
21
-74.2877199999999931
0
LINE
8
BLACK
6
CONTINUOUS
10
24.6514209999999991
20
-74.2877199999999931
11
24.6600799999999971
21
-74.3312499999999972
0
LINE
8
BLACK
6
CONTINUOUS
10
24.6600799999999971
20
-74.3312499999999972
11
24.6600799999999971
21
-74.5587500000000034
0
LINE
8
BLACK
6
CONTINUOUS
10
24.6600799999999971
20
-74.5587500000000034
11
24.6514209999999991
21
-74.6022799999999933
0
LINE
8
BLACK
6
CONTINUOUS
10
24.6514209999999991
20
-74.6022799999999933
11
24.6267630000000004
21
-74.6391830000000027
0
LINE
8
BLACK
6
CONTINUOUS
10
24.6267630000000004
20
-74.6391830000000027
11
24.5898599999999981
21
-74.6638409999999908
0
LINE
8
BLACK
6
CONTINUOUS
10
24.5898599999999981
20
-74.6638409999999908
11
24.5463299999999975
21
-74.6724999999999994
0
LINE
8
BLACK
6
CONTINUOUS
10
24.5463299999999975
20
-74.6724999999999994
11
23.4438299999999984
21
-74.6724999999999994
0
LINE
8
BLACK
6
CONTINUOUS
10
23.4438299999999984
20
-74.6724999999999994
11
23.4002999999999979
21
-74.6638409999999908
0
LINE
8
BLACK
6
CONTINUOUS
10
23.4002999999999979
20
-74.6638409999999908
11
23.3633969999999991
21
-74.6391830000000027
0
LINE
8
BLACK
6
CONTINUOUS
10
23.3633969999999991
20
-74.6391830000000027
11
23.3387390000000003
21
-74.6022799999999933
0
LINE
8
BLACK
6
CONTINUOUS
10
23.3387390000000003
20
-74.6022799999999933
11
23.3300799999999988
21
-74.5587500000000034
0
LINE
8
BLACK
6
CONTINUOUS
10
23.3300799999999988
20
-74.5587500000000034
11
23.3300799999999988
21
-74.3312499999999972
0
LINE
8
BLACK
6
CONTINUOUS
10
23.3300799999999988
20
-74.3312499999999972
11
23.3387390000000003
21
-74.2877199999999931
0
LINE
8
BLACK
6
CONTINUOUS
10
23.3387390000000003
20
-74.2877199999999931
11
23.3633969999999991
21
-74.2508169999999978
0
LINE
8
BLACK
6
CONTINUOUS
10
23.3633969999999991
20
-74.2508169999999978
11
23.4002999999999979
21
-74.2261589999999956
0
LINE
8
BLACK
6
CONTINUOUS
10
23.4002999999999979
20
-74.2261589999999956
11
23.4438299999999984
21
-74.2175000000000011
0
LINE
8
BLACK
6
CONTINUOUS
10
23.4438299999999984
20
-74.2175000000000011
11
24.5463299999999975
21
-74.2175000000000011
0
LINE
8
BLACK
6
CONTINUOUS
10
24.5463299999999975
20
-74.2175000000000011
11
24.5898599999999981
21
-74.2261589999999956
0
LINE
8
BLACK
6
CONTINUOUS
10
24.5898599999999981
20
-72.9561589999999995
11
24.6267630000000004
21
-72.9808170000000018
0
LINE
8
BLACK
6
CONTINUOUS
10
24.6267630000000004
20
-72.9808170000000018
11
24.6514209999999991
21
-73.0177199999999971
0
LINE
8
BLACK
6
CONTINUOUS
10
24.6514209999999991
20
-73.0177199999999971
11
24.6600799999999971
21
-73.0612500000000011
0
LINE
8
BLACK
6
CONTINUOUS
10
24.6600799999999971
20
-73.0612500000000011
11
24.6600799999999971
21
-73.2887499999999932
0
LINE
8
BLACK
6
CONTINUOUS
10
24.6600799999999971
20
-73.2887499999999932
11
24.6514209999999991
21
-73.3322799999999972
0
LINE
8
BLACK
6
CONTINUOUS
10
24.6514209999999991
20
-73.3322799999999972
11
24.6267630000000004
21
-73.3691829999999925
0
LINE
8
BLACK
6
CONTINUOUS
10
24.6267630000000004
20
-73.3691829999999925
11
24.5898599999999981
21
-73.3938409999999948
0
LINE
8
BLACK
6
CONTINUOUS
10
24.5898599999999981
20
-73.3938409999999948
11
24.5463299999999975
21
-73.4025000000000034
0
LINE
8
BLACK
6
CONTINUOUS
10
24.5463299999999975
20
-73.4025000000000034
11
23.4438299999999984
21
-73.4025000000000034
0
LINE
8
BLACK
6
CONTINUOUS
10
23.4438299999999984
20
-73.4025000000000034
11
23.4002999999999979
21
-73.3938409999999948
0
LINE
8
BLACK
6
CONTINUOUS
10
23.4002999999999979
20
-73.3938409999999948
11
23.3633969999999991
21
-73.3691829999999925
0
LINE
8
BLACK
6
CONTINUOUS
10
23.3633969999999991
20
-73.3691829999999925
11
23.3387390000000003
21
-73.3322799999999972
0
LINE
8
BLACK
6
CONTINUOUS
10
23.3387390000000003
20
-73.3322799999999972
11
23.3300799999999988
21
-73.2887499999999932
0
LINE
8
BLACK
6
CONTINUOUS
10
23.3300799999999988
20
-73.2887499999999932
11
23.3300799999999988
21
-73.0612500000000011
0
LINE
8
BLACK
6
CONTINUOUS
10
23.3300799999999988
20
-73.0612500000000011
11
23.3387390000000003
21
-73.0177199999999971
0
LINE
8
BLACK
6
CONTINUOUS
10
23.3387390000000003
20
-73.0177199999999971
11
23.3633969999999991
21
-72.9808170000000018
0
LINE
8
BLACK
6
CONTINUOUS
10
23.3633969999999991
20
-72.9808170000000018
11
23.4002999999999979
21
-72.9561589999999995
0
LINE
8
BLACK
6
CONTINUOUS
10
23.4002999999999979
20
-72.9561589999999995
11
23.4438299999999984
21
-72.9474999999999909
0
LINE
8
BLACK
6
CONTINUOUS
10
23.4438299999999984
20
-72.9474999999999909
11
24.5463299999999975
21
-72.9474999999999909
0
LINE
8
BLACK
6
CONTINUOUS
10
24.5463299999999975
20
-72.9474999999999909
11
24.5898599999999981
21
-72.9561589999999995
0
LINE
8
BLACK
6
CONTINUOUS
10
24.5898599999999981
20
-71.6861590000000035
11
24.6267630000000004
21
-71.7108169999999916
0
LINE
8
BLACK
6
CONTINUOUS
10
24.6267630000000004
20
-71.7108169999999916
11
24.6514209999999991
21
-71.7477200000000011
0
LINE
8
BLACK
6
CONTINUOUS
10
24.6514209999999991
20
-71.7477200000000011
11
24.6600799999999971
21
-71.7912499999999909
0
LINE
8
BLACK
6
CONTINUOUS
10
24.6600799999999971
20
-71.7912499999999909
11
24.6600799999999971
21
-72.0187499999999972
0
LINE
8
BLACK
6
CONTINUOUS
10
24.6600799999999971
20
-72.0187499999999972
11
24.6514209999999991
21
-72.0622800000000012
0
LINE
8
BLACK
6
CONTINUOUS
10
24.6514209999999991
20
-72.0622800000000012
11
24.6267630000000004
21
-72.0991829999999965
0
LINE
8
BLACK
6
CONTINUOUS
10
24.6267630000000004
20
-72.0991829999999965
11
24.5898599999999981
21
-72.1238409999999988
0
LINE
8
BLACK
6
CONTINUOUS
10
24.5898599999999981
20
-72.1238409999999988
11
24.5463299999999975
21
-72.1324999999999932
0
LINE
8
BLACK
6
CONTINUOUS
10
24.5463299999999975
20
-72.1324999999999932
11
23.4438299999999984
21
-72.1324999999999932
0
LINE
8
BLACK
6
CONTINUOUS
10
23.4438299999999984
20
-72.1324999999999932
11
23.4002999999999979
21
-72.1238409999999988
0
LINE
8
BLACK
6
CONTINUOUS
10
23.4002999999999979
20
-72.1238409999999988
11
23.3633969999999991
21
-72.0991829999999965
0
LINE
8
BLACK
6
CONTINUOUS
10
23.3633969999999991
20
-72.0991829999999965
11
23.3387390000000003
21
-72.0622800000000012
0
LINE
8
BLACK
6
CONTINUOUS
10
23.3387390000000003
20
-72.0622800000000012
11
23.3300799999999988
21
-72.0187499999999972
0
LINE
8
BLACK
6
CONTINUOUS
10
23.3300799999999988
20
-72.0187499999999972
11
23.3300799999999988
21
-71.7912499999999909
0
LINE
8
BLACK
6
CONTINUOUS
10
23.3300799999999988
20
-71.7912499999999909
11
23.3387390000000003
21
-71.7477200000000011
0
LINE
8
BLACK
6
CONTINUOUS
10
23.3387390000000003
20
-71.7477200000000011
11
23.3633969999999991
21
-71.7108169999999916
0
LINE
8
BLACK
6
CONTINUOUS
10
23.3633969999999991
20
-71.7108169999999916
11
23.4002999999999979
21
-71.6861590000000035
0
LINE
8
BLACK
6
CONTINUOUS
10
23.4002999999999979
20
-71.6861590000000035
11
23.4438299999999984
21
-71.6774999999999949
0
LINE
8
BLACK
6
CONTINUOUS
10
23.4438299999999984
20
-71.6774999999999949
11
24.5463299999999975
21
-71.6774999999999949
0
LINE
8
BLACK
6
CONTINUOUS
10
24.5463299999999975
20
-71.6774999999999949
11
24.5898599999999981
21
-71.6861590000000035
0
LINE
8
BLACK
6
CONTINUOUS
10
24.5898599999999981
20
-70.4161589999999933
11
24.6267630000000004
21
-70.4408169999999956
0
LINE
8
BLACK
6
CONTINUOUS
10
24.6267630000000004
20
-70.4408169999999956
11
24.6514209999999991
21
-70.4777199999999908
0
LINE
8
BLACK
6
CONTINUOUS
10
24.6514209999999991
20
-70.4777199999999908
11
24.6600799999999971
21
-70.5212499999999949
0
LINE
8
BLACK
6
CONTINUOUS
10
24.6600799999999971
20
-70.5212499999999949
11
24.6600799999999971
21
-70.7487500000000011
0
LINE
8
BLACK
6
CONTINUOUS
10
24.6600799999999971
20
-70.7487500000000011
11
24.6514209999999991
21
-70.792279999999991
0
LINE
8
BLACK
6
CONTINUOUS
10
24.6514209999999991
20
-70.792279999999991
11
24.6267630000000004
21
-70.8291830000000004
0
LINE
8
BLACK
6
CONTINUOUS
10
24.6267630000000004
20
-70.8291830000000004
11
24.5898599999999981
21
-70.8538410000000027
0
LINE
8
BLACK
6
CONTINUOUS
10
24.5898599999999981
20
-70.8538410000000027
11
24.5463299999999975
21
-70.8624999999999972
0
LINE
8
BLACK
6
CONTINUOUS
10
24.5463299999999975
20
-70.8624999999999972
11
23.4438299999999984
21
-70.8624999999999972
0
LINE
8
BLACK
6
CONTINUOUS
10
23.4438299999999984
20
-70.8624999999999972
11
23.4002999999999979
21
-70.8538410000000027
0
LINE
8
BLACK
6
CONTINUOUS
10
23.4002999999999979
20
-70.8538410000000027
11
23.3633969999999991
21
-70.8291830000000004
0
LINE
8
BLACK
6
CONTINUOUS
10
23.3633969999999991
20
-70.8291830000000004
11
23.3387390000000003
21
-70.792279999999991
0
LINE
8
BLACK
6
CONTINUOUS
10
23.3387390000000003
20
-70.792279999999991
11
23.3300799999999988
21
-70.7487500000000011
0
LINE
8
BLACK
6
CONTINUOUS
10
23.3300799999999988
20
-70.7487500000000011
11
23.3300799999999988
21
-70.5212499999999949
0
LINE
8
BLACK
6
CONTINUOUS
10
23.3300799999999988
20
-70.5212499999999949
11
23.3387390000000003
21
-70.4777199999999908
0
LINE
8
BLACK
6
CONTINUOUS
10
23.3387390000000003
20
-70.4777199999999908
11
23.3633969999999991
21
-70.4408169999999956
0
LINE
8
BLACK
6
CONTINUOUS
10
23.3633969999999991
20
-70.4408169999999956
11
23.4002999999999979
21
-70.4161589999999933
0
LINE
8
BLACK
6
CONTINUOUS
10
23.4002999999999979
20
-70.4161589999999933
11
23.4438299999999984
21
-70.4074999999999989
0
LINE
8
BLACK
6
CONTINUOUS
10
23.4438299999999984
20
-70.4074999999999989
11
24.5463299999999975
21
-70.4074999999999989
0
LINE
8
BLACK
6
CONTINUOUS
10
24.5463299999999975
20
-70.4074999999999989
11
24.5898599999999981
21
-70.4161589999999933
0
LINE
8
BLACK
6
CONTINUOUS
10
33.6368469999999959
20
-69.2112149999999957
11
33.6936210000000003
21
-69.2491509999999977
0
LINE
8
BLACK
6
CONTINUOUS
10
33.6936210000000003
20
-69.2491509999999977
11
34.163846999999997
21
-69.7193769999999944
0
LINE
8
BLACK
6
CONTINUOUS
10
34.163846999999997
20
-69.7193769999999944
11
34.2017829999999989
21
-69.7761509999999987
0
LINE
8
BLACK
6
CONTINUOUS
10
34.2017829999999989
20
-69.7761509999999987
11
34.2151039999999966
21
-69.843119999999999
0
LINE
8
BLACK
6
CONTINUOUS
10
34.2151039999999966
20
-69.843119999999999
11
34.2017829999999989
21
-69.9100899999999967
0
LINE
8
BLACK
6
CONTINUOUS
10
34.2017829999999989
20
-69.9100899999999967
11
34.163846999999997
21
-69.9668640000000011
0
LINE
8
BLACK
6
CONTINUOUS
10
34.163846999999997
20
-69.9668640000000011
11
33.9163599999999974
21
-70.2143509999999935
0
LINE
8
BLACK
6
CONTINUOUS
10
33.9163599999999974
20
-70.2143509999999935
11
33.8595860000000002
21
-70.2522869999999955
0
LINE
8
BLACK
6
CONTINUOUS
10
33.8595860000000002
20
-70.2522869999999955
11
33.7926159999999953
21
-70.2656080000000003
0
LINE
8
BLACK
6
CONTINUOUS
10
33.7926159999999953
20
-70.2656080000000003
11
33.725646999999995
21
-70.2522869999999955
0
LINE
8
BLACK
6
CONTINUOUS
10
33.725646999999995
20
-70.2522869999999955
11
33.6688729999999978
21
-70.2143509999999935
0
LINE
8
BLACK
6
CONTINUOUS
10
33.6688729999999978
20
-70.2143509999999935
11
33.1986470000000011
21
-69.7441249999999968
0
LINE
8
BLACK
6
CONTINUOUS
10
33.1986470000000011
20
-69.7441249999999968
11
33.1607109999999992
21
-69.6873509999999925
0
LINE
8
BLACK
6
CONTINUOUS
10
33.1607109999999992
20
-69.6873509999999925
11
33.1473900000000015
21
-69.6203819999999922
0
LINE
8
BLACK
6
CONTINUOUS
10
33.1473900000000015
20
-69.6203819999999922
11
33.1607109999999992
21
-69.5534119999999945
0
LINE
8
BLACK
6
CONTINUOUS
10
33.1607109999999992
20
-69.5534119999999945
11
33.1986470000000011
21
-69.4966379999999901
0
LINE
8
BLACK
6
CONTINUOUS
10
33.1986470000000011
20
-69.4966379999999901
11
33.4461340000000007
21
-69.2491509999999977
0
LINE
8
BLACK
6
CONTINUOUS
10
33.4461340000000007
20
-69.2491509999999977
11
33.5029079999999979
21
-69.2112149999999957
0
LINE
8
BLACK
6
CONTINUOUS
10
33.5029079999999979
20
-69.2112149999999957
11
33.5698779999999957
21
-69.1978939999999909
0
LINE
8
BLACK
6
CONTINUOUS
10
33.5698779999999957
20
-69.1978939999999909
11
33.6368469999999959
21
-69.2112149999999957
0
LINE
8
BLACK
6
CONTINUOUS
10
44.3541249999999962
20
-69.140428
11
44.4108990000000006
21
-69.178364000000002
0
LINE
8
BLACK
6
CONTINUOUS
10
44.4108990000000006
20
-69.178364000000002
11
44.6583860000000001
21
-69.4258509999999944
0
LINE
8
BLACK
6
CONTINUOUS
10
44.6583860000000001
20
-69.4258509999999944
11
44.696321999999995
21
-69.4826249999999987
0
LINE
8
BLACK
6
CONTINUOUS
10
44.696321999999995
20
-69.4826249999999987
11
44.7096429999999998
21
-69.5495949999999965
0
LINE
8
BLACK
6
CONTINUOUS
10
44.7096429999999998
20
-69.5495949999999965
11
44.696321999999995
21
-69.6165639999999968
0
LINE
8
BLACK
6
CONTINUOUS
10
44.696321999999995
20
-69.6165639999999968
11
44.6583860000000001
21
-69.6733380000000011
0
LINE
8
BLACK
6
CONTINUOUS
10
44.6583860000000001
20
-69.6733380000000011
11
44.1881599999999963
21
-70.1435639999999978
0
LINE
8
BLACK
6
CONTINUOUS
10
44.1881599999999963
20
-70.1435639999999978
11
44.1313859999999991
21
-70.1814999999999998
0
LINE
8
BLACK
6
CONTINUOUS
10
44.1313859999999991
20
-70.1814999999999998
11
44.0644169999999988
21
-70.1948209999999904
0
LINE
8
BLACK
6
CONTINUOUS
10
44.0644169999999988
20
-70.1948209999999904
11
43.9974470000000011
21
-70.1814999999999998
0
LINE
8
BLACK
6
CONTINUOUS
10
43.9974470000000011
20
-70.1814999999999998
11
43.9406729999999968
21
-70.1435639999999978
0
LINE
8
BLACK
6
CONTINUOUS
10
43.9406729999999968
20
-70.1435639999999978
11
43.6931859999999972
21
-69.8960769999999911
0
LINE
8
BLACK
6
CONTINUOUS
10
43.6931859999999972
20
-69.8960769999999911
11
43.6552499999999952
21
-69.839303000000001
0
LINE
8
BLACK
6
CONTINUOUS
10
43.6552499999999952
20
-69.839303000000001
11
43.6419289999999975
21
-69.7723330000000033
0
LINE
8
BLACK
6
CONTINUOUS
10
43.6419289999999975
20
-69.7723330000000033
11
43.6552499999999952
21
-69.705364000000003
0
LINE
8
BLACK
6
CONTINUOUS
10
43.6552499999999952
20
-69.705364000000003
11
43.6931859999999972
21
-69.6485899999999987
0
LINE
8
BLACK
6
CONTINUOUS
10
43.6931859999999972
20
-69.6485899999999987
11
44.163412000000001
21
-69.178364000000002
0
LINE
8
BLACK
6
CONTINUOUS
10
44.163412000000001
20
-69.178364000000002
11
44.2201859999999982
21
-69.140428
0
LINE
8
BLACK
6
CONTINUOUS
10
44.2201859999999982
20
-69.140428
11
44.2871549999999985
21
-69.1271069999999952
0
LINE
8
BLACK
6
CONTINUOUS
10
44.2871549999999985
20
-69.1271069999999952
11
44.3541249999999962
21
-69.140428
0
LINE
8
BLACK
6
CONTINUOUS
10
38.7000899999999959
20
-68.8512149999999963
11
38.7568640000000002
21
-68.8891509999999982
0
LINE
8
BLACK
6
CONTINUOUS
10
38.7568640000000002
20
-68.8891509999999982
11
39.0043509999999998
21
-69.1366379999999907
0
LINE
8
BLACK
6
CONTINUOUS
10
39.0043509999999998
20
-69.1366379999999907
11
39.0422870000000017
21
-69.193411999999995
0
LINE
8
BLACK
6
CONTINUOUS
10
39.0422870000000017
20
-69.193411999999995
11
39.0556079999999994
21
-69.2603819999999928
0
LINE
8
BLACK
6
CONTINUOUS
10
39.0556079999999994
20
-69.2603819999999928
11
39.0422870000000017
21
-69.3273509999999931
0
LINE
8
BLACK
6
CONTINUOUS
10
39.0422870000000017
20
-69.3273509999999931
11
39.0043509999999998
21
-69.3841249999999974
0
LINE
8
BLACK
6
CONTINUOUS
10
39.0043509999999998
20
-69.3841249999999974
11
38.534124999999996
21
-69.8543509999999941
0
LINE
8
BLACK
6
CONTINUOUS
10
38.534124999999996
20
-69.8543509999999941
11
38.4773509999999987
21
-69.8922869999999961
0
LINE
8
BLACK
6
CONTINUOUS
10
38.4773509999999987
20
-69.8922869999999961
11
38.4103819999999985
21
-69.9056080000000009
0
LINE
8
BLACK
6
CONTINUOUS
10
38.4103819999999985
20
-69.9056080000000009
11
38.3434120000000007
21
-69.8922869999999961
0
LINE
8
BLACK
6
CONTINUOUS
10
38.3434120000000007
20
-69.8922869999999961
11
38.2866379999999964
21
-69.8543509999999941
0
LINE
8
BLACK
6
CONTINUOUS
10
38.2866379999999964
20
-69.8543509999999941
11
38.0391509999999968
21
-69.6068640000000016
0
LINE
8
BLACK
6
CONTINUOUS
10
38.0391509999999968
20
-69.6068640000000016
11
38.0012149999999949
21
-69.5500899999999973
0
LINE
8
BLACK
6
CONTINUOUS
10
38.0012149999999949
20
-69.5500899999999973
11
37.9878939999999972
21
-69.4831199999999995
0
LINE
8
BLACK
6
CONTINUOUS
10
37.9878939999999972
20
-69.4831199999999995
11
38.0012149999999949
21
-69.4161509999999993
0
LINE
8
BLACK
6
CONTINUOUS
10
38.0012149999999949
20
-69.4161509999999993
11
38.0391509999999968
21
-69.359376999999995
0
LINE
8
BLACK
6
CONTINUOUS
10
38.0391509999999968
20
-69.359376999999995
11
38.5093770000000006
21
-68.8891509999999982
0
LINE
8
BLACK
6
CONTINUOUS
10
38.5093770000000006
20
-68.8891509999999982
11
38.5661509999999979
21
-68.8512149999999963
0
LINE
8
BLACK
6
CONTINUOUS
10
38.5661509999999979
20
-68.8512149999999963
11
38.6331199999999981
21
-68.8378939999999915
0
LINE
8
BLACK
6
CONTINUOUS
10
38.6331199999999981
20
-68.8378939999999915
11
38.7000899999999959
21
-68.8512149999999963
0
LINE
8
BLACK
6
CONTINUOUS
10
24.5898599999999981
20
-69.1461589999999973
11
24.6267630000000004
21
-69.1708169999999996
0
LINE
8
BLACK
6
CONTINUOUS
10
24.6267630000000004
20
-69.1708169999999996
11
24.6514209999999991
21
-69.2077199999999948
0
LINE
8
BLACK
6
CONTINUOUS
10
24.6514209999999991
20
-69.2077199999999948
11
24.6600799999999971
21
-69.2512499999999989
0
LINE
8
BLACK
6
CONTINUOUS
10
24.6600799999999971
20
-69.2512499999999989
11
24.6600799999999971
21
-69.4787499999999909
0
LINE
8
BLACK
6
CONTINUOUS
10
24.6600799999999971
20
-69.4787499999999909
11
24.6514209999999991
21
-69.522279999999995
0
LINE
8
BLACK
6
CONTINUOUS
10
24.6514209999999991
20
-69.522279999999995
11
24.6267630000000004
21
-69.5591829999999902
0
LINE
8
BLACK
6
CONTINUOUS
10
24.6267630000000004
20
-69.5591829999999902
11
24.5898599999999981
21
-69.5838409999999925
0
LINE
8
BLACK
6
CONTINUOUS
10
24.5898599999999981
20
-69.5838409999999925
11
24.5463299999999975
21
-69.5925000000000011
0
LINE
8
BLACK
6
CONTINUOUS
10
24.5463299999999975
20
-69.5925000000000011
11
23.4438299999999984
21
-69.5925000000000011
0
LINE
8
BLACK
6
CONTINUOUS
10
23.4438299999999984
20
-69.5925000000000011
11
23.4002999999999979
21
-69.5838409999999925
0
LINE
8
BLACK
6
CONTINUOUS
10
23.4002999999999979
20
-69.5838409999999925
11
23.3633969999999991
21
-69.5591829999999902
0
LINE
8
BLACK
6
CONTINUOUS
10
23.3633969999999991
20
-69.5591829999999902
11
23.3387390000000003
21
-69.522279999999995
0
LINE
8
BLACK
6
CONTINUOUS
10
23.3387390000000003
20
-69.522279999999995
11
23.3300799999999988
21
-69.4787499999999909
0
LINE
8
BLACK
6
CONTINUOUS
10
23.3300799999999988
20
-69.4787499999999909
11
23.3300799999999988
21
-69.2512499999999989
0
LINE
8
BLACK
6
CONTINUOUS
10
23.3300799999999988
20
-69.2512499999999989
11
23.3387390000000003
21
-69.2077199999999948
0
LINE
8
BLACK
6
CONTINUOUS
10
23.3387390000000003
20
-69.2077199999999948
11
23.3633969999999991
21
-69.1708169999999996
0
LINE
8
BLACK
6
CONTINUOUS
10
23.3633969999999991
20
-69.1708169999999996
11
23.4002999999999979
21
-69.1461589999999973
0
LINE
8
BLACK
6
CONTINUOUS
10
23.4002999999999979
20
-69.1461589999999973
11
23.4438299999999984
21
-69.1375000000000028
0
LINE
8
BLACK
6
CONTINUOUS
10
23.4438299999999984
20
-69.1375000000000028
11
24.5463299999999975
21
-69.1375000000000028
0
LINE
8
BLACK
6
CONTINUOUS
10
24.5463299999999975
20
-69.1375000000000028
11
24.5898599999999981
21
-69.1461589999999973
0
LINE
8
BLACK
6
CONTINUOUS
10
34.9803489999999968
20
-67.8677129999999948
11
35.0371230000000011
21
-67.9056489999999968
0
LINE
8
BLACK
6
CONTINUOUS
10
35.0371230000000011
20
-67.9056489999999968
11
35.5073489999999978
21
-68.3758749999999935
0
LINE
8
BLACK
6
CONTINUOUS
10
35.5073489999999978
20
-68.3758749999999935
11
35.5452849999999998
21
-68.4326489999999978
0
LINE
8
BLACK
6
CONTINUOUS
10
35.5452849999999998
20
-68.4326489999999978
11
35.5586059999999975
21
-68.4996179999999981
0
LINE
8
BLACK
6
CONTINUOUS
10
35.5586059999999975
20
-68.4996179999999981
11
35.5452849999999998
21
-68.5665879999999959
0
LINE
8
BLACK
6
CONTINUOUS
10
35.5452849999999998
20
-68.5665879999999959
11
35.5073489999999978
21
-68.6233620000000002
0
LINE
8
BLACK
6
CONTINUOUS
10
35.5073489999999978
20
-68.6233620000000002
11
35.2598619999999983
21
-68.8708489999999927
0
LINE
8
BLACK
6
CONTINUOUS
10
35.2598619999999983
20
-68.8708489999999927
11
35.203088000000001
21
-68.9087849999999946
0
LINE
8
BLACK
6
CONTINUOUS
10
35.203088000000001
20
-68.9087849999999946
11
35.1361179999999962
21
-68.9221059999999994
0
LINE
8
BLACK
6
CONTINUOUS
10
35.1361179999999962
20
-68.9221059999999994
11
35.0691489999999959
21
-68.9087849999999946
0
LINE
8
BLACK
6
CONTINUOUS
10
35.0691489999999959
20
-68.9087849999999946
11
35.0123749999999987
21
-68.8708489999999927
0
LINE
8
BLACK
6
CONTINUOUS
10
35.0123749999999987
20
-68.8708489999999927
11
34.5421489999999949
21
-68.400622999999996
0
LINE
8
BLACK
6
CONTINUOUS
10
34.5421489999999949
20
-68.400622999999996
11
34.504213
21
-68.3438489999999916
0
LINE
8
BLACK
6
CONTINUOUS
10
34.504213
20
-68.3438489999999916
11
34.4908919999999952
21
-68.2768799999999914
0
LINE
8
BLACK
6
CONTINUOUS
10
34.4908919999999952
20
-68.2768799999999914
11
34.504213
21
-68.2099099999999936
0
LINE
8
BLACK
6
CONTINUOUS
10
34.504213
20
-68.2099099999999936
11
34.5421489999999949
21
-68.1531360000000035
0
LINE
8
BLACK
6
CONTINUOUS
10
34.5421489999999949
20
-68.1531360000000035
11
34.7896360000000016
21
-67.9056489999999968
0
LINE
8
BLACK
6
CONTINUOUS
10
34.7896360000000016
20
-67.9056489999999968
11
34.8464099999999988
21
-67.8677129999999948
0
LINE
8
BLACK
6
CONTINUOUS
10
34.8464099999999988
20
-67.8677129999999948
11
34.9133799999999965
21
-67.85439199999999
0
LINE
8
BLACK
6
CONTINUOUS
10
34.9133799999999965
20
-67.85439199999999
11
34.9803489999999968
21
-67.8677129999999948
0
LINE
8
BLACK
6
CONTINUOUS
10
32.2438489999999973
20
-67.8323570000000018
11
32.3006230000000016
21
-67.8702930000000038
0
LINE
8
BLACK
6
CONTINUOUS
10
32.3006230000000016
20
-67.8702930000000038
11
32.7708489999999983
21
-68.3405190000000005
0
LINE
8
BLACK
6
CONTINUOUS
10
32.7708489999999983
20
-68.3405190000000005
11
32.8087850000000003
21
-68.3972929999999906
0
LINE
8
BLACK
6
CONTINUOUS
10
32.8087850000000003
20
-68.3972929999999906
11
32.822105999999998
21
-68.4642619999999908
0
LINE
8
BLACK
6
CONTINUOUS
10
32.822105999999998
20
-68.4642619999999908
11
32.8087850000000003
21
-68.5312320000000028
0
LINE
8
BLACK
6
CONTINUOUS
10
32.8087850000000003
20
-68.5312320000000028
11
32.7708489999999983
21
-68.5880059999999929
0
LINE
8
BLACK
6
CONTINUOUS
10
32.7708489999999983
20
-68.5880059999999929
11
32.5233619999999988
21
-68.8354929999999996
0
LINE
8
BLACK
6
CONTINUOUS
10
32.5233619999999988
20
-68.8354929999999996
11
32.4665880000000016
21
-68.8734290000000016
0
LINE
8
BLACK
6
CONTINUOUS
10
32.4665880000000016
20
-68.8734290000000016
11
32.3996179999999967
21
-68.8867499999999922
0
LINE
8
BLACK
6
CONTINUOUS
10
32.3996179999999967
20
-68.8867499999999922
11
32.3326489999999964
21
-68.8734290000000016
0
LINE
8
BLACK
6
CONTINUOUS
10
32.3326489999999964
20
-68.8734290000000016
11
32.2758749999999992
21
-68.8354929999999996
0
LINE
8
BLACK
6
CONTINUOUS
10
32.2758749999999992
20
-68.8354929999999996
11
31.8056489999999989
21
-68.3652670000000029
0
LINE
8
BLACK
6
CONTINUOUS
10
31.8056489999999989
20
-68.3652670000000029
11
31.767712999999997
21
-68.3084929999999986
0
LINE
8
BLACK
6
CONTINUOUS
10
31.767712999999997
20
-68.3084929999999986
11
31.7543919999999993
21
-68.2415239999999983
0
LINE
8
BLACK
6
CONTINUOUS
10
31.7543919999999993
20
-68.2415239999999983
11
31.767712999999997
21
-68.1745540000000005
0
LINE
8
BLACK
6
CONTINUOUS
10
31.767712999999997
20
-68.1745540000000005
11
31.8056489999999989
21
-68.1177799999999962
0
LINE
8
BLACK
6
CONTINUOUS
10
31.8056489999999989
20
-68.1177799999999962
11
32.0531360000000021
21
-67.8702930000000038
0
LINE
8
BLACK
6
CONTINUOUS
10
32.0531360000000021
20
-67.8702930000000038
11
32.1099099999999993
21
-67.8323570000000018
0
LINE
8
BLACK
6
CONTINUOUS
10
32.1099099999999993
20
-67.8323570000000018
11
32.176879999999997
21
-67.819035999999997
0
LINE
8
BLACK
6
CONTINUOUS
10
32.176879999999997
20
-67.819035999999997
11
32.2438489999999973
21
-67.8323570000000018
0
LINE
8
BLACK
6
CONTINUOUS
10
50.7800000000000011
20
-68.8799999999999955
11
50.2199999999999989
21
-68.8799999999999955
0
LINE
8
BLACK
6
CONTINUOUS
10
50.2199999999999989
20
-68.8799999999999955
11
50.2199999999999989
21
-68.7199999999999989
0
LINE
8
BLACK
6
CONTINUOUS
10
50.2199999999999989
20
-68.7199999999999989
11
50.7800000000000011
21
-68.7199999999999989
0
LINE
8
BLACK
6
CONTINUOUS
10
50.7800000000000011
20
-68.7199999999999989
11
50.7800000000000011
21
-68.8799999999999955
0
LINE
8
BLACK
6
CONTINUOUS
10
53.8599999999999994
20
-68.8799999999999955
11
53.2999999999999972
21
-68.8799999999999955
0
LINE
8
BLACK
6
CONTINUOUS
10
53.2999999999999972
20
-68.8799999999999955
11
53.2999999999999972
21
-68.7199999999999989
0
LINE
8
BLACK
6
CONTINUOUS
10
53.2999999999999972
20
-68.7199999999999989
11
53.8599999999999994
21
-68.7199999999999989
0
LINE
8
BLACK
6
CONTINUOUS
10
53.8599999999999994
20
-68.7199999999999989
11
53.8599999999999994
21
-68.8799999999999955
0
LINE
8
BLACK
6
CONTINUOUS
10
84.7000000000000028
20
-68.8799999999999955
11
84.1400000000000006
21
-68.8799999999999955
0
LINE
8
BLACK
6
CONTINUOUS
10
84.1400000000000006
20
-68.8799999999999955
11
84.1400000000000006
21
-68.7199999999999989
0
LINE
8
BLACK
6
CONTINUOUS
10
84.1400000000000006
20
-68.7199999999999989
11
84.7000000000000028
21
-68.7199999999999989
0
LINE
8
BLACK
6
CONTINUOUS
10
84.7000000000000028
20
-68.7199999999999989
11
84.7000000000000028
21
-68.8799999999999955
0
LINE
8
BLACK
6
CONTINUOUS
10
87.7800000000000011
20
-68.8799999999999955
11
87.2199999999999989
21
-68.8799999999999955
0
LINE
8
BLACK
6
CONTINUOUS
10
87.2199999999999989
20
-68.8799999999999955
11
87.2199999999999989
21
-68.7199999999999989
0
LINE
8
BLACK
6
CONTINUOUS
10
87.2199999999999989
20
-68.7199999999999989
11
87.7800000000000011
21
-68.7199999999999989
0
LINE
8
BLACK
6
CONTINUOUS
10
87.7800000000000011
20
-68.7199999999999989
11
87.7800000000000011
21
-68.8799999999999955
0
LINE
8
BLACK
6
CONTINUOUS
10
43.0106229999999954
20
-67.7969259999999991
11
43.0673969999999997
21
-67.8348620000000011
0
LINE
8
BLACK
6
CONTINUOUS
10
43.0673969999999997
20
-67.8348620000000011
11
43.3148839999999993
21
-68.0823489999999936
0
LINE
8
BLACK
6
CONTINUOUS
10
43.3148839999999993
20
-68.0823489999999936
11
43.3528200000000012
21
-68.1391229999999979
0
LINE
8
BLACK
6
CONTINUOUS
10
43.3528200000000012
20
-68.1391229999999979
11
43.3661409999999989
21
-68.2060929999999956
0
LINE
8
BLACK
6
CONTINUOUS
10
43.3661409999999989
20
-68.2060929999999956
11
43.3528200000000012
21
-68.2730619999999959
0
LINE
8
BLACK
6
CONTINUOUS
10
43.3528200000000012
20
-68.2730619999999959
11
43.3148839999999993
21
-68.3298360000000002
0
LINE
8
BLACK
6
CONTINUOUS
10
43.3148839999999993
20
-68.3298360000000002
11
42.8446579999999955
21
-68.8000619999999969
0
LINE
8
BLACK
6
CONTINUOUS
10
42.8446579999999955
20
-68.8000619999999969
11
42.7878839999999983
21
-68.8379979999999989
0
LINE
8
BLACK
6
CONTINUOUS
10
42.7878839999999983
20
-68.8379979999999989
11
42.720914999999998
21
-68.8513190000000037
0
LINE
8
BLACK
6
CONTINUOUS
10
42.720914999999998
20
-68.8513190000000037
11
42.6539450000000002
21
-68.8379979999999989
0
LINE
8
BLACK
6
CONTINUOUS
10
42.6539450000000002
20
-68.8379979999999989
11
42.5971709999999959
21
-68.8000619999999969
0
LINE
8
BLACK
6
CONTINUOUS
10
42.5971709999999959
20
-68.8000619999999969
11
42.3496839999999963
21
-68.5525749999999903
0
LINE
8
BLACK
6
CONTINUOUS
10
42.3496839999999963
20
-68.5525749999999903
11
42.3117480000000015
21
-68.4958010000000002
0
LINE
8
BLACK
6
CONTINUOUS
10
42.3117480000000015
20
-68.4958010000000002
11
42.2984269999999967
21
-68.4288310000000024
0
LINE
8
BLACK
6
CONTINUOUS
10
42.2984269999999967
20
-68.4288310000000024
11
42.3117480000000015
21
-68.3618620000000021
0
LINE
8
BLACK
6
CONTINUOUS
10
42.3117480000000015
20
-68.3618620000000021
11
42.3496839999999963
21
-68.3050879999999978
0
LINE
8
BLACK
6
CONTINUOUS
10
42.3496839999999963
20
-68.3050879999999978
11
42.8199100000000001
21
-67.8348620000000011
0
LINE
8
BLACK
6
CONTINUOUS
10
42.8199100000000001
20
-67.8348620000000011
11
42.8766839999999974
21
-67.7969259999999991
0
LINE
8
BLACK
6
CONTINUOUS
10
42.8766839999999974
20
-67.7969259999999991
11
42.9436529999999976
21
-67.7836049999999943
0
LINE
8
BLACK
6
CONTINUOUS
10
42.9436529999999976
20
-67.7836049999999943
11
43.0106229999999954
21
-67.7969259999999991
0
LINE
8
BLACK
6
CONTINUOUS
10
45.9433379999999971
20
-67.651213999999996
11
46.0001120000000014
21
-67.6891499999999979
0
LINE
8
BLACK
6
CONTINUOUS
10
46.0001120000000014
20
-67.6891499999999979
11
46.247599000000001
21
-67.9366369999999904
0
LINE
8
BLACK
6
CONTINUOUS
10
46.247599000000001
20
-67.9366369999999904
11
46.2855349999999959
21
-67.9934109999999947
0
LINE
8
BLACK
6
CONTINUOUS
10
46.2855349999999959
20
-67.9934109999999947
11
46.2988560000000007
21
-68.0603809999999925
0
LINE
8
BLACK
6
CONTINUOUS
10
46.2988560000000007
20
-68.0603809999999925
11
46.2855349999999959
21
-68.1273499999999927
0
LINE
8
BLACK
6
CONTINUOUS
10
46.2855349999999959
20
-68.1273499999999927
11
46.247599000000001
21
-68.1841239999999971
0
LINE
8
BLACK
6
CONTINUOUS
10
46.247599000000001
20
-68.1841239999999971
11
45.7773729999999972
21
-68.6543499999999938
0
LINE
8
BLACK
6
CONTINUOUS
10
45.7773729999999972
20
-68.6543499999999938
11
45.720599
21
-68.6922859999999957
0
LINE
8
BLACK
6
CONTINUOUS
10
45.720599
20
-68.6922859999999957
11
45.6536299999999997
21
-68.7056070000000005
0
LINE
8
BLACK
6
CONTINUOUS
10
45.6536299999999997
20
-68.7056070000000005
11
45.5866599999999949
21
-68.6922859999999957
0
LINE
8
BLACK
6
CONTINUOUS
10
45.5866599999999949
20
-68.6922859999999957
11
45.5298859999999976
21
-68.6543499999999938
0
LINE
8
BLACK
6
CONTINUOUS
10
45.5298859999999976
20
-68.6543499999999938
11
45.2823989999999981
21
-68.4068630000000013
0
LINE
8
BLACK
6
CONTINUOUS
10
45.2823989999999981
20
-68.4068630000000013
11
45.2444629999999961
21
-68.350088999999997
0
LINE
8
BLACK
6
CONTINUOUS
10
45.2444629999999961
20
-68.350088999999997
11
45.2311419999999984
21
-68.2831189999999992
0
LINE
8
BLACK
6
CONTINUOUS
10
45.2311419999999984
20
-68.2831189999999992
11
45.2444629999999961
21
-68.216149999999999
0
LINE
8
BLACK
6
CONTINUOUS
10
45.2444629999999961
20
-68.216149999999999
11
45.2823989999999981
21
-68.1593759999999946
0
LINE
8
BLACK
6
CONTINUOUS
10
45.2823989999999981
20
-68.1593759999999946
11
45.7526249999999948
21
-67.6891499999999979
0
LINE
8
BLACK
6
CONTINUOUS
10
45.7526249999999948
20
-67.6891499999999979
11
45.8093989999999991
21
-67.651213999999996
0
LINE
8
BLACK
6
CONTINUOUS
10
45.8093989999999991
20
-67.651213999999996
11
45.8763679999999994
21
-67.6378929999999912
0
LINE
8
BLACK
6
CONTINUOUS
10
45.8763679999999994
20
-67.6378929999999912
11
45.9433379999999971
21
-67.651213999999996
0
LINE
8
BLACK
6
CONTINUOUS
10
37.356587999999995
20
-67.5077129999999954
11
37.4133619999999993
21
-67.5456489999999974
0
LINE
8
BLACK
6
CONTINUOUS
10
37.4133619999999993
20
-67.5456489999999974
11
37.6608489999999989
21
-67.7931359999999898
0
LINE
8
BLACK
6
CONTINUOUS
10
37.6608489999999989
20
-67.7931359999999898
11
37.6987850000000009
21
-67.8499099999999942
0
LINE
8
BLACK
6
CONTINUOUS
10
37.6987850000000009
20
-67.8499099999999942
11
37.7121059999999986
21
-67.9168799999999919
0
LINE
8
BLACK
6
CONTINUOUS
10
37.7121059999999986
20
-67.9168799999999919
11
37.6987850000000009
21
-67.9838489999999922
0
LINE
8
BLACK
6
CONTINUOUS
10
37.6987850000000009
20
-67.9838489999999922
11
37.6608489999999989
21
-68.0406229999999965
0
LINE
8
BLACK
6
CONTINUOUS
10
37.6608489999999989
20
-68.0406229999999965
11
37.1906229999999951
21
-68.5108489999999932
0
LINE
8
BLACK
6
CONTINUOUS
10
37.1906229999999951
20
-68.5108489999999932
11
37.1338489999999979
21
-68.5487849999999952
0
LINE
8
BLACK
6
CONTINUOUS
10
37.1338489999999979
20
-68.5487849999999952
11
37.0668799999999976
21
-68.562106
0
LINE
8
BLACK
6
CONTINUOUS
10
37.0668799999999976
20
-68.562106
11
36.9999099999999999
21
-68.5487849999999952
0
LINE
8
BLACK
6
CONTINUOUS
10
36.9999099999999999
20
-68.5487849999999952
11
36.9431359999999955
21
-68.5108489999999932
0
LINE
8
BLACK
6
CONTINUOUS
10
36.9431359999999955
20
-68.5108489999999932
11
36.695648999999996
21
-68.2633620000000008
0
LINE
8
BLACK
6
CONTINUOUS
10
36.695648999999996
20
-68.2633620000000008
11
36.6577130000000011
21
-68.2065879999999964
0
LINE
8
BLACK
6
CONTINUOUS
10
36.6577130000000011
20
-68.2065879999999964
11
36.6443919999999963
21
-68.1396179999999987
0
LINE
8
BLACK
6
CONTINUOUS
10
36.6443919999999963
20
-68.1396179999999987
11
36.6577130000000011
21
-68.0726489999999984
0
LINE
8
BLACK
6
CONTINUOUS
10
36.6577130000000011
20
-68.0726489999999984
11
36.695648999999996
21
-68.0158749999999941
0
LINE
8
BLACK
6
CONTINUOUS
10
36.695648999999996
20
-68.0158749999999941
11
37.1658749999999998
21
-67.5456489999999974
0
LINE
8
BLACK
6
CONTINUOUS
10
37.1658749999999998
20
-67.5456489999999974
11
37.222648999999997
21
-67.5077129999999954
0
LINE
8
BLACK
6
CONTINUOUS
10
37.222648999999997
20
-67.5077129999999954
11
37.2896179999999973
21
-67.4943919999999906
0
LINE
8
BLACK
6
CONTINUOUS
10
37.2896179999999973
20
-67.4943919999999906
11
37.356587999999995
21
-67.5077129999999954
0
LINE
8
BLACK
6
CONTINUOUS
10
50.7800000000000011
20
-68.480000000000004
11
50.2199999999999989
21
-68.480000000000004
0
LINE
8
BLACK
6
CONTINUOUS
10
50.2199999999999989
20
-68.480000000000004
11
50.2199999999999989
21
-68.3199999999999932
0
LINE
8
BLACK
6
CONTINUOUS
10
50.2199999999999989
20
-68.3199999999999932
11
50.7800000000000011
21
-68.3199999999999932
0
LINE
8
BLACK
6
CONTINUOUS
10
50.7800000000000011
20
-68.3199999999999932
11
50.7800000000000011
21
-68.480000000000004
0
LINE
8
BLACK
6
CONTINUOUS
10
53.8599999999999994
20
-68.480000000000004
11
53.2999999999999972
21
-68.480000000000004
0
LINE
8
BLACK
6
CONTINUOUS
10
53.2999999999999972
20
-68.480000000000004
11
53.2999999999999972
21
-68.3199999999999932
0
LINE
8
BLACK
6
CONTINUOUS
10
53.2999999999999972
20
-68.3199999999999932
11
53.8599999999999994
21
-68.3199999999999932
0
LINE
8
BLACK
6
CONTINUOUS
10
53.8599999999999994
20
-68.3199999999999932
11
53.8599999999999994
21
-68.480000000000004
0
LINE
8
BLACK
6
CONTINUOUS
10
84.7000000000000028
20
-68.480000000000004
11
84.1400000000000006
21
-68.480000000000004
0
LINE
8
BLACK
6
CONTINUOUS
10
84.1400000000000006
20
-68.480000000000004
11
84.1400000000000006
21
-68.3199999999999932
0
LINE
8
BLACK
6
CONTINUOUS
10
84.1400000000000006
20
-68.3199999999999932
11
84.7000000000000028
21
-68.3199999999999932
0
LINE
8
BLACK
6
CONTINUOUS
10
84.7000000000000028
20
-68.3199999999999932
11
84.7000000000000028
21
-68.480000000000004
0
LINE
8
BLACK
6
CONTINUOUS
10
87.7800000000000011
20
-68.480000000000004
11
87.2199999999999989
21
-68.480000000000004
0
LINE
8
BLACK
6
CONTINUOUS
10
87.2199999999999989
20
-68.480000000000004
11
87.2199999999999989
21
-68.3199999999999932
0
LINE
8
BLACK
6
CONTINUOUS
10
87.2199999999999989
20
-68.3199999999999932
11
87.7800000000000011
21
-68.3199999999999932
0
LINE
8
BLACK
6
CONTINUOUS
10
87.7800000000000011
20
-68.3199999999999932
11
87.7800000000000011
21
-68.480000000000004
0
LINE
8
BLACK
6
CONTINUOUS
10
24.5898599999999981
20
-67.8761590000000012
11
24.6267630000000004
21
-67.9008170000000035
0
LINE
8
BLACK
6
CONTINUOUS
10
24.6267630000000004
20
-67.9008170000000035
11
24.6514209999999991
21
-67.9377199999999988
0
LINE
8
BLACK
6
CONTINUOUS
10
24.6514209999999991
20
-67.9377199999999988
11
24.6600799999999971
21
-67.9812500000000028
0
LINE
8
BLACK
6
CONTINUOUS
10
24.6600799999999971
20
-67.9812500000000028
11
24.6600799999999971
21
-68.2087499999999949
0
LINE
8
BLACK
6
CONTINUOUS
10
24.6600799999999971
20
-68.2087499999999949
11
24.6514209999999991
21
-68.2522799999999989
0
LINE
8
BLACK
6
CONTINUOUS
10
24.6514209999999991
20
-68.2522799999999989
11
24.6267630000000004
21
-68.2891829999999942
0
LINE
8
BLACK
6
CONTINUOUS
10
24.6267630000000004
20
-68.2891829999999942
11
24.5898599999999981
21
-68.3138409999999965
0
LINE
8
BLACK
6
CONTINUOUS
10
24.5898599999999981
20
-68.3138409999999965
11
24.5463299999999975
21
-68.3224999999999909
0
LINE
8
BLACK
6
CONTINUOUS
10
24.5463299999999975
20
-68.3224999999999909
11
23.4438299999999984
21
-68.3224999999999909
0
LINE
8
BLACK
6
CONTINUOUS
10
23.4438299999999984
20
-68.3224999999999909
11
23.4002999999999979
21
-68.3138409999999965
0
LINE
8
BLACK
6
CONTINUOUS
10
23.4002999999999979
20
-68.3138409999999965
11
23.3633969999999991
21
-68.2891829999999942
0
LINE
8
BLACK
6
CONTINUOUS
10
23.3633969999999991
20
-68.2891829999999942
11
23.3387390000000003
21
-68.2522799999999989
0
LINE
8
BLACK
6
CONTINUOUS
10
23.3387390000000003
20
-68.2522799999999989
11
23.3300799999999988
21
-68.2087499999999949
0
LINE
8
BLACK
6
CONTINUOUS
10
23.3300799999999988
20
-68.2087499999999949
11
23.3300799999999988
21
-67.9812500000000028
0
LINE
8
BLACK
6
CONTINUOUS
10
23.3300799999999988
20
-67.9812500000000028
11
23.3387390000000003
21
-67.9377199999999988
0
LINE
8
BLACK
6
CONTINUOUS
10
23.3387390000000003
20
-67.9377199999999988
11
23.3633969999999991
21
-67.9008170000000035
0
LINE
8
BLACK
6
CONTINUOUS
10
23.3633969999999991
20
-67.9008170000000035
11
23.4002999999999979
21
-67.8761590000000012
0
LINE
8
BLACK
6
CONTINUOUS
10
23.4002999999999979
20
-67.8761590000000012
11
23.4438299999999984
21
-67.8674999999999926
0
LINE
8
BLACK
6
CONTINUOUS
10
23.4438299999999984
20
-67.8674999999999926
11
24.5463299999999975
21
-67.8674999999999926
0
LINE
8
BLACK
6
CONTINUOUS
10
24.5463299999999975
20
-67.8674999999999926
11
24.5898599999999981
21
-67.8761590000000012
0
LINE
8
BLACK
6
CONTINUOUS
10
50.7800000000000011
20
-68.0799999999999983
11
50.2199999999999989
21
-68.0799999999999983
0
LINE
8
BLACK
6
CONTINUOUS
10
50.2199999999999989
20
-68.0799999999999983
11
50.2199999999999989
21
-67.9200000000000017
0
LINE
8
BLACK
6
CONTINUOUS
10
50.2199999999999989
20
-67.9200000000000017
11
50.7800000000000011
21
-67.9200000000000017
0
LINE
8
BLACK
6
CONTINUOUS
10
50.7800000000000011
20
-67.9200000000000017
11
50.7800000000000011
21
-68.0799999999999983
0
LINE
8
BLACK
6
CONTINUOUS
10
53.8599999999999994
20
-68.0799999999999983
11
53.2999999999999972
21
-68.0799999999999983
0
LINE
8
BLACK
6
CONTINUOUS
10
53.2999999999999972
20
-68.0799999999999983
11
53.2999999999999972
21
-67.9200000000000017
0
LINE
8
BLACK
6
CONTINUOUS
10
53.2999999999999972
20
-67.9200000000000017
11
53.8599999999999994
21
-67.9200000000000017
0
LINE
8
BLACK
6
CONTINUOUS
10
53.8599999999999994
20
-67.9200000000000017
11
53.8599999999999994
21
-68.0799999999999983
0
LINE
8
BLACK
6
CONTINUOUS
10
84.7000000000000028
20
-68.0799999999999983
11
84.1400000000000006
21
-68.0799999999999983
0
LINE
8
BLACK
6
CONTINUOUS
10
84.1400000000000006
20
-68.0799999999999983
11
84.1400000000000006
21
-67.9200000000000017
0
LINE
8
BLACK
6
CONTINUOUS
10
84.1400000000000006
20
-67.9200000000000017
11
84.7000000000000028
21
-67.9200000000000017
0
LINE
8
BLACK
6
CONTINUOUS
10
84.7000000000000028
20
-67.9200000000000017
11
84.7000000000000028
21
-68.0799999999999983
0
LINE
8
BLACK
6
CONTINUOUS
10
87.7800000000000011
20
-68.0799999999999983
11
87.2199999999999989
21
-68.0799999999999983
0
LINE
8
BLACK
6
CONTINUOUS
10
87.2199999999999989
20
-68.0799999999999983
11
87.2199999999999989
21
-67.9200000000000017
0
LINE
8
BLACK
6
CONTINUOUS
10
87.2199999999999989
20
-67.9200000000000017
11
87.7800000000000011
21
-67.9200000000000017
0
LINE
8
BLACK
6
CONTINUOUS
10
87.7800000000000011
20
-67.9200000000000017
11
87.7800000000000011
21
-68.0799999999999983
0
LINE
8
BLACK
6
CONTINUOUS
10
41.6904449999999969
20
-67.055782999999991
11
41.7358649999999969
21
-67.0861309999999946
0
LINE
8
BLACK
6
CONTINUOUS
10
41.7358649999999969
20
-67.0861309999999946
11
41.9338550000000012
21
-67.284120999999999
0
LINE
8
BLACK
6
CONTINUOUS
10
41.9338550000000012
20
-67.284120999999999
11
41.9642029999999977
21
-67.3295409999999919
0
LINE
8
BLACK
6
CONTINUOUS
10
41.9642029999999977
20
-67.3295409999999919
11
41.9748599999999996
21
-67.3831160000000011
0
LINE
8
BLACK
6
CONTINUOUS
10
41.9748599999999996
20
-67.3831160000000011
11
41.9642029999999977
21
-67.4366919999999936
0
LINE
8
BLACK
6
CONTINUOUS
10
41.9642029999999977
20
-67.4366919999999936
11
41.9338550000000012
21
-67.4821110000000033
0
LINE
8
BLACK
6
CONTINUOUS
10
41.9338550000000012
20
-67.4821110000000033
11
41.6863669999999971
21
-67.7295989999999932
0
LINE
8
BLACK
6
CONTINUOUS
10
41.6863669999999971
20
-67.7295989999999932
11
41.6409480000000016
21
-67.7599469999999968
0
LINE
8
BLACK
6
CONTINUOUS
10
41.6409480000000016
20
-67.7599469999999968
11
41.5873719999999949
21
-67.7706039999999916
0
LINE
8
BLACK
6
CONTINUOUS
10
41.5873719999999949
20
-67.7706039999999916
11
41.5337969999999999
21
-67.7599469999999968
0
LINE
8
BLACK
6
CONTINUOUS
10
41.5337969999999999
20
-67.7599469999999968
11
41.4883769999999998
21
-67.7295989999999932
0
LINE
8
BLACK
6
CONTINUOUS
10
41.4883769999999998
20
-67.7295989999999932
11
41.2903869999999955
21
-67.5316090000000031
0
LINE
8
BLACK
6
CONTINUOUS
10
41.2903869999999955
20
-67.5316090000000031
11
41.260038999999999
21
-67.486188999999996
0
LINE
8
BLACK
6
CONTINUOUS
10
41.260038999999999
20
-67.486188999999996
11
41.2493819999999971
21
-67.4326140000000009
0
LINE
8
BLACK
6
CONTINUOUS
10
41.2493819999999971
20
-67.4326140000000009
11
41.260038999999999
21
-67.3790379999999942
0
LINE
8
BLACK
6
CONTINUOUS
10
41.260038999999999
20
-67.3790379999999942
11
41.2903869999999955
21
-67.3336189999999988
0
LINE
8
BLACK
6
CONTINUOUS
10
41.2903869999999955
20
-67.3336189999999988
11
41.5378749999999997
21
-67.0861309999999946
0
LINE
8
BLACK
6
CONTINUOUS
10
41.5378749999999997
20
-67.0861309999999946
11
41.5832939999999951
21
-67.055782999999991
0
LINE
8
BLACK
6
CONTINUOUS
10
41.5832939999999951
20
-67.055782999999991
11
41.6368699999999947
21
-67.0451259999999962
0
LINE
8
BLACK
6
CONTINUOUS
10
41.6368699999999947
20
-67.0451259999999962
11
41.6904449999999969
21
-67.055782999999991
0
LINE
8
BLACK
6
CONTINUOUS
10
50.7800000000000011
20
-67.6799999999999926
11
50.2199999999999989
21
-67.6799999999999926
0
LINE
8
BLACK
6
CONTINUOUS
10
50.2199999999999989
20
-67.6799999999999926
11
50.2199999999999989
21
-67.519999999999996
0
LINE
8
BLACK
6
CONTINUOUS
10
50.2199999999999989
20
-67.519999999999996
11
50.7800000000000011
21
-67.519999999999996
0
LINE
8
BLACK
6
CONTINUOUS
10
50.7800000000000011
20
-67.519999999999996
11
50.7800000000000011
21
-67.6799999999999926
0
LINE
8
BLACK
6
CONTINUOUS
10
53.8599999999999994
20
-67.6799999999999926
11
53.2999999999999972
21
-67.6799999999999926
0
LINE
8
BLACK
6
CONTINUOUS
10
53.2999999999999972
20
-67.6799999999999926
11
53.2999999999999972
21
-67.519999999999996
0
LINE
8
BLACK
6
CONTINUOUS
10
53.2999999999999972
20
-67.519999999999996
11
53.8599999999999994
21
-67.519999999999996
0
LINE
8
BLACK
6
CONTINUOUS
10
53.8599999999999994
20
-67.519999999999996
11
53.8599999999999994
21
-67.6799999999999926
0
LINE
8
BLACK
6
CONTINUOUS
10
84.7000000000000028
20
-67.6799999999999926
11
84.1400000000000006
21
-67.6799999999999926
0
LINE
8
BLACK
6
CONTINUOUS
10
84.1400000000000006
20
-67.6799999999999926
11
84.1400000000000006
21
-67.519999999999996
0
LINE
8
BLACK
6
CONTINUOUS
10
84.1400000000000006
20
-67.519999999999996
11
84.7000000000000028
21
-67.519999999999996
0
LINE
8
BLACK
6
CONTINUOUS
10
84.7000000000000028
20
-67.519999999999996
11
84.7000000000000028
21
-67.6799999999999926
0
LINE
8
BLACK
6
CONTINUOUS
10
87.7800000000000011
20
-67.6799999999999926
11
87.2199999999999989
21
-67.6799999999999926
0
LINE
8
BLACK
6
CONTINUOUS
10
87.2199999999999989
20
-67.6799999999999926
11
87.2199999999999989
21
-67.519999999999996
0
LINE
8
BLACK
6
CONTINUOUS
10
87.2199999999999989
20
-67.519999999999996
11
87.7800000000000011
21
-67.519999999999996
0
LINE
8
BLACK
6
CONTINUOUS
10
87.7800000000000011
20
-67.519999999999996
11
87.7800000000000011
21
-67.6799999999999926
0
LINE
8
BLACK
6
CONTINUOUS
10
33.5873509999999982
20
-66.4888550000000009
11
33.6441249999999954
21
-66.5267910000000029
0
LINE
8
BLACK
6
CONTINUOUS
10
33.6441249999999954
20
-66.5267910000000029
11
34.1143509999999992
21
-66.9970169999999996
0
LINE
8
BLACK
6
CONTINUOUS
10
34.1143509999999992
20
-66.9970169999999996
11
34.1522870000000012
21
-67.0537910000000039
0
LINE
8
BLACK
6
CONTINUOUS
10
34.1522870000000012
20
-67.0537910000000039
11
34.1656079999999989
21
-67.12075999999999
0
LINE
8
BLACK
6
CONTINUOUS
10
34.1656079999999989
20
-67.12075999999999
11
34.1522870000000012
21
-67.187730000000002
0
LINE
8
BLACK
6
CONTINUOUS
10
34.1522870000000012
20
-67.187730000000002
11
34.1143509999999992
21
-67.2445039999999921
0
LINE
8
BLACK
6
CONTINUOUS
10
34.1143509999999992
20
-67.2445039999999921
11
33.8668639999999996
21
-67.4919909999999987
0
LINE
8
BLACK
6
CONTINUOUS
10
33.8668639999999996
20
-67.4919909999999987
11
33.8100899999999953
21
-67.5299270000000007
0
LINE
8
BLACK
6
CONTINUOUS
10
33.8100899999999953
20
-67.5299270000000007
11
33.7431199999999976
21
-67.5432479999999913
0
LINE
8
BLACK
6
CONTINUOUS
10
33.7431199999999976
20
-67.5432479999999913
11
33.6761509999999973
21
-67.5299270000000007
0
LINE
8
BLACK
6
CONTINUOUS
10
33.6761509999999973
20
-67.5299270000000007
11
33.6193770000000001
21
-67.4919909999999987
0
LINE
8
BLACK
6
CONTINUOUS
10
33.6193770000000001
20
-67.4919909999999987
11
33.1491509999999963
21
-67.021765000000002
0
LINE
8
BLACK
6
CONTINUOUS
10
33.1491509999999963
20
-67.021765000000002
11
33.1112150000000014
21
-66.9649909999999977
0
LINE
8
BLACK
6
CONTINUOUS
10
33.1112150000000014
20
-66.9649909999999977
11
33.0978939999999966
21
-66.8980219999999974
0
LINE
8
BLACK
6
CONTINUOUS
10
33.0978939999999966
20
-66.8980219999999974
11
33.1112150000000014
21
-66.8310519999999997
0
LINE
8
BLACK
6
CONTINUOUS
10
33.1112150000000014
20
-66.8310519999999997
11
33.1491509999999963
21
-66.7742779999999954
0
LINE
8
BLACK
6
CONTINUOUS
10
33.1491509999999963
20
-66.7742779999999954
11
33.3966379999999958
21
-66.5267910000000029
0
LINE
8
BLACK
6
CONTINUOUS
10
33.3966379999999958
20
-66.5267910000000029
11
33.4534120000000001
21
-66.4888550000000009
0
LINE
8
BLACK
6
CONTINUOUS
10
33.4534120000000001
20
-66.4888550000000009
11
33.5203819999999979
21
-66.4755339999999961
0
LINE
8
BLACK
6
CONTINUOUS
10
33.5203819999999979
20
-66.4755339999999961
11
33.5873509999999982
21
-66.4888550000000009
0
LINE
8
BLACK
6
CONTINUOUS
10
44.5998359999999963
20
-66.3077119999999951
11
44.6566100000000006
21
-66.3456479999999971
0
LINE
8
BLACK
6
CONTINUOUS
10
44.6566100000000006
20
-66.3456479999999971
11
44.9040970000000002
21
-66.5931350000000037
0
LINE
8
BLACK
6
CONTINUOUS
10
44.9040970000000002
20
-66.5931350000000037
11
44.942032999999995
21
-66.6499089999999939
0
LINE
8
BLACK
6
CONTINUOUS
10
44.942032999999995
20
-66.6499089999999939
11
44.9553539999999998
21
-66.7168789999999916
0
LINE
8
BLACK
6
CONTINUOUS
10
44.9553539999999998
20
-66.7168789999999916
11
44.942032999999995
21
-66.7838479999999919
0
LINE
8
BLACK
6
CONTINUOUS
10
44.942032999999995
20
-66.7838479999999919
11
44.9040970000000002
21
-66.8406219999999962
0
LINE
8
BLACK
6
CONTINUOUS
10
44.9040970000000002
20
-66.8406219999999962
11
44.4338709999999963
21
-67.3108479999999929
0
LINE
8
BLACK
6
CONTINUOUS
10
44.4338709999999963
20
-67.3108479999999929
11
44.3770969999999991
21
-67.3487839999999949
0
LINE
8
BLACK
6
CONTINUOUS
10
44.3770969999999991
20
-67.3487839999999949
11
44.3101279999999988
21
-67.3621049999999997
0
LINE
8
BLACK
6
CONTINUOUS
10
44.3101279999999988
20
-67.3621049999999997
11
44.2431580000000011
21
-67.3487839999999949
0
LINE
8
BLACK
6
CONTINUOUS
10
44.2431580000000011
20
-67.3487839999999949
11
44.1863839999999968
21
-67.3108479999999929
0
LINE
8
BLACK
6
CONTINUOUS
10
44.1863839999999968
20
-67.3108479999999929
11
43.9388969999999972
21
-67.0633610000000004
0
LINE
8
BLACK
6
CONTINUOUS
10
43.9388969999999972
20
-67.0633610000000004
11
43.9009609999999952
21
-67.0065869999999961
0
LINE
8
BLACK
6
CONTINUOUS
10
43.9009609999999952
20
-67.0065869999999961
11
43.8876399999999975
21
-66.9396169999999984
0
LINE
8
BLACK
6
CONTINUOUS
10
43.8876399999999975
20
-66.9396169999999984
11
43.9009609999999952
21
-66.8726479999999981
0
LINE
8
BLACK
6
CONTINUOUS
10
43.9009609999999952
20
-66.8726479999999981
11
43.9388969999999972
21
-66.8158739999999938
0
LINE
8
BLACK
6
CONTINUOUS
10
43.9388969999999972
20
-66.8158739999999938
11
44.409123000000001
21
-66.3456479999999971
0
LINE
8
BLACK
6
CONTINUOUS
10
44.409123000000001
20
-66.3456479999999971
11
44.4658969999999982
21
-66.3077119999999951
0
LINE
8
BLACK
6
CONTINUOUS
10
44.4658969999999982
20
-66.3077119999999951
11
44.5328659999999985
21
-66.2943909999999903
0
LINE
8
BLACK
6
CONTINUOUS
10
44.5328659999999985
20
-66.2943909999999903
11
44.5998359999999963
21
-66.3077119999999951
0
LINE
8
BLACK
6
CONTINUOUS
10
50.7800000000000011
20
-67.2800000000000011
11
50.2199999999999989
21
-67.2800000000000011
0
LINE
8
BLACK
6
CONTINUOUS
10
50.2199999999999989
20
-67.2800000000000011
11
50.2199999999999989
21
-67.1199999999999903
0
LINE
8
BLACK
6
CONTINUOUS
10
50.2199999999999989
20
-67.1199999999999903
11
50.7800000000000011
21
-67.1199999999999903
0
LINE
8
BLACK
6
CONTINUOUS
10
50.7800000000000011
20
-67.1199999999999903
11
50.7800000000000011
21
-67.2800000000000011
0
LINE
8
BLACK
6
CONTINUOUS
10
53.8599999999999994
20
-67.2800000000000011
11
53.2999999999999972
21
-67.2800000000000011
0
LINE
8
BLACK
6
CONTINUOUS
10
53.2999999999999972
20
-67.2800000000000011
11
53.2999999999999972
21
-67.1199999999999903
0
LINE
8
BLACK
6
CONTINUOUS
10
53.2999999999999972
20
-67.1199999999999903
11
53.8599999999999994
21
-67.1199999999999903
0
LINE
8
BLACK
6
CONTINUOUS
10
53.8599999999999994
20
-67.1199999999999903
11
53.8599999999999994
21
-67.2800000000000011
0
LINE
8
BLACK
6
CONTINUOUS
10
84.7000000000000028
20
-67.2800000000000011
11
84.1400000000000006
21
-67.2800000000000011
0
LINE
8
BLACK
6
CONTINUOUS
10
84.1400000000000006
20
-67.2800000000000011
11
84.1400000000000006
21
-67.1199999999999903
0
LINE
8
BLACK
6
CONTINUOUS
10
84.1400000000000006
20
-67.1199999999999903
11
84.7000000000000028
21
-67.1199999999999903
0
LINE
8
BLACK
6
CONTINUOUS
10
84.7000000000000028
20
-67.1199999999999903
11
84.7000000000000028
21
-67.2800000000000011
0
LINE
8
BLACK
6
CONTINUOUS
10
87.7800000000000011
20
-67.2800000000000011
11
87.2199999999999989
21
-67.2800000000000011
0
LINE
8
BLACK
6
CONTINUOUS
10
87.2199999999999989
20
-67.2800000000000011
11
87.2199999999999989
21
-67.1199999999999903
0
LINE
8
BLACK
6
CONTINUOUS
10
87.2199999999999989
20
-67.1199999999999903
11
87.7800000000000011
21
-67.1199999999999903
0
LINE
8
BLACK
6
CONTINUOUS
10
87.7800000000000011
20
-67.1199999999999903
11
87.7800000000000011
21
-67.2800000000000011
0
LINE
8
BLACK
6
CONTINUOUS
10
40.912627999999998
20
-66.2779659999999922
11
40.958047999999998
21
-66.3083139999999958
0
LINE
8
BLACK
6
CONTINUOUS
10
40.958047999999998
20
-66.3083139999999958
11
41.1560379999999952
21
-66.5063040000000001
0
LINE
8
BLACK
6
CONTINUOUS
10
41.1560379999999952
20
-66.5063040000000001
11
41.1863859999999988
21
-66.551723999999993
0
LINE
8
BLACK
6
CONTINUOUS
10
41.1863859999999988
20
-66.551723999999993
11
41.1970430000000007
21
-66.6052990000000023
0
LINE
8
BLACK
6
CONTINUOUS
10
41.1970430000000007
20
-66.6052990000000023
11
41.1863859999999988
21
-66.6588749999999948
0
LINE
8
BLACK
6
CONTINUOUS
10
41.1863859999999988
20
-66.6588749999999948
11
41.1560379999999952
21
-66.7042939999999902
0
LINE
8
BLACK
6
CONTINUOUS
10
41.1560379999999952
20
-66.7042939999999902
11
40.9085499999999982
21
-66.9517819999999944
0
LINE
8
BLACK
6
CONTINUOUS
10
40.9085499999999982
20
-66.9517819999999944
11
40.8631309999999957
21
-66.9821299999999979
0
LINE
8
BLACK
6
CONTINUOUS
10
40.8631309999999957
20
-66.9821299999999979
11
40.809554999999996
21
-66.9927869999999928
0
LINE
8
BLACK
6
CONTINUOUS
10
40.809554999999996
20
-66.9927869999999928
11
40.755980000000001
21
-66.9821299999999979
0
LINE
8
BLACK
6
CONTINUOUS
10
40.755980000000001
20
-66.9821299999999979
11
40.710560000000001
21
-66.9517819999999944
0
LINE
8
BLACK
6
CONTINUOUS
10
40.710560000000001
20
-66.9517819999999944
11
40.5125699999999966
21
-66.75379199999999
0
LINE
8
BLACK
6
CONTINUOUS
10
40.5125699999999966
20
-66.75379199999999
11
40.4822220000000002
21
-66.7083719999999971
0
LINE
8
BLACK
6
CONTINUOUS
10
40.4822220000000002
20
-66.7083719999999971
11
40.4715649999999982
21
-66.6547970000000021
0
LINE
8
BLACK
6
CONTINUOUS
10
40.4715649999999982
20
-66.6547970000000021
11
40.4822220000000002
21
-66.6012209999999953
0
LINE
8
BLACK
6
CONTINUOUS
10
40.4822220000000002
20
-66.6012209999999953
11
40.5125699999999966
21
-66.5558019999999999
0
LINE
8
BLACK
6
CONTINUOUS
10
40.5125699999999966
20
-66.5558019999999999
11
40.7600580000000008
21
-66.3083139999999958
0
LINE
8
BLACK
6
CONTINUOUS
10
40.7600580000000008
20
-66.3083139999999958
11
40.8054769999999962
21
-66.2779659999999922
0
LINE
8
BLACK
6
CONTINUOUS
10
40.8054769999999962
20
-66.2779659999999922
11
40.8590529999999958
21
-66.2673089999999974
0
LINE
8
BLACK
6
CONTINUOUS
10
40.8590529999999958
20
-66.2673089999999974
11
40.912627999999998
21
-66.2779659999999922
0
LINE
8
BLACK
6
CONTINUOUS
10
50.7800000000000011
20
-66.8799999999999955
11
50.2199999999999989
21
-66.8799999999999955
0
LINE
8
BLACK
6
CONTINUOUS
10
50.2199999999999989
20
-66.8799999999999955
11
50.2199999999999989
21
-66.7199999999999989
0
LINE
8
BLACK
6
CONTINUOUS
10
50.2199999999999989
20
-66.7199999999999989
11
50.7800000000000011
21
-66.7199999999999989
0
LINE
8
BLACK
6
CONTINUOUS
10
50.7800000000000011
20
-66.7199999999999989
11
50.7800000000000011
21
-66.8799999999999955
0
LINE
8
BLACK
6
CONTINUOUS
10
53.8599999999999994
20
-66.8799999999999955
11
53.2999999999999972
21
-66.8799999999999955
0
LINE
8
BLACK
6
CONTINUOUS
10
53.2999999999999972
20
-66.8799999999999955
11
53.2999999999999972
21
-66.7199999999999989
0
LINE
8
BLACK
6
CONTINUOUS
10
53.2999999999999972
20
-66.7199999999999989
11
53.8599999999999994
21
-66.7199999999999989
0
LINE
8
BLACK
6
CONTINUOUS
10
53.8599999999999994
20
-66.7199999999999989
11
53.8599999999999994
21
-66.8799999999999955
0
LINE
8
BLACK
6
CONTINUOUS
10
84.7000000000000028
20
-66.8799999999999955
11
84.1400000000000006
21
-66.8799999999999955
0
LINE
8
BLACK
6
CONTINUOUS
10
84.1400000000000006
20
-66.8799999999999955
11
84.1400000000000006
21
-66.7199999999999989
0
LINE
8
BLACK
6
CONTINUOUS
10
84.1400000000000006
20
-66.7199999999999989
11
84.7000000000000028
21
-66.7199999999999989
0
LINE
8
BLACK
6
CONTINUOUS
10
84.7000000000000028
20
-66.7199999999999989
11
84.7000000000000028
21
-66.8799999999999955
0
LINE
8
BLACK
6
CONTINUOUS
10
87.7800000000000011
20
-66.8799999999999955
11
87.2199999999999989
21
-66.8799999999999955
0
LINE
8
BLACK
6
CONTINUOUS
10
87.2199999999999989
20
-66.8799999999999955
11
87.2199999999999989
21
-66.7199999999999989
0
LINE
8
BLACK
6
CONTINUOUS
10
87.2199999999999989
20
-66.7199999999999989
11
87.7800000000000011
21
-66.7199999999999989
0
LINE
8
BLACK
6
CONTINUOUS
10
87.7800000000000011
20
-66.7199999999999989
11
87.7800000000000011
21
-66.8799999999999955
0
LINE
8
BLACK
6
CONTINUOUS
10
42.6803939999999997
20
-66.0658339999999953
11
42.7258139999999997
21
-66.0961819999999989
0
LINE
8
BLACK
6
CONTINUOUS
10
42.7258139999999997
20
-66.0961819999999989
11
42.923803999999997
21
-66.2941720000000032
0
LINE
8
BLACK
6
CONTINUOUS
10
42.923803999999997
20
-66.2941720000000032
11
42.9541520000000006
21
-66.3395919999999961
0
LINE
8
BLACK
6
CONTINUOUS
10
42.9541520000000006
20
-66.3395919999999961
11
42.9648089999999954
21
-66.3931669999999912
0
LINE
8
BLACK
6
CONTINUOUS
10
42.9648089999999954
20
-66.3931669999999912
11
42.9541520000000006
21
-66.4467429999999979
0
LINE
8
BLACK
6
CONTINUOUS
10
42.9541520000000006
20
-66.4467429999999979
11
42.923803999999997
21
-66.4921619999999933
0
LINE
8
BLACK
6
CONTINUOUS
10
42.923803999999997
20
-66.4921619999999933
11
42.6763159999999999
21
-66.7396499999999975
0
LINE
8
BLACK
6
CONTINUOUS
10
42.6763159999999999
20
-66.7396499999999975
11
42.6308969999999974
21
-66.7699980000000011
0
LINE
8
BLACK
6
CONTINUOUS
10
42.6308969999999974
20
-66.7699980000000011
11
42.5773209999999978
21
-66.7806549999999959
0
LINE
8
BLACK
6
CONTINUOUS
10
42.5773209999999978
20
-66.7806549999999959
11
42.5237459999999956
21
-66.7699980000000011
0
LINE
8
BLACK
6
CONTINUOUS
10
42.5237459999999956
20
-66.7699980000000011
11
42.4783259999999956
21
-66.7396499999999975
0
LINE
8
BLACK
6
CONTINUOUS
10
42.4783259999999956
20
-66.7396499999999975
11
42.2803359999999984
21
-66.5416599999999931
0
LINE
8
BLACK
6
CONTINUOUS
10
42.2803359999999984
20
-66.5416599999999931
11
42.2499879999999948
21
-66.4962400000000002
0
LINE
8
BLACK
6
CONTINUOUS
10
42.2499879999999948
20
-66.4962400000000002
11
42.239331
21
-66.442664999999991
0
LINE
8
BLACK
6
CONTINUOUS
10
42.239331
20
-66.442664999999991
11
42.2499879999999948
21
-66.3890889999999985
0
LINE
8
BLACK
6
CONTINUOUS
10
42.2499879999999948
20
-66.3890889999999985
11
42.2803359999999984
21
-66.343670000000003
0
LINE
8
BLACK
6
CONTINUOUS
10
42.2803359999999984
20
-66.343670000000003
11
42.5278239999999954
21
-66.0961819999999989
0
LINE
8
BLACK
6
CONTINUOUS
10
42.5278239999999954
20
-66.0961819999999989
11
42.5732429999999979
21
-66.0658339999999953
0
LINE
8
BLACK
6
CONTINUOUS
10
42.5732429999999979
20
-66.0658339999999953
11
42.6268189999999976
21
-66.0551770000000005
0
LINE
8
BLACK
6
CONTINUOUS
10
42.6268189999999976
20
-66.0551770000000005
11
42.6803939999999997
21
-66.0658339999999953
0
LINE
8
BLACK
6
CONTINUOUS
10
46.5300900000000013
20
-65.4612149999999957
11
46.5868639999999985
21
-65.4991509999999977
0
LINE
8
BLACK
6
CONTINUOUS
10
46.5868639999999985
20
-65.4991509999999977
11
46.8343509999999981
21
-65.7466379999999901
0
LINE
8
BLACK
6
CONTINUOUS
10
46.8343509999999981
20
-65.7466379999999901
11
46.872287
21
-65.8034119999999945
0
LINE
8
BLACK
6
CONTINUOUS
10
46.872287
20
-65.8034119999999945
11
46.8856079999999977
21
-65.8703819999999922
0
LINE
8
BLACK
6
CONTINUOUS
10
46.8856079999999977
20
-65.8703819999999922
11
46.872287
21
-65.9373509999999925
0
LINE
8
BLACK
6
CONTINUOUS
10
46.872287
20
-65.9373509999999925
11
46.8343509999999981
21
-65.9941249999999968
0
LINE
8
BLACK
6
CONTINUOUS
10
46.8343509999999981
20
-65.9941249999999968
11
46.3641250000000014
21
-66.4643509999999935
0
LINE
8
BLACK
6
CONTINUOUS
10
46.3641250000000014
20
-66.4643509999999935
11
46.307350999999997
21
-66.5022869999999955
0
LINE
8
BLACK
6
CONTINUOUS
10
46.307350999999997
20
-66.5022869999999955
11
46.2403819999999968
21
-66.5156080000000003
0
LINE
8
BLACK
6
CONTINUOUS
10
46.2403819999999968
20
-66.5156080000000003
11
46.173411999999999
21
-66.5022869999999955
0
LINE
8
BLACK
6
CONTINUOUS
10
46.173411999999999
20
-66.5022869999999955
11
46.1166379999999947
21
-66.4643509999999935
0
LINE
8
BLACK
6
CONTINUOUS
10
46.1166379999999947
20
-66.4643509999999935
11
45.8691509999999951
21
-66.2168640000000011
0
LINE
8
BLACK
6
CONTINUOUS
10
45.8691509999999951
20
-66.2168640000000011
11
45.8312150000000003
21
-66.1600899999999967
0
LINE
8
BLACK
6
CONTINUOUS
10
45.8312150000000003
20
-66.1600899999999967
11
45.8178939999999955
21
-66.093119999999999
0
LINE
8
BLACK
6
CONTINUOUS
10
45.8178939999999955
20
-66.093119999999999
11
45.8312150000000003
21
-66.0261509999999987
0
LINE
8
BLACK
6
CONTINUOUS
10
45.8312150000000003
20
-66.0261509999999987
11
45.8691509999999951
21
-65.9693769999999944
0
LINE
8
BLACK
6
CONTINUOUS
10
45.8691509999999951
20
-65.9693769999999944
11
46.3393769999999989
21
-65.4991509999999977
0
LINE
8
BLACK
6
CONTINUOUS
10
46.3393769999999989
20
-65.4991509999999977
11
46.3961509999999961
21
-65.4612149999999957
0
LINE
8
BLACK
6
CONTINUOUS
10
46.3961509999999961
20
-65.4612149999999957
11
46.4631199999999964
21
-65.4478939999999909
0
LINE
8
BLACK
6
CONTINUOUS
10
46.4631199999999964
20
-65.4478939999999909
11
46.5300900000000013
21
-65.4612149999999957
0
LINE
8
BLACK
6
CONTINUOUS
10
50.7800000000000011
20
-66.480000000000004
11
50.2199999999999989
21
-66.480000000000004
0
LINE
8
BLACK
6
CONTINUOUS
10
50.2199999999999989
20
-66.480000000000004
11
50.2199999999999989
21
-66.3199999999999932
0
LINE
8
BLACK
6
CONTINUOUS
10
50.2199999999999989
20
-66.3199999999999932
11
50.7800000000000011
21
-66.3199999999999932
0
LINE
8
BLACK
6
CONTINUOUS
10
50.7800000000000011
20
-66.3199999999999932
11
50.7800000000000011
21
-66.480000000000004
0
LINE
8
BLACK
6
CONTINUOUS
10
53.8599999999999994
20
-66.480000000000004
11
53.2999999999999972
21
-66.480000000000004
0
LINE
8
BLACK
6
CONTINUOUS
10
53.2999999999999972
20
-66.480000000000004
11
53.2999999999999972
21
-66.3199999999999932
0
LINE
8
BLACK
6
CONTINUOUS
10
53.2999999999999972
20
-66.3199999999999932
11
53.8599999999999994
21
-66.3199999999999932
0
LINE
8
BLACK
6
CONTINUOUS
10
53.8599999999999994
20
-66.3199999999999932
11
53.8599999999999994
21
-66.480000000000004
0
LINE
8
BLACK
6
CONTINUOUS
10
84.7000000000000028
20
-66.480000000000004
11
84.1400000000000006
21
-66.480000000000004
0
LINE
8
BLACK
6
CONTINUOUS
10
84.1400000000000006
20
-66.480000000000004
11
84.1400000000000006
21
-66.3199999999999932
0
LINE
8
BLACK
6
CONTINUOUS
10
84.1400000000000006
20
-66.3199999999999932
11
84.7000000000000028
21
-66.3199999999999932
0
LINE
8
BLACK
6
CONTINUOUS
10
84.7000000000000028
20
-66.3199999999999932
11
84.7000000000000028
21
-66.480000000000004
0
LINE
8
BLACK
6
CONTINUOUS
10
87.7800000000000011
20
-66.480000000000004
11
87.2199999999999989
21
-66.480000000000004
0
LINE
8
BLACK
6
CONTINUOUS
10
87.2199999999999989
20
-66.480000000000004
11
87.2199999999999989
21
-66.3199999999999932
0
LINE
8
BLACK
6
CONTINUOUS
10
87.2199999999999989
20
-66.3199999999999932
11
87.7800000000000011
21
-66.3199999999999932
0
LINE
8
BLACK
6
CONTINUOUS
10
87.7800000000000011
20
-66.3199999999999932
11
87.7800000000000011
21
-66.480000000000004
0
LINE
8
BLACK
6
CONTINUOUS
10
50.7800000000000011
20
-66.0799999999999983
11
50.2199999999999989
21
-66.0799999999999983
0
LINE
8
BLACK
6
CONTINUOUS
10
50.2199999999999989
20
-66.0799999999999983
11
50.2199999999999989
21
-65.9200000000000017
0
LINE
8
BLACK
6
CONTINUOUS
10
50.2199999999999989
20
-65.9200000000000017
11
50.7800000000000011
21
-65.9200000000000017
0
LINE
8
BLACK
6
CONTINUOUS
10
50.7800000000000011
20
-65.9200000000000017
11
50.7800000000000011
21
-66.0799999999999983
0
LINE
8
BLACK
6
CONTINUOUS
10
53.8599999999999994
20
-66.0799999999999983
11
53.2999999999999972
21
-66.0799999999999983
0
LINE
8
BLACK
6
CONTINUOUS
10
53.2999999999999972
20
-66.0799999999999983
11
53.2999999999999972
21
-65.9200000000000017
0
LINE
8
BLACK
6
CONTINUOUS
10
53.2999999999999972
20
-65.9200000000000017
11
53.8599999999999994
21
-65.9200000000000017
0
LINE
8
BLACK
6
CONTINUOUS
10
53.8599999999999994
20
-65.9200000000000017
11
53.8599999999999994
21
-66.0799999999999983
0
LINE
8
BLACK
6
CONTINUOUS
10
84.7000000000000028
20
-66.0799999999999983
11
84.1400000000000006
21
-66.0799999999999983
0
LINE
8
BLACK
6
CONTINUOUS
10
84.1400000000000006
20
-66.0799999999999983
11
84.1400000000000006
21
-65.9200000000000017
0
LINE
8
BLACK
6
CONTINUOUS
10
84.1400000000000006
20
-65.9200000000000017
11
84.7000000000000028
21
-65.9200000000000017
0
LINE
8
BLACK
6
CONTINUOUS
10
84.7000000000000028
20
-65.9200000000000017
11
84.7000000000000028
21
-66.0799999999999983
0
LINE
8
BLACK
6
CONTINUOUS
10
87.7800000000000011
20
-66.0799999999999983
11
87.2199999999999989
21
-66.0799999999999983
0
LINE
8
BLACK
6
CONTINUOUS
10
87.2199999999999989
20
-66.0799999999999983
11
87.2199999999999989
21
-65.9200000000000017
0
LINE
8
BLACK
6
CONTINUOUS
10
87.2199999999999989
20
-65.9200000000000017
11
87.7800000000000011
21
-65.9200000000000017
0
LINE
8
BLACK
6
CONTINUOUS
10
87.7800000000000011
20
-65.9200000000000017
11
87.7800000000000011
21
-66.0799999999999983
0
LINE
8
BLACK
6
CONTINUOUS
10
41.9025770000000009
20
-65.2880169999999964
11
41.9479970000000009
21
-65.318365
0
LINE
8
BLACK
6
CONTINUOUS
10
41.9479970000000009
20
-65.318365
11
42.1459869999999981
21
-65.5163549999999901
0
LINE
8
BLACK
6
CONTINUOUS
10
42.1459869999999981
20
-65.5163549999999901
11
42.1763349999999946
21
-65.5617749999999972
0
LINE
8
BLACK
6
CONTINUOUS
10
42.1763349999999946
20
-65.5617749999999972
11
42.1869919999999965
21
-65.6153499999999923
0
LINE
8
BLACK
6
CONTINUOUS
10
42.1869919999999965
20
-65.6153499999999923
11
42.1763349999999946
21
-65.668925999999999
0
LINE
8
BLACK
6
CONTINUOUS
10
42.1763349999999946
20
-65.668925999999999
11
42.1459869999999981
21
-65.7143449999999945
0
LINE
8
BLACK
6
CONTINUOUS
10
42.1459869999999981
20
-65.7143449999999945
11
41.898499000000001
21
-65.9618329999999986
0
LINE
8
BLACK
6
CONTINUOUS
10
41.898499000000001
20
-65.9618329999999986
11
41.8530799999999985
21
-65.9921810000000022
0
LINE
8
BLACK
6
CONTINUOUS
10
41.8530799999999985
20
-65.9921810000000022
11
41.7995039999999989
21
-66.002837999999997
0
LINE
8
BLACK
6
CONTINUOUS
10
41.7995039999999989
20
-66.002837999999997
11
41.7459289999999967
21
-65.9921810000000022
0
LINE
8
BLACK
6
CONTINUOUS
10
41.7459289999999967
20
-65.9921810000000022
11
41.7005089999999967
21
-65.9618329999999986
0
LINE
8
BLACK
6
CONTINUOUS
10
41.7005089999999967
20
-65.9618329999999986
11
41.5025189999999995
21
-65.7638429999999943
0
LINE
8
BLACK
6
CONTINUOUS
10
41.5025189999999995
20
-65.7638429999999943
11
41.4721709999999959
21
-65.7184230000000014
0
LINE
8
BLACK
6
CONTINUOUS
10
41.4721709999999959
20
-65.7184230000000014
11
41.4615140000000011
21
-65.6648479999999921
0
LINE
8
BLACK
6
CONTINUOUS
10
41.4615140000000011
20
-65.6648479999999921
11
41.4721709999999959
21
-65.6112719999999996
0
LINE
8
BLACK
6
CONTINUOUS
10
41.4721709999999959
20
-65.6112719999999996
11
41.5025189999999995
21
-65.5658529999999899
0
LINE
8
BLACK
6
CONTINUOUS
10
41.5025189999999995
20
-65.5658529999999899
11
41.7500069999999965
21
-65.318365
0
LINE
8
BLACK
6
CONTINUOUS
10
41.7500069999999965
20
-65.318365
11
41.7954259999999991
21
-65.2880169999999964
0
LINE
8
BLACK
6
CONTINUOUS
10
41.7954259999999991
20
-65.2880169999999964
11
41.8490019999999987
21
-65.2773600000000016
0
LINE
8
BLACK
6
CONTINUOUS
10
41.8490019999999987
20
-65.2773600000000016
11
41.9025770000000009
21
-65.2880169999999964
0
LINE
8
BLACK
6
CONTINUOUS
10
31.1100899999999996
20
-64.7112149999999957
11
31.1668640000000003
21
-64.7491509999999977
0
LINE
8
BLACK
6
CONTINUOUS
10
31.1668640000000003
20
-64.7491509999999977
11
31.4143509999999999
21
-64.9966379999999901
0
LINE
8
BLACK
6
CONTINUOUS
10
31.4143509999999999
20
-64.9966379999999901
11
31.4522869999999983
21
-65.0534119999999945
0
LINE
8
BLACK
6
CONTINUOUS
10
31.4522869999999983
20
-65.0534119999999945
11
31.4656079999999996
21
-65.1203819999999922
0
LINE
8
BLACK
6
CONTINUOUS
10
31.4656079999999996
20
-65.1203819999999922
11
31.4522869999999983
21
-65.1873509999999925
0
LINE
8
BLACK
6
CONTINUOUS
10
31.4522869999999983
20
-65.1873509999999925
11
31.4143509999999999
21
-65.2441249999999968
0
LINE
8
BLACK
6
CONTINUOUS
10
31.4143509999999999
20
-65.2441249999999968
11
30.9441249999999997
21
-65.7143509999999935
0
LINE
8
BLACK
6
CONTINUOUS
10
30.9441249999999997
20
-65.7143509999999935
11
30.8873509999999989
21
-65.7522869999999955
0
LINE
8
BLACK
6
CONTINUOUS
10
30.8873509999999989
20
-65.7522869999999955
11
30.8203819999999986
21
-65.7656080000000003
0
LINE
8
BLACK
6
CONTINUOUS
10
30.8203819999999986
20
-65.7656080000000003
11
30.7534119999999973
21
-65.7522869999999955
0
LINE
8
BLACK
6
CONTINUOUS
10
30.7534119999999973
20
-65.7522869999999955
11
30.6966380000000001
21
-65.7143509999999935
0
LINE
8
BLACK
6
CONTINUOUS
10
30.6966380000000001
20
-65.7143509999999935
11
30.449150999999997
21
-65.4668640000000011
0
LINE
8
BLACK
6
CONTINUOUS
10
30.449150999999997
20
-65.4668640000000011
11
30.4112149999999986
21
-65.4100899999999967
0
LINE
8
BLACK
6
CONTINUOUS
10
30.4112149999999986
20
-65.4100899999999967
11
30.3978939999999973
21
-65.343119999999999
0
LINE
8
BLACK
6
CONTINUOUS
10
30.3978939999999973
20
-65.343119999999999
11
30.4112149999999986
21
-65.2761509999999987
0
LINE
8
BLACK
6
CONTINUOUS
10
30.4112149999999986
20
-65.2761509999999987
11
30.449150999999997
21
-65.2193769999999944
0
LINE
8
BLACK
6
CONTINUOUS
10
30.449150999999997
20
-65.2193769999999944
11
30.9193769999999972
21
-64.7491509999999977
0
LINE
8
BLACK
6
CONTINUOUS
10
30.9193769999999972
20
-64.7491509999999977
11
30.976150999999998
21
-64.7112149999999957
0
LINE
8
BLACK
6
CONTINUOUS
10
30.976150999999998
20
-64.7112149999999957
11
31.0431199999999983
21
-64.6978939999999909
0
LINE
8
BLACK
6
CONTINUOUS
10
31.0431199999999983
20
-64.6978939999999909
11
31.1100899999999996
21
-64.7112149999999957
0
LINE
8
BLACK
6
CONTINUOUS
10
50.7800000000000011
20
-65.6799999999999926
11
50.2199999999999989
21
-65.6799999999999926
0
LINE
8
BLACK
6
CONTINUOUS
10
50.2199999999999989
20
-65.6799999999999926
11
50.2199999999999989
21
-65.519999999999996
0
LINE
8
BLACK
6
CONTINUOUS
10
50.2199999999999989
20
-65.519999999999996
11
50.7800000000000011
21
-65.519999999999996
0
LINE
8
BLACK
6
CONTINUOUS
10
50.7800000000000011
20
-65.519999999999996
11
50.7800000000000011
21
-65.6799999999999926
0
LINE
8
BLACK
6
CONTINUOUS
10
53.8599999999999994
20
-65.6799999999999926
11
53.2999999999999972
21
-65.6799999999999926
0
LINE
8
BLACK
6
CONTINUOUS
10
53.2999999999999972
20
-65.6799999999999926
11
53.2999999999999972
21
-65.519999999999996
0
LINE
8
BLACK
6
CONTINUOUS
10
53.2999999999999972
20
-65.519999999999996
11
53.8599999999999994
21
-65.519999999999996
0
LINE
8
BLACK
6
CONTINUOUS
10
53.8599999999999994
20
-65.519999999999996
11
53.8599999999999994
21
-65.6799999999999926
0
LINE
8
BLACK
6
CONTINUOUS
10
84.7000000000000028
20
-65.6799999999999926
11
84.1400000000000006
21
-65.6799999999999926
0
LINE
8
BLACK
6
CONTINUOUS
10
84.1400000000000006
20
-65.6799999999999926
11
84.1400000000000006
21
-65.519999999999996
0
LINE
8
BLACK
6
CONTINUOUS
10
84.1400000000000006
20
-65.519999999999996
11
84.7000000000000028
21
-65.519999999999996
0
LINE
8
BLACK
6
CONTINUOUS
10
84.7000000000000028
20
-65.519999999999996
11
84.7000000000000028
21
-65.6799999999999926
0
LINE
8
BLACK
6
CONTINUOUS
10
87.7800000000000011
20
-65.6799999999999926
11
87.2199999999999989
21
-65.6799999999999926
0
LINE
8
BLACK
6
CONTINUOUS
10
87.2199999999999989
20
-65.6799999999999926
11
87.2199999999999989
21
-65.519999999999996
0
LINE
8
BLACK
6
CONTINUOUS
10
87.2199999999999989
20
-65.519999999999996
11
87.7800000000000011
21
-65.519999999999996
0
LINE
8
BLACK
6
CONTINUOUS
10
87.7800000000000011
20
-65.519999999999996
11
87.7800000000000011
21
-65.6799999999999926
0
LINE
8
BLACK
6
CONTINUOUS
10
37.289634999999997
20
-65.2479440000000039
11
36.8689070000000001
21
-65.6686720000000008
0
LINE
8
BLACK
6
CONTINUOUS
10
36.8689070000000001
20
-65.6686720000000008
11
36.7204149999999956
21
-65.5201799999999963
0
LINE
8
BLACK
6
CONTINUOUS
10
36.7204149999999956
20
-65.5201799999999963
11
37.1411429999999996
21
-65.0994519999999994
0
LINE
8
BLACK
6
CONTINUOUS
10
37.1411429999999996
20
-65.0994519999999994
11
37.289634999999997
21
-65.2479440000000039
0
LINE
8
BLACK
6
CONTINUOUS
10
38.2795849999999973
20
-65.5201799999999963
11
38.1310929999999999
21
-65.6686720000000008
0
LINE
8
BLACK
6
CONTINUOUS
10
38.1310929999999999
20
-65.6686720000000008
11
37.7103649999999959
21
-65.2479440000000039
0
LINE
8
BLACK
6
CONTINUOUS
10
37.7103649999999959
20
-65.2479440000000039
11
37.8588570000000004
21
-65.0994519999999994
0
LINE
8
BLACK
6
CONTINUOUS
10
37.8588570000000004
20
-65.0994519999999994
11
38.2795849999999973
21
-65.5201799999999963
0
LINE
8
BLACK
6
CONTINUOUS
10
36.936081999999999
20
-64.8943909999999988
11
36.515353999999995
21
-65.3151189999999957
0
LINE
8
BLACK
6
CONTINUOUS
10
36.515353999999995
20
-65.3151189999999957
11
36.3668619999999976
21
-65.1666269999999912
0
LINE
8
BLACK
6
CONTINUOUS
10
36.3668619999999976
20
-65.1666269999999912
11
36.7875900000000016
21
-64.7458989999999943
0
LINE
8
BLACK
6
CONTINUOUS
10
36.7875900000000016
20
-64.7458989999999943
11
36.936081999999999
21
-64.8943909999999988
0
LINE
8
BLACK
6
CONTINUOUS
10
38.6331379999999953
20
-65.1666269999999912
11
38.4846459999999979
21
-65.3151189999999957
0
LINE
8
BLACK
6
CONTINUOUS
10
38.4846459999999979
20
-65.3151189999999957
11
38.063918000000001
21
-64.8943909999999988
0
LINE
8
BLACK
6
CONTINUOUS
10
38.063918000000001
20
-64.8943909999999988
11
38.2124099999999984
21
-64.7458989999999943
0
LINE
8
BLACK
6
CONTINUOUS
10
38.2124099999999984
20
-64.7458989999999943
11
38.6331379999999953
21
-65.1666269999999912
0
LINE
8
BLACK
6
CONTINUOUS
10
50.7800000000000011
20
-65.2800000000000011
11
50.2199999999999989
21
-65.2800000000000011
0
LINE
8
BLACK
6
CONTINUOUS
10
50.2199999999999989
20
-65.2800000000000011
11
50.2199999999999989
21
-65.1199999999999903
0
LINE
8
BLACK
6
CONTINUOUS
10
50.2199999999999989
20
-65.1199999999999903
11
50.7800000000000011
21
-65.1199999999999903
0
LINE
8
BLACK
6
CONTINUOUS
10
50.7800000000000011
20
-65.1199999999999903
11
50.7800000000000011
21
-65.2800000000000011
0
LINE
8
BLACK
6
CONTINUOUS
10
53.8599999999999994
20
-65.2800000000000011
11
53.2999999999999972
21
-65.2800000000000011
0
LINE
8
BLACK
6
CONTINUOUS
10
53.2999999999999972
20
-65.2800000000000011
11
53.2999999999999972
21
-65.1199999999999903
0
LINE
8
BLACK
6
CONTINUOUS
10
53.2999999999999972
20
-65.1199999999999903
11
53.8599999999999994
21
-65.1199999999999903
0
LINE
8
BLACK
6
CONTINUOUS
10
53.8599999999999994
20
-65.1199999999999903
11
53.8599999999999994
21
-65.2800000000000011
0
LINE
8
BLACK
6
CONTINUOUS
10
84.7000000000000028
20
-65.2800000000000011
11
84.1400000000000006
21
-65.2800000000000011
0
LINE
8
BLACK
6
CONTINUOUS
10
84.1400000000000006
20
-65.2800000000000011
11
84.1400000000000006
21
-65.1199999999999903
0
LINE
8
BLACK
6
CONTINUOUS
10
84.1400000000000006
20
-65.1199999999999903
11
84.7000000000000028
21
-65.1199999999999903
0
LINE
8
BLACK
6
CONTINUOUS
10
84.7000000000000028
20
-65.1199999999999903
11
84.7000000000000028
21
-65.2800000000000011
0
LINE
8
BLACK
6
CONTINUOUS
10
87.7800000000000011
20
-65.2800000000000011
11
87.2199999999999989
21
-65.2800000000000011
0
LINE
8
BLACK
6
CONTINUOUS
10
87.2199999999999989
20
-65.2800000000000011
11
87.2199999999999989
21
-65.1199999999999903
0
LINE
8
BLACK
6
CONTINUOUS
10
87.2199999999999989
20
-65.1199999999999903
11
87.7800000000000011
21
-65.1199999999999903
0
LINE
8
BLACK
6
CONTINUOUS
10
87.7800000000000011
20
-65.1199999999999903
11
87.7800000000000011
21
-65.2800000000000011
0
LINE
8
BLACK
6
CONTINUOUS
10
45.1865880000000004
20
-64.1177129999999948
11
45.2433619999999976
21
-64.1556489999999968
0
LINE
8
BLACK
6
CONTINUOUS
10
45.2433619999999976
20
-64.1556489999999968
11
45.4908489999999972
21
-64.4031360000000035
0
LINE
8
BLACK
6
CONTINUOUS
10
45.4908489999999972
20
-64.4031360000000035
11
45.5287849999999992
21
-64.4599099999999936
0
LINE
8
BLACK
6
CONTINUOUS
10
45.5287849999999992
20
-64.4599099999999936
11
45.5421059999999969
21
-64.5268799999999914
0
LINE
8
BLACK
6
CONTINUOUS
10
45.5421059999999969
20
-64.5268799999999914
11
45.5287849999999992
21
-64.5938489999999916
0
LINE
8
BLACK
6
CONTINUOUS
10
45.5287849999999992
20
-64.5938489999999916
11
45.4908489999999972
21
-64.650622999999996
0
LINE
8
BLACK
6
CONTINUOUS
10
45.4908489999999972
20
-64.650622999999996
11
45.0206230000000005
21
-65.1208489999999927
0
LINE
8
BLACK
6
CONTINUOUS
10
45.0206230000000005
20
-65.1208489999999927
11
44.9638489999999962
21
-65.1587849999999946
0
LINE
8
BLACK
6
CONTINUOUS
10
44.9638489999999962
20
-65.1587849999999946
11
44.8968799999999959
21
-65.1721059999999994
0
LINE
8
BLACK
6
CONTINUOUS
10
44.8968799999999959
20
-65.1721059999999994
11
44.8299099999999981
21
-65.1587849999999946
0
LINE
8
BLACK
6
CONTINUOUS
10
44.8299099999999981
20
-65.1587849999999946
11
44.7731360000000009
21
-65.1208489999999927
0
LINE
8
BLACK
6
CONTINUOUS
10
44.7731360000000009
20
-65.1208489999999927
11
44.5256490000000014
21
-64.8733620000000002
0
LINE
8
BLACK
6
CONTINUOUS
10
44.5256490000000014
20
-64.8733620000000002
11
44.4877129999999994
21
-64.8165879999999959
0
LINE
8
BLACK
6
CONTINUOUS
10
44.4877129999999994
20
-64.8165879999999959
11
44.4743919999999946
21
-64.7496179999999981
0
LINE
8
BLACK
6
CONTINUOUS
10
44.4743919999999946
20
-64.7496179999999981
11
44.4877129999999994
21
-64.6826489999999978
0
LINE
8
BLACK
6
CONTINUOUS
10
44.4877129999999994
20
-64.6826489999999978
11
44.5256490000000014
21
-64.6258749999999935
0
LINE
8
BLACK
6
CONTINUOUS
10
44.5256490000000014
20
-64.6258749999999935
11
44.9958749999999981
21
-64.1556489999999968
0
LINE
8
BLACK
6
CONTINUOUS
10
44.9958749999999981
20
-64.1556489999999968
11
45.0526489999999953
21
-64.1177129999999948
0
LINE
8
BLACK
6
CONTINUOUS
10
45.0526489999999953
20
-64.1177129999999948
11
45.1196179999999956
21
-64.10439199999999
0
LINE
8
BLACK
6
CONTINUOUS
10
45.1196179999999956
20
-64.10439199999999
11
45.1865880000000004
21
-64.1177129999999948
0
LINE
8
BLACK
6
CONTINUOUS
10
47.8980899999999963
20
-64.0573569999999961
11
47.9548640000000006
21
-64.0952929999999981
0
LINE
8
BLACK
6
CONTINUOUS
10
47.9548640000000006
20
-64.0952929999999981
11
48.2023510000000002
21
-64.3427799999999905
0
LINE
8
BLACK
6
CONTINUOUS
10
48.2023510000000002
20
-64.3427799999999905
11
48.240286999999995
21
-64.3995539999999949
0
LINE
8
BLACK
6
CONTINUOUS
10
48.240286999999995
20
-64.3995539999999949
11
48.2536079999999998
21
-64.4665239999999926
0
LINE
8
BLACK
6
CONTINUOUS
10
48.2536079999999998
20
-64.4665239999999926
11
48.240286999999995
21
-64.5334929999999929
0
LINE
8
BLACK
6
CONTINUOUS
10
48.240286999999995
20
-64.5334929999999929
11
48.2023510000000002
21
-64.5902669999999972
0
LINE
8
BLACK
6
CONTINUOUS
10
48.2023510000000002
20
-64.5902669999999972
11
47.7321249999999964
21
-65.0604929999999939
0
LINE
8
BLACK
6
CONTINUOUS
10
47.7321249999999964
20
-65.0604929999999939
11
47.6753509999999991
21
-65.0984289999999959
0
LINE
8
BLACK
6
CONTINUOUS
10
47.6753509999999991
20
-65.0984289999999959
11
47.6083819999999989
21
-65.1117500000000007
0
LINE
8
BLACK
6
CONTINUOUS
10
47.6083819999999989
20
-65.1117500000000007
11
47.5414120000000011
21
-65.0984289999999959
0
LINE
8
BLACK
6
CONTINUOUS
10
47.5414120000000011
20
-65.0984289999999959
11
47.4846379999999968
21
-65.0604929999999939
0
LINE
8
BLACK
6
CONTINUOUS
10
47.4846379999999968
20
-65.0604929999999939
11
47.2371509999999972
21
-64.8130060000000014
0
LINE
8
BLACK
6
CONTINUOUS
10
47.2371509999999972
20
-64.8130060000000014
11
47.1992149999999953
21
-64.7562319999999971
0
LINE
8
BLACK
6
CONTINUOUS
10
47.1992149999999953
20
-64.7562319999999971
11
47.1858939999999976
21
-64.6892619999999994
0
LINE
8
BLACK
6
CONTINUOUS
10
47.1858939999999976
20
-64.6892619999999994
11
47.1992149999999953
21
-64.6222929999999991
0
LINE
8
BLACK
6
CONTINUOUS
10
47.1992149999999953
20
-64.6222929999999991
11
47.2371509999999972
21
-64.5655189999999948
0
LINE
8
BLACK
6
CONTINUOUS
10
47.2371509999999972
20
-64.5655189999999948
11
47.707377000000001
21
-64.0952929999999981
0
LINE
8
BLACK
6
CONTINUOUS
10
47.707377000000001
20
-64.0952929999999981
11
47.7641509999999982
21
-64.0573569999999961
0
LINE
8
BLACK
6
CONTINUOUS
10
47.7641509999999982
20
-64.0573569999999961
11
47.8311199999999985
21
-64.0440359999999913
0
LINE
8
BLACK
6
CONTINUOUS
10
47.8311199999999985
20
-64.0440359999999913
11
47.8980899999999963
21
-64.0573569999999961
0
LINE
8
BLACK
6
CONTINUOUS
10
36.5825279999999964
20
-64.5408369999999962
11
36.1617999999999995
21
-64.9615649999999931
0
LINE
8
BLACK
6
CONTINUOUS
10
36.1617999999999995
20
-64.9615649999999931
11
36.013307999999995
21
-64.8130730000000028
0
LINE
8
BLACK
6
CONTINUOUS
10
36.013307999999995
20
-64.8130730000000028
11
36.434035999999999
21
-64.3923449999999917
0
LINE
8
BLACK
6
CONTINUOUS
10
36.434035999999999
20
-64.3923449999999917
11
36.5825279999999964
21
-64.5408369999999962
0
LINE
8
BLACK
6
CONTINUOUS
10
38.9866919999999979
20
-64.8130730000000028
11
38.8382000000000005
21
-64.9615649999999931
0
LINE
8
BLACK
6
CONTINUOUS
10
38.8382000000000005
20
-64.9615649999999931
11
38.4174719999999965
21
-64.5408369999999962
0
LINE
8
BLACK
6
CONTINUOUS
10
38.4174719999999965
20
-64.5408369999999962
11
38.565964000000001
21
-64.3923449999999917
0
LINE
8
BLACK
6
CONTINUOUS
10
38.565964000000001
20
-64.3923449999999917
11
38.9866919999999979
21
-64.8130730000000028
0
LINE
8
BLACK
6
CONTINUOUS
10
50.7800000000000011
20
-64.8799999999999955
11
50.2199999999999989
21
-64.8799999999999955
0
LINE
8
BLACK
6
CONTINUOUS
10
50.2199999999999989
20
-64.8799999999999955
11
50.2199999999999989
21
-64.7199999999999989
0
LINE
8
BLACK
6
CONTINUOUS
10
50.2199999999999989
20
-64.7199999999999989
11
50.7800000000000011
21
-64.7199999999999989
0
LINE
8
BLACK
6
CONTINUOUS
10
50.7800000000000011
20
-64.7199999999999989
11
50.7800000000000011
21
-64.8799999999999955
0
LINE
8
BLACK
6
CONTINUOUS
10
53.8599999999999994
20
-64.8799999999999955
11
53.2999999999999972
21
-64.8799999999999955
0
LINE
8
BLACK
6
CONTINUOUS
10
53.2999999999999972
20
-64.8799999999999955
11
53.2999999999999972
21
-64.7199999999999989
0
LINE
8
BLACK
6
CONTINUOUS
10
53.2999999999999972
20
-64.7199999999999989
11
53.8599999999999994
21
-64.7199999999999989
0
LINE
8
BLACK
6
CONTINUOUS
10
53.8599999999999994
20
-64.7199999999999989
11
53.8599999999999994
21
-64.8799999999999955
0
LINE
8
BLACK
6
CONTINUOUS
10
84.7000000000000028
20
-64.8799999999999955
11
84.1400000000000006
21
-64.8799999999999955
0
LINE
8
BLACK
6
CONTINUOUS
10
84.1400000000000006
20
-64.8799999999999955
11
84.1400000000000006
21
-64.7199999999999989
0
LINE
8
BLACK
6
CONTINUOUS
10
84.1400000000000006
20
-64.7199999999999989
11
84.7000000000000028
21
-64.7199999999999989
0
LINE
8
BLACK
6
CONTINUOUS
10
84.7000000000000028
20
-64.7199999999999989
11
84.7000000000000028
21
-64.8799999999999955
0
LINE
8
BLACK
6
CONTINUOUS
10
87.7800000000000011
20
-64.8799999999999955
11
87.2199999999999989
21
-64.8799999999999955
0
LINE
8
BLACK
6
CONTINUOUS
10
87.2199999999999989
20
-64.8799999999999955
11
87.2199999999999989
21
-64.7199999999999989
0
LINE
8
BLACK
6
CONTINUOUS
10
87.2199999999999989
20
-64.7199999999999989
11
87.7800000000000011
21
-64.7199999999999989
0
LINE
8
BLACK
6
CONTINUOUS
10
87.7800000000000011
20
-64.7199999999999989
11
87.7800000000000011
21
-64.8799999999999955
0
LINE
8
BLACK
6
CONTINUOUS
10
36.2289749999999984
20
-64.1872839999999911
11
35.8082470000000015
21
-64.6080120000000022
0
LINE
8
BLACK
6
CONTINUOUS
10
35.8082470000000015
20
-64.6080120000000022
11
35.659754999999997
21
-64.4595199999999977
0
LINE
8
BLACK
6
CONTINUOUS
10
35.659754999999997
20
-64.4595199999999977
11
36.080483000000001
21
-64.0387920000000008
0
LINE
8
BLACK
6
CONTINUOUS
10
36.080483000000001
20
-64.0387920000000008
11
36.2289749999999984
21
-64.1872839999999911
0
LINE
8
BLACK
6
CONTINUOUS
10
39.3402449999999959
20
-64.4595199999999977
11
39.1917529999999985
21
-64.6080120000000022
0
LINE
8
BLACK
6
CONTINUOUS
10
39.1917529999999985
20
-64.6080120000000022
11
38.7710250000000016
21
-64.1872839999999911
0
LINE
8
BLACK
6
CONTINUOUS
10
38.7710250000000016
20
-64.1872839999999911
11
38.919516999999999
21
-64.0387920000000008
0
LINE
8
BLACK
6
CONTINUOUS
10
38.919516999999999
20
-64.0387920000000008
11
39.3402449999999959
21
-64.4595199999999977
0
LINE
8
BLACK
6
CONTINUOUS
10
50.7800000000000011
20
-64.480000000000004
11
50.2199999999999989
21
-64.480000000000004
0
LINE
8
BLACK
6
CONTINUOUS
10
50.2199999999999989
20
-64.480000000000004
11
50.2199999999999989
21
-64.3199999999999932
0
LINE
8
BLACK
6
CONTINUOUS
10
50.2199999999999989
20
-64.3199999999999932
11
50.7800000000000011
21
-64.3199999999999932
0
LINE
8
BLACK
6
CONTINUOUS
10
50.7800000000000011
20
-64.3199999999999932
11
50.7800000000000011
21
-64.480000000000004
0
LINE
8
BLACK
6
CONTINUOUS
10
53.8599999999999994
20
-64.480000000000004
11
53.2999999999999972
21
-64.480000000000004
0
LINE
8
BLACK
6
CONTINUOUS
10
53.2999999999999972
20
-64.480000000000004
11
53.2999999999999972
21
-64.3199999999999932
0
LINE
8
BLACK
6
CONTINUOUS
10
53.2999999999999972
20
-64.3199999999999932
11
53.8599999999999994
21
-64.3199999999999932
0
LINE
8
BLACK
6
CONTINUOUS
10
53.8599999999999994
20
-64.3199999999999932
11
53.8599999999999994
21
-64.480000000000004
0
LINE
8
BLACK
6
CONTINUOUS
10
84.7000000000000028
20
-64.480000000000004
11
84.1400000000000006
21
-64.480000000000004
0
LINE
8
BLACK
6
CONTINUOUS
10
84.1400000000000006
20
-64.480000000000004
11
84.1400000000000006
21
-64.3199999999999932
0
LINE
8
BLACK
6
CONTINUOUS
10
84.1400000000000006
20
-64.3199999999999932
11
84.7000000000000028
21
-64.3199999999999932
0
LINE
8
BLACK
6
CONTINUOUS
10
84.7000000000000028
20
-64.3199999999999932
11
84.7000000000000028
21
-64.480000000000004
0
LINE
8
BLACK
6
CONTINUOUS
10
87.7800000000000011
20
-64.480000000000004
11
87.2199999999999989
21
-64.480000000000004
0
LINE
8
BLACK
6
CONTINUOUS
10
87.2199999999999989
20
-64.480000000000004
11
87.2199999999999989
21
-64.3199999999999932
0
LINE
8
BLACK
6
CONTINUOUS
10
87.2199999999999989
20
-64.3199999999999932
11
87.7800000000000011
21
-64.3199999999999932
0
LINE
8
BLACK
6
CONTINUOUS
10
87.7800000000000011
20
-64.3199999999999932
11
87.7800000000000011
21
-64.480000000000004
0
LINE
8
BLACK
6
CONTINUOUS
10
29.7665879999999987
20
-63.3677129999999948
11
29.8233619999999995
21
-63.4056489999999968
0
LINE
8
BLACK
6
CONTINUOUS
10
29.8233619999999995
20
-63.4056489999999968
11
30.0708489999999991
21
-63.6531359999999964
0
LINE
8
BLACK
6
CONTINUOUS
10
30.0708489999999991
20
-63.6531359999999964
11
30.1087849999999975
21
-63.7099099999999936
0
LINE
8
BLACK
6
CONTINUOUS
10
30.1087849999999975
20
-63.7099099999999936
11
30.1221059999999987
21
-63.7768799999999985
0
LINE
8
BLACK
6
CONTINUOUS
10
30.1221059999999987
20
-63.7768799999999985
11
30.1087849999999975
21
-63.8438489999999987
0
LINE
8
BLACK
6
CONTINUOUS
10
30.1087849999999975
20
-63.8438489999999987
11
30.0708489999999991
21
-63.900622999999996
0
LINE
8
BLACK
6
CONTINUOUS
10
30.0708489999999991
20
-63.900622999999996
11
29.6006229999999988
21
-64.3708489999999927
0
LINE
8
BLACK
6
CONTINUOUS
10
29.6006229999999988
20
-64.3708489999999927
11
29.543848999999998
21
-64.4087849999999946
0
LINE
8
BLACK
6
CONTINUOUS
10
29.543848999999998
20
-64.4087849999999946
11
29.4768799999999978
21
-64.4221059999999994
0
LINE
8
BLACK
6
CONTINUOUS
10
29.4768799999999978
20
-64.4221059999999994
11
29.40991
21
-64.4087849999999946
0
LINE
8
BLACK
6
CONTINUOUS
10
29.40991
20
-64.4087849999999946
11
29.3531359999999992
21
-64.3708489999999927
0
LINE
8
BLACK
6
CONTINUOUS
10
29.3531359999999992
20
-64.3708489999999927
11
29.1056489999999997
21
-64.1233620000000002
0
LINE
8
BLACK
6
CONTINUOUS
10
29.1056489999999997
20
-64.1233620000000002
11
29.0677129999999977
21
-64.0665879999999959
0
LINE
8
BLACK
6
CONTINUOUS
10
29.0677129999999977
20
-64.0665879999999959
11
29.054392
21
-63.9996179999999981
0
LINE
8
BLACK
6
CONTINUOUS
10
29.054392
20
-63.9996179999999981
11
29.0677129999999977
21
-63.9326489999999978
0
LINE
8
BLACK
6
CONTINUOUS
10
29.0677129999999977
20
-63.9326489999999978
11
29.1056489999999997
21
-63.8758750000000006
0
LINE
8
BLACK
6
CONTINUOUS
10
29.1056489999999997
20
-63.8758750000000006
11
29.5758749999999999
21
-63.4056489999999968
0
LINE
8
BLACK
6
CONTINUOUS
10
29.5758749999999999
20
-63.4056489999999968
11
29.6326489999999971
21
-63.3677129999999948
0
LINE
8
BLACK
6
CONTINUOUS
10
29.6326489999999971
20
-63.3677129999999948
11
29.6996179999999974
21
-63.3543919999999972
0
LINE
8
BLACK
6
CONTINUOUS
10
29.6996179999999974
20
-63.3543919999999972
11
29.7665879999999987
21
-63.3677129999999948
0
LINE
8
BLACK
6
CONTINUOUS
10
32.490089999999995
20
-63.3312150000000003
11
32.5468639999999994
21
-63.3691509999999951
0
LINE
8
BLACK
6
CONTINUOUS
10
32.5468639999999994
20
-63.3691509999999951
11
32.7943509999999989
21
-63.6166379999999947
0
LINE
8
BLACK
6
CONTINUOUS
10
32.7943509999999989
20
-63.6166379999999947
11
32.8322870000000009
21
-63.673411999999999
0
LINE
8
BLACK
6
CONTINUOUS
10
32.8322870000000009
20
-63.673411999999999
11
32.8456079999999986
21
-63.7403819999999968
0
LINE
8
BLACK
6
CONTINUOUS
10
32.8456079999999986
20
-63.7403819999999968
11
32.8322870000000009
21
-63.807350999999997
0
LINE
8
BLACK
6
CONTINUOUS
10
32.8322870000000009
20
-63.807350999999997
11
32.7943509999999989
21
-63.8641249999999943
0
LINE
8
BLACK
6
CONTINUOUS
10
32.7943509999999989
20
-63.8641249999999943
11
32.3241249999999951
21
-64.3343509999999981
0
LINE
8
BLACK
6
CONTINUOUS
10
32.3241249999999951
20
-64.3343509999999981
11
32.2673509999999979
21
-64.372287
0
LINE
8
BLACK
6
CONTINUOUS
10
32.2673509999999979
20
-64.372287
11
32.2003819999999976
21
-64.3856079999999906
0
LINE
8
BLACK
6
CONTINUOUS
10
32.2003819999999976
20
-64.3856079999999906
11
32.1334119999999999
21
-64.372287
0
LINE
8
BLACK
6
CONTINUOUS
10
32.1334119999999999
20
-64.372287
11
32.0766379999999955
21
-64.3343509999999981
0
LINE
8
BLACK
6
CONTINUOUS
10
32.0766379999999955
20
-64.3343509999999981
11
31.8291509999999995
21
-64.0868639999999914
0
LINE
8
BLACK
6
CONTINUOUS
10
31.8291509999999995
20
-64.0868639999999914
11
31.7912149999999976
21
-64.0300900000000013
0
LINE
8
BLACK
6
CONTINUOUS
10
31.7912149999999976
20
-64.0300900000000013
11
31.7778939999999999
21
-63.9631199999999964
0
LINE
8
BLACK
6
CONTINUOUS
10
31.7778939999999999
20
-63.9631199999999964
11
31.7912149999999976
21
-63.8961509999999961
0
LINE
8
BLACK
6
CONTINUOUS
10
31.7912149999999976
20
-63.8961509999999961
11
31.8291509999999995
21
-63.8393769999999989
0
LINE
8
BLACK
6
CONTINUOUS
10
31.8291509999999995
20
-63.8393769999999989
11
32.2993769999999998
21
-63.3691509999999951
0
LINE
8
BLACK
6
CONTINUOUS
10
32.2993769999999998
20
-63.3691509999999951
11
32.356150999999997
21
-63.3312150000000003
0
LINE
8
BLACK
6
CONTINUOUS
10
32.356150999999997
20
-63.3312150000000003
11
32.4231199999999973
21
-63.3178939999999955
0
LINE
8
BLACK
6
CONTINUOUS
10
32.4231199999999973
20
-63.3178939999999955
11
32.490089999999995
21
-63.3312150000000003
0
LINE
8
BLACK
6
CONTINUOUS
10
35.8754220000000004
20
-63.8337299999999956
11
35.4546939999999964
21
-64.2544579999999996
0
LINE
8
BLACK
6
CONTINUOUS
10
35.4546939999999964
20
-64.2544579999999996
11
35.306201999999999
21
-64.1059659999999951
0
LINE
8
BLACK
6
CONTINUOUS
10
35.306201999999999
20
-64.1059659999999951
11
35.7269299999999959
21
-63.6852379999999982
0
LINE
8
BLACK
6
CONTINUOUS
10
35.7269299999999959
20
-63.6852379999999982
11
35.8754220000000004
21
-63.8337299999999956
0
LINE
8
BLACK
6
CONTINUOUS
10
39.693798000000001
20
-64.1059659999999951
11
39.5453059999999965
21
-64.2544579999999996
0
LINE
8
BLACK
6
CONTINUOUS
10
39.5453059999999965
20
-64.2544579999999996
11
39.1245779999999996
21
-63.8337299999999956
0
LINE
8
BLACK
6
CONTINUOUS
10
39.1245779999999996
20
-63.8337299999999956
11
39.273069999999997
21
-63.6852379999999982
0
LINE
8
BLACK
6
CONTINUOUS
10
39.273069999999997
20
-63.6852379999999982
11
39.693798000000001
21
-64.1059659999999951
0
LINE
8
BLACK
6
CONTINUOUS
10
50.7800000000000011
20
-64.0799999999999983
11
50.2199999999999989
21
-64.0799999999999983
0
LINE
8
BLACK
6
CONTINUOUS
10
50.2199999999999989
20
-64.0799999999999983
11
50.2199999999999989
21
-63.9199999999999946
0
LINE
8
BLACK
6
CONTINUOUS
10
50.2199999999999989
20
-63.9199999999999946
11
50.7800000000000011
21
-63.9199999999999946
0
LINE
8
BLACK
6
CONTINUOUS
10
50.7800000000000011
20
-63.9199999999999946
11
50.7800000000000011
21
-64.0799999999999983
0
LINE
8
BLACK
6
CONTINUOUS
10
53.8599999999999994
20
-64.0799999999999983
11
53.2999999999999972
21
-64.0799999999999983
0
LINE
8
BLACK
6
CONTINUOUS
10
53.2999999999999972
20
-64.0799999999999983
11
53.2999999999999972
21
-63.9199999999999946
0
LINE
8
BLACK
6
CONTINUOUS
10
53.2999999999999972
20
-63.9199999999999946
11
53.8599999999999994
21
-63.9199999999999946
0
LINE
8
BLACK
6
CONTINUOUS
10
53.8599999999999994
20
-63.9199999999999946
11
53.8599999999999994
21
-64.0799999999999983
0
LINE
8
BLACK
6
CONTINUOUS
10
84.7000000000000028
20
-64.0799999999999983
11
84.1400000000000006
21
-64.0799999999999983
0
LINE
8
BLACK
6
CONTINUOUS
10
84.1400000000000006
20
-64.0799999999999983
11
84.1400000000000006
21
-63.9199999999999946
0
LINE
8
BLACK
6
CONTINUOUS
10
84.1400000000000006
20
-63.9199999999999946
11
84.7000000000000028
21
-63.9199999999999946
0
LINE
8
BLACK
6
CONTINUOUS
10
84.7000000000000028
20
-63.9199999999999946
11
84.7000000000000028
21
-64.0799999999999983
0
LINE
8
BLACK
6
CONTINUOUS
10
87.7800000000000011
20
-64.0799999999999983
11
87.2199999999999989
21
-64.0799999999999983
0
LINE
8
BLACK
6
CONTINUOUS
10
87.2199999999999989
20
-64.0799999999999983
11
87.2199999999999989
21
-63.9199999999999946
0
LINE
8
BLACK
6
CONTINUOUS
10
87.2199999999999989
20
-63.9199999999999946
11
87.7800000000000011
21
-63.9199999999999946
0
LINE
8
BLACK
6
CONTINUOUS
10
87.7800000000000011
20
-63.9199999999999946
11
87.7800000000000011
21
-64.0799999999999983
0
LINE
8
BLACK
6
CONTINUOUS
10
35.5218679999999978
20
-63.4801769999999976
11
35.1011400000000009
21
-63.9009049999999945
0
LINE
8
BLACK
6
CONTINUOUS
10
35.1011400000000009
20
-63.9009049999999945
11
34.9526479999999964
21
-63.7524129999999971
0
LINE
8
BLACK
6
CONTINUOUS
10
34.9526479999999964
20
-63.7524129999999971
11
35.3733760000000004
21
-63.3316850000000002
0
LINE
8
BLACK
6
CONTINUOUS
10
35.3733760000000004
20
-63.3316850000000002
11
35.5218679999999978
21
-63.4801769999999976
0
LINE
8
BLACK
6
CONTINUOUS
10
40.0473519999999965
20
-63.7524129999999971
11
39.8988599999999991
21
-63.9009049999999945
0
LINE
8
BLACK
6
CONTINUOUS
10
39.8988599999999991
20
-63.9009049999999945
11
39.4781319999999951
21
-63.4801769999999976
0
LINE
8
BLACK
6
CONTINUOUS
10
39.4781319999999951
20
-63.4801769999999976
11
39.6266239999999996
21
-63.3316850000000002
0
LINE
8
BLACK
6
CONTINUOUS
10
39.6266239999999996
20
-63.3316850000000002
11
40.0473519999999965
21
-63.7524129999999971
0
LINE
8
BLACK
6
CONTINUOUS
10
46.5545879999999954
20
-62.7138549999999952
11
46.6113619999999997
21
-62.7517909999999972
0
LINE
8
BLACK
6
CONTINUOUS
10
46.6113619999999997
20
-62.7517909999999972
11
46.8588489999999993
21
-62.9992779999999968
0
LINE
8
BLACK
6
CONTINUOUS
10
46.8588489999999993
20
-62.9992779999999968
11
46.8967850000000013
21
-63.056051999999994
0
LINE
8
BLACK
6
CONTINUOUS
10
46.8967850000000013
20
-63.056051999999994
11
46.910105999999999
21
-63.1230219999999989
0
LINE
8
BLACK
6
CONTINUOUS
10
46.910105999999999
20
-63.1230219999999989
11
46.8967850000000013
21
-63.1899909999999991
0
LINE
8
BLACK
6
CONTINUOUS
10
46.8967850000000013
20
-63.1899909999999991
11
46.8588489999999993
21
-63.2467649999999963
0
LINE
8
BLACK
6
CONTINUOUS
10
46.8588489999999993
20
-63.2467649999999963
11
46.3886229999999955
21
-63.7169910000000002
0
LINE
8
BLACK
6
CONTINUOUS
10
46.3886229999999955
20
-63.7169910000000002
11
46.3318489999999983
21
-63.754926999999995
0
LINE
8
BLACK
6
CONTINUOUS
10
46.3318489999999983
20
-63.754926999999995
11
46.264879999999998
21
-63.7682479999999998
0
LINE
8
BLACK
6
CONTINUOUS
10
46.264879999999998
20
-63.7682479999999998
11
46.1979100000000003
21
-63.754926999999995
0
LINE
8
BLACK
6
CONTINUOUS
10
46.1979100000000003
20
-63.754926999999995
11
46.1411359999999959
21
-63.7169910000000002
0
LINE
8
BLACK
6
CONTINUOUS
10
46.1411359999999959
20
-63.7169910000000002
11
45.8936489999999964
21
-63.4695040000000006
0
LINE
8
BLACK
6
CONTINUOUS
10
45.8936489999999964
20
-63.4695040000000006
11
45.8557129999999944
21
-63.4127299999999963
0
LINE
8
BLACK
6
CONTINUOUS
10
45.8557129999999944
20
-63.4127299999999963
11
45.8423919999999967
21
-63.3457599999999985
0
LINE
8
BLACK
6
CONTINUOUS
10
45.8423919999999967
20
-63.3457599999999985
11
45.8557129999999944
21
-63.2787909999999982
0
LINE
8
BLACK
6
CONTINUOUS
10
45.8557129999999944
20
-63.2787909999999982
11
45.8936489999999964
21
-63.2220169999999939
0
LINE
8
BLACK
6
CONTINUOUS
10
45.8936489999999964
20
-63.2220169999999939
11
46.3638750000000002
21
-62.7517909999999972
0
LINE
8
BLACK
6
CONTINUOUS
10
46.3638750000000002
20
-62.7517909999999972
11
46.4206489999999974
21
-62.7138549999999952
0
LINE
8
BLACK
6
CONTINUOUS
10
46.4206489999999974
20
-62.7138549999999952
11
46.4876179999999977
21
-62.7005339999999975
0
LINE
8
BLACK
6
CONTINUOUS
10
46.4876179999999977
20
-62.7005339999999975
11
46.5545879999999954
21
-62.7138549999999952
0
LINE
8
BLACK
6
CONTINUOUS
10
50.7800000000000011
20
-63.6799999999999997
11
50.2199999999999989
21
-63.6799999999999997
0
LINE
8
BLACK
6
CONTINUOUS
10
50.2199999999999989
20
-63.6799999999999997
11
50.2199999999999989
21
-63.519999999999996
0
LINE
8
BLACK
6
CONTINUOUS
10
50.2199999999999989
20
-63.519999999999996
11
50.7800000000000011
21
-63.519999999999996
0
LINE
8
BLACK
6
CONTINUOUS
10
50.7800000000000011
20
-63.519999999999996
11
50.7800000000000011
21
-63.6799999999999997
0
LINE
8
BLACK
6
CONTINUOUS
10
53.8599999999999994
20
-63.6799999999999997
11
53.2999999999999972
21
-63.6799999999999997
0
LINE
8
BLACK
6
CONTINUOUS
10
53.2999999999999972
20
-63.6799999999999997
11
53.2999999999999972
21
-63.519999999999996
0
LINE
8
BLACK
6
CONTINUOUS
10
53.2999999999999972
20
-63.519999999999996
11
53.8599999999999994
21
-63.519999999999996
0
LINE
8
BLACK
6
CONTINUOUS
10
53.8599999999999994
20
-63.519999999999996
11
53.8599999999999994
21
-63.6799999999999997
0
LINE
8
BLACK
6
CONTINUOUS
10
84.7000000000000028
20
-63.6799999999999997
11
84.1400000000000006
21
-63.6799999999999997
0
LINE
8
BLACK
6
CONTINUOUS
10
84.1400000000000006
20
-63.6799999999999997
11
84.1400000000000006
21
-63.519999999999996
0
LINE
8
BLACK
6
CONTINUOUS
10
84.1400000000000006
20
-63.519999999999996
11
84.7000000000000028
21
-63.519999999999996
0
LINE
8
BLACK
6
CONTINUOUS
10
84.7000000000000028
20
-63.519999999999996
11
84.7000000000000028
21
-63.6799999999999997
0
LINE
8
BLACK
6
CONTINUOUS
10
87.7800000000000011
20
-63.6799999999999997
11
87.2199999999999989
21
-63.6799999999999997
0
LINE
8
BLACK
6
CONTINUOUS
10
87.2199999999999989
20
-63.6799999999999997
11
87.2199999999999989
21
-63.519999999999996
0
LINE
8
BLACK
6
CONTINUOUS
10
87.2199999999999989
20
-63.519999999999996
11
87.7800000000000011
21
-63.519999999999996
0
LINE
8
BLACK
6
CONTINUOUS
10
87.7800000000000011
20
-63.519999999999996
11
87.7800000000000011
21
-63.6799999999999997
0
LINE
8
BLACK
6
CONTINUOUS
10
35.1683149999999998
20
-63.1266239999999996
11
34.7475869999999958
21
-63.5473519999999965
0
LINE
8
BLACK
6
CONTINUOUS
10
34.7475869999999958
20
-63.5473519999999965
11
34.5990949999999984
21
-63.3988599999999991
0
LINE
8
BLACK
6
CONTINUOUS
10
34.5990949999999984
20
-63.3988599999999991
11
35.0198229999999953
21
-62.9781319999999951
0
LINE
8
BLACK
6
CONTINUOUS
10
35.0198229999999953
20
-62.9781319999999951
11
35.1683149999999998
21
-63.1266239999999996
0
LINE
8
BLACK
6
CONTINUOUS
10
40.4009050000000016
20
-63.3988599999999991
11
40.2524129999999971
21
-63.5473519999999965
0
LINE
8
BLACK
6
CONTINUOUS
10
40.2524129999999971
20
-63.5473519999999965
11
39.8316850000000002
21
-63.1266239999999996
0
LINE
8
BLACK
6
CONTINUOUS
10
39.8316850000000002
20
-63.1266239999999996
11
39.9801769999999976
21
-62.9781319999999951
0
LINE
8
BLACK
6
CONTINUOUS
10
39.9801769999999976
20
-62.9781319999999951
11
40.4009050000000016
21
-63.3988599999999991
0
LINE
8
BLACK
6
CONTINUOUS
10
50.7800000000000011
20
-63.279999999999994
11
50.2199999999999989
21
-63.279999999999994
0
LINE
8
BLACK
6
CONTINUOUS
10
50.2199999999999989
20
-63.279999999999994
11
50.2199999999999989
21
-63.1199999999999974
0
LINE
8
BLACK
6
CONTINUOUS
10
50.2199999999999989
20
-63.1199999999999974
11
50.7800000000000011
21
-63.1199999999999974
0
LINE
8
BLACK
6
CONTINUOUS
10
50.7800000000000011
20
-63.1199999999999974
11
50.7800000000000011
21
-63.279999999999994
0
LINE
8
BLACK
6
CONTINUOUS
10
53.8599999999999994
20
-63.279999999999994
11
53.2999999999999972
21
-63.279999999999994
0
LINE
8
BLACK
6
CONTINUOUS
10
53.2999999999999972
20
-63.279999999999994
11
53.2999999999999972
21
-63.1199999999999974
0
LINE
8
BLACK
6
CONTINUOUS
10
53.2999999999999972
20
-63.1199999999999974
11
53.8599999999999994
21
-63.1199999999999974
0
LINE
8
BLACK
6
CONTINUOUS
10
53.8599999999999994
20
-63.1199999999999974
11
53.8599999999999994
21
-63.279999999999994
0
LINE
8
BLACK
6
CONTINUOUS
10
84.7000000000000028
20
-63.279999999999994
11
84.1400000000000006
21
-63.279999999999994
0
LINE
8
BLACK
6
CONTINUOUS
10
84.1400000000000006
20
-63.279999999999994
11
84.1400000000000006
21
-63.1199999999999974
0
LINE
8
BLACK
6
CONTINUOUS
10
84.1400000000000006
20
-63.1199999999999974
11
84.7000000000000028
21
-63.1199999999999974
0
LINE
8
BLACK
6
CONTINUOUS
10
84.7000000000000028
20
-63.1199999999999974
11
84.7000000000000028
21
-63.279999999999994
0
LINE
8
BLACK
6
CONTINUOUS
10
87.7800000000000011
20
-63.279999999999994
11
87.2199999999999989
21
-63.279999999999994
0
LINE
8
BLACK
6
CONTINUOUS
10
87.2199999999999989
20
-63.279999999999994
11
87.2199999999999989
21
-63.1199999999999974
0
LINE
8
BLACK
6
CONTINUOUS
10
87.2199999999999989
20
-63.1199999999999974
11
87.7800000000000011
21
-63.1199999999999974
0
LINE
8
BLACK
6
CONTINUOUS
10
87.7800000000000011
20
-63.1199999999999974
11
87.7800000000000011
21
-63.279999999999994
0
LINE
8
BLACK
6
CONTINUOUS
10
34.8147620000000018
20
-62.773069999999997
11
34.3940339999999978
21
-63.1937979999999939
0
LINE
8
BLACK
6
CONTINUOUS
10
34.3940339999999978
20
-63.1937979999999939
11
34.2455420000000004
21
-63.0453059999999965
0
LINE
8
BLACK
6
CONTINUOUS
10
34.2455420000000004
20
-63.0453059999999965
11
34.6662699999999973
21
-62.6245779999999996
0
LINE
8
BLACK
6
CONTINUOUS
10
34.6662699999999973
20
-62.6245779999999996
11
34.8147620000000018
21
-62.773069999999997
0
LINE
8
BLACK
6
CONTINUOUS
10
40.7544579999999996
20
-63.0453059999999965
11
40.6059659999999951
21
-63.1937979999999939
0
LINE
8
BLACK
6
CONTINUOUS
10
40.6059659999999951
20
-63.1937979999999939
11
40.1852379999999982
21
-62.773069999999997
0
LINE
8
BLACK
6
CONTINUOUS
10
40.1852379999999982
20
-62.773069999999997
11
40.3337299999999956
21
-62.6245779999999996
0
LINE
8
BLACK
6
CONTINUOUS
10
40.3337299999999956
20
-62.6245779999999996
11
40.7544579999999996
21
-63.0453059999999965
0
LINE
8
BLACK
6
CONTINUOUS
10
39.5788939999999982
20
-61.
11
37.5
21
-63.0788939999999982
0
LINE
8
BLACK
6
CONTINUOUS
10
37.5
20
-63.0788939999999982
11
35.4211060000000018
21
-61.
0
LINE
8
BLACK
6
CONTINUOUS
10
35.4211060000000018
20
-61.
11
37.5
21
-58.9211059999999947
0
LINE
8
BLACK
6
CONTINUOUS
10
37.5
20
-58.9211059999999947
11
39.5788939999999982
21
-61.
0
LINE
8
BLACK
6
CONTINUOUS
10
31.1465879999999977
20
-61.9877129999999994
11
31.2033619999999985
21
-62.0256489999999943
0
LINE
8
BLACK
6
CONTINUOUS
10
31.2033619999999985
20
-62.0256489999999943
11
31.4508489999999981
21
-62.2731359999999938
0
LINE
8
BLACK
6
CONTINUOUS
10
31.4508489999999981
20
-62.2731359999999938
11
31.488785
21
-62.3299099999999981
0
LINE
8
BLACK
6
CONTINUOUS
10
31.488785
20
-62.3299099999999981
11
31.5021059999999977
21
-62.3968799999999959
0
LINE
8
BLACK
6
CONTINUOUS
10
31.5021059999999977
20
-62.3968799999999959
11
31.488785
21
-62.4638489999999962
0
LINE
8
BLACK
6
CONTINUOUS
10
31.488785
20
-62.4638489999999962
11
31.4508489999999981
21
-62.5206230000000005
0
LINE
8
BLACK
6
CONTINUOUS
10
31.4508489999999981
20
-62.5206230000000005
11
30.9806229999999978
21
-62.9908489999999972
0
LINE
8
BLACK
6
CONTINUOUS
10
30.9806229999999978
20
-62.9908489999999972
11
30.923848999999997
21
-63.0287849999999992
0
LINE
8
BLACK
6
CONTINUOUS
10
30.923848999999997
20
-63.0287849999999992
11
30.8568800000000003
21
-63.0421059999999969
0
LINE
8
BLACK
6
CONTINUOUS
10
30.8568800000000003
20
-63.0421059999999969
11
30.789909999999999
21
-63.0287849999999992
0
LINE
8
BLACK
6
CONTINUOUS
10
30.789909999999999
20
-63.0287849999999992
11
30.7331359999999982
21
-62.9908489999999972
0
LINE
8
BLACK
6
CONTINUOUS
10
30.7331359999999982
20
-62.9908489999999972
11
30.4856489999999987
21
-62.7433619999999976
0
LINE
8
BLACK
6
CONTINUOUS
10
30.4856489999999987
20
-62.7433619999999976
11
30.4477130000000002
21
-62.6865880000000004
0
LINE
8
BLACK
6
CONTINUOUS
10
30.4477130000000002
20
-62.6865880000000004
11
30.434391999999999
21
-62.6196179999999956
0
LINE
8
BLACK
6
CONTINUOUS
10
30.434391999999999
20
-62.6196179999999956
11
30.4477130000000002
21
-62.5526489999999953
0
LINE
8
BLACK
6
CONTINUOUS
10
30.4477130000000002
20
-62.5526489999999953
11
30.4856489999999987
21
-62.4958749999999981
0
LINE
8
BLACK
6
CONTINUOUS
10
30.4856489999999987
20
-62.4958749999999981
11
30.9558749999999989
21
-62.0256489999999943
0
LINE
8
BLACK
6
CONTINUOUS
10
30.9558749999999989
20
-62.0256489999999943
11
31.0126489999999997
21
-61.9877129999999994
0
LINE
8
BLACK
6
CONTINUOUS
10
31.0126489999999997
20
-61.9877129999999994
11
31.079618
21
-61.9743919999999946
0
LINE
8
BLACK
6
CONTINUOUS
10
31.079618
20
-61.9743919999999946
11
31.1465879999999977
21
-61.9877129999999994
0
LINE
8
BLACK
6
CONTINUOUS
10
50.7800000000000011
20
-62.8799999999999955
11
50.2199999999999989
21
-62.8799999999999955
0
LINE
8
BLACK
6
CONTINUOUS
10
50.2199999999999989
20
-62.8799999999999955
11
50.2199999999999989
21
-62.7199999999999989
0
LINE
8
BLACK
6
CONTINUOUS
10
50.2199999999999989
20
-62.7199999999999989
11
50.7800000000000011
21
-62.7199999999999989
0
LINE
8
BLACK
6
CONTINUOUS
10
50.7800000000000011
20
-62.7199999999999989
11
50.7800000000000011
21
-62.8799999999999955
0
LINE
8
BLACK
6
CONTINUOUS
10
53.8599999999999994
20
-62.8799999999999955
11
53.2999999999999972
21
-62.8799999999999955
0
LINE
8
BLACK
6
CONTINUOUS
10
53.2999999999999972
20
-62.8799999999999955
11
53.2999999999999972
21
-62.7199999999999989
0
LINE
8
BLACK
6
CONTINUOUS
10
53.2999999999999972
20
-62.7199999999999989
11
53.8599999999999994
21
-62.7199999999999989
0
LINE
8
BLACK
6
CONTINUOUS
10
53.8599999999999994
20
-62.7199999999999989
11
53.8599999999999994
21
-62.8799999999999955
0
LINE
8
BLACK
6
CONTINUOUS
10
84.7000000000000028
20
-62.8799999999999955
11
84.1400000000000006
21
-62.8799999999999955
0
LINE
8
BLACK
6
CONTINUOUS
10
84.1400000000000006
20
-62.8799999999999955
11
84.1400000000000006
21
-62.7199999999999989
0
LINE
8
BLACK
6
CONTINUOUS
10
84.1400000000000006
20
-62.7199999999999989
11
84.7000000000000028
21
-62.7199999999999989
0
LINE
8
BLACK
6
CONTINUOUS
10
84.7000000000000028
20
-62.7199999999999989
11
84.7000000000000028
21
-62.8799999999999955
0
LINE
8
BLACK
6
CONTINUOUS
10
87.7800000000000011
20
-62.8799999999999955
11
87.2199999999999989
21
-62.8799999999999955
0
LINE
8
BLACK
6
CONTINUOUS
10
87.2199999999999989
20
-62.8799999999999955
11
87.2199999999999989
21
-62.7199999999999989
0
LINE
8
BLACK
6
CONTINUOUS
10
87.2199999999999989
20
-62.7199999999999989
11
87.7800000000000011
21
-62.7199999999999989
0
LINE
8
BLACK
6
CONTINUOUS
10
87.7800000000000011
20
-62.7199999999999989
11
87.7800000000000011
21
-62.8799999999999955
0
LINE
8
BLACK
6
CONTINUOUS
10
34.4612079999999992
20
-62.419516999999999
11
34.0404799999999952
21
-62.8402449999999959
0
LINE
8
BLACK
6
CONTINUOUS
10
34.0404799999999952
20
-62.8402449999999959
11
33.8919879999999978
21
-62.6917529999999985
0
LINE
8
BLACK
6
CONTINUOUS
10
33.8919879999999978
20
-62.6917529999999985
11
34.3127160000000018
21
-62.2710249999999945
0
LINE
8
BLACK
6
CONTINUOUS
10
34.3127160000000018
20
-62.2710249999999945
11
34.4612079999999992
21
-62.419516999999999
0
LINE
8
BLACK
6
CONTINUOUS
10
41.1080119999999951
20
-62.6917529999999985
11
40.9595199999999977
21
-62.8402449999999959
0
LINE
8
BLACK
6
CONTINUOUS
10
40.9595199999999977
20
-62.8402449999999959
11
40.5387920000000008
21
-62.419516999999999
0
LINE
8
BLACK
6
CONTINUOUS
10
40.5387920000000008
20
-62.419516999999999
11
40.6872839999999982
21
-62.2710249999999945
0
LINE
8
BLACK
6
CONTINUOUS
10
40.6872839999999982
20
-62.2710249999999945
11
41.1080119999999951
21
-62.6917529999999985
0
LINE
8
BLACK
6
CONTINUOUS
10
34.1076550000000012
20
-62.0659639999999939
11
33.6869269999999972
21
-62.4866919999999979
0
LINE
8
BLACK
6
CONTINUOUS
10
33.6869269999999972
20
-62.4866919999999979
11
33.5384349999999998
21
-62.3382000000000005
0
LINE
8
BLACK
6
CONTINUOUS
10
33.5384349999999998
20
-62.3382000000000005
11
33.9591629999999967
21
-61.9174719999999965
0
LINE
8
BLACK
6
CONTINUOUS
10
33.9591629999999967
20
-61.9174719999999965
11
34.1076550000000012
21
-62.0659639999999939
0
LINE
8
BLACK
6
CONTINUOUS
10
41.4615650000000002
20
-62.3382000000000005
11
41.3130729999999957
21
-62.4866919999999979
0
LINE
8
BLACK
6
CONTINUOUS
10
41.3130729999999957
20
-62.4866919999999979
11
40.8923449999999988
21
-62.0659639999999939
0
LINE
8
BLACK
6
CONTINUOUS
10
40.8923449999999988
20
-62.0659639999999939
11
41.0408369999999962
21
-61.9174719999999965
0
LINE
8
BLACK
6
CONTINUOUS
10
41.0408369999999962
20
-61.9174719999999965
11
41.4615650000000002
21
-62.3382000000000005
0
LINE
8
BLACK
6
CONTINUOUS
10
50.7800000000000011
20
-62.4799999999999969
11
50.2199999999999989
21
-62.4799999999999969
0
LINE
8
BLACK
6
CONTINUOUS
10
50.2199999999999989
20
-62.4799999999999969
11
50.2199999999999989
21
-62.3200000000000003
0
LINE
8
BLACK
6
CONTINUOUS
10
50.2199999999999989
20
-62.3200000000000003
11
50.7800000000000011
21
-62.3200000000000003
0
LINE
8
BLACK
6
CONTINUOUS
10
50.7800000000000011
20
-62.3200000000000003
11
50.7800000000000011
21
-62.4799999999999969
0
LINE
8
BLACK
6
CONTINUOUS
10
53.8599999999999994
20
-62.4799999999999969
11
53.2999999999999972
21
-62.4799999999999969
0
LINE
8
BLACK
6
CONTINUOUS
10
53.2999999999999972
20
-62.4799999999999969
11
53.2999999999999972
21
-62.3200000000000003
0
LINE
8
BLACK
6
CONTINUOUS
10
53.2999999999999972
20
-62.3200000000000003
11
53.8599999999999994
21
-62.3200000000000003
0
LINE
8
BLACK
6
CONTINUOUS
10
53.8599999999999994
20
-62.3200000000000003
11
53.8599999999999994
21
-62.4799999999999969
0
LINE
8
BLACK
6
CONTINUOUS
10
84.7000000000000028
20
-62.4799999999999969
11
84.1400000000000006
21
-62.4799999999999969
0
LINE
8
BLACK
6
CONTINUOUS
10
84.1400000000000006
20
-62.4799999999999969
11
84.1400000000000006
21
-62.3200000000000003
0
LINE
8
BLACK
6
CONTINUOUS
10
84.1400000000000006
20
-62.3200000000000003
11
84.7000000000000028
21
-62.3200000000000003
0
LINE
8
BLACK
6
CONTINUOUS
10
84.7000000000000028
20
-62.3200000000000003
11
84.7000000000000028
21
-62.4799999999999969
0
LINE
8
BLACK
6
CONTINUOUS
10
87.7800000000000011
20
-62.4799999999999969
11
87.2199999999999989
21
-62.4799999999999969
0
LINE
8
BLACK
6
CONTINUOUS
10
87.2199999999999989
20
-62.4799999999999969
11
87.2199999999999989
21
-62.3200000000000003
0
LINE
8
BLACK
6
CONTINUOUS
10
87.2199999999999989
20
-62.3200000000000003
11
87.7800000000000011
21
-62.3200000000000003
0
LINE
8
BLACK
6
CONTINUOUS
10
87.7800000000000011
20
-62.3200000000000003
11
87.7800000000000011
21
-62.4799999999999969
0
LINE
8
BLACK
6
CONTINUOUS
10
33.7541009999999986
20
-61.7124099999999984
11
33.3333730000000017
21
-62.1331379999999953
0
LINE
8
BLACK
6
CONTINUOUS
10
33.3333730000000017
20
-62.1331379999999953
11
33.1848809999999972
21
-61.9846459999999979
0
LINE
8
BLACK
6
CONTINUOUS
10
33.1848809999999972
20
-61.9846459999999979
11
33.6056090000000012
21
-61.5639179999999939
0
LINE
8
BLACK
6
CONTINUOUS
10
33.6056090000000012
20
-61.5639179999999939
11
33.7541009999999986
21
-61.7124099999999984
0
LINE
8
BLACK
6
CONTINUOUS
10
41.8151189999999957
20
-61.9846459999999979
11
41.6666269999999983
21
-62.1331379999999953
0
LINE
8
BLACK
6
CONTINUOUS
10
41.6666269999999983
20
-62.1331379999999953
11
41.2458990000000014
21
-61.7124099999999984
0
LINE
8
BLACK
6
CONTINUOUS
10
41.2458990000000014
20
-61.7124099999999984
11
41.3943909999999988
21
-61.5639179999999939
0
LINE
8
BLACK
6
CONTINUOUS
10
41.3943909999999988
20
-61.5639179999999939
11
41.8151189999999957
21
-61.9846459999999979
0
LINE
8
BLACK
6
CONTINUOUS
10
50.7800000000000011
20
-62.0799999999999983
11
50.2199999999999989
21
-62.0799999999999983
0
LINE
8
BLACK
6
CONTINUOUS
10
50.2199999999999989
20
-62.0799999999999983
11
50.2199999999999989
21
-61.9199999999999946
0
LINE
8
BLACK
6
CONTINUOUS
10
50.2199999999999989
20
-61.9199999999999946
11
50.7800000000000011
21
-61.9199999999999946
0
LINE
8
BLACK
6
CONTINUOUS
10
50.7800000000000011
20
-61.9199999999999946
11
50.7800000000000011
21
-62.0799999999999983
0
LINE
8
BLACK
6
CONTINUOUS
10
53.8599999999999994
20
-62.0799999999999983
11
53.2999999999999972
21
-62.0799999999999983
0
LINE
8
BLACK
6
CONTINUOUS
10
53.2999999999999972
20
-62.0799999999999983
11
53.2999999999999972
21
-61.9199999999999946
0
LINE
8
BLACK
6
CONTINUOUS
10
53.2999999999999972
20
-61.9199999999999946
11
53.8599999999999994
21
-61.9199999999999946
0
LINE
8
BLACK
6
CONTINUOUS
10
53.8599999999999994
20
-61.9199999999999946
11
53.8599999999999994
21
-62.0799999999999983
0
LINE
8
BLACK
6
CONTINUOUS
10
84.7000000000000028
20
-62.0799999999999983
11
84.1400000000000006
21
-62.0799999999999983
0
LINE
8
BLACK
6
CONTINUOUS
10
84.1400000000000006
20
-62.0799999999999983
11
84.1400000000000006
21
-61.9199999999999946
0
LINE
8
BLACK
6
CONTINUOUS
10
84.1400000000000006
20
-61.9199999999999946
11
84.7000000000000028
21
-61.9199999999999946
0
LINE
8
BLACK
6
CONTINUOUS
10
84.7000000000000028
20
-61.9199999999999946
11
84.7000000000000028
21
-62.0799999999999983
0
LINE
8
BLACK
6
CONTINUOUS
10
87.7800000000000011
20
-62.0799999999999983
11
87.2199999999999989
21
-62.0799999999999983
0
LINE
8
BLACK
6
CONTINUOUS
10
87.2199999999999989
20
-62.0799999999999983
11
87.2199999999999989
21
-61.9199999999999946
0
LINE
8
BLACK
6
CONTINUOUS
10
87.2199999999999989
20
-61.9199999999999946
11
87.7800000000000011
21
-61.9199999999999946
0
LINE
8
BLACK
6
CONTINUOUS
10
87.7800000000000011
20
-61.9199999999999946
11
87.7800000000000011
21
-62.0799999999999983
0
LINE
8
BLACK
6
CONTINUOUS
10
24.5898599999999981
20
-61.5311589999999953
11
24.6267630000000004
21
-61.5558169999999976
0
LINE
8
BLACK
6
CONTINUOUS
10
24.6267630000000004
20
-61.5558169999999976
11
24.6514209999999991
21
-61.5927199999999999
0
LINE
8
BLACK
6
CONTINUOUS
10
24.6514209999999991
20
-61.5927199999999999
11
24.6600799999999971
21
-61.6362499999999969
0
LINE
8
BLACK
6
CONTINUOUS
10
24.6600799999999971
20
-61.6362499999999969
11
24.6600799999999971
21
-61.863749999999996
0
LINE
8
BLACK
6
CONTINUOUS
10
24.6600799999999971
20
-61.863749999999996
11
24.6514209999999991
21
-61.9072800000000001
0
LINE
8
BLACK
6
CONTINUOUS
10
24.6514209999999991
20
-61.9072800000000001
11
24.6267630000000004
21
-61.9441829999999953
0
LINE
8
BLACK
6
CONTINUOUS
10
24.6267630000000004
20
-61.9441829999999953
11
24.5898599999999981
21
-61.9688409999999976
0
LINE
8
BLACK
6
CONTINUOUS
10
24.5898599999999981
20
-61.9688409999999976
11
24.5463299999999975
21
-61.9774999999999991
0
LINE
8
BLACK
6
CONTINUOUS
10
24.5463299999999975
20
-61.9774999999999991
11
23.4438299999999984
21
-61.9774999999999991
0
LINE
8
BLACK
6
CONTINUOUS
10
23.4438299999999984
20
-61.9774999999999991
11
23.4002999999999979
21
-61.9688409999999976
0
LINE
8
BLACK
6
CONTINUOUS
10
23.4002999999999979
20
-61.9688409999999976
11
23.3633969999999991
21
-61.9441829999999953
0
LINE
8
BLACK
6
CONTINUOUS
10
23.3633969999999991
20
-61.9441829999999953
11
23.3387390000000003
21
-61.9072800000000001
0
LINE
8
BLACK
6
CONTINUOUS
10
23.3387390000000003
20
-61.9072800000000001
11
23.3300799999999988
21
-61.863749999999996
0
LINE
8
BLACK
6
CONTINUOUS
10
23.3300799999999988
20
-61.863749999999996
11
23.3300799999999988
21
-61.6362499999999969
0
LINE
8
BLACK
6
CONTINUOUS
10
23.3300799999999988
20
-61.6362499999999969
11
23.3387390000000003
21
-61.5927199999999999
0
LINE
8
BLACK
6
CONTINUOUS
10
23.3387390000000003
20
-61.5927199999999999
11
23.3633969999999991
21
-61.5558169999999976
0
LINE
8
BLACK
6
CONTINUOUS
10
23.3633969999999991
20
-61.5558169999999976
11
23.4002999999999979
21
-61.5311589999999953
0
LINE
8
BLACK
6
CONTINUOUS
10
23.4002999999999979
20
-61.5311589999999953
11
23.4438299999999984
21
-61.5224999999999937
0
LINE
8
BLACK
6
CONTINUOUS
10
23.4438299999999984
20
-61.5224999999999937
11
24.5463299999999975
21
-61.5224999999999937
0
LINE
8
BLACK
6
CONTINUOUS
10
24.5463299999999975
20
-61.5224999999999937
11
24.5898599999999981
21
-61.5311589999999953
0
LINE
8
BLACK
6
CONTINUOUS
10
33.4005480000000006
20
-61.3588570000000004
11
32.9798199999999966
21
-61.7795849999999973
0
LINE
8
BLACK
6
CONTINUOUS
10
32.9798199999999966
20
-61.7795849999999973
11
32.8313279999999992
21
-61.6310929999999999
0
LINE
8
BLACK
6
CONTINUOUS
10
32.8313279999999992
20
-61.6310929999999999
11
33.2520559999999961
21
-61.2103649999999959
0
LINE
8
BLACK
6
CONTINUOUS
10
33.2520559999999961
20
-61.2103649999999959
11
33.4005480000000006
21
-61.3588570000000004
0
LINE
8
BLACK
6
CONTINUOUS
10
42.1686720000000008
20
-61.6310929999999999
11
42.0201799999999963
21
-61.7795849999999973
0
LINE
8
BLACK
6
CONTINUOUS
10
42.0201799999999963
20
-61.7795849999999973
11
41.5994519999999994
21
-61.3588570000000004
0
LINE
8
BLACK
6
CONTINUOUS
10
41.5994519999999994
20
-61.3588570000000004
11
41.7479439999999968
21
-61.2103649999999959
0
LINE
8
BLACK
6
CONTINUOUS
10
41.7479439999999968
20
-61.2103649999999959
11
42.1686720000000008
21
-61.6310929999999999
0
LINE
8
BLACK
6
CONTINUOUS
10
50.7800000000000011
20
-61.6799999999999997
11
50.2199999999999989
21
-61.6799999999999997
0
LINE
8
BLACK
6
CONTINUOUS
10
50.2199999999999989
20
-61.6799999999999997
11
50.2199999999999989
21
-61.519999999999996
0
LINE
8
BLACK
6
CONTINUOUS
10
50.2199999999999989
20
-61.519999999999996
11
50.7800000000000011
21
-61.519999999999996
0
LINE
8
BLACK
6
CONTINUOUS
10
50.7800000000000011
20
-61.519999999999996
11
50.7800000000000011
21
-61.6799999999999997
0
LINE
8
BLACK
6
CONTINUOUS
10
53.8599999999999994
20
-61.6799999999999997
11
53.2999999999999972
21
-61.6799999999999997
0
LINE
8
BLACK
6
CONTINUOUS
10
53.2999999999999972
20
-61.6799999999999997
11
53.2999999999999972
21
-61.519999999999996
0
LINE
8
BLACK
6
CONTINUOUS
10
53.2999999999999972
20
-61.519999999999996
11
53.8599999999999994
21
-61.519999999999996
0
LINE
8
BLACK
6
CONTINUOUS
10
53.8599999999999994
20
-61.519999999999996
11
53.8599999999999994
21
-61.6799999999999997
0
LINE
8
BLACK
6
CONTINUOUS
10
84.7000000000000028
20
-61.6799999999999997
11
84.1400000000000006
21
-61.6799999999999997
0
LINE
8
BLACK
6
CONTINUOUS
10
84.1400000000000006
20
-61.6799999999999997
11
84.1400000000000006
21
-61.519999999999996
0
LINE
8
BLACK
6
CONTINUOUS
10
84.1400000000000006
20
-61.519999999999996
11
84.7000000000000028
21
-61.519999999999996
0
LINE
8
BLACK
6
CONTINUOUS
10
84.7000000000000028
20
-61.519999999999996
11
84.7000000000000028
21
-61.6799999999999997
0
LINE
8
BLACK
6
CONTINUOUS
10
87.7800000000000011
20
-61.6799999999999997
11
87.2199999999999989
21
-61.6799999999999997
0
LINE
8
BLACK
6
CONTINUOUS
10
87.2199999999999989
20
-61.6799999999999997
11
87.2199999999999989
21
-61.519999999999996
0
LINE
8
BLACK
6
CONTINUOUS
10
87.2199999999999989
20
-61.519999999999996
11
87.7800000000000011
21
-61.519999999999996
0
LINE
8
BLACK
6
CONTINUOUS
10
87.7800000000000011
20
-61.519999999999996
11
87.7800000000000011
21
-61.6799999999999997
0
LINE
8
BLACK
6
CONTINUOUS
10
50.7800000000000011
20
-61.279999999999994
11
50.2199999999999989
21
-61.279999999999994
0
LINE
8
BLACK
6
CONTINUOUS
10
50.2199999999999989
20
-61.279999999999994
11
50.2199999999999989
21
-61.1199999999999974
0
LINE
8
BLACK
6
CONTINUOUS
10
50.2199999999999989
20
-61.1199999999999974
11
50.7800000000000011
21
-61.1199999999999974
0
LINE
8
BLACK
6
CONTINUOUS
10
50.7800000000000011
20
-61.1199999999999974
11
50.7800000000000011
21
-61.279999999999994
0
LINE
8
BLACK
6
CONTINUOUS
10
53.8599999999999994
20
-61.279999999999994
11
53.2999999999999972
21
-61.279999999999994
0
LINE
8
BLACK
6
CONTINUOUS
10
53.2999999999999972
20
-61.279999999999994
11
53.2999999999999972
21
-61.1199999999999974
0
LINE
8
BLACK
6
CONTINUOUS
10
53.2999999999999972
20
-61.1199999999999974
11
53.8599999999999994
21
-61.1199999999999974
0
LINE
8
BLACK
6
CONTINUOUS
10
53.8599999999999994
20
-61.1199999999999974
11
53.8599999999999994
21
-61.279999999999994
0
LINE
8
BLACK
6
CONTINUOUS
10
84.7000000000000028
20
-61.279999999999994
11
84.1400000000000006
21
-61.279999999999994
0
LINE
8
BLACK
6
CONTINUOUS
10
84.1400000000000006
20
-61.279999999999994
11
84.1400000000000006
21
-61.1199999999999974
0
LINE
8
BLACK
6
CONTINUOUS
10
84.1400000000000006
20
-61.1199999999999974
11
84.7000000000000028
21
-61.1199999999999974
0
LINE
8
BLACK
6
CONTINUOUS
10
84.7000000000000028
20
-61.1199999999999974
11
84.7000000000000028
21
-61.279999999999994
0
LINE
8
BLACK
6
CONTINUOUS
10
87.7800000000000011
20
-61.279999999999994
11
87.2199999999999989
21
-61.279999999999994
0
LINE
8
BLACK
6
CONTINUOUS
10
87.2199999999999989
20
-61.279999999999994
11
87.2199999999999989
21
-61.1199999999999974
0
LINE
8
BLACK
6
CONTINUOUS
10
87.2199999999999989
20
-61.1199999999999974
11
87.7800000000000011
21
-61.1199999999999974
0
LINE
8
BLACK
6
CONTINUOUS
10
87.7800000000000011
20
-61.1199999999999974
11
87.7800000000000011
21
-61.279999999999994
0
LINE
8
BLACK
6
CONTINUOUS
10
44.0838490000000007
20
-60.2012149999999977
11
44.1406229999999979
21
-60.2391509999999997
0
LINE
8
BLACK
6
CONTINUOUS
10
44.1406229999999979
20
-60.2391509999999997
11
44.6108489999999946
21
-60.7093769999999964
0
LINE
8
BLACK
6
CONTINUOUS
10
44.6108489999999946
20
-60.7093769999999964
11
44.6487849999999966
21
-60.7661510000000007
0
LINE
8
BLACK
6
CONTINUOUS
10
44.6487849999999966
20
-60.7661510000000007
11
44.6621060000000014
21
-60.8331199999999939
0
LINE
8
BLACK
6
CONTINUOUS
10
44.6621060000000014
20
-60.8331199999999939
11
44.6487849999999966
21
-60.9000899999999987
0
LINE
8
BLACK
6
CONTINUOUS
10
44.6487849999999966
20
-60.9000899999999987
11
44.6108489999999946
21
-60.9568639999999959
0
LINE
8
BLACK
6
CONTINUOUS
10
44.6108489999999946
20
-60.9568639999999959
11
44.3633619999999951
21
-61.2043509999999955
0
LINE
8
BLACK
6
CONTINUOUS
10
44.3633619999999951
20
-61.2043509999999955
11
44.3065879999999979
21
-61.2422869999999975
0
LINE
8
BLACK
6
CONTINUOUS
10
44.3065879999999979
20
-61.2422869999999975
11
44.2396180000000001
21
-61.2556079999999952
0
LINE
8
BLACK
6
CONTINUOUS
10
44.2396180000000001
20
-61.2556079999999952
11
44.1726489999999998
21
-61.2422869999999975
0
LINE
8
BLACK
6
CONTINUOUS
10
44.1726489999999998
20
-61.2422869999999975
11
44.1158749999999955
21
-61.2043509999999955
0
LINE
8
BLACK
6
CONTINUOUS
10
44.1158749999999955
20
-61.2043509999999955
11
43.6456489999999988
21
-60.7341249999999988
0
LINE
8
BLACK
6
CONTINUOUS
10
43.6456489999999988
20
-60.7341249999999988
11
43.6077129999999968
21
-60.6773509999999945
0
LINE
8
BLACK
6
CONTINUOUS
10
43.6077129999999968
20
-60.6773509999999945
11
43.5943919999999991
21
-60.6103819999999942
0
LINE
8
BLACK
6
CONTINUOUS
10
43.5943919999999991
20
-60.6103819999999942
11
43.6077129999999968
21
-60.5434119999999965
0
LINE
8
BLACK
6
CONTINUOUS
10
43.6077129999999968
20
-60.5434119999999965
11
43.6456489999999988
21
-60.4866379999999992
0
LINE
8
BLACK
6
CONTINUOUS
10
43.6456489999999988
20
-60.4866379999999992
11
43.8931359999999984
21
-60.2391509999999997
0
LINE
8
BLACK
6
CONTINUOUS
10
43.8931359999999984
20
-60.2391509999999997
11
43.9499099999999956
21
-60.2012149999999977
0
LINE
8
BLACK
6
CONTINUOUS
10
43.9499099999999956
20
-60.2012149999999977
11
44.0168800000000005
21
-60.187894
0
LINE
8
BLACK
6
CONTINUOUS
10
44.0168800000000005
20
-60.187894
11
44.0838490000000007
21
-60.2012149999999977
0
LINE
8
BLACK
6
CONTINUOUS
10
50.7800000000000011
20
-60.8799999999999955
11
50.2199999999999989
21
-60.8799999999999955
0
LINE
8
BLACK
6
CONTINUOUS
10
50.2199999999999989
20
-60.8799999999999955
11
50.2199999999999989
21
-60.7199999999999989
0
LINE
8
BLACK
6
CONTINUOUS
10
50.2199999999999989
20
-60.7199999999999989
11
50.7800000000000011
21
-60.7199999999999989
0
LINE
8
BLACK
6
CONTINUOUS
10
50.7800000000000011
20
-60.7199999999999989
11
50.7800000000000011
21
-60.8799999999999955
0
LINE
8
BLACK
6
CONTINUOUS
10
53.8599999999999994
20
-60.8799999999999955
11
53.2999999999999972
21
-60.8799999999999955
0
LINE
8
BLACK
6
CONTINUOUS
10
53.2999999999999972
20
-60.8799999999999955
11
53.2999999999999972
21
-60.7199999999999989
0
LINE
8
BLACK
6
CONTINUOUS
10
53.2999999999999972
20
-60.7199999999999989
11
53.8599999999999994
21
-60.7199999999999989
0
LINE
8
BLACK
6
CONTINUOUS
10
53.8599999999999994
20
-60.7199999999999989
11
53.8599999999999994
21
-60.8799999999999955
0
LINE
8
BLACK
6
CONTINUOUS
10
84.7000000000000028
20
-60.8799999999999955
11
84.1400000000000006
21
-60.8799999999999955
0
LINE
8
BLACK
6
CONTINUOUS
10
84.1400000000000006
20
-60.8799999999999955
11
84.1400000000000006
21
-60.7199999999999989
0
LINE
8
BLACK
6
CONTINUOUS
10
84.1400000000000006
20
-60.7199999999999989
11
84.7000000000000028
21
-60.7199999999999989
0
LINE
8
BLACK
6
CONTINUOUS
10
84.7000000000000028
20
-60.7199999999999989
11
84.7000000000000028
21
-60.8799999999999955
0
LINE
8
BLACK
6
CONTINUOUS
10
87.7800000000000011
20
-60.8799999999999955
11
87.2199999999999989
21
-60.8799999999999955
0
LINE
8
BLACK
6
CONTINUOUS
10
87.2199999999999989
20
-60.8799999999999955
11
87.2199999999999989
21
-60.7199999999999989
0
LINE
8
BLACK
6
CONTINUOUS
10
87.2199999999999989
20
-60.7199999999999989
11
87.7800000000000011
21
-60.7199999999999989
0
LINE
8
BLACK
6
CONTINUOUS
10
87.7800000000000011
20
-60.7199999999999989
11
87.7800000000000011
21
-60.8799999999999955
0
LINE
8
BLACK
6
CONTINUOUS
10
33.4005480000000006
20
-60.6411429999999996
11
33.2520559999999961
21
-60.789634999999997
0
LINE
8
BLACK
6
CONTINUOUS
10
33.2520559999999961
20
-60.789634999999997
11
32.8313279999999992
21
-60.3689070000000001
0
LINE
8
BLACK
6
CONTINUOUS
10
32.8313279999999992
20
-60.3689070000000001
11
32.9798199999999966
21
-60.2204149999999956
0
LINE
8
BLACK
6
CONTINUOUS
10
32.9798199999999966
20
-60.2204149999999956
11
33.4005480000000006
21
-60.6411429999999996
0
LINE
8
BLACK
6
CONTINUOUS
10
42.1686720000000008
20
-60.3689070000000001
11
41.7479439999999968
21
-60.789634999999997
0
LINE
8
BLACK
6
CONTINUOUS
10
41.7479439999999968
20
-60.789634999999997
11
41.5994519999999994
21
-60.6411429999999996
0
LINE
8
BLACK
6
CONTINUOUS
10
41.5994519999999994
20
-60.6411429999999996
11
42.0201799999999963
21
-60.2204149999999956
0
LINE
8
BLACK
6
CONTINUOUS
10
42.0201799999999963
20
-60.2204149999999956
11
42.1686720000000008
21
-60.3689070000000001
0
LINE
8
BLACK
6
CONTINUOUS
10
24.5898599999999981
20
-60.2611589999999993
11
24.6267630000000004
21
-60.2858169999999944
0
LINE
8
BLACK
6
CONTINUOUS
10
24.6267630000000004
20
-60.2858169999999944
11
24.6514209999999991
21
-60.3227199999999968
0
LINE
8
BLACK
6
CONTINUOUS
10
24.6514209999999991
20
-60.3227199999999968
11
24.6600799999999971
21
-60.3662499999999937
0
LINE
8
BLACK
6
CONTINUOUS
10
24.6600799999999971
20
-60.3662499999999937
11
24.6600799999999971
21
-60.59375
0
LINE
8
BLACK
6
CONTINUOUS
10
24.6600799999999971
20
-60.59375
11
24.6514209999999991
21
-60.637279999999997
0
LINE
8
BLACK
6
CONTINUOUS
10
24.6514209999999991
20
-60.637279999999997
11
24.6267630000000004
21
-60.6741829999999993
0
LINE
8
BLACK
6
CONTINUOUS
10
24.6267630000000004
20
-60.6741829999999993
11
24.5898599999999981
21
-60.6988409999999945
0
LINE
8
BLACK
6
CONTINUOUS
10
24.5898599999999981
20
-60.6988409999999945
11
24.5463299999999975
21
-60.707499999999996
0
LINE
8
BLACK
6
CONTINUOUS
10
24.5463299999999975
20
-60.707499999999996
11
23.4438299999999984
21
-60.707499999999996
0
LINE
8
BLACK
6
CONTINUOUS
10
23.4438299999999984
20
-60.707499999999996
11
23.4002999999999979
21
-60.6988409999999945
0
LINE
8
BLACK
6
CONTINUOUS
10
23.4002999999999979
20
-60.6988409999999945
11
23.3633969999999991
21
-60.6741829999999993
0
LINE
8
BLACK
6
CONTINUOUS
10
23.3633969999999991
20
-60.6741829999999993
11
23.3387390000000003
21
-60.637279999999997
0
LINE
8
BLACK
6
CONTINUOUS
10
23.3387390000000003
20
-60.637279999999997
11
23.3300799999999988
21
-60.59375
0
LINE
8
BLACK
6
CONTINUOUS
10
23.3300799999999988
20
-60.59375
11
23.3300799999999988
21
-60.3662499999999937
0
LINE
8
BLACK
6
CONTINUOUS
10
23.3300799999999988
20
-60.3662499999999937
11
23.3387390000000003
21
-60.3227199999999968
0
LINE
8
BLACK
6
CONTINUOUS
10
23.3387390000000003
20
-60.3227199999999968
11
23.3633969999999991
21
-60.2858169999999944
0
LINE
8
BLACK
6
CONTINUOUS
10
23.3633969999999991
20
-60.2858169999999944
11
23.4002999999999979
21
-60.2611589999999993
0
LINE
8
BLACK
6
CONTINUOUS
10
23.4002999999999979
20
-60.2611589999999993
11
23.4438299999999984
21
-60.2524999999999977
0
LINE
8
BLACK
6
CONTINUOUS
10
23.4438299999999984
20
-60.2524999999999977
11
24.5463299999999975
21
-60.2524999999999977
0
LINE
8
BLACK
6
CONTINUOUS
10
24.5463299999999975
20
-60.2524999999999977
11
24.5898599999999981
21
-60.2611589999999993
0
LINE
8
BLACK
6
CONTINUOUS
10
50.7800000000000011
20
-60.4799999999999969
11
50.2199999999999989
21
-60.4799999999999969
0
LINE
8
BLACK
6
CONTINUOUS
10
50.2199999999999989
20
-60.4799999999999969
11
50.2199999999999989
21
-60.3200000000000003
0
LINE
8
BLACK
6
CONTINUOUS
10
50.2199999999999989
20
-60.3200000000000003
11
50.7800000000000011
21
-60.3200000000000003
0
LINE
8
BLACK
6
CONTINUOUS
10
50.7800000000000011
20
-60.3200000000000003
11
50.7800000000000011
21
-60.4799999999999969
0
LINE
8
BLACK
6
CONTINUOUS
10
53.8599999999999994
20
-60.4799999999999969
11
53.2999999999999972
21
-60.4799999999999969
0
LINE
8
BLACK
6
CONTINUOUS
10
53.2999999999999972
20
-60.4799999999999969
11
53.2999999999999972
21
-60.3200000000000003
0
LINE
8
BLACK
6
CONTINUOUS
10
53.2999999999999972
20
-60.3200000000000003
11
53.8599999999999994
21
-60.3200000000000003
0
LINE
8
BLACK
6
CONTINUOUS
10
53.8599999999999994
20
-60.3200000000000003
11
53.8599999999999994
21
-60.4799999999999969
0
LINE
8
BLACK
6
CONTINUOUS
10
84.7000000000000028
20
-60.4799999999999969
11
84.1400000000000006
21
-60.4799999999999969
0
LINE
8
BLACK
6
CONTINUOUS
10
84.1400000000000006
20
-60.4799999999999969
11
84.1400000000000006
21
-60.3200000000000003
0
LINE
8
BLACK
6
CONTINUOUS
10
84.1400000000000006
20
-60.3200000000000003
11
84.7000000000000028
21
-60.3200000000000003
0
LINE
8
BLACK
6
CONTINUOUS
10
84.7000000000000028
20
-60.3200000000000003
11
84.7000000000000028
21
-60.4799999999999969
0
LINE
8
BLACK
6
CONTINUOUS
10
87.7800000000000011
20
-60.4799999999999969
11
87.2199999999999989
21
-60.4799999999999969
0
LINE
8
BLACK
6
CONTINUOUS
10
87.2199999999999989
20
-60.4799999999999969
11
87.2199999999999989
21
-60.3200000000000003
0
LINE
8
BLACK
6
CONTINUOUS
10
87.2199999999999989
20
-60.3200000000000003
11
87.7800000000000011
21
-60.3200000000000003
0
LINE
8
BLACK
6
CONTINUOUS
10
87.7800000000000011
20
-60.3200000000000003
11
87.7800000000000011
21
-60.4799999999999969
0
LINE
8
BLACK
6
CONTINUOUS
10
33.7541009999999986
20
-60.2875899999999945
11
33.6056090000000012
21
-60.436081999999999
0
LINE
8
BLACK
6
CONTINUOUS
10
33.6056090000000012
20
-60.436081999999999
11
33.1848809999999972
21
-60.015353999999995
0
LINE
8
BLACK
6
CONTINUOUS
10
33.1848809999999972
20
-60.015353999999995
11
33.3333730000000017
21
-59.8668619999999976
0
LINE
8
BLACK
6
CONTINUOUS
10
33.3333730000000017
20
-59.8668619999999976
11
33.7541009999999986
21
-60.2875899999999945
0
LINE
8
BLACK
6
CONTINUOUS
10
41.8151189999999957
20
-60.015353999999995
11
41.3943909999999988
21
-60.436081999999999
0
LINE
8
BLACK
6
CONTINUOUS
10
41.3943909999999988
20
-60.436081999999999
11
41.2458990000000014
21
-60.2875899999999945
0
LINE
8
BLACK
6
CONTINUOUS
10
41.2458990000000014
20
-60.2875899999999945
11
41.6666269999999983
21
-59.8668619999999976
0
LINE
8
BLACK
6
CONTINUOUS
10
41.6666269999999983
20
-59.8668619999999976
11
41.8151189999999957
21
-60.015353999999995
0
LINE
8
BLACK
6
CONTINUOUS
10
34.1076550000000012
20
-59.934035999999999
11
33.9591629999999967
21
-60.0825279999999964
0
LINE
8
BLACK
6
CONTINUOUS
10
33.9591629999999967
20
-60.0825279999999964
11
33.5384349999999998
21
-59.6617999999999995
0
LINE
8
BLACK
6
CONTINUOUS
10
33.5384349999999998
20
-59.6617999999999995
11
33.6869269999999972
21
-59.513307999999995
0
LINE
8
BLACK
6
CONTINUOUS
10
33.6869269999999972
20
-59.513307999999995
11
34.1076550000000012
21
-59.934035999999999
0
LINE
8
BLACK
6
CONTINUOUS
10
41.4615650000000002
20
-59.6617999999999995
11
41.0408369999999962
21
-60.0825279999999964
0
LINE
8
BLACK
6
CONTINUOUS
10
41.0408369999999962
20
-60.0825279999999964
11
40.8923449999999988
21
-59.934035999999999
0
LINE
8
BLACK
6
CONTINUOUS
10
40.8923449999999988
20
-59.934035999999999
11
41.3130729999999957
21
-59.513307999999995
0
LINE
8
BLACK
6
CONTINUOUS
10
41.3130729999999957
20
-59.513307999999995
11
41.4615650000000002
21
-59.6617999999999995
0
LINE
8
BLACK
6
CONTINUOUS
10
50.7800000000000011
20
-60.0799999999999983
11
50.2199999999999989
21
-60.0799999999999983
0
LINE
8
BLACK
6
CONTINUOUS
10
50.2199999999999989
20
-60.0799999999999983
11
50.2199999999999989
21
-59.9199999999999946
0
LINE
8
BLACK
6
CONTINUOUS
10
50.2199999999999989
20
-59.9199999999999946
11
50.7800000000000011
21
-59.9199999999999946
0
LINE
8
BLACK
6
CONTINUOUS
10
50.7800000000000011
20
-59.9199999999999946
11
50.7800000000000011
21
-60.0799999999999983
0
LINE
8
BLACK
6
CONTINUOUS
10
53.8599999999999994
20
-60.0799999999999983
11
53.2999999999999972
21
-60.0799999999999983
0
LINE
8
BLACK
6
CONTINUOUS
10
53.2999999999999972
20
-60.0799999999999983
11
53.2999999999999972
21
-59.9199999999999946
0
LINE
8
BLACK
6
CONTINUOUS
10
53.2999999999999972
20
-59.9199999999999946
11
53.8599999999999994
21
-59.9199999999999946
0
LINE
8
BLACK
6
CONTINUOUS
10
53.8599999999999994
20
-59.9199999999999946
11
53.8599999999999994
21
-60.0799999999999983
0
LINE
8
BLACK
6
CONTINUOUS
10
84.7000000000000028
20
-60.0799999999999983
11
84.1400000000000006
21
-60.0799999999999983
0
LINE
8
BLACK
6
CONTINUOUS
10
84.1400000000000006
20
-60.0799999999999983
11
84.1400000000000006
21
-59.9199999999999946
0
LINE
8
BLACK
6
CONTINUOUS
10
84.1400000000000006
20
-59.9199999999999946
11
84.7000000000000028
21
-59.9199999999999946
0
LINE
8
BLACK
6
CONTINUOUS
10
84.7000000000000028
20
-59.9199999999999946
11
84.7000000000000028
21
-60.0799999999999983
0
LINE
8
BLACK
6
CONTINUOUS
10
87.7800000000000011
20
-60.0799999999999983
11
87.2199999999999989
21
-60.0799999999999983
0
LINE
8
BLACK
6
CONTINUOUS
10
87.2199999999999989
20
-60.0799999999999983
11
87.2199999999999989
21
-59.9199999999999946
0
LINE
8
BLACK
6
CONTINUOUS
10
87.2199999999999989
20
-59.9199999999999946
11
87.7800000000000011
21
-59.9199999999999946
0
LINE
8
BLACK
6
CONTINUOUS
10
87.7800000000000011
20
-59.9199999999999946
11
87.7800000000000011
21
-60.0799999999999983
0
LINE
8
BLACK
6
CONTINUOUS
10
106.8519699999999943
20
-59.2870709999999974
11
106.9087439999999987
21
-59.3250059999999948
0
LINE
8
BLACK
6
CONTINUOUS
10
106.9087439999999987
20
-59.3250059999999948
11
106.9466789999999889
21
-59.3817799999999991
0
LINE
8
BLACK
6
CONTINUOUS
10
106.9466789999999889
20
-59.3817799999999991
11
106.9599999999999937
21
-59.4487499999999969
0
LINE
8
BLACK
6
CONTINUOUS
10
106.9599999999999937
20
-59.4487499999999969
11
106.9599999999999937
21
-59.8162499999999966
0
LINE
8
BLACK
6
CONTINUOUS
10
106.9599999999999937
20
-59.8162499999999966
11
106.9466789999999889
21
-59.8832199999999943
0
LINE
8
BLACK
6
CONTINUOUS
10
106.9466789999999889
20
-59.8832199999999943
11
106.9087439999999987
21
-59.9399939999999987
0
LINE
8
BLACK
6
CONTINUOUS
10
106.9087439999999987
20
-59.9399939999999987
11
106.8519699999999943
21
-59.9779289999999961
0
LINE
8
BLACK
6
CONTINUOUS
10
106.8519699999999943
20
-59.9779289999999961
11
106.7849999999999966
21
-59.9912499999999937
0
LINE
8
BLACK
6
CONTINUOUS
10
106.7849999999999966
20
-59.9912499999999937
11
106.1550000000000011
21
-59.9912499999999937
0
LINE
8
BLACK
6
CONTINUOUS
10
106.1550000000000011
20
-59.9912499999999937
11
106.0880299999999892
21
-59.9779289999999961
0
LINE
8
BLACK
6
CONTINUOUS
10
106.0880299999999892
20
-59.9779289999999961
11
106.0312559999999991
21
-59.9399939999999987
0
LINE
8
BLACK
6
CONTINUOUS
10
106.0312559999999991
20
-59.9399939999999987
11
105.9933209999999946
21
-59.8832199999999943
0
LINE
8
BLACK
6
CONTINUOUS
10
105.9933209999999946
20
-59.8832199999999943
11
105.9799999999999898
21
-59.8162499999999966
0
LINE
8
BLACK
6
CONTINUOUS
10
105.9799999999999898
20
-59.8162499999999966
11
105.9799999999999898
21
-59.4487499999999969
0
LINE
8
BLACK
6
CONTINUOUS
10
105.9799999999999898
20
-59.4487499999999969
11
105.9933209999999946
21
-59.3817799999999991
0
LINE
8
BLACK
6
CONTINUOUS
10
105.9933209999999946
20
-59.3817799999999991
11
106.0312559999999991
21
-59.3250059999999948
0
LINE
8
BLACK
6
CONTINUOUS
10
106.0312559999999991
20
-59.3250059999999948
11
106.0880299999999892
21
-59.2870709999999974
0
LINE
8
BLACK
6
CONTINUOUS
10
106.0880299999999892
20
-59.2870709999999974
11
106.1550000000000011
21
-59.2737499999999997
0
LINE
8
BLACK
6
CONTINUOUS
10
106.1550000000000011
20
-59.2737499999999997
11
106.7849999999999966
21
-59.2737499999999997
0
LINE
8
BLACK
6
CONTINUOUS
10
106.7849999999999966
20
-59.2737499999999997
11
106.8519699999999943
21
-59.2870709999999974
0
LINE
8
BLACK
6
CONTINUOUS
10
45.4273509999999945
20
-58.8577129999999968
11
45.4841249999999988
21
-58.8956489999999988
0
LINE
8
BLACK
6
CONTINUOUS
10
45.4841249999999988
20
-58.8956489999999988
11
45.9543509999999955
21
-59.3658749999999955
0
LINE
8
BLACK
6
CONTINUOUS
10
45.9543509999999955
20
-59.3658749999999955
11
45.9922869999999975
21
-59.4226489999999998
0
LINE
8
BLACK
6
CONTINUOUS
10
45.9922869999999975
20
-59.4226489999999998
11
46.0056079999999952
21
-59.4896180000000001
0
LINE
8
BLACK
6
CONTINUOUS
10
46.0056079999999952
20
-59.4896180000000001
11
45.9922869999999975
21
-59.5565879999999979
0
LINE
8
BLACK
6
CONTINUOUS
10
45.9922869999999975
20
-59.5565879999999979
11
45.9543509999999955
21
-59.6133619999999951
0
LINE
8
BLACK
6
CONTINUOUS
10
45.9543509999999955
20
-59.6133619999999951
11
45.7068639999999959
21
-59.8608489999999946
0
LINE
8
BLACK
6
CONTINUOUS
10
45.7068639999999959
20
-59.8608489999999946
11
45.6500899999999987
21
-59.8987849999999966
0
LINE
8
BLACK
6
CONTINUOUS
10
45.6500899999999987
20
-59.8987849999999966
11
45.583120000000001
21
-59.9121059999999943
0
LINE
8
BLACK
6
CONTINUOUS
10
45.583120000000001
20
-59.9121059999999943
11
45.5161510000000007
21
-59.8987849999999966
0
LINE
8
BLACK
6
CONTINUOUS
10
45.5161510000000007
20
-59.8987849999999966
11
45.4593769999999964
21
-59.8608489999999946
0
LINE
8
BLACK
6
CONTINUOUS
10
45.4593769999999964
20
-59.8608489999999946
11
44.9891509999999997
21
-59.3906229999999979
0
LINE
8
BLACK
6
CONTINUOUS
10
44.9891509999999997
20
-59.3906229999999979
11
44.9512149999999977
21
-59.3338490000000007
0
LINE
8
BLACK
6
CONTINUOUS
10
44.9512149999999977
20
-59.3338490000000007
11
44.937894
21
-59.2668800000000005
0
LINE
8
BLACK
6
CONTINUOUS
10
44.937894
20
-59.2668800000000005
11
44.9512149999999977
21
-59.1999099999999956
0
LINE
8
BLACK
6
CONTINUOUS
10
44.9512149999999977
20
-59.1999099999999956
11
44.9891509999999997
21
-59.1431359999999984
0
LINE
8
BLACK
6
CONTINUOUS
10
44.9891509999999997
20
-59.1431359999999984
11
45.2366379999999992
21
-58.8956489999999988
0
LINE
8
BLACK
6
CONTINUOUS
10
45.2366379999999992
20
-58.8956489999999988
11
45.2934119999999965
21
-58.8577129999999968
0
LINE
8
BLACK
6
CONTINUOUS
10
45.2934119999999965
20
-58.8577129999999968
11
45.3603820000000013
21
-58.8443919999999991
0
LINE
8
BLACK
6
CONTINUOUS
10
45.3603820000000013
20
-58.8443919999999991
11
45.4273509999999945
21
-58.8577129999999968
0
LINE
8
BLACK
6
CONTINUOUS
10
42.7289269999999988
20
-58.8308859999999996
11
42.785700999999996
21
-58.8688219999999944
0
LINE
8
BLACK
6
CONTINUOUS
10
42.785700999999996
20
-58.8688219999999944
11
43.2311779999999999
21
-59.3142989999999983
0
LINE
8
BLACK
6
CONTINUOUS
10
43.2311779999999999
20
-59.3142989999999983
11
43.2691139999999947
21
-59.3710729999999955
0
LINE
8
BLACK
6
CONTINUOUS
10
43.2691139999999947
20
-59.3710729999999955
11
43.2824349999999995
21
-59.4380430000000004
0
LINE
8
BLACK
6
CONTINUOUS
10
43.2824349999999995
20
-59.4380430000000004
11
43.2691139999999947
21
-59.5050120000000007
0
LINE
8
BLACK
6
CONTINUOUS
10
43.2691139999999947
20
-59.5050120000000007
11
43.2311779999999999
21
-59.5617859999999979
0
LINE
8
BLACK
6
CONTINUOUS
10
43.2311779999999999
20
-59.5617859999999979
11
42.9713159999999945
21
-59.8216479999999962
0
LINE
8
BLACK
6
CONTINUOUS
10
42.9713159999999945
20
-59.8216479999999962
11
42.9145419999999973
21
-59.8595839999999981
0
LINE
8
BLACK
6
CONTINUOUS
10
42.9145419999999973
20
-59.8595839999999981
11
42.847572999999997
21
-59.8729049999999958
0
LINE
8
BLACK
6
CONTINUOUS
10
42.847572999999997
20
-59.8729049999999958
11
42.7806029999999993
21
-59.8595839999999981
0
LINE
8
BLACK
6
CONTINUOUS
10
42.7806029999999993
20
-59.8595839999999981
11
42.7238289999999949
21
-59.8216479999999962
0
LINE
8
BLACK
6
CONTINUOUS
10
42.7238289999999949
20
-59.8216479999999962
11
42.2783519999999982
21
-59.3761709999999994
0
LINE
8
BLACK
6
CONTINUOUS
10
42.2783519999999982
20
-59.3761709999999994
11
42.2404159999999962
21
-59.319396999999995
0
LINE
8
BLACK
6
CONTINUOUS
10
42.2404159999999962
20
-59.319396999999995
11
42.2270949999999985
21
-59.2524269999999973
0
LINE
8
BLACK
6
CONTINUOUS
10
42.2270949999999985
20
-59.2524269999999973
11
42.2404159999999962
21
-59.185457999999997
0
LINE
8
BLACK
6
CONTINUOUS
10
42.2404159999999962
20
-59.185457999999997
11
42.2783519999999982
21
-59.1286839999999998
0
LINE
8
BLACK
6
CONTINUOUS
10
42.2783519999999982
20
-59.1286839999999998
11
42.5382139999999964
21
-58.8688219999999944
0
LINE
8
BLACK
6
CONTINUOUS
10
42.5382139999999964
20
-58.8688219999999944
11
42.5949880000000007
21
-58.8308859999999996
0
LINE
8
BLACK
6
CONTINUOUS
10
42.5949880000000007
20
-58.8308859999999996
11
42.661957000000001
21
-58.8175649999999948
0
LINE
8
BLACK
6
CONTINUOUS
10
42.661957000000001
20
-58.8175649999999948
11
42.7289269999999988
21
-58.8308859999999996
0
LINE
8
BLACK
6
CONTINUOUS
10
34.4612079999999992
20
-59.5804829999999939
11
34.3127160000000018
21
-59.7289749999999984
0
LINE
8
BLACK
6
CONTINUOUS
10
34.3127160000000018
20
-59.7289749999999984
11
33.8919879999999978
21
-59.3082469999999944
0
LINE
8
BLACK
6
CONTINUOUS
10
33.8919879999999978
20
-59.3082469999999944
11
34.0404799999999952
21
-59.159754999999997
0
LINE
8
BLACK
6
CONTINUOUS
10
34.0404799999999952
20
-59.159754999999997
11
34.4612079999999992
21
-59.5804829999999939
0
LINE
8
BLACK
6
CONTINUOUS
10
41.1080119999999951
20
-59.3082469999999944
11
40.6872839999999982
21
-59.7289749999999984
0
LINE
8
BLACK
6
CONTINUOUS
10
40.6872839999999982
20
-59.7289749999999984
11
40.5387920000000008
21
-59.5804829999999939
0
LINE
8
BLACK
6
CONTINUOUS
10
40.5387920000000008
20
-59.5804829999999939
11
40.9595199999999977
21
-59.159754999999997
0
LINE
8
BLACK
6
CONTINUOUS
10
40.9595199999999977
20
-59.159754999999997
11
41.1080119999999951
21
-59.3082469999999944
0
LINE
8
BLACK
6
CONTINUOUS
10
50.7800000000000011
20
-59.6799999999999997
11
50.2199999999999989
21
-59.6799999999999997
0
LINE
8
BLACK
6
CONTINUOUS
10
50.2199999999999989
20
-59.6799999999999997
11
50.2199999999999989
21
-59.519999999999996
0
LINE
8
BLACK
6
CONTINUOUS
10
50.2199999999999989
20
-59.519999999999996
11
50.7800000000000011
21
-59.519999999999996
0
LINE
8
BLACK
6
CONTINUOUS
10
50.7800000000000011
20
-59.519999999999996
11
50.7800000000000011
21
-59.6799999999999997
0
LINE
8
BLACK
6
CONTINUOUS
10
53.8599999999999994
20
-59.6799999999999997
11
53.2999999999999972
21
-59.6799999999999997
0
LINE
8
BLACK
6
CONTINUOUS
10
53.2999999999999972
20
-59.6799999999999997
11
53.2999999999999972
21
-59.519999999999996
0
LINE
8
BLACK
6
CONTINUOUS
10
53.2999999999999972
20
-59.519999999999996
11
53.8599999999999994
21
-59.519999999999996
0
LINE
8
BLACK
6
CONTINUOUS
10
53.8599999999999994
20
-59.519999999999996
11
53.8599999999999994
21
-59.6799999999999997
0
LINE
8
BLACK
6
CONTINUOUS
10
84.7000000000000028
20
-59.6799999999999997
11
84.1400000000000006
21
-59.6799999999999997
0
LINE
8
BLACK
6
CONTINUOUS
10
84.1400000000000006
20
-59.6799999999999997
11
84.1400000000000006
21
-59.519999999999996
0
LINE
8
BLACK
6
CONTINUOUS
10
84.1400000000000006
20
-59.519999999999996
11
84.7000000000000028
21
-59.519999999999996
0
LINE
8
BLACK
6
CONTINUOUS
10
84.7000000000000028
20
-59.519999999999996
11
84.7000000000000028
21
-59.6799999999999997
0
LINE
8
BLACK
6
CONTINUOUS
10
87.7800000000000011
20
-59.6799999999999997
11
87.2199999999999989
21
-59.6799999999999997
0
LINE
8
BLACK
6
CONTINUOUS
10
87.2199999999999989
20
-59.6799999999999997
11
87.2199999999999989
21
-59.519999999999996
0
LINE
8
BLACK
6
CONTINUOUS
10
87.2199999999999989
20
-59.519999999999996
11
87.7800000000000011
21
-59.519999999999996
0
LINE
8
BLACK
6
CONTINUOUS
10
87.7800000000000011
20
-59.519999999999996
11
87.7800000000000011
21
-59.6799999999999997
0
LINE
8
BLACK
6
CONTINUOUS
10
32.6500899999999987
20
-58.5512149999999991
11
32.7068639999999959
21
-58.589150999999994
0
LINE
8
BLACK
6
CONTINUOUS
10
32.7068639999999959
20
-58.589150999999994
11
32.9543509999999955
21
-58.8366380000000007
0
LINE
8
BLACK
6
CONTINUOUS
10
32.9543509999999955
20
-58.8366380000000007
11
32.9922869999999975
21
-58.8934119999999979
0
LINE
8
BLACK
6
CONTINUOUS
10
32.9922869999999975
20
-58.8934119999999979
11
33.0056079999999952
21
-58.9603819999999956
0
LINE
8
BLACK
6
CONTINUOUS
10
33.0056079999999952
20
-58.9603819999999956
11
32.9922869999999975
21
-59.0273509999999959
0
LINE
8
BLACK
6
CONTINUOUS
10
32.9922869999999975
20
-59.0273509999999959
11
32.9543509999999955
21
-59.0841250000000002
0
LINE
8
BLACK
6
CONTINUOUS
10
32.9543509999999955
20
-59.0841250000000002
11
32.4841249999999988
21
-59.5543509999999969
0
LINE
8
BLACK
6
CONTINUOUS
10
32.4841249999999988
20
-59.5543509999999969
11
32.4273510000000016
21
-59.5922869999999989
0
LINE
8
BLACK
6
CONTINUOUS
10
32.4273510000000016
20
-59.5922869999999989
11
32.3603820000000013
21
-59.6056079999999966
0
LINE
8
BLACK
6
CONTINUOUS
10
32.3603820000000013
20
-59.6056079999999966
11
32.2934119999999965
21
-59.5922869999999989
0
LINE
8
BLACK
6
CONTINUOUS
10
32.2934119999999965
20
-59.5922869999999989
11
32.2366379999999992
21
-59.5543509999999969
0
LINE
8
BLACK
6
CONTINUOUS
10
32.2366379999999992
20
-59.5543509999999969
11
31.9891509999999997
21
-59.3068639999999974
0
LINE
8
BLACK
6
CONTINUOUS
10
31.9891509999999997
20
-59.3068639999999974
11
31.9512149999999977
21
-59.2500900000000001
0
LINE
8
BLACK
6
CONTINUOUS
10
31.9512149999999977
20
-59.2500900000000001
11
31.937894
21
-59.1831199999999953
0
LINE
8
BLACK
6
CONTINUOUS
10
31.937894
20
-59.1831199999999953
11
31.9512149999999977
21
-59.116150999999995
0
LINE
8
BLACK
6
CONTINUOUS
10
31.9512149999999977
20
-59.116150999999995
11
31.9891509999999997
21
-59.0593769999999978
0
LINE
8
BLACK
6
CONTINUOUS
10
31.9891509999999997
20
-59.0593769999999978
11
32.4593769999999964
21
-58.589150999999994
0
LINE
8
BLACK
6
CONTINUOUS
10
32.4593769999999964
20
-58.589150999999994
11
32.5161510000000007
21
-58.5512149999999991
0
LINE
8
BLACK
6
CONTINUOUS
10
32.5161510000000007
20
-58.5512149999999991
11
32.583120000000001
21
-58.5378939999999943
0
LINE
8
BLACK
6
CONTINUOUS
10
32.583120000000001
20
-58.5378939999999943
11
32.6500899999999987
21
-58.5512149999999991
0
LINE
8
BLACK
6
CONTINUOUS
10
24.5898599999999981
20
-58.9911589999999961
11
24.6267630000000004
21
-59.0158169999999984
0
LINE
8
BLACK
6
CONTINUOUS
10
24.6267630000000004
20
-59.0158169999999984
11
24.6514209999999991
21
-59.0527200000000008
0
LINE
8
BLACK
6
CONTINUOUS
10
24.6514209999999991
20
-59.0527200000000008
11
24.6600799999999971
21
-59.0962499999999977
0
LINE
8
BLACK
6
CONTINUOUS
10
24.6600799999999971
20
-59.0962499999999977
11
24.6600799999999971
21
-59.3237499999999969
0
LINE
8
BLACK
6
CONTINUOUS
10
24.6600799999999971
20
-59.3237499999999969
11
24.6514209999999991
21
-59.3672799999999938
0
LINE
8
BLACK
6
CONTINUOUS
10
24.6514209999999991
20
-59.3672799999999938
11
24.6267630000000004
21
-59.4041829999999962
0
LINE
8
BLACK
6
CONTINUOUS
10
24.6267630000000004
20
-59.4041829999999962
11
24.5898599999999981
21
-59.4288409999999985
0
LINE
8
BLACK
6
CONTINUOUS
10
24.5898599999999981
20
-59.4288409999999985
11
24.5463299999999975
21
-59.4375
0
LINE
8
BLACK
6
CONTINUOUS
10
24.5463299999999975
20
-59.4375
11
23.4438299999999984
21
-59.4375
0
LINE
8
BLACK
6
CONTINUOUS
10
23.4438299999999984
20
-59.4375
11
23.4002999999999979
21
-59.4288409999999985
0
LINE
8
BLACK
6
CONTINUOUS
10
23.4002999999999979
20
-59.4288409999999985
11
23.3633969999999991
21
-59.4041829999999962
0
LINE
8
BLACK
6
CONTINUOUS
10
23.3633969999999991
20
-59.4041829999999962
11
23.3387390000000003
21
-59.3672799999999938
0
LINE
8
BLACK
6
CONTINUOUS
10
23.3387390000000003
20
-59.3672799999999938
11
23.3300799999999988
21
-59.3237499999999969
0
LINE
8
BLACK
6
CONTINUOUS
10
23.3300799999999988
20
-59.3237499999999969
11
23.3300799999999988
21
-59.0962499999999977
0
LINE
8
BLACK
6
CONTINUOUS
10
23.3300799999999988
20
-59.0962499999999977
11
23.3387390000000003
21
-59.0527200000000008
0
LINE
8
BLACK
6
CONTINUOUS
10
23.3387390000000003
20
-59.0527200000000008
11
23.3633969999999991
21
-59.0158169999999984
0
LINE
8
BLACK
6
CONTINUOUS
10
23.3633969999999991
20
-59.0158169999999984
11
23.4002999999999979
21
-58.9911589999999961
0
LINE
8
BLACK
6
CONTINUOUS
10
23.4002999999999979
20
-58.9911589999999961
11
23.4438299999999984
21
-58.9824999999999946
0
LINE
8
BLACK
6
CONTINUOUS
10
23.4438299999999984
20
-58.9824999999999946
11
24.5463299999999975
21
-58.9824999999999946
0
LINE
8
BLACK
6
CONTINUOUS
10
24.5463299999999975
20
-58.9824999999999946
11
24.5898599999999981
21
-58.9911589999999961
0
LINE
8
BLACK
6
CONTINUOUS
10
34.8147620000000018
20
-59.2269299999999959
11
34.6662699999999973
21
-59.3754220000000004
0
LINE
8
BLACK
6
CONTINUOUS
10
34.6662699999999973
20
-59.3754220000000004
11
34.2455420000000004
21
-58.9546939999999964
0
LINE
8
BLACK
6
CONTINUOUS
10
34.2455420000000004
20
-58.9546939999999964
11
34.3940339999999978
21
-58.806201999999999
0
LINE
8
BLACK
6
CONTINUOUS
10
34.3940339999999978
20
-58.806201999999999
11
34.8147620000000018
21
-59.2269299999999959
0
LINE
8
BLACK
6
CONTINUOUS
10
40.7544579999999996
20
-58.9546939999999964
11
40.3337299999999956
21
-59.3754220000000004
0
LINE
8
BLACK
6
CONTINUOUS
10
40.3337299999999956
20
-59.3754220000000004
11
40.1852379999999982
21
-59.2269299999999959
0
LINE
8
BLACK
6
CONTINUOUS
10
40.1852379999999982
20
-59.2269299999999959
11
40.6059659999999951
21
-58.806201999999999
0
LINE
8
BLACK
6
CONTINUOUS
10
40.6059659999999951
20
-58.806201999999999
11
40.7544579999999996
21
-58.9546939999999964
0
LINE
8
BLACK
6
CONTINUOUS
10
50.7800000000000011
20
-59.279999999999994
11
50.2199999999999989
21
-59.279999999999994
0
LINE
8
BLACK
6
CONTINUOUS
10
50.2199999999999989
20
-59.279999999999994
11
50.2199999999999989
21
-59.1199999999999974
0
LINE
8
BLACK
6
CONTINUOUS
10
50.2199999999999989
20
-59.1199999999999974
11
50.7800000000000011
21
-59.1199999999999974
0
LINE
8
BLACK
6
CONTINUOUS
10
50.7800000000000011
20
-59.1199999999999974
11
50.7800000000000011
21
-59.279999999999994
0
LINE
8
BLACK
6
CONTINUOUS
10
53.8599999999999994
20
-59.279999999999994
11
53.2999999999999972
21
-59.279999999999994
0
LINE
8
BLACK
6
CONTINUOUS
10
53.2999999999999972
20
-59.279999999999994
11
53.2999999999999972
21
-59.1199999999999974
0
LINE
8
BLACK
6
CONTINUOUS
10
53.2999999999999972
20
-59.1199999999999974
11
53.8599999999999994
21
-59.1199999999999974
0
LINE
8
BLACK
6
CONTINUOUS
10
53.8599999999999994
20
-59.1199999999999974
11
53.8599999999999994
21
-59.279999999999994
0
LINE
8
BLACK
6
CONTINUOUS
10
84.7000000000000028
20
-59.279999999999994
11
84.1400000000000006
21
-59.279999999999994
0
LINE
8
BLACK
6
CONTINUOUS
10
84.1400000000000006
20
-59.279999999999994
11
84.1400000000000006
21
-59.1199999999999974
0
LINE
8
BLACK
6
CONTINUOUS
10
84.1400000000000006
20
-59.1199999999999974
11
84.7000000000000028
21
-59.1199999999999974
0
LINE
8
BLACK
6
CONTINUOUS
10
84.7000000000000028
20
-59.1199999999999974
11
84.7000000000000028
21
-59.279999999999994
0
LINE
8
BLACK
6
CONTINUOUS
10
87.7800000000000011
20
-59.279999999999994
11
87.2199999999999989
21
-59.279999999999994
0
LINE
8
BLACK
6
CONTINUOUS
10
87.2199999999999989
20
-59.279999999999994
11
87.2199999999999989
21
-59.1199999999999974
0
LINE
8
BLACK
6
CONTINUOUS
10
87.2199999999999989
20
-59.1199999999999974
11
87.7800000000000011
21
-59.1199999999999974
0
LINE
8
BLACK
6
CONTINUOUS
10
87.7800000000000011
20
-59.1199999999999974
11
87.7800000000000011
21
-59.279999999999994
0
LINE
8
BLACK
6
CONTINUOUS
10
35.1683149999999998
20
-58.8733760000000004
11
35.0198229999999953
21
-59.0218679999999978
0
LINE
8
BLACK
6
CONTINUOUS
10
35.0198229999999953
20
-59.0218679999999978
11
34.5990949999999984
21
-58.6011400000000009
0
LINE
8
BLACK
6
CONTINUOUS
10
34.5990949999999984
20
-58.6011400000000009
11
34.7475869999999958
21
-58.4526479999999964
0
LINE
8
BLACK
6
CONTINUOUS
10
34.7475869999999958
20
-58.4526479999999964
11
35.1683149999999998
21
-58.8733760000000004
0
LINE
8
BLACK
6
CONTINUOUS
10
40.4009050000000016
20
-58.6011400000000009
11
39.9801769999999976
21
-59.0218679999999978
0
LINE
8
BLACK
6
CONTINUOUS
10
39.9801769999999976
20
-59.0218679999999978
11
39.8316850000000002
21
-58.8733760000000004
0
LINE
8
BLACK
6
CONTINUOUS
10
39.8316850000000002
20
-58.8733760000000004
11
40.2524129999999971
21
-58.4526479999999964
0
LINE
8
BLACK
6
CONTINUOUS
10
40.2524129999999971
20
-58.4526479999999964
11
40.4009050000000016
21
-58.6011400000000009
0
LINE
8
BLACK
6
CONTINUOUS
10
97.4984199999999959
20
-57.9229879999999966
11
97.5537750000000017
21
-57.959975
0
LINE
8
BLACK
6
CONTINUOUS
10
97.5537750000000017
20
-57.959975
11
97.590761999999998
21
-58.0153299999999987
0
LINE
8
BLACK
6
CONTINUOUS
10
97.590761999999998
20
-58.0153299999999987
11
97.6037489999999934
21
-58.0806259999999952
0
LINE
8
BLACK
6
CONTINUOUS
10
97.6037489999999934
20
-58.0806259999999952
11
97.6037499999999909
21
-58.7193749999999994
0
LINE
8
BLACK
6
CONTINUOUS
10
97.6037499999999909
20
-58.7193749999999994
11
97.590761999999998
21
-58.7846699999999984
0
LINE
8
BLACK
6
CONTINUOUS
10
97.590761999999998
20
-58.7846699999999984
11
97.5537750000000017
21
-58.8400249999999971
0
LINE
8
BLACK
6
CONTINUOUS
10
97.5537750000000017
20
-58.8400249999999971
11
97.4984199999999959
21
-58.8770120000000006
0
LINE
8
BLACK
6
CONTINUOUS
10
97.4984199999999959
20
-58.8770120000000006
11
97.4331239999999923
21
-58.889998999999996
0
LINE
8
BLACK
6
CONTINUOUS
10
97.4331239999999923
20
-58.889998999999996
11
97.0918750000000017
21
-58.8900000000000006
0
LINE
8
BLACK
6
CONTINUOUS
10
97.0918750000000017
20
-58.8900000000000006
11
97.0265799999999956
21
-58.8770120000000006
0
LINE
8
BLACK
6
CONTINUOUS
10
97.0265799999999956
20
-58.8770120000000006
11
96.9712249999999898
21
-58.8400249999999971
0
LINE
8
BLACK
6
CONTINUOUS
10
96.9712249999999898
20
-58.8400249999999971
11
96.9342379999999935
21
-58.7846699999999984
0
LINE
8
BLACK
6
CONTINUOUS
10
96.9342379999999935
20
-58.7846699999999984
11
96.921250999999998
21
-58.7193739999999949
0
LINE
8
BLACK
6
CONTINUOUS
10
96.921250999999998
20
-58.7193739999999949
11
96.9212500000000006
21
-58.0806249999999977
0
LINE
8
BLACK
6
CONTINUOUS
10
96.9212500000000006
20
-58.0806249999999977
11
96.9342379999999935
21
-58.0153299999999987
0
LINE
8
BLACK
6
CONTINUOUS
10
96.9342379999999935
20
-58.0153299999999987
11
96.9712249999999898
21
-57.959975
0
LINE
8
BLACK
6
CONTINUOUS
10
96.9712249999999898
20
-57.959975
11
97.0265799999999956
21
-57.9229879999999966
0
LINE
8
BLACK
6
CONTINUOUS
10
97.0265799999999956
20
-57.9229879999999966
11
97.0918759999999992
21
-57.9100009999999941
0
LINE
8
BLACK
6
CONTINUOUS
10
97.0918759999999992
20
-57.9100009999999941
11
97.4331249999999898
21
-57.9099999999999966
0
LINE
8
BLACK
6
CONTINUOUS
10
97.4331249999999898
20
-57.9099999999999966
11
97.4984199999999959
21
-57.9229879999999966
0
LINE
8
BLACK
6
CONTINUOUS
10
99.3734199999999959
20
-57.9229879999999966
11
99.4287750000000017
21
-57.959975
0
LINE
8
BLACK
6
CONTINUOUS
10
99.4287750000000017
20
-57.959975
11
99.465761999999998
21
-58.0153299999999987
0
LINE
8
BLACK
6
CONTINUOUS
10
99.465761999999998
20
-58.0153299999999987
11
99.4787489999999934
21
-58.0806259999999952
0
LINE
8
BLACK
6
CONTINUOUS
10
99.4787489999999934
20
-58.0806259999999952
11
99.4787499999999909
21
-58.7193749999999994
0
LINE
8
BLACK
6
CONTINUOUS
10
99.4787499999999909
20
-58.7193749999999994
11
99.465761999999998
21
-58.7846699999999984
0
LINE
8
BLACK
6
CONTINUOUS
10
99.465761999999998
20
-58.7846699999999984
11
99.4287750000000017
21
-58.8400249999999971
0
LINE
8
BLACK
6
CONTINUOUS
10
99.4287750000000017
20
-58.8400249999999971
11
99.3734199999999959
21
-58.8770120000000006
0
LINE
8
BLACK
6
CONTINUOUS
10
99.3734199999999959
20
-58.8770120000000006
11
99.3081239999999923
21
-58.889998999999996
0
LINE
8
BLACK
6
CONTINUOUS
10
99.3081239999999923
20
-58.889998999999996
11
98.9668750000000017
21
-58.8900000000000006
0
LINE
8
BLACK
6
CONTINUOUS
10
98.9668750000000017
20
-58.8900000000000006
11
98.9015799999999956
21
-58.8770120000000006
0
LINE
8
BLACK
6
CONTINUOUS
10
98.9015799999999956
20
-58.8770120000000006
11
98.8462249999999898
21
-58.8400249999999971
0
LINE
8
BLACK
6
CONTINUOUS
10
98.8462249999999898
20
-58.8400249999999971
11
98.8092379999999935
21
-58.7846699999999984
0
LINE
8
BLACK
6
CONTINUOUS
10
98.8092379999999935
20
-58.7846699999999984
11
98.796250999999998
21
-58.7193739999999949
0
LINE
8
BLACK
6
CONTINUOUS
10
98.796250999999998
20
-58.7193739999999949
11
98.7962500000000006
21
-58.0806249999999977
0
LINE
8
BLACK
6
CONTINUOUS
10
98.7962500000000006
20
-58.0806249999999977
11
98.8092379999999935
21
-58.0153299999999987
0
LINE
8
BLACK
6
CONTINUOUS
10
98.8092379999999935
20
-58.0153299999999987
11
98.8462249999999898
21
-57.959975
0
LINE
8
BLACK
6
CONTINUOUS
10
98.8462249999999898
20
-57.959975
11
98.9015799999999956
21
-57.9229879999999966
0
LINE
8
BLACK
6
CONTINUOUS
10
98.9015799999999956
20
-57.9229879999999966
11
98.9668759999999992
21
-57.9100009999999941
0
LINE
8
BLACK
6
CONTINUOUS
10
98.9668759999999992
20
-57.9100009999999941
11
99.3081249999999898
21
-57.9099999999999966
0
LINE
8
BLACK
6
CONTINUOUS
10
99.3081249999999898
20
-57.9099999999999966
11
99.3734199999999959
21
-57.9229879999999966
0
LINE
8
BLACK
6
CONTINUOUS
10
100.9382200000000012
20
-57.9233209999999943
11
100.9949939999999913
21
-57.9612559999999988
0
LINE
8
BLACK
6
CONTINUOUS
10
100.9949939999999913
20
-57.9612559999999988
11
101.0329289999999958
21
-58.018029999999996
0
LINE
8
BLACK
6
CONTINUOUS
10
101.0329289999999958
20
-58.018029999999996
11
101.0462500000000006
21
-58.0850000000000009
0
LINE
8
BLACK
6
CONTINUOUS
10
101.0462500000000006
20
-58.0850000000000009
11
101.0462500000000006
21
-58.7149999999999963
0
LINE
8
BLACK
6
CONTINUOUS
10
101.0462500000000006
20
-58.7149999999999963
11
101.0329289999999958
21
-58.7819699999999941
0
LINE
8
BLACK
6
CONTINUOUS
10
101.0329289999999958
20
-58.7819699999999941
11
100.9949939999999913
21
-58.8387439999999984
0
LINE
8
BLACK
6
CONTINUOUS
10
100.9949939999999913
20
-58.8387439999999984
11
100.9382200000000012
21
-58.8766789999999958
0
LINE
8
BLACK
6
CONTINUOUS
10
100.9382200000000012
20
-58.8766789999999958
11
100.8712499999999892
21
-58.8900000000000006
0
LINE
8
BLACK
6
CONTINUOUS
10
100.8712499999999892
20
-58.8900000000000006
11
100.5037499999999966
21
-58.8900000000000006
0
LINE
8
BLACK
6
CONTINUOUS
10
100.5037499999999966
20
-58.8900000000000006
11
100.4367799999999988
21
-58.8766789999999958
0
LINE
8
BLACK
6
CONTINUOUS
10
100.4367799999999988
20
-58.8766789999999958
11
100.3800059999999945
21
-58.8387439999999984
0
LINE
8
BLACK
6
CONTINUOUS
10
100.3800059999999945
20
-58.8387439999999984
11
100.34207099999999
21
-58.7819699999999941
0
LINE
8
BLACK
6
CONTINUOUS
10
100.34207099999999
20
-58.7819699999999941
11
100.3287499999999994
21
-58.7149999999999963
0
LINE
8
BLACK
6
CONTINUOUS
10
100.3287499999999994
20
-58.7149999999999963
11
100.3287499999999994
21
-58.0850000000000009
0
LINE
8
BLACK
6
CONTINUOUS
10
100.3287499999999994
20
-58.0850000000000009
11
100.34207099999999
21
-58.018029999999996
0
LINE
8
BLACK
6
CONTINUOUS
10
100.34207099999999
20
-58.018029999999996
11
100.3800059999999945
21
-57.9612559999999988
0
LINE
8
BLACK
6
CONTINUOUS
10
100.3800059999999945
20
-57.9612559999999988
11
100.4367799999999988
21
-57.9233209999999943
0
LINE
8
BLACK
6
CONTINUOUS
10
100.4367799999999988
20
-57.9233209999999943
11
100.5037499999999966
21
-57.9099999999999966
0
LINE
8
BLACK
6
CONTINUOUS
10
100.5037499999999966
20
-57.9099999999999966
11
100.8712499999999892
21
-57.9099999999999966
0
LINE
8
BLACK
6
CONTINUOUS
10
100.8712499999999892
20
-57.9099999999999966
11
100.9382200000000012
21
-57.9233209999999943
0
LINE
8
BLACK
6
CONTINUOUS
10
102.7632199999999898
20
-57.9233209999999943
11
102.8199939999999941
21
-57.9612559999999988
0
LINE
8
BLACK
6
CONTINUOUS
10
102.8199939999999941
20
-57.9612559999999988
11
102.8579289999999986
21
-58.018029999999996
0
LINE
8
BLACK
6
CONTINUOUS
10
102.8579289999999986
20
-58.018029999999996
11
102.8712499999999892
21
-58.0850000000000009
0
LINE
8
BLACK
6
CONTINUOUS
10
102.8712499999999892
20
-58.0850000000000009
11
102.8712499999999892
21
-58.7149999999999963
0
LINE
8
BLACK
6
CONTINUOUS
10
102.8712499999999892
20
-58.7149999999999963
11
102.8579289999999986
21
-58.7819699999999941
0
LINE
8
BLACK
6
CONTINUOUS
10
102.8579289999999986
20
-58.7819699999999941
11
102.8199939999999941
21
-58.8387439999999984
0
LINE
8
BLACK
6
CONTINUOUS
10
102.8199939999999941
20
-58.8387439999999984
11
102.7632199999999898
21
-58.8766789999999958
0
LINE
8
BLACK
6
CONTINUOUS
10
102.7632199999999898
20
-58.8766789999999958
11
102.696249999999992
21
-58.8900000000000006
0
LINE
8
BLACK
6
CONTINUOUS
10
102.696249999999992
20
-58.8900000000000006
11
102.3287499999999994
21
-58.8900000000000006
0
LINE
8
BLACK
6
CONTINUOUS
10
102.3287499999999994
20
-58.8900000000000006
11
102.2617800000000017
21
-58.8766789999999958
0
LINE
8
BLACK
6
CONTINUOUS
10
102.2617800000000017
20
-58.8766789999999958
11
102.2050059999999974
21
-58.8387439999999984
0
LINE
8
BLACK
6
CONTINUOUS
10
102.2050059999999974
20
-58.8387439999999984
11
102.1670709999999929
21
-58.7819699999999941
0
LINE
8
BLACK
6
CONTINUOUS
10
102.1670709999999929
20
-58.7819699999999941
11
102.1537500000000023
21
-58.7149999999999963
0
LINE
8
BLACK
6
CONTINUOUS
10
102.1537500000000023
20
-58.7149999999999963
11
102.1537500000000023
21
-58.0850000000000009
0
LINE
8
BLACK
6
CONTINUOUS
10
102.1537500000000023
20
-58.0850000000000009
11
102.1670709999999929
21
-58.018029999999996
0
LINE
8
BLACK
6
CONTINUOUS
10
102.1670709999999929
20
-58.018029999999996
11
102.2050059999999974
21
-57.9612559999999988
0
LINE
8
BLACK
6
CONTINUOUS
10
102.2050059999999974
20
-57.9612559999999988
11
102.2617800000000017
21
-57.9233209999999943
0
LINE
8
BLACK
6
CONTINUOUS
10
102.2617800000000017
20
-57.9233209999999943
11
102.3287499999999994
21
-57.9099999999999966
0
LINE
8
BLACK
6
CONTINUOUS
10
102.3287499999999994
20
-57.9099999999999966
11
102.696249999999992
21
-57.9099999999999966
0
LINE
8
BLACK
6
CONTINUOUS
10
102.696249999999992
20
-57.9099999999999966
11
102.7632199999999898
21
-57.9233209999999943
0
LINE
8
BLACK
6
CONTINUOUS
10
50.7800000000000011
20
-58.8799999999999955
11
50.2199999999999989
21
-58.8799999999999955
0
LINE
8
BLACK
6
CONTINUOUS
10
50.2199999999999989
20
-58.8799999999999955
11
50.2199999999999989
21
-58.7199999999999989
0
LINE
8
BLACK
6
CONTINUOUS
10
50.2199999999999989
20
-58.7199999999999989
11
50.7800000000000011
21
-58.7199999999999989
0
LINE
8
BLACK
6
CONTINUOUS
10
50.7800000000000011
20
-58.7199999999999989
11
50.7800000000000011
21
-58.8799999999999955
0
LINE
8
BLACK
6
CONTINUOUS
10
53.8599999999999994
20
-58.8799999999999955
11
53.2999999999999972
21
-58.8799999999999955
0
LINE
8
BLACK
6
CONTINUOUS
10
53.2999999999999972
20
-58.8799999999999955
11
53.2999999999999972
21
-58.7199999999999989
0
LINE
8
BLACK
6
CONTINUOUS
10
53.2999999999999972
20
-58.7199999999999989
11
53.8599999999999994
21
-58.7199999999999989
0
LINE
8
BLACK
6
CONTINUOUS
10
53.8599999999999994
20
-58.7199999999999989
11
53.8599999999999994
21
-58.8799999999999955
0
LINE
8
BLACK
6
CONTINUOUS
10
84.7000000000000028
20
-58.8799999999999955
11
84.1400000000000006
21
-58.8799999999999955
0
LINE
8
BLACK
6
CONTINUOUS
10
84.1400000000000006
20
-58.8799999999999955
11
84.1400000000000006
21
-58.7199999999999989
0
LINE
8
BLACK
6
CONTINUOUS
10
84.1400000000000006
20
-58.7199999999999989
11
84.7000000000000028
21
-58.7199999999999989
0
LINE
8
BLACK
6
CONTINUOUS
10
84.7000000000000028
20
-58.7199999999999989
11
84.7000000000000028
21
-58.8799999999999955
0
LINE
8
BLACK
6
CONTINUOUS
10
87.7800000000000011
20
-58.8799999999999955
11
87.2199999999999989
21
-58.8799999999999955
0
LINE
8
BLACK
6
CONTINUOUS
10
87.2199999999999989
20
-58.8799999999999955
11
87.2199999999999989
21
-58.7199999999999989
0
LINE
8
BLACK
6
CONTINUOUS
10
87.2199999999999989
20
-58.7199999999999989
11
87.7800000000000011
21
-58.7199999999999989
0
LINE
8
BLACK
6
CONTINUOUS
10
87.7800000000000011
20
-58.7199999999999989
11
87.7800000000000011
21
-58.8799999999999955
0
LINE
8
BLACK
6
CONTINUOUS
10
35.5218679999999978
20
-58.5198229999999953
11
35.3733760000000004
21
-58.6683149999999998
0
LINE
8
BLACK
6
CONTINUOUS
10
35.3733760000000004
20
-58.6683149999999998
11
34.9526479999999964
21
-58.2475869999999958
0
LINE
8
BLACK
6
CONTINUOUS
10
34.9526479999999964
20
-58.2475869999999958
11
35.1011400000000009
21
-58.0990949999999984
0
LINE
8
BLACK
6
CONTINUOUS
10
35.1011400000000009
20
-58.0990949999999984
11
35.5218679999999978
21
-58.5198229999999953
0
LINE
8
BLACK
6
CONTINUOUS
10
40.0473519999999965
20
-58.2475869999999958
11
39.6266239999999996
21
-58.6683149999999998
0
LINE
8
BLACK
6
CONTINUOUS
10
39.6266239999999996
20
-58.6683149999999998
11
39.4781319999999951
21
-58.5198229999999953
0
LINE
8
BLACK
6
CONTINUOUS
10
39.4781319999999951
20
-58.5198229999999953
11
39.8988599999999991
21
-58.0990949999999984
0
LINE
8
BLACK
6
CONTINUOUS
10
39.8988599999999991
20
-58.0990949999999984
11
40.0473519999999965
21
-58.2475869999999958
0
LINE
8
BLACK
6
CONTINUOUS
10
44.0193969999999979
20
-57.5404160000000005
11
44.0761709999999951
21
-57.5783519999999953
0
LINE
8
BLACK
6
CONTINUOUS
10
44.0761709999999951
20
-57.5783519999999953
11
44.521647999999999
21
-58.0238289999999992
0
LINE
8
BLACK
6
CONTINUOUS
10
44.521647999999999
20
-58.0238289999999992
11
44.559584000000001
21
-58.0806029999999964
0
LINE
8
BLACK
6
CONTINUOUS
10
44.559584000000001
20
-58.0806029999999964
11
44.5729049999999987
21
-58.1475729999999942
0
LINE
8
BLACK
6
CONTINUOUS
10
44.5729049999999987
20
-58.1475729999999942
11
44.559584000000001
21
-58.2145419999999945
0
LINE
8
BLACK
6
CONTINUOUS
10
44.559584000000001
20
-58.2145419999999945
11
44.521647999999999
21
-58.2713159999999988
0
LINE
8
BLACK
6
CONTINUOUS
10
44.521647999999999
20
-58.2713159999999988
11
44.2617860000000007
21
-58.531177999999997
0
LINE
8
BLACK
6
CONTINUOUS
10
44.2617860000000007
20
-58.531177999999997
11
44.2050119999999964
21
-58.569113999999999
0
LINE
8
BLACK
6
CONTINUOUS
10
44.2050119999999964
20
-58.569113999999999
11
44.1380429999999961
21
-58.5824349999999967
0
LINE
8
BLACK
6
CONTINUOUS
10
44.1380429999999961
20
-58.5824349999999967
11
44.0710729999999984
21
-58.569113999999999
0
LINE
8
BLACK
6
CONTINUOUS
10
44.0710729999999984
20
-58.569113999999999
11
44.0142990000000012
21
-58.531177999999997
0
LINE
8
BLACK
6
CONTINUOUS
10
44.0142990000000012
20
-58.531177999999997
11
43.5688219999999973
21
-58.0857010000000002
0
LINE
8
BLACK
6
CONTINUOUS
10
43.5688219999999973
20
-58.0857010000000002
11
43.5308859999999953
21
-58.0289269999999959
0
LINE
8
BLACK
6
CONTINUOUS
10
43.5308859999999953
20
-58.0289269999999959
11
43.5175649999999976
21
-57.9619569999999982
0
LINE
8
BLACK
6
CONTINUOUS
10
43.5175649999999976
20
-57.9619569999999982
11
43.5308859999999953
21
-57.8949879999999979
0
LINE
8
BLACK
6
CONTINUOUS
10
43.5308859999999953
20
-57.8949879999999979
11
43.5688219999999973
21
-57.8382140000000007
0
LINE
8
BLACK
6
CONTINUOUS
10
43.5688219999999973
20
-57.8382140000000007
11
43.8286839999999955
21
-57.5783519999999953
0
LINE
8
BLACK
6
CONTINUOUS
10
43.8286839999999955
20
-57.5783519999999953
11
43.8854579999999999
21
-57.5404160000000005
0
LINE
8
BLACK
6
CONTINUOUS
10
43.8854579999999999
20
-57.5404160000000005
11
43.9524270000000001
21
-57.5270949999999957
0
LINE
8
BLACK
6
CONTINUOUS
10
43.9524270000000001
20
-57.5270949999999957
11
44.0193969999999979
21
-57.5404160000000005
0
LINE
8
BLACK
6
CONTINUOUS
10
41.3318489999999983
20
-57.4512149999999977
11
41.3886229999999955
21
-57.4891509999999997
0
LINE
8
BLACK
6
CONTINUOUS
10
41.3886229999999955
20
-57.4891509999999997
11
41.8588489999999993
21
-57.9593769999999964
0
LINE
8
BLACK
6
CONTINUOUS
10
41.8588489999999993
20
-57.9593769999999964
11
41.8967850000000013
21
-58.0161510000000007
0
LINE
8
BLACK
6
CONTINUOUS
10
41.8967850000000013
20
-58.0161510000000007
11
41.910105999999999
21
-58.0831199999999939
0
LINE
8
BLACK
6
CONTINUOUS
10
41.910105999999999
20
-58.0831199999999939
11
41.8967850000000013
21
-58.1500899999999987
0
LINE
8
BLACK
6
CONTINUOUS
10
41.8967850000000013
20
-58.1500899999999987
11
41.8588489999999993
21
-58.2068639999999959
0
LINE
8
BLACK
6
CONTINUOUS
10
41.8588489999999993
20
-58.2068639999999959
11
41.6113619999999997
21
-58.4543509999999955
0
LINE
8
BLACK
6
CONTINUOUS
10
41.6113619999999997
20
-58.4543509999999955
11
41.5545879999999954
21
-58.4922869999999975
0
LINE
8
BLACK
6
CONTINUOUS
10
41.5545879999999954
20
-58.4922869999999975
11
41.4876179999999977
21
-58.5056079999999952
0
LINE
8
BLACK
6
CONTINUOUS
10
41.4876179999999977
20
-58.5056079999999952
11
41.4206489999999974
21
-58.4922869999999975
0
LINE
8
BLACK
6
CONTINUOUS
10
41.4206489999999974
20
-58.4922869999999975
11
41.3638750000000002
21
-58.4543509999999955
0
LINE
8
BLACK
6
CONTINUOUS
10
41.3638750000000002
20
-58.4543509999999955
11
40.8936489999999964
21
-57.9841249999999988
0
LINE
8
BLACK
6
CONTINUOUS
10
40.8936489999999964
20
-57.9841249999999988
11
40.8557130000000015
21
-57.9273509999999945
0
LINE
8
BLACK
6
CONTINUOUS
10
40.8557130000000015
20
-57.9273509999999945
11
40.8423919999999967
21
-57.8603819999999942
0
LINE
8
BLACK
6
CONTINUOUS
10
40.8423919999999967
20
-57.8603819999999942
11
40.8557130000000015
21
-57.7934119999999965
0
LINE
8
BLACK
6
CONTINUOUS
10
40.8557130000000015
20
-57.7934119999999965
11
40.8936489999999964
21
-57.7366379999999992
0
LINE
8
BLACK
6
CONTINUOUS
10
40.8936489999999964
20
-57.7366379999999992
11
41.1411359999999959
21
-57.4891509999999997
0
LINE
8
BLACK
6
CONTINUOUS
10
41.1411359999999959
20
-57.4891509999999997
11
41.1979100000000003
21
-57.4512149999999977
0
LINE
8
BLACK
6
CONTINUOUS
10
41.1979100000000003
20
-57.4512149999999977
11
41.264879999999998
21
-57.437894
0
LINE
8
BLACK
6
CONTINUOUS
10
41.264879999999998
20
-57.437894
11
41.3318489999999983
21
-57.4512149999999977
0
LINE
8
BLACK
6
CONTINUOUS
10
50.7800000000000011
20
-58.4799999999999969
11
50.2199999999999989
21
-58.4799999999999969
0
LINE
8
BLACK
6
CONTINUOUS
10
50.2199999999999989
20
-58.4799999999999969
11
50.2199999999999989
21
-58.3200000000000003
0
LINE
8
BLACK
6
CONTINUOUS
10
50.2199999999999989
20
-58.3200000000000003
11
50.7800000000000011
21
-58.3200000000000003
0
LINE
8
BLACK
6
CONTINUOUS
10
50.7800000000000011
20
-58.3200000000000003
11
50.7800000000000011
21
-58.4799999999999969
0
LINE
8
BLACK
6
CONTINUOUS
10
53.8599999999999994
20
-58.4799999999999969
11
53.2999999999999972
21
-58.4799999999999969
0
LINE
8
BLACK
6
CONTINUOUS
10
53.2999999999999972
20
-58.4799999999999969
11
53.2999999999999972
21
-58.3200000000000003
0
LINE
8
BLACK
6
CONTINUOUS
10
53.2999999999999972
20
-58.3200000000000003
11
53.8599999999999994
21
-58.3200000000000003
0
LINE
8
BLACK
6
CONTINUOUS
10
53.8599999999999994
20
-58.3200000000000003
11
53.8599999999999994
21
-58.4799999999999969
0
LINE
8
BLACK
6
CONTINUOUS
10
84.7000000000000028
20
-58.4799999999999969
11
84.1400000000000006
21
-58.4799999999999969
0
LINE
8
BLACK
6
CONTINUOUS
10
84.1400000000000006
20
-58.4799999999999969
11
84.1400000000000006
21
-58.3200000000000003
0
LINE
8
BLACK
6
CONTINUOUS
10
84.1400000000000006
20
-58.3200000000000003
11
84.7000000000000028
21
-58.3200000000000003
0
LINE
8
BLACK
6
CONTINUOUS
10
84.7000000000000028
20
-58.3200000000000003
11
84.7000000000000028
21
-58.4799999999999969
0
LINE
8
BLACK
6
CONTINUOUS
10
87.7800000000000011
20
-58.4799999999999969
11
87.2199999999999989
21
-58.4799999999999969
0
LINE
8
BLACK
6
CONTINUOUS
10
87.2199999999999989
20
-58.4799999999999969
11
87.2199999999999989
21
-58.3200000000000003
0
LINE
8
BLACK
6
CONTINUOUS
10
87.2199999999999989
20
-58.3200000000000003
11
87.7800000000000011
21
-58.3200000000000003
0
LINE
8
BLACK
6
CONTINUOUS
10
87.7800000000000011
20
-58.3200000000000003
11
87.7800000000000011
21
-58.4799999999999969
0
LINE
8
BLACK
6
CONTINUOUS
10
35.8754220000000004
20
-58.1662699999999973
11
35.7269299999999959
21
-58.3147619999999947
0
LINE
8
BLACK
6
CONTINUOUS
10
35.7269299999999959
20
-58.3147619999999947
11
35.306201999999999
21
-57.8940339999999978
0
LINE
8
BLACK
6
CONTINUOUS
10
35.306201999999999
20
-57.8940339999999978
11
35.4546939999999964
21
-57.7455420000000004
0
LINE
8
BLACK
6
CONTINUOUS
10
35.4546939999999964
20
-57.7455420000000004
11
35.8754220000000004
21
-58.1662699999999973
0
LINE
8
BLACK
6
CONTINUOUS
10
39.693798000000001
20
-57.8940339999999978
11
39.273069999999997
21
-58.3147619999999947
0
LINE
8
BLACK
6
CONTINUOUS
10
39.273069999999997
20
-58.3147619999999947
11
39.1245779999999996
21
-58.1662699999999973
0
LINE
8
BLACK
6
CONTINUOUS
10
39.1245779999999996
20
-58.1662699999999973
11
39.5453059999999965
21
-57.7455420000000004
0
LINE
8
BLACK
6
CONTINUOUS
10
39.5453059999999965
20
-57.7455420000000004
11
39.693798000000001
21
-57.8940339999999978
0
LINE
8
BLACK
6
CONTINUOUS
10
111.771772999999996
20
-57.4069889999999958
11
111.8228689999999972
21
-57.4411309999999986
0
LINE
8
BLACK
6
CONTINUOUS
10
111.8228689999999972
20
-57.4411309999999986
11
111.857011
21
-57.4922269999999997
0
LINE
8
BLACK
6
CONTINUOUS
10
111.857011
20
-57.4922269999999997
11
111.8689999999999998
21
-57.5524999999999949
0
LINE
8
BLACK
6
CONTINUOUS
10
111.8689999999999998
20
-57.5524999999999949
11
111.8689999999999998
21
-58.1475000000000009
0
LINE
8
BLACK
6
CONTINUOUS
10
111.8689999999999998
20
-58.1475000000000009
11
111.857011
21
-58.207772999999996
0
LINE
8
BLACK
6
CONTINUOUS
10
111.857011
20
-58.207772999999996
11
111.8228689999999972
21
-58.2588689999999971
0
LINE
8
BLACK
6
CONTINUOUS
10
111.8228689999999972
20
-58.2588689999999971
11
111.771772999999996
21
-58.2930109999999999
0
LINE
8
BLACK
6
CONTINUOUS
10
111.771772999999996
20
-58.2930109999999999
11
111.7115000000000009
21
-58.3049999999999997
0
LINE
8
BLACK
6
CONTINUOUS
10
111.7115000000000009
20
-58.3049999999999997
11
111.396499999999989
21
-58.3049999999999997
0
LINE
8
BLACK
6
CONTINUOUS
10
111.396499999999989
20
-58.3049999999999997
11
111.3362269999999938
21
-58.2930109999999999
0
LINE
8
BLACK
6
CONTINUOUS
10
111.3362269999999938
20
-58.2930109999999999
11
111.2851309999999927
21
-58.2588689999999971
0
LINE
8
BLACK
6
CONTINUOUS
10
111.2851309999999927
20
-58.2588689999999971
11
111.2509889999999899
21
-58.207772999999996
0
LINE
8
BLACK
6
CONTINUOUS
10
111.2509889999999899
20
-58.207772999999996
11
111.2389999999999901
21
-58.1475000000000009
0
LINE
8
BLACK
6
CONTINUOUS
10
111.2389999999999901
20
-58.1475000000000009
11
111.2389999999999901
21
-57.5524999999999949
0
LINE
8
BLACK
6
CONTINUOUS
10
111.2389999999999901
20
-57.5524999999999949
11
111.2509889999999899
21
-57.4922269999999997
0
LINE
8
BLACK
6
CONTINUOUS
10
111.2509889999999899
20
-57.4922269999999997
11
111.2851309999999927
21
-57.4411309999999986
0
LINE
8
BLACK
6
CONTINUOUS
10
111.2851309999999927
20
-57.4411309999999986
11
111.3362269999999938
21
-57.4069889999999958
0
LINE
8
BLACK
6
CONTINUOUS
10
111.3362269999999938
20
-57.4069889999999958
11
111.396499999999989
21
-57.394999999999996
0
LINE
8
BLACK
6
CONTINUOUS
10
111.396499999999989
20
-57.394999999999996
11
111.7115000000000009
21
-57.394999999999996
0
LINE
8
BLACK
6
CONTINUOUS
10
111.7115000000000009
20
-57.394999999999996
11
111.771772999999996
21
-57.4069889999999958
0
LINE
8
BLACK
6
CONTINUOUS
10
31.3065879999999979
20
-57.2077129999999983
11
31.3633619999999986
21
-57.2456490000000002
0
LINE
8
BLACK
6
CONTINUOUS
10
31.3633619999999986
20
-57.2456490000000002
11
31.6108489999999982
21
-57.4931359999999998
0
LINE
8
BLACK
6
CONTINUOUS
10
31.6108489999999982
20
-57.4931359999999998
11
31.6487850000000002
21
-57.549909999999997
0
LINE
8
BLACK
6
CONTINUOUS
10
31.6487850000000002
20
-57.549909999999997
11
31.6621059999999979
21
-57.6168799999999948
0
LINE
8
BLACK
6
CONTINUOUS
10
31.6621059999999979
20
-57.6168799999999948
11
31.6487850000000002
21
-57.683848999999995
0
LINE
8
BLACK
6
CONTINUOUS
10
31.6487850000000002
20
-57.683848999999995
11
31.6108489999999982
21
-57.7406229999999994
0
LINE
8
BLACK
6
CONTINUOUS
10
31.6108489999999982
20
-57.7406229999999994
11
31.1406229999999979
21
-58.2108489999999961
0
LINE
8
BLACK
6
CONTINUOUS
10
31.1406229999999979
20
-58.2108489999999961
11
31.0838489999999972
21
-58.248784999999998
0
LINE
8
BLACK
6
CONTINUOUS
10
31.0838489999999972
20
-58.248784999999998
11
31.0168799999999969
21
-58.2621059999999957
0
LINE
8
BLACK
6
CONTINUOUS
10
31.0168799999999969
20
-58.2621059999999957
11
30.9499099999999991
21
-58.248784999999998
0
LINE
8
BLACK
6
CONTINUOUS
10
30.9499099999999991
20
-58.248784999999998
11
30.8931359999999984
21
-58.2108489999999961
0
LINE
8
BLACK
6
CONTINUOUS
10
30.8931359999999984
20
-58.2108489999999961
11
30.6456489999999988
21
-57.9633619999999965
0
LINE
8
BLACK
6
CONTINUOUS
10
30.6456489999999988
20
-57.9633619999999965
11
30.6077129999999968
21
-57.9065879999999993
0
LINE
8
BLACK
6
CONTINUOUS
10
30.6077129999999968
20
-57.9065879999999993
11
30.5943919999999991
21
-57.8396179999999944
0
LINE
8
BLACK
6
CONTINUOUS
10
30.5943919999999991
20
-57.8396179999999944
11
30.6077129999999968
21
-57.7726489999999941
0
LINE
8
BLACK
6
CONTINUOUS
10
30.6077129999999968
20
-57.7726489999999941
11
30.6456489999999988
21
-57.7158749999999969
0
LINE
8
BLACK
6
CONTINUOUS
10
30.6456489999999988
20
-57.7158749999999969
11
31.1158749999999991
21
-57.2456490000000002
0
LINE
8
BLACK
6
CONTINUOUS
10
31.1158749999999991
20
-57.2456490000000002
11
31.1726489999999998
21
-57.2077129999999983
0
LINE
8
BLACK
6
CONTINUOUS
10
31.1726489999999998
20
-57.2077129999999983
11
31.2396180000000001
21
-57.1943920000000006
0
LINE
8
BLACK
6
CONTINUOUS
10
31.2396180000000001
20
-57.1943920000000006
11
31.3065879999999979
21
-57.2077129999999983
0
LINE
8
BLACK
6
CONTINUOUS
10
34.0540899999999951
20
-57.1312149999999974
11
34.1108639999999994
21
-57.1691509999999994
0
LINE
8
BLACK
6
CONTINUOUS
10
34.1108639999999994
20
-57.1691509999999994
11
34.358350999999999
21
-57.416637999999999
0
LINE
8
BLACK
6
CONTINUOUS
10
34.358350999999999
20
-57.416637999999999
11
34.3962870000000009
21
-57.4734119999999962
0
LINE
8
BLACK
6
CONTINUOUS
10
34.3962870000000009
20
-57.4734119999999962
11
34.4096079999999986
21
-57.5403819999999939
0
LINE
8
BLACK
6
CONTINUOUS
10
34.4096079999999986
20
-57.5403819999999939
11
34.3962870000000009
21
-57.6073509999999942
0
LINE
8
BLACK
6
CONTINUOUS
10
34.3962870000000009
20
-57.6073509999999942
11
34.358350999999999
21
-57.6641249999999985
0
LINE
8
BLACK
6
CONTINUOUS
10
34.358350999999999
20
-57.6641249999999985
11
33.8881249999999952
21
-58.1343509999999952
0
LINE
8
BLACK
6
CONTINUOUS
10
33.8881249999999952
20
-58.1343509999999952
11
33.831350999999998
21
-58.1722869999999972
0
LINE
8
BLACK
6
CONTINUOUS
10
33.831350999999998
20
-58.1722869999999972
11
33.7643819999999977
21
-58.1856079999999949
0
LINE
8
BLACK
6
CONTINUOUS
10
33.7643819999999977
20
-58.1856079999999949
11
33.6974119999999999
21
-58.1722869999999972
0
LINE
8
BLACK
6
CONTINUOUS
10
33.6974119999999999
20
-58.1722869999999972
11
33.6406379999999956
21
-58.1343509999999952
0
LINE
8
BLACK
6
CONTINUOUS
10
33.6406379999999956
20
-58.1343509999999952
11
33.393150999999996
21
-57.8868639999999957
0
LINE
8
BLACK
6
CONTINUOUS
10
33.393150999999996
20
-57.8868639999999957
11
33.3552150000000012
21
-57.8300899999999984
0
LINE
8
BLACK
6
CONTINUOUS
10
33.3552150000000012
20
-57.8300899999999984
11
33.3418939999999964
21
-57.7631200000000007
0
LINE
8
BLACK
6
CONTINUOUS
10
33.3418939999999964
20
-57.7631200000000007
11
33.3552150000000012
21
-57.6961510000000004
0
LINE
8
BLACK
6
CONTINUOUS
10
33.3552150000000012
20
-57.6961510000000004
11
33.393150999999996
21
-57.6393769999999961
0
LINE
8
BLACK
6
CONTINUOUS
10
33.393150999999996
20
-57.6393769999999961
11
33.8633769999999998
21
-57.1691509999999994
0
LINE
8
BLACK
6
CONTINUOUS
10
33.8633769999999998
20
-57.1691509999999994
11
33.9201509999999971
21
-57.1312149999999974
0
LINE
8
BLACK
6
CONTINUOUS
10
33.9201509999999971
20
-57.1312149999999974
11
33.9871199999999973
21
-57.1178939999999997
0
LINE
8
BLACK
6
CONTINUOUS
10
33.9871199999999973
20
-57.1178939999999997
11
34.0540899999999951
21
-57.1312149999999974
0
LINE
8
BLACK
6
CONTINUOUS
10
24.5898599999999981
20
-57.7211590000000001
11
24.6267630000000004
21
-57.7458169999999953
0
LINE
8
BLACK
6
CONTINUOUS
10
24.6267630000000004
20
-57.7458169999999953
11
24.6514209999999991
21
-57.7827199999999976
0
LINE
8
BLACK
6
CONTINUOUS
10
24.6514209999999991
20
-57.7827199999999976
11
24.6600799999999971
21
-57.8262499999999946
0
LINE
8
BLACK
6
CONTINUOUS
10
24.6600799999999971
20
-57.8262499999999946
11
24.6600799999999971
21
-58.0537500000000009
0
LINE
8
BLACK
6
CONTINUOUS
10
24.6600799999999971
20
-58.0537500000000009
11
24.6514209999999991
21
-58.0972799999999978
0
LINE
8
BLACK
6
CONTINUOUS
10
24.6514209999999991
20
-58.0972799999999978
11
24.6267630000000004
21
-58.1341830000000002
0
LINE
8
BLACK
6
CONTINUOUS
10
24.6267630000000004
20
-58.1341830000000002
11
24.5898599999999981
21
-58.1588409999999953
0
LINE
8
BLACK
6
CONTINUOUS
10
24.5898599999999981
20
-58.1588409999999953
11
24.5463299999999975
21
-58.1674999999999969
0
LINE
8
BLACK
6
CONTINUOUS
10
24.5463299999999975
20
-58.1674999999999969
11
23.4438299999999984
21
-58.1674999999999969
0
LINE
8
BLACK
6
CONTINUOUS
10
23.4438299999999984
20
-58.1674999999999969
11
23.4002999999999979
21
-58.1588409999999953
0
LINE
8
BLACK
6
CONTINUOUS
10
23.4002999999999979
20
-58.1588409999999953
11
23.3633969999999991
21
-58.1341830000000002
0
LINE
8
BLACK
6
CONTINUOUS
10
23.3633969999999991
20
-58.1341830000000002
11
23.3387390000000003
21
-58.0972799999999978
0
LINE
8
BLACK
6
CONTINUOUS
10
23.3387390000000003
20
-58.0972799999999978
11
23.3300799999999988
21
-58.0537500000000009
0
LINE
8
BLACK
6
CONTINUOUS
10
23.3300799999999988
20
-58.0537500000000009
11
23.3300799999999988
21
-57.8262499999999946
0
LINE
8
BLACK
6
CONTINUOUS
10
23.3300799999999988
20
-57.8262499999999946
11
23.3387390000000003
21
-57.7827199999999976
0
LINE
8
BLACK
6
CONTINUOUS
10
23.3387390000000003
20
-57.7827199999999976
11
23.3633969999999991
21
-57.7458169999999953
0
LINE
8
BLACK
6
CONTINUOUS
10
23.3633969999999991
20
-57.7458169999999953
11
23.4002999999999979
21
-57.7211590000000001
0
LINE
8
BLACK
6
CONTINUOUS
10
23.4002999999999979
20
-57.7211590000000001
11
23.4438299999999984
21
-57.7124999999999986
0
LINE
8
BLACK
6
CONTINUOUS
10
23.4438299999999984
20
-57.7124999999999986
11
24.5463299999999975
21
-57.7124999999999986
0
LINE
8
BLACK
6
CONTINUOUS
10
24.5463299999999975
20
-57.7124999999999986
11
24.5898599999999981
21
-57.7211590000000001
0
LINE
8
BLACK
6
CONTINUOUS
10
106.8519699999999943
20
-57.4620709999999946
11
106.9087439999999987
21
-57.5000059999999991
0
LINE
8
BLACK
6
CONTINUOUS
10
106.9087439999999987
20
-57.5000059999999991
11
106.9466789999999889
21
-57.5567799999999963
0
LINE
8
BLACK
6
CONTINUOUS
10
106.9466789999999889
20
-57.5567799999999963
11
106.9599999999999937
21
-57.623749999999994
0
LINE
8
BLACK
6
CONTINUOUS
10
106.9599999999999937
20
-57.623749999999994
11
106.9599999999999937
21
-57.9912500000000009
0
LINE
8
BLACK
6
CONTINUOUS
10
106.9599999999999937
20
-57.9912500000000009
11
106.9466789999999889
21
-58.0582199999999986
0
LINE
8
BLACK
6
CONTINUOUS
10
106.9466789999999889
20
-58.0582199999999986
11
106.9087439999999987
21
-58.1149939999999958
0
LINE
8
BLACK
6
CONTINUOUS
10
106.9087439999999987
20
-58.1149939999999958
11
106.8519699999999943
21
-58.1529290000000003
0
LINE
8
BLACK
6
CONTINUOUS
10
106.8519699999999943
20
-58.1529290000000003
11
106.7849999999999966
21
-58.166249999999998
0
LINE
8
BLACK
6
CONTINUOUS
10
106.7849999999999966
20
-58.166249999999998
11
106.1550000000000011
21
-58.166249999999998
0
LINE
8
BLACK
6
CONTINUOUS
10
106.1550000000000011
20
-58.166249999999998
11
106.0880299999999892
21
-58.1529290000000003
0
LINE
8
BLACK
6
CONTINUOUS
10
106.0880299999999892
20
-58.1529290000000003
11
106.0312559999999991
21
-58.1149939999999958
0
LINE
8
BLACK
6
CONTINUOUS
10
106.0312559999999991
20
-58.1149939999999958
11
105.9933209999999946
21
-58.0582199999999986
0
LINE
8
BLACK
6
CONTINUOUS
10
105.9933209999999946
20
-58.0582199999999986
11
105.9799999999999898
21
-57.9912500000000009
0
LINE
8
BLACK
6
CONTINUOUS
10
105.9799999999999898
20
-57.9912500000000009
11
105.9799999999999898
21
-57.623749999999994
0
LINE
8
BLACK
6
CONTINUOUS
10
105.9799999999999898
20
-57.623749999999994
11
105.9933209999999946
21
-57.5567799999999963
0
LINE
8
BLACK
6
CONTINUOUS
10
105.9933209999999946
20
-57.5567799999999963
11
106.0312559999999991
21
-57.5000059999999991
0
LINE
8
BLACK
6
CONTINUOUS
10
106.0312559999999991
20
-57.5000059999999991
11
106.0880299999999892
21
-57.4620709999999946
0
LINE
8
BLACK
6
CONTINUOUS
10
106.0880299999999892
20
-57.4620709999999946
11
106.1550000000000011
21
-57.4487499999999969
0
LINE
8
BLACK
6
CONTINUOUS
10
106.1550000000000011
20
-57.4487499999999969
11
106.7849999999999966
21
-57.4487499999999969
0
LINE
8
BLACK
6
CONTINUOUS
10
106.7849999999999966
20
-57.4487499999999969
11
106.8519699999999943
21
-57.4620709999999946
0
LINE
8
BLACK
6
CONTINUOUS
10
50.7800000000000011
20
-58.0799999999999983
11
50.2199999999999989
21
-58.0799999999999983
0
LINE
8
BLACK
6
CONTINUOUS
10
50.2199999999999989
20
-58.0799999999999983
11
50.2199999999999989
21
-57.9199999999999946
0
LINE
8
BLACK
6
CONTINUOUS
10
50.2199999999999989
20
-57.9199999999999946
11
50.7800000000000011
21
-57.9199999999999946
0
LINE
8
BLACK
6
CONTINUOUS
10
50.7800000000000011
20
-57.9199999999999946
11
50.7800000000000011
21
-58.0799999999999983
0
LINE
8
BLACK
6
CONTINUOUS
10
53.8599999999999994
20
-58.0799999999999983
11
53.2999999999999972
21
-58.0799999999999983
0
LINE
8
BLACK
6
CONTINUOUS
10
53.2999999999999972
20
-58.0799999999999983
11
53.2999999999999972
21
-57.9199999999999946
0
LINE
8
BLACK
6
CONTINUOUS
10
53.2999999999999972
20
-57.9199999999999946
11
53.8599999999999994
21
-57.9199999999999946
0
LINE
8
BLACK
6
CONTINUOUS
10
53.8599999999999994
20
-57.9199999999999946
11
53.8599999999999994
21
-58.0799999999999983
0
LINE
8
BLACK
6
CONTINUOUS
10
84.7000000000000028
20
-58.0799999999999983
11
84.1400000000000006
21
-58.0799999999999983
0
LINE
8
BLACK
6
CONTINUOUS
10
84.1400000000000006
20
-58.0799999999999983
11
84.1400000000000006
21
-57.9199999999999946
0
LINE
8
BLACK
6
CONTINUOUS
10
84.1400000000000006
20
-57.9199999999999946
11
84.7000000000000028
21
-57.9199999999999946
0
LINE
8
BLACK
6
CONTINUOUS
10
84.7000000000000028
20
-57.9199999999999946
11
84.7000000000000028
21
-58.0799999999999983
0
LINE
8
BLACK
6
CONTINUOUS
10
87.7800000000000011
20
-58.0799999999999983
11
87.2199999999999989
21
-58.0799999999999983
0
LINE
8
BLACK
6
CONTINUOUS
10
87.2199999999999989
20
-58.0799999999999983
11
87.2199999999999989
21
-57.9199999999999946
0
LINE
8
BLACK
6
CONTINUOUS
10
87.2199999999999989
20
-57.9199999999999946
11
87.7800000000000011
21
-57.9199999999999946
0
LINE
8
BLACK
6
CONTINUOUS
10
87.7800000000000011
20
-57.9199999999999946
11
87.7800000000000011
21
-58.0799999999999983
0
LINE
8
BLACK
6
CONTINUOUS
10
36.2289749999999984
20
-57.8127159999999947
11
36.080483000000001
21
-57.9612079999999992
0
LINE
8
BLACK
6
CONTINUOUS
10
36.080483000000001
20
-57.9612079999999992
11
35.659754999999997
21
-57.5404799999999952
0
LINE
8
BLACK
6
CONTINUOUS
10
35.659754999999997
20
-57.5404799999999952
11
35.8082470000000015
21
-57.3919879999999978
0
LINE
8
BLACK
6
CONTINUOUS
10
35.8082470000000015
20
-57.3919879999999978
11
36.2289749999999984
21
-57.8127159999999947
0
LINE
8
BLACK
6
CONTINUOUS
10
39.3402449999999959
20
-57.5404799999999952
11
38.919516999999999
21
-57.9612079999999992
0
LINE
8
BLACK
6
CONTINUOUS
10
38.919516999999999
20
-57.9612079999999992
11
38.7710250000000016
21
-57.8127159999999947
0
LINE
8
BLACK
6
CONTINUOUS
10
38.7710250000000016
20
-57.8127159999999947
11
39.1917529999999985
21
-57.3919879999999978
0
LINE
8
BLACK
6
CONTINUOUS
10
39.1917529999999985
20
-57.3919879999999978
11
39.3402449999999959
21
-57.5404799999999952
0
LINE
8
BLACK
6
CONTINUOUS
10
50.7800000000000011
20
-57.6799999999999997
11
50.2199999999999989
21
-57.6799999999999997
0
LINE
8
BLACK
6
CONTINUOUS
10
50.2199999999999989
20
-57.6799999999999997
11
50.2199999999999989
21
-57.519999999999996
0
LINE
8
BLACK
6
CONTINUOUS
10
50.2199999999999989
20
-57.519999999999996
11
50.7800000000000011
21
-57.519999999999996
0
LINE
8
BLACK
6
CONTINUOUS
10
50.7800000000000011
20
-57.519999999999996
11
50.7800000000000011
21
-57.6799999999999997
0
LINE
8
BLACK
6
CONTINUOUS
10
53.8599999999999994
20
-57.6799999999999997
11
53.2999999999999972
21
-57.6799999999999997
0
LINE
8
BLACK
6
CONTINUOUS
10
53.2999999999999972
20
-57.6799999999999997
11
53.2999999999999972
21
-57.519999999999996
0
LINE
8
BLACK
6
CONTINUOUS
10
53.2999999999999972
20
-57.519999999999996
11
53.8599999999999994
21
-57.519999999999996
0
LINE
8
BLACK
6
CONTINUOUS
10
53.8599999999999994
20
-57.519999999999996
11
53.8599999999999994
21
-57.6799999999999997
0
LINE
8
BLACK
6
CONTINUOUS
10
84.7000000000000028
20
-57.6799999999999997
11
84.1400000000000006
21
-57.6799999999999997
0
LINE
8
BLACK
6
CONTINUOUS
10
84.1400000000000006
20
-57.6799999999999997
11
84.1400000000000006
21
-57.519999999999996
0
LINE
8
BLACK
6
CONTINUOUS
10
84.1400000000000006
20
-57.519999999999996
11
84.7000000000000028
21
-57.519999999999996
0
LINE
8
BLACK
6
CONTINUOUS
10
84.7000000000000028
20
-57.519999999999996
11
84.7000000000000028
21
-57.6799999999999997
0
LINE
8
BLACK
6
CONTINUOUS
10
87.7800000000000011
20
-57.6799999999999997
11
87.2199999999999989
21
-57.6799999999999997
0
LINE
8
BLACK
6
CONTINUOUS
10
87.2199999999999989
20
-57.6799999999999997
11
87.2199999999999989
21
-57.519999999999996
0
LINE
8
BLACK
6
CONTINUOUS
10
87.2199999999999989
20
-57.519999999999996
11
87.7800000000000011
21
-57.519999999999996
0
LINE
8
BLACK
6
CONTINUOUS
10
87.7800000000000011
20
-57.519999999999996
11
87.7800000000000011
21
-57.6799999999999997
0
LINE
8
BLACK
6
CONTINUOUS
10
36.5825279999999964
20
-57.4591629999999967
11
36.434035999999999
21
-57.6076549999999941
0
LINE
8
BLACK
6
CONTINUOUS
10
36.434035999999999
20
-57.6076549999999941
11
36.013307999999995
21
-57.1869269999999972
0
LINE
8
BLACK
6
CONTINUOUS
10
36.013307999999995
20
-57.1869269999999972
11
36.1617999999999995
21
-57.0384349999999998
0
LINE
8
BLACK
6
CONTINUOUS
10
36.1617999999999995
20
-57.0384349999999998
11
36.5825279999999964
21
-57.4591629999999967
0
LINE
8
BLACK
6
CONTINUOUS
10
38.9866919999999979
20
-57.1869269999999972
11
38.565964000000001
21
-57.6076549999999941
0
LINE
8
BLACK
6
CONTINUOUS
10
38.565964000000001
20
-57.6076549999999941
11
38.4174719999999965
21
-57.4591629999999967
0
LINE
8
BLACK
6
CONTINUOUS
10
38.4174719999999965
20
-57.4591629999999967
11
38.8382000000000005
21
-57.0384349999999998
0
LINE
8
BLACK
6
CONTINUOUS
10
38.8382000000000005
20
-57.0384349999999998
11
38.9866919999999979
21
-57.1869269999999972
0
LINE
8
BLACK
6
CONTINUOUS
10
110.1529769999999928
20
-56.972490999999998
11
110.1955579999999912
21
-57.0009419999999949
0
LINE
8
BLACK
6
CONTINUOUS
10
110.1955579999999912
20
-57.0009419999999949
11
110.2240089999999952
21
-57.0435230000000004
0
LINE
8
BLACK
6
CONTINUOUS
10
110.2240089999999952
20
-57.0435230000000004
11
110.2339999999999947
21
-57.09375
0
LINE
8
BLACK
6
CONTINUOUS
10
110.2339999999999947
20
-57.09375
11
110.2339999999999947
21
-57.3562499999999957
0
LINE
8
BLACK
6
CONTINUOUS
10
110.2339999999999947
20
-57.3562499999999957
11
110.2240089999999952
21
-57.4064769999999953
0
LINE
8
BLACK
6
CONTINUOUS
10
110.2240089999999952
20
-57.4064769999999953
11
110.1955579999999912
21
-57.4490580000000008
0
LINE
8
BLACK
6
CONTINUOUS
10
110.1955579999999912
20
-57.4490580000000008
11
110.1529769999999928
21
-57.4775089999999977
0
LINE
8
BLACK
6
CONTINUOUS
10
110.1529769999999928
20
-57.4775089999999977
11
110.1027500000000003
21
-57.4874999999999972
0
LINE
8
BLACK
6
CONTINUOUS
10
110.1027500000000003
20
-57.4874999999999972
11
109.1052499999999981
21
-57.4874999999999972
0
LINE
8
BLACK
6
CONTINUOUS
10
109.1052499999999981
20
-57.4874999999999972
11
109.0550229999999914
21
-57.4775089999999977
0
LINE
8
BLACK
6
CONTINUOUS
10
109.0550229999999914
20
-57.4775089999999977
11
109.012441999999993
21
-57.4490580000000008
0
LINE
8
BLACK
6
CONTINUOUS
10
109.012441999999993
20
-57.4490580000000008
11
108.983990999999989
21
-57.4064769999999953
0
LINE
8
BLACK
6
CONTINUOUS
10
108.983990999999989
20
-57.4064769999999953
11
108.9739999999999895
21
-57.3562499999999957
0
LINE
8
BLACK
6
CONTINUOUS
10
108.9739999999999895
20
-57.3562499999999957
11
108.9739999999999895
21
-57.09375
0
LINE
8
BLACK
6
CONTINUOUS
10
108.9739999999999895
20
-57.09375
11
108.983990999999989
21
-57.0435230000000004
0
LINE
8
BLACK
6
CONTINUOUS
10
108.983990999999989
20
-57.0435230000000004
11
109.012441999999993
21
-57.0009419999999949
0
LINE
8
BLACK
6
CONTINUOUS
10
109.012441999999993
20
-57.0009419999999949
11
109.0550229999999914
21
-56.972490999999998
0
LINE
8
BLACK
6
CONTINUOUS
10
109.0550229999999914
20
-56.972490999999998
11
109.1052499999999981
21
-56.9624999999999986
0
LINE
8
BLACK
6
CONTINUOUS
10
109.1052499999999981
20
-56.9624999999999986
11
110.1027500000000003
21
-56.9624999999999986
0
LINE
8
BLACK
6
CONTINUOUS
10
110.1027500000000003
20
-56.9624999999999986
11
110.1529769999999928
21
-56.972490999999998
0
LINE
8
BLACK
6
CONTINUOUS
10
50.7800000000000011
20
-57.279999999999994
11
50.2199999999999989
21
-57.279999999999994
0
LINE
8
BLACK
6
CONTINUOUS
10
50.2199999999999989
20
-57.279999999999994
11
50.2199999999999989
21
-57.1199999999999974
0
LINE
8
BLACK
6
CONTINUOUS
10
50.2199999999999989
20
-57.1199999999999974
11
50.7800000000000011
21
-57.1199999999999974
0
LINE
8
BLACK
6
CONTINUOUS
10
50.7800000000000011
20
-57.1199999999999974
11
50.7800000000000011
21
-57.279999999999994
0
LINE
8
BLACK
6
CONTINUOUS
10
53.8599999999999994
20
-57.279999999999994
11
53.2999999999999972
21
-57.279999999999994
0
LINE
8
BLACK
6
CONTINUOUS
10
53.2999999999999972
20
-57.279999999999994
11
53.2999999999999972
21
-57.1199999999999974
0
LINE
8
BLACK
6
CONTINUOUS
10
53.2999999999999972
20
-57.1199999999999974
11
53.8599999999999994
21
-57.1199999999999974
0
LINE
8
BLACK
6
CONTINUOUS
10
53.8599999999999994
20
-57.1199999999999974
11
53.8599999999999994
21
-57.279999999999994
0
LINE
8
BLACK
6
CONTINUOUS
10
84.7000000000000028
20
-57.279999999999994
11
84.1400000000000006
21
-57.279999999999994
0
LINE
8
BLACK
6
CONTINUOUS
10
84.1400000000000006
20
-57.279999999999994
11
84.1400000000000006
21
-57.1199999999999974
0
LINE
8
BLACK
6
CONTINUOUS
10
84.1400000000000006
20
-57.1199999999999974
11
84.7000000000000028
21
-57.1199999999999974
0
LINE
8
BLACK
6
CONTINUOUS
10
84.7000000000000028
20
-57.1199999999999974
11
84.7000000000000028
21
-57.279999999999994
0
LINE
8
BLACK
6
CONTINUOUS
10
87.7800000000000011
20
-57.279999999999994
11
87.2199999999999989
21
-57.279999999999994
0
LINE
8
BLACK
6
CONTINUOUS
10
87.2199999999999989
20
-57.279999999999994
11
87.2199999999999989
21
-57.1199999999999974
0
LINE
8
BLACK
6
CONTINUOUS
10
87.2199999999999989
20
-57.1199999999999974
11
87.7800000000000011
21
-57.1199999999999974
0
LINE
8
BLACK
6
CONTINUOUS
10
87.7800000000000011
20
-57.1199999999999974
11
87.7800000000000011
21
-57.279999999999994
0
LINE
8
BLACK
6
CONTINUOUS
10
36.936081999999999
20
-57.1056089999999941
11
36.7875900000000016
21
-57.2541009999999986
0
LINE
8
BLACK
6
CONTINUOUS
10
36.7875900000000016
20
-57.2541009999999986
11
36.3668619999999976
21
-56.8333729999999946
0
LINE
8
BLACK
6
CONTINUOUS
10
36.3668619999999976
20
-56.8333729999999946
11
36.515353999999995
21
-56.6848809999999972
0
LINE
8
BLACK
6
CONTINUOUS
10
36.515353999999995
20
-56.6848809999999972
11
36.936081999999999
21
-57.1056089999999941
0
LINE
8
BLACK
6
CONTINUOUS
10
38.6331379999999953
20
-56.8333729999999946
11
38.2124099999999984
21
-57.2541009999999986
0
LINE
8
BLACK
6
CONTINUOUS
10
38.2124099999999984
20
-57.2541009999999986
11
38.063918000000001
21
-57.1056089999999941
0
LINE
8
BLACK
6
CONTINUOUS
10
38.063918000000001
20
-57.1056089999999941
11
38.4846459999999979
21
-56.6848809999999972
0
LINE
8
BLACK
6
CONTINUOUS
10
38.4846459999999979
20
-56.6848809999999972
11
38.6331379999999953
21
-56.8333729999999946
0
LINE
8
BLACK
6
CONTINUOUS
10
42.6753509999999991
20
-56.1077129999999968
11
42.7321249999999964
21
-56.1456489999999988
0
LINE
8
BLACK
6
CONTINUOUS
10
42.7321249999999964
20
-56.1456489999999988
11
43.2023510000000002
21
-56.6158749999999955
0
LINE
8
BLACK
6
CONTINUOUS
10
43.2023510000000002
20
-56.6158749999999955
11
43.240286999999995
21
-56.6726489999999998
0
LINE
8
BLACK
6
CONTINUOUS
10
43.240286999999995
20
-56.6726489999999998
11
43.2536079999999998
21
-56.7396180000000001
0
LINE
8
BLACK
6
CONTINUOUS
10
43.2536079999999998
20
-56.7396180000000001
11
43.240286999999995
21
-56.8065879999999979
0
LINE
8
BLACK
6
CONTINUOUS
10
43.240286999999995
20
-56.8065879999999979
11
43.2023510000000002
21
-56.8633619999999951
0
LINE
8
BLACK
6
CONTINUOUS
10
43.2023510000000002
20
-56.8633619999999951
11
42.9548640000000006
21
-57.1108489999999946
0
LINE
8
BLACK
6
CONTINUOUS
10
42.9548640000000006
20
-57.1108489999999946
11
42.8980899999999963
21
-57.1487849999999966
0
LINE
8
BLACK
6
CONTINUOUS
10
42.8980899999999963
20
-57.1487849999999966
11
42.8311199999999985
21
-57.1621059999999943
0
LINE
8
BLACK
6
CONTINUOUS
10
42.8311199999999985
20
-57.1621059999999943
11
42.7641509999999982
21
-57.1487849999999966
0
LINE
8
BLACK
6
CONTINUOUS
10
42.7641509999999982
20
-57.1487849999999966
11
42.707377000000001
21
-57.1108489999999946
0
LINE
8
BLACK
6
CONTINUOUS
10
42.707377000000001
20
-57.1108489999999946
11
42.2371509999999972
21
-56.6406229999999979
0
LINE
8
BLACK
6
CONTINUOUS
10
42.2371509999999972
20
-56.6406229999999979
11
42.1992149999999953
21
-56.5838490000000007
0
LINE
8
BLACK
6
CONTINUOUS
10
42.1992149999999953
20
-56.5838490000000007
11
42.1858939999999976
21
-56.5168800000000005
0
LINE
8
BLACK
6
CONTINUOUS
10
42.1858939999999976
20
-56.5168800000000005
11
42.1992149999999953
21
-56.4499099999999956
0
LINE
8
BLACK
6
CONTINUOUS
10
42.1992149999999953
20
-56.4499099999999956
11
42.2371509999999972
21
-56.3931359999999984
0
LINE
8
BLACK
6
CONTINUOUS
10
42.2371509999999972
20
-56.3931359999999984
11
42.4846379999999968
21
-56.1456489999999988
0
LINE
8
BLACK
6
CONTINUOUS
10
42.4846379999999968
20
-56.1456489999999988
11
42.5414120000000011
21
-56.1077129999999968
0
LINE
8
BLACK
6
CONTINUOUS
10
42.5414120000000011
20
-56.1077129999999968
11
42.6083819999999989
21
-56.0943919999999991
0
LINE
8
BLACK
6
CONTINUOUS
10
42.6083819999999989
20
-56.0943919999999991
11
42.6753509999999991
21
-56.1077129999999968
0
LINE
8
BLACK
6
CONTINUOUS
10
30.0800899999999984
20
-55.9312149999999946
11
30.1368639999999992
21
-55.9691509999999965
0
LINE
8
BLACK
6
CONTINUOUS
10
30.1368639999999992
20
-55.9691509999999965
11
30.3843509999999988
21
-56.2166379999999961
0
LINE
8
BLACK
6
CONTINUOUS
10
30.3843509999999988
20
-56.2166379999999961
11
30.4222869999999972
21
-56.2734120000000004
0
LINE
8
BLACK
6
CONTINUOUS
10
30.4222869999999972
20
-56.2734120000000004
11
30.4356079999999984
21
-56.3403819999999982
0
LINE
8
BLACK
6
CONTINUOUS
10
30.4356079999999984
20
-56.3403819999999982
11
30.4222869999999972
21
-56.4073509999999985
0
LINE
8
BLACK
6
CONTINUOUS
10
30.4222869999999972
20
-56.4073509999999985
11
30.3843509999999988
21
-56.4641249999999957
0
LINE
8
BLACK
6
CONTINUOUS
10
30.3843509999999988
20
-56.4641249999999957
11
29.9141249999999985
21
-56.9343509999999995
0
LINE
8
BLACK
6
CONTINUOUS
10
29.9141249999999985
20
-56.9343509999999995
11
29.8573509999999978
21
-56.9722869999999944
0
LINE
8
BLACK
6
CONTINUOUS
10
29.8573509999999978
20
-56.9722869999999944
11
29.7903819999999975
21
-56.9856079999999992
0
LINE
8
BLACK
6
CONTINUOUS
10
29.7903819999999975
20
-56.9856079999999992
11
29.7234119999999997
21
-56.9722869999999944
0
LINE
8
BLACK
6
CONTINUOUS
10
29.7234119999999997
20
-56.9722869999999944
11
29.666637999999999
21
-56.9343509999999995
0
LINE
8
BLACK
6
CONTINUOUS
10
29.666637999999999
20
-56.9343509999999995
11
29.4191509999999994
21
-56.6868639999999999
0
LINE
8
BLACK
6
CONTINUOUS
10
29.4191509999999994
20
-56.6868639999999999
11
29.3812149999999974
21
-56.6300899999999956
0
LINE
8
BLACK
6
CONTINUOUS
10
29.3812149999999974
20
-56.6300899999999956
11
29.3678939999999997
21
-56.5631199999999978
0
LINE
8
BLACK
6
CONTINUOUS
10
29.3678939999999997
20
-56.5631199999999978
11
29.3812149999999974
21
-56.4961509999999976
0
LINE
8
BLACK
6
CONTINUOUS
10
29.3812149999999974
20
-56.4961509999999976
11
29.4191509999999994
21
-56.4393770000000004
0
LINE
8
BLACK
6
CONTINUOUS
10
29.4191509999999994
20
-56.4393770000000004
11
29.8893769999999996
21
-55.9691509999999965
0
LINE
8
BLACK
6
CONTINUOUS
10
29.8893769999999996
20
-55.9691509999999965
11
29.9461510000000004
21
-55.9312149999999946
0
LINE
8
BLACK
6
CONTINUOUS
10
29.9461510000000004
20
-55.9312149999999946
11
30.0131199999999971
21
-55.9178939999999969
0
LINE
8
BLACK
6
CONTINUOUS
10
30.0131199999999971
20
-55.9178939999999969
11
30.0800899999999984
21
-55.9312149999999946
0
LINE
8
BLACK
6
CONTINUOUS
10
37.289634999999997
20
-56.7520559999999961
11
37.1411429999999996
21
-56.9005480000000006
0
LINE
8
BLACK
6
CONTINUOUS
10
37.1411429999999996
20
-56.9005480000000006
11
36.7204149999999956
21
-56.4798199999999966
0
LINE
8
BLACK
6
CONTINUOUS
10
36.7204149999999956
20
-56.4798199999999966
11
36.8689070000000001
21
-56.3313279999999992
0
LINE
8
BLACK
6
CONTINUOUS
10
36.8689070000000001
20
-56.3313279999999992
11
37.289634999999997
21
-56.7520559999999961
0
LINE
8
BLACK
6
CONTINUOUS
10
38.2795849999999973
20
-56.4798199999999966
11
37.8588570000000004
21
-56.9005480000000006
0
LINE
8
BLACK
6
CONTINUOUS
10
37.8588570000000004
20
-56.9005480000000006
11
37.7103649999999959
21
-56.7520559999999961
0
LINE
8
BLACK
6
CONTINUOUS
10
37.7103649999999959
20
-56.7520559999999961
11
38.1310929999999999
21
-56.3313279999999992
0
LINE
8
BLACK
6
CONTINUOUS
10
38.1310929999999999
20
-56.3313279999999992
11
38.2795849999999973
21
-56.4798199999999966
0
LINE
8
BLACK
6
CONTINUOUS
10
24.5898599999999981
20
-56.451158999999997
11
24.6267630000000004
21
-56.4758169999999993
0
LINE
8
BLACK
6
CONTINUOUS
10
24.6267630000000004
20
-56.4758169999999993
11
24.6514209999999991
21
-56.5127199999999945
0
LINE
8
BLACK
6
CONTINUOUS
10
24.6514209999999991
20
-56.5127199999999945
11
24.6600799999999971
21
-56.5562499999999986
0
LINE
8
BLACK
6
CONTINUOUS
10
24.6600799999999971
20
-56.5562499999999986
11
24.6600799999999971
21
-56.7837499999999977
0
LINE
8
BLACK
6
CONTINUOUS
10
24.6600799999999971
20
-56.7837499999999977
11
24.6514209999999991
21
-56.8272799999999947
0
LINE
8
BLACK
6
CONTINUOUS
10
24.6514209999999991
20
-56.8272799999999947
11
24.6267630000000004
21
-56.864182999999997
0
LINE
8
BLACK
6
CONTINUOUS
10
24.6267630000000004
20
-56.864182999999997
11
24.5898599999999981
21
-56.8888409999999993
0
LINE
8
BLACK
6
CONTINUOUS
10
24.5898599999999981
20
-56.8888409999999993
11
24.5463299999999975
21
-56.8975000000000009
0
LINE
8
BLACK
6
CONTINUOUS
10
24.5463299999999975
20
-56.8975000000000009
11
23.4438299999999984
21
-56.8975000000000009
0
LINE
8
BLACK
6
CONTINUOUS
10
23.4438299999999984
20
-56.8975000000000009
11
23.4002999999999979
21
-56.8888409999999993
0
LINE
8
BLACK
6
CONTINUOUS
10
23.4002999999999979
20
-56.8888409999999993
11
23.3633969999999991
21
-56.864182999999997
0
LINE
8
BLACK
6
CONTINUOUS
10
23.3633969999999991
20
-56.864182999999997
11
23.3387390000000003
21
-56.8272799999999947
0
LINE
8
BLACK
6
CONTINUOUS
10
23.3387390000000003
20
-56.8272799999999947
11
23.3300799999999988
21
-56.7837499999999977
0
LINE
8
BLACK
6
CONTINUOUS
10
23.3300799999999988
20
-56.7837499999999977
11
23.3300799999999988
21
-56.5562499999999986
0
LINE
8
BLACK
6
CONTINUOUS
10
23.3300799999999988
20
-56.5562499999999986
11
23.3387390000000003
21
-56.5127199999999945
0
LINE
8
BLACK
6
CONTINUOUS
10
23.3387390000000003
20
-56.5127199999999945
11
23.3633969999999991
21
-56.4758169999999993
0
LINE
8
BLACK
6
CONTINUOUS
10
23.3633969999999991
20
-56.4758169999999993
11
23.4002999999999979
21
-56.451158999999997
0
LINE
8
BLACK
6
CONTINUOUS
10
23.4002999999999979
20
-56.451158999999997
11
23.4438299999999984
21
-56.4424999999999955
0
LINE
8
BLACK
6
CONTINUOUS
10
23.4438299999999984
20
-56.4424999999999955
11
24.5463299999999975
21
-56.4424999999999955
0
LINE
8
BLACK
6
CONTINUOUS
10
24.5463299999999975
20
-56.4424999999999955
11
24.5898599999999981
21
-56.451158999999997
0
LINE
8
BLACK
6
CONTINUOUS
10
50.7800000000000011
20
-56.8799999999999955
11
50.2199999999999989
21
-56.8799999999999955
0
LINE
8
BLACK
6
CONTINUOUS
10
50.2199999999999989
20
-56.8799999999999955
11
50.2199999999999989
21
-56.7199999999999989
0
LINE
8
BLACK
6
CONTINUOUS
10
50.2199999999999989
20
-56.7199999999999989
11
50.7800000000000011
21
-56.7199999999999989
0
LINE
8
BLACK
6
CONTINUOUS
10
50.7800000000000011
20
-56.7199999999999989
11
50.7800000000000011
21
-56.8799999999999955
0
LINE
8
BLACK
6
CONTINUOUS
10
53.8599999999999994
20
-56.8799999999999955
11
53.2999999999999972
21
-56.8799999999999955
0
LINE
8
BLACK
6
CONTINUOUS
10
53.2999999999999972
20
-56.8799999999999955
11
53.2999999999999972
21
-56.7199999999999989
0
LINE
8
BLACK
6
CONTINUOUS
10
53.2999999999999972
20
-56.7199999999999989
11
53.8599999999999994
21
-56.7199999999999989
0
LINE
8
BLACK
6
CONTINUOUS
10
53.8599999999999994
20
-56.7199999999999989
11
53.8599999999999994
21
-56.8799999999999955
0
LINE
8
BLACK
6
CONTINUOUS
10
84.7000000000000028
20
-56.8799999999999955
11
84.1400000000000006
21
-56.8799999999999955
0
LINE
8
BLACK
6
CONTINUOUS
10
84.1400000000000006
20
-56.8799999999999955
11
84.1400000000000006
21
-56.7199999999999989
0
LINE
8
BLACK
6
CONTINUOUS
10
84.1400000000000006
20
-56.7199999999999989
11
84.7000000000000028
21
-56.7199999999999989
0
LINE
8
BLACK
6
CONTINUOUS
10
84.7000000000000028
20
-56.7199999999999989
11
84.7000000000000028
21
-56.8799999999999955
0
LINE
8
BLACK
6
CONTINUOUS
10
87.7800000000000011
20
-56.8799999999999955
11
87.2199999999999989
21
-56.8799999999999955
0
LINE
8
BLACK
6
CONTINUOUS
10
87.2199999999999989
20
-56.8799999999999955
11
87.2199999999999989
21
-56.7199999999999989
0
LINE
8
BLACK
6
CONTINUOUS
10
87.2199999999999989
20
-56.7199999999999989
11
87.7800000000000011
21
-56.7199999999999989
0
LINE
8
BLACK
6
CONTINUOUS
10
87.7800000000000011
20
-56.7199999999999989
11
87.7800000000000011
21
-56.8799999999999955
0
LINE
8
BLACK
6
CONTINUOUS
10
32.7105880000000013
20
-55.7877129999999966
11
32.7673619999999985
21
-55.8256489999999985
0
LINE
8
BLACK
6
CONTINUOUS
10
32.7673619999999985
20
-55.8256489999999985
11
33.0148489999999981
21
-56.0731359999999981
0
LINE
8
BLACK
6
CONTINUOUS
10
33.0148489999999981
20
-56.0731359999999981
11
33.0527850000000001
21
-56.1299099999999953
0
LINE
8
BLACK
6
CONTINUOUS
10
33.0527850000000001
20
-56.1299099999999953
11
33.0661059999999978
21
-56.1968800000000002
0
LINE
8
BLACK
6
CONTINUOUS
10
33.0661059999999978
20
-56.1968800000000002
11
33.0527850000000001
21
-56.2638490000000004
0
LINE
8
BLACK
6
CONTINUOUS
10
33.0527850000000001
20
-56.2638490000000004
11
33.0148489999999981
21
-56.3206229999999977
0
LINE
8
BLACK
6
CONTINUOUS
10
33.0148489999999981
20
-56.3206229999999977
11
32.5446230000000014
21
-56.7908489999999944
0
LINE
8
BLACK
6
CONTINUOUS
10
32.5446230000000014
20
-56.7908489999999944
11
32.4878489999999971
21
-56.8287849999999963
0
LINE
8
BLACK
6
CONTINUOUS
10
32.4878489999999971
20
-56.8287849999999963
11
32.4208799999999968
21
-56.842105999999994
0
LINE
8
BLACK
6
CONTINUOUS
10
32.4208799999999968
20
-56.842105999999994
11
32.3539099999999991
21
-56.8287849999999963
0
LINE
8
BLACK
6
CONTINUOUS
10
32.3539099999999991
20
-56.8287849999999963
11
32.2971360000000018
21
-56.7908489999999944
0
LINE
8
BLACK
6
CONTINUOUS
10
32.2971360000000018
20
-56.7908489999999944
11
32.0496489999999952
21
-56.5433619999999948
0
LINE
8
BLACK
6
CONTINUOUS
10
32.0496489999999952
20
-56.5433619999999948
11
32.0117130000000003
21
-56.4865879999999976
0
LINE
8
BLACK
6
CONTINUOUS
10
32.0117130000000003
20
-56.4865879999999976
11
31.9983919999999991
21
-56.4196179999999998
0
LINE
8
BLACK
6
CONTINUOUS
10
31.9983919999999991
20
-56.4196179999999998
11
32.0117130000000003
21
-56.3526489999999995
0
LINE
8
BLACK
6
CONTINUOUS
10
32.0117130000000003
20
-56.3526489999999995
11
32.0496489999999952
21
-56.2958749999999952
0
LINE
8
BLACK
6
CONTINUOUS
10
32.0496489999999952
20
-56.2958749999999952
11
32.519874999999999
21
-55.8256489999999985
0
LINE
8
BLACK
6
CONTINUOUS
10
32.519874999999999
20
-55.8256489999999985
11
32.5766489999999962
21
-55.7877129999999966
0
LINE
8
BLACK
6
CONTINUOUS
10
32.5766489999999962
20
-55.7877129999999966
11
32.6436179999999965
21
-55.7743919999999989
0
LINE
8
BLACK
6
CONTINUOUS
10
32.6436179999999965
20
-55.7743919999999989
11
32.7105880000000013
21
-55.7877129999999966
0
LINE
8
BLACK
6
CONTINUOUS
10
97.4984199999999959
20
-55.7229880000000009
11
97.5537750000000017
21
-55.7599749999999972
0
LINE
8
BLACK
6
CONTINUOUS
10
97.5537750000000017
20
-55.7599749999999972
11
97.590761999999998
21
-55.8153299999999959
0
LINE
8
BLACK
6
CONTINUOUS
10
97.590761999999998
20
-55.8153299999999959
11
97.6037489999999934
21
-55.8806259999999995
0
LINE
8
BLACK
6
CONTINUOUS
10
97.6037489999999934
20
-55.8806259999999995
11
97.6037499999999909
21
-56.5193749999999966
0
LINE
8
BLACK
6
CONTINUOUS
10
97.6037499999999909
20
-56.5193749999999966
11
97.590761999999998
21
-56.5846699999999956
0
LINE
8
BLACK
6
CONTINUOUS
10
97.590761999999998
20
-56.5846699999999956
11
97.5537750000000017
21
-56.6400249999999943
0
LINE
8
BLACK
6
CONTINUOUS
10
97.5537750000000017
20
-56.6400249999999943
11
97.4984199999999959
21
-56.6770119999999977
0
LINE
8
BLACK
6
CONTINUOUS
10
97.4984199999999959
20
-56.6770119999999977
11
97.4331239999999923
21
-56.6899990000000003
0
LINE
8
BLACK
6
CONTINUOUS
10
97.4331239999999923
20
-56.6899990000000003
11
97.0918750000000017
21
-56.6899999999999977
0
LINE
8
BLACK
6
CONTINUOUS
10
97.0918750000000017
20
-56.6899999999999977
11
97.0265799999999956
21
-56.6770119999999977
0
LINE
8
BLACK
6
CONTINUOUS
10
97.0265799999999956
20
-56.6770119999999977
11
96.9712249999999898
21
-56.6400249999999943
0
LINE
8
BLACK
6
CONTINUOUS
10
96.9712249999999898
20
-56.6400249999999943
11
96.9342379999999935
21
-56.5846699999999956
0
LINE
8
BLACK
6
CONTINUOUS
10
96.9342379999999935
20
-56.5846699999999956
11
96.921250999999998
21
-56.5193739999999991
0
LINE
8
BLACK
6
CONTINUOUS
10
96.921250999999998
20
-56.5193739999999991
11
96.9212500000000006
21
-55.8806249999999949
0
LINE
8
BLACK
6
CONTINUOUS
10
96.9212500000000006
20
-55.8806249999999949
11
96.9342379999999935
21
-55.8153299999999959
0
LINE
8
BLACK
6
CONTINUOUS
10
96.9342379999999935
20
-55.8153299999999959
11
96.9712249999999898
21
-55.7599749999999972
0
LINE
8
BLACK
6
CONTINUOUS
10
96.9712249999999898
20
-55.7599749999999972
11
97.0265799999999956
21
-55.7229880000000009
0
LINE
8
BLACK
6
CONTINUOUS
10
97.0265799999999956
20
-55.7229880000000009
11
97.0918759999999992
21
-55.7100009999999983
0
LINE
8
BLACK
6
CONTINUOUS
10
97.0918759999999992
20
-55.7100009999999983
11
97.4331249999999898
21
-55.7100000000000009
0
LINE
8
BLACK
6
CONTINUOUS
10
97.4331249999999898
20
-55.7100000000000009
11
97.4984199999999959
21
-55.7229880000000009
0
LINE
8
BLACK
6
CONTINUOUS
10
99.3734199999999959
20
-55.7229880000000009
11
99.4287750000000017
21
-55.7599749999999972
0
LINE
8
BLACK
6
CONTINUOUS
10
99.4287750000000017
20
-55.7599749999999972
11
99.465761999999998
21
-55.8153299999999959
0
LINE
8
BLACK
6
CONTINUOUS
10
99.465761999999998
20
-55.8153299999999959
11
99.4787489999999934
21
-55.8806259999999995
0
LINE
8
BLACK
6
CONTINUOUS
10
99.4787489999999934
20
-55.8806259999999995
11
99.4787499999999909
21
-56.5193749999999966
0
LINE
8
BLACK
6
CONTINUOUS
10
99.4787499999999909
20
-56.5193749999999966
11
99.465761999999998
21
-56.5846699999999956
0
LINE
8
BLACK
6
CONTINUOUS
10
99.465761999999998
20
-56.5846699999999956
11
99.4287750000000017
21
-56.6400249999999943
0
LINE
8
BLACK
6
CONTINUOUS
10
99.4287750000000017
20
-56.6400249999999943
11
99.3734199999999959
21
-56.6770119999999977
0
LINE
8
BLACK
6
CONTINUOUS
10
99.3734199999999959
20
-56.6770119999999977
11
99.3081239999999923
21
-56.6899990000000003
0
LINE
8
BLACK
6
CONTINUOUS
10
99.3081239999999923
20
-56.6899990000000003
11
98.9668750000000017
21
-56.6899999999999977
0
LINE
8
BLACK
6
CONTINUOUS
10
98.9668750000000017
20
-56.6899999999999977
11
98.9015799999999956
21
-56.6770119999999977
0
LINE
8
BLACK
6
CONTINUOUS
10
98.9015799999999956
20
-56.6770119999999977
11
98.8462249999999898
21
-56.6400249999999943
0
LINE
8
BLACK
6
CONTINUOUS
10
98.8462249999999898
20
-56.6400249999999943
11
98.8092379999999935
21
-56.5846699999999956
0
LINE
8
BLACK
6
CONTINUOUS
10
98.8092379999999935
20
-56.5846699999999956
11
98.796250999999998
21
-56.5193739999999991
0
LINE
8
BLACK
6
CONTINUOUS
10
98.796250999999998
20
-56.5193739999999991
11
98.7962500000000006
21
-55.8806249999999949
0
LINE
8
BLACK
6
CONTINUOUS
10
98.7962500000000006
20
-55.8806249999999949
11
98.8092379999999935
21
-55.8153299999999959
0
LINE
8
BLACK
6
CONTINUOUS
10
98.8092379999999935
20
-55.8153299999999959
11
98.8462249999999898
21
-55.7599749999999972
0
LINE
8
BLACK
6
CONTINUOUS
10
98.8462249999999898
20
-55.7599749999999972
11
98.9015799999999956
21
-55.7229880000000009
0
LINE
8
BLACK
6
CONTINUOUS
10
98.9015799999999956
20
-55.7229880000000009
11
98.9668759999999992
21
-55.7100009999999983
0
LINE
8
BLACK
6
CONTINUOUS
10
98.9668759999999992
20
-55.7100009999999983
11
99.3081249999999898
21
-55.7100000000000009
0
LINE
8
BLACK
6
CONTINUOUS
10
99.3081249999999898
20
-55.7100000000000009
11
99.3734199999999959
21
-55.7229880000000009
0
LINE
8
BLACK
6
CONTINUOUS
10
100.9382200000000012
20
-55.7233209999999985
11
100.9949939999999913
21
-55.7612559999999959
0
LINE
8
BLACK
6
CONTINUOUS
10
100.9949939999999913
20
-55.7612559999999959
11
101.0329289999999958
21
-55.8180300000000003
0
LINE
8
BLACK
6
CONTINUOUS
10
101.0329289999999958
20
-55.8180300000000003
11
101.0462500000000006
21
-55.884999999999998
0
LINE
8
BLACK
6
CONTINUOUS
10
101.0462500000000006
20
-55.884999999999998
11
101.0462500000000006
21
-56.5150000000000006
0
LINE
8
BLACK
6
CONTINUOUS
10
101.0462500000000006
20
-56.5150000000000006
11
101.0329289999999958
21
-56.5819699999999983
0
LINE
8
BLACK
6
CONTINUOUS
10
101.0329289999999958
20
-56.5819699999999983
11
100.9949939999999913
21
-56.6387439999999955
0
LINE
8
BLACK
6
CONTINUOUS
10
100.9949939999999913
20
-56.6387439999999955
11
100.9382200000000012
21
-56.676679
0
LINE
8
BLACK
6
CONTINUOUS
10
100.9382200000000012
20
-56.676679
11
100.8712499999999892
21
-56.6899999999999977
0
LINE
8
BLACK
6
CONTINUOUS
10
100.8712499999999892
20
-56.6899999999999977
11
100.5037499999999966
21
-56.6899999999999977
0
LINE
8
BLACK
6
CONTINUOUS
10
100.5037499999999966
20
-56.6899999999999977
11
100.4367799999999988
21
-56.676679
0
LINE
8
BLACK
6
CONTINUOUS
10
100.4367799999999988
20
-56.676679
11
100.3800059999999945
21
-56.6387439999999955
0
LINE
8
BLACK
6
CONTINUOUS
10
100.3800059999999945
20
-56.6387439999999955
11
100.34207099999999
21
-56.5819699999999983
0
LINE
8
BLACK
6
CONTINUOUS
10
100.34207099999999
20
-56.5819699999999983
11
100.3287499999999994
21
-56.5150000000000006
0
LINE
8
BLACK
6
CONTINUOUS
10
100.3287499999999994
20
-56.5150000000000006
11
100.3287499999999994
21
-55.884999999999998
0
LINE
8
BLACK
6
CONTINUOUS
10
100.3287499999999994
20
-55.884999999999998
11
100.34207099999999
21
-55.8180300000000003
0
LINE
8
BLACK
6
CONTINUOUS
10
100.34207099999999
20
-55.8180300000000003
11
100.3800059999999945
21
-55.7612559999999959
0
LINE
8
BLACK
6
CONTINUOUS
10
100.3800059999999945
20
-55.7612559999999959
11
100.4367799999999988
21
-55.7233209999999985
0
LINE
8
BLACK
6
CONTINUOUS
10
100.4367799999999988
20
-55.7233209999999985
11
100.5037499999999966
21
-55.7100000000000009
0
LINE
8
BLACK
6
CONTINUOUS
10
100.5037499999999966
20
-55.7100000000000009
11
100.8712499999999892
21
-55.7100000000000009
0
LINE
8
BLACK
6
CONTINUOUS
10
100.8712499999999892
20
-55.7100000000000009
11
100.9382200000000012
21
-55.7233209999999985
0
LINE
8
BLACK
6
CONTINUOUS
10
102.7632199999999898
20
-55.7233209999999985
11
102.8199939999999941
21
-55.7612559999999959
0
LINE
8
BLACK
6
CONTINUOUS
10
102.8199939999999941
20
-55.7612559999999959
11
102.8579289999999986
21
-55.8180300000000003
0
LINE
8
BLACK
6
CONTINUOUS
10
102.8579289999999986
20
-55.8180300000000003
11
102.8712499999999892
21
-55.884999999999998
0
LINE
8
BLACK
6
CONTINUOUS
10
102.8712499999999892
20
-55.884999999999998
11
102.8712499999999892
21
-56.5150000000000006
0
LINE
8
BLACK
6
CONTINUOUS
10
102.8712499999999892
20
-56.5150000000000006
11
102.8579289999999986
21
-56.5819699999999983
0
LINE
8
BLACK
6
CONTINUOUS
10
102.8579289999999986
20
-56.5819699999999983
11
102.8199939999999941
21
-56.6387439999999955
0
LINE
8
BLACK
6
CONTINUOUS
10
102.8199939999999941
20
-56.6387439999999955
11
102.7632199999999898
21
-56.676679
0
LINE
8
BLACK
6
CONTINUOUS
10
102.7632199999999898
20
-56.676679
11
102.696249999999992
21
-56.6899999999999977
0
LINE
8
BLACK
6
CONTINUOUS
10
102.696249999999992
20
-56.6899999999999977
11
102.3287499999999994
21
-56.6899999999999977
0
LINE
8
BLACK
6
CONTINUOUS
10
102.3287499999999994
20
-56.6899999999999977
11
102.2617800000000017
21
-56.676679
0
LINE
8
BLACK
6
CONTINUOUS
10
102.2617800000000017
20
-56.676679
11
102.2050059999999974
21
-56.6387439999999955
0
LINE
8
BLACK
6
CONTINUOUS
10
102.2050059999999974
20
-56.6387439999999955
11
102.1670709999999929
21
-56.5819699999999983
0
LINE
8
BLACK
6
CONTINUOUS
10
102.1670709999999929
20
-56.5819699999999983
11
102.1537500000000023
21
-56.5150000000000006
0
LINE
8
BLACK
6
CONTINUOUS
10
102.1537500000000023
20
-56.5150000000000006
11
102.1537500000000023
21
-55.884999999999998
0
LINE
8
BLACK
6
CONTINUOUS
10
102.1537500000000023
20
-55.884999999999998
11
102.1670709999999929
21
-55.8180300000000003
0
LINE
8
BLACK
6
CONTINUOUS
10
102.1670709999999929
20
-55.8180300000000003
11
102.2050059999999974
21
-55.7612559999999959
0
LINE
8
BLACK
6
CONTINUOUS
10
102.2050059999999974
20
-55.7612559999999959
11
102.2617800000000017
21
-55.7233209999999985
0
LINE
8
BLACK
6
CONTINUOUS
10
102.2617800000000017
20
-55.7233209999999985
11
102.3287499999999994
21
-55.7100000000000009
0
LINE
8
BLACK
6
CONTINUOUS
10
102.3287499999999994
20
-55.7100000000000009
11
102.696249999999992
21
-55.7100000000000009
0
LINE
8
BLACK
6
CONTINUOUS
10
102.696249999999992
20
-55.7100000000000009
11
102.7632199999999898
21
-55.7233209999999985
0
LINE
8
BLACK
6
CONTINUOUS
10
40.4838489999999993
20
-55.5012149999999949
11
40.5406229999999965
21
-55.5391509999999968
0
LINE
8
BLACK
6
CONTINUOUS
10
40.5406229999999965
20
-55.5391509999999968
11
41.0108490000000003
21
-56.0093770000000006
0
LINE
8
BLACK
6
CONTINUOUS
10
41.0108490000000003
20
-56.0093770000000006
11
41.0487849999999952
21
-56.0661509999999979
0
LINE
8
BLACK
6
CONTINUOUS
10
41.0487849999999952
20
-56.0661509999999979
11
41.062106
21
-56.1331199999999981
0
LINE
8
BLACK
6
CONTINUOUS
10
41.062106
20
-56.1331199999999981
11
41.0487849999999952
21
-56.2000899999999959
0
LINE
8
BLACK
6
CONTINUOUS
10
41.0487849999999952
20
-56.2000899999999959
11
41.0108490000000003
21
-56.2568640000000002
0
LINE
8
BLACK
6
CONTINUOUS
10
41.0108490000000003
20
-56.2568640000000002
11
40.7633620000000008
21
-56.5043509999999998
0
LINE
8
BLACK
6
CONTINUOUS
10
40.7633620000000008
20
-56.5043509999999998
11
40.7065879999999964
21
-56.5422869999999946
0
LINE
8
BLACK
6
CONTINUOUS
10
40.7065879999999964
20
-56.5422869999999946
11
40.6396179999999987
21
-56.5556079999999994
0
LINE
8
BLACK
6
CONTINUOUS
10
40.6396179999999987
20
-56.5556079999999994
11
40.5726489999999984
21
-56.5422869999999946
0
LINE
8
BLACK
6
CONTINUOUS
10
40.5726489999999984
20
-56.5422869999999946
11
40.5158750000000012
21
-56.5043509999999998
0
LINE
8
BLACK
6
CONTINUOUS
10
40.5158750000000012
20
-56.5043509999999998
11
40.0456489999999974
21
-56.034124999999996
0
LINE
8
BLACK
6
CONTINUOUS
10
40.0456489999999974
20
-56.034124999999996
11
40.0077129999999954
21
-55.9773509999999987
0
LINE
8
BLACK
6
CONTINUOUS
10
40.0077129999999954
20
-55.9773509999999987
11
39.9943919999999977
21
-55.9103819999999985
0
LINE
8
BLACK
6
CONTINUOUS
10
39.9943919999999977
20
-55.9103819999999985
11
40.0077129999999954
21
-55.8434120000000007
0
LINE
8
BLACK
6
CONTINUOUS
10
40.0077129999999954
20
-55.8434120000000007
11
40.0456489999999974
21
-55.7866379999999964
0
LINE
8
BLACK
6
CONTINUOUS
10
40.0456489999999974
20
-55.7866379999999964
11
40.293135999999997
21
-55.5391509999999968
0
LINE
8
BLACK
6
CONTINUOUS
10
40.293135999999997
20
-55.5391509999999968
11
40.3499100000000013
21
-55.5012149999999949
0
LINE
8
BLACK
6
CONTINUOUS
10
40.3499100000000013
20
-55.5012149999999949
11
40.416879999999999
21
-55.4878939999999972
0
LINE
8
BLACK
6
CONTINUOUS
10
40.416879999999999
20
-55.4878939999999972
11
40.4838489999999993
21
-55.5012149999999949
0
LINE
8
BLACK
6
CONTINUOUS
10
105.7882199999999955
20
-55.573321
11
105.8449939999999998
21
-55.6112559999999974
0
LINE
8
BLACK
6
CONTINUOUS
10
105.8449939999999998
20
-55.6112559999999974
11
105.8829289999999901
21
-55.6680299999999946
0
LINE
8
BLACK
6
CONTINUOUS
10
105.8829289999999901
20
-55.6680299999999946
11
105.8962499999999949
21
-55.7349999999999994
0
LINE
8
BLACK
6
CONTINUOUS
10
105.8962499999999949
20
-55.7349999999999994
11
105.8962499999999949
21
-56.3649999999999949
0
LINE
8
BLACK
6
CONTINUOUS
10
105.8962499999999949
20
-56.3649999999999949
11
105.8829289999999901
21
-56.4319699999999997
0
LINE
8
BLACK
6
CONTINUOUS
10
105.8829289999999901
20
-56.4319699999999997
11
105.8449939999999998
21
-56.488743999999997
0
LINE
8
BLACK
6
CONTINUOUS
10
105.8449939999999998
20
-56.488743999999997
11
105.7882199999999955
21
-56.5266789999999943
0
LINE
8
BLACK
6
CONTINUOUS
10
105.7882199999999955
20
-56.5266789999999943
11
105.7212499999999977
21
-56.5399999999999991
0
LINE
8
BLACK
6
CONTINUOUS
10
105.7212499999999977
20
-56.5399999999999991
11
105.3537499999999909
21
-56.5399999999999991
0
LINE
8
BLACK
6
CONTINUOUS
10
105.3537499999999909
20
-56.5399999999999991
11
105.2867799999999932
21
-56.5266789999999943
0
LINE
8
BLACK
6
CONTINUOUS
10
105.2867799999999932
20
-56.5266789999999943
11
105.2300059999999888
21
-56.488743999999997
0
LINE
8
BLACK
6
CONTINUOUS
10
105.2300059999999888
20
-56.488743999999997
11
105.1920709999999985
21
-56.4319699999999997
0
LINE
8
BLACK
6
CONTINUOUS
10
105.1920709999999985
20
-56.4319699999999997
11
105.1787499999999937
21
-56.3649999999999949
0
LINE
8
BLACK
6
CONTINUOUS
10
105.1787499999999937
20
-56.3649999999999949
11
105.1787499999999937
21
-55.7349999999999994
0
LINE
8
BLACK
6
CONTINUOUS
10
105.1787499999999937
20
-55.7349999999999994
11
105.1920709999999985
21
-55.6680299999999946
0
LINE
8
BLACK
6
CONTINUOUS
10
105.1920709999999985
20
-55.6680299999999946
11
105.2300059999999888
21
-55.6112559999999974
0
LINE
8
BLACK
6
CONTINUOUS
10
105.2300059999999888
20
-55.6112559999999974
11
105.2867799999999932
21
-55.573321
0
LINE
8
BLACK
6
CONTINUOUS
10
105.2867799999999932
20
-55.573321
11
105.3537499999999909
21
-55.5599999999999952
0
LINE
8
BLACK
6
CONTINUOUS
10
105.3537499999999909
20
-55.5599999999999952
11
105.7212499999999977
21
-55.5599999999999952
0
LINE
8
BLACK
6
CONTINUOUS
10
105.7212499999999977
20
-55.5599999999999952
11
105.7882199999999955
21
-55.573321
0
LINE
8
BLACK
6
CONTINUOUS
10
107.6132199999999983
20
-55.573321
11
107.6699939999999884
21
-55.6112559999999974
0
LINE
8
BLACK
6
CONTINUOUS
10
107.6699939999999884
20
-55.6112559999999974
11
107.7079289999999929
21
-55.6680299999999946
0
LINE
8
BLACK
6
CONTINUOUS
10
107.7079289999999929
20
-55.6680299999999946
11
107.7212499999999977
21
-55.7349999999999994
0
LINE
8
BLACK
6
CONTINUOUS
10
107.7212499999999977
20
-55.7349999999999994
11
107.7212499999999977
21
-56.3649999999999949
0
LINE
8
BLACK
6
CONTINUOUS
10
107.7212499999999977
20
-56.3649999999999949
11
107.7079289999999929
21
-56.4319699999999997
0
LINE
8
BLACK
6
CONTINUOUS
10
107.7079289999999929
20
-56.4319699999999997
11
107.6699939999999884
21
-56.488743999999997
0
LINE
8
BLACK
6
CONTINUOUS
10
107.6699939999999884
20
-56.488743999999997
11
107.6132199999999983
21
-56.5266789999999943
0
LINE
8
BLACK
6
CONTINUOUS
10
107.6132199999999983
20
-56.5266789999999943
11
107.5462500000000006
21
-56.5399999999999991
0
LINE
8
BLACK
6
CONTINUOUS
10
107.5462500000000006
20
-56.5399999999999991
11
107.1787499999999937
21
-56.5399999999999991
0
LINE
8
BLACK
6
CONTINUOUS
10
107.1787499999999937
20
-56.5399999999999991
11
107.111779999999996
21
-56.5266789999999943
0
LINE
8
BLACK
6
CONTINUOUS
10
107.111779999999996
20
-56.5266789999999943
11
107.0550059999999917
21
-56.488743999999997
0
LINE
8
BLACK
6
CONTINUOUS
10
107.0550059999999917
20
-56.488743999999997
11
107.0170710000000014
21
-56.4319699999999997
0
LINE
8
BLACK
6
CONTINUOUS
10
107.0170710000000014
20
-56.4319699999999997
11
107.0037499999999966
21
-56.3649999999999949
0
LINE
8
BLACK
6
CONTINUOUS
10
107.0037499999999966
20
-56.3649999999999949
11
107.0037499999999966
21
-55.7349999999999994
0
LINE
8
BLACK
6
CONTINUOUS
10
107.0037499999999966
20
-55.7349999999999994
11
107.0170710000000014
21
-55.6680299999999946
0
LINE
8
BLACK
6
CONTINUOUS
10
107.0170710000000014
20
-55.6680299999999946
11
107.0550059999999917
21
-55.6112559999999974
0
LINE
8
BLACK
6
CONTINUOUS
10
107.0550059999999917
20
-55.6112559999999974
11
107.111779999999996
21
-55.573321
0
LINE
8
BLACK
6
CONTINUOUS
10
107.111779999999996
20
-55.573321
11
107.1787499999999937
21
-55.5599999999999952
0
LINE
8
BLACK
6
CONTINUOUS
10
107.1787499999999937
20
-55.5599999999999952
11
107.5462500000000006
21
-55.5599999999999952
0
LINE
8
BLACK
6
CONTINUOUS
10
107.5462500000000006
20
-55.5599999999999952
11
107.6132199999999983
21
-55.573321
0
LINE
8
BLACK
6
CONTINUOUS
10
50.7800000000000011
20
-56.4799999999999969
11
50.2199999999999989
21
-56.4799999999999969
0
LINE
8
BLACK
6
CONTINUOUS
10
50.2199999999999989
20
-56.4799999999999969
11
50.2199999999999989
21
-56.3200000000000003
0
LINE
8
BLACK
6
CONTINUOUS
10
50.2199999999999989
20
-56.3200000000000003
11
50.7800000000000011
21
-56.3200000000000003
0
LINE
8
BLACK
6
CONTINUOUS
10
50.7800000000000011
20
-56.3200000000000003
11
50.7800000000000011
21
-56.4799999999999969
0
LINE
8
BLACK
6
CONTINUOUS
10
53.8599999999999994
20
-56.4799999999999969
11
53.2999999999999972
21
-56.4799999999999969
0
LINE
8
BLACK
6
CONTINUOUS
10
53.2999999999999972
20
-56.4799999999999969
11
53.2999999999999972
21
-56.3200000000000003
0
LINE
8
BLACK
6
CONTINUOUS
10
53.2999999999999972
20
-56.3200000000000003
11
53.8599999999999994
21
-56.3200000000000003
0
LINE
8
BLACK
6
CONTINUOUS
10
53.8599999999999994
20
-56.3200000000000003
11
53.8599999999999994
21
-56.4799999999999969
0
LINE
8
BLACK
6
CONTINUOUS
10
84.7000000000000028
20
-56.4799999999999969
11
84.1400000000000006
21
-56.4799999999999969
0
LINE
8
BLACK
6
CONTINUOUS
10
84.1400000000000006
20
-56.4799999999999969
11
84.1400000000000006
21
-56.3200000000000003
0
LINE
8
BLACK
6
CONTINUOUS
10
84.1400000000000006
20
-56.3200000000000003
11
84.7000000000000028
21
-56.3200000000000003
0
LINE
8
BLACK
6
CONTINUOUS
10
84.7000000000000028
20
-56.3200000000000003
11
84.7000000000000028
21
-56.4799999999999969
0
LINE
8
BLACK
6
CONTINUOUS
10
87.7800000000000011
20
-56.4799999999999969
11
87.2199999999999989
21
-56.4799999999999969
0
LINE
8
BLACK
6
CONTINUOUS
10
87.2199999999999989
20
-56.4799999999999969
11
87.2199999999999989
21
-56.3200000000000003
0
LINE
8
BLACK
6
CONTINUOUS
10
87.2199999999999989
20
-56.3200000000000003
11
87.7800000000000011
21
-56.3200000000000003
0
LINE
8
BLACK
6
CONTINUOUS
10
87.7800000000000011
20
-56.3200000000000003
11
87.7800000000000011
21
-56.4799999999999969
0
LINE
8
BLACK
6
CONTINUOUS
10
35.0500899999999973
20
-55.3012149999999991
11
35.1068640000000016
21
-55.339150999999994
0
LINE
8
BLACK
6
CONTINUOUS
10
35.1068640000000016
20
-55.339150999999994
11
35.3543510000000012
21
-55.5866380000000007
0
LINE
8
BLACK
6
CONTINUOUS
10
35.3543510000000012
20
-55.5866380000000007
11
35.3922869999999961
21
-55.6434119999999979
0
LINE
8
BLACK
6
CONTINUOUS
10
35.3922869999999961
20
-55.6434119999999979
11
35.4056080000000009
21
-55.7103819999999956
0
LINE
8
BLACK
6
CONTINUOUS
10
35.4056080000000009
20
-55.7103819999999956
11
35.3922869999999961
21
-55.7773509999999959
0
LINE
8
BLACK
6
CONTINUOUS
10
35.3922869999999961
20
-55.7773509999999959
11
35.3543510000000012
21
-55.8341250000000002
0
LINE
8
BLACK
6
CONTINUOUS
10
35.3543510000000012
20
-55.8341250000000002
11
34.8841249999999974
21
-56.3043509999999969
0
LINE
8
BLACK
6
CONTINUOUS
10
34.8841249999999974
20
-56.3043509999999969
11
34.8273510000000002
21
-56.3422869999999989
0
LINE
8
BLACK
6
CONTINUOUS
10
34.8273510000000002
20
-56.3422869999999989
11
34.7603819999999999
21
-56.3556079999999966
0
LINE
8
BLACK
6
CONTINUOUS
10
34.7603819999999999
20
-56.3556079999999966
11
34.693411999999995
21
-56.3422869999999989
0
LINE
8
BLACK
6
CONTINUOUS
10
34.693411999999995
20
-56.3422869999999989
11
34.6366379999999978
21
-56.3043509999999969
0
LINE
8
BLACK
6
CONTINUOUS
10
34.6366379999999978
20
-56.3043509999999969
11
34.3891509999999982
21
-56.0568639999999974
0
LINE
8
BLACK
6
CONTINUOUS
10
34.3891509999999982
20
-56.0568639999999974
11
34.3512149999999963
21
-56.0000900000000001
0
LINE
8
BLACK
6
CONTINUOUS
10
34.3512149999999963
20
-56.0000900000000001
11
34.3378939999999986
21
-55.9331199999999953
0
LINE
8
BLACK
6
CONTINUOUS
10
34.3378939999999986
20
-55.9331199999999953
11
34.3512149999999963
21
-55.866150999999995
0
LINE
8
BLACK
6
CONTINUOUS
10
34.3512149999999963
20
-55.866150999999995
11
34.3891509999999982
21
-55.8093769999999978
0
LINE
8
BLACK
6
CONTINUOUS
10
34.3891509999999982
20
-55.8093769999999978
11
34.859376999999995
21
-55.339150999999994
0
LINE
8
BLACK
6
CONTINUOUS
10
34.859376999999995
20
-55.339150999999994
11
34.9161509999999993
21
-55.3012149999999991
0
LINE
8
BLACK
6
CONTINUOUS
10
34.9161509999999993
20
-55.3012149999999991
11
34.9831199999999995
21
-55.2878939999999943
0
LINE
8
BLACK
6
CONTINUOUS
10
34.9831199999999995
20
-55.2878939999999943
11
35.0500899999999973
21
-55.3012149999999991
0
LINE
8
BLACK
6
CONTINUOUS
10
110.1691819999999922
20
-55.7979929999999982
11
110.2032459999999929
21
-55.8207540000000009
0
LINE
8
BLACK
6
CONTINUOUS
10
110.2032459999999929
20
-55.8207540000000009
11
110.2260069999999956
21
-55.8548179999999945
0
LINE
8
BLACK
6
CONTINUOUS
10
110.2260069999999956
20
-55.8548179999999945
11
110.2339999999999947
21
-55.894999999999996
0
LINE
8
BLACK
6
CONTINUOUS
10
110.2339999999999947
20
-55.894999999999996
11
110.2339999999999947
21
-56.1049999999999969
0
LINE
8
BLACK
6
CONTINUOUS
10
110.2339999999999947
20
-56.1049999999999969
11
110.2260069999999956
21
-56.1451819999999984
0
LINE
8
BLACK
6
CONTINUOUS
10
110.2260069999999956
20
-56.1451819999999984
11
110.2032459999999929
21
-56.1792459999999991
0
LINE
8
BLACK
6
CONTINUOUS
10
110.2032459999999929
20
-56.1792459999999991
11
110.1691819999999922
21
-56.2020069999999947
0
LINE
8
BLACK
6
CONTINUOUS
10
110.1691819999999922
20
-56.2020069999999947
11
110.1289999999999907
21
-56.2100000000000009
0
LINE
8
BLACK
6
CONTINUOUS
10
110.1289999999999907
20
-56.2100000000000009
11
109.0789999999999935
21
-56.2100000000000009
0
LINE
8
BLACK
6
CONTINUOUS
10
109.0789999999999935
20
-56.2100000000000009
11
109.038817999999992
21
-56.2020069999999947
0
LINE
8
BLACK
6
CONTINUOUS
10
109.038817999999992
20
-56.2020069999999947
11
109.0047539999999913
21
-56.1792459999999991
0
LINE
8
BLACK
6
CONTINUOUS
10
109.0047539999999913
20
-56.1792459999999991
11
108.9819929999999886
21
-56.1451819999999984
0
LINE
8
BLACK
6
CONTINUOUS
10
108.9819929999999886
20
-56.1451819999999984
11
108.9739999999999895
21
-56.1049999999999969
0
LINE
8
BLACK
6
CONTINUOUS
10
108.9739999999999895
20
-56.1049999999999969
11
108.9739999999999895
21
-55.894999999999996
0
LINE
8
BLACK
6
CONTINUOUS
10
108.9739999999999895
20
-55.894999999999996
11
108.9819929999999886
21
-55.8548179999999945
0
LINE
8
BLACK
6
CONTINUOUS
10
108.9819929999999886
20
-55.8548179999999945
11
109.0047539999999913
21
-55.8207540000000009
0
LINE
8
BLACK
6
CONTINUOUS
10
109.0047539999999913
20
-55.8207540000000009
11
109.038817999999992
21
-55.7979929999999982
0
LINE
8
BLACK
6
CONTINUOUS
10
109.038817999999992
20
-55.7979929999999982
11
109.0789999999999935
21
-55.7899999999999991
0
LINE
8
BLACK
6
CONTINUOUS
10
109.0789999999999935
20
-55.7899999999999991
11
110.1289999999999907
21
-55.7899999999999991
0
LINE
8
BLACK
6
CONTINUOUS
10
110.1289999999999907
20
-55.7899999999999991
11
110.1691819999999922
21
-55.7979929999999982
0
LINE
8
BLACK
6
CONTINUOUS
10
50.7800000000000011
20
-56.0799999999999983
11
50.2199999999999989
21
-56.0799999999999983
0
LINE
8
BLACK
6
CONTINUOUS
10
50.2199999999999989
20
-56.0799999999999983
11
50.2199999999999989
21
-55.9199999999999946
0
LINE
8
BLACK
6
CONTINUOUS
10
50.2199999999999989
20
-55.9199999999999946
11
50.7800000000000011
21
-55.9199999999999946
0
LINE
8
BLACK
6
CONTINUOUS
10
50.7800000000000011
20
-55.9199999999999946
11
50.7800000000000011
21
-56.0799999999999983
0
LINE
8
BLACK
6
CONTINUOUS
10
53.8599999999999994
20
-56.0799999999999983
11
53.2999999999999972
21
-56.0799999999999983
0
LINE
8
BLACK
6
CONTINUOUS
10
53.2999999999999972
20
-56.0799999999999983
11
53.2999999999999972
21
-55.9199999999999946
0
LINE
8
BLACK
6
CONTINUOUS
10
53.2999999999999972
20
-55.9199999999999946
11
53.8599999999999994
21
-55.9199999999999946
0
LINE
8
BLACK
6
CONTINUOUS
10
53.8599999999999994
20
-55.9199999999999946
11
53.8599999999999994
21
-56.0799999999999983
0
LINE
8
BLACK
6
CONTINUOUS
10
84.7000000000000028
20
-56.0799999999999983
11
84.1400000000000006
21
-56.0799999999999983
0
LINE
8
BLACK
6
CONTINUOUS
10
84.1400000000000006
20
-56.0799999999999983
11
84.1400000000000006
21
-55.9199999999999946
0
LINE
8
BLACK
6
CONTINUOUS
10
84.1400000000000006
20
-55.9199999999999946
11
84.7000000000000028
21
-55.9199999999999946
0
LINE
8
BLACK
6
CONTINUOUS
10
84.7000000000000028
20
-55.9199999999999946
11
84.7000000000000028
21
-56.0799999999999983
0
LINE
8
BLACK
6
CONTINUOUS
10
87.7800000000000011
20
-56.0799999999999983
11
87.2199999999999989
21
-56.0799999999999983
0
LINE
8
BLACK
6
CONTINUOUS
10
87.2199999999999989
20
-56.0799999999999983
11
87.2199999999999989
21
-55.9199999999999946
0
LINE
8
BLACK
6
CONTINUOUS
10
87.2199999999999989
20
-55.9199999999999946
11
87.7800000000000011
21
-55.9199999999999946
0
LINE
8
BLACK
6
CONTINUOUS
10
87.7800000000000011
20
-55.9199999999999946
11
87.7800000000000011
21
-56.0799999999999983
0
LINE
8
BLACK
6
CONTINUOUS
10
31.6050119999999986
20
-54.7308859999999981
11
31.6617859999999993
21
-54.7688220000000001
0
LINE
8
BLACK
6
CONTINUOUS
10
31.6617859999999993
20
-54.7688220000000001
11
31.9216479999999976
21
-55.0286839999999984
0
LINE
8
BLACK
6
CONTINUOUS
10
31.9216479999999976
20
-55.0286839999999984
11
31.9595839999999995
21
-55.0854579999999956
0
LINE
8
BLACK
6
CONTINUOUS
10
31.9595839999999995
20
-55.0854579999999956
11
31.9729049999999972
21
-55.1524269999999959
0
LINE
8
BLACK
6
CONTINUOUS
10
31.9729049999999972
20
-55.1524269999999959
11
31.9595839999999995
21
-55.2193970000000007
0
LINE
8
BLACK
6
CONTINUOUS
10
31.9595839999999995
20
-55.2193970000000007
11
31.9216479999999976
21
-55.2761709999999979
0
LINE
8
BLACK
6
CONTINUOUS
10
31.9216479999999976
20
-55.2761709999999979
11
31.4761709999999972
21
-55.7216479999999947
0
LINE
8
BLACK
6
CONTINUOUS
10
31.4761709999999972
20
-55.7216479999999947
11
31.419397
21
-55.7595839999999967
0
LINE
8
BLACK
6
CONTINUOUS
10
31.419397
20
-55.7595839999999967
11
31.3524269999999987
21
-55.7729049999999944
0
LINE
8
BLACK
6
CONTINUOUS
10
31.3524269999999987
20
-55.7729049999999944
11
31.2854579999999984
21
-55.7595839999999967
0
LINE
8
BLACK
6
CONTINUOUS
10
31.2854579999999984
20
-55.7595839999999967
11
31.2286839999999977
21
-55.7216479999999947
0
LINE
8
BLACK
6
CONTINUOUS
10
31.2286839999999977
20
-55.7216479999999947
11
30.9688219999999994
21
-55.4617859999999965
0
LINE
8
BLACK
6
CONTINUOUS
10
30.9688219999999994
20
-55.4617859999999965
11
30.9308859999999974
21
-55.4050119999999993
0
LINE
8
BLACK
6
CONTINUOUS
10
30.9308859999999974
20
-55.4050119999999993
11
30.9175649999999997
21
-55.338042999999999
0
LINE
8
BLACK
6
CONTINUOUS
10
30.9175649999999997
20
-55.338042999999999
11
30.9308859999999974
21
-55.2710729999999941
0
LINE
8
BLACK
6
CONTINUOUS
10
30.9308859999999974
20
-55.2710729999999941
11
30.9688219999999994
21
-55.2142989999999969
0
LINE
8
BLACK
6
CONTINUOUS
10
30.9688219999999994
20
-55.2142989999999969
11
31.4142989999999998
21
-54.7688220000000001
0
LINE
8
BLACK
6
CONTINUOUS
10
31.4142989999999998
20
-54.7688220000000001
11
31.471072999999997
21
-54.7308859999999981
0
LINE
8
BLACK
6
CONTINUOUS
10
31.471072999999997
20
-54.7308859999999981
11
31.5380429999999983
21
-54.7175650000000005
0
LINE
8
BLACK
6
CONTINUOUS
10
31.5380429999999983
20
-54.7175650000000005
11
31.6050119999999986
21
-54.7308859999999981
0
LINE
8
BLACK
6
CONTINUOUS
10
50.7800000000000011
20
-55.6799999999999997
11
50.2199999999999989
21
-55.6799999999999997
0
LINE
8
BLACK
6
CONTINUOUS
10
50.2199999999999989
20
-55.6799999999999997
11
50.2199999999999989
21
-55.519999999999996
0
LINE
8
BLACK
6
CONTINUOUS
10
50.2199999999999989
20
-55.519999999999996
11
50.7800000000000011
21
-55.519999999999996
0
LINE
8
BLACK
6
CONTINUOUS
10
50.7800000000000011
20
-55.519999999999996
11
50.7800000000000011
21
-55.6799999999999997
0
LINE
8
BLACK
6
CONTINUOUS
10
53.8599999999999994
20
-55.6799999999999997
11
53.2999999999999972
21
-55.6799999999999997
0
LINE
8
BLACK
6
CONTINUOUS
10
53.2999999999999972
20
-55.6799999999999997
11
53.2999999999999972
21
-55.519999999999996
0
LINE
8
BLACK
6
CONTINUOUS
10
53.2999999999999972
20
-55.519999999999996
11
53.8599999999999994
21
-55.519999999999996
0
LINE
8
BLACK
6
CONTINUOUS
10
53.8599999999999994
20
-55.519999999999996
11
53.8599999999999994
21
-55.6799999999999997
0
LINE
8
BLACK
6
CONTINUOUS
10
84.7000000000000028
20
-55.6799999999999997
11
84.1400000000000006
21
-55.6799999999999997
0
LINE
8
BLACK
6
CONTINUOUS
10
84.1400000000000006
20
-55.6799999999999997
11
84.1400000000000006
21
-55.519999999999996
0
LINE
8
BLACK
6
CONTINUOUS
10
84.1400000000000006
20
-55.519999999999996
11
84.7000000000000028
21
-55.519999999999996
0
LINE
8
BLACK
6
CONTINUOUS
10
84.7000000000000028
20
-55.519999999999996
11
84.7000000000000028
21
-55.6799999999999997
0
LINE
8
BLACK
6
CONTINUOUS
10
87.7800000000000011
20
-55.6799999999999997
11
87.2199999999999989
21
-55.6799999999999997
0
LINE
8
BLACK
6
CONTINUOUS
10
87.2199999999999989
20
-55.6799999999999997
11
87.2199999999999989
21
-55.519999999999996
0
LINE
8
BLACK
6
CONTINUOUS
10
87.2199999999999989
20
-55.519999999999996
11
87.7800000000000011
21
-55.519999999999996
0
LINE
8
BLACK
6
CONTINUOUS
10
87.7800000000000011
20
-55.519999999999996
11
87.7800000000000011
21
-55.6799999999999997
0
LINE
8
BLACK
6
CONTINUOUS
10
28.7365879999999976
20
-54.5877130000000008
11
28.7933619999999983
21
-54.6256489999999957
0
LINE
8
BLACK
6
CONTINUOUS
10
28.7933619999999983
20
-54.6256489999999957
11
29.0408489999999979
21
-54.8731359999999952
0
LINE
8
BLACK
6
CONTINUOUS
10
29.0408489999999979
20
-54.8731359999999952
11
29.0787849999999999
21
-54.9299099999999996
0
LINE
8
BLACK
6
CONTINUOUS
10
29.0787849999999999
20
-54.9299099999999996
11
29.0921059999999976
21
-54.9968799999999973
0
LINE
8
BLACK
6
CONTINUOUS
10
29.0921059999999976
20
-54.9968799999999973
11
29.0787849999999999
21
-55.0638489999999976
0
LINE
8
BLACK
6
CONTINUOUS
10
29.0787849999999999
20
-55.0638489999999976
11
29.0408489999999979
21
-55.1206229999999948
0
LINE
8
BLACK
6
CONTINUOUS
10
29.0408489999999979
20
-55.1206229999999948
11
28.5706229999999977
21
-55.5908489999999986
0
LINE
8
BLACK
6
CONTINUOUS
10
28.5706229999999977
20
-55.5908489999999986
11
28.5138490000000004
21
-55.6287850000000006
0
LINE
8
BLACK
6
CONTINUOUS
10
28.5138490000000004
20
-55.6287850000000006
11
28.4468800000000002
21
-55.6421059999999983
0
LINE
8
BLACK
6
CONTINUOUS
10
28.4468800000000002
20
-55.6421059999999983
11
28.3799099999999989
21
-55.6287850000000006
0
LINE
8
BLACK
6
CONTINUOUS
10
28.3799099999999989
20
-55.6287850000000006
11
28.3231359999999981
21
-55.5908489999999986
0
LINE
8
BLACK
6
CONTINUOUS
10
28.3231359999999981
20
-55.5908489999999986
11
28.0756489999999985
21
-55.3433619999999991
0
LINE
8
BLACK
6
CONTINUOUS
10
28.0756489999999985
20
-55.3433619999999991
11
28.0377130000000001
21
-55.2865879999999947
0
LINE
8
BLACK
6
CONTINUOUS
10
28.0377130000000001
20
-55.2865879999999947
11
28.0243919999999989
21
-55.219617999999997
0
LINE
8
BLACK
6
CONTINUOUS
10
28.0243919999999989
20
-55.219617999999997
11
28.0377130000000001
21
-55.1526489999999967
0
LINE
8
BLACK
6
CONTINUOUS
10
28.0377130000000001
20
-55.1526489999999967
11
28.0756489999999985
21
-55.0958749999999995
0
LINE
8
BLACK
6
CONTINUOUS
10
28.0756489999999985
20
-55.0958749999999995
11
28.5458749999999988
21
-54.6256489999999957
0
LINE
8
BLACK
6
CONTINUOUS
10
28.5458749999999988
20
-54.6256489999999957
11
28.6026489999999995
21
-54.5877130000000008
0
LINE
8
BLACK
6
CONTINUOUS
10
28.6026489999999995
20
-54.5877130000000008
11
28.6696179999999998
21
-54.574391999999996
0
LINE
8
BLACK
6
CONTINUOUS
10
28.6696179999999998
20
-54.574391999999996
11
28.7365879999999976
21
-54.5877130000000008
0
LINE
8
BLACK
6
CONTINUOUS
10
24.5898599999999981
20
-55.181159000000001
11
24.6267630000000004
21
-55.2058169999999961
0
LINE
8
BLACK
6
CONTINUOUS
10
24.6267630000000004
20
-55.2058169999999961
11
24.6514209999999991
21
-55.2427199999999985
0
LINE
8
BLACK
6
CONTINUOUS
10
24.6514209999999991
20
-55.2427199999999985
11
24.6600799999999971
21
-55.2862499999999955
0
LINE
8
BLACK
6
CONTINUOUS
10
24.6600799999999971
20
-55.2862499999999955
11
24.6600799999999971
21
-55.5137499999999946
0
LINE
8
BLACK
6
CONTINUOUS
10
24.6600799999999971
20
-55.5137499999999946
11
24.6514209999999991
21
-55.5572799999999987
0
LINE
8
BLACK
6
CONTINUOUS
10
24.6514209999999991
20
-55.5572799999999987
11
24.6267630000000004
21
-55.594183000000001
0
LINE
8
BLACK
6
CONTINUOUS
10
24.6267630000000004
20
-55.594183000000001
11
24.5898599999999981
21
-55.6188409999999962
0
LINE
8
BLACK
6
CONTINUOUS
10
24.5898599999999981
20
-55.6188409999999962
11
24.5463299999999975
21
-55.6274999999999977
0
LINE
8
BLACK
6
CONTINUOUS
10
24.5463299999999975
20
-55.6274999999999977
11
23.4438299999999984
21
-55.6274999999999977
0
LINE
8
BLACK
6
CONTINUOUS
10
23.4438299999999984
20
-55.6274999999999977
11
23.4002999999999979
21
-55.6188409999999962
0
LINE
8
BLACK
6
CONTINUOUS
10
23.4002999999999979
20
-55.6188409999999962
11
23.3633969999999991
21
-55.594183000000001
0
LINE
8
BLACK
6
CONTINUOUS
10
23.3633969999999991
20
-55.594183000000001
11
23.3387390000000003
21
-55.5572799999999987
0
LINE
8
BLACK
6
CONTINUOUS
10
23.3387390000000003
20
-55.5572799999999987
11
23.3300799999999988
21
-55.5137499999999946
0
LINE
8
BLACK
6
CONTINUOUS
10
23.3300799999999988
20
-55.5137499999999946
11
23.3300799999999988
21
-55.2862499999999955
0
LINE
8
BLACK
6
CONTINUOUS
10
23.3300799999999988
20
-55.2862499999999955
11
23.3387390000000003
21
-55.2427199999999985
0
LINE
8
BLACK
6
CONTINUOUS
10
23.3387390000000003
20
-55.2427199999999985
11
23.3633969999999991
21
-55.2058169999999961
0
LINE
8
BLACK
6
CONTINUOUS
10
23.3633969999999991
20
-55.2058169999999961
11
23.4002999999999979
21
-55.181159000000001
0
LINE
8
BLACK
6
CONTINUOUS
10
23.4002999999999979
20
-55.181159000000001
11
23.4438299999999984
21
-55.1724999999999994
0
LINE
8
BLACK
6
CONTINUOUS
10
23.4438299999999984
20
-55.1724999999999994
11
24.5463299999999975
21
-55.1724999999999994
0
LINE
8
BLACK
6
CONTINUOUS
10
24.5463299999999975
20
-55.1724999999999994
11
24.5898599999999981
21
-55.181159000000001
0
LINE
8
BLACK
6
CONTINUOUS
10
38.3838489999999979
20
-54.5012149999999949
11
38.4406229999999951
21
-54.5391509999999968
0
LINE
8
BLACK
6
CONTINUOUS
10
38.4406229999999951
20
-54.5391509999999968
11
38.9108489999999989
21
-55.0093770000000006
0
LINE
8
BLACK
6
CONTINUOUS
10
38.9108489999999989
20
-55.0093770000000006
11
38.9487850000000009
21
-55.0661509999999979
0
LINE
8
BLACK
6
CONTINUOUS
10
38.9487850000000009
20
-55.0661509999999979
11
38.9621059999999986
21
-55.1331199999999981
0
LINE
8
BLACK
6
CONTINUOUS
10
38.9621059999999986
20
-55.1331199999999981
11
38.9487850000000009
21
-55.2000899999999959
0
LINE
8
BLACK
6
CONTINUOUS
10
38.9487850000000009
20
-55.2000899999999959
11
38.9108489999999989
21
-55.2568640000000002
0
LINE
8
BLACK
6
CONTINUOUS
10
38.9108489999999989
20
-55.2568640000000002
11
38.6633619999999993
21
-55.5043509999999998
0
LINE
8
BLACK
6
CONTINUOUS
10
38.6633619999999993
20
-55.5043509999999998
11
38.606587999999995
21
-55.5422869999999946
0
LINE
8
BLACK
6
CONTINUOUS
10
38.606587999999995
20
-55.5422869999999946
11
38.5396179999999973
21
-55.5556079999999994
0
LINE
8
BLACK
6
CONTINUOUS
10
38.5396179999999973
20
-55.5556079999999994
11
38.472648999999997
21
-55.5422869999999946
0
LINE
8
BLACK
6
CONTINUOUS
10
38.472648999999997
20
-55.5422869999999946
11
38.4158749999999998
21
-55.5043509999999998
0
LINE
8
BLACK
6
CONTINUOUS
10
38.4158749999999998
20
-55.5043509999999998
11
37.945648999999996
21
-55.034124999999996
0
LINE
8
BLACK
6
CONTINUOUS
10
37.945648999999996
20
-55.034124999999996
11
37.9077130000000011
21
-54.9773509999999987
0
LINE
8
BLACK
6
CONTINUOUS
10
37.9077130000000011
20
-54.9773509999999987
11
37.8943919999999963
21
-54.9103819999999985
0
LINE
8
BLACK
6
CONTINUOUS
10
37.8943919999999963
20
-54.9103819999999985
11
37.9077130000000011
21
-54.8434120000000007
0
LINE
8
BLACK
6
CONTINUOUS
10
37.9077130000000011
20
-54.8434120000000007
11
37.945648999999996
21
-54.7866379999999964
0
LINE
8
BLACK
6
CONTINUOUS
10
37.945648999999996
20
-54.7866379999999964
11
38.1931359999999955
21
-54.5391509999999968
0
LINE
8
BLACK
6
CONTINUOUS
10
38.1931359999999955
20
-54.5391509999999968
11
38.2499099999999999
21
-54.5012149999999949
0
LINE
8
BLACK
6
CONTINUOUS
10
38.2499099999999999
20
-54.5012149999999949
11
38.3168799999999976
21
-54.4878939999999972
0
LINE
8
BLACK
6
CONTINUOUS
10
38.3168799999999976
20
-54.4878939999999972
11
38.3838489999999979
21
-54.5012149999999949
0
LINE
8
BLACK
6
CONTINUOUS
10
50.7800000000000011
20
-55.279999999999994
11
50.2199999999999989
21
-55.279999999999994
0
LINE
8
BLACK
6
CONTINUOUS
10
50.2199999999999989
20
-55.279999999999994
11
50.2199999999999989
21
-55.1199999999999974
0
LINE
8
BLACK
6
CONTINUOUS
10
50.2199999999999989
20
-55.1199999999999974
11
50.7800000000000011
21
-55.1199999999999974
0
LINE
8
BLACK
6
CONTINUOUS
10
50.7800000000000011
20
-55.1199999999999974
11
50.7800000000000011
21
-55.279999999999994
0
LINE
8
BLACK
6
CONTINUOUS
10
53.8599999999999994
20
-55.279999999999994
11
53.2999999999999972
21
-55.279999999999994
0
LINE
8
BLACK
6
CONTINUOUS
10
53.2999999999999972
20
-55.279999999999994
11
53.2999999999999972
21
-55.1199999999999974
0
LINE
8
BLACK
6
CONTINUOUS
10
53.2999999999999972
20
-55.1199999999999974
11
53.8599999999999994
21
-55.1199999999999974
0
LINE
8
BLACK
6
CONTINUOUS
10
53.8599999999999994
20
-55.1199999999999974
11
53.8599999999999994
21
-55.279999999999994
0
LINE
8
BLACK
6
CONTINUOUS
10
84.7000000000000028
20
-55.279999999999994
11
84.1400000000000006
21
-55.279999999999994
0
LINE
8
BLACK
6
CONTINUOUS
10
84.1400000000000006
20
-55.279999999999994
11
84.1400000000000006
21
-55.1199999999999974
0
LINE
8
BLACK
6
CONTINUOUS
10
84.1400000000000006
20
-55.1199999999999974
11
84.7000000000000028
21
-55.1199999999999974
0
LINE
8
BLACK
6
CONTINUOUS
10
84.7000000000000028
20
-55.1199999999999974
11
84.7000000000000028
21
-55.279999999999994
0
LINE
8
BLACK
6
CONTINUOUS
10
87.7800000000000011
20
-55.279999999999994
11
87.2199999999999989
21
-55.279999999999994
0
LINE
8
BLACK
6
CONTINUOUS
10
87.2199999999999989
20
-55.279999999999994
11
87.2199999999999989
21
-55.1199999999999974
0
LINE
8
BLACK
6
CONTINUOUS
10
87.2199999999999989
20
-55.1199999999999974
11
87.7800000000000011
21
-55.1199999999999974
0
LINE
8
BLACK
6
CONTINUOUS
10
87.7800000000000011
20
-55.1199999999999974
11
87.7800000000000011
21
-55.279999999999994
0
LINE
8
BLACK
6
CONTINUOUS
10
41.8273510000000002
20
-54.157712999999994
11
41.8841249999999974
21
-54.195648999999996
0
LINE
8
BLACK
6
CONTINUOUS
10
41.8841249999999974
20
-54.195648999999996
11
42.3543510000000012
21
-54.6658749999999998
0
LINE
8
BLACK
6
CONTINUOUS
10
42.3543510000000012
20
-54.6658749999999998
11
42.3922869999999961
21
-54.722648999999997
0
LINE
8
BLACK
6
CONTINUOUS
10
42.3922869999999961
20
-54.722648999999997
11
42.4056080000000009
21
-54.7896179999999973
0
LINE
8
BLACK
6
CONTINUOUS
10
42.4056080000000009
20
-54.7896179999999973
11
42.3922869999999961
21
-54.856587999999995
0
LINE
8
BLACK
6
CONTINUOUS
10
42.3922869999999961
20
-54.856587999999995
11
42.3543510000000012
21
-54.9133619999999993
0
LINE
8
BLACK
6
CONTINUOUS
10
42.3543510000000012
20
-54.9133619999999993
11
42.1068640000000016
21
-55.1608489999999989
0
LINE
8
BLACK
6
CONTINUOUS
10
42.1068640000000016
20
-55.1608489999999989
11
42.0500899999999973
21
-55.1987850000000009
0
LINE
8
BLACK
6
CONTINUOUS
10
42.0500899999999973
20
-55.1987850000000009
11
41.9831199999999995
21
-55.2121059999999986
0
LINE
8
BLACK
6
CONTINUOUS
10
41.9831199999999995
20
-55.2121059999999986
11
41.9161509999999993
21
-55.1987850000000009
0
LINE
8
BLACK
6
CONTINUOUS
10
41.9161509999999993
20
-55.1987850000000009
11
41.859376999999995
21
-55.1608489999999989
0
LINE
8
BLACK
6
CONTINUOUS
10
41.859376999999995
20
-55.1608489999999989
11
41.3891509999999982
21
-54.6906229999999951
0
LINE
8
BLACK
6
CONTINUOUS
10
41.3891509999999982
20
-54.6906229999999951
11
41.3512149999999963
21
-54.6338489999999979
0
LINE
8
BLACK
6
CONTINUOUS
10
41.3512149999999963
20
-54.6338489999999979
11
41.3378939999999986
21
-54.5668799999999976
0
LINE
8
BLACK
6
CONTINUOUS
10
41.3378939999999986
20
-54.5668799999999976
11
41.3512149999999963
21
-54.4999099999999999
0
LINE
8
BLACK
6
CONTINUOUS
10
41.3512149999999963
20
-54.4999099999999999
11
41.3891509999999982
21
-54.4431359999999955
0
LINE
8
BLACK
6
CONTINUOUS
10
41.3891509999999982
20
-54.4431359999999955
11
41.6366379999999978
21
-54.195648999999996
0
LINE
8
BLACK
6
CONTINUOUS
10
41.6366379999999978
20
-54.195648999999996
11
41.693411999999995
21
-54.157712999999994
0
LINE
8
BLACK
6
CONTINUOUS
10
41.693411999999995
20
-54.157712999999994
11
41.7603819999999999
21
-54.1443919999999963
0
LINE
8
BLACK
6
CONTINUOUS
10
41.7603819999999999
20
-54.1443919999999963
11
41.8273510000000002
21
-54.157712999999994
0
LINE
8
BLACK
6
CONTINUOUS
10
36.5550119999999978
20
-54.0808859999999996
11
36.6117859999999951
21
-54.1188219999999944
0
LINE
8
BLACK
6
CONTINUOUS
10
36.6117859999999951
20
-54.1188219999999944
11
36.8716480000000004
21
-54.3786839999999998
0
LINE
8
BLACK
6
CONTINUOUS
10
36.8716480000000004
20
-54.3786839999999998
11
36.9095839999999953
21
-54.435457999999997
0
LINE
8
BLACK
6
CONTINUOUS
10
36.9095839999999953
20
-54.435457999999997
11
36.9229050000000001
21
-54.5024269999999973
0
LINE
8
BLACK
6
CONTINUOUS
10
36.9229050000000001
20
-54.5024269999999973
11
36.9095839999999953
21
-54.569396999999995
0
LINE
8
BLACK
6
CONTINUOUS
10
36.9095839999999953
20
-54.569396999999995
11
36.8716480000000004
21
-54.6261709999999994
0
LINE
8
BLACK
6
CONTINUOUS
10
36.8716480000000004
20
-54.6261709999999994
11
36.4261709999999965
21
-55.0716479999999962
0
LINE
8
BLACK
6
CONTINUOUS
10
36.4261709999999965
20
-55.0716479999999962
11
36.3693969999999993
21
-55.1095839999999981
0
LINE
8
BLACK
6
CONTINUOUS
10
36.3693969999999993
20
-55.1095839999999981
11
36.3024270000000016
21
-55.1229049999999958
0
LINE
8
BLACK
6
CONTINUOUS
10
36.3024270000000016
20
-55.1229049999999958
11
36.2354580000000013
21
-55.1095839999999981
0
LINE
8
BLACK
6
CONTINUOUS
10
36.2354580000000013
20
-55.1095839999999981
11
36.178683999999997
21
-55.0716479999999962
0
LINE
8
BLACK
6
CONTINUOUS
10
36.178683999999997
20
-55.0716479999999962
11
35.9188219999999987
21
-54.8117859999999979
0
LINE
8
BLACK
6
CONTINUOUS
10
35.9188219999999987
20
-54.8117859999999979
11
35.8808859999999967
21
-54.7550120000000007
0
LINE
8
BLACK
6
CONTINUOUS
10
35.8808859999999967
20
-54.7550120000000007
11
35.867564999999999
21
-54.6880430000000004
0
LINE
8
BLACK
6
CONTINUOUS
10
35.867564999999999
20
-54.6880430000000004
11
35.8808859999999967
21
-54.6210729999999955
0
LINE
8
BLACK
6
CONTINUOUS
10
35.8808859999999967
20
-54.6210729999999955
11
35.9188219999999987
21
-54.5642989999999983
0
LINE
8
BLACK
6
CONTINUOUS
10
35.9188219999999987
20
-54.5642989999999983
11
36.3642989999999955
21
-54.1188219999999944
0
LINE
8
BLACK
6
CONTINUOUS
10
36.3642989999999955
20
-54.1188219999999944
11
36.4210729999999998
21
-54.0808859999999996
0
LINE
8
BLACK
6
CONTINUOUS
10
36.4210729999999998
20
-54.0808859999999996
11
36.4880429999999976
21
-54.0675649999999948
0
LINE
8
BLACK
6
CONTINUOUS
10
36.4880429999999976
20
-54.0675649999999948
11
36.5550119999999978
21
-54.0808859999999996
0
LINE
8
BLACK
6
CONTINUOUS
10
110.1529769999999928
20
-54.5224909999999952
11
110.1955579999999912
21
-54.5509419999999992
0
LINE
8
BLACK
6
CONTINUOUS
10
110.1955579999999912
20
-54.5509419999999992
11
110.2240089999999952
21
-54.5935229999999976
0
LINE
8
BLACK
6
CONTINUOUS
10
110.2240089999999952
20
-54.5935229999999976
11
110.2339999999999947
21
-54.6437499999999972
0
LINE
8
BLACK
6
CONTINUOUS
10
110.2339999999999947
20
-54.6437499999999972
11
110.2339999999999947
21
-54.90625
0
LINE
8
BLACK
6
CONTINUOUS
10
110.2339999999999947
20
-54.90625
11
110.2240089999999952
21
-54.9564769999999996
0
LINE
8
BLACK
6
CONTINUOUS
10
110.2240089999999952
20
-54.9564769999999996
11
110.1955579999999912
21
-54.999057999999998
0
LINE
8
BLACK
6
CONTINUOUS
10
110.1955579999999912
20
-54.999057999999998
11
110.1529769999999928
21
-55.0275089999999949
0
LINE
8
BLACK
6
CONTINUOUS
10
110.1529769999999928
20
-55.0275089999999949
11
110.1027500000000003
21
-55.0374999999999943
0
LINE
8
BLACK
6
CONTINUOUS
10
110.1027500000000003
20
-55.0374999999999943
11
109.1052499999999981
21
-55.0374999999999943
0
LINE
8
BLACK
6
CONTINUOUS
10
109.1052499999999981
20
-55.0374999999999943
11
109.0550229999999914
21
-55.0275089999999949
0
LINE
8
BLACK
6
CONTINUOUS
10
109.0550229999999914
20
-55.0275089999999949
11
109.012441999999993
21
-54.999057999999998
0
LINE
8
BLACK
6
CONTINUOUS
10
109.012441999999993
20
-54.999057999999998
11
108.983990999999989
21
-54.9564769999999996
0
LINE
8
BLACK
6
CONTINUOUS
10
108.983990999999989
20
-54.9564769999999996
11
108.9739999999999895
21
-54.90625
0
LINE
8
BLACK
6
CONTINUOUS
10
108.9739999999999895
20
-54.90625
11
108.9739999999999895
21
-54.6437499999999972
0
LINE
8
BLACK
6
CONTINUOUS
10
108.9739999999999895
20
-54.6437499999999972
11
108.983990999999989
21
-54.5935229999999976
0
LINE
8
BLACK
6
CONTINUOUS
10
108.983990999999989
20
-54.5935229999999976
11
109.012441999999993
21
-54.5509419999999992
0
LINE
8
BLACK
6
CONTINUOUS
10
109.012441999999993
20
-54.5509419999999992
11
109.0550229999999914
21
-54.5224909999999952
0
LINE
8
BLACK
6
CONTINUOUS
10
109.0550229999999914
20
-54.5224909999999952
11
109.1052499999999981
21
-54.5124999999999957
0
LINE
8
BLACK
6
CONTINUOUS
10
109.1052499999999981
20
-54.5124999999999957
11
110.1027500000000003
21
-54.5124999999999957
0
LINE
8
BLACK
6
CONTINUOUS
10
110.1027500000000003
20
-54.5124999999999957
11
110.1529769999999928
21
-54.5224909999999952
0
LINE
8
BLACK
6
CONTINUOUS
10
33.7065879999999964
20
-53.9577129999999983
11
33.7633620000000008
21
-53.9956490000000002
0
LINE
8
BLACK
6
CONTINUOUS
10
33.7633620000000008
20
-53.9956490000000002
11
34.0108490000000003
21
-54.2431359999999998
0
LINE
8
BLACK
6
CONTINUOUS
10
34.0108490000000003
20
-54.2431359999999998
11
34.0487849999999952
21
-54.299909999999997
0
LINE
8
BLACK
6
CONTINUOUS
10
34.0487849999999952
20
-54.299909999999997
11
34.062106
21
-54.3668799999999948
0
LINE
8
BLACK
6
CONTINUOUS
10
34.062106
20
-54.3668799999999948
11
34.0487849999999952
21
-54.433848999999995
0
LINE
8
BLACK
6
CONTINUOUS
10
34.0487849999999952
20
-54.433848999999995
11
34.0108490000000003
21
-54.4906229999999994
0
LINE
8
BLACK
6
CONTINUOUS
10
34.0108490000000003
20
-54.4906229999999994
11
33.5406229999999965
21
-54.9608489999999961
0
LINE
8
BLACK
6
CONTINUOUS
10
33.5406229999999965
20
-54.9608489999999961
11
33.4838489999999993
21
-54.998784999999998
0
LINE
8
BLACK
6
CONTINUOUS
10
33.4838489999999993
20
-54.998784999999998
11
33.416879999999999
21
-55.0121059999999957
0
LINE
8
BLACK
6
CONTINUOUS
10
33.416879999999999
20
-55.0121059999999957
11
33.3499100000000013
21
-54.998784999999998
0
LINE
8
BLACK
6
CONTINUOUS
10
33.3499100000000013
20
-54.998784999999998
11
33.293135999999997
21
-54.9608489999999961
0
LINE
8
BLACK
6
CONTINUOUS
10
33.293135999999997
20
-54.9608489999999961
11
33.0456489999999974
21
-54.7133619999999965
0
LINE
8
BLACK
6
CONTINUOUS
10
33.0456489999999974
20
-54.7133619999999965
11
33.0077129999999954
21
-54.6565879999999993
0
LINE
8
BLACK
6
CONTINUOUS
10
33.0077129999999954
20
-54.6565879999999993
11
32.9943919999999977
21
-54.5896179999999944
0
LINE
8
BLACK
6
CONTINUOUS
10
32.9943919999999977
20
-54.5896179999999944
11
33.0077129999999954
21
-54.5226489999999941
0
LINE
8
BLACK
6
CONTINUOUS
10
33.0077129999999954
20
-54.5226489999999941
11
33.0456489999999974
21
-54.4658749999999969
0
LINE
8
BLACK
6
CONTINUOUS
10
33.0456489999999974
20
-54.4658749999999969
11
33.5158750000000012
21
-53.9956490000000002
0
LINE
8
BLACK
6
CONTINUOUS
10
33.5158750000000012
20
-53.9956490000000002
11
33.5726489999999984
21
-53.9577129999999983
0
LINE
8
BLACK
6
CONTINUOUS
10
33.5726489999999984
20
-53.9577129999999983
11
33.6396179999999987
21
-53.9443920000000006
0
LINE
8
BLACK
6
CONTINUOUS
10
33.6396179999999987
20
-53.9443920000000006
11
33.7065879999999964
21
-53.9577129999999983
0
LINE
8
BLACK
6
CONTINUOUS
10
50.7800000000000011
20
-54.8799999999999955
11
50.2199999999999989
21
-54.8799999999999955
0
LINE
8
BLACK
6
CONTINUOUS
10
50.2199999999999989
20
-54.8799999999999955
11
50.2199999999999989
21
-54.7199999999999989
0
LINE
8
BLACK
6
CONTINUOUS
10
50.2199999999999989
20
-54.7199999999999989
11
50.7800000000000011
21
-54.7199999999999989
0
LINE
8
BLACK
6
CONTINUOUS
10
50.7800000000000011
20
-54.7199999999999989
11
50.7800000000000011
21
-54.8799999999999955
0
LINE
8
BLACK
6
CONTINUOUS
10
53.8599999999999994
20
-54.8799999999999955
11
53.2999999999999972
21
-54.8799999999999955
0
LINE
8
BLACK
6
CONTINUOUS
10
53.2999999999999972
20
-54.8799999999999955
11
53.2999999999999972
21
-54.7199999999999989
0
LINE
8
BLACK
6
CONTINUOUS
10
53.2999999999999972
20
-54.7199999999999989
11
53.8599999999999994
21
-54.7199999999999989
0
LINE
8
BLACK
6
CONTINUOUS
10
53.8599999999999994
20
-54.7199999999999989
11
53.8599999999999994
21
-54.8799999999999955
0
LINE
8
BLACK
6
CONTINUOUS
10
84.7000000000000028
20
-54.8799999999999955
11
84.1400000000000006
21
-54.8799999999999955
0
LINE
8
BLACK
6
CONTINUOUS
10
84.1400000000000006
20
-54.8799999999999955
11
84.1400000000000006
21
-54.7199999999999989
0
LINE
8
BLACK
6
CONTINUOUS
10
84.1400000000000006
20
-54.7199999999999989
11
84.7000000000000028
21
-54.7199999999999989
0
LINE
8
BLACK
6
CONTINUOUS
10
84.7000000000000028
20
-54.7199999999999989
11
84.7000000000000028
21
-54.8799999999999955
0
LINE
8
BLACK
6
CONTINUOUS
10
87.7800000000000011
20
-54.8799999999999955
11
87.2199999999999989
21
-54.8799999999999955
0
LINE
8
BLACK
6
CONTINUOUS
10
87.2199999999999989
20
-54.8799999999999955
11
87.2199999999999989
21
-54.7199999999999989
0
LINE
8
BLACK
6
CONTINUOUS
10
87.2199999999999989
20
-54.7199999999999989
11
87.7800000000000011
21
-54.7199999999999989
0
LINE
8
BLACK
6
CONTINUOUS
10
87.7800000000000011
20
-54.7199999999999989
11
87.7800000000000011
21
-54.8799999999999955
0
LINE
8
BLACK
6
CONTINUOUS
10
111.771772999999996
20
-53.7069890000000001
11
111.8228689999999972
21
-53.7411309999999958
0
LINE
8
BLACK
6
CONTINUOUS
10
111.8228689999999972
20
-53.7411309999999958
11
111.857011
21
-53.7922269999999969
0
LINE
8
BLACK
6
CONTINUOUS
10
111.857011
20
-53.7922269999999969
11
111.8689999999999998
21
-53.8524999999999991
0
LINE
8
BLACK
6
CONTINUOUS
10
111.8689999999999998
20
-53.8524999999999991
11
111.8689999999999998
21
-54.447499999999998
0
LINE
8
BLACK
6
CONTINUOUS
10
111.8689999999999998
20
-54.447499999999998
11
111.857011
21
-54.5077730000000003
0
LINE
8
BLACK
6
CONTINUOUS
10
111.857011
20
-54.5077730000000003
11
111.8228689999999972
21
-54.5588689999999943
0
LINE
8
BLACK
6
CONTINUOUS
10
111.8228689999999972
20
-54.5588689999999943
11
111.771772999999996
21
-54.5930109999999971
0
LINE
8
BLACK
6
CONTINUOUS
10
111.771772999999996
20
-54.5930109999999971
11
111.7115000000000009
21
-54.6049999999999969
0
LINE
8
BLACK
6
CONTINUOUS
10
111.7115000000000009
20
-54.6049999999999969
11
111.396499999999989
21
-54.6049999999999969
0
LINE
8
BLACK
6
CONTINUOUS
10
111.396499999999989
20
-54.6049999999999969
11
111.3362269999999938
21
-54.5930109999999971
0
LINE
8
BLACK
6
CONTINUOUS
10
111.3362269999999938
20
-54.5930109999999971
11
111.2851309999999927
21
-54.5588689999999943
0
LINE
8
BLACK
6
CONTINUOUS
10
111.2851309999999927
20
-54.5588689999999943
11
111.2509889999999899
21
-54.5077730000000003
0
LINE
8
BLACK
6
CONTINUOUS
10
111.2509889999999899
20
-54.5077730000000003
11
111.2389999999999901
21
-54.447499999999998
0
LINE
8
BLACK
6
CONTINUOUS
10
111.2389999999999901
20
-54.447499999999998
11
111.2389999999999901
21
-53.8524999999999991
0
LINE
8
BLACK
6
CONTINUOUS
10
111.2389999999999901
20
-53.8524999999999991
11
111.2509889999999899
21
-53.7922269999999969
0
LINE
8
BLACK
6
CONTINUOUS
10
111.2509889999999899
20
-53.7922269999999969
11
111.2851309999999927
21
-53.7411309999999958
0
LINE
8
BLACK
6
CONTINUOUS
10
111.2851309999999927
20
-53.7411309999999958
11
111.3362269999999938
21
-53.7069890000000001
0
LINE
8
BLACK
6
CONTINUOUS
10
111.3362269999999938
20
-53.7069890000000001
11
111.396499999999989
21
-53.6950000000000003
0
LINE
8
BLACK
6
CONTINUOUS
10
111.396499999999989
20
-53.6950000000000003
11
111.7115000000000009
21
-53.6950000000000003
0
LINE
8
BLACK
6
CONTINUOUS
10
111.7115000000000009
20
-53.6950000000000003
11
111.771772999999996
21
-53.7069890000000001
0
LINE
8
BLACK
6
CONTINUOUS
10
93.3651819999999901
20
-53.5204929999999948
11
93.3992459999999909
21
-53.5432539999999975
0
LINE
8
BLACK
6
CONTINUOUS
10
93.3992459999999909
20
-53.5432539999999975
11
93.4220069999999936
21
-53.5773179999999982
0
LINE
8
BLACK
6
CONTINUOUS
10
93.4220069999999936
20
-53.5773179999999982
11
93.4299999999999926
21
-53.6174999999999997
0
LINE
8
BLACK
6
CONTINUOUS
10
93.4299999999999926
20
-53.6174999999999997
11
93.4299999999999926
21
-54.4924999999999997
0
LINE
8
BLACK
6
CONTINUOUS
10
93.4299999999999926
20
-54.4924999999999997
11
93.4220069999999936
21
-54.5326819999999941
0
LINE
8
BLACK
6
CONTINUOUS
10
93.4220069999999936
20
-54.5326819999999941
11
93.3992459999999909
21
-54.5667459999999949
0
LINE
8
BLACK
6
CONTINUOUS
10
93.3992459999999909
20
-54.5667459999999949
11
93.3651819999999901
21
-54.5895069999999976
0
LINE
8
BLACK
6
CONTINUOUS
10
93.3651819999999901
20
-54.5895069999999976
11
93.3250000000000028
21
-54.5974999999999966
0
LINE
8
BLACK
6
CONTINUOUS
10
93.3250000000000028
20
-54.5974999999999966
11
93.1149999999999949
21
-54.5974999999999966
0
LINE
8
BLACK
6
CONTINUOUS
10
93.1149999999999949
20
-54.5974999999999966
11
93.0748179999999934
21
-54.5895069999999976
0
LINE
8
BLACK
6
CONTINUOUS
10
93.0748179999999934
20
-54.5895069999999976
11
93.0407539999999926
21
-54.5667459999999949
0
LINE
8
BLACK
6
CONTINUOUS
10
93.0407539999999926
20
-54.5667459999999949
11
93.0179929999999899
21
-54.5326819999999941
0
LINE
8
BLACK
6
CONTINUOUS
10
93.0179929999999899
20
-54.5326819999999941
11
93.0099999999999909
21
-54.4924999999999997
0
LINE
8
BLACK
6
CONTINUOUS
10
93.0099999999999909
20
-54.4924999999999997
11
93.0099999999999909
21
-53.6174999999999997
0
LINE
8
BLACK
6
CONTINUOUS
10
93.0099999999999909
20
-53.6174999999999997
11
93.0179929999999899
21
-53.5773179999999982
0
LINE
8
BLACK
6
CONTINUOUS
10
93.0179929999999899
20
-53.5773179999999982
11
93.0407539999999926
21
-53.5432539999999975
0
LINE
8
BLACK
6
CONTINUOUS
10
93.0407539999999926
20
-53.5432539999999975
11
93.0748179999999934
21
-53.5204929999999948
0
LINE
8
BLACK
6
CONTINUOUS
10
93.0748179999999934
20
-53.5204929999999948
11
93.1149999999999949
21
-53.5124999999999957
0
LINE
8
BLACK
6
CONTINUOUS
10
93.1149999999999949
20
-53.5124999999999957
11
93.3250000000000028
21
-53.5124999999999957
0
LINE
8
BLACK
6
CONTINUOUS
10
93.3250000000000028
20
-53.5124999999999957
11
93.3651819999999901
21
-53.5204929999999948
0
LINE
8
BLACK
6
CONTINUOUS
10
94.3651819999999901
20
-53.5204929999999948
11
94.3992459999999909
21
-53.5432539999999975
0
LINE
8
BLACK
6
CONTINUOUS
10
94.3992459999999909
20
-53.5432539999999975
11
94.4220069999999936
21
-53.5773179999999982
0
LINE
8
BLACK
6
CONTINUOUS
10
94.4220069999999936
20
-53.5773179999999982
11
94.4299999999999926
21
-53.6174999999999997
0
LINE
8
BLACK
6
CONTINUOUS
10
94.4299999999999926
20
-53.6174999999999997
11
94.4299999999999926
21
-54.4924999999999997
0
LINE
8
BLACK
6
CONTINUOUS
10
94.4299999999999926
20
-54.4924999999999997
11
94.4220069999999936
21
-54.5326819999999941
0
LINE
8
BLACK
6
CONTINUOUS
10
94.4220069999999936
20
-54.5326819999999941
11
94.3992459999999909
21
-54.5667459999999949
0
LINE
8
BLACK
6
CONTINUOUS
10
94.3992459999999909
20
-54.5667459999999949
11
94.3651819999999901
21
-54.5895069999999976
0
LINE
8
BLACK
6
CONTINUOUS
10
94.3651819999999901
20
-54.5895069999999976
11
94.3249999999999886
21
-54.5974999999999966
0
LINE
8
BLACK
6
CONTINUOUS
10
94.3249999999999886
20
-54.5974999999999966
11
94.1149999999999949
21
-54.5974999999999966
0
LINE
8
BLACK
6
CONTINUOUS
10
94.1149999999999949
20
-54.5974999999999966
11
94.0748179999999934
21
-54.5895069999999976
0
LINE
8
BLACK
6
CONTINUOUS
10
94.0748179999999934
20
-54.5895069999999976
11
94.0407539999999926
21
-54.5667459999999949
0
LINE
8
BLACK
6
CONTINUOUS
10
94.0407539999999926
20
-54.5667459999999949
11
94.0179929999999899
21
-54.5326819999999941
0
LINE
8
BLACK
6
CONTINUOUS
10
94.0179929999999899
20
-54.5326819999999941
11
94.0099999999999909
21
-54.4924999999999997
0
LINE
8
BLACK
6
CONTINUOUS
10
94.0099999999999909
20
-54.4924999999999997
11
94.0099999999999909
21
-53.6174999999999997
0
LINE
8
BLACK
6
CONTINUOUS
10
94.0099999999999909
20
-53.6174999999999997
11
94.0179929999999899
21
-53.5773179999999982
0
LINE
8
BLACK
6
CONTINUOUS
10
94.0179929999999899
20
-53.5773179999999982
11
94.0407539999999926
21
-53.5432539999999975
0
LINE
8
BLACK
6
CONTINUOUS
10
94.0407539999999926
20
-53.5432539999999975
11
94.0748179999999934
21
-53.5204929999999948
0
LINE
8
BLACK
6
CONTINUOUS
10
94.0748179999999934
20
-53.5204929999999948
11
94.1149999999999949
21
-53.5124999999999957
0
LINE
8
BLACK
6
CONTINUOUS
10
94.1149999999999949
20
-53.5124999999999957
11
94.3249999999999886
21
-53.5124999999999957
0
LINE
8
BLACK
6
CONTINUOUS
10
94.3249999999999886
20
-53.5124999999999957
11
94.3651819999999901
21
-53.5204929999999948
0
LINE
8
BLACK
6
CONTINUOUS
10
95.3651819999999901
20
-53.5204929999999948
11
95.3992459999999909
21
-53.5432539999999975
0
LINE
8
BLACK
6
CONTINUOUS
10
95.3992459999999909
20
-53.5432539999999975
11
95.4220069999999936
21
-53.5773179999999982
0
LINE
8
BLACK
6
CONTINUOUS
10
95.4220069999999936
20
-53.5773179999999982
11
95.4299999999999926
21
-53.6174999999999997
0
LINE
8
BLACK
6
CONTINUOUS
10
95.4299999999999926
20
-53.6174999999999997
11
95.4299999999999926
21
-54.4924999999999997
0
LINE
8
BLACK
6
CONTINUOUS
10
95.4299999999999926
20
-54.4924999999999997
11
95.4220069999999936
21
-54.5326819999999941
0
LINE
8
BLACK
6
CONTINUOUS
10
95.4220069999999936
20
-54.5326819999999941
11
95.3992459999999909
21
-54.5667459999999949
0
LINE
8
BLACK
6
CONTINUOUS
10
95.3992459999999909
20
-54.5667459999999949
11
95.3651819999999901
21
-54.5895069999999976
0
LINE
8
BLACK
6
CONTINUOUS
10
95.3651819999999901
20
-54.5895069999999976
11
95.3249999999999886
21
-54.5974999999999966
0
LINE
8
BLACK
6
CONTINUOUS
10
95.3249999999999886
20
-54.5974999999999966
11
95.1149999999999949
21
-54.5974999999999966
0
LINE
8
BLACK
6
CONTINUOUS
10
95.1149999999999949
20
-54.5974999999999966
11
95.0748179999999934
21
-54.5895069999999976
0
LINE
8
BLACK
6
CONTINUOUS
10
95.0748179999999934
20
-54.5895069999999976
11
95.0407539999999926
21
-54.5667459999999949
0
LINE
8
BLACK
6
CONTINUOUS
10
95.0407539999999926
20
-54.5667459999999949
11
95.0179929999999899
21
-54.5326819999999941
0
LINE
8
BLACK
6
CONTINUOUS
10
95.0179929999999899
20
-54.5326819999999941
11
95.0099999999999909
21
-54.4924999999999997
0
LINE
8
BLACK
6
CONTINUOUS
10
95.0099999999999909
20
-54.4924999999999997
11
95.0099999999999909
21
-53.6174999999999997
0
LINE
8
BLACK
6
CONTINUOUS
10
95.0099999999999909
20
-53.6174999999999997
11
95.0179929999999899
21
-53.5773179999999982
0
LINE
8
BLACK
6
CONTINUOUS
10
95.0179929999999899
20
-53.5773179999999982
11
95.0407539999999926
21
-53.5432539999999975
0
LINE
8
BLACK
6
CONTINUOUS
10
95.0407539999999926
20
-53.5432539999999975
11
95.0748179999999934
21
-53.5204929999999948
0
LINE
8
BLACK
6
CONTINUOUS
10
95.0748179999999934
20
-53.5204929999999948
11
95.1149999999999949
21
-53.5124999999999957
0
LINE
8
BLACK
6
CONTINUOUS
10
95.1149999999999949
20
-53.5124999999999957
11
95.3249999999999886
21
-53.5124999999999957
0
LINE
8
BLACK
6
CONTINUOUS
10
95.3249999999999886
20
-53.5124999999999957
11
95.3651819999999901
21
-53.5204929999999948
0
LINE
8
BLACK
6
CONTINUOUS
10
30.3145419999999994
20
-53.440415999999999
11
30.3713160000000002
21
-53.478352000000001
0
LINE
8
BLACK
6
CONTINUOUS
10
30.3713160000000002
20
-53.478352000000001
11
30.6311779999999985
21
-53.7382139999999993
0
LINE
8
BLACK
6
CONTINUOUS
10
30.6311779999999985
20
-53.7382139999999993
11
30.6691139999999969
21
-53.7949879999999965
0
LINE
8
BLACK
6
CONTINUOUS
10
30.6691139999999969
20
-53.7949879999999965
11
30.6824349999999981
21
-53.8619569999999968
0
LINE
8
BLACK
6
CONTINUOUS
10
30.6824349999999981
20
-53.8619569999999968
11
30.6691139999999969
21
-53.9289269999999945
0
LINE
8
BLACK
6
CONTINUOUS
10
30.6691139999999969
20
-53.9289269999999945
11
30.6311779999999985
21
-53.9857009999999988
0
LINE
8
BLACK
6
CONTINUOUS
10
30.6311779999999985
20
-53.9857009999999988
11
30.1857009999999981
21
-54.4311779999999956
0
LINE
8
BLACK
6
CONTINUOUS
10
30.1857009999999981
20
-54.4311779999999956
11
30.1289269999999973
21
-54.4691139999999976
0
LINE
8
BLACK
6
CONTINUOUS
10
30.1289269999999973
20
-54.4691139999999976
11
30.0619569999999996
21
-54.4824349999999953
0
LINE
8
BLACK
6
CONTINUOUS
10
30.0619569999999996
20
-54.4824349999999953
11
29.9949879999999993
21
-54.4691139999999976
0
LINE
8
BLACK
6
CONTINUOUS
10
29.9949879999999993
20
-54.4691139999999976
11
29.9382139999999985
21
-54.4311779999999956
0
LINE
8
BLACK
6
CONTINUOUS
10
29.9382139999999985
20
-54.4311779999999956
11
29.6783520000000003
21
-54.1713159999999974
0
LINE
8
BLACK
6
CONTINUOUS
10
29.6783520000000003
20
-54.1713159999999974
11
29.6404159999999983
21
-54.1145420000000001
0
LINE
8
BLACK
6
CONTINUOUS
10
29.6404159999999983
20
-54.1145420000000001
11
29.6270949999999971
21
-54.0475729999999999
0
LINE
8
BLACK
6
CONTINUOUS
10
29.6270949999999971
20
-54.0475729999999999
11
29.6404159999999983
21
-53.980602999999995
0
LINE
8
BLACK
6
CONTINUOUS
10
29.6404159999999983
20
-53.980602999999995
11
29.6783520000000003
21
-53.9238289999999978
0
LINE
8
BLACK
6
CONTINUOUS
10
29.6783520000000003
20
-53.9238289999999978
11
30.1238289999999971
21
-53.478352000000001
0
LINE
8
BLACK
6
CONTINUOUS
10
30.1238289999999971
20
-53.478352000000001
11
30.1806029999999978
21
-53.440415999999999
0
LINE
8
BLACK
6
CONTINUOUS
10
30.1806029999999978
20
-53.440415999999999
11
30.2475729999999992
21
-53.4270949999999942
0
LINE
8
BLACK
6
CONTINUOUS
10
30.2475729999999992
20
-53.4270949999999942
11
30.3145419999999994
21
-53.440415999999999
0
LINE
8
BLACK
6
CONTINUOUS
10
50.7800000000000011
20
-54.4799999999999969
11
50.2199999999999989
21
-54.4799999999999969
0
LINE
8
BLACK
6
CONTINUOUS
10
50.2199999999999989
20
-54.4799999999999969
11
50.2199999999999989
21
-54.3200000000000003
0
LINE
8
BLACK
6
CONTINUOUS
10
50.2199999999999989
20
-54.3200000000000003
11
50.7800000000000011
21
-54.3200000000000003
0
LINE
8
BLACK
6
CONTINUOUS
10
50.7800000000000011
20
-54.3200000000000003
11
50.7800000000000011
21
-54.4799999999999969
0
LINE
8
BLACK
6
CONTINUOUS
10
53.8599999999999994
20
-54.4799999999999969
11
53.2999999999999972
21
-54.4799999999999969
0
LINE
8
BLACK
6
CONTINUOUS
10
53.2999999999999972
20
-54.4799999999999969
11
53.2999999999999972
21
-54.3200000000000003
0
LINE
8
BLACK
6
CONTINUOUS
10
53.2999999999999972
20
-54.3200000000000003
11
53.8599999999999994
21
-54.3200000000000003
0
LINE
8
BLACK
6
CONTINUOUS
10
53.8599999999999994
20
-54.3200000000000003
11
53.8599999999999994
21
-54.4799999999999969
0
LINE
8
BLACK
6
CONTINUOUS
10
84.7000000000000028
20
-54.4799999999999969
11
84.1400000000000006
21
-54.4799999999999969
0
LINE
8
BLACK
6
CONTINUOUS
10
84.1400000000000006
20
-54.4799999999999969
11
84.1400000000000006
21
-54.3200000000000003
0
LINE
8
BLACK
6
CONTINUOUS
10
84.1400000000000006
20
-54.3200000000000003
11
84.7000000000000028
21
-54.3200000000000003
0
LINE
8
BLACK
6
CONTINUOUS
10
84.7000000000000028
20
-54.3200000000000003
11
84.7000000000000028
21
-54.4799999999999969
0
LINE
8
BLACK
6
CONTINUOUS
10
87.7800000000000011
20
-54.4799999999999969
11
87.2199999999999989
21
-54.4799999999999969
0
LINE
8
BLACK
6
CONTINUOUS
10
87.2199999999999989
20
-54.4799999999999969
11
87.2199999999999989
21
-54.3200000000000003
0
LINE
8
BLACK
6
CONTINUOUS
10
87.2199999999999989
20
-54.3200000000000003
11
87.7800000000000011
21
-54.3200000000000003
0
LINE
8
BLACK
6
CONTINUOUS
10
87.7800000000000011
20
-54.3200000000000003
11
87.7800000000000011
21
-54.4799999999999969
0
LINE
8
BLACK
6
CONTINUOUS
10
24.5898599999999981
20
-53.9111589999999978
11
24.6267630000000004
21
-53.9358170000000001
0
LINE
8
BLACK
6
CONTINUOUS
10
24.6267630000000004
20
-53.9358170000000001
11
24.6514209999999991
21
-53.9727199999999954
0
LINE
8
BLACK
6
CONTINUOUS
10
24.6514209999999991
20
-53.9727199999999954
11
24.6600799999999971
21
-54.0162499999999994
0
LINE
8
BLACK
6
CONTINUOUS
10
24.6600799999999971
20
-54.0162499999999994
11
24.6600799999999971
21
-54.2437499999999986
0
LINE
8
BLACK
6
CONTINUOUS
10
24.6600799999999971
20
-54.2437499999999986
11
24.6514209999999991
21
-54.2872799999999955
0
LINE
8
BLACK
6
CONTINUOUS
10
24.6514209999999991
20
-54.2872799999999955
11
24.6267630000000004
21
-54.3241829999999979
0
LINE
8
BLACK
6
CONTINUOUS
10
24.6267630000000004
20
-54.3241829999999979
11
24.5898599999999981
21
-54.3488410000000002
0
LINE
8
BLACK
6
CONTINUOUS
10
24.5898599999999981
20
-54.3488410000000002
11
24.5463299999999975
21
-54.3574999999999946
0
LINE
8
BLACK
6
CONTINUOUS
10
24.5463299999999975
20
-54.3574999999999946
11
23.4438299999999984
21
-54.3574999999999946
0
LINE
8
BLACK
6
CONTINUOUS
10
23.4438299999999984
20
-54.3574999999999946
11
23.4002999999999979
21
-54.3488410000000002
0
LINE
8
BLACK
6
CONTINUOUS
10
23.4002999999999979
20
-54.3488410000000002
11
23.3633969999999991
21
-54.3241829999999979
0
LINE
8
BLACK
6
CONTINUOUS
10
23.3633969999999991
20
-54.3241829999999979
11
23.3387390000000003
21
-54.2872799999999955
0
LINE
8
BLACK
6
CONTINUOUS
10
23.3387390000000003
20
-54.2872799999999955
11
23.3300799999999988
21
-54.2437499999999986
0
LINE
8
BLACK
6
CONTINUOUS
10
23.3300799999999988
20
-54.2437499999999986
11
23.3300799999999988
21
-54.0162499999999994
0
LINE
8
BLACK
6
CONTINUOUS
10
23.3300799999999988
20
-54.0162499999999994
11
23.3387390000000003
21
-53.9727199999999954
0
LINE
8
BLACK
6
CONTINUOUS
10
23.3387390000000003
20
-53.9727199999999954
11
23.3633969999999991
21
-53.9358170000000001
0
LINE
8
BLACK
6
CONTINUOUS
10
23.3633969999999991
20
-53.9358170000000001
11
23.4002999999999979
21
-53.9111589999999978
0
LINE
8
BLACK
6
CONTINUOUS
10
23.4002999999999979
20
-53.9111589999999978
11
23.4438299999999984
21
-53.9024999999999963
0
LINE
8
BLACK
6
CONTINUOUS
10
23.4438299999999984
20
-53.9024999999999963
11
24.5463299999999975
21
-53.9024999999999963
0
LINE
8
BLACK
6
CONTINUOUS
10
24.5463299999999975
20
-53.9024999999999963
11
24.5898599999999981
21
-53.9111589999999978
0
LINE
8
BLACK
6
CONTINUOUS
10
39.7273509999999987
20
-53.1577130000000011
11
39.784124999999996
21
-53.195648999999996
0
LINE
8
BLACK
6
CONTINUOUS
10
39.784124999999996
20
-53.195648999999996
11
40.2543509999999998
21
-53.6658749999999998
0
LINE
8
BLACK
6
CONTINUOUS
10
40.2543509999999998
20
-53.6658749999999998
11
40.2922869999999946
21
-53.722648999999997
0
LINE
8
BLACK
6
CONTINUOUS
10
40.2922869999999946
20
-53.722648999999997
11
40.3056079999999994
21
-53.7896179999999973
0
LINE
8
BLACK
6
CONTINUOUS
10
40.3056079999999994
20
-53.7896179999999973
11
40.2922869999999946
21
-53.856587999999995
0
LINE
8
BLACK
6
CONTINUOUS
10
40.2922869999999946
20
-53.856587999999995
11
40.2543509999999998
21
-53.9133619999999993
0
LINE
8
BLACK
6
CONTINUOUS
10
40.2543509999999998
20
-53.9133619999999993
11
40.0068640000000002
21
-54.1608489999999989
0
LINE
8
BLACK
6
CONTINUOUS
10
40.0068640000000002
20
-54.1608489999999989
11
39.9500899999999959
21
-54.1987850000000009
0
LINE
8
BLACK
6
CONTINUOUS
10
39.9500899999999959
20
-54.1987850000000009
11
39.8831199999999981
21
-54.2121059999999986
0
LINE
8
BLACK
6
CONTINUOUS
10
39.8831199999999981
20
-54.2121059999999986
11
39.8161509999999979
21
-54.1987850000000009
0
LINE
8
BLACK
6
CONTINUOUS
10
39.8161509999999979
20
-54.1987850000000009
11
39.7593770000000006
21
-54.1608489999999989
0
LINE
8
BLACK
6
CONTINUOUS
10
39.7593770000000006
20
-54.1608489999999989
11
39.2891509999999968
21
-53.6906229999999951
0
LINE
8
BLACK
6
CONTINUOUS
10
39.2891509999999968
20
-53.6906229999999951
11
39.2512149999999949
21
-53.6338489999999979
0
LINE
8
BLACK
6
CONTINUOUS
10
39.2512149999999949
20
-53.6338489999999979
11
39.2378939999999972
21
-53.5668799999999976
0
LINE
8
BLACK
6
CONTINUOUS
10
39.2378939999999972
20
-53.5668799999999976
11
39.2512149999999949
21
-53.4999099999999999
0
LINE
8
BLACK
6
CONTINUOUS
10
39.2512149999999949
20
-53.4999099999999999
11
39.2891509999999968
21
-53.4431359999999955
0
LINE
8
BLACK
6
CONTINUOUS
10
39.2891509999999968
20
-53.4431359999999955
11
39.5366379999999964
21
-53.195648999999996
0
LINE
8
BLACK
6
CONTINUOUS
10
39.5366379999999964
20
-53.195648999999996
11
39.5934120000000007
21
-53.1577130000000011
0
LINE
8
BLACK
6
CONTINUOUS
10
39.5934120000000007
20
-53.1577130000000011
11
39.6603819999999985
21
-53.1443919999999963
0
LINE
8
BLACK
6
CONTINUOUS
10
39.6603819999999985
20
-53.1443919999999963
11
39.7273509999999987
21
-53.1577130000000011
0
LINE
8
BLACK
6
CONTINUOUS
10
50.7800000000000011
20
-54.0799999999999983
11
50.2199999999999989
21
-54.0799999999999983
0
LINE
8
BLACK
6
CONTINUOUS
10
50.2199999999999989
20
-54.0799999999999983
11
50.2199999999999989
21
-53.9199999999999946
0
LINE
8
BLACK
6
CONTINUOUS
10
50.2199999999999989
20
-53.9199999999999946
11
50.7800000000000011
21
-53.9199999999999946
0
LINE
8
BLACK
6
CONTINUOUS
10
50.7800000000000011
20
-53.9199999999999946
11
50.7800000000000011
21
-54.0799999999999983
0
LINE
8
BLACK
6
CONTINUOUS
10
53.8599999999999994
20
-54.0799999999999983
11
53.2999999999999972
21
-54.0799999999999983
0
LINE
8
BLACK
6
CONTINUOUS
10
53.2999999999999972
20
-54.0799999999999983
11
53.2999999999999972
21
-53.9199999999999946
0
LINE
8
BLACK
6
CONTINUOUS
10
53.2999999999999972
20
-53.9199999999999946
11
53.8599999999999994
21
-53.9199999999999946
0
LINE
8
BLACK
6
CONTINUOUS
10
53.8599999999999994
20
-53.9199999999999946
11
53.8599999999999994
21
-54.0799999999999983
0
LINE
8
BLACK
6
CONTINUOUS
10
84.7000000000000028
20
-54.0799999999999983
11
84.1400000000000006
21
-54.0799999999999983
0
LINE
8
BLACK
6
CONTINUOUS
10
84.1400000000000006
20
-54.0799999999999983
11
84.1400000000000006
21
-53.9199999999999946
0
LINE
8
BLACK
6
CONTINUOUS
10
84.1400000000000006
20
-53.9199999999999946
11
84.7000000000000028
21
-53.9199999999999946
0
LINE
8
BLACK
6
CONTINUOUS
10
84.7000000000000028
20
-53.9199999999999946
11
84.7000000000000028
21
-54.0799999999999983
0
LINE
8
BLACK
6
CONTINUOUS
10
87.7800000000000011
20
-54.0799999999999983
11
87.2199999999999989
21
-54.0799999999999983
0
LINE
8
BLACK
6
CONTINUOUS
10
87.2199999999999989
20
-54.0799999999999983
11
87.2199999999999989
21
-53.9199999999999946
0
LINE
8
BLACK
6
CONTINUOUS
10
87.2199999999999989
20
-53.9199999999999946
11
87.7800000000000011
21
-53.9199999999999946
0
LINE
8
BLACK
6
CONTINUOUS
10
87.7800000000000011
20
-53.9199999999999946
11
87.7800000000000011
21
-54.0799999999999983
0
LINE
8
BLACK
6
CONTINUOUS
10
35.2645419999999987
20
-52.7904160000000005
11
35.3213159999999959
21
-52.8283519999999953
0
LINE
8
BLACK
6
CONTINUOUS
10
35.3213159999999959
20
-52.8283519999999953
11
35.5811780000000013
21
-53.0882140000000007
0
LINE
8
BLACK
6
CONTINUOUS
10
35.5811780000000013
20
-53.0882140000000007
11
35.6191139999999962
21
-53.1449879999999979
0
LINE
8
BLACK
6
CONTINUOUS
10
35.6191139999999962
20
-53.1449879999999979
11
35.632435000000001
21
-53.2119569999999982
0
LINE
8
BLACK
6
CONTINUOUS
10
35.632435000000001
20
-53.2119569999999982
11
35.6191139999999962
21
-53.2789269999999959
0
LINE
8
BLACK
6
CONTINUOUS
10
35.6191139999999962
20
-53.2789269999999959
11
35.5811780000000013
21
-53.3357010000000002
0
LINE
8
BLACK
6
CONTINUOUS
10
35.5811780000000013
20
-53.3357010000000002
11
35.1357009999999974
21
-53.781177999999997
0
LINE
8
BLACK
6
CONTINUOUS
10
35.1357009999999974
20
-53.781177999999997
11
35.0789270000000002
21
-53.819113999999999
0
LINE
8
BLACK
6
CONTINUOUS
10
35.0789270000000002
20
-53.819113999999999
11
35.0119569999999953
21
-53.8324349999999967
0
LINE
8
BLACK
6
CONTINUOUS
10
35.0119569999999953
20
-53.8324349999999967
11
34.9449879999999951
21
-53.819113999999999
0
LINE
8
BLACK
6
CONTINUOUS
10
34.9449879999999951
20
-53.819113999999999
11
34.8882139999999978
21
-53.781177999999997
0
LINE
8
BLACK
6
CONTINUOUS
10
34.8882139999999978
20
-53.781177999999997
11
34.6283519999999996
21
-53.5213159999999988
0
LINE
8
BLACK
6
CONTINUOUS
10
34.6283519999999996
20
-53.5213159999999988
11
34.5904159999999976
21
-53.4645419999999945
0
LINE
8
BLACK
6
CONTINUOUS
10
34.5904159999999976
20
-53.4645419999999945
11
34.5770949999999999
21
-53.3975729999999942
0
LINE
8
BLACK
6
CONTINUOUS
10
34.5770949999999999
20
-53.3975729999999942
11
34.5904159999999976
21
-53.3306029999999964
0
LINE
8
BLACK
6
CONTINUOUS
10
34.5904159999999976
20
-53.3306029999999964
11
34.6283519999999996
21
-53.2738289999999992
0
LINE
8
BLACK
6
CONTINUOUS
10
34.6283519999999996
20
-53.2738289999999992
11
35.0738289999999964
21
-52.8283519999999953
0
LINE
8
BLACK
6
CONTINUOUS
10
35.0738289999999964
20
-52.8283519999999953
11
35.1306030000000007
21
-52.7904160000000005
0
LINE
8
BLACK
6
CONTINUOUS
10
35.1306030000000007
20
-52.7904160000000005
11
35.1975729999999984
21
-52.7770949999999957
0
LINE
8
BLACK
6
CONTINUOUS
10
35.1975729999999984
20
-52.7770949999999957
11
35.2645419999999987
21
-52.7904160000000005
0
LINE
8
BLACK
6
CONTINUOUS
10
50.7800000000000011
20
-53.6799999999999997
11
50.2199999999999989
21
-53.6799999999999997
0
LINE
8
BLACK
6
CONTINUOUS
10
50.2199999999999989
20
-53.6799999999999997
11
50.2199999999999989
21
-53.519999999999996
0
LINE
8
BLACK
6
CONTINUOUS
10
50.2199999999999989
20
-53.519999999999996
11
50.7800000000000011
21
-53.519999999999996
0
LINE
8
BLACK
6
CONTINUOUS
10
50.7800000000000011
20
-53.519999999999996
11
50.7800000000000011
21
-53.6799999999999997
0
LINE
8
BLACK
6
CONTINUOUS
10
53.8599999999999994
20
-53.6799999999999997
11
53.2999999999999972
21
-53.6799999999999997
0
LINE
8
BLACK
6
CONTINUOUS
10
53.2999999999999972
20
-53.6799999999999997
11
53.2999999999999972
21
-53.519999999999996
0
LINE
8
BLACK
6
CONTINUOUS
10
53.2999999999999972
20
-53.519999999999996
11
53.8599999999999994
21
-53.519999999999996
0
LINE
8
BLACK
6
CONTINUOUS
10
53.8599999999999994
20
-53.519999999999996
11
53.8599999999999994
21
-53.6799999999999997
0
LINE
8
BLACK
6
CONTINUOUS
10
84.7000000000000028
20
-53.6799999999999997
11
84.1400000000000006
21
-53.6799999999999997
0
LINE
8
BLACK
6
CONTINUOUS
10
84.1400000000000006
20
-53.6799999999999997
11
84.1400000000000006
21
-53.519999999999996
0
LINE
8
BLACK
6
CONTINUOUS
10
84.1400000000000006
20
-53.519999999999996
11
84.7000000000000028
21
-53.519999999999996
0
LINE
8
BLACK
6
CONTINUOUS
10
84.7000000000000028
20
-53.519999999999996
11
84.7000000000000028
21
-53.6799999999999997
0
LINE
8
BLACK
6
CONTINUOUS
10
87.7800000000000011
20
-53.6799999999999997
11
87.2199999999999989
21
-53.6799999999999997
0
LINE
8
BLACK
6
CONTINUOUS
10
87.2199999999999989
20
-53.6799999999999997
11
87.2199999999999989
21
-53.519999999999996
0
LINE
8
BLACK
6
CONTINUOUS
10
87.2199999999999989
20
-53.519999999999996
11
87.7800000000000011
21
-53.519999999999996
0
LINE
8
BLACK
6
CONTINUOUS
10
87.7800000000000011
20
-53.519999999999996
11
87.7800000000000011
21
-53.6799999999999997
0
LINE
8
BLACK
6
CONTINUOUS
10
50.7800000000000011
20
-53.2800000000000011
11
50.2199999999999989
21
-53.2800000000000011
0
LINE
8
BLACK
6
CONTINUOUS
10
50.2199999999999989
20
-53.2800000000000011
11
50.2199999999999989
21
-53.1199999999999974
0
LINE
8
BLACK
6
CONTINUOUS
10
50.2199999999999989
20
-53.1199999999999974
11
50.7800000000000011
21
-53.1199999999999974
0
LINE
8
BLACK
6
CONTINUOUS
10
50.7800000000000011
20
-53.1199999999999974
11
50.7800000000000011
21
-53.2800000000000011
0
LINE
8
BLACK
6
CONTINUOUS
10
53.8599999999999994
20
-53.2800000000000011
11
53.2999999999999972
21
-53.2800000000000011
0
LINE
8
BLACK
6
CONTINUOUS
10
53.2999999999999972
20
-53.2800000000000011
11
53.2999999999999972
21
-53.1199999999999974
0
LINE
8
BLACK
6
CONTINUOUS
10
53.2999999999999972
20
-53.1199999999999974
11
53.8599999999999994
21
-53.1199999999999974
0
LINE
8
BLACK
6
CONTINUOUS
10
53.8599999999999994
20
-53.1199999999999974
11
53.8599999999999994
21
-53.2800000000000011
0
LINE
8
BLACK
6
CONTINUOUS
10
84.7000000000000028
20
-53.2800000000000011
11
84.1400000000000006
21
-53.2800000000000011
0
LINE
8
BLACK
6
CONTINUOUS
10
84.1400000000000006
20
-53.2800000000000011
11
84.1400000000000006
21
-53.1199999999999974
0
LINE
8
BLACK
6
CONTINUOUS
10
84.1400000000000006
20
-53.1199999999999974
11
84.7000000000000028
21
-53.1199999999999974
0
LINE
8
BLACK
6
CONTINUOUS
10
84.7000000000000028
20
-53.1199999999999974
11
84.7000000000000028
21
-53.2800000000000011
0
LINE
8
BLACK
6
CONTINUOUS
10
87.7800000000000011
20
-53.2800000000000011
11
87.2199999999999989
21
-53.2800000000000011
0
LINE
8
BLACK
6
CONTINUOUS
10
87.2199999999999989
20
-53.2800000000000011
11
87.2199999999999989
21
-53.1199999999999974
0
LINE
8
BLACK
6
CONTINUOUS
10
87.2199999999999989
20
-53.1199999999999974
11
87.7800000000000011
21
-53.1199999999999974
0
LINE
8
BLACK
6
CONTINUOUS
10
87.7800000000000011
20
-53.1199999999999974
11
87.7800000000000011
21
-53.2800000000000011
0
LINE
8
BLACK
6
CONTINUOUS
10
50.7800000000000011
20
-52.8799999999999955
11
50.2199999999999989
21
-52.8799999999999955
0
LINE
8
BLACK
6
CONTINUOUS
10
50.2199999999999989
20
-52.8799999999999955
11
50.2199999999999989
21
-52.7199999999999989
0
LINE
8
BLACK
6
CONTINUOUS
10
50.2199999999999989
20
-52.7199999999999989
11
50.7800000000000011
21
-52.7199999999999989
0
LINE
8
BLACK
6
CONTINUOUS
10
50.7800000000000011
20
-52.7199999999999989
11
50.7800000000000011
21
-52.8799999999999955
0
LINE
8
BLACK
6
CONTINUOUS
10
53.8599999999999994
20
-52.8799999999999955
11
53.2999999999999972
21
-52.8799999999999955
0
LINE
8
BLACK
6
CONTINUOUS
10
53.2999999999999972
20
-52.8799999999999955
11
53.2999999999999972
21
-52.7199999999999989
0
LINE
8
BLACK
6
CONTINUOUS
10
53.2999999999999972
20
-52.7199999999999989
11
53.8599999999999994
21
-52.7199999999999989
0
LINE
8
BLACK
6
CONTINUOUS
10
53.8599999999999994
20
-52.7199999999999989
11
53.8599999999999994
21
-52.8799999999999955
0
LINE
8
BLACK
6
CONTINUOUS
10
84.7000000000000028
20
-52.8799999999999955
11
84.1400000000000006
21
-52.8799999999999955
0
LINE
8
BLACK
6
CONTINUOUS
10
84.1400000000000006
20
-52.8799999999999955
11
84.1400000000000006
21
-52.7199999999999989
0
LINE
8
BLACK
6
CONTINUOUS
10
84.1400000000000006
20
-52.7199999999999989
11
84.7000000000000028
21
-52.7199999999999989
0
LINE
8
BLACK
6
CONTINUOUS
10
84.7000000000000028
20
-52.7199999999999989
11
84.7000000000000028
21
-52.8799999999999955
0
LINE
8
BLACK
6
CONTINUOUS
10
87.7800000000000011
20
-52.8799999999999955
11
87.2199999999999989
21
-52.8799999999999955
0
LINE
8
BLACK
6
CONTINUOUS
10
87.2199999999999989
20
-52.8799999999999955
11
87.2199999999999989
21
-52.7199999999999989
0
LINE
8
BLACK
6
CONTINUOUS
10
87.2199999999999989
20
-52.7199999999999989
11
87.7800000000000011
21
-52.7199999999999989
0
LINE
8
BLACK
6
CONTINUOUS
10
87.7800000000000011
20
-52.7199999999999989
11
87.7800000000000011
21
-52.8799999999999955
0
LINE
8
BLACK
6
CONTINUOUS
10
50.7800000000000011
20
-52.4799999999999969
11
50.2199999999999989
21
-52.4799999999999969
0
LINE
8
BLACK
6
CONTINUOUS
10
50.2199999999999989
20
-52.4799999999999969
11
50.2199999999999989
21
-52.3200000000000003
0
LINE
8
BLACK
6
CONTINUOUS
10
50.2199999999999989
20
-52.3200000000000003
11
50.7800000000000011
21
-52.3200000000000003
0
LINE
8
BLACK
6
CONTINUOUS
10
50.7800000000000011
20
-52.3200000000000003
11
50.7800000000000011
21
-52.4799999999999969
0
LINE
8
BLACK
6
CONTINUOUS
10
53.8599999999999994
20
-52.4799999999999969
11
53.2999999999999972
21
-52.4799999999999969
0
LINE
8
BLACK
6
CONTINUOUS
10
53.2999999999999972
20
-52.4799999999999969
11
53.2999999999999972
21
-52.3200000000000003
0
LINE
8
BLACK
6
CONTINUOUS
10
53.2999999999999972
20
-52.3200000000000003
11
53.8599999999999994
21
-52.3200000000000003
0
LINE
8
BLACK
6
CONTINUOUS
10
53.8599999999999994
20
-52.3200000000000003
11
53.8599999999999994
21
-52.4799999999999969
0
LINE
8
BLACK
6
CONTINUOUS
10
84.7000000000000028
20
-52.4799999999999969
11
84.1400000000000006
21
-52.4799999999999969
0
LINE
8
BLACK
6
CONTINUOUS
10
84.1400000000000006
20
-52.4799999999999969
11
84.1400000000000006
21
-52.3200000000000003
0
LINE
8
BLACK
6
CONTINUOUS
10
84.1400000000000006
20
-52.3200000000000003
11
84.7000000000000028
21
-52.3200000000000003
0
LINE
8
BLACK
6
CONTINUOUS
10
84.7000000000000028
20
-52.3200000000000003
11
84.7000000000000028
21
-52.4799999999999969
0
LINE
8
BLACK
6
CONTINUOUS
10
87.7800000000000011
20
-52.4799999999999969
11
87.2199999999999989
21
-52.4799999999999969
0
LINE
8
BLACK
6
CONTINUOUS
10
87.2199999999999989
20
-52.4799999999999969
11
87.2199999999999989
21
-52.3200000000000003
0
LINE
8
BLACK
6
CONTINUOUS
10
87.2199999999999989
20
-52.3200000000000003
11
87.7800000000000011
21
-52.3200000000000003
0
LINE
8
BLACK
6
CONTINUOUS
10
87.7800000000000011
20
-52.3200000000000003
11
87.7800000000000011
21
-52.4799999999999969
0
LINE
8
BLACK
6
CONTINUOUS
10
92.2319699999999898
20
-50.9133209999999963
11
92.2887439999999941
21
-50.9512560000000008
0
LINE
8
BLACK
6
CONTINUOUS
10
92.2887439999999941
20
-50.9512560000000008
11
92.3266789999999986
21
-51.008029999999998
0
LINE
8
BLACK
6
CONTINUOUS
10
92.3266789999999986
20
-51.008029999999998
11
92.3399999999999892
21
-51.0749999999999957
0
LINE
8
BLACK
6
CONTINUOUS
10
92.3399999999999892
20
-51.0749999999999957
11
92.3399999999999892
21
-51.9849999999999994
0
LINE
8
BLACK
6
CONTINUOUS
10
92.3399999999999892
20
-51.9849999999999994
11
92.3266789999999986
21
-52.0519699999999972
0
LINE
8
BLACK
6
CONTINUOUS
10
92.3266789999999986
20
-52.0519699999999972
11
92.2887439999999941
21
-52.1087439999999944
0
LINE
8
BLACK
6
CONTINUOUS
10
92.2887439999999941
20
-52.1087439999999944
11
92.2319699999999898
21
-52.1466789999999989
0
LINE
8
BLACK
6
CONTINUOUS
10
92.2319699999999898
20
-52.1466789999999989
11
92.164999999999992
21
-52.1599999999999966
0
LINE
8
BLACK
6
CONTINUOUS
10
92.164999999999992
20
-52.1599999999999966
11
91.6749999999999972
21
-52.1599999999999966
0
LINE
8
BLACK
6
CONTINUOUS
10
91.6749999999999972
20
-52.1599999999999966
11
91.6080299999999994
21
-52.1466789999999989
0
LINE
8
BLACK
6
CONTINUOUS
10
91.6080299999999994
20
-52.1466789999999989
11
91.5512559999999951
21
-52.1087439999999944
0
LINE
8
BLACK
6
CONTINUOUS
10
91.5512559999999951
20
-52.1087439999999944
11
91.5133209999999906
21
-52.0519699999999972
0
LINE
8
BLACK
6
CONTINUOUS
10
91.5133209999999906
20
-52.0519699999999972
11
91.5
21
-51.9849999999999994
0
LINE
8
BLACK
6
CONTINUOUS
10
91.5
20
-51.9849999999999994
11
91.5
21
-51.0749999999999957
0
LINE
8
BLACK
6
CONTINUOUS
10
91.5
20
-51.0749999999999957
11
91.5133209999999906
21
-51.008029999999998
0
LINE
8
BLACK
6
CONTINUOUS
10
91.5133209999999906
20
-51.008029999999998
11
91.5512559999999951
21
-50.9512560000000008
0
LINE
8
BLACK
6
CONTINUOUS
10
91.5512559999999951
20
-50.9512560000000008
11
91.6080299999999994
21
-50.9133209999999963
0
LINE
8
BLACK
6
CONTINUOUS
10
91.6080299999999994
20
-50.9133209999999963
11
91.6749999999999972
21
-50.8999999999999986
0
LINE
8
BLACK
6
CONTINUOUS
10
91.6749999999999972
20
-50.8999999999999986
11
92.164999999999992
21
-50.8999999999999986
0
LINE
8
BLACK
6
CONTINUOUS
10
92.164999999999992
20
-50.8999999999999986
11
92.2319699999999898
21
-50.9133209999999963
0
LINE
8
BLACK
6
CONTINUOUS
10
96.8319699999999983
20
-50.9133209999999963
11
96.8887440000000026
21
-50.9512560000000008
0
LINE
8
BLACK
6
CONTINUOUS
10
96.8887440000000026
20
-50.9512560000000008
11
96.9266789999999929
21
-51.008029999999998
0
LINE
8
BLACK
6
CONTINUOUS
10
96.9266789999999929
20
-51.008029999999998
11
96.9399999999999977
21
-51.0749999999999957
0
LINE
8
BLACK
6
CONTINUOUS
10
96.9399999999999977
20
-51.0749999999999957
11
96.9399999999999977
21
-51.9849999999999994
0
LINE
8
BLACK
6
CONTINUOUS
10
96.9399999999999977
20
-51.9849999999999994
11
96.9266789999999929
21
-52.0519699999999972
0
LINE
8
BLACK
6
CONTINUOUS
10
96.9266789999999929
20
-52.0519699999999972
11
96.8887440000000026
21
-52.1087439999999944
0
LINE
8
BLACK
6
CONTINUOUS
10
96.8887440000000026
20
-52.1087439999999944
11
96.8319699999999983
21
-52.1466789999999989
0
LINE
8
BLACK
6
CONTINUOUS
10
96.8319699999999983
20
-52.1466789999999989
11
96.7650000000000006
21
-52.1599999999999966
0
LINE
8
BLACK
6
CONTINUOUS
10
96.7650000000000006
20
-52.1599999999999966
11
96.2749999999999915
21
-52.1599999999999966
0
LINE
8
BLACK
6
CONTINUOUS
10
96.2749999999999915
20
-52.1599999999999966
11
96.2080299999999937
21
-52.1466789999999989
0
LINE
8
BLACK
6
CONTINUOUS
10
96.2080299999999937
20
-52.1466789999999989
11
96.1512559999999894
21
-52.1087439999999944
0
LINE
8
BLACK
6
CONTINUOUS
10
96.1512559999999894
20
-52.1087439999999944
11
96.1133209999999991
21
-52.0519699999999972
0
LINE
8
BLACK
6
CONTINUOUS
10
96.1133209999999991
20
-52.0519699999999972
11
96.0999999999999943
21
-51.9849999999999994
0
LINE
8
BLACK
6
CONTINUOUS
10
96.0999999999999943
20
-51.9849999999999994
11
96.0999999999999943
21
-51.0749999999999957
0
LINE
8
BLACK
6
CONTINUOUS
10
96.0999999999999943
20
-51.0749999999999957
11
96.1133209999999991
21
-51.008029999999998
0
LINE
8
BLACK
6
CONTINUOUS
10
96.1133209999999991
20
-51.008029999999998
11
96.1512559999999894
21
-50.9512560000000008
0
LINE
8
BLACK
6
CONTINUOUS
10
96.1512559999999894
20
-50.9512560000000008
11
96.2080299999999937
21
-50.9133209999999963
0
LINE
8
BLACK
6
CONTINUOUS
10
96.2080299999999937
20
-50.9133209999999963
11
96.2749999999999915
21
-50.8999999999999986
0
LINE
8
BLACK
6
CONTINUOUS
10
96.2749999999999915
20
-50.8999999999999986
11
96.7650000000000006
21
-50.8999999999999986
0
LINE
8
BLACK
6
CONTINUOUS
10
96.7650000000000006
20
-50.8999999999999986
11
96.8319699999999983
21
-50.9133209999999963
0
LINE
8
BLACK
6
CONTINUOUS
10
50.7800000000000011
20
-52.0799999999999983
11
50.2199999999999989
21
-52.0799999999999983
0
LINE
8
BLACK
6
CONTINUOUS
10
50.2199999999999989
20
-52.0799999999999983
11
50.2199999999999989
21
-51.9199999999999946
0
LINE
8
BLACK
6
CONTINUOUS
10
50.2199999999999989
20
-51.9199999999999946
11
50.7800000000000011
21
-51.9199999999999946
0
LINE
8
BLACK
6
CONTINUOUS
10
50.7800000000000011
20
-51.9199999999999946
11
50.7800000000000011
21
-52.0799999999999983
0
LINE
8
BLACK
6
CONTINUOUS
10
53.8599999999999994
20
-52.0799999999999983
11
53.2999999999999972
21
-52.0799999999999983
0
LINE
8
BLACK
6
CONTINUOUS
10
53.2999999999999972
20
-52.0799999999999983
11
53.2999999999999972
21
-51.9199999999999946
0
LINE
8
BLACK
6
CONTINUOUS
10
53.2999999999999972
20
-51.9199999999999946
11
53.8599999999999994
21
-51.9199999999999946
0
LINE
8
BLACK
6
CONTINUOUS
10
53.8599999999999994
20
-51.9199999999999946
11
53.8599999999999994
21
-52.0799999999999983
0
LINE
8
BLACK
6
CONTINUOUS
10
84.7000000000000028
20
-52.0799999999999983
11
84.1400000000000006
21
-52.0799999999999983
0
LINE
8
BLACK
6
CONTINUOUS
10
84.1400000000000006
20
-52.0799999999999983
11
84.1400000000000006
21
-51.9199999999999946
0
LINE
8
BLACK
6
CONTINUOUS
10
84.1400000000000006
20
-51.9199999999999946
11
84.7000000000000028
21
-51.9199999999999946
0
LINE
8
BLACK
6
CONTINUOUS
10
84.7000000000000028
20
-51.9199999999999946
11
84.7000000000000028
21
-52.0799999999999983
0
LINE
8
BLACK
6
CONTINUOUS
10
87.7800000000000011
20
-52.0799999999999983
11
87.2199999999999989
21
-52.0799999999999983
0
LINE
8
BLACK
6
CONTINUOUS
10
87.2199999999999989
20
-52.0799999999999983
11
87.2199999999999989
21
-51.9199999999999946
0
LINE
8
BLACK
6
CONTINUOUS
10
87.2199999999999989
20
-51.9199999999999946
11
87.7800000000000011
21
-51.9199999999999946
0
LINE
8
BLACK
6
CONTINUOUS
10
87.7800000000000011
20
-51.9199999999999946
11
87.7800000000000011
21
-52.0799999999999983
0
LINE
8
BLACK
6
CONTINUOUS
10
50.7800000000000011
20
-51.6799999999999997
11
50.2199999999999989
21
-51.6799999999999997
0
LINE
8
BLACK
6
CONTINUOUS
10
50.2199999999999989
20
-51.6799999999999997
11
50.2199999999999989
21
-51.519999999999996
0
LINE
8
BLACK
6
CONTINUOUS
10
50.2199999999999989
20
-51.519999999999996
11
50.7800000000000011
21
-51.519999999999996
0
LINE
8
BLACK
6
CONTINUOUS
10
50.7800000000000011
20
-51.519999999999996
11
50.7800000000000011
21
-51.6799999999999997
0
LINE
8
BLACK
6
CONTINUOUS
10
53.8599999999999994
20
-51.6799999999999997
11
53.2999999999999972
21
-51.6799999999999997
0
LINE
8
BLACK
6
CONTINUOUS
10
53.2999999999999972
20
-51.6799999999999997
11
53.2999999999999972
21
-51.519999999999996
0
LINE
8
BLACK
6
CONTINUOUS
10
53.2999999999999972
20
-51.519999999999996
11
53.8599999999999994
21
-51.519999999999996
0
LINE
8
BLACK
6
CONTINUOUS
10
53.8599999999999994
20
-51.519999999999996
11
53.8599999999999994
21
-51.6799999999999997
0
LINE
8
BLACK
6
CONTINUOUS
10
84.7000000000000028
20
-51.6799999999999997
11
84.1400000000000006
21
-51.6799999999999997
0
LINE
8
BLACK
6
CONTINUOUS
10
84.1400000000000006
20
-51.6799999999999997
11
84.1400000000000006
21
-51.519999999999996
0
LINE
8
BLACK
6
CONTINUOUS
10
84.1400000000000006
20
-51.519999999999996
11
84.7000000000000028
21
-51.519999999999996
0
LINE
8
BLACK
6
CONTINUOUS
10
84.7000000000000028
20
-51.519999999999996
11
84.7000000000000028
21
-51.6799999999999997
0
LINE
8
BLACK
6
CONTINUOUS
10
87.7800000000000011
20
-51.6799999999999997
11
87.2199999999999989
21
-51.6799999999999997
0
LINE
8
BLACK
6
CONTINUOUS
10
87.2199999999999989
20
-51.6799999999999997
11
87.2199999999999989
21
-51.519999999999996
0
LINE
8
BLACK
6
CONTINUOUS
10
87.2199999999999989
20
-51.519999999999996
11
87.7800000000000011
21
-51.519999999999996
0
LINE
8
BLACK
6
CONTINUOUS
10
87.7800000000000011
20
-51.519999999999996
11
87.7800000000000011
21
-51.6799999999999997
0
LINE
8
BLACK
6
CONTINUOUS
10
50.7800000000000011
20
-51.2800000000000011
11
50.2199999999999989
21
-51.2800000000000011
0
LINE
8
BLACK
6
CONTINUOUS
10
50.2199999999999989
20
-51.2800000000000011
11
50.2199999999999989
21
-51.1199999999999974
0
LINE
8
BLACK
6
CONTINUOUS
10
50.2199999999999989
20
-51.1199999999999974
11
50.7800000000000011
21
-51.1199999999999974
0
LINE
8
BLACK
6
CONTINUOUS
10
50.7800000000000011
20
-51.1199999999999974
11
50.7800000000000011
21
-51.2800000000000011
0
LINE
8
BLACK
6
CONTINUOUS
10
53.8599999999999994
20
-51.2800000000000011
11
53.2999999999999972
21
-51.2800000000000011
0
LINE
8
BLACK
6
CONTINUOUS
10
53.2999999999999972
20
-51.2800000000000011
11
53.2999999999999972
21
-51.1199999999999974
0
LINE
8
BLACK
6
CONTINUOUS
10
53.2999999999999972
20
-51.1199999999999974
11
53.8599999999999994
21
-51.1199999999999974
0
LINE
8
BLACK
6
CONTINUOUS
10
53.8599999999999994
20
-51.1199999999999974
11
53.8599999999999994
21
-51.2800000000000011
0
LINE
8
BLACK
6
CONTINUOUS
10
84.7000000000000028
20
-51.2800000000000011
11
84.1400000000000006
21
-51.2800000000000011
0
LINE
8
BLACK
6
CONTINUOUS
10
84.1400000000000006
20
-51.2800000000000011
11
84.1400000000000006
21
-51.1199999999999974
0
LINE
8
BLACK
6
CONTINUOUS
10
84.1400000000000006
20
-51.1199999999999974
11
84.7000000000000028
21
-51.1199999999999974
0
LINE
8
BLACK
6
CONTINUOUS
10
84.7000000000000028
20
-51.1199999999999974
11
84.7000000000000028
21
-51.2800000000000011
0
LINE
8
BLACK
6
CONTINUOUS
10
87.7800000000000011
20
-51.2800000000000011
11
87.2199999999999989
21
-51.2800000000000011
0
LINE
8
BLACK
6
CONTINUOUS
10
87.2199999999999989
20
-51.2800000000000011
11
87.2199999999999989
21
-51.1199999999999974
0
LINE
8
BLACK
6
CONTINUOUS
10
87.2199999999999989
20
-51.1199999999999974
11
87.7800000000000011
21
-51.1199999999999974
0
LINE
8
BLACK
6
CONTINUOUS
10
87.7800000000000011
20
-51.1199999999999974
11
87.7800000000000011
21
-51.2800000000000011
0
LINE
8
BLACK
6
CONTINUOUS
10
50.7800000000000011
20
-50.8799999999999955
11
50.2199999999999989
21
-50.8799999999999955
0
LINE
8
BLACK
6
CONTINUOUS
10
50.2199999999999989
20
-50.8799999999999955
11
50.2199999999999989
21
-50.7199999999999989
0
LINE
8
BLACK
6
CONTINUOUS
10
50.2199999999999989
20
-50.7199999999999989
11
50.7800000000000011
21
-50.7199999999999989
0
LINE
8
BLACK
6
CONTINUOUS
10
50.7800000000000011
20
-50.7199999999999989
11
50.7800000000000011
21
-50.8799999999999955
0
LINE
8
BLACK
6
CONTINUOUS
10
53.8599999999999994
20
-50.8799999999999955
11
53.2999999999999972
21
-50.8799999999999955
0
LINE
8
BLACK
6
CONTINUOUS
10
53.2999999999999972
20
-50.8799999999999955
11
53.2999999999999972
21
-50.7199999999999989
0
LINE
8
BLACK
6
CONTINUOUS
10
53.2999999999999972
20
-50.7199999999999989
11
53.8599999999999994
21
-50.7199999999999989
0
LINE
8
BLACK
6
CONTINUOUS
10
53.8599999999999994
20
-50.7199999999999989
11
53.8599999999999994
21
-50.8799999999999955
0
LINE
8
BLACK
6
CONTINUOUS
10
84.7000000000000028
20
-50.8799999999999955
11
84.1400000000000006
21
-50.8799999999999955
0
LINE
8
BLACK
6
CONTINUOUS
10
84.1400000000000006
20
-50.8799999999999955
11
84.1400000000000006
21
-50.7199999999999989
0
LINE
8
BLACK
6
CONTINUOUS
10
84.1400000000000006
20
-50.7199999999999989
11
84.7000000000000028
21
-50.7199999999999989
0
LINE
8
BLACK
6
CONTINUOUS
10
84.7000000000000028
20
-50.7199999999999989
11
84.7000000000000028
21
-50.8799999999999955
0
LINE
8
BLACK
6
CONTINUOUS
10
87.7800000000000011
20
-50.8799999999999955
11
87.2199999999999989
21
-50.8799999999999955
0
LINE
8
BLACK
6
CONTINUOUS
10
87.2199999999999989
20
-50.8799999999999955
11
87.2199999999999989
21
-50.7199999999999989
0
LINE
8
BLACK
6
CONTINUOUS
10
87.2199999999999989
20
-50.7199999999999989
11
87.7800000000000011
21
-50.7199999999999989
0
LINE
8
BLACK
6
CONTINUOUS
10
87.7800000000000011
20
-50.7199999999999989
11
87.7800000000000011
21
-50.8799999999999955
0
LINE
8
BLACK
6
CONTINUOUS
10
102.8382199999999926
20
-49.823321
11
102.894993999999997
21
-49.8612559999999974
0
LINE
8
BLACK
6
CONTINUOUS
10
102.894993999999997
20
-49.8612559999999974
11
102.9329290000000015
21
-49.9180299999999946
0
LINE
8
BLACK
6
CONTINUOUS
10
102.9329290000000015
20
-49.9180299999999946
11
102.946249999999992
21
-49.9849999999999994
0
LINE
8
BLACK
6
CONTINUOUS
10
102.946249999999992
20
-49.9849999999999994
11
102.946249999999992
21
-50.6149999999999949
0
LINE
8
BLACK
6
CONTINUOUS
10
102.946249999999992
20
-50.6149999999999949
11
102.9329290000000015
21
-50.6819699999999997
0
LINE
8
BLACK
6
CONTINUOUS
10
102.9329290000000015
20
-50.6819699999999997
11
102.894993999999997
21
-50.738743999999997
0
LINE
8
BLACK
6
CONTINUOUS
10
102.894993999999997
20
-50.738743999999997
11
102.8382199999999926
21
-50.7766789999999943
0
LINE
8
BLACK
6
CONTINUOUS
10
102.8382199999999926
20
-50.7766789999999943
11
102.7712499999999949
21
-50.7899999999999991
0
LINE
8
BLACK
6
CONTINUOUS
10
102.7712499999999949
20
-50.7899999999999991
11
102.4037500000000023
21
-50.7899999999999991
0
LINE
8
BLACK
6
CONTINUOUS
10
102.4037500000000023
20
-50.7899999999999991
11
102.3367799999999903
21
-50.7766789999999943
0
LINE
8
BLACK
6
CONTINUOUS
10
102.3367799999999903
20
-50.7766789999999943
11
102.2800060000000002
21
-50.738743999999997
0
LINE
8
BLACK
6
CONTINUOUS
10
102.2800060000000002
20
-50.738743999999997
11
102.2420709999999957
21
-50.6819699999999997
0
LINE
8
BLACK
6
CONTINUOUS
10
102.2420709999999957
20
-50.6819699999999997
11
102.2287499999999909
21
-50.6149999999999949
0
LINE
8
BLACK
6
CONTINUOUS
10
102.2287499999999909
20
-50.6149999999999949
11
102.2287499999999909
21
-49.9849999999999994
0
LINE
8
BLACK
6
CONTINUOUS
10
102.2287499999999909
20
-49.9849999999999994
11
102.2420709999999957
21
-49.9180299999999946
0
LINE
8
BLACK
6
CONTINUOUS
10
102.2420709999999957
20
-49.9180299999999946
11
102.2800060000000002
21
-49.8612559999999974
0
LINE
8
BLACK
6
CONTINUOUS
10
102.2800060000000002
20
-49.8612559999999974
11
102.3367799999999903
21
-49.823321
0
LINE
8
BLACK
6
CONTINUOUS
10
102.3367799999999903
20
-49.823321
11
102.4037500000000023
21
-49.8099999999999952
0
LINE
8
BLACK
6
CONTINUOUS
10
102.4037500000000023
20
-49.8099999999999952
11
102.7712499999999949
21
-49.8099999999999952
0
LINE
8
BLACK
6
CONTINUOUS
10
102.7712499999999949
20
-49.8099999999999952
11
102.8382199999999926
21
-49.823321
0
LINE
8
BLACK
6
CONTINUOUS
10
104.6632199999999955
20
-49.823321
11
104.7199939999999998
21
-49.8612559999999974
0
LINE
8
BLACK
6
CONTINUOUS
10
104.7199939999999998
20
-49.8612559999999974
11
104.7579289999999901
21
-49.9180299999999946
0
LINE
8
BLACK
6
CONTINUOUS
10
104.7579289999999901
20
-49.9180299999999946
11
104.7712499999999949
21
-49.9849999999999994
0
LINE
8
BLACK
6
CONTINUOUS
10
104.7712499999999949
20
-49.9849999999999994
11
104.7712499999999949
21
-50.6149999999999949
0
LINE
8
BLACK
6
CONTINUOUS
10
104.7712499999999949
20
-50.6149999999999949
11
104.7579289999999901
21
-50.6819699999999997
0
LINE
8
BLACK
6
CONTINUOUS
10
104.7579289999999901
20
-50.6819699999999997
11
104.7199939999999998
21
-50.738743999999997
0
LINE
8
BLACK
6
CONTINUOUS
10
104.7199939999999998
20
-50.738743999999997
11
104.6632199999999955
21
-50.7766789999999943
0
LINE
8
BLACK
6
CONTINUOUS
10
104.6632199999999955
20
-50.7766789999999943
11
104.5962499999999977
21
-50.7899999999999991
0
LINE
8
BLACK
6
CONTINUOUS
10
104.5962499999999977
20
-50.7899999999999991
11
104.2287499999999909
21
-50.7899999999999991
0
LINE
8
BLACK
6
CONTINUOUS
10
104.2287499999999909
20
-50.7899999999999991
11
104.1617799999999932
21
-50.7766789999999943
0
LINE
8
BLACK
6
CONTINUOUS
10
104.1617799999999932
20
-50.7766789999999943
11
104.1050059999999888
21
-50.738743999999997
0
LINE
8
BLACK
6
CONTINUOUS
10
104.1050059999999888
20
-50.738743999999997
11
104.0670709999999985
21
-50.6819699999999997
0
LINE
8
BLACK
6
CONTINUOUS
10
104.0670709999999985
20
-50.6819699999999997
11
104.0537499999999937
21
-50.6149999999999949
0
LINE
8
BLACK
6
CONTINUOUS
10
104.0537499999999937
20
-50.6149999999999949
11
104.0537499999999937
21
-49.9849999999999994
0
LINE
8
BLACK
6
CONTINUOUS
10
104.0537499999999937
20
-49.9849999999999994
11
104.0670709999999985
21
-49.9180299999999946
0
LINE
8
BLACK
6
CONTINUOUS
10
104.0670709999999985
20
-49.9180299999999946
11
104.1050059999999888
21
-49.8612559999999974
0
LINE
8
BLACK
6
CONTINUOUS
10
104.1050059999999888
20
-49.8612559999999974
11
104.1617799999999932
21
-49.823321
0
LINE
8
BLACK
6
CONTINUOUS
10
104.1617799999999932
20
-49.823321
11
104.2287499999999909
21
-49.8099999999999952
0
LINE
8
BLACK
6
CONTINUOUS
10
104.2287499999999909
20
-49.8099999999999952
11
104.5962499999999977
21
-49.8099999999999952
0
LINE
8
BLACK
6
CONTINUOUS
10
104.5962499999999977
20
-49.8099999999999952
11
104.6632199999999955
21
-49.823321
0
LINE
8
BLACK
6
CONTINUOUS
10
50.7800000000000011
20
-50.4799999999999969
11
50.2199999999999989
21
-50.4799999999999969
0
LINE
8
BLACK
6
CONTINUOUS
10
50.2199999999999989
20
-50.4799999999999969
11
50.2199999999999989
21
-50.3200000000000003
0
LINE
8
BLACK
6
CONTINUOUS
10
50.2199999999999989
20
-50.3200000000000003
11
50.7800000000000011
21
-50.3200000000000003
0
LINE
8
BLACK
6
CONTINUOUS
10
50.7800000000000011
20
-50.3200000000000003
11
50.7800000000000011
21
-50.4799999999999969
0
LINE
8
BLACK
6
CONTINUOUS
10
53.8599999999999994
20
-50.4799999999999969
11
53.2999999999999972
21
-50.4799999999999969
0
LINE
8
BLACK
6
CONTINUOUS
10
53.2999999999999972
20
-50.4799999999999969
11
53.2999999999999972
21
-50.3200000000000003
0
LINE
8
BLACK
6
CONTINUOUS
10
53.2999999999999972
20
-50.3200000000000003
11
53.8599999999999994
21
-50.3200000000000003
0
LINE
8
BLACK
6
CONTINUOUS
10
53.8599999999999994
20
-50.3200000000000003
11
53.8599999999999994
21
-50.4799999999999969
0
LINE
8
BLACK
6
CONTINUOUS
10
84.7000000000000028
20
-50.4799999999999969
11
84.1400000000000006
21
-50.4799999999999969
0
LINE
8
BLACK
6
CONTINUOUS
10
84.1400000000000006
20
-50.4799999999999969
11
84.1400000000000006
21
-50.3200000000000003
0
LINE
8
BLACK
6
CONTINUOUS
10
84.1400000000000006
20
-50.3200000000000003
11
84.7000000000000028
21
-50.3200000000000003
0
LINE
8
BLACK
6
CONTINUOUS
10
84.7000000000000028
20
-50.3200000000000003
11
84.7000000000000028
21
-50.4799999999999969
0
LINE
8
BLACK
6
CONTINUOUS
10
87.7800000000000011
20
-50.4799999999999969
11
87.2199999999999989
21
-50.4799999999999969
0
LINE
8
BLACK
6
CONTINUOUS
10
87.2199999999999989
20
-50.4799999999999969
11
87.2199999999999989
21
-50.3200000000000003
0
LINE
8
BLACK
6
CONTINUOUS
10
87.2199999999999989
20
-50.3200000000000003
11
87.7800000000000011
21
-50.3200000000000003
0
LINE
8
BLACK
6
CONTINUOUS
10
87.7800000000000011
20
-50.3200000000000003
11
87.7800000000000011
21
-50.4799999999999969
0
LINE
8
BLACK
6
CONTINUOUS
10
50.7800000000000011
20
-50.0799999999999983
11
50.2199999999999989
21
-50.0799999999999983
0
LINE
8
BLACK
6
CONTINUOUS
10
50.2199999999999989
20
-50.0799999999999983
11
50.2199999999999989
21
-49.9199999999999946
0
LINE
8
BLACK
6
CONTINUOUS
10
50.2199999999999989
20
-49.9199999999999946
11
50.7800000000000011
21
-49.9199999999999946
0
LINE
8
BLACK
6
CONTINUOUS
10
50.7800000000000011
20
-49.9199999999999946
11
50.7800000000000011
21
-50.0799999999999983
0
LINE
8
BLACK
6
CONTINUOUS
10
53.8599999999999994
20
-50.0799999999999983
11
53.2999999999999972
21
-50.0799999999999983
0
LINE
8
BLACK
6
CONTINUOUS
10
53.2999999999999972
20
-50.0799999999999983
11
53.2999999999999972
21
-49.9199999999999946
0
LINE
8
BLACK
6
CONTINUOUS
10
53.2999999999999972
20
-49.9199999999999946
11
53.8599999999999994
21
-49.9199999999999946
0
LINE
8
BLACK
6
CONTINUOUS
10
53.8599999999999994
20
-49.9199999999999946
11
53.8599999999999994
21
-50.0799999999999983
0
LINE
8
BLACK
6
CONTINUOUS
10
84.7000000000000028
20
-50.0799999999999983
11
84.1400000000000006
21
-50.0799999999999983
0
LINE
8
BLACK
6
CONTINUOUS
10
84.1400000000000006
20
-50.0799999999999983
11
84.1400000000000006
21
-49.9199999999999946
0
LINE
8
BLACK
6
CONTINUOUS
10
84.1400000000000006
20
-49.9199999999999946
11
84.7000000000000028
21
-49.9199999999999946
0
LINE
8
BLACK
6
CONTINUOUS
10
84.7000000000000028
20
-49.9199999999999946
11
84.7000000000000028
21
-50.0799999999999983
0
LINE
8
BLACK
6
CONTINUOUS
10
87.7800000000000011
20
-50.0799999999999983
11
87.2199999999999989
21
-50.0799999999999983
0
LINE
8
BLACK
6
CONTINUOUS
10
87.2199999999999989
20
-50.0799999999999983
11
87.2199999999999989
21
-49.9199999999999946
0
LINE
8
BLACK
6
CONTINUOUS
10
87.2199999999999989
20
-49.9199999999999946
11
87.7800000000000011
21
-49.9199999999999946
0
LINE
8
BLACK
6
CONTINUOUS
10
87.7800000000000011
20
-49.9199999999999946
11
87.7800000000000011
21
-50.0799999999999983
0
LINE
8
BLACK
6
CONTINUOUS
10
107.6261089999999996
20
-48.9297959999999961
11
107.6465479999999957
21
-48.9434520000000006
0
LINE
8
BLACK
6
CONTINUOUS
10
107.6465479999999957
20
-48.9434520000000006
11
107.6602039999999931
21
-48.9638909999999967
0
LINE
8
BLACK
6
CONTINUOUS
10
107.6602039999999931
20
-48.9638909999999967
11
107.664999999999992
21
-48.9879999999999995
0
LINE
8
BLACK
6
CONTINUOUS
10
107.664999999999992
20
-48.9879999999999995
11
107.664999999999992
21
-49.911999999999999
0
LINE
8
BLACK
6
CONTINUOUS
10
107.664999999999992
20
-49.911999999999999
11
107.6602039999999931
21
-49.9361089999999948
0
LINE
8
BLACK
6
CONTINUOUS
10
107.6602039999999931
20
-49.9361089999999948
11
107.6465479999999957
21
-49.956547999999998
0
LINE
8
BLACK
6
CONTINUOUS
10
107.6465479999999957
20
-49.956547999999998
11
107.6261089999999996
21
-49.9702039999999954
0
LINE
8
BLACK
6
CONTINUOUS
10
107.6261089999999996
20
-49.9702039999999954
11
107.6019999999999897
21
-49.9749999999999943
0
LINE
8
BLACK
6
CONTINUOUS
10
107.6019999999999897
20
-49.9749999999999943
11
107.097999999999999
21
-49.9749999999999943
0
LINE
8
BLACK
6
CONTINUOUS
10
107.097999999999999
20
-49.9749999999999943
11
107.073890999999989
21
-49.9702039999999954
0
LINE
8
BLACK
6
CONTINUOUS
10
107.073890999999989
20
-49.9702039999999954
11
107.0534519999999929
21
-49.956547999999998
0
LINE
8
BLACK
6
CONTINUOUS
10
107.0534519999999929
20
-49.956547999999998
11
107.0397959999999955
21
-49.9361089999999948
0
LINE
8
BLACK
6
CONTINUOUS
10
107.0397959999999955
20
-49.9361089999999948
11
107.0349999999999966
21
-49.911999999999999
0
LINE
8
BLACK
6
CONTINUOUS
10
107.0349999999999966
20
-49.911999999999999
11
107.0349999999999966
21
-48.9879999999999995
0
LINE
8
BLACK
6
CONTINUOUS
10
107.0349999999999966
20
-48.9879999999999995
11
107.0397959999999955
21
-48.9638909999999967
0
LINE
8
BLACK
6
CONTINUOUS
10
107.0397959999999955
20
-48.9638909999999967
11
107.0534519999999929
21
-48.9434520000000006
0
LINE
8
BLACK
6
CONTINUOUS
10
107.0534519999999929
20
-48.9434520000000006
11
107.073890999999989
21
-48.9297959999999961
0
LINE
8
BLACK
6
CONTINUOUS
10
107.073890999999989
20
-48.9297959999999961
11
107.097999999999999
21
-48.9249999999999972
0
LINE
8
BLACK
6
CONTINUOUS
10
107.097999999999999
20
-48.9249999999999972
11
107.6019999999999897
21
-48.9249999999999972
0
LINE
8
BLACK
6
CONTINUOUS
10
107.6019999999999897
20
-48.9249999999999972
11
107.6261089999999996
21
-48.9297959999999961
0
LINE
8
BLACK
6
CONTINUOUS
10
110.9261089999999967
20
-48.9297959999999961
11
110.9465479999999928
21
-48.9434520000000006
0
LINE
8
BLACK
6
CONTINUOUS
10
110.9465479999999928
20
-48.9434520000000006
11
110.9602039999999903
21
-48.9638909999999967
0
LINE
8
BLACK
6
CONTINUOUS
10
110.9602039999999903
20
-48.9638909999999967
11
110.9649999999999892
21
-48.9879999999999995
0
LINE
8
BLACK
6
CONTINUOUS
10
110.9649999999999892
20
-48.9879999999999995
11
110.9649999999999892
21
-49.911999999999999
0
LINE
8
BLACK
6
CONTINUOUS
10
110.9649999999999892
20
-49.911999999999999
11
110.9602039999999903
21
-49.9361089999999948
0
LINE
8
BLACK
6
CONTINUOUS
10
110.9602039999999903
20
-49.9361089999999948
11
110.9465479999999928
21
-49.956547999999998
0
LINE
8
BLACK
6
CONTINUOUS
10
110.9465479999999928
20
-49.956547999999998
11
110.9261089999999967
21
-49.9702039999999954
0
LINE
8
BLACK
6
CONTINUOUS
10
110.9261089999999967
20
-49.9702039999999954
11
110.902000000000001
21
-49.9749999999999943
0
LINE
8
BLACK
6
CONTINUOUS
10
110.902000000000001
20
-49.9749999999999943
11
110.3979999999999961
21
-49.9749999999999943
0
LINE
8
BLACK
6
CONTINUOUS
10
110.3979999999999961
20
-49.9749999999999943
11
110.3738910000000004
21
-49.9702039999999954
0
LINE
8
BLACK
6
CONTINUOUS
10
110.3738910000000004
20
-49.9702039999999954
11
110.3534519999999901
21
-49.956547999999998
0
LINE
8
BLACK
6
CONTINUOUS
10
110.3534519999999901
20
-49.956547999999998
11
110.3397959999999927
21
-49.9361089999999948
0
LINE
8
BLACK
6
CONTINUOUS
10
110.3397959999999927
20
-49.9361089999999948
11
110.3349999999999937
21
-49.911999999999999
0
LINE
8
BLACK
6
CONTINUOUS
10
110.3349999999999937
20
-49.911999999999999
11
110.3349999999999937
21
-48.9879999999999995
0
LINE
8
BLACK
6
CONTINUOUS
10
110.3349999999999937
20
-48.9879999999999995
11
110.3397959999999927
21
-48.9638909999999967
0
LINE
8
BLACK
6
CONTINUOUS
10
110.3397959999999927
20
-48.9638909999999967
11
110.3534519999999901
21
-48.9434520000000006
0
LINE
8
BLACK
6
CONTINUOUS
10
110.3534519999999901
20
-48.9434520000000006
11
110.3738910000000004
21
-48.9297959999999961
0
LINE
8
BLACK
6
CONTINUOUS
10
110.3738910000000004
20
-48.9297959999999961
11
110.3979999999999961
21
-48.9249999999999972
0
LINE
8
BLACK
6
CONTINUOUS
10
110.3979999999999961
20
-48.9249999999999972
11
110.902000000000001
21
-48.9249999999999972
0
LINE
8
BLACK
6
CONTINUOUS
10
110.902000000000001
20
-48.9249999999999972
11
110.9261089999999967
21
-48.9297959999999961
0
LINE
8
BLACK
6
CONTINUOUS
10
50.7800000000000011
20
-49.6799999999999997
11
50.2199999999999989
21
-49.6799999999999997
0
LINE
8
BLACK
6
CONTINUOUS
10
50.2199999999999989
20
-49.6799999999999997
11
50.2199999999999989
21
-49.519999999999996
0
LINE
8
BLACK
6
CONTINUOUS
10
50.2199999999999989
20
-49.519999999999996
11
50.7800000000000011
21
-49.519999999999996
0
LINE
8
BLACK
6
CONTINUOUS
10
50.7800000000000011
20
-49.519999999999996
11
50.7800000000000011
21
-49.6799999999999997
0
LINE
8
BLACK
6
CONTINUOUS
10
53.8599999999999994
20
-49.6799999999999997
11
53.2999999999999972
21
-49.6799999999999997
0
LINE
8
BLACK
6
CONTINUOUS
10
53.2999999999999972
20
-49.6799999999999997
11
53.2999999999999972
21
-49.519999999999996
0
LINE
8
BLACK
6
CONTINUOUS
10
53.2999999999999972
20
-49.519999999999996
11
53.8599999999999994
21
-49.519999999999996
0
LINE
8
BLACK
6
CONTINUOUS
10
53.8599999999999994
20
-49.519999999999996
11
53.8599999999999994
21
-49.6799999999999997
0
LINE
8
BLACK
6
CONTINUOUS
10
84.7000000000000028
20
-49.6799999999999997
11
84.1400000000000006
21
-49.6799999999999997
0
LINE
8
BLACK
6
CONTINUOUS
10
84.1400000000000006
20
-49.6799999999999997
11
84.1400000000000006
21
-49.519999999999996
0
LINE
8
BLACK
6
CONTINUOUS
10
84.1400000000000006
20
-49.519999999999996
11
84.7000000000000028
21
-49.519999999999996
0
LINE
8
BLACK
6
CONTINUOUS
10
84.7000000000000028
20
-49.519999999999996
11
84.7000000000000028
21
-49.6799999999999997
0
LINE
8
BLACK
6
CONTINUOUS
10
87.7800000000000011
20
-49.6799999999999997
11
87.2199999999999989
21
-49.6799999999999997
0
LINE
8
BLACK
6
CONTINUOUS
10
87.2199999999999989
20
-49.6799999999999997
11
87.2199999999999989
21
-49.519999999999996
0
LINE
8
BLACK
6
CONTINUOUS
10
87.2199999999999989
20
-49.519999999999996
11
87.7800000000000011
21
-49.519999999999996
0
LINE
8
BLACK
6
CONTINUOUS
10
87.7800000000000011
20
-49.519999999999996
11
87.7800000000000011
21
-49.6799999999999997
0
LINE
8
BLACK
6
CONTINUOUS
10
50.7800000000000011
20
-49.2800000000000011
11
50.2199999999999989
21
-49.2800000000000011
0
LINE
8
BLACK
6
CONTINUOUS
10
50.2199999999999989
20
-49.2800000000000011
11
50.2199999999999989
21
-49.1199999999999974
0
LINE
8
BLACK
6
CONTINUOUS
10
50.2199999999999989
20
-49.1199999999999974
11
50.7800000000000011
21
-49.1199999999999974
0
LINE
8
BLACK
6
CONTINUOUS
10
50.7800000000000011
20
-49.1199999999999974
11
50.7800000000000011
21
-49.2800000000000011
0
LINE
8
BLACK
6
CONTINUOUS
10
53.8599999999999994
20
-49.2800000000000011
11
53.2999999999999972
21
-49.2800000000000011
0
LINE
8
BLACK
6
CONTINUOUS
10
53.2999999999999972
20
-49.2800000000000011
11
53.2999999999999972
21
-49.1199999999999974
0
LINE
8
BLACK
6
CONTINUOUS
10
53.2999999999999972
20
-49.1199999999999974
11
53.8599999999999994
21
-49.1199999999999974
0
LINE
8
BLACK
6
CONTINUOUS
10
53.8599999999999994
20
-49.1199999999999974
11
53.8599999999999994
21
-49.2800000000000011
0
LINE
8
BLACK
6
CONTINUOUS
10
84.7000000000000028
20
-49.2800000000000011
11
84.1400000000000006
21
-49.2800000000000011
0
LINE
8
BLACK
6
CONTINUOUS
10
84.1400000000000006
20
-49.2800000000000011
11
84.1400000000000006
21
-49.1199999999999974
0
LINE
8
BLACK
6
CONTINUOUS
10
84.1400000000000006
20
-49.1199999999999974
11
84.7000000000000028
21
-49.1199999999999974
0
LINE
8
BLACK
6
CONTINUOUS
10
84.7000000000000028
20
-49.1199999999999974
11
84.7000000000000028
21
-49.2800000000000011
0
LINE
8
BLACK
6
CONTINUOUS
10
87.7800000000000011
20
-49.2800000000000011
11
87.2199999999999989
21
-49.2800000000000011
0
LINE
8
BLACK
6
CONTINUOUS
10
87.2199999999999989
20
-49.2800000000000011
11
87.2199999999999989
21
-49.1199999999999974
0
LINE
8
BLACK
6
CONTINUOUS
10
87.2199999999999989
20
-49.1199999999999974
11
87.7800000000000011
21
-49.1199999999999974
0
LINE
8
BLACK
6
CONTINUOUS
10
87.7800000000000011
20
-49.1199999999999974
11
87.7800000000000011
21
-49.2800000000000011
0
LINE
8
BLACK
6
CONTINUOUS
10
94.0899999999999892
20
-48.9499999999999957
11
93.5300000000000011
21
-48.9499999999999957
0
LINE
8
BLACK
6
CONTINUOUS
10
93.5300000000000011
20
-48.9499999999999957
11
93.5300000000000011
21
-48.25
0
LINE
8
BLACK
6
CONTINUOUS
10
93.5300000000000011
20
-48.25
11
94.0899999999999892
21
-48.25
0
LINE
8
BLACK
6
CONTINUOUS
10
94.0899999999999892
20
-48.25
11
94.0899999999999892
21
-48.9499999999999957
0
LINE
8
BLACK
6
CONTINUOUS
10
96.2999999999999972
20
-48.9499999999999957
11
95.7399999999999949
21
-48.9499999999999957
0
LINE
8
BLACK
6
CONTINUOUS
10
95.7399999999999949
20
-48.9499999999999957
11
95.7399999999999949
21
-48.25
0
LINE
8
BLACK
6
CONTINUOUS
10
95.7399999999999949
20
-48.25
11
96.2999999999999972
21
-48.25
0
LINE
8
BLACK
6
CONTINUOUS
10
96.2999999999999972
20
-48.25
11
96.2999999999999972
21
-48.9499999999999957
0
LINE
8
BLACK
6
CONTINUOUS
10
100.6114319999999935
20
-48.2854929999999953
11
100.6454959999999943
21
-48.308253999999998
0
LINE
8
BLACK
6
CONTINUOUS
10
100.6454959999999943
20
-48.308253999999998
11
100.668256999999997
21
-48.3423179999999988
0
LINE
8
BLACK
6
CONTINUOUS
10
100.668256999999997
20
-48.3423179999999988
11
100.676249999999996
21
-48.3825000000000003
0
LINE
8
BLACK
6
CONTINUOUS
10
100.676249999999996
20
-48.3825000000000003
11
100.676249999999996
21
-48.5925000000000011
0
LINE
8
BLACK
6
CONTINUOUS
10
100.676249999999996
20
-48.5925000000000011
11
100.668256999999997
21
-48.6326819999999955
0
LINE
8
BLACK
6
CONTINUOUS
10
100.668256999999997
20
-48.6326819999999955
11
100.6454959999999943
21
-48.6667459999999963
0
LINE
8
BLACK
6
CONTINUOUS
10
100.6454959999999943
20
-48.6667459999999963
11
100.6114319999999935
21
-48.689506999999999
0
LINE
8
BLACK
6
CONTINUOUS
10
100.6114319999999935
20
-48.689506999999999
11
100.571249999999992
21
-48.697499999999998
0
LINE
8
BLACK
6
CONTINUOUS
10
100.571249999999992
20
-48.697499999999998
11
99.8537499999999909
21
-48.697499999999998
0
LINE
8
BLACK
6
CONTINUOUS
10
99.8537499999999909
20
-48.697499999999998
11
99.8135679999999894
21
-48.689506999999999
0
LINE
8
BLACK
6
CONTINUOUS
10
99.8135679999999894
20
-48.689506999999999
11
99.7795039999999887
21
-48.6667459999999963
0
LINE
8
BLACK
6
CONTINUOUS
10
99.7795039999999887
20
-48.6667459999999963
11
99.7567430000000002
21
-48.6326819999999955
0
LINE
8
BLACK
6
CONTINUOUS
10
99.7567430000000002
20
-48.6326819999999955
11
99.7487500000000011
21
-48.5925000000000011
0
LINE
8
BLACK
6
CONTINUOUS
10
99.7487500000000011
20
-48.5925000000000011
11
99.7487500000000011
21
-48.3825000000000003
0
LINE
8
BLACK
6
CONTINUOUS
10
99.7487500000000011
20
-48.3825000000000003
11
99.7567430000000002
21
-48.3423179999999988
0
LINE
8
BLACK
6
CONTINUOUS
10
99.7567430000000002
20
-48.3423179999999988
11
99.7795039999999887
21
-48.308253999999998
0
LINE
8
BLACK
6
CONTINUOUS
10
99.7795039999999887
20
-48.308253999999998
11
99.8135679999999894
21
-48.2854929999999953
0
LINE
8
BLACK
6
CONTINUOUS
10
99.8135679999999894
20
-48.2854929999999953
11
99.8537499999999909
21
-48.2774999999999963
0
LINE
8
BLACK
6
CONTINUOUS
10
99.8537499999999909
20
-48.2774999999999963
11
100.571249999999992
21
-48.2774999999999963
0
LINE
8
BLACK
6
CONTINUOUS
10
100.571249999999992
20
-48.2774999999999963
11
100.6114319999999935
21
-48.2854929999999953
0
LINE
8
BLACK
6
CONTINUOUS
10
102.8864319999999992
20
-48.2854929999999953
11
102.920496
21
-48.308253999999998
0
LINE
8
BLACK
6
CONTINUOUS
10
102.920496
20
-48.308253999999998
11
102.9432569999999885
21
-48.3423179999999988
0
LINE
8
BLACK
6
CONTINUOUS
10
102.9432569999999885
20
-48.3423179999999988
11
102.9512500000000017
21
-48.3825000000000003
0
LINE
8
BLACK
6
CONTINUOUS
10
102.9512500000000017
20
-48.3825000000000003
11
102.9512500000000017
21
-48.5925000000000011
0
LINE
8
BLACK
6
CONTINUOUS
10
102.9512500000000017
20
-48.5925000000000011
11
102.9432569999999885
21
-48.6326819999999955
0
LINE
8
BLACK
6
CONTINUOUS
10
102.9432569999999885
20
-48.6326819999999955
11
102.920496
21
-48.6667459999999963
0
LINE
8
BLACK
6
CONTINUOUS
10
102.920496
20
-48.6667459999999963
11
102.8864319999999992
21
-48.689506999999999
0
LINE
8
BLACK
6
CONTINUOUS
10
102.8864319999999992
20
-48.689506999999999
11
102.8462499999999977
21
-48.697499999999998
0
LINE
8
BLACK
6
CONTINUOUS
10
102.8462499999999977
20
-48.697499999999998
11
102.1287499999999966
21
-48.697499999999998
0
LINE
8
BLACK
6
CONTINUOUS
10
102.1287499999999966
20
-48.697499999999998
11
102.0885679999999951
21
-48.689506999999999
0
LINE
8
BLACK
6
CONTINUOUS
10
102.0885679999999951
20
-48.689506999999999
11
102.0545039999999943
21
-48.6667459999999963
0
LINE
8
BLACK
6
CONTINUOUS
10
102.0545039999999943
20
-48.6667459999999963
11
102.0317429999999916
21
-48.6326819999999955
0
LINE
8
BLACK
6
CONTINUOUS
10
102.0317429999999916
20
-48.6326819999999955
11
102.0237499999999926
21
-48.5925000000000011
0
LINE
8
BLACK
6
CONTINUOUS
10
102.0237499999999926
20
-48.5925000000000011
11
102.0237499999999926
21
-48.3825000000000003
0
LINE
8
BLACK
6
CONTINUOUS
10
102.0237499999999926
20
-48.3825000000000003
11
102.0317429999999916
21
-48.3423179999999988
0
LINE
8
BLACK
6
CONTINUOUS
10
102.0317429999999916
20
-48.3423179999999988
11
102.0545039999999943
21
-48.308253999999998
0
LINE
8
BLACK
6
CONTINUOUS
10
102.0545039999999943
20
-48.308253999999998
11
102.0885679999999951
21
-48.2854929999999953
0
LINE
8
BLACK
6
CONTINUOUS
10
102.0885679999999951
20
-48.2854929999999953
11
102.1287499999999966
21
-48.2774999999999963
0
LINE
8
BLACK
6
CONTINUOUS
10
102.1287499999999966
20
-48.2774999999999963
11
102.8462499999999977
21
-48.2774999999999963
0
LINE
8
BLACK
6
CONTINUOUS
10
102.8462499999999977
20
-48.2774999999999963
11
102.8864319999999992
21
-48.2854929999999953
0
LINE
8
BLACK
6
CONTINUOUS
10
100.6114319999999935
20
-47.3354929999999996
11
100.6454959999999943
21
-47.3582539999999952
0
LINE
8
BLACK
6
CONTINUOUS
10
100.6454959999999943
20
-47.3582539999999952
11
100.668256999999997
21
-47.3923179999999959
0
LINE
8
BLACK
6
CONTINUOUS
10
100.668256999999997
20
-47.3923179999999959
11
100.676249999999996
21
-47.4324999999999974
0
LINE
8
BLACK
6
CONTINUOUS
10
100.676249999999996
20
-47.4324999999999974
11
100.676249999999996
21
-47.6424999999999983
0
LINE
8
BLACK
6
CONTINUOUS
10
100.676249999999996
20
-47.6424999999999983
11
100.668256999999997
21
-47.6826819999999998
0
LINE
8
BLACK
6
CONTINUOUS
10
100.668256999999997
20
-47.6826819999999998
11
100.6454959999999943
21
-47.7167460000000005
0
LINE
8
BLACK
6
CONTINUOUS
10
100.6454959999999943
20
-47.7167460000000005
11
100.6114319999999935
21
-47.7395069999999961
0
LINE
8
BLACK
6
CONTINUOUS
10
100.6114319999999935
20
-47.7395069999999961
11
100.571249999999992
21
-47.7474999999999952
0
LINE
8
BLACK
6
CONTINUOUS
10
100.571249999999992
20
-47.7474999999999952
11
99.8537499999999909
21
-47.7474999999999952
0
LINE
8
BLACK
6
CONTINUOUS
10
99.8537499999999909
20
-47.7474999999999952
11
99.8135679999999894
21
-47.7395069999999961
0
LINE
8
BLACK
6
CONTINUOUS
10
99.8135679999999894
20
-47.7395069999999961
11
99.7795039999999887
21
-47.7167460000000005
0
LINE
8
BLACK
6
CONTINUOUS
10
99.7795039999999887
20
-47.7167460000000005
11
99.7567430000000002
21
-47.6826819999999998
0
LINE
8
BLACK
6
CONTINUOUS
10
99.7567430000000002
20
-47.6826819999999998
11
99.7487500000000011
21
-47.6424999999999983
0
LINE
8
BLACK
6
CONTINUOUS
10
99.7487500000000011
20
-47.6424999999999983
11
99.7487500000000011
21
-47.4324999999999974
0
LINE
8
BLACK
6
CONTINUOUS
10
99.7487500000000011
20
-47.4324999999999974
11
99.7567430000000002
21
-47.3923179999999959
0
LINE
8
BLACK
6
CONTINUOUS
10
99.7567430000000002
20
-47.3923179999999959
11
99.7795039999999887
21
-47.3582539999999952
0
LINE
8
BLACK
6
CONTINUOUS
10
99.7795039999999887
20
-47.3582539999999952
11
99.8135679999999894
21
-47.3354929999999996
0
LINE
8
BLACK
6
CONTINUOUS
10
99.8135679999999894
20
-47.3354929999999996
11
99.8537499999999909
21
-47.3275000000000006
0
LINE
8
BLACK
6
CONTINUOUS
10
99.8537499999999909
20
-47.3275000000000006
11
100.571249999999992
21
-47.3275000000000006
0
LINE
8
BLACK
6
CONTINUOUS
10
100.571249999999992
20
-47.3275000000000006
11
100.6114319999999935
21
-47.3354929999999996
0
LINE
8
BLACK
6
CONTINUOUS
10
93.6850000000000023
20
-47.4450000000000003
11
92.6349999999999909
21
-47.4450000000000003
0
LINE
8
BLACK
6
CONTINUOUS
10
92.6349999999999909
20
-47.4450000000000003
11
92.6349999999999909
21
-46.9549999999999983
0
LINE
8
BLACK
6
CONTINUOUS
10
92.6349999999999909
20
-46.9549999999999983
11
93.6850000000000023
21
-46.9549999999999983
0
LINE
8
BLACK
6
CONTINUOUS
10
93.6850000000000023
20
-46.9549999999999983
11
93.6850000000000023
21
-47.4450000000000003
0
LINE
8
BLACK
6
CONTINUOUS
10
100.6114319999999935
20
-46.3854929999999968
11
100.6454959999999943
21
-46.4082539999999995
0
LINE
8
BLACK
6
CONTINUOUS
10
100.6454959999999943
20
-46.4082539999999995
11
100.668256999999997
21
-46.4423180000000002
0
LINE
8
BLACK
6
CONTINUOUS
10
100.668256999999997
20
-46.4423180000000002
11
100.676249999999996
21
-46.4824999999999946
0
LINE
8
BLACK
6
CONTINUOUS
10
100.676249999999996
20
-46.4824999999999946
11
100.676249999999996
21
-46.6924999999999955
0
LINE
8
BLACK
6
CONTINUOUS
10
100.676249999999996
20
-46.6924999999999955
11
100.668256999999997
21
-46.7326819999999969
0
LINE
8
BLACK
6
CONTINUOUS
10
100.668256999999997
20
-46.7326819999999969
11
100.6454959999999943
21
-46.7667459999999977
0
LINE
8
BLACK
6
CONTINUOUS
10
100.6454959999999943
20
-46.7667459999999977
11
100.6114319999999935
21
-46.7895070000000004
0
LINE
8
BLACK
6
CONTINUOUS
10
100.6114319999999935
20
-46.7895070000000004
11
100.571249999999992
21
-46.7974999999999994
0
LINE
8
BLACK
6
CONTINUOUS
10
100.571249999999992
20
-46.7974999999999994
11
99.8537499999999909
21
-46.7974999999999994
0
LINE
8
BLACK
6
CONTINUOUS
10
99.8537499999999909
20
-46.7974999999999994
11
99.8135679999999894
21
-46.7895070000000004
0
LINE
8
BLACK
6
CONTINUOUS
10
99.8135679999999894
20
-46.7895070000000004
11
99.7795039999999887
21
-46.7667459999999977
0
LINE
8
BLACK
6
CONTINUOUS
10
99.7795039999999887
20
-46.7667459999999977
11
99.7567430000000002
21
-46.7326819999999969
0
LINE
8
BLACK
6
CONTINUOUS
10
99.7567430000000002
20
-46.7326819999999969
11
99.7487500000000011
21
-46.6924999999999955
0
LINE
8
BLACK
6
CONTINUOUS
10
99.7487500000000011
20
-46.6924999999999955
11
99.7487500000000011
21
-46.4824999999999946
0
LINE
8
BLACK
6
CONTINUOUS
10
99.7487500000000011
20
-46.4824999999999946
11
99.7567430000000002
21
-46.4423180000000002
0
LINE
8
BLACK
6
CONTINUOUS
10
99.7567430000000002
20
-46.4423180000000002
11
99.7795039999999887
21
-46.4082539999999995
0
LINE
8
BLACK
6
CONTINUOUS
10
99.7795039999999887
20
-46.4082539999999995
11
99.8135679999999894
21
-46.3854929999999968
0
LINE
8
BLACK
6
CONTINUOUS
10
99.8135679999999894
20
-46.3854929999999968
11
99.8537499999999909
21
-46.3774999999999977
0
LINE
8
BLACK
6
CONTINUOUS
10
99.8537499999999909
20
-46.3774999999999977
11
100.571249999999992
21
-46.3774999999999977
0
LINE
8
BLACK
6
CONTINUOUS
10
100.571249999999992
20
-46.3774999999999977
11
100.6114319999999935
21
-46.3854929999999968
0
LINE
8
BLACK
6
CONTINUOUS
10
102.8864319999999992
20
-46.3854929999999968
11
102.920496
21
-46.4082539999999995
0
LINE
8
BLACK
6
CONTINUOUS
10
102.920496
20
-46.4082539999999995
11
102.9432569999999885
21
-46.4423180000000002
0
LINE
8
BLACK
6
CONTINUOUS
10
102.9432569999999885
20
-46.4423180000000002
11
102.9512500000000017
21
-46.4824999999999946
0
LINE
8
BLACK
6
CONTINUOUS
10
102.9512500000000017
20
-46.4824999999999946
11
102.9512500000000017
21
-46.6924999999999955
0
LINE
8
BLACK
6
CONTINUOUS
10
102.9512500000000017
20
-46.6924999999999955
11
102.9432569999999885
21
-46.7326819999999969
0
LINE
8
BLACK
6
CONTINUOUS
10
102.9432569999999885
20
-46.7326819999999969
11
102.920496
21
-46.7667459999999977
0
LINE
8
BLACK
6
CONTINUOUS
10
102.920496
20
-46.7667459999999977
11
102.8864319999999992
21
-46.7895070000000004
0
LINE
8
BLACK
6
CONTINUOUS
10
102.8864319999999992
20
-46.7895070000000004
11
102.8462499999999977
21
-46.7974999999999994
0
LINE
8
BLACK
6
CONTINUOUS
10
102.8462499999999977
20
-46.7974999999999994
11
102.1287499999999966
21
-46.7974999999999994
0
LINE
8
BLACK
6
CONTINUOUS
10
102.1287499999999966
20
-46.7974999999999994
11
102.0885679999999951
21
-46.7895070000000004
0
LINE
8
BLACK
6
CONTINUOUS
10
102.0885679999999951
20
-46.7895070000000004
11
102.0545039999999943
21
-46.7667459999999977
0
LINE
8
BLACK
6
CONTINUOUS
10
102.0545039999999943
20
-46.7667459999999977
11
102.0317429999999916
21
-46.7326819999999969
0
LINE
8
BLACK
6
CONTINUOUS
10
102.0317429999999916
20
-46.7326819999999969
11
102.0237499999999926
21
-46.6924999999999955
0
LINE
8
BLACK
6
CONTINUOUS
10
102.0237499999999926
20
-46.6924999999999955
11
102.0237499999999926
21
-46.4824999999999946
0
LINE
8
BLACK
6
CONTINUOUS
10
102.0237499999999926
20
-46.4824999999999946
11
102.0317429999999916
21
-46.4423180000000002
0
LINE
8
BLACK
6
CONTINUOUS
10
102.0317429999999916
20
-46.4423180000000002
11
102.0545039999999943
21
-46.4082539999999995
0
LINE
8
BLACK
6
CONTINUOUS
10
102.0545039999999943
20
-46.4082539999999995
11
102.0885679999999951
21
-46.3854929999999968
0
LINE
8
BLACK
6
CONTINUOUS
10
102.0885679999999951
20
-46.3854929999999968
11
102.1287499999999966
21
-46.3774999999999977
0
LINE
8
BLACK
6
CONTINUOUS
10
102.1287499999999966
20
-46.3774999999999977
11
102.8462499999999977
21
-46.3774999999999977
0
LINE
8
BLACK
6
CONTINUOUS
10
102.8462499999999977
20
-46.3774999999999977
11
102.8864319999999992
21
-46.3854929999999968
0
LINE
8
BLACK
6
CONTINUOUS
10
100.8419699999999892
20
-44.1058209999999988
11
100.8987439999999935
21
-44.1437559999999962
0
LINE
8
BLACK
6
CONTINUOUS
10
100.8987439999999935
20
-44.1437559999999962
11
100.936678999999998
21
-44.2005300000000005
0
LINE
8
BLACK
6
CONTINUOUS
10
100.936678999999998
20
-44.2005300000000005
11
100.9499999999999886
21
-44.2674999999999983
0
LINE
8
BLACK
6
CONTINUOUS
10
100.9499999999999886
20
-44.2674999999999983
11
100.9499999999999886
21
-44.9324999999999974
0
LINE
8
BLACK
6
CONTINUOUS
10
100.9499999999999886
20
-44.9324999999999974
11
100.936678999999998
21
-44.9994699999999952
0
LINE
8
BLACK
6
CONTINUOUS
10
100.936678999999998
20
-44.9994699999999952
11
100.8987439999999935
21
-45.0562439999999995
0
LINE
8
BLACK
6
CONTINUOUS
10
100.8987439999999935
20
-45.0562439999999995
11
100.8419699999999892
21
-45.0941789999999969
0
LINE
8
BLACK
6
CONTINUOUS
10
100.8419699999999892
20
-45.0941789999999969
11
100.7749999999999915
21
-45.1074999999999946
0
LINE
8
BLACK
6
CONTINUOUS
10
100.7749999999999915
20
-45.1074999999999946
11
100.4249999999999972
21
-45.1074999999999946
0
LINE
8
BLACK
6
CONTINUOUS
10
100.4249999999999972
20
-45.1074999999999946
11
100.3580299999999994
21
-45.0941789999999969
0
LINE
8
BLACK
6
CONTINUOUS
10
100.3580299999999994
20
-45.0941789999999969
11
100.3012559999999951
21
-45.0562439999999995
0
LINE
8
BLACK
6
CONTINUOUS
10
100.3012559999999951
20
-45.0562439999999995
11
100.2633209999999906
21
-44.9994699999999952
0
LINE
8
BLACK
6
CONTINUOUS
10
100.2633209999999906
20
-44.9994699999999952
11
100.25
21
-44.9324999999999974
0
LINE
8
BLACK
6
CONTINUOUS
10
100.25
20
-44.9324999999999974
11
100.25
21
-44.2674999999999983
0
LINE
8
BLACK
6
CONTINUOUS
10
100.25
20
-44.2674999999999983
11
100.2633209999999906
21
-44.2005300000000005
0
LINE
8
BLACK
6
CONTINUOUS
10
100.2633209999999906
20
-44.2005300000000005
11
100.3012559999999951
21
-44.1437559999999962
0
LINE
8
BLACK
6
CONTINUOUS
10
100.3012559999999951
20
-44.1437559999999962
11
100.3580299999999994
21
-44.1058209999999988
0
LINE
8
BLACK
6
CONTINUOUS
10
100.3580299999999994
20
-44.1058209999999988
11
100.4249999999999972
21
-44.0925000000000011
0
LINE
8
BLACK
6
CONTINUOUS
10
100.4249999999999972
20
-44.0925000000000011
11
100.7749999999999915
21
-44.0925000000000011
0
LINE
8
BLACK
6
CONTINUOUS
10
100.7749999999999915
20
-44.0925000000000011
11
100.8419699999999892
21
-44.1058209999999988
0
LINE
8
BLACK
6
CONTINUOUS
10
102.7419699999999949
20
-44.1058209999999988
11
102.7987439999999992
21
-44.1437559999999962
0
LINE
8
BLACK
6
CONTINUOUS
10
102.7987439999999992
20
-44.1437559999999962
11
102.8366789999999895
21
-44.2005300000000005
0
LINE
8
BLACK
6
CONTINUOUS
10
102.8366789999999895
20
-44.2005300000000005
11
102.8499999999999943
21
-44.2674999999999983
0
LINE
8
BLACK
6
CONTINUOUS
10
102.8499999999999943
20
-44.2674999999999983
11
102.8499999999999943
21
-44.9324999999999974
0
LINE
8
BLACK
6
CONTINUOUS
10
102.8499999999999943
20
-44.9324999999999974
11
102.8366789999999895
21
-44.9994699999999952
0
LINE
8
BLACK
6
CONTINUOUS
10
102.8366789999999895
20
-44.9994699999999952
11
102.7987439999999992
21
-45.0562439999999995
0
LINE
8
BLACK
6
CONTINUOUS
10
102.7987439999999992
20
-45.0562439999999995
11
102.7419699999999949
21
-45.0941789999999969
0
LINE
8
BLACK
6
CONTINUOUS
10
102.7419699999999949
20
-45.0941789999999969
11
102.6749999999999972
21
-45.1074999999999946
0
LINE
8
BLACK
6
CONTINUOUS
10
102.6749999999999972
20
-45.1074999999999946
11
102.3249999999999886
21
-45.1074999999999946
0
LINE
8
BLACK
6
CONTINUOUS
10
102.3249999999999886
20
-45.1074999999999946
11
102.2580299999999909
21
-45.0941789999999969
0
LINE
8
BLACK
6
CONTINUOUS
10
102.2580299999999909
20
-45.0941789999999969
11
102.2012560000000008
21
-45.0562439999999995
0
LINE
8
BLACK
6
CONTINUOUS
10
102.2012560000000008
20
-45.0562439999999995
11
102.1633209999999963
21
-44.9994699999999952
0
LINE
8
BLACK
6
CONTINUOUS
10
102.1633209999999963
20
-44.9994699999999952
11
102.1499999999999915
21
-44.9324999999999974
0
LINE
8
BLACK
6
CONTINUOUS
10
102.1499999999999915
20
-44.9324999999999974
11
102.1499999999999915
21
-44.2674999999999983
0
LINE
8
BLACK
6
CONTINUOUS
10
102.1499999999999915
20
-44.2674999999999983
11
102.1633209999999963
21
-44.2005300000000005
0
LINE
8
BLACK
6
CONTINUOUS
10
102.1633209999999963
20
-44.2005300000000005
11
102.2012560000000008
21
-44.1437559999999962
0
LINE
8
BLACK
6
CONTINUOUS
10
102.2012560000000008
20
-44.1437559999999962
11
102.2580299999999909
21
-44.1058209999999988
0
LINE
8
BLACK
6
CONTINUOUS
10
102.2580299999999909
20
-44.1058209999999988
11
102.3249999999999886
21
-44.0925000000000011
0
LINE
8
BLACK
6
CONTINUOUS
10
102.3249999999999886
20
-44.0925000000000011
11
102.6749999999999972
21
-44.0925000000000011
0
LINE
8
BLACK
6
CONTINUOUS
10
102.6749999999999972
20
-44.0925000000000011
11
102.7419699999999949
21
-44.1058209999999988
0
LINE
8
BLACK
6
CONTINUOUS
10
107.6261089999999996
20
-44.0297959999999975
11
107.6465479999999957
21
-44.0434519999999949
0
LINE
8
BLACK
6
CONTINUOUS
10
107.6465479999999957
20
-44.0434519999999949
11
107.6602039999999931
21
-44.0638909999999981
0
LINE
8
BLACK
6
CONTINUOUS
10
107.6602039999999931
20
-44.0638909999999981
11
107.664999999999992
21
-44.088000000000001
0
LINE
8
BLACK
6
CONTINUOUS
10
107.664999999999992
20
-44.088000000000001
11
107.664999999999992
21
-45.0120000000000005
0
LINE
8
BLACK
6
CONTINUOUS
10
107.664999999999992
20
-45.0120000000000005
11
107.6602039999999931
21
-45.0361089999999962
0
LINE
8
BLACK
6
CONTINUOUS
10
107.6602039999999931
20
-45.0361089999999962
11
107.6465479999999957
21
-45.0565479999999994
0
LINE
8
BLACK
6
CONTINUOUS
10
107.6465479999999957
20
-45.0565479999999994
11
107.6261089999999996
21
-45.0702039999999968
0
LINE
8
BLACK
6
CONTINUOUS
10
107.6261089999999996
20
-45.0702039999999968
11
107.6019999999999897
21
-45.0749999999999957
0
LINE
8
BLACK
6
CONTINUOUS
10
107.6019999999999897
20
-45.0749999999999957
11
107.097999999999999
21
-45.0749999999999957
0
LINE
8
BLACK
6
CONTINUOUS
10
107.097999999999999
20
-45.0749999999999957
11
107.073890999999989
21
-45.0702039999999968
0
LINE
8
BLACK
6
CONTINUOUS
10
107.073890999999989
20
-45.0702039999999968
11
107.0534519999999929
21
-45.0565479999999994
0
LINE
8
BLACK
6
CONTINUOUS
10
107.0534519999999929
20
-45.0565479999999994
11
107.0397959999999955
21
-45.0361089999999962
0
LINE
8
BLACK
6
CONTINUOUS
10
107.0397959999999955
20
-45.0361089999999962
11
107.0349999999999966
21
-45.0120000000000005
0
LINE
8
BLACK
6
CONTINUOUS
10
107.0349999999999966
20
-45.0120000000000005
11
107.0349999999999966
21
-44.088000000000001
0
LINE
8
BLACK
6
CONTINUOUS
10
107.0349999999999966
20
-44.088000000000001
11
107.0397959999999955
21
-44.0638909999999981
0
LINE
8
BLACK
6
CONTINUOUS
10
107.0397959999999955
20
-44.0638909999999981
11
107.0534519999999929
21
-44.0434519999999949
0
LINE
8
BLACK
6
CONTINUOUS
10
107.0534519999999929
20
-44.0434519999999949
11
107.073890999999989
21
-44.0297959999999975
0
LINE
8
BLACK
6
CONTINUOUS
10
107.073890999999989
20
-44.0297959999999975
11
107.097999999999999
21
-44.0249999999999986
0
LINE
8
BLACK
6
CONTINUOUS
10
107.097999999999999
20
-44.0249999999999986
11
107.6019999999999897
21
-44.0249999999999986
0
LINE
8
BLACK
6
CONTINUOUS
10
107.6019999999999897
20
-44.0249999999999986
11
107.6261089999999996
21
-44.0297959999999975
0
LINE
8
BLACK
6
CONTINUOUS
10
110.9261089999999967
20
-44.0297959999999975
11
110.9465479999999928
21
-44.0434519999999949
0
LINE
8
BLACK
6
CONTINUOUS
10
110.9465479999999928
20
-44.0434519999999949
11
110.9602039999999903
21
-44.0638909999999981
0
LINE
8
BLACK
6
CONTINUOUS
10
110.9602039999999903
20
-44.0638909999999981
11
110.9649999999999892
21
-44.088000000000001
0
LINE
8
BLACK
6
CONTINUOUS
10
110.9649999999999892
20
-44.088000000000001
11
110.9649999999999892
21
-45.0120000000000005
0
LINE
8
BLACK
6
CONTINUOUS
10
110.9649999999999892
20
-45.0120000000000005
11
110.9602039999999903
21
-45.0361089999999962
0
LINE
8
BLACK
6
CONTINUOUS
10
110.9602039999999903
20
-45.0361089999999962
11
110.9465479999999928
21
-45.0565479999999994
0
LINE
8
BLACK
6
CONTINUOUS
10
110.9465479999999928
20
-45.0565479999999994
11
110.9261089999999967
21
-45.0702039999999968
0
LINE
8
BLACK
6
CONTINUOUS
10
110.9261089999999967
20
-45.0702039999999968
11
110.902000000000001
21
-45.0749999999999957
0
LINE
8
BLACK
6
CONTINUOUS
10
110.902000000000001
20
-45.0749999999999957
11
110.3979999999999961
21
-45.0749999999999957
0
LINE
8
BLACK
6
CONTINUOUS
10
110.3979999999999961
20
-45.0749999999999957
11
110.3738910000000004
21
-45.0702039999999968
0
LINE
8
BLACK
6
CONTINUOUS
10
110.3738910000000004
20
-45.0702039999999968
11
110.3534519999999901
21
-45.0565479999999994
0
LINE
8
BLACK
6
CONTINUOUS
10
110.3534519999999901
20
-45.0565479999999994
11
110.3397959999999927
21
-45.0361089999999962
0
LINE
8
BLACK
6
CONTINUOUS
10
110.3397959999999927
20
-45.0361089999999962
11
110.3349999999999937
21
-45.0120000000000005
0
LINE
8
BLACK
6
CONTINUOUS
10
110.3349999999999937
20
-45.0120000000000005
11
110.3349999999999937
21
-44.088000000000001
0
LINE
8
BLACK
6
CONTINUOUS
10
110.3349999999999937
20
-44.088000000000001
11
110.3397959999999927
21
-44.0638909999999981
0
LINE
8
BLACK
6
CONTINUOUS
10
110.3397959999999927
20
-44.0638909999999981
11
110.3534519999999901
21
-44.0434519999999949
0
LINE
8
BLACK
6
CONTINUOUS
10
110.3534519999999901
20
-44.0434519999999949
11
110.3738910000000004
21
-44.0297959999999975
0
LINE
8
BLACK
6
CONTINUOUS
10
110.3738910000000004
20
-44.0297959999999975
11
110.3979999999999961
21
-44.0249999999999986
0
LINE
8
BLACK
6
CONTINUOUS
10
110.3979999999999961
20
-44.0249999999999986
11
110.902000000000001
21
-44.0249999999999986
0
LINE
8
BLACK
6
CONTINUOUS
10
110.902000000000001
20
-44.0249999999999986
11
110.9261089999999967
21
-44.0297959999999975
0
LINE
8
BLACK
6
CONTINUOUS
10
93.6850000000000023
20
-44.4450000000000003
11
92.6349999999999909
21
-44.4450000000000003
0
LINE
8
BLACK
6
CONTINUOUS
10
92.6349999999999909
20
-44.4450000000000003
11
92.6349999999999909
21
-43.9549999999999983
0
LINE
8
BLACK
6
CONTINUOUS
10
92.6349999999999909
20
-43.9549999999999983
11
93.6850000000000023
21
-43.9549999999999983
0
LINE
8
BLACK
6
CONTINUOUS
10
93.6850000000000023
20
-43.9549999999999983
11
93.6850000000000023
21
-44.4450000000000003
0
LINE
8
BLACK
6
CONTINUOUS
10
100.7419699999999949
20
-41.9558210000000003
11
100.7987439999999992
21
-41.9937559999999976
0
LINE
8
BLACK
6
CONTINUOUS
10
100.7987439999999992
20
-41.9937559999999976
11
100.8366789999999895
21
-42.0505299999999949
0
LINE
8
BLACK
6
CONTINUOUS
10
100.8366789999999895
20
-42.0505299999999949
11
100.8499999999999943
21
-42.1174999999999997
0
LINE
8
BLACK
6
CONTINUOUS
10
100.8499999999999943
20
-42.1174999999999997
11
100.8499999999999943
21
-42.7824999999999989
0
LINE
8
BLACK
6
CONTINUOUS
10
100.8499999999999943
20
-42.7824999999999989
11
100.8366789999999895
21
-42.8494699999999966
0
LINE
8
BLACK
6
CONTINUOUS
10
100.8366789999999895
20
-42.8494699999999966
11
100.7987439999999992
21
-42.9062440000000009
0
LINE
8
BLACK
6
CONTINUOUS
10
100.7987439999999992
20
-42.9062440000000009
11
100.7419699999999949
21
-42.9441789999999983
0
LINE
8
BLACK
6
CONTINUOUS
10
100.7419699999999949
20
-42.9441789999999983
11
100.6749999999999972
21
-42.957499999999996
0
LINE
8
BLACK
6
CONTINUOUS
10
100.6749999999999972
20
-42.957499999999996
11
100.3249999999999886
21
-42.957499999999996
0
LINE
8
BLACK
6
CONTINUOUS
10
100.3249999999999886
20
-42.957499999999996
11
100.2580299999999909
21
-42.9441789999999983
0
LINE
8
BLACK
6
CONTINUOUS
10
100.2580299999999909
20
-42.9441789999999983
11
100.2012560000000008
21
-42.9062440000000009
0
LINE
8
BLACK
6
CONTINUOUS
10
100.2012560000000008
20
-42.9062440000000009
11
100.1633209999999963
21
-42.8494699999999966
0
LINE
8
BLACK
6
CONTINUOUS
10
100.1633209999999963
20
-42.8494699999999966
11
100.1499999999999915
21
-42.7824999999999989
0
LINE
8
BLACK
6
CONTINUOUS
10
100.1499999999999915
20
-42.7824999999999989
11
100.1499999999999915
21
-42.1174999999999997
0
LINE
8
BLACK
6
CONTINUOUS
10
100.1499999999999915
20
-42.1174999999999997
11
100.1633209999999963
21
-42.0505299999999949
0
LINE
8
BLACK
6
CONTINUOUS
10
100.1633209999999963
20
-42.0505299999999949
11
100.2012560000000008
21
-41.9937559999999976
0
LINE
8
BLACK
6
CONTINUOUS
10
100.2012560000000008
20
-41.9937559999999976
11
100.2580299999999909
21
-41.9558210000000003
0
LINE
8
BLACK
6
CONTINUOUS
10
100.2580299999999909
20
-41.9558210000000003
11
100.3249999999999886
21
-41.9424999999999955
0
LINE
8
BLACK
6
CONTINUOUS
10
100.3249999999999886
20
-41.9424999999999955
11
100.6749999999999972
21
-41.9424999999999955
0
LINE
8
BLACK
6
CONTINUOUS
10
100.6749999999999972
20
-41.9424999999999955
11
100.7419699999999949
21
-41.9558210000000003
0
LINE
8
BLACK
6
CONTINUOUS
10
102.6419700000000006
20
-41.9558210000000003
11
102.6987439999999907
21
-41.9937559999999976
0
LINE
8
BLACK
6
CONTINUOUS
10
102.6987439999999907
20
-41.9937559999999976
11
102.7366789999999952
21
-42.0505299999999949
0
LINE
8
BLACK
6
CONTINUOUS
10
102.7366789999999952
20
-42.0505299999999949
11
102.75
21
-42.1174999999999997
0
LINE
8
BLACK
6
CONTINUOUS
10
102.75
20
-42.1174999999999997
11
102.75
21
-42.7824999999999989
0
LINE
8
BLACK
6
CONTINUOUS
10
102.75
20
-42.7824999999999989
11
102.7366789999999952
21
-42.8494699999999966
0
LINE
8
BLACK
6
CONTINUOUS
10
102.7366789999999952
20
-42.8494699999999966
11
102.6987439999999907
21
-42.9062440000000009
0
LINE
8
BLACK
6
CONTINUOUS
10
102.6987439999999907
20
-42.9062440000000009
11
102.6419700000000006
21
-42.9441789999999983
0
LINE
8
BLACK
6
CONTINUOUS
10
102.6419700000000006
20
-42.9441789999999983
11
102.5749999999999886
21
-42.957499999999996
0
LINE
8
BLACK
6
CONTINUOUS
10
102.5749999999999886
20
-42.957499999999996
11
102.2249999999999943
21
-42.957499999999996
0
LINE
8
BLACK
6
CONTINUOUS
10
102.2249999999999943
20
-42.957499999999996
11
102.1580299999999966
21
-42.9441789999999983
0
LINE
8
BLACK
6
CONTINUOUS
10
102.1580299999999966
20
-42.9441789999999983
11
102.1012559999999922
21
-42.9062440000000009
0
LINE
8
BLACK
6
CONTINUOUS
10
102.1012559999999922
20
-42.9062440000000009
11
102.063321000000002
21
-42.8494699999999966
0
LINE
8
BLACK
6
CONTINUOUS
10
102.063321000000002
20
-42.8494699999999966
11
102.0499999999999972
21
-42.7824999999999989
0
LINE
8
BLACK
6
CONTINUOUS
10
102.0499999999999972
20
-42.7824999999999989
11
102.0499999999999972
21
-42.1174999999999997
0
LINE
8
BLACK
6
CONTINUOUS
10
102.0499999999999972
20
-42.1174999999999997
11
102.063321000000002
21
-42.0505299999999949
0
LINE
8
BLACK
6
CONTINUOUS
10
102.063321000000002
20
-42.0505299999999949
11
102.1012559999999922
21
-41.9937559999999976
0
LINE
8
BLACK
6
CONTINUOUS
10
102.1012559999999922
20
-41.9937559999999976
11
102.1580299999999966
21
-41.9558210000000003
0
LINE
8
BLACK
6
CONTINUOUS
10
102.1580299999999966
20
-41.9558210000000003
11
102.2249999999999943
21
-41.9424999999999955
0
LINE
8
BLACK
6
CONTINUOUS
10
102.2249999999999943
20
-41.9424999999999955
11
102.5749999999999886
21
-41.9424999999999955
0
LINE
8
BLACK
6
CONTINUOUS
10
102.5749999999999886
20
-41.9424999999999955
11
102.6419700000000006
21
-41.9558210000000003
0
LINE
8
BLACK
6
CONTINUOUS
10
93.6850000000000023
20
-42.9450000000000003
11
92.6349999999999909
21
-42.9450000000000003
0
LINE
8
BLACK
6
CONTINUOUS
10
92.6349999999999909
20
-42.9450000000000003
11
92.6349999999999909
21
-42.4549999999999983
0
LINE
8
BLACK
6
CONTINUOUS
10
92.6349999999999909
20
-42.4549999999999983
11
93.6850000000000023
21
-42.4549999999999983
0
LINE
8
BLACK
6
CONTINUOUS
10
93.6850000000000023
20
-42.4549999999999983
11
93.6850000000000023
21
-42.9450000000000003
0
LINE
8
BLACK
6
CONTINUOUS
10
94.0899999999999892
20
-41.6499999999999986
11
93.5300000000000011
21
-41.6499999999999986
0
LINE
8
BLACK
6
CONTINUOUS
10
93.5300000000000011
20
-41.6499999999999986
11
93.5300000000000011
21
-40.9499999999999957
0
LINE
8
BLACK
6
CONTINUOUS
10
93.5300000000000011
20
-40.9499999999999957
11
94.0899999999999892
21
-40.9499999999999957
0
LINE
8
BLACK
6
CONTINUOUS
10
94.0899999999999892
20
-40.9499999999999957
11
94.0899999999999892
21
-41.6499999999999986
0
LINE
8
BLACK
6
CONTINUOUS
10
96.2999999999999972
20
-41.6499999999999986
11
95.7399999999999949
21
-41.6499999999999986
0
LINE
8
BLACK
6
CONTINUOUS
10
95.7399999999999949
20
-41.6499999999999986
11
95.7399999999999949
21
-40.9499999999999957
0
LINE
8
BLACK
6
CONTINUOUS
10
95.7399999999999949
20
-40.9499999999999957
11
96.2999999999999972
21
-40.9499999999999957
0
LINE
8
BLACK
6
CONTINUOUS
10
96.2999999999999972
20
-40.9499999999999957
11
96.2999999999999972
21
-41.6499999999999986
0
LINE
8
BLACK
6
CONTINUOUS
10
108.4919699999999949
20
-40.1058209999999988
11
108.5487439999999992
21
-40.1437559999999962
0
LINE
8
BLACK
6
CONTINUOUS
10
108.5487439999999992
20
-40.1437559999999962
11
108.5866789999999895
21
-40.2005300000000005
0
LINE
8
BLACK
6
CONTINUOUS
10
108.5866789999999895
20
-40.2005300000000005
11
108.5999999999999943
21
-40.2674999999999983
0
LINE
8
BLACK
6
CONTINUOUS
10
108.5999999999999943
20
-40.2674999999999983
11
108.5999999999999943
21
-40.9324999999999974
0
LINE
8
BLACK
6
CONTINUOUS
10
108.5999999999999943
20
-40.9324999999999974
11
108.5866789999999895
21
-40.9994699999999952
0
LINE
8
BLACK
6
CONTINUOUS
10
108.5866789999999895
20
-40.9994699999999952
11
108.5487439999999992
21
-41.0562439999999995
0
LINE
8
BLACK
6
CONTINUOUS
10
108.5487439999999992
20
-41.0562439999999995
11
108.4919699999999949
21
-41.0941789999999969
0
LINE
8
BLACK
6
CONTINUOUS
10
108.4919699999999949
20
-41.0941789999999969
11
108.4249999999999972
21
-41.1074999999999946
0
LINE
8
BLACK
6
CONTINUOUS
10
108.4249999999999972
20
-41.1074999999999946
11
108.0749999999999886
21
-41.1074999999999946
0
LINE
8
BLACK
6
CONTINUOUS
10
108.0749999999999886
20
-41.1074999999999946
11
108.0080299999999909
21
-41.0941789999999969
0
LINE
8
BLACK
6
CONTINUOUS
10
108.0080299999999909
20
-41.0941789999999969
11
107.9512560000000008
21
-41.0562439999999995
0
LINE
8
BLACK
6
CONTINUOUS
10
107.9512560000000008
20
-41.0562439999999995
11
107.9133209999999963
21
-40.9994699999999952
0
LINE
8
BLACK
6
CONTINUOUS
10
107.9133209999999963
20
-40.9994699999999952
11
107.8999999999999915
21
-40.9324999999999974
0
LINE
8
BLACK
6
CONTINUOUS
10
107.8999999999999915
20
-40.9324999999999974
11
107.8999999999999915
21
-40.2674999999999983
0
LINE
8
BLACK
6
CONTINUOUS
10
107.8999999999999915
20
-40.2674999999999983
11
107.9133209999999963
21
-40.2005300000000005
0
LINE
8
BLACK
6
CONTINUOUS
10
107.9133209999999963
20
-40.2005300000000005
11
107.9512560000000008
21
-40.1437559999999962
0
LINE
8
BLACK
6
CONTINUOUS
10
107.9512560000000008
20
-40.1437559999999962
11
108.0080299999999909
21
-40.1058209999999988
0
LINE
8
BLACK
6
CONTINUOUS
10
108.0080299999999909
20
-40.1058209999999988
11
108.0749999999999886
21
-40.0925000000000011
0
LINE
8
BLACK
6
CONTINUOUS
10
108.0749999999999886
20
-40.0925000000000011
11
108.4249999999999972
21
-40.0925000000000011
0
LINE
8
BLACK
6
CONTINUOUS
10
108.4249999999999972
20
-40.0925000000000011
11
108.4919699999999949
21
-40.1058209999999988
0
LINE
8
BLACK
6
CONTINUOUS
10
110.3919700000000006
20
-40.1058209999999988
11
110.4487439999999907
21
-40.1437559999999962
0
LINE
8
BLACK
6
CONTINUOUS
10
110.4487439999999907
20
-40.1437559999999962
11
110.4866789999999952
21
-40.2005300000000005
0
LINE
8
BLACK
6
CONTINUOUS
10
110.4866789999999952
20
-40.2005300000000005
11
110.5
21
-40.2674999999999983
0
LINE
8
BLACK
6
CONTINUOUS
10
110.5
20
-40.2674999999999983
11
110.5
21
-40.9324999999999974
0
LINE
8
BLACK
6
CONTINUOUS
10
110.5
20
-40.9324999999999974
11
110.4866789999999952
21
-40.9994699999999952
0
LINE
8
BLACK
6
CONTINUOUS
10
110.4866789999999952
20
-40.9994699999999952
11
110.4487439999999907
21
-41.0562439999999995
0
LINE
8
BLACK
6
CONTINUOUS
10
110.4487439999999907
20
-41.0562439999999995
11
110.3919700000000006
21
-41.0941789999999969
0
LINE
8
BLACK
6
CONTINUOUS
10
110.3919700000000006
20
-41.0941789999999969
11
110.3249999999999886
21
-41.1074999999999946
0
LINE
8
BLACK
6
CONTINUOUS
10
110.3249999999999886
20
-41.1074999999999946
11
109.9749999999999943
21
-41.1074999999999946
0
LINE
8
BLACK
6
CONTINUOUS
10
109.9749999999999943
20
-41.1074999999999946
11
109.9080299999999966
21
-41.0941789999999969
0
LINE
8
BLACK
6
CONTINUOUS
10
109.9080299999999966
20
-41.0941789999999969
11
109.8512559999999922
21
-41.0562439999999995
0
LINE
8
BLACK
6
CONTINUOUS
10
109.8512559999999922
20
-41.0562439999999995
11
109.813321000000002
21
-40.9994699999999952
0
LINE
8
BLACK
6
CONTINUOUS
10
109.813321000000002
20
-40.9994699999999952
11
109.7999999999999972
21
-40.9324999999999974
0
LINE
8
BLACK
6
CONTINUOUS
10
109.7999999999999972
20
-40.9324999999999974
11
109.7999999999999972
21
-40.2674999999999983
0
LINE
8
BLACK
6
CONTINUOUS
10
109.7999999999999972
20
-40.2674999999999983
11
109.813321000000002
21
-40.2005300000000005
0
LINE
8
BLACK
6
CONTINUOUS
10
109.813321000000002
20
-40.2005300000000005
11
109.8512559999999922
21
-40.1437559999999962
0
LINE
8
BLACK
6
CONTINUOUS
10
109.8512559999999922
20
-40.1437559999999962
11
109.9080299999999966
21
-40.1058209999999988
0
LINE
8
BLACK
6
CONTINUOUS
10
109.9080299999999966
20
-40.1058209999999988
11
109.9749999999999943
21
-40.0925000000000011
0
LINE
8
BLACK
6
CONTINUOUS
10
109.9749999999999943
20
-40.0925000000000011
11
110.3249999999999886
21
-40.0925000000000011
0
LINE
8
BLACK
6
CONTINUOUS
10
110.3249999999999886
20
-40.0925000000000011
11
110.3919700000000006
21
-40.1058209999999988
0
LINE
8
BLACK
6
CONTINUOUS
10
104.3819699999999955
20
-37.9670709999999971
11
104.4387439999999998
21
-38.0050060000000016
0
LINE
8
BLACK
6
CONTINUOUS
10
104.4387439999999998
20
-38.0050060000000016
11
104.4766789999999901
21
-38.0617799999999988
0
LINE
8
BLACK
6
CONTINUOUS
10
104.4766789999999901
20
-38.0617799999999988
11
104.4899999999999949
21
-38.1287499999999966
0
LINE
8
BLACK
6
CONTINUOUS
10
104.4899999999999949
20
-38.1287499999999966
11
104.4899999999999949
21
-38.4962499999999963
0
LINE
8
BLACK
6
CONTINUOUS
10
104.4899999999999949
20
-38.4962499999999963
11
104.4766789999999901
21
-38.5632200000000012
0
LINE
8
BLACK
6
CONTINUOUS
10
104.4766789999999901
20
-38.5632200000000012
11
104.4387439999999998
21
-38.6199939999999984
0
LINE
8
BLACK
6
CONTINUOUS
10
104.4387439999999998
20
-38.6199939999999984
11
104.3819699999999955
21
-38.6579289999999958
0
LINE
8
BLACK
6
CONTINUOUS
10
104.3819699999999955
20
-38.6579289999999958
11
104.3149999999999977
21
-38.6712500000000006
0
LINE
8
BLACK
6
CONTINUOUS
10
104.3149999999999977
20
-38.6712500000000006
11
103.6850000000000023
21
-38.6712500000000006
0
LINE
8
BLACK
6
CONTINUOUS
10
103.6850000000000023
20
-38.6712500000000006
11
103.6180299999999903
21
-38.6579289999999958
0
LINE
8
BLACK
6
CONTINUOUS
10
103.6180299999999903
20
-38.6579289999999958
11
103.5612560000000002
21
-38.6199939999999984
0
LINE
8
BLACK
6
CONTINUOUS
10
103.5612560000000002
20
-38.6199939999999984
11
103.5233209999999957
21
-38.5632200000000012
0
LINE
8
BLACK
6
CONTINUOUS
10
103.5233209999999957
20
-38.5632200000000012
11
103.5099999999999909
21
-38.4962499999999963
0
LINE
8
BLACK
6
CONTINUOUS
10
103.5099999999999909
20
-38.4962499999999963
11
103.5099999999999909
21
-38.1287499999999966
0
LINE
8
BLACK
6
CONTINUOUS
10
103.5099999999999909
20
-38.1287499999999966
11
103.5233209999999957
21
-38.0617799999999988
0
LINE
8
BLACK
6
CONTINUOUS
10
103.5233209999999957
20
-38.0617799999999988
11
103.5612560000000002
21
-38.0050060000000016
0
LINE
8
BLACK
6
CONTINUOUS
10
103.5612560000000002
20
-38.0050060000000016
11
103.6180299999999903
21
-37.9670709999999971
0
LINE
8
BLACK
6
CONTINUOUS
10
103.6180299999999903
20
-37.9670709999999971
11
103.6850000000000023
21
-37.9537499999999994
0
LINE
8
BLACK
6
CONTINUOUS
10
103.6850000000000023
20
-37.9537499999999994
11
104.3149999999999977
21
-37.9537499999999994
0
LINE
8
BLACK
6
CONTINUOUS
10
104.3149999999999977
20
-37.9537499999999994
11
104.3819699999999955
21
-37.9670709999999971
0
LINE
8
BLACK
6
CONTINUOUS
10
107.1356839999999977
20
-37.9729939999999999
11
107.2239390000000014
21
-37.9966420000000014
0
LINE
8
BLACK
6
CONTINUOUS
10
107.2239390000000014
20
-37.9966420000000014
11
107.3030669999999986
21
-38.0423259999999956
0
LINE
8
BLACK
6
CONTINUOUS
10
107.3030669999999986
20
-38.0423259999999956
11
107.3676739999999938
21
-38.1069329999999979
0
LINE
8
BLACK
6
CONTINUOUS
10
107.3676739999999938
20
-38.1069329999999979
11
107.4133579999999881
21
-38.1860609999999951
0
LINE
8
BLACK
6
CONTINUOUS
10
107.4133579999999881
20
-38.1860609999999951
11
107.4370059999999967
21
-38.2743159999999989
0
LINE
8
BLACK
6
CONTINUOUS
10
107.4370059999999967
20
-38.2743159999999989
11
107.4370059999999967
21
-38.3656840000000017
0
LINE
8
BLACK
6
CONTINUOUS
10
107.4370059999999967
20
-38.3656840000000017
11
107.4133579999999881
21
-38.4539389999999983
0
LINE
8
BLACK
6
CONTINUOUS
10
107.4133579999999881
20
-38.4539389999999983
11
107.3676739999999938
21
-38.5330669999999955
0
LINE
8
BLACK
6
CONTINUOUS
10
107.3676739999999938
20
-38.5330669999999955
11
107.3030669999999986
21
-38.5976739999999978
0
LINE
8
BLACK
6
CONTINUOUS
10
107.3030669999999986
20
-38.5976739999999978
11
107.2239390000000014
21
-38.6433579999999992
0
LINE
8
BLACK
6
CONTINUOUS
10
107.2239390000000014
20
-38.6433579999999992
11
107.1356839999999977
21
-38.6670060000000007
0
LINE
8
BLACK
6
CONTINUOUS
10
107.1356839999999977
20
-38.6670060000000007
11
107.0899999999999892
21
-38.6700000000000017
0
LINE
8
BLACK
6
CONTINUOUS
10
107.0899999999999892
20
-38.6700000000000017
11
106.3199999999999932
21
-38.6700000000000017
0
LINE
8
BLACK
6
CONTINUOUS
10
106.3199999999999932
20
-38.6700000000000017
11
106.2743159999999989
21
-38.6670060000000007
0
LINE
8
BLACK
6
CONTINUOUS
10
106.2743159999999989
20
-38.6670060000000007
11
106.1860609999999951
21
-38.6433579999999992
0
LINE
8
BLACK
6
CONTINUOUS
10
106.1860609999999951
20
-38.6433579999999992
11
106.1069329999999979
21
-38.5976739999999978
0
LINE
8
BLACK
6
CONTINUOUS
10
106.1069329999999979
20
-38.5976739999999978
11
106.0423259999999885
21
-38.5330669999999955
0
LINE
8
BLACK
6
CONTINUOUS
10
106.0423259999999885
20
-38.5330669999999955
11
105.9966419999999943
21
-38.4539389999999983
0
LINE
8
BLACK
6
CONTINUOUS
10
105.9966419999999943
20
-38.4539389999999983
11
105.9729939999999999
21
-38.3656840000000017
0
LINE
8
BLACK
6
CONTINUOUS
10
105.9729939999999999
20
-38.3656840000000017
11
105.9729939999999999
21
-38.2743159999999989
0
LINE
8
BLACK
6
CONTINUOUS
10
105.9729939999999999
20
-38.2743159999999989
11
105.9966419999999943
21
-38.1860609999999951
0
LINE
8
BLACK
6
CONTINUOUS
10
105.9966419999999943
20
-38.1860609999999951
11
106.0423259999999885
21
-38.1069329999999979
0
LINE
8
BLACK
6
CONTINUOUS
10
106.0423259999999885
20
-38.1069329999999979
11
106.1069329999999979
21
-38.0423259999999956
0
LINE
8
BLACK
6
CONTINUOUS
10
106.1069329999999979
20
-38.0423259999999956
11
106.1860609999999951
21
-37.9966420000000014
0
LINE
8
BLACK
6
CONTINUOUS
10
106.1860609999999951
20
-37.9966420000000014
11
106.2743159999999989
21
-37.9729939999999999
0
LINE
8
BLACK
6
CONTINUOUS
10
106.2743159999999989
20
-37.9729939999999999
11
106.3199999999999932
21
-37.9699999999999989
0
LINE
8
BLACK
6
CONTINUOUS
10
106.3199999999999932
20
-37.9699999999999989
11
107.0899999999999892
21
-37.9699999999999989
0
LINE
8
BLACK
6
CONTINUOUS
10
107.0899999999999892
20
-37.9699999999999989
11
107.1356839999999977
21
-37.9729939999999999
0
LINE
8
BLACK
6
CONTINUOUS
10
111.2106840000000005
20
-37.9729939999999999
11
111.2989389999999901
21
-37.9966420000000014
0
LINE
8
BLACK
6
CONTINUOUS
10
111.2989389999999901
20
-37.9966420000000014
11
111.3780670000000015
21
-38.0423259999999956
0
LINE
8
BLACK
6
CONTINUOUS
10
111.3780670000000015
20
-38.0423259999999956
11
111.4426739999999967
21
-38.1069329999999979
0
LINE
8
BLACK
6
CONTINUOUS
10
111.4426739999999967
20
-38.1069329999999979
11
111.488357999999991
21
-38.1860609999999951
0
LINE
8
BLACK
6
CONTINUOUS
10
111.488357999999991
20
-38.1860609999999951
11
111.5120059999999995
21
-38.2743159999999989
0
LINE
8
BLACK
6
CONTINUOUS
10
111.5120059999999995
20
-38.2743159999999989
11
111.5120059999999995
21
-38.3656840000000017
0
LINE
8
BLACK
6
CONTINUOUS
10
111.5120059999999995
20
-38.3656840000000017
11
111.488357999999991
21
-38.4539389999999983
0
LINE
8
BLACK
6
CONTINUOUS
10
111.488357999999991
20
-38.4539389999999983
11
111.4426739999999967
21
-38.5330669999999955
0
LINE
8
BLACK
6
CONTINUOUS
10
111.4426739999999967
20
-38.5330669999999955
11
111.3780670000000015
21
-38.5976739999999978
0
LINE
8
BLACK
6
CONTINUOUS
10
111.3780670000000015
20
-38.5976739999999978
11
111.2989389999999901
21
-38.6433579999999992
0
LINE
8
BLACK
6
CONTINUOUS
10
111.2989389999999901
20
-38.6433579999999992
11
111.2106840000000005
21
-38.6670060000000007
0
LINE
8
BLACK
6
CONTINUOUS
10
111.2106840000000005
20
-38.6670060000000007
11
111.164999999999992
21
-38.6700000000000017
0
LINE
8
BLACK
6
CONTINUOUS
10
111.164999999999992
20
-38.6700000000000017
11
110.6049999999999898
21
-38.6700000000000017
0
LINE
8
BLACK
6
CONTINUOUS
10
110.6049999999999898
20
-38.6700000000000017
11
110.5593159999999955
21
-38.6670060000000007
0
LINE
8
BLACK
6
CONTINUOUS
10
110.5593159999999955
20
-38.6670060000000007
11
110.4710609999999917
21
-38.6433579999999992
0
LINE
8
BLACK
6
CONTINUOUS
10
110.4710609999999917
20
-38.6433579999999992
11
110.3919329999999945
21
-38.5976739999999978
0
LINE
8
BLACK
6
CONTINUOUS
10
110.3919329999999945
20
-38.5976739999999978
11
110.3273259999999993
21
-38.5330669999999955
0
LINE
8
BLACK
6
CONTINUOUS
10
110.3273259999999993
20
-38.5330669999999955
11
110.2816419999999908
21
-38.4539389999999983
0
LINE
8
BLACK
6
CONTINUOUS
10
110.2816419999999908
20
-38.4539389999999983
11
110.2579939999999965
21
-38.3656840000000017
0
LINE
8
BLACK
6
CONTINUOUS
10
110.2579939999999965
20
-38.3656840000000017
11
110.2579939999999965
21
-38.2743159999999989
0
LINE
8
BLACK
6
CONTINUOUS
10
110.2579939999999965
20
-38.2743159999999989
11
110.2816419999999908
21
-38.1860609999999951
0
LINE
8
BLACK
6
CONTINUOUS
10
110.2816419999999908
20
-38.1860609999999951
11
110.3273259999999993
21
-38.1069329999999979
0
LINE
8
BLACK
6
CONTINUOUS
10
110.3273259999999993
20
-38.1069329999999979
11
110.3919329999999945
21
-38.0423259999999956
0
LINE
8
BLACK
6
CONTINUOUS
10
110.3919329999999945
20
-38.0423259999999956
11
110.4710609999999917
21
-37.9966420000000014
0
LINE
8
BLACK
6
CONTINUOUS
10
110.4710609999999917
20
-37.9966420000000014
11
110.5593159999999955
21
-37.9729939999999999
0
LINE
8
BLACK
6
CONTINUOUS
10
110.5593159999999955
20
-37.9729939999999999
11
110.6049999999999898
21
-37.9699999999999989
0
LINE
8
BLACK
6
CONTINUOUS
10
110.6049999999999898
20
-37.9699999999999989
11
111.164999999999992
21
-37.9699999999999989
0
LINE
8
BLACK
6
CONTINUOUS
10
111.164999999999992
20
-37.9699999999999989
11
111.2106840000000005
21
-37.9729939999999999
0
LINE
8
BLACK
6
CONTINUOUS
10
106.4676819999999964
20
-36.997993000000001
11
106.5017459999999971
21
-37.0207539999999966
0
LINE
8
BLACK
6
CONTINUOUS
10
106.5017459999999971
20
-37.0207539999999966
11
106.5245069999999998
21
-37.0548179999999974
0
LINE
8
BLACK
6
CONTINUOUS
10
106.5245069999999998
20
-37.0548179999999974
11
106.5324999999999989
21
-37.0949999999999989
0
LINE
8
BLACK
6
CONTINUOUS
10
106.5324999999999989
20
-37.0949999999999989
11
106.5324999999999989
21
-37.3049999999999997
0
LINE
8
BLACK
6
CONTINUOUS
10
106.5324999999999989
20
-37.3049999999999997
11
106.5245069999999998
21
-37.3451820000000012
0
LINE
8
BLACK
6
CONTINUOUS
10
106.5245069999999998
20
-37.3451820000000012
11
106.5017459999999971
21
-37.3792459999999949
0
LINE
8
BLACK
6
CONTINUOUS
10
106.5017459999999971
20
-37.3792459999999949
11
106.4676819999999964
21
-37.4020069999999976
0
LINE
8
BLACK
6
CONTINUOUS
10
106.4676819999999964
20
-37.4020069999999976
11
106.4274999999999949
21
-37.4099999999999966
0
LINE
8
BLACK
6
CONTINUOUS
10
106.4274999999999949
20
-37.4099999999999966
11
105.832499999999996
21
-37.4099999999999966
0
LINE
8
BLACK
6
CONTINUOUS
10
105.832499999999996
20
-37.4099999999999966
11
105.7923179999999945
21
-37.4020069999999976
0
LINE
8
BLACK
6
CONTINUOUS
10
105.7923179999999945
20
-37.4020069999999976
11
105.7582539999999938
21
-37.3792459999999949
0
LINE
8
BLACK
6
CONTINUOUS
10
105.7582539999999938
20
-37.3792459999999949
11
105.7354929999999911
21
-37.3451820000000012
0
LINE
8
BLACK
6
CONTINUOUS
10
105.7354929999999911
20
-37.3451820000000012
11
105.727499999999992
21
-37.3049999999999997
0
LINE
8
BLACK
6
CONTINUOUS
10
105.727499999999992
20
-37.3049999999999997
11
105.727499999999992
21
-37.0949999999999989
0
LINE
8
BLACK
6
CONTINUOUS
10
105.727499999999992
20
-37.0949999999999989
11
105.7354929999999911
21
-37.0548179999999974
0
LINE
8
BLACK
6
CONTINUOUS
10
105.7354929999999911
20
-37.0548179999999974
11
105.7582539999999938
21
-37.0207539999999966
0
LINE
8
BLACK
6
CONTINUOUS
10
105.7582539999999938
20
-37.0207539999999966
11
105.7923179999999945
21
-36.997993000000001
0
LINE
8
BLACK
6
CONTINUOUS
10
105.7923179999999945
20
-36.997993000000001
11
105.832499999999996
21
-36.9899999999999949
0
LINE
8
BLACK
6
CONTINUOUS
10
105.832499999999996
20
-36.9899999999999949
11
106.4274999999999949
21
-36.9899999999999949
0
LINE
8
BLACK
6
CONTINUOUS
10
106.4274999999999949
20
-36.9899999999999949
11
106.4676819999999964
21
-36.997993000000001
0
LINE
8
BLACK
6
CONTINUOUS
10
104.3819699999999955
20
-36.1420710000000014
11
104.4387439999999998
21
-36.1800059999999988
0
LINE
8
BLACK
6
CONTINUOUS
10
104.4387439999999998
20
-36.1800059999999988
11
104.4766789999999901
21
-36.236779999999996
0
LINE
8
BLACK
6
CONTINUOUS
10
104.4766789999999901
20
-36.236779999999996
11
104.4899999999999949
21
-36.3037500000000009
0
LINE
8
BLACK
6
CONTINUOUS
10
104.4899999999999949
20
-36.3037500000000009
11
104.4899999999999949
21
-36.6712500000000006
0
LINE
8
BLACK
6
CONTINUOUS
10
104.4899999999999949
20
-36.6712500000000006
11
104.4766789999999901
21
-36.7382199999999983
0
LINE
8
BLACK
6
CONTINUOUS
10
104.4766789999999901
20
-36.7382199999999983
11
104.4387439999999998
21
-36.7949939999999955
0
LINE
8
BLACK
6
CONTINUOUS
10
104.4387439999999998
20
-36.7949939999999955
11
104.3819699999999955
21
-36.832929
0
LINE
8
BLACK
6
CONTINUOUS
10
104.3819699999999955
20
-36.832929
11
104.3149999999999977
21
-36.8462499999999977
0
LINE
8
BLACK
6
CONTINUOUS
10
104.3149999999999977
20
-36.8462499999999977
11
103.6850000000000023
21
-36.8462499999999977
0
LINE
8
BLACK
6
CONTINUOUS
10
103.6850000000000023
20
-36.8462499999999977
11
103.6180299999999903
21
-36.832929
0
LINE
8
BLACK
6
CONTINUOUS
10
103.6180299999999903
20
-36.832929
11
103.5612560000000002
21
-36.7949939999999955
0
LINE
8
BLACK
6
CONTINUOUS
10
103.5612560000000002
20
-36.7949939999999955
11
103.5233209999999957
21
-36.7382199999999983
0
LINE
8
BLACK
6
CONTINUOUS
10
103.5233209999999957
20
-36.7382199999999983
11
103.5099999999999909
21
-36.6712500000000006
0
LINE
8
BLACK
6
CONTINUOUS
10
103.5099999999999909
20
-36.6712500000000006
11
103.5099999999999909
21
-36.3037500000000009
0
LINE
8
BLACK
6
CONTINUOUS
10
103.5099999999999909
20
-36.3037500000000009
11
103.5233209999999957
21
-36.236779999999996
0
LINE
8
BLACK
6
CONTINUOUS
10
103.5233209999999957
20
-36.236779999999996
11
103.5612560000000002
21
-36.1800059999999988
0
LINE
8
BLACK
6
CONTINUOUS
10
103.5612560000000002
20
-36.1800059999999988
11
103.6180299999999903
21
-36.1420710000000014
0
LINE
8
BLACK
6
CONTINUOUS
10
103.6180299999999903
20
-36.1420710000000014
11
103.6850000000000023
21
-36.1287499999999966
0
LINE
8
BLACK
6
CONTINUOUS
10
103.6850000000000023
20
-36.1287499999999966
11
104.3149999999999977
21
-36.1287499999999966
0
LINE
8
BLACK
6
CONTINUOUS
10
104.3149999999999977
20
-36.1287499999999966
11
104.3819699999999955
21
-36.1420710000000014
0
LINE
8
BLACK
6
CONTINUOUS
10
106.4676819999999964
20
-36.1979929999999968
11
106.5017459999999971
21
-36.2207539999999995
0
LINE
8
BLACK
6
CONTINUOUS
10
106.5017459999999971
20
-36.2207539999999995
11
106.5245069999999998
21
-36.2548180000000002
0
LINE
8
BLACK
6
CONTINUOUS
10
106.5245069999999998
20
-36.2548180000000002
11
106.5324999999999989
21
-36.2950000000000017
0
LINE
8
BLACK
6
CONTINUOUS
10
106.5324999999999989
20
-36.2950000000000017
11
106.5324999999999989
21
-36.5049999999999955
0
LINE
8
BLACK
6
CONTINUOUS
10
106.5324999999999989
20
-36.5049999999999955
11
106.5245069999999998
21
-36.5451819999999969
0
LINE
8
BLACK
6
CONTINUOUS
10
106.5245069999999998
20
-36.5451819999999969
11
106.5017459999999971
21
-36.5792459999999977
0
LINE
8
BLACK
6
CONTINUOUS
10
106.5017459999999971
20
-36.5792459999999977
11
106.4676819999999964
21
-36.6020070000000004
0
LINE
8
BLACK
6
CONTINUOUS
10
106.4676819999999964
20
-36.6020070000000004
11
106.4274999999999949
21
-36.6099999999999994
0
LINE
8
BLACK
6
CONTINUOUS
10
106.4274999999999949
20
-36.6099999999999994
11
105.832499999999996
21
-36.6099999999999994
0
LINE
8
BLACK
6
CONTINUOUS
10
105.832499999999996
20
-36.6099999999999994
11
105.7923179999999945
21
-36.6020070000000004
0
LINE
8
BLACK
6
CONTINUOUS
10
105.7923179999999945
20
-36.6020070000000004
11
105.7582539999999938
21
-36.5792459999999977
0
LINE
8
BLACK
6
CONTINUOUS
10
105.7582539999999938
20
-36.5792459999999977
11
105.7354929999999911
21
-36.5451819999999969
0
LINE
8
BLACK
6
CONTINUOUS
10
105.7354929999999911
20
-36.5451819999999969
11
105.727499999999992
21
-36.5049999999999955
0
LINE
8
BLACK
6
CONTINUOUS
10
105.727499999999992
20
-36.5049999999999955
11
105.727499999999992
21
-36.2950000000000017
0
LINE
8
BLACK
6
CONTINUOUS
10
105.727499999999992
20
-36.2950000000000017
11
105.7354929999999911
21
-36.2548180000000002
0
LINE
8
BLACK
6
CONTINUOUS
10
105.7354929999999911
20
-36.2548180000000002
11
105.7582539999999938
21
-36.2207539999999995
0
LINE
8
BLACK
6
CONTINUOUS
10
105.7582539999999938
20
-36.2207539999999995
11
105.7923179999999945
21
-36.1979929999999968
0
LINE
8
BLACK
6
CONTINUOUS
10
105.7923179999999945
20
-36.1979929999999968
11
105.832499999999996
21
-36.1899999999999977
0
LINE
8
BLACK
6
CONTINUOUS
10
105.832499999999996
20
-36.1899999999999977
11
106.4274999999999949
21
-36.1899999999999977
0
LINE
8
BLACK
6
CONTINUOUS
10
106.4274999999999949
20
-36.1899999999999977
11
106.4676819999999964
21
-36.1979929999999968
0
LINE
8
BLACK
6
CONTINUOUS
10
106.5000909999999976
20
-35.6489959999999968
11
106.517122999999998
21
-35.6603769999999969
0
LINE
8
BLACK
6
CONTINUOUS
10
106.517122999999998
20
-35.6603769999999969
11
106.5285039999999981
21
-35.6774089999999973
0
LINE
8
BLACK
6
CONTINUOUS
10
106.5285039999999981
20
-35.6774089999999973
11
106.5324999999999989
21
-35.697499999999998
0
LINE
8
BLACK
6
CONTINUOUS
10
106.5324999999999989
20
-35.697499999999998
11
106.5324999999999989
21
-35.8024999999999949
0
LINE
8
BLACK
6
CONTINUOUS
10
106.5324999999999989
20
-35.8024999999999949
11
106.5285039999999981
21
-35.8225909999999956
0
LINE
8
BLACK
6
CONTINUOUS
10
106.5285039999999981
20
-35.8225909999999956
11
106.517122999999998
21
-35.839622999999996
0
LINE
8
BLACK
6
CONTINUOUS
10
106.517122999999998
20
-35.839622999999996
11
106.5000909999999976
21
-35.8510039999999961
0
LINE
8
BLACK
6
CONTINUOUS
10
106.5000909999999976
20
-35.8510039999999961
11
106.4799999999999898
21
-35.8549999999999969
0
LINE
8
BLACK
6
CONTINUOUS
10
106.4799999999999898
20
-35.8549999999999969
11
105.7800000000000011
21
-35.8549999999999969
0
LINE
8
BLACK
6
CONTINUOUS
10
105.7800000000000011
20
-35.8549999999999969
11
105.7599089999999933
21
-35.8510039999999961
0
LINE
8
BLACK
6
CONTINUOUS
10
105.7599089999999933
20
-35.8510039999999961
11
105.7428769999999929
21
-35.839622999999996
0
LINE
8
BLACK
6
CONTINUOUS
10
105.7428769999999929
20
-35.839622999999996
11
105.7314959999999928
21
-35.8225909999999956
0
LINE
8
BLACK
6
CONTINUOUS
10
105.7314959999999928
20
-35.8225909999999956
11
105.727499999999992
21
-35.8024999999999949
0
LINE
8
BLACK
6
CONTINUOUS
10
105.727499999999992
20
-35.8024999999999949
11
105.727499999999992
21
-35.697499999999998
0
LINE
8
BLACK
6
CONTINUOUS
10
105.727499999999992
20
-35.697499999999998
11
105.7314959999999928
21
-35.6774089999999973
0
LINE
8
BLACK
6
CONTINUOUS
10
105.7314959999999928
20
-35.6774089999999973
11
105.7428769999999929
21
-35.6603769999999969
0
LINE
8
BLACK
6
CONTINUOUS
10
105.7428769999999929
20
-35.6603769999999969
11
105.7599089999999933
21
-35.6489959999999968
0
LINE
8
BLACK
6
CONTINUOUS
10
105.7599089999999933
20
-35.6489959999999968
11
105.7800000000000011
21
-35.644999999999996
0
LINE
8
BLACK
6
CONTINUOUS
10
105.7800000000000011
20
-35.644999999999996
11
106.4799999999999898
21
-35.644999999999996
0
LINE
8
BLACK
6
CONTINUOUS
10
106.4799999999999898
20
-35.644999999999996
11
106.5000909999999976
21
-35.6489959999999968
0
LINE
8
BLACK
6
CONTINUOUS
10
106.5000909999999976
20
-35.1489959999999968
11
106.517122999999998
21
-35.1603769999999969
0
LINE
8
BLACK
6
CONTINUOUS
10
106.517122999999998
20
-35.1603769999999969
11
106.5285039999999981
21
-35.1774089999999973
0
LINE
8
BLACK
6
CONTINUOUS
10
106.5285039999999981
20
-35.1774089999999973
11
106.5324999999999989
21
-35.197499999999998
0
LINE
8
BLACK
6
CONTINUOUS
10
106.5324999999999989
20
-35.197499999999998
11
106.5324999999999989
21
-35.3024999999999949
0
LINE
8
BLACK
6
CONTINUOUS
10
106.5324999999999989
20
-35.3024999999999949
11
106.5285039999999981
21
-35.3225909999999956
0
LINE
8
BLACK
6
CONTINUOUS
10
106.5285039999999981
20
-35.3225909999999956
11
106.517122999999998
21
-35.339622999999996
0
LINE
8
BLACK
6
CONTINUOUS
10
106.517122999999998
20
-35.339622999999996
11
106.5000909999999976
21
-35.3510039999999961
0
LINE
8
BLACK
6
CONTINUOUS
10
106.5000909999999976
20
-35.3510039999999961
11
106.4799999999999898
21
-35.3549999999999969
0
LINE
8
BLACK
6
CONTINUOUS
10
106.4799999999999898
20
-35.3549999999999969
11
105.7800000000000011
21
-35.3549999999999969
0
LINE
8
BLACK
6
CONTINUOUS
10
105.7800000000000011
20
-35.3549999999999969
11
105.7599089999999933
21
-35.3510039999999961
0
LINE
8
BLACK
6
CONTINUOUS
10
105.7599089999999933
20
-35.3510039999999961
11
105.7428769999999929
21
-35.339622999999996
0
LINE
8
BLACK
6
CONTINUOUS
10
105.7428769999999929
20
-35.339622999999996
11
105.7314959999999928
21
-35.3225909999999956
0
LINE
8
BLACK
6
CONTINUOUS
10
105.7314959999999928
20
-35.3225909999999956
11
105.727499999999992
21
-35.3024999999999949
0
LINE
8
BLACK
6
CONTINUOUS
10
105.727499999999992
20
-35.3024999999999949
11
105.727499999999992
21
-35.197499999999998
0
LINE
8
BLACK
6
CONTINUOUS
10
105.727499999999992
20
-35.197499999999998
11
105.7314959999999928
21
-35.1774089999999973
0
LINE
8
BLACK
6
CONTINUOUS
10
105.7314959999999928
20
-35.1774089999999973
11
105.7428769999999929
21
-35.1603769999999969
0
LINE
8
BLACK
6
CONTINUOUS
10
105.7428769999999929
20
-35.1603769999999969
11
105.7599089999999933
21
-35.1489959999999968
0
LINE
8
BLACK
6
CONTINUOUS
10
105.7599089999999933
20
-35.1489959999999968
11
105.7800000000000011
21
-35.144999999999996
0
LINE
8
BLACK
6
CONTINUOUS
10
105.7800000000000011
20
-35.144999999999996
11
106.4799999999999898
21
-35.144999999999996
0
LINE
8
BLACK
6
CONTINUOUS
10
106.4799999999999898
20
-35.144999999999996
11
106.5000909999999976
21
-35.1489959999999968
0
LINE
8
BLACK
6
CONTINUOUS
10
101.140831999999989
20
-34.8894930000000016
11
101.1748959999999897
21
-34.9122539999999972
0
LINE
8
BLACK
6
CONTINUOUS
10
101.1748959999999897
20
-34.9122539999999972
11
101.1976569999999924
21
-34.946317999999998
0
LINE
8
BLACK
6
CONTINUOUS
10
101.1976569999999924
20
-34.946317999999998
11
101.2056499999999915
21
-34.9864999999999995
0
LINE
8
BLACK
6
CONTINUOUS
10
101.2056499999999915
20
-34.9864999999999995
11
101.2056499999999915
21
-35.1965000000000003
0
LINE
8
BLACK
6
CONTINUOUS
10
101.2056499999999915
20
-35.1965000000000003
11
101.1976569999999924
21
-35.2366820000000018
0
LINE
8
BLACK
6
CONTINUOUS
10
101.1976569999999924
20
-35.2366820000000018
11
101.1748959999999897
21
-35.2707459999999955
0
LINE
8
BLACK
6
CONTINUOUS
10
101.1748959999999897
20
-35.2707459999999955
11
101.140831999999989
21
-35.2935069999999982
0
LINE
8
BLACK
6
CONTINUOUS
10
101.140831999999989
20
-35.2935069999999982
11
101.1006500000000017
21
-35.3014999999999972
0
LINE
8
BLACK
6
CONTINUOUS
10
101.1006500000000017
20
-35.3014999999999972
11
100.3831500000000005
21
-35.3014999999999972
0
LINE
8
BLACK
6
CONTINUOUS
10
100.3831500000000005
20
-35.3014999999999972
11
100.3429679999999991
21
-35.2935069999999982
0
LINE
8
BLACK
6
CONTINUOUS
10
100.3429679999999991
20
-35.2935069999999982
11
100.3089039999999983
21
-35.2707459999999955
0
LINE
8
BLACK
6
CONTINUOUS
10
100.3089039999999983
20
-35.2707459999999955
11
100.2861429999999956
21
-35.2366820000000018
0
LINE
8
BLACK
6
CONTINUOUS
10
100.2861429999999956
20
-35.2366820000000018
11
100.2781499999999966
21
-35.1965000000000003
0
LINE
8
BLACK
6
CONTINUOUS
10
100.2781499999999966
20
-35.1965000000000003
11
100.2781499999999966
21
-34.9864999999999995
0
LINE
8
BLACK
6
CONTINUOUS
10
100.2781499999999966
20
-34.9864999999999995
11
100.2861429999999956
21
-34.946317999999998
0
LINE
8
BLACK
6
CONTINUOUS
10
100.2861429999999956
20
-34.946317999999998
11
100.3089039999999983
21
-34.9122539999999972
0
LINE
8
BLACK
6
CONTINUOUS
10
100.3089039999999983
20
-34.9122539999999972
11
100.3429679999999991
21
-34.8894930000000016
0
LINE
8
BLACK
6
CONTINUOUS
10
100.3429679999999991
20
-34.8894930000000016
11
100.3831500000000005
21
-34.8814999999999955
0
LINE
8
BLACK
6
CONTINUOUS
10
100.3831500000000005
20
-34.8814999999999955
11
101.1006500000000017
21
-34.8814999999999955
0
LINE
8
BLACK
6
CONTINUOUS
10
101.1006500000000017
20
-34.8814999999999955
11
101.140831999999989
21
-34.8894930000000016
0
LINE
8
BLACK
6
CONTINUOUS
10
103.4158319999999947
20
-34.8894930000000016
11
103.4498959999999954
21
-34.9122539999999972
0
LINE
8
BLACK
6
CONTINUOUS
10
103.4498959999999954
20
-34.9122539999999972
11
103.4726569999999981
21
-34.946317999999998
0
LINE
8
BLACK
6
CONTINUOUS
10
103.4726569999999981
20
-34.946317999999998
11
103.4806499999999971
21
-34.9864999999999995
0
LINE
8
BLACK
6
CONTINUOUS
10
103.4806499999999971
20
-34.9864999999999995
11
103.4806499999999971
21
-35.1965000000000003
0
LINE
8
BLACK
6
CONTINUOUS
10
103.4806499999999971
20
-35.1965000000000003
11
103.4726569999999981
21
-35.2366820000000018
0
LINE
8
BLACK
6
CONTINUOUS
10
103.4726569999999981
20
-35.2366820000000018
11
103.4498959999999954
21
-35.2707459999999955
0
LINE
8
BLACK
6
CONTINUOUS
10
103.4498959999999954
20
-35.2707459999999955
11
103.4158319999999947
21
-35.2935069999999982
0
LINE
8
BLACK
6
CONTINUOUS
10
103.4158319999999947
20
-35.2935069999999982
11
103.3756499999999932
21
-35.3014999999999972
0
LINE
8
BLACK
6
CONTINUOUS
10
103.3756499999999932
20
-35.3014999999999972
11
102.658149999999992
21
-35.3014999999999972
0
LINE
8
BLACK
6
CONTINUOUS
10
102.658149999999992
20
-35.3014999999999972
11
102.6179679999999905
21
-35.2935069999999982
0
LINE
8
BLACK
6
CONTINUOUS
10
102.6179679999999905
20
-35.2935069999999982
11
102.5839039999999898
21
-35.2707459999999955
0
LINE
8
BLACK
6
CONTINUOUS
10
102.5839039999999898
20
-35.2707459999999955
11
102.5611430000000013
21
-35.2366820000000018
0
LINE
8
BLACK
6
CONTINUOUS
10
102.5611430000000013
20
-35.2366820000000018
11
102.5531500000000023
21
-35.1965000000000003
0
LINE
8
BLACK
6
CONTINUOUS
10
102.5531500000000023
20
-35.1965000000000003
11
102.5531500000000023
21
-34.9864999999999995
0
LINE
8
BLACK
6
CONTINUOUS
10
102.5531500000000023
20
-34.9864999999999995
11
102.5611430000000013
21
-34.946317999999998
0
LINE
8
BLACK
6
CONTINUOUS
10
102.5611430000000013
20
-34.946317999999998
11
102.5839039999999898
21
-34.9122539999999972
0
LINE
8
BLACK
6
CONTINUOUS
10
102.5839039999999898
20
-34.9122539999999972
11
102.6179679999999905
21
-34.8894930000000016
0
LINE
8
BLACK
6
CONTINUOUS
10
102.6179679999999905
20
-34.8894930000000016
11
102.658149999999992
21
-34.8814999999999955
0
LINE
8
BLACK
6
CONTINUOUS
10
102.658149999999992
20
-34.8814999999999955
11
103.3756499999999932
21
-34.8814999999999955
0
LINE
8
BLACK
6
CONTINUOUS
10
103.3756499999999932
20
-34.8814999999999955
11
103.4158319999999947
21
-34.8894930000000016
0
LINE
8
BLACK
6
CONTINUOUS
10
106.5000909999999976
20
-34.6489959999999968
11
106.517122999999998
21
-34.6603769999999969
0
LINE
8
BLACK
6
CONTINUOUS
10
106.517122999999998
20
-34.6603769999999969
11
106.5285039999999981
21
-34.6774089999999973
0
LINE
8
BLACK
6
CONTINUOUS
10
106.5285039999999981
20
-34.6774089999999973
11
106.5324999999999989
21
-34.697499999999998
0
LINE
8
BLACK
6
CONTINUOUS
10
106.5324999999999989
20
-34.697499999999998
11
106.5324999999999989
21
-34.8024999999999949
0
LINE
8
BLACK
6
CONTINUOUS
10
106.5324999999999989
20
-34.8024999999999949
11
106.5285039999999981
21
-34.8225909999999956
0
LINE
8
BLACK
6
CONTINUOUS
10
106.5285039999999981
20
-34.8225909999999956
11
106.517122999999998
21
-34.839622999999996
0
LINE
8
BLACK
6
CONTINUOUS
10
106.517122999999998
20
-34.839622999999996
11
106.5000909999999976
21
-34.8510039999999961
0
LINE
8
BLACK
6
CONTINUOUS
10
106.5000909999999976
20
-34.8510039999999961
11
106.4799999999999898
21
-34.8549999999999969
0
LINE
8
BLACK
6
CONTINUOUS
10
106.4799999999999898
20
-34.8549999999999969
11
105.7800000000000011
21
-34.8549999999999969
0
LINE
8
BLACK
6
CONTINUOUS
10
105.7800000000000011
20
-34.8549999999999969
11
105.7599089999999933
21
-34.8510039999999961
0
LINE
8
BLACK
6
CONTINUOUS
10
105.7599089999999933
20
-34.8510039999999961
11
105.7428769999999929
21
-34.839622999999996
0
LINE
8
BLACK
6
CONTINUOUS
10
105.7428769999999929
20
-34.839622999999996
11
105.7314959999999928
21
-34.8225909999999956
0
LINE
8
BLACK
6
CONTINUOUS
10
105.7314959999999928
20
-34.8225909999999956
11
105.727499999999992
21
-34.8024999999999949
0
LINE
8
BLACK
6
CONTINUOUS
10
105.727499999999992
20
-34.8024999999999949
11
105.727499999999992
21
-34.697499999999998
0
LINE
8
BLACK
6
CONTINUOUS
10
105.727499999999992
20
-34.697499999999998
11
105.7314959999999928
21
-34.6774089999999973
0
LINE
8
BLACK
6
CONTINUOUS
10
105.7314959999999928
20
-34.6774089999999973
11
105.7428769999999929
21
-34.6603769999999969
0
LINE
8
BLACK
6
CONTINUOUS
10
105.7428769999999929
20
-34.6603769999999969
11
105.7599089999999933
21
-34.6489959999999968
0
LINE
8
BLACK
6
CONTINUOUS
10
105.7599089999999933
20
-34.6489959999999968
11
105.7800000000000011
21
-34.644999999999996
0
LINE
8
BLACK
6
CONTINUOUS
10
105.7800000000000011
20
-34.644999999999996
11
106.4799999999999898
21
-34.644999999999996
0
LINE
8
BLACK
6
CONTINUOUS
10
106.4799999999999898
20
-34.644999999999996
11
106.5000909999999976
21
-34.6489959999999968
0
LINE
8
BLACK
6
CONTINUOUS
10
106.5000909999999976
20
-34.1489959999999968
11
106.517122999999998
21
-34.1603769999999969
0
LINE
8
BLACK
6
CONTINUOUS
10
106.517122999999998
20
-34.1603769999999969
11
106.5285039999999981
21
-34.1774089999999973
0
LINE
8
BLACK
6
CONTINUOUS
10
106.5285039999999981
20
-34.1774089999999973
11
106.5324999999999989
21
-34.197499999999998
0
LINE
8
BLACK
6
CONTINUOUS
10
106.5324999999999989
20
-34.197499999999998
11
106.5324999999999989
21
-34.302500000000002
0
LINE
8
BLACK
6
CONTINUOUS
10
106.5324999999999989
20
-34.302500000000002
11
106.5285039999999981
21
-34.3225909999999956
0
LINE
8
BLACK
6
CONTINUOUS
10
106.5285039999999981
20
-34.3225909999999956
11
106.517122999999998
21
-34.339622999999996
0
LINE
8
BLACK
6
CONTINUOUS
10
106.517122999999998
20
-34.339622999999996
11
106.5000909999999976
21
-34.3510039999999961
0
LINE
8
BLACK
6
CONTINUOUS
10
106.5000909999999976
20
-34.3510039999999961
11
106.4799999999999898
21
-34.3549999999999969
0
LINE
8
BLACK
6
CONTINUOUS
10
106.4799999999999898
20
-34.3549999999999969
11
105.7800000000000011
21
-34.3549999999999969
0
LINE
8
BLACK
6
CONTINUOUS
10
105.7800000000000011
20
-34.3549999999999969
11
105.7599089999999933
21
-34.3510039999999961
0
LINE
8
BLACK
6
CONTINUOUS
10
105.7599089999999933
20
-34.3510039999999961
11
105.7428769999999929
21
-34.339622999999996
0
LINE
8
BLACK
6
CONTINUOUS
10
105.7428769999999929
20
-34.339622999999996
11
105.7314959999999928
21
-34.3225909999999956
0
LINE
8
BLACK
6
CONTINUOUS
10
105.7314959999999928
20
-34.3225909999999956
11
105.727499999999992
21
-34.302500000000002
0
LINE
8
BLACK
6
CONTINUOUS
10
105.727499999999992
20
-34.302500000000002
11
105.727499999999992
21
-34.197499999999998
0
LINE
8
BLACK
6
CONTINUOUS
10
105.727499999999992
20
-34.197499999999998
11
105.7314959999999928
21
-34.1774089999999973
0
LINE
8
BLACK
6
CONTINUOUS
10
105.7314959999999928
20
-34.1774089999999973
11
105.7428769999999929
21
-34.1603769999999969
0
LINE
8
BLACK
6
CONTINUOUS
10
105.7428769999999929
20
-34.1603769999999969
11
105.7599089999999933
21
-34.1489959999999968
0
LINE
8
BLACK
6
CONTINUOUS
10
105.7599089999999933
20
-34.1489959999999968
11
105.7800000000000011
21
-34.144999999999996
0
LINE
8
BLACK
6
CONTINUOUS
10
105.7800000000000011
20
-34.144999999999996
11
106.4799999999999898
21
-34.144999999999996
0
LINE
8
BLACK
6
CONTINUOUS
10
106.4799999999999898
20
-34.144999999999996
11
106.5000909999999976
21
-34.1489959999999968
0
LINE
8
BLACK
6
CONTINUOUS
10
101.140831999999989
20
-33.9394929999999988
11
101.1748959999999897
21
-33.9622540000000015
0
LINE
8
BLACK
6
CONTINUOUS
10
101.1748959999999897
20
-33.9622540000000015
11
101.1976569999999924
21
-33.9963179999999952
0
LINE
8
BLACK
6
CONTINUOUS
10
101.1976569999999924
20
-33.9963179999999952
11
101.2056499999999915
21
-34.0364999999999966
0
LINE
8
BLACK
6
CONTINUOUS
10
101.2056499999999915
20
-34.0364999999999966
11
101.2056499999999915
21
-34.2464999999999975
0
LINE
8
BLACK
6
CONTINUOUS
10
101.2056499999999915
20
-34.2464999999999975
11
101.1976569999999924
21
-34.286681999999999
0
LINE
8
BLACK
6
CONTINUOUS
10
101.1976569999999924
20
-34.286681999999999
11
101.1748959999999897
21
-34.3207459999999998
0
LINE
8
BLACK
6
CONTINUOUS
10
101.1748959999999897
20
-34.3207459999999998
11
101.140831999999989
21
-34.3435069999999953
0
LINE
8
BLACK
6
CONTINUOUS
10
101.140831999999989
20
-34.3435069999999953
11
101.1006500000000017
21
-34.3515000000000015
0
LINE
8
BLACK
6
CONTINUOUS
10
101.1006500000000017
20
-34.3515000000000015
11
100.3831500000000005
21
-34.3515000000000015
0
LINE
8
BLACK
6
CONTINUOUS
10
100.3831500000000005
20
-34.3515000000000015
11
100.3429679999999991
21
-34.3435069999999953
0
LINE
8
BLACK
6
CONTINUOUS
10
100.3429679999999991
20
-34.3435069999999953
11
100.3089039999999983
21
-34.3207459999999998
0
LINE
8
BLACK
6
CONTINUOUS
10
100.3089039999999983
20
-34.3207459999999998
11
100.2861429999999956
21
-34.286681999999999
0
LINE
8
BLACK
6
CONTINUOUS
10
100.2861429999999956
20
-34.286681999999999
11
100.2781499999999966
21
-34.2464999999999975
0
LINE
8
BLACK
6
CONTINUOUS
10
100.2781499999999966
20
-34.2464999999999975
11
100.2781499999999966
21
-34.0364999999999966
0
LINE
8
BLACK
6
CONTINUOUS
10
100.2781499999999966
20
-34.0364999999999966
11
100.2861429999999956
21
-33.9963179999999952
0
LINE
8
BLACK
6
CONTINUOUS
10
100.2861429999999956
20
-33.9963179999999952
11
100.3089039999999983
21
-33.9622540000000015
0
LINE
8
BLACK
6
CONTINUOUS
10
100.3089039999999983
20
-33.9622540000000015
11
100.3429679999999991
21
-33.9394929999999988
0
LINE
8
BLACK
6
CONTINUOUS
10
100.3429679999999991
20
-33.9394929999999988
11
100.3831500000000005
21
-33.9314999999999998
0
LINE
8
BLACK
6
CONTINUOUS
10
100.3831500000000005
20
-33.9314999999999998
11
101.1006500000000017
21
-33.9314999999999998
0
LINE
8
BLACK
6
CONTINUOUS
10
101.1006500000000017
20
-33.9314999999999998
11
101.140831999999989
21
-33.9394929999999988
0
LINE
8
BLACK
6
CONTINUOUS
10
103.4158319999999947
20
-33.9394929999999988
11
103.4498959999999954
21
-33.9622540000000015
0
LINE
8
BLACK
6
CONTINUOUS
10
103.4498959999999954
20
-33.9622540000000015
11
103.4726569999999981
21
-33.9963179999999952
0
LINE
8
BLACK
6
CONTINUOUS
10
103.4726569999999981
20
-33.9963179999999952
11
103.4806499999999971
21
-34.0364999999999966
0
LINE
8
BLACK
6
CONTINUOUS
10
103.4806499999999971
20
-34.0364999999999966
11
103.4806499999999971
21
-34.2464999999999975
0
LINE
8
BLACK
6
CONTINUOUS
10
103.4806499999999971
20
-34.2464999999999975
11
103.4726569999999981
21
-34.286681999999999
0
LINE
8
BLACK
6
CONTINUOUS
10
103.4726569999999981
20
-34.286681999999999
11
103.4498959999999954
21
-34.3207459999999998
0
LINE
8
BLACK
6
CONTINUOUS
10
103.4498959999999954
20
-34.3207459999999998
11
103.4158319999999947
21
-34.3435069999999953
0
LINE
8
BLACK
6
CONTINUOUS
10
103.4158319999999947
20
-34.3435069999999953
11
103.3756499999999932
21
-34.3515000000000015
0
LINE
8
BLACK
6
CONTINUOUS
10
103.3756499999999932
20
-34.3515000000000015
11
102.658149999999992
21
-34.3515000000000015
0
LINE
8
BLACK
6
CONTINUOUS
10
102.658149999999992
20
-34.3515000000000015
11
102.6179679999999905
21
-34.3435069999999953
0
LINE
8
BLACK
6
CONTINUOUS
10
102.6179679999999905
20
-34.3435069999999953
11
102.5839039999999898
21
-34.3207459999999998
0
LINE
8
BLACK
6
CONTINUOUS
10
102.5839039999999898
20
-34.3207459999999998
11
102.5611430000000013
21
-34.286681999999999
0
LINE
8
BLACK
6
CONTINUOUS
10
102.5611430000000013
20
-34.286681999999999
11
102.5531500000000023
21
-34.2464999999999975
0
LINE
8
BLACK
6
CONTINUOUS
10
102.5531500000000023
20
-34.2464999999999975
11
102.5531500000000023
21
-34.0364999999999966
0
LINE
8
BLACK
6
CONTINUOUS
10
102.5531500000000023
20
-34.0364999999999966
11
102.5611430000000013
21
-33.9963179999999952
0
LINE
8
BLACK
6
CONTINUOUS
10
102.5611430000000013
20
-33.9963179999999952
11
102.5839039999999898
21
-33.9622540000000015
0
LINE
8
BLACK
6
CONTINUOUS
10
102.5839039999999898
20
-33.9622540000000015
11
102.6179679999999905
21
-33.9394929999999988
0
LINE
8
BLACK
6
CONTINUOUS
10
102.6179679999999905
20
-33.9394929999999988
11
102.658149999999992
21
-33.9314999999999998
0
LINE
8
BLACK
6
CONTINUOUS
10
102.658149999999992
20
-33.9314999999999998
11
103.3756499999999932
21
-33.9314999999999998
0
LINE
8
BLACK
6
CONTINUOUS
10
103.3756499999999932
20
-33.9314999999999998
11
103.4158319999999947
21
-33.9394929999999988
0
LINE
8
BLACK
6
CONTINUOUS
10
106.5000909999999976
20
-33.6489959999999968
11
106.517122999999998
21
-33.6603769999999969
0
LINE
8
BLACK
6
CONTINUOUS
10
106.517122999999998
20
-33.6603769999999969
11
106.5285039999999981
21
-33.6774089999999973
0
LINE
8
BLACK
6
CONTINUOUS
10
106.5285039999999981
20
-33.6774089999999973
11
106.5324999999999989
21
-33.697499999999998
0
LINE
8
BLACK
6
CONTINUOUS
10
106.5324999999999989
20
-33.697499999999998
11
106.5324999999999989
21
-33.802500000000002
0
LINE
8
BLACK
6
CONTINUOUS
10
106.5324999999999989
20
-33.802500000000002
11
106.5285039999999981
21
-33.8225909999999956
0
LINE
8
BLACK
6
CONTINUOUS
10
106.5285039999999981
20
-33.8225909999999956
11
106.517122999999998
21
-33.839622999999996
0
LINE
8
BLACK
6
CONTINUOUS
10
106.517122999999998
20
-33.839622999999996
11
106.5000909999999976
21
-33.8510039999999961
0
LINE
8
BLACK
6
CONTINUOUS
10
106.5000909999999976
20
-33.8510039999999961
11
106.4799999999999898
21
-33.8549999999999969
0
LINE
8
BLACK
6
CONTINUOUS
10
106.4799999999999898
20
-33.8549999999999969
11
105.7800000000000011
21
-33.8549999999999969
0
LINE
8
BLACK
6
CONTINUOUS
10
105.7800000000000011
20
-33.8549999999999969
11
105.7599089999999933
21
-33.8510039999999961
0
LINE
8
BLACK
6
CONTINUOUS
10
105.7599089999999933
20
-33.8510039999999961
11
105.7428769999999929
21
-33.839622999999996
0
LINE
8
BLACK
6
CONTINUOUS
10
105.7428769999999929
20
-33.839622999999996
11
105.7314959999999928
21
-33.8225909999999956
0
LINE
8
BLACK
6
CONTINUOUS
10
105.7314959999999928
20
-33.8225909999999956
11
105.727499999999992
21
-33.802500000000002
0
LINE
8
BLACK
6
CONTINUOUS
10
105.727499999999992
20
-33.802500000000002
11
105.727499999999992
21
-33.697499999999998
0
LINE
8
BLACK
6
CONTINUOUS
10
105.727499999999992
20
-33.697499999999998
11
105.7314959999999928
21
-33.6774089999999973
0
LINE
8
BLACK
6
CONTINUOUS
10
105.7314959999999928
20
-33.6774089999999973
11
105.7428769999999929
21
-33.6603769999999969
0
LINE
8
BLACK
6
CONTINUOUS
10
105.7428769999999929
20
-33.6603769999999969
11
105.7599089999999933
21
-33.6489959999999968
0
LINE
8
BLACK
6
CONTINUOUS
10
105.7599089999999933
20
-33.6489959999999968
11
105.7800000000000011
21
-33.644999999999996
0
LINE
8
BLACK
6
CONTINUOUS
10
105.7800000000000011
20
-33.644999999999996
11
106.4799999999999898
21
-33.644999999999996
0
LINE
8
BLACK
6
CONTINUOUS
10
106.4799999999999898
20
-33.644999999999996
11
106.5000909999999976
21
-33.6489959999999968
0
LINE
8
BLACK
6
CONTINUOUS
10
101.140831999999989
20
-32.989492999999996
11
101.1748959999999897
21
-33.0122539999999987
0
LINE
8
BLACK
6
CONTINUOUS
10
101.1748959999999897
20
-33.0122539999999987
11
101.1976569999999924
21
-33.0463179999999994
0
LINE
8
BLACK
6
CONTINUOUS
10
101.1976569999999924
20
-33.0463179999999994
11
101.2056499999999915
21
-33.0865000000000009
0
LINE
8
BLACK
6
CONTINUOUS
10
101.2056499999999915
20
-33.0865000000000009
11
101.2056499999999915
21
-33.2965000000000018
0
LINE
8
BLACK
6
CONTINUOUS
10
101.2056499999999915
20
-33.2965000000000018
11
101.1976569999999924
21
-33.3366819999999962
0
LINE
8
BLACK
6
CONTINUOUS
10
101.1976569999999924
20
-33.3366819999999962
11
101.1748959999999897
21
-33.3707459999999969
0
LINE
8
BLACK
6
CONTINUOUS
10
101.1748959999999897
20
-33.3707459999999969
11
101.140831999999989
21
-33.3935069999999996
0
LINE
8
BLACK
6
CONTINUOUS
10
101.140831999999989
20
-33.3935069999999996
11
101.1006500000000017
21
-33.4014999999999986
0
LINE
8
BLACK
6
CONTINUOUS
10
101.1006500000000017
20
-33.4014999999999986
11
100.3831500000000005
21
-33.4014999999999986
0
LINE
8
BLACK
6
CONTINUOUS
10
100.3831500000000005
20
-33.4014999999999986
11
100.3429679999999991
21
-33.3935069999999996
0
LINE
8
BLACK
6
CONTINUOUS
10
100.3429679999999991
20
-33.3935069999999996
11
100.3089039999999983
21
-33.3707459999999969
0
LINE
8
BLACK
6
CONTINUOUS
10
100.3089039999999983
20
-33.3707459999999969
11
100.2861429999999956
21
-33.3366819999999962
0
LINE
8
BLACK
6
CONTINUOUS
10
100.2861429999999956
20
-33.3366819999999962
11
100.2781499999999966
21
-33.2965000000000018
0
LINE
8
BLACK
6
CONTINUOUS
10
100.2781499999999966
20
-33.2965000000000018
11
100.2781499999999966
21
-33.0865000000000009
0
LINE
8
BLACK
6
CONTINUOUS
10
100.2781499999999966
20
-33.0865000000000009
11
100.2861429999999956
21
-33.0463179999999994
0
LINE
8
BLACK
6
CONTINUOUS
10
100.2861429999999956
20
-33.0463179999999994
11
100.3089039999999983
21
-33.0122539999999987
0
LINE
8
BLACK
6
CONTINUOUS
10
100.3089039999999983
20
-33.0122539999999987
11
100.3429679999999991
21
-32.989492999999996
0
LINE
8
BLACK
6
CONTINUOUS
10
100.3429679999999991
20
-32.989492999999996
11
100.3831500000000005
21
-32.9814999999999969
0
LINE
8
BLACK
6
CONTINUOUS
10
100.3831500000000005
20
-32.9814999999999969
11
101.1006500000000017
21
-32.9814999999999969
0
LINE
8
BLACK
6
CONTINUOUS
10
101.1006500000000017
20
-32.9814999999999969
11
101.140831999999989
21
-32.989492999999996
0
LINE
8
BLACK
6
CONTINUOUS
10
103.4158319999999947
20
-32.989492999999996
11
103.4498959999999954
21
-33.0122539999999987
0
LINE
8
BLACK
6
CONTINUOUS
10
103.4498959999999954
20
-33.0122539999999987
11
103.4726569999999981
21
-33.0463179999999994
0
LINE
8
BLACK
6
CONTINUOUS
10
103.4726569999999981
20
-33.0463179999999994
11
103.4806499999999971
21
-33.0865000000000009
0
LINE
8
BLACK
6
CONTINUOUS
10
103.4806499999999971
20
-33.0865000000000009
11
103.4806499999999971
21
-33.2965000000000018
0
LINE
8
BLACK
6
CONTINUOUS
10
103.4806499999999971
20
-33.2965000000000018
11
103.4726569999999981
21
-33.3366819999999962
0
LINE
8
BLACK
6
CONTINUOUS
10
103.4726569999999981
20
-33.3366819999999962
11
103.4498959999999954
21
-33.3707459999999969
0
LINE
8
BLACK
6
CONTINUOUS
10
103.4498959999999954
20
-33.3707459999999969
11
103.4158319999999947
21
-33.3935069999999996
0
LINE
8
BLACK
6
CONTINUOUS
10
103.4158319999999947
20
-33.3935069999999996
11
103.3756499999999932
21
-33.4014999999999986
0
LINE
8
BLACK
6
CONTINUOUS
10
103.3756499999999932
20
-33.4014999999999986
11
102.658149999999992
21
-33.4014999999999986
0
LINE
8
BLACK
6
CONTINUOUS
10
102.658149999999992
20
-33.4014999999999986
11
102.6179679999999905
21
-33.3935069999999996
0
LINE
8
BLACK
6
CONTINUOUS
10
102.6179679999999905
20
-33.3935069999999996
11
102.5839039999999898
21
-33.3707459999999969
0
LINE
8
BLACK
6
CONTINUOUS
10
102.5839039999999898
20
-33.3707459999999969
11
102.5611430000000013
21
-33.3366819999999962
0
LINE
8
BLACK
6
CONTINUOUS
10
102.5611430000000013
20
-33.3366819999999962
11
102.5531500000000023
21
-33.2965000000000018
0
LINE
8
BLACK
6
CONTINUOUS
10
102.5531500000000023
20
-33.2965000000000018
11
102.5531500000000023
21
-33.0865000000000009
0
LINE
8
BLACK
6
CONTINUOUS
10
102.5531500000000023
20
-33.0865000000000009
11
102.5611430000000013
21
-33.0463179999999994
0
LINE
8
BLACK
6
CONTINUOUS
10
102.5611430000000013
20
-33.0463179999999994
11
102.5839039999999898
21
-33.0122539999999987
0
LINE
8
BLACK
6
CONTINUOUS
10
102.5839039999999898
20
-33.0122539999999987
11
102.6179679999999905
21
-32.989492999999996
0
LINE
8
BLACK
6
CONTINUOUS
10
102.6179679999999905
20
-32.989492999999996
11
102.658149999999992
21
-32.9814999999999969
0
LINE
8
BLACK
6
CONTINUOUS
10
102.658149999999992
20
-32.9814999999999969
11
103.3756499999999932
21
-32.9814999999999969
0
LINE
8
BLACK
6
CONTINUOUS
10
103.3756499999999932
20
-32.9814999999999969
11
103.4158319999999947
21
-32.989492999999996
0
LINE
8
BLACK
6
CONTINUOUS
10
106.5000909999999976
20
-33.1489959999999968
11
106.517122999999998
21
-33.1603769999999969
0
LINE
8
BLACK
6
CONTINUOUS
10
106.517122999999998
20
-33.1603769999999969
11
106.5285039999999981
21
-33.1774089999999973
0
LINE
8
BLACK
6
CONTINUOUS
10
106.5285039999999981
20
-33.1774089999999973
11
106.5324999999999989
21
-33.197499999999998
0
LINE
8
BLACK
6
CONTINUOUS
10
106.5324999999999989
20
-33.197499999999998
11
106.5324999999999989
21
-33.302500000000002
0
LINE
8
BLACK
6
CONTINUOUS
10
106.5324999999999989
20
-33.302500000000002
11
106.5285039999999981
21
-33.3225909999999956
0
LINE
8
BLACK
6
CONTINUOUS
10
106.5285039999999981
20
-33.3225909999999956
11
106.517122999999998
21
-33.339622999999996
0
LINE
8
BLACK
6
CONTINUOUS
10
106.517122999999998
20
-33.339622999999996
11
106.5000909999999976
21
-33.3510039999999961
0
LINE
8
BLACK
6
CONTINUOUS
10
106.5000909999999976
20
-33.3510039999999961
11
106.4799999999999898
21
-33.3549999999999969
0
LINE
8
BLACK
6
CONTINUOUS
10
106.4799999999999898
20
-33.3549999999999969
11
105.7800000000000011
21
-33.3549999999999969
0
LINE
8
BLACK
6
CONTINUOUS
10
105.7800000000000011
20
-33.3549999999999969
11
105.7599089999999933
21
-33.3510039999999961
0
LINE
8
BLACK
6
CONTINUOUS
10
105.7599089999999933
20
-33.3510039999999961
11
105.7428769999999929
21
-33.339622999999996
0
LINE
8
BLACK
6
CONTINUOUS
10
105.7428769999999929
20
-33.339622999999996
11
105.7314959999999928
21
-33.3225909999999956
0
LINE
8
BLACK
6
CONTINUOUS
10
105.7314959999999928
20
-33.3225909999999956
11
105.727499999999992
21
-33.302500000000002
0
LINE
8
BLACK
6
CONTINUOUS
10
105.727499999999992
20
-33.302500000000002
11
105.727499999999992
21
-33.197499999999998
0
LINE
8
BLACK
6
CONTINUOUS
10
105.727499999999992
20
-33.197499999999998
11
105.7314959999999928
21
-33.1774089999999973
0
LINE
8
BLACK
6
CONTINUOUS
10
105.7314959999999928
20
-33.1774089999999973
11
105.7428769999999929
21
-33.1603769999999969
0
LINE
8
BLACK
6
CONTINUOUS
10
105.7428769999999929
20
-33.1603769999999969
11
105.7599089999999933
21
-33.1489959999999968
0
LINE
8
BLACK
6
CONTINUOUS
10
105.7599089999999933
20
-33.1489959999999968
11
105.7800000000000011
21
-33.144999999999996
0
LINE
8
BLACK
6
CONTINUOUS
10
105.7800000000000011
20
-33.144999999999996
11
106.4799999999999898
21
-33.144999999999996
0
LINE
8
BLACK
6
CONTINUOUS
10
106.4799999999999898
20
-33.144999999999996
11
106.5000909999999976
21
-33.1489959999999968
0
LINE
8
BLACK
6
CONTINUOUS
10
106.5000909999999976
20
-32.6489959999999968
11
106.517122999999998
21
-32.6603769999999969
0
LINE
8
BLACK
6
CONTINUOUS
10
106.517122999999998
20
-32.6603769999999969
11
106.5285039999999981
21
-32.6774089999999973
0
LINE
8
BLACK
6
CONTINUOUS
10
106.5285039999999981
20
-32.6774089999999973
11
106.5324999999999989
21
-32.697499999999998
0
LINE
8
BLACK
6
CONTINUOUS
10
106.5324999999999989
20
-32.697499999999998
11
106.5324999999999989
21
-32.802500000000002
0
LINE
8
BLACK
6
CONTINUOUS
10
106.5324999999999989
20
-32.802500000000002
11
106.5285039999999981
21
-32.8225909999999956
0
LINE
8
BLACK
6
CONTINUOUS
10
106.5285039999999981
20
-32.8225909999999956
11
106.517122999999998
21
-32.839622999999996
0
LINE
8
BLACK
6
CONTINUOUS
10
106.517122999999998
20
-32.839622999999996
11
106.5000909999999976
21
-32.8510039999999961
0
LINE
8
BLACK
6
CONTINUOUS
10
106.5000909999999976
20
-32.8510039999999961
11
106.4799999999999898
21
-32.8549999999999969
0
LINE
8
BLACK
6
CONTINUOUS
10
106.4799999999999898
20
-32.8549999999999969
11
105.7800000000000011
21
-32.8549999999999969
0
LINE
8
BLACK
6
CONTINUOUS
10
105.7800000000000011
20
-32.8549999999999969
11
105.7599089999999933
21
-32.8510039999999961
0
LINE
8
BLACK
6
CONTINUOUS
10
105.7599089999999933
20
-32.8510039999999961
11
105.7428769999999929
21
-32.839622999999996
0
LINE
8
BLACK
6
CONTINUOUS
10
105.7428769999999929
20
-32.839622999999996
11
105.7314959999999928
21
-32.8225909999999956
0
LINE
8
BLACK
6
CONTINUOUS
10
105.7314959999999928
20
-32.8225909999999956
11
105.727499999999992
21
-32.802500000000002
0
LINE
8
BLACK
6
CONTINUOUS
10
105.727499999999992
20
-32.802500000000002
11
105.727499999999992
21
-32.697499999999998
0
LINE
8
BLACK
6
CONTINUOUS
10
105.727499999999992
20
-32.697499999999998
11
105.7314959999999928
21
-32.6774089999999973
0
LINE
8
BLACK
6
CONTINUOUS
10
105.7314959999999928
20
-32.6774089999999973
11
105.7428769999999929
21
-32.6603769999999969
0
LINE
8
BLACK
6
CONTINUOUS
10
105.7428769999999929
20
-32.6603769999999969
11
105.7599089999999933
21
-32.6489959999999968
0
LINE
8
BLACK
6
CONTINUOUS
10
105.7599089999999933
20
-32.6489959999999968
11
105.7800000000000011
21
-32.644999999999996
0
LINE
8
BLACK
6
CONTINUOUS
10
105.7800000000000011
20
-32.644999999999996
11
106.4799999999999898
21
-32.644999999999996
0
LINE
8
BLACK
6
CONTINUOUS
10
106.4799999999999898
20
-32.644999999999996
11
106.5000909999999976
21
-32.6489959999999968
0
LINE
8
BLACK
6
CONTINUOUS
10
106.5000909999999976
20
-32.1489959999999968
11
106.517122999999998
21
-32.1603769999999969
0
LINE
8
BLACK
6
CONTINUOUS
10
106.517122999999998
20
-32.1603769999999969
11
106.5285039999999981
21
-32.1774089999999973
0
LINE
8
BLACK
6
CONTINUOUS
10
106.5285039999999981
20
-32.1774089999999973
11
106.5324999999999989
21
-32.197499999999998
0
LINE
8
BLACK
6
CONTINUOUS
10
106.5324999999999989
20
-32.197499999999998
11
106.5324999999999989
21
-32.302500000000002
0
LINE
8
BLACK
6
CONTINUOUS
10
106.5324999999999989
20
-32.302500000000002
11
106.5285039999999981
21
-32.3225909999999956
0
LINE
8
BLACK
6
CONTINUOUS
10
106.5285039999999981
20
-32.3225909999999956
11
106.517122999999998
21
-32.339622999999996
0
LINE
8
BLACK
6
CONTINUOUS
10
106.517122999999998
20
-32.339622999999996
11
106.5000909999999976
21
-32.3510039999999961
0
LINE
8
BLACK
6
CONTINUOUS
10
106.5000909999999976
20
-32.3510039999999961
11
106.4799999999999898
21
-32.3549999999999969
0
LINE
8
BLACK
6
CONTINUOUS
10
106.4799999999999898
20
-32.3549999999999969
11
105.7800000000000011
21
-32.3549999999999969
0
LINE
8
BLACK
6
CONTINUOUS
10
105.7800000000000011
20
-32.3549999999999969
11
105.7599089999999933
21
-32.3510039999999961
0
LINE
8
BLACK
6
CONTINUOUS
10
105.7599089999999933
20
-32.3510039999999961
11
105.7428769999999929
21
-32.339622999999996
0
LINE
8
BLACK
6
CONTINUOUS
10
105.7428769999999929
20
-32.339622999999996
11
105.7314959999999928
21
-32.3225909999999956
0
LINE
8
BLACK
6
CONTINUOUS
10
105.7314959999999928
20
-32.3225909999999956
11
105.727499999999992
21
-32.302500000000002
0
LINE
8
BLACK
6
CONTINUOUS
10
105.727499999999992
20
-32.302500000000002
11
105.727499999999992
21
-32.197499999999998
0
LINE
8
BLACK
6
CONTINUOUS
10
105.727499999999992
20
-32.197499999999998
11
105.7314959999999928
21
-32.1774089999999973
0
LINE
8
BLACK
6
CONTINUOUS
10
105.7314959999999928
20
-32.1774089999999973
11
105.7428769999999929
21
-32.1603769999999969
0
LINE
8
BLACK
6
CONTINUOUS
10
105.7428769999999929
20
-32.1603769999999969
11
105.7599089999999933
21
-32.1489959999999968
0
LINE
8
BLACK
6
CONTINUOUS
10
105.7599089999999933
20
-32.1489959999999968
11
105.7800000000000011
21
-32.144999999999996
0
LINE
8
BLACK
6
CONTINUOUS
10
105.7800000000000011
20
-32.144999999999996
11
106.4799999999999898
21
-32.144999999999996
0
LINE
8
BLACK
6
CONTINUOUS
10
106.4799999999999898
20
-32.144999999999996
11
106.5000909999999976
21
-32.1489959999999968
0
LINE
8
BLACK
6
CONTINUOUS
10
102.5494699999999995
20
-31.3133209999999984
11
102.6062439999999896
21
-31.3512559999999993
0
LINE
8
BLACK
6
CONTINUOUS
10
102.6062439999999896
20
-31.3512559999999993
11
102.6441789999999941
21
-31.4080300000000001
0
LINE
8
BLACK
6
CONTINUOUS
10
102.6441789999999941
20
-31.4080300000000001
11
102.6574999999999989
21
-31.4749999999999979
0
LINE
8
BLACK
6
CONTINUOUS
10
102.6574999999999989
20
-31.4749999999999979
11
102.6574999999999989
21
-31.8249999999999993
0
LINE
8
BLACK
6
CONTINUOUS
10
102.6574999999999989
20
-31.8249999999999993
11
102.6441789999999941
21
-31.891969999999997
0
LINE
8
BLACK
6
CONTINUOUS
10
102.6441789999999941
20
-31.891969999999997
11
102.6062439999999896
21
-31.9487439999999978
0
LINE
8
BLACK
6
CONTINUOUS
10
102.6062439999999896
20
-31.9487439999999978
11
102.5494699999999995
21
-31.9866789999999988
0
LINE
8
BLACK
6
CONTINUOUS
10
102.5494699999999995
20
-31.9866789999999988
11
102.4825000000000017
21
-32.
0
LINE
8
BLACK
6
CONTINUOUS
10
102.4825000000000017
20
-32.
11
101.8174999999999955
21
-32.
0
LINE
8
BLACK
6
CONTINUOUS
10
101.8174999999999955
20
-32.
11
101.7505299999999977
21
-31.9866789999999988
0
LINE
8
BLACK
6
CONTINUOUS
10
101.7505299999999977
20
-31.9866789999999988
11
101.6937559999999934
21
-31.9487439999999978
0
LINE
8
BLACK
6
CONTINUOUS
10
101.6937559999999934
20
-31.9487439999999978
11
101.6558209999999889
21
-31.891969999999997
0
LINE
8
BLACK
6
CONTINUOUS
10
101.6558209999999889
20
-31.891969999999997
11
101.6424999999999983
21
-31.8249999999999993
0
LINE
8
BLACK
6
CONTINUOUS
10
101.6424999999999983
20
-31.8249999999999993
11
101.6424999999999983
21
-31.4749999999999979
0
LINE
8
BLACK
6
CONTINUOUS
10
101.6424999999999983
20
-31.4749999999999979
11
101.6558209999999889
21
-31.4080300000000001
0
LINE
8
BLACK
6
CONTINUOUS
10
101.6558209999999889
20
-31.4080300000000001
11
101.6937559999999934
21
-31.3512559999999993
0
LINE
8
BLACK
6
CONTINUOUS
10
101.6937559999999934
20
-31.3512559999999993
11
101.7505299999999977
21
-31.3133209999999984
0
LINE
8
BLACK
6
CONTINUOUS
10
101.7505299999999977
20
-31.3133209999999984
11
101.8174999999999955
21
-31.2999999999999972
0
LINE
8
BLACK
6
CONTINUOUS
10
101.8174999999999955
20
-31.2999999999999972
11
102.4825000000000017
21
-31.2999999999999972
0
LINE
8
BLACK
6
CONTINUOUS
10
102.4825000000000017
20
-31.2999999999999972
11
102.5494699999999995
21
-31.3133209999999984
0
LINE
8
BLACK
6
CONTINUOUS
10
106.4676819999999964
20
-31.3979929999999996
11
106.5017459999999971
21
-31.4207539999999987
0
LINE
8
BLACK
6
CONTINUOUS
10
106.5017459999999971
20
-31.4207539999999987
11
106.5245069999999998
21
-31.4548179999999995
0
LINE
8
BLACK
6
CONTINUOUS
10
106.5245069999999998
20
-31.4548179999999995
11
106.5324999999999989
21
-31.4949999999999974
0
LINE
8
BLACK
6
CONTINUOUS
10
106.5324999999999989
20
-31.4949999999999974
11
106.5324999999999989
21
-31.7049999999999983
0
LINE
8
BLACK
6
CONTINUOUS
10
106.5324999999999989
20
-31.7049999999999983
11
106.5245069999999998
21
-31.7451819999999998
0
LINE
8
BLACK
6
CONTINUOUS
10
106.5245069999999998
20
-31.7451819999999998
11
106.5017459999999971
21
-31.779245999999997
0
LINE
8
BLACK
6
CONTINUOUS
10
106.5017459999999971
20
-31.779245999999997
11
106.4676819999999964
21
-31.8020069999999997
0
LINE
8
BLACK
6
CONTINUOUS
10
106.4676819999999964
20
-31.8020069999999997
11
106.4274999999999949
21
-31.8099999999999987
0
LINE
8
BLACK
6
CONTINUOUS
10
106.4274999999999949
20
-31.8099999999999987
11
105.832499999999996
21
-31.8099999999999987
0
LINE
8
BLACK
6
CONTINUOUS
10
105.832499999999996
20
-31.8099999999999987
11
105.7923179999999945
21
-31.8020069999999997
0
LINE
8
BLACK
6
CONTINUOUS
10
105.7923179999999945
20
-31.8020069999999997
11
105.7582539999999938
21
-31.779245999999997
0
LINE
8
BLACK
6
CONTINUOUS
10
105.7582539999999938
20
-31.779245999999997
11
105.7354929999999911
21
-31.7451819999999998
0
LINE
8
BLACK
6
CONTINUOUS
10
105.7354929999999911
20
-31.7451819999999998
11
105.727499999999992
21
-31.7049999999999983
0
LINE
8
BLACK
6
CONTINUOUS
10
105.727499999999992
20
-31.7049999999999983
11
105.727499999999992
21
-31.4949999999999974
0
LINE
8
BLACK
6
CONTINUOUS
10
105.727499999999992
20
-31.4949999999999974
11
105.7354929999999911
21
-31.4548179999999995
0
LINE
8
BLACK
6
CONTINUOUS
10
105.7354929999999911
20
-31.4548179999999995
11
105.7582539999999938
21
-31.4207539999999987
0
LINE
8
BLACK
6
CONTINUOUS
10
105.7582539999999938
20
-31.4207539999999987
11
105.7923179999999945
21
-31.3979929999999996
0
LINE
8
BLACK
6
CONTINUOUS
10
105.7923179999999945
20
-31.3979929999999996
11
105.832499999999996
21
-31.389999999999997
0
LINE
8
BLACK
6
CONTINUOUS
10
105.832499999999996
20
-31.389999999999997
11
106.4274999999999949
21
-31.389999999999997
0
LINE
8
BLACK
6
CONTINUOUS
10
106.4274999999999949
20
-31.389999999999997
11
106.4676819999999964
21
-31.3979929999999996
0
LINE
8
BLACK
6
CONTINUOUS
10
106.4676819999999964
20
-30.5979929999999989
11
106.5017459999999971
21
-30.620753999999998
0
LINE
8
BLACK
6
CONTINUOUS
10
106.5017459999999971
20
-30.620753999999998
11
106.5245069999999998
21
-30.6548179999999988
0
LINE
8
BLACK
6
CONTINUOUS
10
106.5245069999999998
20
-30.6548179999999988
11
106.5324999999999989
21
-30.6950000000000003
0
LINE
8
BLACK
6
CONTINUOUS
10
106.5324999999999989
20
-30.6950000000000003
11
106.5324999999999989
21
-30.9049999999999976
0
LINE
8
BLACK
6
CONTINUOUS
10
106.5324999999999989
20
-30.9049999999999976
11
106.5245069999999998
21
-30.9451819999999991
0
LINE
8
BLACK
6
CONTINUOUS
10
106.5245069999999998
20
-30.9451819999999991
11
106.5017459999999971
21
-30.9792459999999998
0
LINE
8
BLACK
6
CONTINUOUS
10
106.5017459999999971
20
-30.9792459999999998
11
106.4676819999999964
21
-31.002006999999999
0
LINE
8
BLACK
6
CONTINUOUS
10
106.4676819999999964
20
-31.002006999999999
11
106.4274999999999949
21
-31.009999999999998
0
LINE
8
BLACK
6
CONTINUOUS
10
106.4274999999999949
20
-31.009999999999998
11
105.832499999999996
21
-31.009999999999998
0
LINE
8
BLACK
6
CONTINUOUS
10
105.832499999999996
20
-31.009999999999998
11
105.7923179999999945
21
-31.002006999999999
0
LINE
8
BLACK
6
CONTINUOUS
10
105.7923179999999945
20
-31.002006999999999
11
105.7582539999999938
21
-30.9792459999999998
0
LINE
8
BLACK
6
CONTINUOUS
10
105.7582539999999938
20
-30.9792459999999998
11
105.7354929999999911
21
-30.9451819999999991
0
LINE
8
BLACK
6
CONTINUOUS
10
105.7354929999999911
20
-30.9451819999999991
11
105.727499999999992
21
-30.9049999999999976
0
LINE
8
BLACK
6
CONTINUOUS
10
105.727499999999992
20
-30.9049999999999976
11
105.727499999999992
21
-30.6950000000000003
0
LINE
8
BLACK
6
CONTINUOUS
10
105.727499999999992
20
-30.6950000000000003
11
105.7354929999999911
21
-30.6548179999999988
0
LINE
8
BLACK
6
CONTINUOUS
10
105.7354929999999911
20
-30.6548179999999988
11
105.7582539999999938
21
-30.620753999999998
0
LINE
8
BLACK
6
CONTINUOUS
10
105.7582539999999938
20
-30.620753999999998
11
105.7923179999999945
21
-30.5979929999999989
0
LINE
8
BLACK
6
CONTINUOUS
10
105.7923179999999945
20
-30.5979929999999989
11
105.832499999999996
21
-30.5899999999999999
0
LINE
8
BLACK
6
CONTINUOUS
10
105.832499999999996
20
-30.5899999999999999
11
106.4274999999999949
21
-30.5899999999999999
0
LINE
8
BLACK
6
CONTINUOUS
10
106.4274999999999949
20
-30.5899999999999999
11
106.4676819999999964
21
-30.5979929999999989
0
LINE
8
BLACK
6
CONTINUOUS
10
102.5494699999999995
20
-29.4133209999999998
11
102.6062439999999896
21
-29.4512559999999972
0
LINE
8
BLACK
6
CONTINUOUS
10
102.6062439999999896
20
-29.4512559999999972
11
102.6441789999999941
21
-29.508029999999998
0
LINE
8
BLACK
6
CONTINUOUS
10
102.6441789999999941
20
-29.508029999999998
11
102.6574999999999989
21
-29.5749999999999993
0
LINE
8
BLACK
6
CONTINUOUS
10
102.6574999999999989
20
-29.5749999999999993
11
102.6574999999999989
21
-29.9249999999999972
0
LINE
8
BLACK
6
CONTINUOUS
10
102.6574999999999989
20
-29.9249999999999972
11
102.6441789999999941
21
-29.9919699999999985
0
LINE
8
BLACK
6
CONTINUOUS
10
102.6441789999999941
20
-29.9919699999999985
11
102.6062439999999896
21
-30.0487439999999992
0
LINE
8
BLACK
6
CONTINUOUS
10
102.6062439999999896
20
-30.0487439999999992
11
102.5494699999999995
21
-30.0866790000000002
0
LINE
8
BLACK
6
CONTINUOUS
10
102.5494699999999995
20
-30.0866790000000002
11
102.4825000000000017
21
-30.0999999999999979
0
LINE
8
BLACK
6
CONTINUOUS
10
102.4825000000000017
20
-30.0999999999999979
11
101.8174999999999955
21
-30.0999999999999979
0
LINE
8
BLACK
6
CONTINUOUS
10
101.8174999999999955
20
-30.0999999999999979
11
101.7505299999999977
21
-30.0866790000000002
0
LINE
8
BLACK
6
CONTINUOUS
10
101.7505299999999977
20
-30.0866790000000002
11
101.6937559999999934
21
-30.0487439999999992
0
LINE
8
BLACK
6
CONTINUOUS
10
101.6937559999999934
20
-30.0487439999999992
11
101.6558209999999889
21
-29.9919699999999985
0
LINE
8
BLACK
6
CONTINUOUS
10
101.6558209999999889
20
-29.9919699999999985
11
101.6424999999999983
21
-29.9249999999999972
0
LINE
8
BLACK
6
CONTINUOUS
10
101.6424999999999983
20
-29.9249999999999972
11
101.6424999999999983
21
-29.5749999999999993
0
LINE
8
BLACK
6
CONTINUOUS
10
101.6424999999999983
20
-29.5749999999999993
11
101.6558209999999889
21
-29.508029999999998
0
LINE
8
BLACK
6
CONTINUOUS
10
101.6558209999999889
20
-29.508029999999998
11
101.6937559999999934
21
-29.4512559999999972
0
LINE
8
BLACK
6
CONTINUOUS
10
101.6937559999999934
20
-29.4512559999999972
11
101.7505299999999977
21
-29.4133209999999998
0
LINE
8
BLACK
6
CONTINUOUS
10
101.7505299999999977
20
-29.4133209999999998
11
101.8174999999999955
21
-29.3999999999999986
0
LINE
8
BLACK
6
CONTINUOUS
10
101.8174999999999955
20
-29.3999999999999986
11
102.4825000000000017
21
-29.3999999999999986
0
LINE
8
BLACK
6
CONTINUOUS
10
102.4825000000000017
20
-29.3999999999999986
11
102.5494699999999995
21
-29.4133209999999998
0
LINE
8
BLACK
6
CONTINUOUS
10
107.1356839999999977
20
-29.3329939999999993
11
107.2239390000000014
21
-29.3566419999999972
0
LINE
8
BLACK
6
CONTINUOUS
10
107.2239390000000014
20
-29.3566419999999972
11
107.3030669999999986
21
-29.4023259999999986
0
LINE
8
BLACK
6
CONTINUOUS
10
107.3030669999999986
20
-29.4023259999999986
11
107.3676739999999938
21
-29.4669329999999974
0
LINE
8
BLACK
6
CONTINUOUS
10
107.3676739999999938
20
-29.4669329999999974
11
107.4133579999999881
21
-29.5460609999999981
0
LINE
8
BLACK
6
CONTINUOUS
10
107.4133579999999881
20
-29.5460609999999981
11
107.4370059999999967
21
-29.6343159999999983
0
LINE
8
BLACK
6
CONTINUOUS
10
107.4370059999999967
20
-29.6343159999999983
11
107.4370059999999967
21
-29.7256839999999976
0
LINE
8
BLACK
6
CONTINUOUS
10
107.4370059999999967
20
-29.7256839999999976
11
107.4133579999999881
21
-29.8139389999999977
0
LINE
8
BLACK
6
CONTINUOUS
10
107.4133579999999881
20
-29.8139389999999977
11
107.3676739999999938
21
-29.8930669999999985
0
LINE
8
BLACK
6
CONTINUOUS
10
107.3676739999999938
20
-29.8930669999999985
11
107.3030669999999986
21
-29.9576739999999972
0
LINE
8
BLACK
6
CONTINUOUS
10
107.3030669999999986
20
-29.9576739999999972
11
107.2239390000000014
21
-30.0033579999999986
0
LINE
8
BLACK
6
CONTINUOUS
10
107.2239390000000014
20
-30.0033579999999986
11
107.1356839999999977
21
-30.0270060000000001
0
LINE
8
BLACK
6
CONTINUOUS
10
107.1356839999999977
20
-30.0270060000000001
11
107.0899999999999892
21
-30.0299999999999976
0
LINE
8
BLACK
6
CONTINUOUS
10
107.0899999999999892
20
-30.0299999999999976
11
106.3199999999999932
21
-30.0299999999999976
0
LINE
8
BLACK
6
CONTINUOUS
10
106.3199999999999932
20
-30.0299999999999976
11
106.2743159999999989
21
-30.0270060000000001
0
LINE
8
BLACK
6
CONTINUOUS
10
106.2743159999999989
20
-30.0270060000000001
11
106.1860609999999951
21
-30.0033579999999986
0
LINE
8
BLACK
6
CONTINUOUS
10
106.1860609999999951
20
-30.0033579999999986
11
106.1069329999999979
21
-29.9576739999999972
0
LINE
8
BLACK
6
CONTINUOUS
10
106.1069329999999979
20
-29.9576739999999972
11
106.0423259999999885
21
-29.8930669999999985
0
LINE
8
BLACK
6
CONTINUOUS
10
106.0423259999999885
20
-29.8930669999999985
11
105.9966419999999943
21
-29.8139389999999977
0
LINE
8
BLACK
6
CONTINUOUS
10
105.9966419999999943
20
-29.8139389999999977
11
105.9729939999999999
21
-29.7256839999999976
0
LINE
8
BLACK
6
CONTINUOUS
10
105.9729939999999999
20
-29.7256839999999976
11
105.9729939999999999
21
-29.6343159999999983
0
LINE
8
BLACK
6
CONTINUOUS
10
105.9729939999999999
20
-29.6343159999999983
11
105.9966419999999943
21
-29.5460609999999981
0
LINE
8
BLACK
6
CONTINUOUS
10
105.9966419999999943
20
-29.5460609999999981
11
106.0423259999999885
21
-29.4669329999999974
0
LINE
8
BLACK
6
CONTINUOUS
10
106.0423259999999885
20
-29.4669329999999974
11
106.1069329999999979
21
-29.4023259999999986
0
LINE
8
BLACK
6
CONTINUOUS
10
106.1069329999999979
20
-29.4023259999999986
11
106.1860609999999951
21
-29.3566419999999972
0
LINE
8
BLACK
6
CONTINUOUS
10
106.1860609999999951
20
-29.3566419999999972
11
106.2743159999999989
21
-29.3329939999999993
0
LINE
8
BLACK
6
CONTINUOUS
10
106.2743159999999989
20
-29.3329939999999993
11
106.3199999999999932
21
-29.3299999999999983
0
LINE
8
BLACK
6
CONTINUOUS
10
106.3199999999999932
20
-29.3299999999999983
11
107.0899999999999892
21
-29.3299999999999983
0
LINE
8
BLACK
6
CONTINUOUS
10
107.0899999999999892
20
-29.3299999999999983
11
107.1356839999999977
21
-29.3329939999999993
0
LINE
8
BLACK
6
CONTINUOUS
10
111.2106840000000005
20
-29.3329939999999993
11
111.2989389999999901
21
-29.3566419999999972
0
LINE
8
BLACK
6
CONTINUOUS
10
111.2989389999999901
20
-29.3566419999999972
11
111.3780670000000015
21
-29.4023259999999986
0
LINE
8
BLACK
6
CONTINUOUS
10
111.3780670000000015
20
-29.4023259999999986
11
111.4426739999999967
21
-29.4669329999999974
0
LINE
8
BLACK
6
CONTINUOUS
10
111.4426739999999967
20
-29.4669329999999974
11
111.488357999999991
21
-29.5460609999999981
0
LINE
8
BLACK
6
CONTINUOUS
10
111.488357999999991
20
-29.5460609999999981
11
111.5120059999999995
21
-29.6343159999999983
0
LINE
8
BLACK
6
CONTINUOUS
10
111.5120059999999995
20
-29.6343159999999983
11
111.5120059999999995
21
-29.7256839999999976
0
LINE
8
BLACK
6
CONTINUOUS
10
111.5120059999999995
20
-29.7256839999999976
11
111.488357999999991
21
-29.8139389999999977
0
LINE
8
BLACK
6
CONTINUOUS
10
111.488357999999991
20
-29.8139389999999977
11
111.4426739999999967
21
-29.8930669999999985
0
LINE
8
BLACK
6
CONTINUOUS
10
111.4426739999999967
20
-29.8930669999999985
11
111.3780670000000015
21
-29.9576739999999972
0
LINE
8
BLACK
6
CONTINUOUS
10
111.3780670000000015
20
-29.9576739999999972
11
111.2989389999999901
21
-30.0033579999999986
0
LINE
8
BLACK
6
CONTINUOUS
10
111.2989389999999901
20
-30.0033579999999986
11
111.2106840000000005
21
-30.0270060000000001
0
LINE
8
BLACK
6
CONTINUOUS
10
111.2106840000000005
20
-30.0270060000000001
11
111.164999999999992
21
-30.0299999999999976
0
LINE
8
BLACK
6
CONTINUOUS
10
111.164999999999992
20
-30.0299999999999976
11
110.6049999999999898
21
-30.0299999999999976
0
LINE
8
BLACK
6
CONTINUOUS
10
110.6049999999999898
20
-30.0299999999999976
11
110.5593159999999955
21
-30.0270060000000001
0
LINE
8
BLACK
6
CONTINUOUS
10
110.5593159999999955
20
-30.0270060000000001
11
110.4710609999999917
21
-30.0033579999999986
0
LINE
8
BLACK
6
CONTINUOUS
10
110.4710609999999917
20
-30.0033579999999986
11
110.3919329999999945
21
-29.9576739999999972
0
LINE
8
BLACK
6
CONTINUOUS
10
110.3919329999999945
20
-29.9576739999999972
11
110.3273259999999993
21
-29.8930669999999985
0
LINE
8
BLACK
6
CONTINUOUS
10
110.3273259999999993
20
-29.8930669999999985
11
110.2816419999999908
21
-29.8139389999999977
0
LINE
8
BLACK
6
CONTINUOUS
10
110.2816419999999908
20
-29.8139389999999977
11
110.2579939999999965
21
-29.7256839999999976
0
LINE
8
BLACK
6
CONTINUOUS
10
110.2579939999999965
20
-29.7256839999999976
11
110.2579939999999965
21
-29.6343159999999983
0
LINE
8
BLACK
6
CONTINUOUS
10
110.2579939999999965
20
-29.6343159999999983
11
110.2816419999999908
21
-29.5460609999999981
0
LINE
8
BLACK
6
CONTINUOUS
10
110.2816419999999908
20
-29.5460609999999981
11
110.3273259999999993
21
-29.4669329999999974
0
LINE
8
BLACK
6
CONTINUOUS
10
110.3273259999999993
20
-29.4669329999999974
11
110.3919329999999945
21
-29.4023259999999986
0
LINE
8
BLACK
6
CONTINUOUS
10
110.3919329999999945
20
-29.4023259999999986
11
110.4710609999999917
21
-29.3566419999999972
0
LINE
8
BLACK
6
CONTINUOUS
10
110.4710609999999917
20
-29.3566419999999972
11
110.5593159999999955
21
-29.3329939999999993
0
LINE
8
BLACK
6
CONTINUOUS
10
110.5593159999999955
20
-29.3329939999999993
11
110.6049999999999898
21
-29.3299999999999983
0
LINE
8
BLACK
6
CONTINUOUS
10
110.6049999999999898
20
-29.3299999999999983
11
111.164999999999992
21
-29.3299999999999983
0
LINE
8
BLACK
6
CONTINUOUS
10
111.164999999999992
20
-29.3299999999999983
11
111.2106840000000005
21
-29.3329939999999993
0
LINE
8
BLACK
6
CONTINUOUS
10
102.3382199999999926
20
-27.5233209999999993
11
102.394993999999997
21
-27.5612560000000002
0
LINE
8
BLACK
6
CONTINUOUS
10
102.394993999999997
20
-27.5612560000000002
11
102.4329290000000015
21
-27.6180299999999974
0
LINE
8
BLACK
6
CONTINUOUS
10
102.4329290000000015
20
-27.6180299999999974
11
102.446249999999992
21
-27.6849999999999987
0
LINE
8
BLACK
6
CONTINUOUS
10
102.446249999999992
20
-27.6849999999999987
11
102.446249999999992
21
-28.3149999999999977
0
LINE
8
BLACK
6
CONTINUOUS
10
102.446249999999992
20
-28.3149999999999977
11
102.4329290000000015
21
-28.381969999999999
0
LINE
8
BLACK
6
CONTINUOUS
10
102.4329290000000015
20
-28.381969999999999
11
102.394993999999997
21
-28.4387439999999998
0
LINE
8
BLACK
6
CONTINUOUS
10
102.394993999999997
20
-28.4387439999999998
11
102.3382199999999926
21
-28.4766789999999972
0
LINE
8
BLACK
6
CONTINUOUS
10
102.3382199999999926
20
-28.4766789999999972
11
102.2712499999999949
21
-28.4899999999999984
0
LINE
8
BLACK
6
CONTINUOUS
10
102.2712499999999949
20
-28.4899999999999984
11
101.9037500000000023
21
-28.4899999999999984
0
LINE
8
BLACK
6
CONTINUOUS
10
101.9037500000000023
20
-28.4899999999999984
11
101.8367799999999903
21
-28.4766789999999972
0
LINE
8
BLACK
6
CONTINUOUS
10
101.8367799999999903
20
-28.4766789999999972
11
101.7800060000000002
21
-28.4387439999999998
0
LINE
8
BLACK
6
CONTINUOUS
10
101.7800060000000002
20
-28.4387439999999998
11
101.7420709999999957
21
-28.381969999999999
0
LINE
8
BLACK
6
CONTINUOUS
10
101.7420709999999957
20
-28.381969999999999
11
101.7287499999999909
21
-28.3149999999999977
0
LINE
8
BLACK
6
CONTINUOUS
10
101.7287499999999909
20
-28.3149999999999977
11
101.7287499999999909
21
-27.6849999999999987
0
LINE
8
BLACK
6
CONTINUOUS
10
101.7287499999999909
20
-27.6849999999999987
11
101.7420709999999957
21
-27.6180299999999974
0
LINE
8
BLACK
6
CONTINUOUS
10
101.7420709999999957
20
-27.6180299999999974
11
101.7800060000000002
21
-27.5612560000000002
0
LINE
8
BLACK
6
CONTINUOUS
10
101.7800060000000002
20
-27.5612560000000002
11
101.8367799999999903
21
-27.5233209999999993
0
LINE
8
BLACK
6
CONTINUOUS
10
101.8367799999999903
20
-27.5233209999999993
11
101.9037500000000023
21
-27.509999999999998
0
LINE
8
BLACK
6
CONTINUOUS
10
101.9037500000000023
20
-27.509999999999998
11
102.2712499999999949
21
-27.509999999999998
0
LINE
8
BLACK
6
CONTINUOUS
10
102.2712499999999949
20
-27.509999999999998
11
102.3382199999999926
21
-27.5233209999999993
0
LINE
8
BLACK
6
CONTINUOUS
10
104.1632199999999955
20
-27.5233209999999993
11
104.2199939999999998
21
-27.5612560000000002
0
LINE
8
BLACK
6
CONTINUOUS
10
104.2199939999999998
20
-27.5612560000000002
11
104.2579289999999901
21
-27.6180299999999974
0
LINE
8
BLACK
6
CONTINUOUS
10
104.2579289999999901
20
-27.6180299999999974
11
104.2712499999999949
21
-27.6849999999999987
0
LINE
8
BLACK
6
CONTINUOUS
10
104.2712499999999949
20
-27.6849999999999987
11
104.2712499999999949
21
-28.3149999999999977
0
LINE
8
BLACK
6
CONTINUOUS
10
104.2712499999999949
20
-28.3149999999999977
11
104.2579289999999901
21
-28.381969999999999
0
LINE
8
BLACK
6
CONTINUOUS
10
104.2579289999999901
20
-28.381969999999999
11
104.2199939999999998
21
-28.4387439999999998
0
LINE
8
BLACK
6
CONTINUOUS
10
104.2199939999999998
20
-28.4387439999999998
11
104.1632199999999955
21
-28.4766789999999972
0
LINE
8
BLACK
6
CONTINUOUS
10
104.1632199999999955
20
-28.4766789999999972
11
104.0962499999999977
21
-28.4899999999999984
0
LINE
8
BLACK
6
CONTINUOUS
10
104.0962499999999977
20
-28.4899999999999984
11
103.7287499999999909
21
-28.4899999999999984
0
LINE
8
BLACK
6
CONTINUOUS
10
103.7287499999999909
20
-28.4899999999999984
11
103.6617799999999932
21
-28.4766789999999972
0
LINE
8
BLACK
6
CONTINUOUS
10
103.6617799999999932
20
-28.4766789999999972
11
103.6050059999999888
21
-28.4387439999999998
0
LINE
8
BLACK
6
CONTINUOUS
10
103.6050059999999888
20
-28.4387439999999998
11
103.5670709999999985
21
-28.381969999999999
0
LINE
8
BLACK
6
CONTINUOUS
10
103.5670709999999985
20
-28.381969999999999
11
103.5537499999999937
21
-28.3149999999999977
0
LINE
8
BLACK
6
CONTINUOUS
10
103.5537499999999937
20
-28.3149999999999977
11
103.5537499999999937
21
-27.6849999999999987
0
LINE
8
BLACK
6
CONTINUOUS
10
103.5537499999999937
20
-27.6849999999999987
11
103.5670709999999985
21
-27.6180299999999974
0
LINE
8
BLACK
6
CONTINUOUS
10
103.5670709999999985
20
-27.6180299999999974
11
103.6050059999999888
21
-27.5612560000000002
0
LINE
8
BLACK
6
CONTINUOUS
10
103.6050059999999888
20
-27.5612560000000002
11
103.6617799999999932
21
-27.5233209999999993
0
LINE
8
BLACK
6
CONTINUOUS
10
103.6617799999999932
20
-27.5233209999999993
11
103.7287499999999909
21
-27.509999999999998
0
LINE
8
BLACK
6
CONTINUOUS
10
103.7287499999999909
20
-27.509999999999998
11
104.0962499999999977
21
-27.509999999999998
0
LINE
8
BLACK
6
CONTINUOUS
10
104.0962499999999977
20
-27.509999999999998
11
104.1632199999999955
21
-27.5233209999999993
  0
ENDSEC
  0
EOF
